protocol_id,panel_id,dataset_id,assay_id,task_id,target_id,protein_id,family_id,model_id,protein_length,assayed_fraction,mutated_positions,msa_depth,msa_neff,alignment_coverage,sequence_identity_to_development,structure_similarity_to_development,domain_coverage,score_dispersion,score_tail_separation,missing_fraction,ensemble_agreement,ensemble_disagreement,taxon,assay_modality,model_family,model_modalities,exposure_status,structure_available,exact_sequence_unseen,mmseqs_family_unseen,pfam_clan_unseen,foldseek_structure_family_unseen
variantshift-external-development-pilot-v1,mavedb-complement-v1,mavedb-complement-v1,urn:mavedb:00001200-a-1,mavedb-complement-v1::urn:mavedb:00001200-a-1,mavedb-32f5d032de97ea22,F9,multi:f3533a9eb96e,carp_640m,461,,,,,,0.0,0.3021,0.7310195227765727,4.222135920252364,1.1937380437298721,0.0,0.8676578103993751,0.13234218960062494,human,multiplexed variant effect,convolutional-protein-language-model,sequence,clean,yes,True,True,False,True
variantshift-external-development-pilot-v1,mavedb-complement-v1,mavedb-complement-v1,urn:mavedb:00001200-a-1,mavedb-complement-v1::urn:mavedb:00001200-a-1,mavedb-32f5d032de97ea22,F9,multi:f3533a9eb96e,esm2_150m,461,,,,,,0.0,0.3021,0.7310195227765727,3.6845157753508624,0.8584838485860391,0.0,0.920176977561304,0.07982302243869599,human,multiplexed variant effect,masked-protein-language-model,sequence,clean,yes,True,True,False,True
variantshift-external-development-pilot-v1,mavedb-complement-v1,mavedb-complement-v1,urn:mavedb:00001200-a-1,mavedb-complement-v1::urn:mavedb:00001200-a-1,mavedb-32f5d032de97ea22,F9,multi:f3533a9eb96e,esm2_35m,461,,,,,,0.0,0.3021,0.7310195227765727,3.2502148935786273,0.8848840816176936,0.0,0.8939511260560278,0.10604887394397222,human,multiplexed variant effect,masked-protein-language-model,sequence,clean,yes,True,True,False,True
variantshift-external-development-pilot-v1,mavedb-complement-v1,mavedb-complement-v1,urn:mavedb:00001200-a-1,mavedb-complement-v1::urn:mavedb:00001200-a-1,mavedb-32f5d032de97ea22,F9,multi:f3533a9eb96e,esm2_650m,461,,,,,,0.0,0.3021,0.7310195227765727,4.0914166993034975,1.0357330309117847,0.0,0.9139963228109729,0.08600367718902713,human,multiplexed variant effect,masked-protein-language-model,sequence,clean,yes,True,True,False,True
variantshift-external-development-pilot-v1,mavedb-complement-v1,mavedb-complement-v1,urn:mavedb:00001200-a-1,mavedb-complement-v1::urn:mavedb:00001200-a-1,mavedb-32f5d032de97ea22,F9,multi:f3533a9eb96e,esm2_8m,461,,,,,,0.0,0.3021,0.7310195227765727,2.7398257289455943,0.8354000486216414,0.0,0.8706379576133194,0.1293620423866806,human,multiplexed variant effect,masked-protein-language-model,sequence,clean,yes,True,True,False,True
variantshift-external-development-pilot-v1,mavedb-complement-v1,mavedb-complement-v1,urn:mavedb:00001200-a-1,mavedb-complement-v1::urn:mavedb:00001200-a-1,mavedb-32f5d032de97ea22,F9,multi:f3533a9eb96e,vespag,461,,,,,,0.0,0.3021,0.7310195227765727,1.6866477334607832,0.9923531699274148,0.0,0.848406169551635,0.15159383044836505,human,multiplexed variant effect,distilled-evolutionary-variant-effect-model,sequence,known,yes,True,True,False,True
variantshift-external-development-pilot-v1,mavedb-complement-v1,mavedb-complement-v1,urn:mavedb:00001200-b-1,mavedb-complement-v1::urn:mavedb:00001200-b-1,mavedb-32f5d032de97ea22,F9,multi:f3533a9eb96e,carp_640m,461,,,,,,0.0,0.3021,0.7310195227765727,4.222135920252364,1.1937380437298721,0.0,0.8676578103993751,0.13234218960062494,human,multiplexed variant effect,convolutional-protein-language-model,sequence,clean,yes,True,True,False,True
variantshift-external-development-pilot-v1,mavedb-complement-v1,mavedb-complement-v1,urn:mavedb:00001200-b-1,mavedb-complement-v1::urn:mavedb:00001200-b-1,mavedb-32f5d032de97ea22,F9,multi:f3533a9eb96e,esm2_150m,461,,,,,,0.0,0.3021,0.7310195227765727,3.6845157753508624,0.8584838485860391,0.0,0.920176977561304,0.07982302243869599,human,multiplexed variant effect,masked-protein-language-model,sequence,clean,yes,True,True,False,True
variantshift-external-development-pilot-v1,mavedb-complement-v1,mavedb-complement-v1,urn:mavedb:00001200-b-1,mavedb-complement-v1::urn:mavedb:00001200-b-1,mavedb-32f5d032de97ea22,F9,multi:f3533a9eb96e,esm2_35m,461,,,,,,0.0,0.3021,0.7310195227765727,3.2502148935786273,0.8848840816176936,0.0,0.8939511260560278,0.10604887394397222,human,multiplexed variant effect,masked-protein-language-model,sequence,clean,yes,True,True,False,True
variantshift-external-development-pilot-v1,mavedb-complement-v1,mavedb-complement-v1,urn:mavedb:00001200-b-1,mavedb-complement-v1::urn:mavedb:00001200-b-1,mavedb-32f5d032de97ea22,F9,multi:f3533a9eb96e,esm2_650m,461,,,,,,0.0,0.3021,0.7310195227765727,4.0914166993034975,1.0357330309117847,0.0,0.9139963228109729,0.08600367718902713,human,multiplexed variant effect,masked-protein-language-model,sequence,clean,yes,True,True,False,True
variantshift-external-development-pilot-v1,mavedb-complement-v1,mavedb-complement-v1,urn:mavedb:00001200-b-1,mavedb-complement-v1::urn:mavedb:00001200-b-1,mavedb-32f5d032de97ea22,F9,multi:f3533a9eb96e,esm2_8m,461,,,,,,0.0,0.3021,0.7310195227765727,2.7398257289455943,0.8354000486216414,0.0,0.8706379576133194,0.1293620423866806,human,multiplexed variant effect,masked-protein-language-model,sequence,clean,yes,True,True,False,True
variantshift-external-development-pilot-v1,mavedb-complement-v1,mavedb-complement-v1,urn:mavedb:00001200-b-1,mavedb-complement-v1::urn:mavedb:00001200-b-1,mavedb-32f5d032de97ea22,F9,multi:f3533a9eb96e,vespag,461,,,,,,0.0,0.3021,0.7310195227765727,1.6866477334607832,0.9923531699274148,0.0,0.848406169551635,0.15159383044836505,human,multiplexed variant effect,distilled-evolutionary-variant-effect-model,sequence,known,yes,True,True,False,True
variantshift-external-development-pilot-v1,mavedb-complement-v1,mavedb-complement-v1,urn:mavedb:00001200-c-1,mavedb-complement-v1::urn:mavedb:00001200-c-1,mavedb-32f5d032de97ea22,F9,multi:f3533a9eb96e,carp_640m,461,,,,,,0.0,0.3021,0.7310195227765727,4.222135920252364,1.1937380437298721,0.0,0.8676578103993751,0.13234218960062494,human,multiplexed variant effect,convolutional-protein-language-model,sequence,clean,yes,True,True,False,True
variantshift-external-development-pilot-v1,mavedb-complement-v1,mavedb-complement-v1,urn:mavedb:00001200-c-1,mavedb-complement-v1::urn:mavedb:00001200-c-1,mavedb-32f5d032de97ea22,F9,multi:f3533a9eb96e,esm2_150m,461,,,,,,0.0,0.3021,0.7310195227765727,3.6845157753508624,0.8584838485860391,0.0,0.920176977561304,0.07982302243869599,human,multiplexed variant effect,masked-protein-language-model,sequence,clean,yes,True,True,False,True
variantshift-external-development-pilot-v1,mavedb-complement-v1,mavedb-complement-v1,urn:mavedb:00001200-c-1,mavedb-complement-v1::urn:mavedb:00001200-c-1,mavedb-32f5d032de97ea22,F9,multi:f3533a9eb96e,esm2_35m,461,,,,,,0.0,0.3021,0.7310195227765727,3.2502148935786273,0.8848840816176936,0.0,0.8939511260560278,0.10604887394397222,human,multiplexed variant effect,masked-protein-language-model,sequence,clean,yes,True,True,False,True
variantshift-external-development-pilot-v1,mavedb-complement-v1,mavedb-complement-v1,urn:mavedb:00001200-c-1,mavedb-complement-v1::urn:mavedb:00001200-c-1,mavedb-32f5d032de97ea22,F9,multi:f3533a9eb96e,esm2_650m,461,,,,,,0.0,0.3021,0.7310195227765727,4.0914166993034975,1.0357330309117847,0.0,0.9139963228109729,0.08600367718902713,human,multiplexed variant effect,masked-protein-language-model,sequence,clean,yes,True,True,False,True
variantshift-external-development-pilot-v1,mavedb-complement-v1,mavedb-complement-v1,urn:mavedb:00001200-c-1,mavedb-complement-v1::urn:mavedb:00001200-c-1,mavedb-32f5d032de97ea22,F9,multi:f3533a9eb96e,esm2_8m,461,,,,,,0.0,0.3021,0.7310195227765727,2.7398257289455943,0.8354000486216414,0.0,0.8706379576133194,0.1293620423866806,human,multiplexed variant effect,masked-protein-language-model,sequence,clean,yes,True,True,False,True
variantshift-external-development-pilot-v1,mavedb-complement-v1,mavedb-complement-v1,urn:mavedb:00001200-c-1,mavedb-complement-v1::urn:mavedb:00001200-c-1,mavedb-32f5d032de97ea22,F9,multi:f3533a9eb96e,vespag,461,,,,,,0.0,0.3021,0.7310195227765727,1.6866477334607832,0.9923531699274148,0.0,0.848406169551635,0.15159383044836505,human,multiplexed variant effect,distilled-evolutionary-variant-effect-model,sequence,known,yes,True,True,False,True
variantshift-external-development-pilot-v1,mavedb-complement-v1,mavedb-complement-v1,urn:mavedb:00001200-d-1,mavedb-complement-v1::urn:mavedb:00001200-d-1,mavedb-32f5d032de97ea22,F9,multi:f3533a9eb96e,carp_640m,461,,,,,,0.0,0.3021,0.7310195227765727,4.222135920252364,1.1937380437298721,0.0,0.8676578103993751,0.13234218960062494,human,multiplexed variant effect,convolutional-protein-language-model,sequence,clean,yes,True,True,False,True
variantshift-external-development-pilot-v1,mavedb-complement-v1,mavedb-complement-v1,urn:mavedb:00001200-d-1,mavedb-complement-v1::urn:mavedb:00001200-d-1,mavedb-32f5d032de97ea22,F9,multi:f3533a9eb96e,esm2_150m,461,,,,,,0.0,0.3021,0.7310195227765727,3.6845157753508624,0.8584838485860391,0.0,0.920176977561304,0.07982302243869599,human,multiplexed variant effect,masked-protein-language-model,sequence,clean,yes,True,True,False,True
variantshift-external-development-pilot-v1,mavedb-complement-v1,mavedb-complement-v1,urn:mavedb:00001200-d-1,mavedb-complement-v1::urn:mavedb:00001200-d-1,mavedb-32f5d032de97ea22,F9,multi:f3533a9eb96e,esm2_35m,461,,,,,,0.0,0.3021,0.7310195227765727,3.2502148935786273,0.8848840816176936,0.0,0.8939511260560278,0.10604887394397222,human,multiplexed variant effect,masked-protein-language-model,sequence,clean,yes,True,True,False,True
variantshift-external-development-pilot-v1,mavedb-complement-v1,mavedb-complement-v1,urn:mavedb:00001200-d-1,mavedb-complement-v1::urn:mavedb:00001200-d-1,mavedb-32f5d032de97ea22,F9,multi:f3533a9eb96e,esm2_650m,461,,,,,,0.0,0.3021,0.7310195227765727,4.0914166993034975,1.0357330309117847,0.0,0.9139963228109729,0.08600367718902713,human,multiplexed variant effect,masked-protein-language-model,sequence,clean,yes,True,True,False,True
variantshift-external-development-pilot-v1,mavedb-complement-v1,mavedb-complement-v1,urn:mavedb:00001200-d-1,mavedb-complement-v1::urn:mavedb:00001200-d-1,mavedb-32f5d032de97ea22,F9,multi:f3533a9eb96e,esm2_8m,461,,,,,,0.0,0.3021,0.7310195227765727,2.7398257289455943,0.8354000486216414,0.0,0.8706379576133194,0.1293620423866806,human,multiplexed variant effect,masked-protein-language-model,sequence,clean,yes,True,True,False,True
variantshift-external-development-pilot-v1,mavedb-complement-v1,mavedb-complement-v1,urn:mavedb:00001200-d-1,mavedb-complement-v1::urn:mavedb:00001200-d-1,mavedb-32f5d032de97ea22,F9,multi:f3533a9eb96e,vespag,461,,,,,,0.0,0.3021,0.7310195227765727,1.6866477334607832,0.9923531699274148,0.0,0.848406169551635,0.15159383044836505,human,multiplexed variant effect,distilled-evolutionary-variant-effect-model,sequence,known,yes,True,True,False,True
variantshift-external-development-pilot-v1,mavedb-complement-v1,mavedb-complement-v1,urn:mavedb:00001200-e-1,mavedb-complement-v1::urn:mavedb:00001200-e-1,mavedb-32f5d032de97ea22,F9,multi:f3533a9eb96e,carp_640m,461,,,,,,0.0,0.3021,0.7310195227765727,4.222135920252364,1.1937380437298721,0.0,0.8676578103993751,0.13234218960062494,human,multiplexed variant effect,convolutional-protein-language-model,sequence,clean,yes,True,True,False,True
variantshift-external-development-pilot-v1,mavedb-complement-v1,mavedb-complement-v1,urn:mavedb:00001200-e-1,mavedb-complement-v1::urn:mavedb:00001200-e-1,mavedb-32f5d032de97ea22,F9,multi:f3533a9eb96e,esm2_150m,461,,,,,,0.0,0.3021,0.7310195227765727,3.6845157753508624,0.8584838485860391,0.0,0.920176977561304,0.07982302243869599,human,multiplexed variant effect,masked-protein-language-model,sequence,clean,yes,True,True,False,True
variantshift-external-development-pilot-v1,mavedb-complement-v1,mavedb-complement-v1,urn:mavedb:00001200-e-1,mavedb-complement-v1::urn:mavedb:00001200-e-1,mavedb-32f5d032de97ea22,F9,multi:f3533a9eb96e,esm2_35m,461,,,,,,0.0,0.3021,0.7310195227765727,3.2502148935786273,0.8848840816176936,0.0,0.8939511260560278,0.10604887394397222,human,multiplexed variant effect,masked-protein-language-model,sequence,clean,yes,True,True,False,True
variantshift-external-development-pilot-v1,mavedb-complement-v1,mavedb-complement-v1,urn:mavedb:00001200-e-1,mavedb-complement-v1::urn:mavedb:00001200-e-1,mavedb-32f5d032de97ea22,F9,multi:f3533a9eb96e,esm2_650m,461,,,,,,0.0,0.3021,0.7310195227765727,4.0914166993034975,1.0357330309117847,0.0,0.9139963228109729,0.08600367718902713,human,multiplexed variant effect,masked-protein-language-model,sequence,clean,yes,True,True,False,True
variantshift-external-development-pilot-v1,mavedb-complement-v1,mavedb-complement-v1,urn:mavedb:00001200-e-1,mavedb-complement-v1::urn:mavedb:00001200-e-1,mavedb-32f5d032de97ea22,F9,multi:f3533a9eb96e,esm2_8m,461,,,,,,0.0,0.3021,0.7310195227765727,2.7398257289455943,0.8354000486216414,0.0,0.8706379576133194,0.1293620423866806,human,multiplexed variant effect,masked-protein-language-model,sequence,clean,yes,True,True,False,True
variantshift-external-development-pilot-v1,mavedb-complement-v1,mavedb-complement-v1,urn:mavedb:00001200-e-1,mavedb-complement-v1::urn:mavedb:00001200-e-1,mavedb-32f5d032de97ea22,F9,multi:f3533a9eb96e,vespag,461,,,,,,0.0,0.3021,0.7310195227765727,1.6866477334607832,0.9923531699274148,0.0,0.848406169551635,0.15159383044836505,human,multiplexed variant effect,distilled-evolutionary-variant-effect-model,sequence,known,yes,True,True,False,True
variantshift-external-development-pilot-v1,mavedb-complement-v1,mavedb-complement-v1,urn:mavedb:00000659-a-1,mavedb-complement-v1::urn:mavedb:00000659-a-1,mavedb-93100c3b9be6e587,SGCB,pfam:PF04790,carp_640m,318,,,,,,0.0,0.215,0.7830188679245284,3.46080083589135,1.3689104737604056,0.0,0.7852730300355386,0.2147269699644614,human,multiplexed variant effect,convolutional-protein-language-model,sequence,clean,yes,True,True,,True
variantshift-external-development-pilot-v1,mavedb-complement-v1,mavedb-complement-v1,urn:mavedb:00000659-a-1,mavedb-complement-v1::urn:mavedb:00000659-a-1,mavedb-93100c3b9be6e587,SGCB,pfam:PF04790,esm2_150m,318,,,,,,0.0,0.215,0.7830188679245284,2.2299664876590963,1.1050598815401493,0.0,0.7967400683664561,0.20325993163354394,human,multiplexed variant effect,masked-protein-language-model,sequence,clean,yes,True,True,,True
variantshift-external-development-pilot-v1,mavedb-complement-v1,mavedb-complement-v1,urn:mavedb:00000659-a-1,mavedb-complement-v1::urn:mavedb:00000659-a-1,mavedb-93100c3b9be6e587,SGCB,pfam:PF04790,esm2_35m,318,,,,,,0.0,0.215,0.7830188679245284,1.5774561356189756,1.2780339130261458,0.0,0.6988095899567524,0.30119041004324765,human,multiplexed variant effect,masked-protein-language-model,sequence,clean,yes,True,True,,True
variantshift-external-development-pilot-v1,mavedb-complement-v1,mavedb-complement-v1,urn:mavedb:00000659-a-1,mavedb-complement-v1::urn:mavedb:00000659-a-1,mavedb-93100c3b9be6e587,SGCB,pfam:PF04790,esm2_650m,318,,,,,,0.0,0.215,0.7830188679245284,3.5198477688019176,2.29119494634202,0.0,0.6693564041491897,0.33064359585081027,human,multiplexed variant effect,masked-protein-language-model,sequence,clean,yes,True,True,,True
variantshift-external-development-pilot-v1,mavedb-complement-v1,mavedb-complement-v1,urn:mavedb:00000659-a-1,mavedb-complement-v1::urn:mavedb:00000659-a-1,mavedb-93100c3b9be6e587,SGCB,pfam:PF04790,esm2_8m,318,,,,,,0.0,0.215,0.7830188679245284,1.3273684325772226,1.3353612324019641,0.0,0.6909401791738685,0.3090598208261315,human,multiplexed variant effect,masked-protein-language-model,sequence,clean,yes,True,True,,True
variantshift-external-development-pilot-v1,mavedb-complement-v1,mavedb-complement-v1,urn:mavedb:00000659-a-1,mavedb-complement-v1::urn:mavedb:00000659-a-1,mavedb-93100c3b9be6e587,SGCB,pfam:PF04790,vespag,318,,,,,,0.0,0.215,0.7830188679245284,1.290779216653082,1.5713778647724654,0.0,0.736316908327055,0.263683091672945,human,multiplexed variant effect,distilled-evolutionary-variant-effect-model,sequence,known,yes,True,True,,True
variantshift-external-development-pilot-v1,mavedb-complement-v1,mavedb-complement-v1,urn:mavedb:00001235-a-1,mavedb-complement-v1::urn:mavedb:00001235-a-1,mavedb-a5cec053cd1989b7,TP53,confirmation-family-a338d5377fcc,carp_640m,393,,,,,,1.0,,,4.267784136258008,1.1043011867394132,0.0,0.8397325001202005,0.1602674998797995,human,multiplexed variant effect,convolutional-protein-language-model,sequence,possible,no,False,False,,
variantshift-external-development-pilot-v1,mavedb-complement-v1,mavedb-complement-v1,urn:mavedb:00001235-a-1,mavedb-complement-v1::urn:mavedb:00001235-a-1,mavedb-a5cec053cd1989b7,TP53,confirmation-family-a338d5377fcc,esm2_150m,393,,,,,,1.0,,,2.691878596759116,1.0784125554816428,0.0,0.7655863024106168,0.23441369758938324,human,multiplexed variant effect,masked-protein-language-model,sequence,possible,no,False,False,,
variantshift-external-development-pilot-v1,mavedb-complement-v1,mavedb-complement-v1,urn:mavedb:00001235-a-1,mavedb-complement-v1::urn:mavedb:00001235-a-1,mavedb-a5cec053cd1989b7,TP53,confirmation-family-a338d5377fcc,esm2_35m,393,,,,,,1.0,,,1.4743162199894926,1.2972846936007945,0.0,0.6618590832111879,0.3381409167888121,human,multiplexed variant effect,masked-protein-language-model,sequence,possible,no,False,False,,
variantshift-external-development-pilot-v1,mavedb-complement-v1,mavedb-complement-v1,urn:mavedb:00001235-a-1,mavedb-complement-v1::urn:mavedb:00001235-a-1,mavedb-a5cec053cd1989b7,TP53,confirmation-family-a338d5377fcc,esm2_650m,393,,,,,,1.0,,,3.3093329083998078,1.0478250038320978,0.0,0.8442465007716204,0.15575349922837955,human,multiplexed variant effect,masked-protein-language-model,sequence,possible,no,False,False,,
variantshift-external-development-pilot-v1,mavedb-complement-v1,mavedb-complement-v1,urn:mavedb:00001235-a-1,mavedb-complement-v1::urn:mavedb:00001235-a-1,mavedb-a5cec053cd1989b7,TP53,confirmation-family-a338d5377fcc,esm2_8m,393,,,,,,1.0,,,1.2800896737050924,1.355527672616787,0.0,0.6404229335405167,0.3595770664594833,human,multiplexed variant effect,masked-protein-language-model,sequence,possible,no,False,False,,
variantshift-external-development-pilot-v1,mavedb-complement-v1,mavedb-complement-v1,urn:mavedb:00001235-a-1,mavedb-complement-v1::urn:mavedb:00001235-a-1,mavedb-a5cec053cd1989b7,TP53,confirmation-family-a338d5377fcc,vespag,393,,,,,,1.0,,,1.5751970115614804,1.0880576339512857,0.0,0.7655863024106168,0.23441369758938324,human,multiplexed variant effect,distilled-evolutionary-variant-effect-model,sequence,known,no,False,False,,
variantshift-external-development-pilot-v1,mavedb-complement-v1,mavedb-complement-v1,urn:mavedb:00000665-a-1,mavedb-complement-v1::urn:mavedb:00000665-a-1,mavedb-aebeb991234cd8a3,PAX6,clan:CL0123,carp_640m,422,,,,,,0.0,0.2101,0.42890995260663506,6.322706412772463,1.5315315994879761,0.0,0.7733035417291889,0.22669645827081109,human,multiplexed variant effect,convolutional-protein-language-model,sequence,clean,yes,True,True,False,True
variantshift-external-development-pilot-v1,mavedb-complement-v1,mavedb-complement-v1,urn:mavedb:00000665-a-1,mavedb-complement-v1::urn:mavedb:00000665-a-1,mavedb-aebeb991234cd8a3,PAX6,clan:CL0123,esm2_150m,422,,,,,,0.0,0.2101,0.42890995260663506,2.5192697239576254,1.031456820276011,0.0,0.9117842156664584,0.0882157843335416,human,multiplexed variant effect,masked-protein-language-model,sequence,clean,yes,True,True,False,True
variantshift-external-development-pilot-v1,mavedb-complement-v1,mavedb-complement-v1,urn:mavedb:00000665-a-1,mavedb-complement-v1::urn:mavedb:00000665-a-1,mavedb-aebeb991234cd8a3,PAX6,clan:CL0123,esm2_35m,422,,,,,,0.0,0.2101,0.42890995260663506,2.3237525376456616,1.1251169228325548,0.0,0.8909331063610393,0.10906689363896072,human,multiplexed variant effect,masked-protein-language-model,sequence,clean,yes,True,True,False,True
variantshift-external-development-pilot-v1,mavedb-complement-v1,mavedb-complement-v1,urn:mavedb:00000665-a-1,mavedb-complement-v1::urn:mavedb:00000665-a-1,mavedb-aebeb991234cd8a3,PAX6,clan:CL0123,esm2_650m,422,,,,,,0.0,0.2101,0.42890995260663506,3.504675077684772,0.8698283186002648,0.0,0.8799342467293296,0.12006575327067037,human,multiplexed variant effect,masked-protein-language-model,sequence,clean,yes,True,True,False,True
variantshift-external-development-pilot-v1,mavedb-complement-v1,mavedb-complement-v1,urn:mavedb:00000665-a-1,mavedb-complement-v1::urn:mavedb:00000665-a-1,mavedb-aebeb991234cd8a3,PAX6,clan:CL0123,esm2_8m,422,,,,,,0.0,0.2101,0.42890995260663506,1.7382053289883101,1.2965305329316748,0.0,0.8266285205188688,0.17337147948113119,human,multiplexed variant effect,masked-protein-language-model,sequence,clean,yes,True,True,False,True
variantshift-external-development-pilot-v1,mavedb-complement-v1,mavedb-complement-v1,urn:mavedb:00000665-a-1,mavedb-complement-v1::urn:mavedb:00000665-a-1,mavedb-aebeb991234cd8a3,PAX6,clan:CL0123,vespag,422,,,,,,0.0,0.2101,0.42890995260663506,1.4531762710926057,1.1409042069483586,0.0,0.8214568557416323,0.1785431442583677,human,multiplexed variant effect,distilled-evolutionary-variant-effect-model,sequence,known,yes,True,True,False,True
variantshift-external-development-pilot-v1,mavedb-complement-v1,mavedb-complement-v1,urn:mavedb:00000665-b-1,mavedb-complement-v1::urn:mavedb:00000665-b-1,mavedb-aebeb991234cd8a3,PAX6,clan:CL0123,carp_640m,422,,,,,,0.0,0.2101,0.42890995260663506,6.322706412772463,1.5315315994879761,0.0,0.7733035417291889,0.22669645827081109,human,multiplexed variant effect,convolutional-protein-language-model,sequence,clean,yes,True,True,False,True
variantshift-external-development-pilot-v1,mavedb-complement-v1,mavedb-complement-v1,urn:mavedb:00000665-b-1,mavedb-complement-v1::urn:mavedb:00000665-b-1,mavedb-aebeb991234cd8a3,PAX6,clan:CL0123,esm2_150m,422,,,,,,0.0,0.2101,0.42890995260663506,2.5192697239576254,1.031456820276011,0.0,0.9117842156664584,0.0882157843335416,human,multiplexed variant effect,masked-protein-language-model,sequence,clean,yes,True,True,False,True
variantshift-external-development-pilot-v1,mavedb-complement-v1,mavedb-complement-v1,urn:mavedb:00000665-b-1,mavedb-complement-v1::urn:mavedb:00000665-b-1,mavedb-aebeb991234cd8a3,PAX6,clan:CL0123,esm2_35m,422,,,,,,0.0,0.2101,0.42890995260663506,2.3237525376456616,1.1251169228325548,0.0,0.8909331063610393,0.10906689363896072,human,multiplexed variant effect,masked-protein-language-model,sequence,clean,yes,True,True,False,True
variantshift-external-development-pilot-v1,mavedb-complement-v1,mavedb-complement-v1,urn:mavedb:00000665-b-1,mavedb-complement-v1::urn:mavedb:00000665-b-1,mavedb-aebeb991234cd8a3,PAX6,clan:CL0123,esm2_650m,422,,,,,,0.0,0.2101,0.42890995260663506,3.504675077684772,0.8698283186002648,0.0,0.8799342467293296,0.12006575327067037,human,multiplexed variant effect,masked-protein-language-model,sequence,clean,yes,True,True,False,True
variantshift-external-development-pilot-v1,mavedb-complement-v1,mavedb-complement-v1,urn:mavedb:00000665-b-1,mavedb-complement-v1::urn:mavedb:00000665-b-1,mavedb-aebeb991234cd8a3,PAX6,clan:CL0123,esm2_8m,422,,,,,,0.0,0.2101,0.42890995260663506,1.7382053289883101,1.2965305329316748,0.0,0.8266285205188688,0.17337147948113119,human,multiplexed variant effect,masked-protein-language-model,sequence,clean,yes,True,True,False,True
variantshift-external-development-pilot-v1,mavedb-complement-v1,mavedb-complement-v1,urn:mavedb:00000665-b-1,mavedb-complement-v1::urn:mavedb:00000665-b-1,mavedb-aebeb991234cd8a3,PAX6,clan:CL0123,vespag,422,,,,,,0.0,0.2101,0.42890995260663506,1.4531762710926057,1.1409042069483586,0.0,0.8214568557416323,0.1785431442583677,human,multiplexed variant effect,distilled-evolutionary-variant-effect-model,sequence,known,yes,True,True,False,True
variantshift-external-development-pilot-v1,mavedb-complement-v1,mavedb-complement-v1,urn:mavedb:00000665-c-1,mavedb-complement-v1::urn:mavedb:00000665-c-1,mavedb-aebeb991234cd8a3,PAX6,clan:CL0123,carp_640m,422,,,,,,0.0,0.2101,0.42890995260663506,6.322706412772463,1.5315315994879761,0.0,0.7733035417291889,0.22669645827081109,human,multiplexed variant effect,convolutional-protein-language-model,sequence,clean,yes,True,True,False,True
variantshift-external-development-pilot-v1,mavedb-complement-v1,mavedb-complement-v1,urn:mavedb:00000665-c-1,mavedb-complement-v1::urn:mavedb:00000665-c-1,mavedb-aebeb991234cd8a3,PAX6,clan:CL0123,esm2_150m,422,,,,,,0.0,0.2101,0.42890995260663506,2.5192697239576254,1.031456820276011,0.0,0.9117842156664584,0.0882157843335416,human,multiplexed variant effect,masked-protein-language-model,sequence,clean,yes,True,True,False,True
variantshift-external-development-pilot-v1,mavedb-complement-v1,mavedb-complement-v1,urn:mavedb:00000665-c-1,mavedb-complement-v1::urn:mavedb:00000665-c-1,mavedb-aebeb991234cd8a3,PAX6,clan:CL0123,esm2_35m,422,,,,,,0.0,0.2101,0.42890995260663506,2.3237525376456616,1.1251169228325548,0.0,0.8909331063610393,0.10906689363896072,human,multiplexed variant effect,masked-protein-language-model,sequence,clean,yes,True,True,False,True
variantshift-external-development-pilot-v1,mavedb-complement-v1,mavedb-complement-v1,urn:mavedb:00000665-c-1,mavedb-complement-v1::urn:mavedb:00000665-c-1,mavedb-aebeb991234cd8a3,PAX6,clan:CL0123,esm2_650m,422,,,,,,0.0,0.2101,0.42890995260663506,3.504675077684772,0.8698283186002648,0.0,0.8799342467293296,0.12006575327067037,human,multiplexed variant effect,masked-protein-language-model,sequence,clean,yes,True,True,False,True
variantshift-external-development-pilot-v1,mavedb-complement-v1,mavedb-complement-v1,urn:mavedb:00000665-c-1,mavedb-complement-v1::urn:mavedb:00000665-c-1,mavedb-aebeb991234cd8a3,PAX6,clan:CL0123,esm2_8m,422,,,,,,0.0,0.2101,0.42890995260663506,1.7382053289883101,1.2965305329316748,0.0,0.8266285205188688,0.17337147948113119,human,multiplexed variant effect,masked-protein-language-model,sequence,clean,yes,True,True,False,True
variantshift-external-development-pilot-v1,mavedb-complement-v1,mavedb-complement-v1,urn:mavedb:00000665-c-1,mavedb-complement-v1::urn:mavedb:00000665-c-1,mavedb-aebeb991234cd8a3,PAX6,clan:CL0123,vespag,422,,,,,,0.0,0.2101,0.42890995260663506,1.4531762710926057,1.1409042069483586,0.0,0.8214568557416323,0.1785431442583677,human,multiplexed variant effect,distilled-evolutionary-variant-effect-model,sequence,known,yes,True,True,False,True
variantshift-external-development-pilot-v1,mavedb-complement-v1,mavedb-complement-v1,urn:mavedb:00000665-d-1,mavedb-complement-v1::urn:mavedb:00000665-d-1,mavedb-aebeb991234cd8a3,PAX6,clan:CL0123,carp_640m,422,,,,,,0.0,0.2101,0.42890995260663506,6.322706412772463,1.5315315994879761,0.0,0.7733035417291889,0.22669645827081109,human,multiplexed variant effect,convolutional-protein-language-model,sequence,clean,yes,True,True,False,True
variantshift-external-development-pilot-v1,mavedb-complement-v1,mavedb-complement-v1,urn:mavedb:00000665-d-1,mavedb-complement-v1::urn:mavedb:00000665-d-1,mavedb-aebeb991234cd8a3,PAX6,clan:CL0123,esm2_150m,422,,,,,,0.0,0.2101,0.42890995260663506,2.5192697239576254,1.031456820276011,0.0,0.9117842156664584,0.0882157843335416,human,multiplexed variant effect,masked-protein-language-model,sequence,clean,yes,True,True,False,True
variantshift-external-development-pilot-v1,mavedb-complement-v1,mavedb-complement-v1,urn:mavedb:00000665-d-1,mavedb-complement-v1::urn:mavedb:00000665-d-1,mavedb-aebeb991234cd8a3,PAX6,clan:CL0123,esm2_35m,422,,,,,,0.0,0.2101,0.42890995260663506,2.3237525376456616,1.1251169228325548,0.0,0.8909331063610393,0.10906689363896072,human,multiplexed variant effect,masked-protein-language-model,sequence,clean,yes,True,True,False,True
variantshift-external-development-pilot-v1,mavedb-complement-v1,mavedb-complement-v1,urn:mavedb:00000665-d-1,mavedb-complement-v1::urn:mavedb:00000665-d-1,mavedb-aebeb991234cd8a3,PAX6,clan:CL0123,esm2_650m,422,,,,,,0.0,0.2101,0.42890995260663506,3.504675077684772,0.8698283186002648,0.0,0.8799342467293296,0.12006575327067037,human,multiplexed variant effect,masked-protein-language-model,sequence,clean,yes,True,True,False,True
variantshift-external-development-pilot-v1,mavedb-complement-v1,mavedb-complement-v1,urn:mavedb:00000665-d-1,mavedb-complement-v1::urn:mavedb:00000665-d-1,mavedb-aebeb991234cd8a3,PAX6,clan:CL0123,esm2_8m,422,,,,,,0.0,0.2101,0.42890995260663506,1.7382053289883101,1.2965305329316748,0.0,0.8266285205188688,0.17337147948113119,human,multiplexed variant effect,masked-protein-language-model,sequence,clean,yes,True,True,False,True
variantshift-external-development-pilot-v1,mavedb-complement-v1,mavedb-complement-v1,urn:mavedb:00000665-d-1,mavedb-complement-v1::urn:mavedb:00000665-d-1,mavedb-aebeb991234cd8a3,PAX6,clan:CL0123,vespag,422,,,,,,0.0,0.2101,0.42890995260663506,1.4531762710926057,1.1409042069483586,0.0,0.8214568557416323,0.1785431442583677,human,multiplexed variant effect,distilled-evolutionary-variant-effect-model,sequence,known,yes,True,True,False,True
variantshift-external-development-pilot-v1,mavedb-complement-v1,mavedb-complement-v1,urn:mavedb:00000094-a-2,mavedb-complement-v1::urn:mavedb:00000094-a-2,mavedb-c6dd0092b775896c,KCNQ4,multi:ccc96e2bc405,carp_640m,695,,,,,,0.0,0.2268,0.5942446043165468,5.370918092496018,1.3052309050277893,0.0,0.7524832648231907,0.24751673517680928,human,multiplexed variant effect,convolutional-protein-language-model,sequence,clean,yes,True,True,False,True
variantshift-external-development-pilot-v1,mavedb-complement-v1,mavedb-complement-v1,urn:mavedb:00000094-a-2,mavedb-complement-v1::urn:mavedb:00000094-a-2,mavedb-c6dd0092b775896c,KCNQ4,multi:ccc96e2bc405,esm2_150m,695,,,,,,0.0,0.2268,0.5942446043165468,2.632110885722594,1.0119454877960539,0.0,0.8778837533362861,0.1221162466637139,human,multiplexed variant effect,masked-protein-language-model,sequence,clean,yes,True,True,False,True
variantshift-external-development-pilot-v1,mavedb-complement-v1,mavedb-complement-v1,urn:mavedb:00000094-a-2,mavedb-complement-v1::urn:mavedb:00000094-a-2,mavedb-c6dd0092b775896c,KCNQ4,multi:ccc96e2bc405,esm2_35m,695,,,,,,0.0,0.2268,0.5942446043165468,2.3318460337329063,1.0795539030404475,0.0,0.8344860269533674,0.16551397304663262,human,multiplexed variant effect,masked-protein-language-model,sequence,clean,yes,True,True,False,True
variantshift-external-development-pilot-v1,mavedb-complement-v1,mavedb-complement-v1,urn:mavedb:00000094-a-2,mavedb-complement-v1::urn:mavedb:00000094-a-2,mavedb-c6dd0092b775896c,KCNQ4,multi:ccc96e2bc405,esm2_650m,695,,,,,,0.0,0.2268,0.5942446043165468,4.091334730283324,0.8268785268327954,0.0,0.8510969037855709,0.1489030962144291,human,multiplexed variant effect,masked-protein-language-model,sequence,clean,yes,True,True,False,True
variantshift-external-development-pilot-v1,mavedb-complement-v1,mavedb-complement-v1,urn:mavedb:00000094-a-2,mavedb-complement-v1::urn:mavedb:00000094-a-2,mavedb-c6dd0092b775896c,KCNQ4,multi:ccc96e2bc405,esm2_8m,695,,,,,,0.0,0.2268,0.5942446043165468,1.7589611774254466,1.2814661064590076,0.0,0.7923163354527081,0.20768366454729192,human,multiplexed variant effect,masked-protein-language-model,sequence,clean,yes,True,True,False,True
variantshift-external-development-pilot-v1,mavedb-complement-v1,mavedb-complement-v1,urn:mavedb:00000094-a-2,mavedb-complement-v1::urn:mavedb:00000094-a-2,mavedb-c6dd0092b775896c,KCNQ4,multi:ccc96e2bc405,vespag,695,,,,,,0.0,0.2268,0.5942446043165468,1.6054428635163203,1.1981458132655627,0.0,0.7553493182444471,0.24465068175555293,human,multiplexed variant effect,distilled-evolutionary-variant-effect-model,sequence,known,yes,True,True,False,True
variantshift-external-development-pilot-v1,mavedb-complement-v1,mavedb-complement-v1,urn:mavedb:00000094-a-3,mavedb-complement-v1::urn:mavedb:00000094-a-3,mavedb-c6dd0092b775896c,KCNQ4,multi:ccc96e2bc405,carp_640m,695,,,,,,0.0,0.2268,0.5942446043165468,5.370918092496018,1.3052309050277893,0.0,0.7524832648231907,0.24751673517680928,human,multiplexed variant effect,convolutional-protein-language-model,sequence,clean,yes,True,True,False,True
variantshift-external-development-pilot-v1,mavedb-complement-v1,mavedb-complement-v1,urn:mavedb:00000094-a-3,mavedb-complement-v1::urn:mavedb:00000094-a-3,mavedb-c6dd0092b775896c,KCNQ4,multi:ccc96e2bc405,esm2_150m,695,,,,,,0.0,0.2268,0.5942446043165468,2.632110885722594,1.0119454877960539,0.0,0.8778837533362861,0.1221162466637139,human,multiplexed variant effect,masked-protein-language-model,sequence,clean,yes,True,True,False,True
variantshift-external-development-pilot-v1,mavedb-complement-v1,mavedb-complement-v1,urn:mavedb:00000094-a-3,mavedb-complement-v1::urn:mavedb:00000094-a-3,mavedb-c6dd0092b775896c,KCNQ4,multi:ccc96e2bc405,esm2_35m,695,,,,,,0.0,0.2268,0.5942446043165468,2.3318460337329063,1.0795539030404475,0.0,0.8344860269533674,0.16551397304663262,human,multiplexed variant effect,masked-protein-language-model,sequence,clean,yes,True,True,False,True
variantshift-external-development-pilot-v1,mavedb-complement-v1,mavedb-complement-v1,urn:mavedb:00000094-a-3,mavedb-complement-v1::urn:mavedb:00000094-a-3,mavedb-c6dd0092b775896c,KCNQ4,multi:ccc96e2bc405,esm2_650m,695,,,,,,0.0,0.2268,0.5942446043165468,4.091334730283324,0.8268785268327954,0.0,0.8510969037855709,0.1489030962144291,human,multiplexed variant effect,masked-protein-language-model,sequence,clean,yes,True,True,False,True
variantshift-external-development-pilot-v1,mavedb-complement-v1,mavedb-complement-v1,urn:mavedb:00000094-a-3,mavedb-complement-v1::urn:mavedb:00000094-a-3,mavedb-c6dd0092b775896c,KCNQ4,multi:ccc96e2bc405,esm2_8m,695,,,,,,0.0,0.2268,0.5942446043165468,1.7589611774254466,1.2814661064590076,0.0,0.7923163354527081,0.20768366454729192,human,multiplexed variant effect,masked-protein-language-model,sequence,clean,yes,True,True,False,True
variantshift-external-development-pilot-v1,mavedb-complement-v1,mavedb-complement-v1,urn:mavedb:00000094-a-3,mavedb-complement-v1::urn:mavedb:00000094-a-3,mavedb-c6dd0092b775896c,KCNQ4,multi:ccc96e2bc405,vespag,695,,,,,,0.0,0.2268,0.5942446043165468,1.6054428635163203,1.1981458132655627,0.0,0.7553493182444471,0.24465068175555293,human,multiplexed variant effect,distilled-evolutionary-variant-effect-model,sequence,known,yes,True,True,False,True
variantshift-external-development-pilot-v1,mavedb-complement-v1,mavedb-complement-v1,urn:mavedb:00001234-a-1,mavedb-complement-v1::urn:mavedb:00001234-a-1,mavedb-e3ca60f18e3b6e98,TP53,multi:953b39a86f5e,carp_640m,393,,,,,,1.0,0.8312,0.7073791348600509,4.266164515230301,1.1241110859116519,0.0,0.8394469520033647,0.16055304799663528,human,multiplexed variant effect,convolutional-protein-language-model,sequence,possible,yes,False,False,False,False
variantshift-external-development-pilot-v1,mavedb-complement-v1,mavedb-complement-v1,urn:mavedb:00001234-a-1,mavedb-complement-v1::urn:mavedb:00001234-a-1,mavedb-e3ca60f18e3b6e98,TP53,multi:953b39a86f5e,esm2_150m,393,,,,,,1.0,0.8312,0.7073791348600509,2.7011707942525396,1.0762863525493376,0.0,0.7614771303614853,0.23852286963851466,human,multiplexed variant effect,masked-protein-language-model,sequence,possible,yes,False,False,False,False
variantshift-external-development-pilot-v1,mavedb-complement-v1,mavedb-complement-v1,urn:mavedb:00001234-a-1,mavedb-complement-v1::urn:mavedb:00001234-a-1,mavedb-e3ca60f18e3b6e98,TP53,multi:953b39a86f5e,esm2_35m,393,,,,,,1.0,0.8312,0.7073791348600509,1.520621044325089,1.2561695716528485,0.0,0.6620533898807387,0.3379466101192613,human,multiplexed variant effect,masked-protein-language-model,sequence,possible,yes,False,False,False,False
variantshift-external-development-pilot-v1,mavedb-complement-v1,mavedb-complement-v1,urn:mavedb:00001234-a-1,mavedb-complement-v1::urn:mavedb:00001234-a-1,mavedb-e3ca60f18e3b6e98,TP53,multi:953b39a86f5e,esm2_650m,393,,,,,,1.0,0.8312,0.7073791348600509,3.313296709587292,1.052057752778321,0.0,0.8418047617458783,0.15819523825412174,human,multiplexed variant effect,masked-protein-language-model,sequence,possible,yes,False,False,False,False
variantshift-external-development-pilot-v1,mavedb-complement-v1,mavedb-complement-v1,urn:mavedb:00001234-a-1,mavedb-complement-v1::urn:mavedb:00001234-a-1,mavedb-e3ca60f18e3b6e98,TP53,multi:953b39a86f5e,esm2_8m,393,,,,,,1.0,0.8312,0.7073791348600509,1.3041278141698913,1.329340602057969,0.0,0.641129793162984,0.358870206837016,human,multiplexed variant effect,masked-protein-language-model,sequence,possible,yes,False,False,False,False
variantshift-external-development-pilot-v1,mavedb-complement-v1,mavedb-complement-v1,urn:mavedb:00001234-a-1,mavedb-complement-v1::urn:mavedb:00001234-a-1,mavedb-e3ca60f18e3b6e98,TP53,multi:953b39a86f5e,vespag,393,,,,,,1.0,0.8312,0.7073791348600509,1.5748391390602023,1.084973359817861,0.0,0.7614771303614853,0.23852286963851466,human,multiplexed variant effect,distilled-evolutionary-variant-effect-model,sequence,known,yes,False,False,False,False
variantshift-external-development-pilot-v1,mavedb-complement-v1,mavedb-complement-v1,urn:mavedb:00001234-b-1,mavedb-complement-v1::urn:mavedb:00001234-b-1,mavedb-e3ca60f18e3b6e98,TP53,multi:953b39a86f5e,carp_640m,393,,,,,,1.0,0.8312,0.7073791348600509,4.266164515230301,1.1241110859116519,0.0,0.8394469520033647,0.16055304799663528,human,multiplexed variant effect,convolutional-protein-language-model,sequence,possible,yes,False,False,False,False
variantshift-external-development-pilot-v1,mavedb-complement-v1,mavedb-complement-v1,urn:mavedb:00001234-b-1,mavedb-complement-v1::urn:mavedb:00001234-b-1,mavedb-e3ca60f18e3b6e98,TP53,multi:953b39a86f5e,esm2_150m,393,,,,,,1.0,0.8312,0.7073791348600509,2.7011707942525396,1.0762863525493376,0.0,0.7614771303614853,0.23852286963851466,human,multiplexed variant effect,masked-protein-language-model,sequence,possible,yes,False,False,False,False
variantshift-external-development-pilot-v1,mavedb-complement-v1,mavedb-complement-v1,urn:mavedb:00001234-b-1,mavedb-complement-v1::urn:mavedb:00001234-b-1,mavedb-e3ca60f18e3b6e98,TP53,multi:953b39a86f5e,esm2_35m,393,,,,,,1.0,0.8312,0.7073791348600509,1.520621044325089,1.2561695716528485,0.0,0.6620533898807387,0.3379466101192613,human,multiplexed variant effect,masked-protein-language-model,sequence,possible,yes,False,False,False,False
variantshift-external-development-pilot-v1,mavedb-complement-v1,mavedb-complement-v1,urn:mavedb:00001234-b-1,mavedb-complement-v1::urn:mavedb:00001234-b-1,mavedb-e3ca60f18e3b6e98,TP53,multi:953b39a86f5e,esm2_650m,393,,,,,,1.0,0.8312,0.7073791348600509,3.313296709587292,1.052057752778321,0.0,0.8418047617458783,0.15819523825412174,human,multiplexed variant effect,masked-protein-language-model,sequence,possible,yes,False,False,False,False
variantshift-external-development-pilot-v1,mavedb-complement-v1,mavedb-complement-v1,urn:mavedb:00001234-b-1,mavedb-complement-v1::urn:mavedb:00001234-b-1,mavedb-e3ca60f18e3b6e98,TP53,multi:953b39a86f5e,esm2_8m,393,,,,,,1.0,0.8312,0.7073791348600509,1.3041278141698913,1.329340602057969,0.0,0.641129793162984,0.358870206837016,human,multiplexed variant effect,masked-protein-language-model,sequence,possible,yes,False,False,False,False
variantshift-external-development-pilot-v1,mavedb-complement-v1,mavedb-complement-v1,urn:mavedb:00001234-b-1,mavedb-complement-v1::urn:mavedb:00001234-b-1,mavedb-e3ca60f18e3b6e98,TP53,multi:953b39a86f5e,vespag,393,,,,,,1.0,0.8312,0.7073791348600509,1.5748391390602023,1.084973359817861,0.0,0.7614771303614853,0.23852286963851466,human,multiplexed variant effect,distilled-evolutionary-variant-effect-model,sequence,known,yes,False,False,False,False
variantshift-external-development-pilot-v1,mavedb-complement-v1,mavedb-complement-v1,urn:mavedb:00001234-c-1,mavedb-complement-v1::urn:mavedb:00001234-c-1,mavedb-e3ca60f18e3b6e98,TP53,multi:953b39a86f5e,carp_640m,393,,,,,,1.0,0.8312,0.7073791348600509,4.266164515230301,1.1241110859116519,0.0,0.8394469520033647,0.16055304799663528,human,multiplexed variant effect,convolutional-protein-language-model,sequence,possible,yes,False,False,False,False
variantshift-external-development-pilot-v1,mavedb-complement-v1,mavedb-complement-v1,urn:mavedb:00001234-c-1,mavedb-complement-v1::urn:mavedb:00001234-c-1,mavedb-e3ca60f18e3b6e98,TP53,multi:953b39a86f5e,esm2_150m,393,,,,,,1.0,0.8312,0.7073791348600509,2.7011707942525396,1.0762863525493376,0.0,0.7614771303614853,0.23852286963851466,human,multiplexed variant effect,masked-protein-language-model,sequence,possible,yes,False,False,False,False
variantshift-external-development-pilot-v1,mavedb-complement-v1,mavedb-complement-v1,urn:mavedb:00001234-c-1,mavedb-complement-v1::urn:mavedb:00001234-c-1,mavedb-e3ca60f18e3b6e98,TP53,multi:953b39a86f5e,esm2_35m,393,,,,,,1.0,0.8312,0.7073791348600509,1.520621044325089,1.2561695716528485,0.0,0.6620533898807387,0.3379466101192613,human,multiplexed variant effect,masked-protein-language-model,sequence,possible,yes,False,False,False,False
variantshift-external-development-pilot-v1,mavedb-complement-v1,mavedb-complement-v1,urn:mavedb:00001234-c-1,mavedb-complement-v1::urn:mavedb:00001234-c-1,mavedb-e3ca60f18e3b6e98,TP53,multi:953b39a86f5e,esm2_650m,393,,,,,,1.0,0.8312,0.7073791348600509,3.313296709587292,1.052057752778321,0.0,0.8418047617458783,0.15819523825412174,human,multiplexed variant effect,masked-protein-language-model,sequence,possible,yes,False,False,False,False
variantshift-external-development-pilot-v1,mavedb-complement-v1,mavedb-complement-v1,urn:mavedb:00001234-c-1,mavedb-complement-v1::urn:mavedb:00001234-c-1,mavedb-e3ca60f18e3b6e98,TP53,multi:953b39a86f5e,esm2_8m,393,,,,,,1.0,0.8312,0.7073791348600509,1.3041278141698913,1.329340602057969,0.0,0.641129793162984,0.358870206837016,human,multiplexed variant effect,masked-protein-language-model,sequence,possible,yes,False,False,False,False
variantshift-external-development-pilot-v1,mavedb-complement-v1,mavedb-complement-v1,urn:mavedb:00001234-c-1,mavedb-complement-v1::urn:mavedb:00001234-c-1,mavedb-e3ca60f18e3b6e98,TP53,multi:953b39a86f5e,vespag,393,,,,,,1.0,0.8312,0.7073791348600509,1.5748391390602023,1.084973359817861,0.0,0.7614771303614853,0.23852286963851466,human,multiplexed variant effect,distilled-evolutionary-variant-effect-model,sequence,known,yes,False,False,False,False
variantshift-external-development-pilot-v1,mavedb-complement-v1,mavedb-complement-v1,urn:mavedb:00001234-d-1,mavedb-complement-v1::urn:mavedb:00001234-d-1,mavedb-e3ca60f18e3b6e98,TP53,multi:953b39a86f5e,carp_640m,393,,,,,,1.0,0.8312,0.7073791348600509,4.266164515230301,1.1241110859116519,0.0,0.8394469520033647,0.16055304799663528,human,multiplexed variant effect,convolutional-protein-language-model,sequence,possible,yes,False,False,False,False
variantshift-external-development-pilot-v1,mavedb-complement-v1,mavedb-complement-v1,urn:mavedb:00001234-d-1,mavedb-complement-v1::urn:mavedb:00001234-d-1,mavedb-e3ca60f18e3b6e98,TP53,multi:953b39a86f5e,esm2_150m,393,,,,,,1.0,0.8312,0.7073791348600509,2.7011707942525396,1.0762863525493376,0.0,0.7614771303614853,0.23852286963851466,human,multiplexed variant effect,masked-protein-language-model,sequence,possible,yes,False,False,False,False
variantshift-external-development-pilot-v1,mavedb-complement-v1,mavedb-complement-v1,urn:mavedb:00001234-d-1,mavedb-complement-v1::urn:mavedb:00001234-d-1,mavedb-e3ca60f18e3b6e98,TP53,multi:953b39a86f5e,esm2_35m,393,,,,,,1.0,0.8312,0.7073791348600509,1.520621044325089,1.2561695716528485,0.0,0.6620533898807387,0.3379466101192613,human,multiplexed variant effect,masked-protein-language-model,sequence,possible,yes,False,False,False,False
variantshift-external-development-pilot-v1,mavedb-complement-v1,mavedb-complement-v1,urn:mavedb:00001234-d-1,mavedb-complement-v1::urn:mavedb:00001234-d-1,mavedb-e3ca60f18e3b6e98,TP53,multi:953b39a86f5e,esm2_650m,393,,,,,,1.0,0.8312,0.7073791348600509,3.313296709587292,1.052057752778321,0.0,0.8418047617458783,0.15819523825412174,human,multiplexed variant effect,masked-protein-language-model,sequence,possible,yes,False,False,False,False
variantshift-external-development-pilot-v1,mavedb-complement-v1,mavedb-complement-v1,urn:mavedb:00001234-d-1,mavedb-complement-v1::urn:mavedb:00001234-d-1,mavedb-e3ca60f18e3b6e98,TP53,multi:953b39a86f5e,esm2_8m,393,,,,,,1.0,0.8312,0.7073791348600509,1.3041278141698913,1.329340602057969,0.0,0.641129793162984,0.358870206837016,human,multiplexed variant effect,masked-protein-language-model,sequence,possible,yes,False,False,False,False
variantshift-external-development-pilot-v1,mavedb-complement-v1,mavedb-complement-v1,urn:mavedb:00001234-d-1,mavedb-complement-v1::urn:mavedb:00001234-d-1,mavedb-e3ca60f18e3b6e98,TP53,multi:953b39a86f5e,vespag,393,,,,,,1.0,0.8312,0.7073791348600509,1.5748391390602023,1.084973359817861,0.0,0.7614771303614853,0.23852286963851466,human,multiplexed variant effect,distilled-evolutionary-variant-effect-model,sequence,known,yes,False,False,False,False
variantshift-external-development-pilot-v1,mavedb-complement-v1,mavedb-complement-v1,urn:mavedb:00001234-e-1,mavedb-complement-v1::urn:mavedb:00001234-e-1,mavedb-e3ca60f18e3b6e98,TP53,multi:953b39a86f5e,carp_640m,393,,,,,,1.0,0.8312,0.7073791348600509,4.266164515230301,1.1241110859116519,0.0,0.8394469520033647,0.16055304799663528,human,multiplexed variant effect,convolutional-protein-language-model,sequence,possible,yes,False,False,False,False
variantshift-external-development-pilot-v1,mavedb-complement-v1,mavedb-complement-v1,urn:mavedb:00001234-e-1,mavedb-complement-v1::urn:mavedb:00001234-e-1,mavedb-e3ca60f18e3b6e98,TP53,multi:953b39a86f5e,esm2_150m,393,,,,,,1.0,0.8312,0.7073791348600509,2.7011707942525396,1.0762863525493376,0.0,0.7614771303614853,0.23852286963851466,human,multiplexed variant effect,masked-protein-language-model,sequence,possible,yes,False,False,False,False
variantshift-external-development-pilot-v1,mavedb-complement-v1,mavedb-complement-v1,urn:mavedb:00001234-e-1,mavedb-complement-v1::urn:mavedb:00001234-e-1,mavedb-e3ca60f18e3b6e98,TP53,multi:953b39a86f5e,esm2_35m,393,,,,,,1.0,0.8312,0.7073791348600509,1.520621044325089,1.2561695716528485,0.0,0.6620533898807387,0.3379466101192613,human,multiplexed variant effect,masked-protein-language-model,sequence,possible,yes,False,False,False,False
variantshift-external-development-pilot-v1,mavedb-complement-v1,mavedb-complement-v1,urn:mavedb:00001234-e-1,mavedb-complement-v1::urn:mavedb:00001234-e-1,mavedb-e3ca60f18e3b6e98,TP53,multi:953b39a86f5e,esm2_650m,393,,,,,,1.0,0.8312,0.7073791348600509,3.313296709587292,1.052057752778321,0.0,0.8418047617458783,0.15819523825412174,human,multiplexed variant effect,masked-protein-language-model,sequence,possible,yes,False,False,False,False
variantshift-external-development-pilot-v1,mavedb-complement-v1,mavedb-complement-v1,urn:mavedb:00001234-e-1,mavedb-complement-v1::urn:mavedb:00001234-e-1,mavedb-e3ca60f18e3b6e98,TP53,multi:953b39a86f5e,esm2_8m,393,,,,,,1.0,0.8312,0.7073791348600509,1.3041278141698913,1.329340602057969,0.0,0.641129793162984,0.358870206837016,human,multiplexed variant effect,masked-protein-language-model,sequence,possible,yes,False,False,False,False
variantshift-external-development-pilot-v1,mavedb-complement-v1,mavedb-complement-v1,urn:mavedb:00001234-e-1,mavedb-complement-v1::urn:mavedb:00001234-e-1,mavedb-e3ca60f18e3b6e98,TP53,multi:953b39a86f5e,vespag,393,,,,,,1.0,0.8312,0.7073791348600509,1.5748391390602023,1.084973359817861,0.0,0.7614771303614853,0.23852286963851466,human,multiplexed variant effect,distilled-evolutionary-variant-effect-model,sequence,known,yes,False,False,False,False
variantshift-external-development-pilot-v1,mavedb-complement-v1,mavedb-complement-v1,urn:mavedb:00001234-f-1,mavedb-complement-v1::urn:mavedb:00001234-f-1,mavedb-e3ca60f18e3b6e98,TP53,multi:953b39a86f5e,carp_640m,393,,,,,,1.0,0.8312,0.7073791348600509,4.266164515230301,1.1241110859116519,0.0,0.8394469520033647,0.16055304799663528,human,multiplexed variant effect,convolutional-protein-language-model,sequence,possible,yes,False,False,False,False
variantshift-external-development-pilot-v1,mavedb-complement-v1,mavedb-complement-v1,urn:mavedb:00001234-f-1,mavedb-complement-v1::urn:mavedb:00001234-f-1,mavedb-e3ca60f18e3b6e98,TP53,multi:953b39a86f5e,esm2_150m,393,,,,,,1.0,0.8312,0.7073791348600509,2.7011707942525396,1.0762863525493376,0.0,0.7614771303614853,0.23852286963851466,human,multiplexed variant effect,masked-protein-language-model,sequence,possible,yes,False,False,False,False
variantshift-external-development-pilot-v1,mavedb-complement-v1,mavedb-complement-v1,urn:mavedb:00001234-f-1,mavedb-complement-v1::urn:mavedb:00001234-f-1,mavedb-e3ca60f18e3b6e98,TP53,multi:953b39a86f5e,esm2_35m,393,,,,,,1.0,0.8312,0.7073791348600509,1.520621044325089,1.2561695716528485,0.0,0.6620533898807387,0.3379466101192613,human,multiplexed variant effect,masked-protein-language-model,sequence,possible,yes,False,False,False,False
variantshift-external-development-pilot-v1,mavedb-complement-v1,mavedb-complement-v1,urn:mavedb:00001234-f-1,mavedb-complement-v1::urn:mavedb:00001234-f-1,mavedb-e3ca60f18e3b6e98,TP53,multi:953b39a86f5e,esm2_650m,393,,,,,,1.0,0.8312,0.7073791348600509,3.313296709587292,1.052057752778321,0.0,0.8418047617458783,0.15819523825412174,human,multiplexed variant effect,masked-protein-language-model,sequence,possible,yes,False,False,False,False
variantshift-external-development-pilot-v1,mavedb-complement-v1,mavedb-complement-v1,urn:mavedb:00001234-f-1,mavedb-complement-v1::urn:mavedb:00001234-f-1,mavedb-e3ca60f18e3b6e98,TP53,multi:953b39a86f5e,esm2_8m,393,,,,,,1.0,0.8312,0.7073791348600509,1.3041278141698913,1.329340602057969,0.0,0.641129793162984,0.358870206837016,human,multiplexed variant effect,masked-protein-language-model,sequence,possible,yes,False,False,False,False
variantshift-external-development-pilot-v1,mavedb-complement-v1,mavedb-complement-v1,urn:mavedb:00001234-f-1,mavedb-complement-v1::urn:mavedb:00001234-f-1,mavedb-e3ca60f18e3b6e98,TP53,multi:953b39a86f5e,vespag,393,,,,,,1.0,0.8312,0.7073791348600509,1.5748391390602023,1.084973359817861,0.0,0.7614771303614853,0.23852286963851466,human,multiplexed variant effect,distilled-evolutionary-variant-effect-model,sequence,known,yes,False,False,False,False
variantshift-external-development-pilot-v1,mavedb-complement-v1,mavedb-complement-v1,urn:mavedb:00001234-g-1,mavedb-complement-v1::urn:mavedb:00001234-g-1,mavedb-e3ca60f18e3b6e98,TP53,multi:953b39a86f5e,carp_640m,393,,,,,,1.0,0.8312,0.7073791348600509,4.266164515230301,1.1241110859116519,0.0,0.8394469520033647,0.16055304799663528,human,multiplexed variant effect,convolutional-protein-language-model,sequence,possible,yes,False,False,False,False
variantshift-external-development-pilot-v1,mavedb-complement-v1,mavedb-complement-v1,urn:mavedb:00001234-g-1,mavedb-complement-v1::urn:mavedb:00001234-g-1,mavedb-e3ca60f18e3b6e98,TP53,multi:953b39a86f5e,esm2_150m,393,,,,,,1.0,0.8312,0.7073791348600509,2.7011707942525396,1.0762863525493376,0.0,0.7614771303614853,0.23852286963851466,human,multiplexed variant effect,masked-protein-language-model,sequence,possible,yes,False,False,False,False
variantshift-external-development-pilot-v1,mavedb-complement-v1,mavedb-complement-v1,urn:mavedb:00001234-g-1,mavedb-complement-v1::urn:mavedb:00001234-g-1,mavedb-e3ca60f18e3b6e98,TP53,multi:953b39a86f5e,esm2_35m,393,,,,,,1.0,0.8312,0.7073791348600509,1.520621044325089,1.2561695716528485,0.0,0.6620533898807387,0.3379466101192613,human,multiplexed variant effect,masked-protein-language-model,sequence,possible,yes,False,False,False,False
variantshift-external-development-pilot-v1,mavedb-complement-v1,mavedb-complement-v1,urn:mavedb:00001234-g-1,mavedb-complement-v1::urn:mavedb:00001234-g-1,mavedb-e3ca60f18e3b6e98,TP53,multi:953b39a86f5e,esm2_650m,393,,,,,,1.0,0.8312,0.7073791348600509,3.313296709587292,1.052057752778321,0.0,0.8418047617458783,0.15819523825412174,human,multiplexed variant effect,masked-protein-language-model,sequence,possible,yes,False,False,False,False
variantshift-external-development-pilot-v1,mavedb-complement-v1,mavedb-complement-v1,urn:mavedb:00001234-g-1,mavedb-complement-v1::urn:mavedb:00001234-g-1,mavedb-e3ca60f18e3b6e98,TP53,multi:953b39a86f5e,esm2_8m,393,,,,,,1.0,0.8312,0.7073791348600509,1.3041278141698913,1.329340602057969,0.0,0.641129793162984,0.358870206837016,human,multiplexed variant effect,masked-protein-language-model,sequence,possible,yes,False,False,False,False
variantshift-external-development-pilot-v1,mavedb-complement-v1,mavedb-complement-v1,urn:mavedb:00001234-g-1,mavedb-complement-v1::urn:mavedb:00001234-g-1,mavedb-e3ca60f18e3b6e98,TP53,multi:953b39a86f5e,vespag,393,,,,,,1.0,0.8312,0.7073791348600509,1.5748391390602023,1.084973359817861,0.0,0.7614771303614853,0.23852286963851466,human,multiplexed variant effect,distilled-evolutionary-variant-effect-model,sequence,known,yes,False,False,False,False
variantshift-external-development-pilot-v1,mavedb-complement-v1,mavedb-complement-v1,urn:mavedb:00001234-h-1,mavedb-complement-v1::urn:mavedb:00001234-h-1,mavedb-e3ca60f18e3b6e98,TP53,multi:953b39a86f5e,carp_640m,393,,,,,,1.0,0.8312,0.7073791348600509,4.266164515230301,1.1241110859116519,0.0,0.8394469520033647,0.16055304799663528,human,multiplexed variant effect,convolutional-protein-language-model,sequence,possible,yes,False,False,False,False
variantshift-external-development-pilot-v1,mavedb-complement-v1,mavedb-complement-v1,urn:mavedb:00001234-h-1,mavedb-complement-v1::urn:mavedb:00001234-h-1,mavedb-e3ca60f18e3b6e98,TP53,multi:953b39a86f5e,esm2_150m,393,,,,,,1.0,0.8312,0.7073791348600509,2.7011707942525396,1.0762863525493376,0.0,0.7614771303614853,0.23852286963851466,human,multiplexed variant effect,masked-protein-language-model,sequence,possible,yes,False,False,False,False
variantshift-external-development-pilot-v1,mavedb-complement-v1,mavedb-complement-v1,urn:mavedb:00001234-h-1,mavedb-complement-v1::urn:mavedb:00001234-h-1,mavedb-e3ca60f18e3b6e98,TP53,multi:953b39a86f5e,esm2_35m,393,,,,,,1.0,0.8312,0.7073791348600509,1.520621044325089,1.2561695716528485,0.0,0.6620533898807387,0.3379466101192613,human,multiplexed variant effect,masked-protein-language-model,sequence,possible,yes,False,False,False,False
variantshift-external-development-pilot-v1,mavedb-complement-v1,mavedb-complement-v1,urn:mavedb:00001234-h-1,mavedb-complement-v1::urn:mavedb:00001234-h-1,mavedb-e3ca60f18e3b6e98,TP53,multi:953b39a86f5e,esm2_650m,393,,,,,,1.0,0.8312,0.7073791348600509,3.313296709587292,1.052057752778321,0.0,0.8418047617458783,0.15819523825412174,human,multiplexed variant effect,masked-protein-language-model,sequence,possible,yes,False,False,False,False
variantshift-external-development-pilot-v1,mavedb-complement-v1,mavedb-complement-v1,urn:mavedb:00001234-h-1,mavedb-complement-v1::urn:mavedb:00001234-h-1,mavedb-e3ca60f18e3b6e98,TP53,multi:953b39a86f5e,esm2_8m,393,,,,,,1.0,0.8312,0.7073791348600509,1.3041278141698913,1.329340602057969,0.0,0.641129793162984,0.358870206837016,human,multiplexed variant effect,masked-protein-language-model,sequence,possible,yes,False,False,False,False
variantshift-external-development-pilot-v1,mavedb-complement-v1,mavedb-complement-v1,urn:mavedb:00001234-h-1,mavedb-complement-v1::urn:mavedb:00001234-h-1,mavedb-e3ca60f18e3b6e98,TP53,multi:953b39a86f5e,vespag,393,,,,,,1.0,0.8312,0.7073791348600509,1.5748391390602023,1.084973359817861,0.0,0.7614771303614853,0.23852286963851466,human,multiplexed variant effect,distilled-evolutionary-variant-effect-model,sequence,known,yes,False,False,False,False
variantshift-external-development-pilot-v1,venusmuthub-v1,venusmuthub-v1,Q8KLM3_activity,venusmuthub-v1::Q8KLM3_activity,venus-07739b7c44051d98,Q8KLM3,clan:CL0023,carp_640m,270,,,,,,0.0,0.3365,0.7518518518518519,2.3491384419477273,1.1356683593106103,0.0,0.9309323545507548,0.06906764544924515,mixed,activity,convolutional-protein-language-model,sequence,possible,yes,True,True,False,True
variantshift-external-development-pilot-v1,venusmuthub-v1,venusmuthub-v1,Q8KLM3_activity,venusmuthub-v1::Q8KLM3_activity,venus-07739b7c44051d98,Q8KLM3,clan:CL0023,esm2_150m,270,,,,,,0.0,0.3365,0.7518518518518519,2.561062678851647,1.1335670700750267,0.0,0.9241132687107696,0.0758867312892304,mixed,activity,masked-protein-language-model,sequence,possible,yes,True,True,False,True
variantshift-external-development-pilot-v1,venusmuthub-v1,venusmuthub-v1,Q8KLM3_activity,venusmuthub-v1::Q8KLM3_activity,venus-07739b7c44051d98,Q8KLM3,clan:CL0023,esm2_35m,270,,,,,,0.0,0.3365,0.7518518518518519,2.1636119344433284,1.1603925349900208,0.0,0.9241132687107696,0.0758867312892304,mixed,activity,masked-protein-language-model,sequence,possible,yes,True,True,False,True
variantshift-external-development-pilot-v1,venusmuthub-v1,venusmuthub-v1,Q8KLM3_activity,venusmuthub-v1::Q8KLM3_activity,venus-07739b7c44051d98,Q8KLM3,clan:CL0023,esm2_650m,270,,,,,,0.0,0.3365,0.7518518518518519,2.637749758022745,1.1377455901310243,0.0,0.9043909668103771,0.09560903318962288,mixed,activity,masked-protein-language-model,sequence,possible,yes,True,True,False,True
variantshift-external-development-pilot-v1,venusmuthub-v1,venusmuthub-v1,Q8KLM3_activity,venusmuthub-v1::Q8KLM3_activity,venus-07739b7c44051d98,Q8KLM3,clan:CL0023,esm2_8m,270,,,,,,0.0,0.3365,0.7518518518518519,1.9859832972951703,1.2003255245604043,0.0,0.8724787215826402,0.12752127841735983,mixed,activity,masked-protein-language-model,sequence,possible,yes,True,True,False,True
variantshift-external-development-pilot-v1,venusmuthub-v1,venusmuthub-v1,Q8KLM3_activity,venusmuthub-v1::Q8KLM3_activity,venus-07739b7c44051d98,Q8KLM3,clan:CL0023,vespag,270,,,,,,0.0,0.3365,0.7518518518518519,1.321028321107513,1.225066166179533,0.0,0.7676089885706066,0.23239101142939345,mixed,activity,distilled-evolutionary-variant-effect-model,sequence,known,yes,True,True,False,True
variantshift-external-development-pilot-v1,venusmuthub-v1,venusmuthub-v1,Q65EX3_activity,venusmuthub-v1::Q65EX3_activity,venus-0ed16c1325aea2c9,Q65EX3,clan:CL0039,carp_640m,249,,,,,,0.0,0.3539,0.8875502008032129,1.1894386420064451,1.4350001977206814,0.0,0.9468902647517239,0.05310973524827611,mixed,activity,convolutional-protein-language-model,sequence,possible,yes,True,True,True,True
variantshift-external-development-pilot-v1,venusmuthub-v1,venusmuthub-v1,Q65EX3_activity,venusmuthub-v1::Q65EX3_activity,venus-0ed16c1325aea2c9,Q65EX3,clan:CL0039,esm2_150m,249,,,,,,0.0,0.3539,0.8875502008032129,1.0851965369021945,1.5302240702954664,0.0,0.9587517628511908,0.04124823714880921,mixed,activity,masked-protein-language-model,sequence,possible,yes,True,True,True,True
variantshift-external-development-pilot-v1,venusmuthub-v1,venusmuthub-v1,Q65EX3_activity,venusmuthub-v1::Q65EX3_activity,venus-0ed16c1325aea2c9,Q65EX3,clan:CL0039,esm2_35m,249,,,,,,0.0,0.3539,0.8875502008032129,1.0886318440107656,1.5781360613805855,0.0,0.970693283217948,0.02930671678205199,mixed,activity,masked-protein-language-model,sequence,possible,yes,True,True,True,True
variantshift-external-development-pilot-v1,venusmuthub-v1,venusmuthub-v1,Q65EX3_activity,venusmuthub-v1::Q65EX3_activity,venus-0ed16c1325aea2c9,Q65EX3,clan:CL0039,esm2_650m,249,,,,,,0.0,0.3539,0.8875502008032129,3.065983739357771,1.2424566734155158,0.0,0.6774656996416255,0.3225343003583745,mixed,activity,masked-protein-language-model,sequence,possible,yes,True,True,True,True
variantshift-external-development-pilot-v1,venusmuthub-v1,venusmuthub-v1,Q65EX3_activity,venusmuthub-v1::Q65EX3_activity,venus-0ed16c1325aea2c9,Q65EX3,clan:CL0039,esm2_8m,249,,,,,,0.0,0.3539,0.8875502008032129,1.0406594167073333,1.6311450982262878,0.0,0.9468902647517239,0.05310973524827611,mixed,activity,masked-protein-language-model,sequence,possible,yes,True,True,True,True
variantshift-external-development-pilot-v1,venusmuthub-v1,venusmuthub-v1,Q65EX3_activity,venusmuthub-v1::Q65EX3_activity,venus-0ed16c1325aea2c9,Q65EX3,clan:CL0039,vespag,249,,,,,,0.0,0.3539,0.8875502008032129,1.4697521193230958,1.141002182574815,0.0,0.6132414081980391,0.3867585918019609,mixed,activity,distilled-evolutionary-variant-effect-model,sequence,known,yes,True,True,True,True
variantshift-external-development-pilot-v1,venusmuthub-v1,venusmuthub-v1,A0A0I9QGZ2_kcat,venusmuthub-v1::A0A0I9QGZ2_kcat,venus-1972eefa4a6ef629,A0A0I9QGZ2,multi:c61b262d8c84,carp_640m,668,,,,,,0.0,0.2834,0.9281437125748503,4.271326705249136,1.6330339775054576,0.0,0.8212498121039211,0.17875018789607888,mixed,activity,convolutional-protein-language-model,sequence,possible,yes,True,True,True,True
variantshift-external-development-pilot-v1,venusmuthub-v1,venusmuthub-v1,A0A0I9QGZ2_kcat,venusmuthub-v1::A0A0I9QGZ2_kcat,venus-1972eefa4a6ef629,A0A0I9QGZ2,multi:c61b262d8c84,esm2_150m,668,,,,,,0.0,0.2834,0.9281437125748503,2.881719703394944,1.3135000567635884,0.0,0.8212498121039211,0.17875018789607888,mixed,activity,masked-protein-language-model,sequence,possible,yes,True,True,True,True
variantshift-external-development-pilot-v1,venusmuthub-v1,venusmuthub-v1,A0A0I9QGZ2_kcat,venusmuthub-v1::A0A0I9QGZ2_kcat,venus-1972eefa4a6ef629,A0A0I9QGZ2,multi:c61b262d8c84,esm2_35m,668,,,,,,0.0,0.2834,0.9281437125748503,2.098366762753517,1.2655107370149674,0.0,0.7681313973398947,0.23186860266010534,mixed,activity,masked-protein-language-model,sequence,possible,yes,True,True,True,True
variantshift-external-development-pilot-v1,venusmuthub-v1,venusmuthub-v1,A0A0I9QGZ2_kcat,venusmuthub-v1::A0A0I9QGZ2_kcat,venus-1972eefa4a6ef629,A0A0I9QGZ2,multi:c61b262d8c84,esm2_650m,668,,,,,,0.0,0.2834,0.9281437125748503,3.8185288539817965,1.3984966983022538,0.0,0.887800491732224,0.11219950826777603,mixed,activity,masked-protein-language-model,sequence,possible,yes,True,True,True,True
variantshift-external-development-pilot-v1,venusmuthub-v1,venusmuthub-v1,A0A0I9QGZ2_kcat,venusmuthub-v1::A0A0I9QGZ2_kcat,venus-1972eefa4a6ef629,A0A0I9QGZ2,multi:c61b262d8c84,esm2_8m,668,,,,,,0.0,0.2834,0.9281437125748503,1.590185634229971,1.3330560366265445,0.0,0.6546427547943034,0.34535724520569655,mixed,activity,masked-protein-language-model,sequence,possible,yes,True,True,True,True
variantshift-external-development-pilot-v1,venusmuthub-v1,venusmuthub-v1,A0A0I9QGZ2_kcat,venusmuthub-v1::A0A0I9QGZ2_kcat,venus-1972eefa4a6ef629,A0A0I9QGZ2,multi:c61b262d8c84,vespag,668,,,,,,0.0,0.2834,0.9281437125748503,1.6579103315418247,1.2799299119116463,0.0,0.8158084886041618,0.18419151139583823,mixed,activity,distilled-evolutionary-variant-effect-model,sequence,known,yes,True,True,True,True
variantshift-external-development-pilot-v1,venusmuthub-v1,venusmuthub-v1,A0A0I9QGZ2_kcatkm,venusmuthub-v1::A0A0I9QGZ2_kcatkm,venus-1972eefa4a6ef629,A0A0I9QGZ2,multi:c61b262d8c84,carp_640m,668,,,,,,0.0,0.2834,0.9281437125748503,4.271326705249136,1.6330339775054576,0.0,0.8212498121039211,0.17875018789607888,mixed,activity,convolutional-protein-language-model,sequence,possible,yes,True,True,True,True
variantshift-external-development-pilot-v1,venusmuthub-v1,venusmuthub-v1,A0A0I9QGZ2_kcatkm,venusmuthub-v1::A0A0I9QGZ2_kcatkm,venus-1972eefa4a6ef629,A0A0I9QGZ2,multi:c61b262d8c84,esm2_150m,668,,,,,,0.0,0.2834,0.9281437125748503,2.881719703394944,1.3135000567635884,0.0,0.8212498121039211,0.17875018789607888,mixed,activity,masked-protein-language-model,sequence,possible,yes,True,True,True,True
variantshift-external-development-pilot-v1,venusmuthub-v1,venusmuthub-v1,A0A0I9QGZ2_kcatkm,venusmuthub-v1::A0A0I9QGZ2_kcatkm,venus-1972eefa4a6ef629,A0A0I9QGZ2,multi:c61b262d8c84,esm2_35m,668,,,,,,0.0,0.2834,0.9281437125748503,2.098366762753517,1.2655107370149674,0.0,0.7681313973398947,0.23186860266010534,mixed,activity,masked-protein-language-model,sequence,possible,yes,True,True,True,True
variantshift-external-development-pilot-v1,venusmuthub-v1,venusmuthub-v1,A0A0I9QGZ2_kcatkm,venusmuthub-v1::A0A0I9QGZ2_kcatkm,venus-1972eefa4a6ef629,A0A0I9QGZ2,multi:c61b262d8c84,esm2_650m,668,,,,,,0.0,0.2834,0.9281437125748503,3.8185288539817965,1.3984966983022538,0.0,0.887800491732224,0.11219950826777603,mixed,activity,masked-protein-language-model,sequence,possible,yes,True,True,True,True
variantshift-external-development-pilot-v1,venusmuthub-v1,venusmuthub-v1,A0A0I9QGZ2_kcatkm,venusmuthub-v1::A0A0I9QGZ2_kcatkm,venus-1972eefa4a6ef629,A0A0I9QGZ2,multi:c61b262d8c84,esm2_8m,668,,,,,,0.0,0.2834,0.9281437125748503,1.590185634229971,1.3330560366265445,0.0,0.6546427547943034,0.34535724520569655,mixed,activity,masked-protein-language-model,sequence,possible,yes,True,True,True,True
variantshift-external-development-pilot-v1,venusmuthub-v1,venusmuthub-v1,A0A0I9QGZ2_kcatkm,venusmuthub-v1::A0A0I9QGZ2_kcatkm,venus-1972eefa4a6ef629,A0A0I9QGZ2,multi:c61b262d8c84,vespag,668,,,,,,0.0,0.2834,0.9281437125748503,1.6579103315418247,1.2799299119116463,0.0,0.8158084886041618,0.18419151139583823,mixed,activity,distilled-evolutionary-variant-effect-model,sequence,known,yes,True,True,True,True
variantshift-external-development-pilot-v1,venusmuthub-v1,venusmuthub-v1,A0A0I9QGZ2_km,venusmuthub-v1::A0A0I9QGZ2_km,venus-1972eefa4a6ef629,A0A0I9QGZ2,multi:c61b262d8c84,carp_640m,668,,,,,,0.0,0.2834,0.9281437125748503,4.271326705249136,1.6330339775054576,0.0,0.8212498121039211,0.17875018789607888,mixed,activity,convolutional-protein-language-model,sequence,possible,yes,True,True,True,True
variantshift-external-development-pilot-v1,venusmuthub-v1,venusmuthub-v1,A0A0I9QGZ2_km,venusmuthub-v1::A0A0I9QGZ2_km,venus-1972eefa4a6ef629,A0A0I9QGZ2,multi:c61b262d8c84,esm2_150m,668,,,,,,0.0,0.2834,0.9281437125748503,2.881719703394944,1.3135000567635884,0.0,0.8212498121039211,0.17875018789607888,mixed,activity,masked-protein-language-model,sequence,possible,yes,True,True,True,True
variantshift-external-development-pilot-v1,venusmuthub-v1,venusmuthub-v1,A0A0I9QGZ2_km,venusmuthub-v1::A0A0I9QGZ2_km,venus-1972eefa4a6ef629,A0A0I9QGZ2,multi:c61b262d8c84,esm2_35m,668,,,,,,0.0,0.2834,0.9281437125748503,2.098366762753517,1.2655107370149674,0.0,0.7681313973398947,0.23186860266010534,mixed,activity,masked-protein-language-model,sequence,possible,yes,True,True,True,True
variantshift-external-development-pilot-v1,venusmuthub-v1,venusmuthub-v1,A0A0I9QGZ2_km,venusmuthub-v1::A0A0I9QGZ2_km,venus-1972eefa4a6ef629,A0A0I9QGZ2,multi:c61b262d8c84,esm2_650m,668,,,,,,0.0,0.2834,0.9281437125748503,3.8185288539817965,1.3984966983022538,0.0,0.887800491732224,0.11219950826777603,mixed,activity,masked-protein-language-model,sequence,possible,yes,True,True,True,True
variantshift-external-development-pilot-v1,venusmuthub-v1,venusmuthub-v1,A0A0I9QGZ2_km,venusmuthub-v1::A0A0I9QGZ2_km,venus-1972eefa4a6ef629,A0A0I9QGZ2,multi:c61b262d8c84,esm2_8m,668,,,,,,0.0,0.2834,0.9281437125748503,1.590185634229971,1.3330560366265445,0.0,0.6546427547943034,0.34535724520569655,mixed,activity,masked-protein-language-model,sequence,possible,yes,True,True,True,True
variantshift-external-development-pilot-v1,venusmuthub-v1,venusmuthub-v1,A0A0I9QGZ2_km,venusmuthub-v1::A0A0I9QGZ2_km,venus-1972eefa4a6ef629,A0A0I9QGZ2,multi:c61b262d8c84,vespag,668,,,,,,0.0,0.2834,0.9281437125748503,1.6579103315418247,1.2799299119116463,0.0,0.8158084886041618,0.18419151139583823,mixed,activity,distilled-evolutionary-variant-effect-model,sequence,known,yes,True,True,True,True
variantshift-external-development-pilot-v1,venusmuthub-v1,venusmuthub-v1,Q06135_activity,venusmuthub-v1::Q06135_activity,venus-220a25f64746e26e,Q06135,multi:b3ad68db9c98,carp_640m,555,,,,,,0.0,0.4436,0.69009009009009,3.536779614497936,1.1309433407835856,0.0,0.9109542082305857,0.0890457917694143,mixed,activity,convolutional-protein-language-model,sequence,possible,yes,True,True,False,True
variantshift-external-development-pilot-v1,venusmuthub-v1,venusmuthub-v1,Q06135_activity,venusmuthub-v1::Q06135_activity,venus-220a25f64746e26e,Q06135,multi:b3ad68db9c98,esm2_150m,555,,,,,,0.0,0.4436,0.69009009009009,3.4799312356467316,0.974131316822295,0.0,0.8823587908055233,0.11764120919447674,mixed,activity,masked-protein-language-model,sequence,possible,yes,True,True,False,True
variantshift-external-development-pilot-v1,venusmuthub-v1,venusmuthub-v1,Q06135_activity,venusmuthub-v1::Q06135_activity,venus-220a25f64746e26e,Q06135,multi:b3ad68db9c98,esm2_35m,555,,,,,,0.0,0.4436,0.69009009009009,2.5200548339354674,0.7884143841313602,0.0,0.8281368454850937,0.1718631545149063,mixed,activity,masked-protein-language-model,sequence,possible,yes,True,True,False,True
variantshift-external-development-pilot-v1,venusmuthub-v1,venusmuthub-v1,Q06135_activity,venusmuthub-v1::Q06135_activity,venus-220a25f64746e26e,Q06135,multi:b3ad68db9c98,esm2_650m,555,,,,,,0.0,0.4436,0.69009009009009,4.04723089929581,1.071544857139871,0.0,0.9230551961347542,0.07694480386524583,mixed,activity,masked-protein-language-model,sequence,possible,yes,True,True,False,True
variantshift-external-development-pilot-v1,venusmuthub-v1,venusmuthub-v1,Q06135_activity,venusmuthub-v1::Q06135_activity,venus-220a25f64746e26e,Q06135,multi:b3ad68db9c98,esm2_8m,555,,,,,,0.0,0.4436,0.69009009009009,1.5296550670307159,1.1187842399485455,0.0,0.7179394909289789,0.2820605090710211,mixed,activity,masked-protein-language-model,sequence,possible,yes,True,True,False,True
variantshift-external-development-pilot-v1,venusmuthub-v1,venusmuthub-v1,Q06135_activity,venusmuthub-v1::Q06135_activity,venus-220a25f64746e26e,Q06135,multi:b3ad68db9c98,vespag,555,,,,,,0.0,0.4436,0.69009009009009,1.6701932048036419,1.029685425001043,0.0,0.8823587908055233,0.11764120919447674,mixed,activity,distilled-evolutionary-variant-effect-model,sequence,known,yes,True,True,False,True
variantshift-external-development-pilot-v1,venusmuthub-v1,venusmuthub-v1,Q58431_activity,venusmuthub-v1::Q58431_activity,venus-320f26d1be8a0cb0,Q58431,clan:CL0722,carp_640m,388,,,,,,0.0,0.2897,0.6365979381443299,2.5022931040248904,1.3824531836614087,0.0,0.8640196133479239,0.13598038665207612,mixed,activity,convolutional-protein-language-model,sequence,possible,yes,True,True,True,True
variantshift-external-development-pilot-v1,venusmuthub-v1,venusmuthub-v1,Q58431_activity,venusmuthub-v1::Q58431_activity,venus-320f26d1be8a0cb0,Q58431,clan:CL0722,esm2_150m,388,,,,,,0.0,0.2897,0.6365979381443299,2.2607280191850623,1.5147235755510926,0.0,0.882595393844736,0.11740460615526405,mixed,activity,masked-protein-language-model,sequence,possible,yes,True,True,True,True
variantshift-external-development-pilot-v1,venusmuthub-v1,venusmuthub-v1,Q58431_activity,venusmuthub-v1::Q58431_activity,venus-320f26d1be8a0cb0,Q58431,clan:CL0722,esm2_35m,388,,,,,,0.0,0.2897,0.6365979381443299,2.1857015813497997,1.5120134190915375,0.0,0.8578409154549284,0.14215908454507165,mixed,activity,masked-protein-language-model,sequence,possible,yes,True,True,True,True
variantshift-external-development-pilot-v1,venusmuthub-v1,venusmuthub-v1,Q58431_activity,venusmuthub-v1::Q58431_activity,venus-320f26d1be8a0cb0,Q58431,clan:CL0722,esm2_650m,388,,,,,,0.0,0.2897,0.6365979381443299,2.975556094368225,1.4215111626787043,0.0,0.8578409154549284,0.14215908454507165,mixed,activity,masked-protein-language-model,sequence,possible,yes,True,True,True,True
variantshift-external-development-pilot-v1,venusmuthub-v1,venusmuthub-v1,Q58431_activity,venusmuthub-v1::Q58431_activity,venus-320f26d1be8a0cb0,Q58431,clan:CL0722,esm2_8m,388,,,,,,0.0,0.2897,0.6365979381443299,1.47546209279831,1.5712719795349785,0.0,0.7678403929415731,0.23215960705842686,mixed,activity,masked-protein-language-model,sequence,possible,yes,True,True,True,True
variantshift-external-development-pilot-v1,venusmuthub-v1,venusmuthub-v1,Q58431_activity,venusmuthub-v1::Q58431_activity,venus-320f26d1be8a0cb0,Q58431,clan:CL0722,vespag,388,,,,,,0.0,0.2897,0.6365979381443299,1.528348094339692,1.2085203777800835,0.0,0.7624318125400298,0.23756818745997021,mixed,activity,distilled-evolutionary-variant-effect-model,sequence,known,yes,True,True,True,True
variantshift-external-development-pilot-v1,venusmuthub-v1,venusmuthub-v1,3FCR_activity-substrate-1,venusmuthub-v1::3FCR_activity-substrate-1,venus-3876c90807a78d74,3FCR,confirmation-family-e678e1524a91,carp_640m,458,,,,,,0.0,,,3.8217520616018557,1.5742475259163626,0.0,0.9074043989609586,0.09259560103904141,mixed,activity,convolutional-protein-language-model,sequence,clean,no,True,True,,
variantshift-external-development-pilot-v1,venusmuthub-v1,venusmuthub-v1,3FCR_activity-substrate-1,venusmuthub-v1::3FCR_activity-substrate-1,venus-3876c90807a78d74,3FCR,confirmation-family-e678e1524a91,esm2_150m,458,,,,,,0.0,,,3.2181349392456706,1.377250369739971,0.0,0.9139803366430868,0.08601966335691325,mixed,activity,masked-protein-language-model,sequence,clean,no,True,True,,
variantshift-external-development-pilot-v1,venusmuthub-v1,venusmuthub-v1,3FCR_activity-substrate-1,venusmuthub-v1::3FCR_activity-substrate-1,venus-3876c90807a78d74,3FCR,confirmation-family-e678e1524a91,esm2_35m,458,,,,,,0.0,,,2.995370561730185,1.3570301122162676,0.0,0.8992783578353232,0.10072164216467683,mixed,activity,masked-protein-language-model,sequence,clean,no,True,True,,
variantshift-external-development-pilot-v1,venusmuthub-v1,venusmuthub-v1,3FCR_activity-substrate-1,venusmuthub-v1::3FCR_activity-substrate-1,venus-3876c90807a78d74,3FCR,confirmation-family-e678e1524a91,esm2_650m,458,,,,,,0.0,,,3.9299127316202935,1.484756625064322,0.0,0.9217310196264683,0.0782689803735317,mixed,activity,masked-protein-language-model,sequence,clean,no,True,True,,
variantshift-external-development-pilot-v1,venusmuthub-v1,venusmuthub-v1,3FCR_activity-substrate-1,venusmuthub-v1::3FCR_activity-substrate-1,venus-3876c90807a78d74,3FCR,confirmation-family-e678e1524a91,esm2_8m,458,,,,,,0.0,,,2.4368496606266836,1.1442429077611598,0.0,0.8534229477950932,0.1465770522049068,mixed,activity,masked-protein-language-model,sequence,clean,no,True,True,,
variantshift-external-development-pilot-v1,venusmuthub-v1,venusmuthub-v1,3FCR_activity-substrate-1,venusmuthub-v1::3FCR_activity-substrate-1,venus-3876c90807a78d74,3FCR,confirmation-family-e678e1524a91,vespag,458,,,,,,0.0,,,1.5314462604782735,1.1832982782588999,0.0,0.8777388832840559,0.12226111671594408,mixed,activity,distilled-evolutionary-variant-effect-model,sequence,known,no,True,True,,
variantshift-external-development-pilot-v1,venusmuthub-v1,venusmuthub-v1,3FCR_activity-substrate-2,venusmuthub-v1::3FCR_activity-substrate-2,venus-3876c90807a78d74,3FCR,confirmation-family-e678e1524a91,carp_640m,458,,,,,,0.0,,,3.8217520616018557,1.5742475259163626,0.0,0.9074043989609586,0.09259560103904141,mixed,activity,convolutional-protein-language-model,sequence,clean,no,True,True,,
variantshift-external-development-pilot-v1,venusmuthub-v1,venusmuthub-v1,3FCR_activity-substrate-2,venusmuthub-v1::3FCR_activity-substrate-2,venus-3876c90807a78d74,3FCR,confirmation-family-e678e1524a91,esm2_150m,458,,,,,,0.0,,,3.2181349392456706,1.377250369739971,0.0,0.9139803366430868,0.08601966335691325,mixed,activity,masked-protein-language-model,sequence,clean,no,True,True,,
variantshift-external-development-pilot-v1,venusmuthub-v1,venusmuthub-v1,3FCR_activity-substrate-2,venusmuthub-v1::3FCR_activity-substrate-2,venus-3876c90807a78d74,3FCR,confirmation-family-e678e1524a91,esm2_35m,458,,,,,,0.0,,,2.995370561730185,1.3570301122162676,0.0,0.8992783578353232,0.10072164216467683,mixed,activity,masked-protein-language-model,sequence,clean,no,True,True,,
variantshift-external-development-pilot-v1,venusmuthub-v1,venusmuthub-v1,3FCR_activity-substrate-2,venusmuthub-v1::3FCR_activity-substrate-2,venus-3876c90807a78d74,3FCR,confirmation-family-e678e1524a91,esm2_650m,458,,,,,,0.0,,,3.9299127316202935,1.484756625064322,0.0,0.9217310196264683,0.0782689803735317,mixed,activity,masked-protein-language-model,sequence,clean,no,True,True,,
variantshift-external-development-pilot-v1,venusmuthub-v1,venusmuthub-v1,3FCR_activity-substrate-2,venusmuthub-v1::3FCR_activity-substrate-2,venus-3876c90807a78d74,3FCR,confirmation-family-e678e1524a91,esm2_8m,458,,,,,,0.0,,,2.4368496606266836,1.1442429077611598,0.0,0.8534229477950932,0.1465770522049068,mixed,activity,masked-protein-language-model,sequence,clean,no,True,True,,
variantshift-external-development-pilot-v1,venusmuthub-v1,venusmuthub-v1,3FCR_activity-substrate-2,venusmuthub-v1::3FCR_activity-substrate-2,venus-3876c90807a78d74,3FCR,confirmation-family-e678e1524a91,vespag,458,,,,,,0.0,,,1.5314462604782735,1.1832982782588999,0.0,0.8777388832840559,0.12226111671594408,mixed,activity,distilled-evolutionary-variant-effect-model,sequence,known,no,True,True,,
variantshift-external-development-pilot-v1,venusmuthub-v1,venusmuthub-v1,A2RJT9_DCIP_activity,venusmuthub-v1::A2RJT9_DCIP_activity,venus-39a9db03eeb2ed00,A2RJT9,clan:CL0036,carp_640m,311,,,,,,0.0,0.5503,0.9421221864951769,3.3148159229735796,1.338294567630616,0.0,0.9201410861174069,0.07985891388259314,mixed,activity,convolutional-protein-language-model,sequence,possible,yes,True,True,False,True
variantshift-external-development-pilot-v1,venusmuthub-v1,venusmuthub-v1,A2RJT9_DCIP_activity,venusmuthub-v1::A2RJT9_DCIP_activity,venus-39a9db03eeb2ed00,A2RJT9,clan:CL0036,esm2_150m,311,,,,,,0.0,0.5503,0.9421221864951769,3.1200968934198783,1.3655788049453073,0.0,0.923558893897882,0.07644110610211796,mixed,activity,masked-protein-language-model,sequence,possible,yes,True,True,False,True
variantshift-external-development-pilot-v1,venusmuthub-v1,venusmuthub-v1,A2RJT9_DCIP_activity,venusmuthub-v1::A2RJT9_DCIP_activity,venus-39a9db03eeb2ed00,A2RJT9,clan:CL0036,esm2_35m,311,,,,,,0.0,0.5503,0.9421221864951769,2.7152976755027263,1.3656071389052042,0.0,0.8670885906204692,0.13291140937953083,mixed,activity,masked-protein-language-model,sequence,possible,yes,True,True,False,True
variantshift-external-development-pilot-v1,venusmuthub-v1,venusmuthub-v1,A2RJT9_DCIP_activity,venusmuthub-v1::A2RJT9_DCIP_activity,venus-39a9db03eeb2ed00,A2RJT9,clan:CL0036,esm2_650m,311,,,,,,0.0,0.5503,0.9421221864951769,3.924039000039184,1.5036372314838093,0.0,0.9134523302330898,0.0865476697669102,mixed,activity,masked-protein-language-model,sequence,possible,yes,True,True,False,True
variantshift-external-development-pilot-v1,venusmuthub-v1,venusmuthub-v1,A2RJT9_DCIP_activity,venusmuthub-v1::A2RJT9_DCIP_activity,venus-39a9db03eeb2ed00,A2RJT9,clan:CL0036,esm2_8m,311,,,,,,0.0,0.5503,0.9421221864951769,1.6001572790316818,1.1862741132177987,0.0,0.7363843936338252,0.26361560636617476,mixed,activity,masked-protein-language-model,sequence,possible,yes,True,True,False,True
variantshift-external-development-pilot-v1,venusmuthub-v1,venusmuthub-v1,A2RJT9_DCIP_activity,venusmuthub-v1::A2RJT9_DCIP_activity,venus-39a9db03eeb2ed00,A2RJT9,clan:CL0036,vespag,311,,,,,,0.0,0.5503,0.9421221864951769,1.59973326008541,1.3707975213659098,0.0,0.8712688384955185,0.1287311615044815,mixed,activity,distilled-evolutionary-variant-effect-model,sequence,known,yes,True,True,False,True
variantshift-external-development-pilot-v1,venusmuthub-v1,venusmuthub-v1,A2RJT9_oxygen_activity,venusmuthub-v1::A2RJT9_oxygen_activity,venus-39a9db03eeb2ed00,A2RJT9,clan:CL0036,carp_640m,311,,,,,,0.0,0.5503,0.9421221864951769,3.3148159229735796,1.338294567630616,0.0,0.9201410861174069,0.07985891388259314,mixed,activity,convolutional-protein-language-model,sequence,possible,yes,True,True,False,True
variantshift-external-development-pilot-v1,venusmuthub-v1,venusmuthub-v1,A2RJT9_oxygen_activity,venusmuthub-v1::A2RJT9_oxygen_activity,venus-39a9db03eeb2ed00,A2RJT9,clan:CL0036,esm2_150m,311,,,,,,0.0,0.5503,0.9421221864951769,3.1200968934198783,1.3655788049453073,0.0,0.923558893897882,0.07644110610211796,mixed,activity,masked-protein-language-model,sequence,possible,yes,True,True,False,True
variantshift-external-development-pilot-v1,venusmuthub-v1,venusmuthub-v1,A2RJT9_oxygen_activity,venusmuthub-v1::A2RJT9_oxygen_activity,venus-39a9db03eeb2ed00,A2RJT9,clan:CL0036,esm2_35m,311,,,,,,0.0,0.5503,0.9421221864951769,2.7152976755027263,1.3656071389052042,0.0,0.8670885906204692,0.13291140937953083,mixed,activity,masked-protein-language-model,sequence,possible,yes,True,True,False,True
variantshift-external-development-pilot-v1,venusmuthub-v1,venusmuthub-v1,A2RJT9_oxygen_activity,venusmuthub-v1::A2RJT9_oxygen_activity,venus-39a9db03eeb2ed00,A2RJT9,clan:CL0036,esm2_650m,311,,,,,,0.0,0.5503,0.9421221864951769,3.924039000039184,1.5036372314838093,0.0,0.9134523302330898,0.0865476697669102,mixed,activity,masked-protein-language-model,sequence,possible,yes,True,True,False,True
variantshift-external-development-pilot-v1,venusmuthub-v1,venusmuthub-v1,A2RJT9_oxygen_activity,venusmuthub-v1::A2RJT9_oxygen_activity,venus-39a9db03eeb2ed00,A2RJT9,clan:CL0036,esm2_8m,311,,,,,,0.0,0.5503,0.9421221864951769,1.6001572790316818,1.1862741132177987,0.0,0.7363843936338252,0.26361560636617476,mixed,activity,masked-protein-language-model,sequence,possible,yes,True,True,False,True
variantshift-external-development-pilot-v1,venusmuthub-v1,venusmuthub-v1,A2RJT9_oxygen_activity,venusmuthub-v1::A2RJT9_oxygen_activity,venus-39a9db03eeb2ed00,A2RJT9,clan:CL0036,vespag,311,,,,,,0.0,0.5503,0.9421221864951769,1.59973326008541,1.3707975213659098,0.0,0.8712688384955185,0.1287311615044815,mixed,activity,distilled-evolutionary-variant-effect-model,sequence,known,yes,True,True,False,True
variantshift-external-development-pilot-v1,venusmuthub-v1,venusmuthub-v1,P24058_vmax,venusmuthub-v1::P24058_vmax,venus-454b0fb8de143bcd,P24058,multi:654eaac22e91,carp_640m,468,,,,,,0.0,0.3146,0.7756410256410257,4.263347890220815,1.6232706559044097,0.0,0.9303891087522105,0.06961089124778952,mixed,activity,convolutional-protein-language-model,sequence,possible,yes,True,True,,True
variantshift-external-development-pilot-v1,venusmuthub-v1,venusmuthub-v1,P24058_vmax,venusmuthub-v1::P24058_vmax,venus-454b0fb8de143bcd,P24058,multi:654eaac22e91,esm2_150m,468,,,,,,0.0,0.3146,0.7756410256410257,3.3469306561859185,1.5014395285463962,0.0,0.9180726045724135,0.08192739542758654,mixed,activity,masked-protein-language-model,sequence,possible,yes,True,True,,True
variantshift-external-development-pilot-v1,venusmuthub-v1,venusmuthub-v1,P24058_vmax,venusmuthub-v1::P24058_vmax,venus-454b0fb8de143bcd,P24058,multi:654eaac22e91,esm2_35m,468,,,,,,0.0,0.3146,0.7756410256410257,1.2846132267071864,1.4227268988066537,0.0,0.5705831136537274,0.4294168863462726,mixed,activity,masked-protein-language-model,sequence,possible,yes,True,True,,True
variantshift-external-development-pilot-v1,venusmuthub-v1,venusmuthub-v1,P24058_vmax,venusmuthub-v1::P24058_vmax,venus-454b0fb8de143bcd,P24058,multi:654eaac22e91,esm2_650m,468,,,,,,0.0,0.3146,0.7756410256410257,3.838581477753444,1.6241675676187353,0.0,0.9299005705506034,0.07009942944939662,mixed,activity,masked-protein-language-model,sequence,possible,yes,True,True,,True
variantshift-external-development-pilot-v1,venusmuthub-v1,venusmuthub-v1,P24058_vmax,venusmuthub-v1::P24058_vmax,venus-454b0fb8de143bcd,P24058,multi:654eaac22e91,esm2_8m,468,,,,,,0.0,0.3146,0.7756410256410257,1.2954541208483996,1.385184684168765,0.0,0.5687983352488386,0.4312016647511614,mixed,activity,masked-protein-language-model,sequence,possible,yes,True,True,,True
variantshift-external-development-pilot-v1,venusmuthub-v1,venusmuthub-v1,P24058_vmax,venusmuthub-v1::P24058_vmax,venus-454b0fb8de143bcd,P24058,multi:654eaac22e91,vespag,468,,,,,,0.0,0.3146,0.7756410256410257,1.739255608466104,1.261917858793686,0.0,0.9180726045724135,0.08192739542758654,mixed,activity,distilled-evolutionary-variant-effect-model,sequence,known,yes,True,True,,True
variantshift-external-development-pilot-v1,venusmuthub-v1,venusmuthub-v1,A0A059TC02_activity,venusmuthub-v1::A0A059TC02_activity,venus-4d282f160e018c4f,A0A059TC02,clan:CL0063,carp_640m,333,,,,,,0.0,0.4543,0.6996996996996997,3.740945619516754,1.8053375477565834,0.0,0.8574859430390055,0.1425140569609945,mixed,activity,convolutional-protein-language-model,sequence,possible,yes,True,True,False,True
variantshift-external-development-pilot-v1,venusmuthub-v1,venusmuthub-v1,A0A059TC02_activity,venusmuthub-v1::A0A059TC02_activity,venus-4d282f160e018c4f,A0A059TC02,clan:CL0063,esm2_150m,333,,,,,,0.0,0.4543,0.6996996996996997,3.4091993378082615,1.167569274528498,0.0,0.9044511484148254,0.09554885158517457,mixed,activity,masked-protein-language-model,sequence,possible,yes,True,True,False,True
variantshift-external-development-pilot-v1,venusmuthub-v1,venusmuthub-v1,A0A059TC02_activity,venusmuthub-v1::A0A059TC02_activity,venus-4d282f160e018c4f,A0A059TC02,clan:CL0063,esm2_35m,333,,,,,,0.0,0.4543,0.6996996996996997,3.103764456391307,1.118841950193154,0.0,0.9159987993776337,0.08400120062236627,mixed,activity,masked-protein-language-model,sequence,possible,yes,True,True,False,True
variantshift-external-development-pilot-v1,venusmuthub-v1,venusmuthub-v1,A0A059TC02_activity,venusmuthub-v1::A0A059TC02_activity,venus-4d282f160e018c4f,A0A059TC02,clan:CL0063,esm2_650m,333,,,,,,0.0,0.4543,0.6996996996996997,3.6114363192821397,1.321591258899067,0.0,0.9159987993776337,0.08400120062236627,mixed,activity,masked-protein-language-model,sequence,possible,yes,True,True,False,True
variantshift-external-development-pilot-v1,venusmuthub-v1,venusmuthub-v1,A0A059TC02_activity,venusmuthub-v1::A0A059TC02_activity,venus-4d282f160e018c4f,A0A059TC02,clan:CL0063,esm2_8m,333,,,,,,0.0,0.4543,0.6996996996996997,2.433176821839109,1.0936609577116825,0.0,0.868187405336032,0.131812594663968,mixed,activity,masked-protein-language-model,sequence,possible,yes,True,True,False,True
variantshift-external-development-pilot-v1,venusmuthub-v1,venusmuthub-v1,A0A059TC02_activity,venusmuthub-v1::A0A059TC02_activity,venus-4d282f160e018c4f,A0A059TC02,clan:CL0063,vespag,333,,,,,,0.0,0.4543,0.6996996996996997,1.6261786210482527,1.0509598800502948,0.0,0.8913595982929763,0.10864040170702371,mixed,activity,distilled-evolutionary-variant-effect-model,sequence,known,yes,True,True,False,True
variantshift-external-development-pilot-v1,venusmuthub-v1,venusmuthub-v1,C6DAH4_activity,venusmuthub-v1::C6DAH4_activity,venus-64be3ba2a292eb0f,C6DAH4,clan:CL0334,carp_640m,282,,,,,,0.0,0.2741,0.6595744680851063,3.854912888193808,1.191308612815659,0.0,0.8843108262895467,0.11568917371045329,mixed,activity,convolutional-protein-language-model,sequence,possible,yes,True,True,True,True
variantshift-external-development-pilot-v1,venusmuthub-v1,venusmuthub-v1,C6DAH4_activity,venusmuthub-v1::C6DAH4_activity,venus-64be3ba2a292eb0f,C6DAH4,clan:CL0334,esm2_150m,282,,,,,,0.0,0.2741,0.6595744680851063,2.990407444650114,0.7759217923457027,0.0,0.8107986604417474,0.18920133955825258,mixed,activity,masked-protein-language-model,sequence,possible,yes,True,True,True,True
variantshift-external-development-pilot-v1,venusmuthub-v1,venusmuthub-v1,C6DAH4_activity,venusmuthub-v1::C6DAH4_activity,venus-64be3ba2a292eb0f,C6DAH4,clan:CL0334,esm2_35m,282,,,,,,0.0,0.2741,0.6595744680851063,0.8846648720917203,1.4509531584226911,0.0,0.6123108758759546,0.38768912412404544,mixed,activity,masked-protein-language-model,sequence,possible,yes,True,True,True,True
variantshift-external-development-pilot-v1,venusmuthub-v1,venusmuthub-v1,C6DAH4_activity,venusmuthub-v1::C6DAH4_activity,venus-64be3ba2a292eb0f,C6DAH4,clan:CL0334,esm2_650m,282,,,,,,0.0,0.2741,0.6595744680851063,4.289191551696216,1.3496547285214737,0.0,0.8429539030941046,0.15704609690589544,mixed,activity,masked-protein-language-model,sequence,possible,yes,True,True,True,True
variantshift-external-development-pilot-v1,venusmuthub-v1,venusmuthub-v1,C6DAH4_activity,venusmuthub-v1::C6DAH4_activity,venus-64be3ba2a292eb0f,C6DAH4,clan:CL0334,esm2_8m,282,,,,,,0.0,0.2741,0.6595744680851063,0.903537277466896,1.513186507797174,0.0,0.6273671831981386,0.37263281680186144,mixed,activity,masked-protein-language-model,sequence,possible,yes,True,True,True,True
variantshift-external-development-pilot-v1,venusmuthub-v1,venusmuthub-v1,C6DAH4_activity,venusmuthub-v1::C6DAH4_activity,venus-64be3ba2a292eb0f,C6DAH4,clan:CL0334,vespag,282,,,,,,0.0,0.2741,0.6595744680851063,1.8051351973690337,1.3048530510519125,0.0,0.8107986604417474,0.18920133955825258,mixed,activity,distilled-evolutionary-variant-effect-model,sequence,known,yes,True,True,True,True
variantshift-external-development-pilot-v1,venusmuthub-v1,venusmuthub-v1,P78330_activity,venusmuthub-v1::P78330_activity,venus-6df418116e5febc9,P78330,clan:CL0137,carp_640m,225,,,,,,0.0,0.3688,0.7688888888888888,4.342557433397451,1.6634320394409543,0.0,0.9279765995807772,0.07202340041922284,mixed,activity,convolutional-protein-language-model,sequence,possible,yes,True,True,True,True
variantshift-external-development-pilot-v1,venusmuthub-v1,venusmuthub-v1,P78330_activity,venusmuthub-v1::P78330_activity,venus-6df418116e5febc9,P78330,clan:CL0137,esm2_150m,225,,,,,,0.0,0.3688,0.7688888888888888,4.043766193491215,1.406898469784448,0.0,0.9177764871218155,0.08222351287818452,mixed,activity,masked-protein-language-model,sequence,possible,yes,True,True,True,True
variantshift-external-development-pilot-v1,venusmuthub-v1,venusmuthub-v1,P78330_activity,venusmuthub-v1::P78330_activity,venus-6df418116e5febc9,P78330,clan:CL0137,esm2_35m,225,,,,,,0.0,0.3688,0.7688888888888888,3.3073031429492583,1.2023395326649964,0.0,0.8636438867729717,0.13635611322702834,mixed,activity,masked-protein-language-model,sequence,possible,yes,True,True,True,True
variantshift-external-development-pilot-v1,venusmuthub-v1,venusmuthub-v1,P78330_activity,venusmuthub-v1::P78330_activity,venus-6df418116e5febc9,P78330,clan:CL0137,esm2_650m,225,,,,,,0.0,0.3688,0.7688888888888888,4.12949549817461,1.9003923278475736,0.0,0.9177764871218155,0.08222351287818452,mixed,activity,masked-protein-language-model,sequence,possible,yes,True,True,True,True
variantshift-external-development-pilot-v1,venusmuthub-v1,venusmuthub-v1,P78330_activity,venusmuthub-v1::P78330_activity,venus-6df418116e5febc9,P78330,clan:CL0137,esm2_8m,225,,,,,,0.0,0.3688,0.7688888888888888,2.355479400696254,1.0781806398510594,0.0,0.7317822588894001,0.2682177411105999,mixed,activity,masked-protein-language-model,sequence,possible,yes,True,True,True,True
variantshift-external-development-pilot-v1,venusmuthub-v1,venusmuthub-v1,P78330_activity,venusmuthub-v1::P78330_activity,venus-6df418116e5febc9,P78330,clan:CL0137,vespag,225,,,,,,0.0,0.3688,0.7688888888888888,1.8264065657203592,1.2515967933038532,0.0,0.9268500458728897,0.07314995412711034,mixed,activity,distilled-evolutionary-variant-effect-model,sequence,known,yes,True,True,True,True
variantshift-external-development-pilot-v1,venusmuthub-v1,venusmuthub-v1,7LOO_activity,venusmuthub-v1::7LOO_activity,venus-7e0f1f31cc7ee851,7LOO,confirmation-family-22aaa361d52f,carp_640m,384,,,,,,0.0,,,4.193655797006336,1.7947424673500372,0.0,0.5951916225117604,0.4048083774882396,mixed,activity,convolutional-protein-language-model,sequence,clean,no,True,True,,
variantshift-external-development-pilot-v1,venusmuthub-v1,venusmuthub-v1,7LOO_activity,venusmuthub-v1::7LOO_activity,venus-7e0f1f31cc7ee851,7LOO,confirmation-family-22aaa361d52f,esm2_150m,384,,,,,,0.0,,,1.1529818051555267,1.4733659764430485,0.0,0.6390011887193322,0.3609988112806678,mixed,activity,masked-protein-language-model,sequence,clean,no,True,True,,
variantshift-external-development-pilot-v1,venusmuthub-v1,venusmuthub-v1,7LOO_activity,venusmuthub-v1::7LOO_activity,venus-7e0f1f31cc7ee851,7LOO,confirmation-family-22aaa361d52f,esm2_35m,384,,,,,,0.0,,,1.1337930669420746,1.5502193580770625,0.0,0.6286731130403516,0.37132688695964844,mixed,activity,masked-protein-language-model,sequence,clean,no,True,True,,
variantshift-external-development-pilot-v1,venusmuthub-v1,venusmuthub-v1,7LOO_activity,venusmuthub-v1::7LOO_activity,venus-7e0f1f31cc7ee851,7LOO,confirmation-family-22aaa361d52f,esm2_650m,384,,,,,,0.0,,,3.8510726084326836,1.2865276858382266,0.0,0.6390011887193322,0.3609988112806678,mixed,activity,masked-protein-language-model,sequence,clean,no,True,True,,
variantshift-external-development-pilot-v1,venusmuthub-v1,venusmuthub-v1,7LOO_activity,venusmuthub-v1::7LOO_activity,venus-7e0f1f31cc7ee851,7LOO,confirmation-family-22aaa361d52f,esm2_8m,384,,,,,,0.0,,,1.0931951230054109,1.5116977398382556,0.0,0.6220873167733791,0.37791268322662086,mixed,activity,masked-protein-language-model,sequence,clean,no,True,True,,
variantshift-external-development-pilot-v1,venusmuthub-v1,venusmuthub-v1,7LOO_activity,venusmuthub-v1::7LOO_activity,venus-7e0f1f31cc7ee851,7LOO,confirmation-family-22aaa361d52f,vespag,384,,,,,,0.0,,,1.6861384006988163,1.3763518746705627,0.0,0.5871019375171848,0.41289806248281524,mixed,activity,distilled-evolutionary-variant-effect-model,sequence,known,no,True,True,,
variantshift-external-development-pilot-v1,venusmuthub-v1,venusmuthub-v1,Q8LPL7_activity,venusmuthub-v1::Q8LPL7_activity,venus-a60540654b3cbbf9,Q8LPL7,clan:CL0036,carp_640m,355,,,,,,0.0,0.4267,0.9492957746478873,3.9197588206842084,1.3272323466780227,0.0,0.9395773782080754,0.06042262179192459,mixed,activity,convolutional-protein-language-model,sequence,possible,yes,True,True,False,True
variantshift-external-development-pilot-v1,venusmuthub-v1,venusmuthub-v1,Q8LPL7_activity,venusmuthub-v1::Q8LPL7_activity,venus-a60540654b3cbbf9,Q8LPL7,clan:CL0036,esm2_150m,355,,,,,,0.0,0.4267,0.9492957746478873,3.671915888019791,1.1860251439437088,0.0,0.9251012599535675,0.07489874004643249,mixed,activity,masked-protein-language-model,sequence,possible,yes,True,True,False,True
variantshift-external-development-pilot-v1,venusmuthub-v1,venusmuthub-v1,Q8LPL7_activity,venusmuthub-v1::Q8LPL7_activity,venus-a60540654b3cbbf9,Q8LPL7,clan:CL0036,esm2_35m,355,,,,,,0.0,0.4267,0.9492957746478873,2.8654511878021283,1.1369370172493432,0.0,0.8678611625817958,0.1321388374182042,mixed,activity,masked-protein-language-model,sequence,possible,yes,True,True,False,True
variantshift-external-development-pilot-v1,venusmuthub-v1,venusmuthub-v1,Q8LPL7_activity,venusmuthub-v1::Q8LPL7_activity,venus-a60540654b3cbbf9,Q8LPL7,clan:CL0036,esm2_650m,355,,,,,,0.0,0.4267,0.9492957746478873,4.345919422449696,1.4527698875272854,0.0,0.9391490540784295,0.060850945921570476,mixed,activity,masked-protein-language-model,sequence,possible,yes,True,True,False,True
variantshift-external-development-pilot-v1,venusmuthub-v1,venusmuthub-v1,Q8LPL7_activity,venusmuthub-v1::Q8LPL7_activity,venus-a60540654b3cbbf9,Q8LPL7,clan:CL0036,esm2_8m,355,,,,,,0.0,0.4267,0.9492957746478873,1.7846616115523126,1.229167427515091,0.0,0.7215823052512012,0.27841769474879885,mixed,activity,masked-protein-language-model,sequence,possible,yes,True,True,False,True
variantshift-external-development-pilot-v1,venusmuthub-v1,venusmuthub-v1,Q8LPL7_activity,venusmuthub-v1::Q8LPL7_activity,venus-a60540654b3cbbf9,Q8LPL7,clan:CL0036,vespag,355,,,,,,0.0,0.4267,0.9492957746478873,1.7671441322981014,1.1198687914056444,0.0,0.9251012599535675,0.07489874004643249,mixed,activity,distilled-evolutionary-variant-effect-model,sequence,known,yes,True,True,False,True
variantshift-external-development-pilot-v1,venusmuthub-v1,venusmuthub-v1,O94220_activity,venusmuthub-v1::O94220_activity,venus-b1ee988208ad234a,O94220,multi:4ffed4e5e6ef,carp_640m,516,,,,,,0.0,0.2665,0.9108527131782945,3.2017140696326796,1.3438327202764897,0.0,0.921206510468231,0.07879348953176901,mixed,activity,convolutional-protein-language-model,sequence,possible,yes,True,True,False,True
variantshift-external-development-pilot-v1,venusmuthub-v1,venusmuthub-v1,O94220_activity,venusmuthub-v1::O94220_activity,venus-b1ee988208ad234a,O94220,multi:4ffed4e5e6ef,esm2_150m,516,,,,,,0.0,0.2665,0.9108527131782945,3.156832340293814,1.348457223779352,0.0,0.9291600787689318,0.07083992123106819,mixed,activity,masked-protein-language-model,sequence,possible,yes,True,True,False,True
variantshift-external-development-pilot-v1,venusmuthub-v1,venusmuthub-v1,O94220_activity,venusmuthub-v1::O94220_activity,venus-b1ee988208ad234a,O94220,multi:4ffed4e5e6ef,esm2_35m,516,,,,,,0.0,0.2665,0.9108527131782945,2.8095058155468866,1.177560621023187,0.0,0.8982929732067179,0.10170702679328214,mixed,activity,masked-protein-language-model,sequence,possible,yes,True,True,False,True
variantshift-external-development-pilot-v1,venusmuthub-v1,venusmuthub-v1,O94220_activity,venusmuthub-v1::O94220_activity,venus-b1ee988208ad234a,O94220,multi:4ffed4e5e6ef,esm2_650m,516,,,,,,0.0,0.2665,0.9108527131782945,3.4850449739592535,1.4327815247598348,0.0,0.8982929732067179,0.10170702679328214,mixed,activity,masked-protein-language-model,sequence,possible,yes,True,True,False,True
variantshift-external-development-pilot-v1,venusmuthub-v1,venusmuthub-v1,O94220_activity,venusmuthub-v1::O94220_activity,venus-b1ee988208ad234a,O94220,multi:4ffed4e5e6ef,esm2_8m,516,,,,,,0.0,0.2665,0.9108527131782945,2.120742501874116,1.076248492257842,0.0,0.7947840199376415,0.20521598006235853,mixed,activity,masked-protein-language-model,sequence,possible,yes,True,True,False,True
variantshift-external-development-pilot-v1,venusmuthub-v1,venusmuthub-v1,O94220_activity,venusmuthub-v1::O94220_activity,venus-b1ee988208ad234a,O94220,multi:4ffed4e5e6ef,vespag,516,,,,,,0.0,0.2665,0.9108527131782945,1.6045645470232657,1.1703712465151912,0.0,0.8605912999959158,0.13940870000408423,mixed,activity,distilled-evolutionary-variant-effect-model,sequence,known,yes,True,True,False,True
variantshift-external-development-pilot-v1,venusmuthub-v1,venusmuthub-v1,P80036_activity,venusmuthub-v1::P80036_activity,venus-b2c012e22fa464aa,P80036,clan:CL0036,carp_640m,314,,,,,,0.0,0.5052,0.37898089171974525,3.2772103374385857,1.2055342265100686,0.0,0.8425806530388148,0.1574193469611852,mixed,activity,convolutional-protein-language-model,sequence,possible,yes,True,True,False,True
variantshift-external-development-pilot-v1,venusmuthub-v1,venusmuthub-v1,P80036_activity,venusmuthub-v1::P80036_activity,venus-b2c012e22fa464aa,P80036,clan:CL0036,esm2_150m,314,,,,,,0.0,0.5052,0.37898089171974525,2.7577518591754338,1.0990397981114155,0.0,0.869529519091148,0.13047048090885205,mixed,activity,masked-protein-language-model,sequence,possible,yes,True,True,False,True
variantshift-external-development-pilot-v1,venusmuthub-v1,venusmuthub-v1,P80036_activity,venusmuthub-v1::P80036_activity,venus-b2c012e22fa464aa,P80036,clan:CL0036,esm2_35m,314,,,,,,0.0,0.5052,0.37898089171974525,2.178805331537089,1.3448957475751047,0.0,0.8425806530388148,0.1574193469611852,mixed,activity,masked-protein-language-model,sequence,possible,yes,True,True,False,True
variantshift-external-development-pilot-v1,venusmuthub-v1,venusmuthub-v1,P80036_activity,venusmuthub-v1::P80036_activity,venus-b2c012e22fa464aa,P80036,clan:CL0036,esm2_650m,314,,,,,,0.0,0.5052,0.37898089171974525,3.5643361547211354,1.2861034651923433,0.0,0.8691990911705539,0.13080090882944606,mixed,activity,masked-protein-language-model,sequence,possible,yes,True,True,False,True
variantshift-external-development-pilot-v1,venusmuthub-v1,venusmuthub-v1,P80036_activity,venusmuthub-v1::P80036_activity,venus-b2c012e22fa464aa,P80036,clan:CL0036,esm2_8m,314,,,,,,0.0,0.5052,0.37898089171974525,1.9330946746499489,1.3852921368452407,0.0,0.8060262967553207,0.19397370324467933,mixed,activity,masked-protein-language-model,sequence,possible,yes,True,True,False,True
variantshift-external-development-pilot-v1,venusmuthub-v1,venusmuthub-v1,P80036_activity,venusmuthub-v1::P80036_activity,venus-b2c012e22fa464aa,P80036,clan:CL0036,vespag,314,,,,,,0.0,0.5052,0.37898089171974525,1.4302055690371027,1.1525910505301777,0.0,0.7609871443246858,0.23901285567531416,mixed,activity,distilled-evolutionary-variant-effect-model,sequence,known,yes,True,True,False,True
variantshift-external-development-pilot-v1,venusmuthub-v1,venusmuthub-v1,E8RUP5_activity,venusmuthub-v1::E8RUP5_activity,venus-ba768a97843a2ef2,E8RUP5,clan:CL0028,carp_640m,695,,,,,,0.0,0.2437,0.22302158273381295,3.327290560707086,1.3218260807996012,0.0,0.8765139182313503,0.12348608176864972,mixed,activity,convolutional-protein-language-model,sequence,possible,yes,True,True,False,True
variantshift-external-development-pilot-v1,venusmuthub-v1,venusmuthub-v1,E8RUP5_activity,venusmuthub-v1::E8RUP5_activity,venus-ba768a97843a2ef2,E8RUP5,clan:CL0028,esm2_150m,695,,,,,,0.0,0.2437,0.22302158273381295,3.259069651296764,1.1570471419600743,0.0,0.8945597962001854,0.10544020379981456,mixed,activity,masked-protein-language-model,sequence,possible,yes,True,True,False,True
variantshift-external-development-pilot-v1,venusmuthub-v1,venusmuthub-v1,E8RUP5_activity,venusmuthub-v1::E8RUP5_activity,venus-ba768a97843a2ef2,E8RUP5,clan:CL0028,esm2_35m,695,,,,,,0.0,0.2437,0.22302158273381295,2.5181957964601076,1.1002938891812328,0.0,0.8530582227447296,0.14694177725527036,mixed,activity,masked-protein-language-model,sequence,possible,yes,True,True,False,True
variantshift-external-development-pilot-v1,venusmuthub-v1,venusmuthub-v1,E8RUP5_activity,venusmuthub-v1::E8RUP5_activity,venus-ba768a97843a2ef2,E8RUP5,clan:CL0028,esm2_650m,695,,,,,,0.0,0.2437,0.22302158273381295,3.698333902565753,1.287843633530513,0.0,0.8947691932592672,0.10523080674073282,mixed,activity,masked-protein-language-model,sequence,possible,yes,True,True,False,True
variantshift-external-development-pilot-v1,venusmuthub-v1,venusmuthub-v1,E8RUP5_activity,venusmuthub-v1::E8RUP5_activity,venus-ba768a97843a2ef2,E8RUP5,clan:CL0028,esm2_8m,695,,,,,,0.0,0.2437,0.22302158273381295,2.082914765186626,1.1446027412792612,0.0,0.8148535686357083,0.18514643136429165,mixed,activity,masked-protein-language-model,sequence,possible,yes,True,True,False,True
variantshift-external-development-pilot-v1,venusmuthub-v1,venusmuthub-v1,E8RUP5_activity,venusmuthub-v1::E8RUP5_activity,venus-ba768a97843a2ef2,E8RUP5,clan:CL0028,vespag,695,,,,,,0.0,0.2437,0.22302158273381295,1.4633120004200435,1.1737093711265267,0.0,0.8365978465301254,0.16340215346987463,mixed,activity,distilled-evolutionary-variant-effect-model,sequence,known,yes,True,True,False,True
variantshift-external-development-pilot-v1,venusmuthub-v1,venusmuthub-v1,Q86XE5_kcat,venusmuthub-v1::Q86XE5_kcat,venus-bff43a6e4a79b5f8,Q86XE5,clan:CL0036,carp_640m,327,,,,,,0.0,0.4917,0.8685015290519877,5.044556844253465,1.8070237185195765,0.0,0.861335317024857,0.138664682975143,mixed,activity,convolutional-protein-language-model,sequence,possible,yes,True,True,False,True
variantshift-external-development-pilot-v1,venusmuthub-v1,venusmuthub-v1,Q86XE5_kcat,venusmuthub-v1::Q86XE5_kcat,venus-bff43a6e4a79b5f8,Q86XE5,clan:CL0036,esm2_150m,327,,,,,,0.0,0.4917,0.8685015290519877,3.3957167239737003,1.2789982790655023,0.0,0.9092494838498437,0.09075051615015628,mixed,activity,masked-protein-language-model,sequence,possible,yes,True,True,False,True
variantshift-external-development-pilot-v1,venusmuthub-v1,venusmuthub-v1,Q86XE5_kcat,venusmuthub-v1::Q86XE5_kcat,venus-bff43a6e4a79b5f8,Q86XE5,clan:CL0036,esm2_35m,327,,,,,,0.0,0.4917,0.8685015290519877,2.8285429351984206,1.306368033575932,0.0,0.9002171170729236,0.09978288292707638,mixed,activity,masked-protein-language-model,sequence,possible,yes,True,True,False,True
variantshift-external-development-pilot-v1,venusmuthub-v1,venusmuthub-v1,Q86XE5_kcat,venusmuthub-v1::Q86XE5_kcat,venus-bff43a6e4a79b5f8,Q86XE5,clan:CL0036,esm2_650m,327,,,,,,0.0,0.4917,0.8685015290519877,3.929192009157395,1.332677907753266,0.0,0.9193776261739853,0.08062237382601467,mixed,activity,masked-protein-language-model,sequence,possible,yes,True,True,False,True
variantshift-external-development-pilot-v1,venusmuthub-v1,venusmuthub-v1,Q86XE5_kcat,venusmuthub-v1::Q86XE5_kcat,venus-bff43a6e4a79b5f8,Q86XE5,clan:CL0036,esm2_8m,327,,,,,,0.0,0.4917,0.8685015290519877,2.3081642514375855,1.3345742506641258,0.0,0.829695734008929,0.17030426599107096,mixed,activity,masked-protein-language-model,sequence,possible,yes,True,True,False,True
variantshift-external-development-pilot-v1,venusmuthub-v1,venusmuthub-v1,Q86XE5_kcat,venusmuthub-v1::Q86XE5_kcat,venus-bff43a6e4a79b5f8,Q86XE5,clan:CL0036,vespag,327,,,,,,0.0,0.4917,0.8685015290519877,1.6647393186167632,1.1633676472100993,0.0,0.9092494838498437,0.09075051615015628,mixed,activity,distilled-evolutionary-variant-effect-model,sequence,known,yes,True,True,False,True
variantshift-external-development-pilot-v1,venusmuthub-v1,venusmuthub-v1,P46849_activity,venusmuthub-v1::P46849_activity,venus-c71bd410457488cf,P46849,multi:4daad6fee050,carp_640m,338,,,,,,0.0,0.2935,0.9289940828402367,3.9253334062323932,1.4490081666149628,0.0,0.9384109467757564,0.06158905322424357,mixed,activity,convolutional-protein-language-model,sequence,possible,yes,True,True,True,True
variantshift-external-development-pilot-v1,venusmuthub-v1,venusmuthub-v1,P46849_activity,venusmuthub-v1::P46849_activity,venus-c71bd410457488cf,P46849,multi:4daad6fee050,esm2_150m,338,,,,,,0.0,0.2935,0.9289940828402367,3.564502339992832,1.422519251565559,0.0,0.9275695201494716,0.07243047985052842,mixed,activity,masked-protein-language-model,sequence,possible,yes,True,True,True,True
variantshift-external-development-pilot-v1,venusmuthub-v1,venusmuthub-v1,P46849_activity,venusmuthub-v1::P46849_activity,venus-c71bd410457488cf,P46849,multi:4daad6fee050,esm2_35m,338,,,,,,0.0,0.2935,0.9289940828402367,2.891096552171503,1.2645227690243803,0.0,0.8941666879466019,0.10583331205339808,mixed,activity,masked-protein-language-model,sequence,possible,yes,True,True,True,True
variantshift-external-development-pilot-v1,venusmuthub-v1,venusmuthub-v1,P46849_activity,venusmuthub-v1::P46849_activity,venus-c71bd410457488cf,P46849,multi:4daad6fee050,esm2_650m,338,,,,,,0.0,0.2935,0.9289940828402367,4.172276377494158,1.4448582606030433,0.0,0.9414274883998696,0.05857251160013044,mixed,activity,masked-protein-language-model,sequence,possible,yes,True,True,True,True
variantshift-external-development-pilot-v1,venusmuthub-v1,venusmuthub-v1,P46849_activity,venusmuthub-v1::P46849_activity,venus-c71bd410457488cf,P46849,multi:4daad6fee050,esm2_8m,338,,,,,,0.0,0.2935,0.9289940828402367,1.253591318003263,1.651352202207652,0.0,0.649931552245074,0.35006844775492596,mixed,activity,masked-protein-language-model,sequence,possible,yes,True,True,True,True
variantshift-external-development-pilot-v1,venusmuthub-v1,venusmuthub-v1,P46849_activity,venusmuthub-v1::P46849_activity,venus-c71bd410457488cf,P46849,multi:4daad6fee050,vespag,338,,,,,,0.0,0.2935,0.9289940828402367,1.7735678001760702,1.2150286224417228,0.0,0.9275695201494716,0.07243047985052842,mixed,activity,distilled-evolutionary-variant-effect-model,sequence,known,yes,True,True,True,True
variantshift-external-development-pilot-v1,venusmuthub-v1,venusmuthub-v1,P06802_activity,venusmuthub-v1::P06802_activity,venus-db874159a334ddcf,P06802,multi:eb3fae606cb9,carp_640m,906,,,,,,0.0,0.2357,0.6534216335540839,4.295678315636485,1.2906083610655508,0.0,0.8923675865381093,0.10763241346189067,mixed,activity,convolutional-protein-language-model,sequence,possible,yes,True,True,False,True
variantshift-external-development-pilot-v1,venusmuthub-v1,venusmuthub-v1,P06802_activity,venusmuthub-v1::P06802_activity,venus-db874159a334ddcf,P06802,multi:eb3fae606cb9,esm2_150m,906,,,,,,0.0,0.2357,0.6534216335540839,3.483560275233267,0.9810541586123444,0.0,0.8783181552108257,0.12168184478917432,mixed,activity,masked-protein-language-model,sequence,possible,yes,True,True,False,True
variantshift-external-development-pilot-v1,venusmuthub-v1,venusmuthub-v1,P06802_activity,venusmuthub-v1::P06802_activity,venus-db874159a334ddcf,P06802,multi:eb3fae606cb9,esm2_35m,906,,,,,,0.0,0.2357,0.6534216335540839,2.501980038369273,0.9137876992748437,0.0,0.8157963376024211,0.1842036623975789,mixed,activity,masked-protein-language-model,sequence,possible,yes,True,True,False,True
variantshift-external-development-pilot-v1,venusmuthub-v1,venusmuthub-v1,P06802_activity,venusmuthub-v1::P06802_activity,venus-db874159a334ddcf,P06802,multi:eb3fae606cb9,esm2_650m,906,,,,,,0.0,0.2357,0.6534216335540839,4.355786372725578,1.3852611527277467,0.0,0.907493894225407,0.09250610577459295,mixed,activity,masked-protein-language-model,sequence,possible,yes,True,True,False,True
variantshift-external-development-pilot-v1,venusmuthub-v1,venusmuthub-v1,P06802_activity,venusmuthub-v1::P06802_activity,venus-db874159a334ddcf,P06802,multi:eb3fae606cb9,esm2_8m,906,,,,,,0.0,0.2357,0.6534216335540839,1.5818399410674466,0.9803179922387526,0.0,0.680184128383889,0.319815871616111,mixed,activity,masked-protein-language-model,sequence,possible,yes,True,True,False,True
variantshift-external-development-pilot-v1,venusmuthub-v1,venusmuthub-v1,P06802_activity,venusmuthub-v1::P06802_activity,venus-db874159a334ddcf,P06802,multi:eb3fae606cb9,vespag,906,,,,,,0.0,0.2357,0.6534216335540839,1.6480780097807528,1.1333992068901013,0.0,0.875844099724426,0.124155900275574,mixed,activity,distilled-evolutionary-variant-effect-model,sequence,known,yes,True,True,False,True
variantshift-external-development-pilot-v1,venusmuthub-v1,venusmuthub-v1,Q70PR7_activity,venusmuthub-v1::Q70PR7_activity,venus-e2c390013035df74,Q70PR7,clan:CL0149,carp_640m,421,,,,,,0.0,0.2908,0.9548693586698337,3.210918198112579,1.2751100481474855,0.0,0.9260786860225982,0.07392131397740176,mixed,activity,convolutional-protein-language-model,sequence,possible,yes,True,True,True,True
variantshift-external-development-pilot-v1,venusmuthub-v1,venusmuthub-v1,Q70PR7_activity,venusmuthub-v1::Q70PR7_activity,venus-e2c390013035df74,Q70PR7,clan:CL0149,esm2_150m,421,,,,,,0.0,0.2908,0.9548693586698337,3.005105795455412,1.2625879446347068,0.0,0.9389676369129666,0.061032363087033414,mixed,activity,masked-protein-language-model,sequence,possible,yes,True,True,True,True
variantshift-external-development-pilot-v1,venusmuthub-v1,venusmuthub-v1,Q70PR7_activity,venusmuthub-v1::Q70PR7_activity,venus-e2c390013035df74,Q70PR7,clan:CL0149,esm2_35m,421,,,,,,0.0,0.2908,0.9548693586698337,2.7188415111816515,1.1374928849082038,0.0,0.9198124862820394,0.08018751371796062,mixed,activity,masked-protein-language-model,sequence,possible,yes,True,True,True,True
variantshift-external-development-pilot-v1,venusmuthub-v1,venusmuthub-v1,Q70PR7_activity,venusmuthub-v1::Q70PR7_activity,venus-e2c390013035df74,Q70PR7,clan:CL0149,esm2_650m,421,,,,,,0.0,0.2908,0.9548693586698337,3.3452399656632417,1.2733071805982834,0.0,0.9198124862820394,0.08018751371796062,mixed,activity,masked-protein-language-model,sequence,possible,yes,True,True,True,True
variantshift-external-development-pilot-v1,venusmuthub-v1,venusmuthub-v1,Q70PR7_activity,venusmuthub-v1::Q70PR7_activity,venus-e2c390013035df74,Q70PR7,clan:CL0149,esm2_8m,421,,,,,,0.0,0.2908,0.9548693586698337,1.4754574847896569,1.2474887796582437,0.0,0.7247833624929952,0.27521663750700476,mixed,activity,masked-protein-language-model,sequence,possible,yes,True,True,True,True
variantshift-external-development-pilot-v1,venusmuthub-v1,venusmuthub-v1,Q70PR7_activity,venusmuthub-v1::Q70PR7_activity,venus-e2c390013035df74,Q70PR7,clan:CL0149,vespag,421,,,,,,0.0,0.2908,0.9548693586698337,1.456577641939845,1.048913797008697,0.0,0.9069893509780842,0.0930106490219158,mixed,activity,distilled-evolutionary-variant-effect-model,sequence,known,yes,True,True,True,True
variantshift-external-development-pilot-v1,venusmuthub-v1,venusmuthub-v1,P73574_activity,venusmuthub-v1::P73574_activity,venus-e534b07a29d6ecf2,P73574,clan:CL0063,carp_640m,247,,,,,,0.0,0.4848,0.7854251012145749,4.300684034116742,1.7128133912333117,0.0,0.9280259880785331,0.07197401192146691,mixed,activity,convolutional-protein-language-model,sequence,possible,yes,True,True,False,True
variantshift-external-development-pilot-v1,venusmuthub-v1,venusmuthub-v1,P73574_activity,venusmuthub-v1::P73574_activity,venus-e534b07a29d6ecf2,P73574,clan:CL0063,esm2_150m,247,,,,,,0.0,0.4848,0.7854251012145749,3.9250097845530165,1.5783239344046045,0.0,0.9426258556037107,0.057374144396289295,mixed,activity,masked-protein-language-model,sequence,possible,yes,True,True,False,True
variantshift-external-development-pilot-v1,venusmuthub-v1,venusmuthub-v1,P73574_activity,venusmuthub-v1::P73574_activity,venus-e534b07a29d6ecf2,P73574,clan:CL0063,esm2_35m,247,,,,,,0.0,0.4848,0.7854251012145749,3.6305387594738843,1.519118579886189,0.0,0.9507892901477835,0.04921070985221654,mixed,activity,masked-protein-language-model,sequence,possible,yes,True,True,False,True
variantshift-external-development-pilot-v1,venusmuthub-v1,venusmuthub-v1,P73574_activity,venusmuthub-v1::P73574_activity,venus-e534b07a29d6ecf2,P73574,clan:CL0063,esm2_650m,247,,,,,,0.0,0.4848,0.7854251012145749,4.225286153632224,1.6156339859912476,0.0,0.9507892901477835,0.04921070985221654,mixed,activity,masked-protein-language-model,sequence,possible,yes,True,True,False,True
variantshift-external-development-pilot-v1,venusmuthub-v1,venusmuthub-v1,P73574_activity,venusmuthub-v1::P73574_activity,venus-e534b07a29d6ecf2,P73574,clan:CL0063,esm2_8m,247,,,,,,0.0,0.4848,0.7854251012145749,2.92301796074282,1.500879342358928,0.0,0.9229382450289318,0.07706175497106815,mixed,activity,masked-protein-language-model,sequence,possible,yes,True,True,False,True
variantshift-external-development-pilot-v1,venusmuthub-v1,venusmuthub-v1,P73574_activity,venusmuthub-v1::P73574_activity,venus-e534b07a29d6ecf2,P73574,clan:CL0063,vespag,247,,,,,,0.0,0.4848,0.7854251012145749,1.6611848271910814,1.3100812959654424,0.0,0.9200958279864739,0.07990417201352606,mixed,activity,distilled-evolutionary-variant-effect-model,sequence,known,yes,True,True,False,True
variantshift-external-development-pilot-v1,venusmuthub-v1,venusmuthub-v1,P36136_kcat,venusmuthub-v1::P36136_kcat,venus-e882ec45e80e2ece,P36136,clan:CL0071,carp_640m,271,,,,,,0.0,0.3216,0.6826568265682657,3.141639061430017,0.9465884577486648,0.0,0.8744553030752444,0.12554469692475556,mixed,activity,convolutional-protein-language-model,sequence,possible,yes,True,True,True,True
variantshift-external-development-pilot-v1,venusmuthub-v1,venusmuthub-v1,P36136_kcat,venusmuthub-v1::P36136_kcat,venus-e882ec45e80e2ece,P36136,clan:CL0071,esm2_150m,271,,,,,,0.0,0.3216,0.6826568265682657,2.5720760569940393,0.862614450075251,0.0,0.9048074205170409,0.09519257948295912,mixed,activity,masked-protein-language-model,sequence,possible,yes,True,True,True,True
variantshift-external-development-pilot-v1,venusmuthub-v1,venusmuthub-v1,P36136_kcat,venusmuthub-v1::P36136_kcat,venus-e882ec45e80e2ece,P36136,clan:CL0071,esm2_35m,271,,,,,,0.0,0.3216,0.6826568265682657,2.455713870856546,0.9340963885653588,0.0,0.887443788429973,0.11255621157002704,mixed,activity,masked-protein-language-model,sequence,possible,yes,True,True,True,True
variantshift-external-development-pilot-v1,venusmuthub-v1,venusmuthub-v1,P36136_kcat,venusmuthub-v1::P36136_kcat,venus-e882ec45e80e2ece,P36136,clan:CL0071,esm2_650m,271,,,,,,0.0,0.3216,0.6826568265682657,3.170529091547004,0.8684600598899609,0.0,0.887443788429973,0.11255621157002704,mixed,activity,masked-protein-language-model,sequence,possible,yes,True,True,True,True
variantshift-external-development-pilot-v1,venusmuthub-v1,venusmuthub-v1,P36136_kcat,venusmuthub-v1::P36136_kcat,venus-e882ec45e80e2ece,P36136,clan:CL0071,esm2_8m,271,,,,,,0.0,0.3216,0.6826568265682657,2.0123858096828937,0.9547593335656535,0.0,0.8435967883758191,0.15640321162418092,mixed,activity,masked-protein-language-model,sequence,possible,yes,True,True,True,True
variantshift-external-development-pilot-v1,venusmuthub-v1,venusmuthub-v1,P36136_kcat,venusmuthub-v1::P36136_kcat,venus-e882ec45e80e2ece,P36136,clan:CL0071,vespag,271,,,,,,0.0,0.3216,0.6826568265682657,1.4873801797181003,1.1452164186754112,0.0,0.7646725011821256,0.2353274988178744,mixed,activity,distilled-evolutionary-variant-effect-model,sequence,known,yes,True,True,True,True
variantshift-external-development-pilot-v1,venusmuthub-v1,venusmuthub-v1,P36136_vmax,venusmuthub-v1::P36136_vmax,venus-e882ec45e80e2ece,P36136,clan:CL0071,carp_640m,271,,,,,,0.0,0.3216,0.6826568265682657,3.141639061430017,0.9465884577486648,0.0,0.8744553030752444,0.12554469692475556,mixed,activity,convolutional-protein-language-model,sequence,possible,yes,True,True,True,True
variantshift-external-development-pilot-v1,venusmuthub-v1,venusmuthub-v1,P36136_vmax,venusmuthub-v1::P36136_vmax,venus-e882ec45e80e2ece,P36136,clan:CL0071,esm2_150m,271,,,,,,0.0,0.3216,0.6826568265682657,2.5720760569940393,0.862614450075251,0.0,0.9048074205170409,0.09519257948295912,mixed,activity,masked-protein-language-model,sequence,possible,yes,True,True,True,True
variantshift-external-development-pilot-v1,venusmuthub-v1,venusmuthub-v1,P36136_vmax,venusmuthub-v1::P36136_vmax,venus-e882ec45e80e2ece,P36136,clan:CL0071,esm2_35m,271,,,,,,0.0,0.3216,0.6826568265682657,2.455713870856546,0.9340963885653588,0.0,0.887443788429973,0.11255621157002704,mixed,activity,masked-protein-language-model,sequence,possible,yes,True,True,True,True
variantshift-external-development-pilot-v1,venusmuthub-v1,venusmuthub-v1,P36136_vmax,venusmuthub-v1::P36136_vmax,venus-e882ec45e80e2ece,P36136,clan:CL0071,esm2_650m,271,,,,,,0.0,0.3216,0.6826568265682657,3.170529091547004,0.8684600598899609,0.0,0.887443788429973,0.11255621157002704,mixed,activity,masked-protein-language-model,sequence,possible,yes,True,True,True,True
variantshift-external-development-pilot-v1,venusmuthub-v1,venusmuthub-v1,P36136_vmax,venusmuthub-v1::P36136_vmax,venus-e882ec45e80e2ece,P36136,clan:CL0071,esm2_8m,271,,,,,,0.0,0.3216,0.6826568265682657,2.0123858096828937,0.9547593335656535,0.0,0.8435967883758191,0.15640321162418092,mixed,activity,masked-protein-language-model,sequence,possible,yes,True,True,True,True
variantshift-external-development-pilot-v1,venusmuthub-v1,venusmuthub-v1,P36136_vmax,venusmuthub-v1::P36136_vmax,venus-e882ec45e80e2ece,P36136,clan:CL0071,vespag,271,,,,,,0.0,0.3216,0.6826568265682657,1.4873801797181003,1.1452164186754112,0.0,0.7646725011821256,0.2353274988178744,mixed,activity,distilled-evolutionary-variant-effect-model,sequence,known,yes,True,True,True,True
variantshift-external-development-pilot-v1,venusmuthub-v1,venusmuthub-v1,P25745_activity,venusmuthub-v1::P25745_activity,venus-f68755df0ab4af4d,P25745,multi:6bcd78cd6689,carp_640m,368,,,,,,0.0,0.3053,0.9239130434782609,4.781599072060562,1.4655548426130216,0.0,0.9417712901427022,0.05822870985729778,mixed,activity,convolutional-protein-language-model,sequence,possible,yes,True,True,True,True
variantshift-external-development-pilot-v1,venusmuthub-v1,venusmuthub-v1,P25745_activity,venusmuthub-v1::P25745_activity,venus-f68755df0ab4af4d,P25745,multi:6bcd78cd6689,esm2_150m,368,,,,,,0.0,0.3053,0.9239130434782609,4.0444057959042485,1.357252942704414,0.0,0.9367131170054948,0.06328688299450524,mixed,activity,masked-protein-language-model,sequence,possible,yes,True,True,True,True
variantshift-external-development-pilot-v1,venusmuthub-v1,venusmuthub-v1,P25745_activity,venusmuthub-v1::P25745_activity,venus-f68755df0ab4af4d,P25745,multi:6bcd78cd6689,esm2_35m,368,,,,,,0.0,0.3053,0.9239130434782609,3.3157562792529847,1.2932163744268736,0.0,0.9048700953214703,0.09512990467852966,mixed,activity,masked-protein-language-model,sequence,possible,yes,True,True,True,True
variantshift-external-development-pilot-v1,venusmuthub-v1,venusmuthub-v1,P25745_activity,venusmuthub-v1::P25745_activity,venus-f68755df0ab4af4d,P25745,multi:6bcd78cd6689,esm2_650m,368,,,,,,0.0,0.3053,0.9239130434782609,4.495338059549671,1.5476828573177568,0.0,0.9414674115847439,0.058532588415256104,mixed,activity,masked-protein-language-model,sequence,possible,yes,True,True,True,True
variantshift-external-development-pilot-v1,venusmuthub-v1,venusmuthub-v1,P25745_activity,venusmuthub-v1::P25745_activity,venus-f68755df0ab4af4d,P25745,multi:6bcd78cd6689,esm2_8m,368,,,,,,0.0,0.3053,0.9239130434782609,2.4292361331684966,0.9902144912074359,0.0,0.7616554372147059,0.23834456278529415,mixed,activity,masked-protein-language-model,sequence,possible,yes,True,True,True,True
variantshift-external-development-pilot-v1,venusmuthub-v1,venusmuthub-v1,P25745_activity,venusmuthub-v1::P25745_activity,venus-f68755df0ab4af4d,P25745,multi:6bcd78cd6689,vespag,368,,,,,,0.0,0.3053,0.9239130434782609,1.8555085865589453,1.0983382456485047,0.0,0.9366941404493492,0.06330585955065082,mixed,activity,distilled-evolutionary-variant-effect-model,sequence,known,yes,True,True,True,True
variantshift-external-development-pilot-v1,venusmuthub-v1,venusmuthub-v1,P95480_vmax,venusmuthub-v1::P95480_vmax,venus-f6ad6a376a4ccae7,P95480,clan:CL0063,carp_640m,538,,,,,,0.0,0.48,0.8847583643122676,3.328197595432426,1.0497281840427273,0.0,0.9275033706872091,0.07249662931279088,mixed,activity,convolutional-protein-language-model,sequence,possible,yes,True,True,False,True
variantshift-external-development-pilot-v1,venusmuthub-v1,venusmuthub-v1,P95480_vmax,venusmuthub-v1::P95480_vmax,venus-f6ad6a376a4ccae7,P95480,clan:CL0063,esm2_150m,538,,,,,,0.0,0.48,0.8847583643122676,3.3497511700408,0.965492599138432,0.0,0.9334525077640916,0.06654749223590839,mixed,activity,masked-protein-language-model,sequence,possible,yes,True,True,False,True
variantshift-external-development-pilot-v1,venusmuthub-v1,venusmuthub-v1,P95480_vmax,venusmuthub-v1::P95480_vmax,venus-f6ad6a376a4ccae7,P95480,clan:CL0063,esm2_35m,538,,,,,,0.0,0.48,0.8847583643122676,3.02727904818413,0.9819413501666482,0.0,0.9168507611524792,0.08314923884752079,mixed,activity,masked-protein-language-model,sequence,possible,yes,True,True,False,True
variantshift-external-development-pilot-v1,venusmuthub-v1,venusmuthub-v1,P95480_vmax,venusmuthub-v1::P95480_vmax,venus-f6ad6a376a4ccae7,P95480,clan:CL0063,esm2_650m,538,,,,,,0.0,0.48,0.8847583643122676,3.9990167494884292,1.0128207718641176,0.0,0.9168507611524792,0.08314923884752079,mixed,activity,masked-protein-language-model,sequence,possible,yes,True,True,False,True
variantshift-external-development-pilot-v1,venusmuthub-v1,venusmuthub-v1,P95480_vmax,venusmuthub-v1::P95480_vmax,venus-f6ad6a376a4ccae7,P95480,clan:CL0063,esm2_8m,538,,,,,,0.0,0.48,0.8847583643122676,1.8281644486302913,0.9797896315537333,0.0,0.7937602943345632,0.2062397056654368,mixed,activity,masked-protein-language-model,sequence,possible,yes,True,True,False,True
variantshift-external-development-pilot-v1,venusmuthub-v1,venusmuthub-v1,P95480_vmax,venusmuthub-v1::P95480_vmax,venus-f6ad6a376a4ccae7,P95480,clan:CL0063,vespag,538,,,,,,0.0,0.48,0.8847583643122676,1.7011808394866275,1.0316372764880117,0.0,0.8742839139132549,0.12571608608674512,mixed,activity,distilled-evolutionary-variant-effect-model,sequence,known,yes,True,True,False,True
