protocol_id,panel_id,dataset_id,assay_id,task_id,target_id,protein_id,family_id,model_id,selection_gain_sd,protein_length,assayed_fraction,mutated_positions,msa_depth,msa_neff,alignment_coverage,sequence_identity_to_development,structure_similarity_to_development,domain_coverage,score_dispersion,score_tail_separation,missing_fraction,ensemble_disagreement,ensemble_agreement,taxon,assay_modality,model_family,model_modalities,exposure_status,structure_available,development_crossover_probability_supervised_wins,exact_sequence_unseen,mmseqs_family_unseen,pfam_clan_unseen,foldseek_structure_family_unseen,auditor_task_id,oracle_selection_gain_sd,selection_regret_sd,ensemble_agreement__carp_640m,ensemble_agreement__esm2_150m,ensemble_agreement__esm2_35m,ensemble_agreement__esm2_650m,ensemble_agreement__esm2_8m,ensemble_agreement__vespag,ensemble_disagreement__carp_640m,ensemble_disagreement__esm2_150m,ensemble_disagreement__esm2_35m,ensemble_disagreement__esm2_650m,ensemble_disagreement__esm2_8m,ensemble_disagreement__vespag,missing_fraction__carp_640m,missing_fraction__esm2_150m,missing_fraction__esm2_35m,missing_fraction__esm2_650m,missing_fraction__esm2_8m,missing_fraction__vespag,score_dispersion__carp_640m,score_dispersion__esm2_150m,score_dispersion__esm2_35m,score_dispersion__esm2_650m,score_dispersion__esm2_8m,score_dispersion__vespag,score_tail_separation__carp_640m,score_tail_separation__esm2_150m,score_tail_separation__esm2_35m,score_tail_separation__esm2_650m,score_tail_separation__esm2_8m,score_tail_separation__vespag,assay_modality_normalized
variantshift-development-v1,proteingym-v1.3,proteingym-substitutions-v1.3,A0A140D2T1_ZIKV_Sourisseau_2019,A0A140D2T1_ZIKV_Sourisseau_2019,A0A140D2T1_ZIKV,A0A140D2T1_ZIKV,cssf_a5d49b9502ef,vespag,0.5073360330040683,3423,0.147239263803681,504.0,16501.0,854.1,0.948,0.0,0.2561,0.0,0.0621498380469193,2.7562548796402333,0.0,0.3139720706345916,0.6860279293654084,Virus,OrganismalFitness,distilled-evolutionary-variant-effect-model,sequence,known-development-benchmark,available,,,,,,variantshift-development-v1::proteingym-v1.3::A0A140D2T1_ZIKV_Sourisseau_2019::A0A140D2T1_ZIKV,0.5073360330040683,0.0,0.750761984749083,0.7540984264308952,0.7433260701867591,0.7294251441464805,0.7317325418524167,0.6860279293654084,0.249238015250917,0.2459015735691048,0.2566739298132409,0.2705748558535195,0.2682674581475833,0.3139720706345916,0.0,0.0,0.0,0.0,0.0,0.0,3.2334919852757023,1.16476556788347,1.0740707067010231,3.694563718346456,0.9631763832469032,0.0621498380469193,0.8034737699939535,1.3671608963584232,1.4386513232028433,0.9796610424011084,1.6732384107069358,2.7562548796402333,organismalfitness
variantshift-development-v1,proteingym-v1.3,proteingym-substitutions-v1.3,A0A192B1T2_9HIV1_Haddox_2018,A0A192B1T2_9HIV1_Haddox_2018,A0A192B1T2_9HIV1,A0A192B1T2_9HIV1,cssf_1bf288bd319a,vespag,0.3249930860882668,852,0.7769953051643192,662.0,74854.0,36470.5,0.986,0.0,0.2133,0.0,0.0500829330531196,2.6192548754721616,0.0,0.3483812775371809,0.651618722462819,Virus,OrganismalFitness,distilled-evolutionary-variant-effect-model,sequence,known-development-benchmark,available,,,,,,variantshift-development-v1::proteingym-v1.3::A0A192B1T2_9HIV1_Haddox_2018::A0A192B1T2_9HIV1,0.9306828129101086,0.6056897268218417,0.6049310047360275,0.63575330281107,0.6275917186182408,0.6444456271844393,0.6324053843461179,0.651618722462819,0.3950689952639725,0.36424669718893,0.3724082813817592,0.3555543728155607,0.3675946156538821,0.3483812775371809,0.0,0.0,0.0,0.0,0.0,0.0,4.004955417402801,1.3803243047834917,1.0712538172559896,1.8167178351083464,1.040000320209489,0.0500829330531196,1.9845519226290504,1.125505730995576,1.4117689813719854,0.9388887861334512,1.4165589170423645,2.6192548754721616,organismalfitness
variantshift-development-v1,proteingym-v1.3,proteingym-substitutions-v1.3,A0A1I9GEU1_NEIME_Kennouche_2019,A0A1I9GEU1_NEIME_Kennouche_2019,A0A1I9GEU1_NEIME,A0A1I9GEU1_NEIME,cssf_977f4be4ca9f,vespag,0.0065171137355787,161,1.0,161.0,5553.0,2265.9,0.857,0.0,0.3352,1.0,0.1208308929165832,1.8962517089987208,0.0,0.1633919436877853,0.8366080563122147,Prokaryote,Activity,distilled-evolutionary-variant-effect-model,sequence,known-development-benchmark,available,,,,,,variantshift-development-v1::proteingym-v1.3::A0A1I9GEU1_NEIME_Kennouche_2019::A0A1I9GEU1_NEIME,0.1182394227272361,0.1117223089916574,0.8305217857468725,0.8041606721965031,0.7466536960306974,0.8346786594116498,0.7443041717225403,0.8366080563122147,0.1694782142531274,0.1958393278034969,0.2533463039693026,0.1653213405883502,0.2556958282774597,0.1633919436877853,0.0,0.0,0.0,0.0,0.0,0.0,3.688862080752421,2.6906822039899785,2.3815977493941523,3.148522148985061,2.017446481405209,0.1208308929165832,1.8222147553571104,0.7891462869214394,0.7825894825235253,0.9420645869465428,0.8695717942097353,1.8962517089987208,activity
variantshift-development-v1,proteingym-v1.3,proteingym-substitutions-v1.3,A0A247D711_LISMN_Stadelmann_2021,A0A247D711_LISMN_Stadelmann_2021,A0A247D711_LISMN,A0A247D711_LISMN,cssf_c9df9de4e934,vespag,0.4376326656161532,87,1.0,87.0,57.0,8.9,1.0,0.0,0.4406,1.0,0.0605721809351165,2.6305464915787997,0.0,0.2995034949219288,0.7004965050780712,Prokaryote,Activity,distilled-evolutionary-variant-effect-model,sequence,known-development-benchmark,available,,,,,,variantshift-development-v1::proteingym-v1.3::A0A247D711_LISMN_Stadelmann_2021::A0A247D711_LISMN,0.4376326656161532,0.0,0.969546157437322,0.955567642718932,0.9715010620841348,0.9583537534639476,0.9583537534639476,0.7004965050780712,0.0304538425626779,0.0444323572810678,0.0284989379158651,0.0416462465360523,0.0416462465360523,0.2995034949219288,0.0,0.0,0.0,0.0,0.0,0.0,1.5970209118077243,1.5901521286838236,1.5427714393498029,1.5013306586472837,1.4358834057940102,0.0605721809351165,1.1549808752096529,1.2887762948728676,1.304092019859985,1.3364199090299784,1.391704389563489,2.6305464915787997,activity
variantshift-development-v1,proteingym-v1.3,proteingym-substitutions-v1.3,A0A2Z5U3Z0_9INFA_Doud_2016,A0A2Z5U3Z0_9INFA_Doud_2016,A0A2Z5U3Z0_9INFA,A0A2Z5U3Z0_9INFA,cssf_97ae43962602,vespag,0.9555504623191544,565,0.9982300884955752,564.0,57581.0,9047.2,0.968,0.0,0.2744,0.0,0.0849962361941021,2.7958781072369687,0.0,0.2397747520024045,0.7602252479975955,Virus,OrganismalFitness,distilled-evolutionary-variant-effect-model,sequence,known-development-benchmark,available,,,,,,variantshift-development-v1::proteingym-v1.3::A0A2Z5U3Z0_9INFA_Doud_2016::A0A2Z5U3Z0_9INFA,0.9555504623191544,0.0,0.6729724185038217,0.6423581323843182,0.6260998150307018,0.7241235333183561,0.6107354896892567,0.7602252479975955,0.3270275814961783,0.3576418676156818,0.3739001849692982,0.2758764666816439,0.3892645103107433,0.2397747520024045,0.0,0.0,0.0,0.0,0.0,0.0,3.967669696053643,1.4823047245492371,1.1893120403586468,3.7526839380363217,1.1436082628082327,0.0849962361941021,1.334058079473013,1.130250712005371,1.2879005554011085,2.0455210525947716,1.3054475101665055,2.7958781072369687,organismalfitness
variantshift-development-v1,proteingym-v1.3,proteingym-substitutions-v1.3,A0A2Z5U3Z0_9INFA_Wu_2014,A0A2Z5U3Z0_9INFA_Wu_2014,A0A2Z5U3Z0_9INFA,A0A2Z5U3Z0_9INFA,cssf_97ae43962602,vespag,0.4966412255502964,565,0.976991150442478,552.0,57581.0,9047.2,0.968,0.0,0.2744,0.0,0.1097432640308314,2.469360284374108,0.0,0.2330852166436735,0.7669147833563265,Virus,OrganismalFitness,distilled-evolutionary-variant-effect-model,sequence,known-development-benchmark,available,,,,,,variantshift-development-v1::proteingym-v1.3::A0A2Z5U3Z0_9INFA_Wu_2014::A0A2Z5U3Z0_9INFA,0.4966412255502964,0.0,0.6747717985346792,0.6158390907002774,0.6008316341430581,0.7319164365409492,0.594254692582455,0.7669147833563265,0.3252282014653208,0.3841609092997226,0.3991683658569419,0.2680835634590508,0.405745307417545,0.2330852166436735,0.0,0.0,0.0,0.0,0.0,0.0,3.4065443331494265,1.2312404271261912,0.9628040920094172,3.3047818227373704,0.9289140171485388,0.1097432640308314,1.264323390684626,1.1685166216665102,1.3505500939264237,2.0764999110157025,1.3947668163162503,2.469360284374108,organismalfitness
variantshift-development-v1,proteingym-v1.3,proteingym-substitutions-v1.3,A4D664_9INFA_Soh_2019,A4D664_9INFA_Soh_2019,A4D664_9INFA,A4D664_9INFA,cssf_c55b9af61b07,vespag,0.3033962883191091,759,1.0,759.0,26683.0,1288.0,1.0,0.0,0.2345,0.0,0.0721421813336286,2.772766869969212,0.0,0.3831631650238479,0.616836834976152,Virus,OrganismalFitness,distilled-evolutionary-variant-effect-model,sequence,known-development-benchmark,available,,,,,,variantshift-development-v1::proteingym-v1.3::A4D664_9INFA_Soh_2019::A4D664_9INFA,0.3033962883191091,0.0,0.7325925681893861,0.7379821573455588,0.7325925681893861,0.6630391917866889,0.7363060623894722,0.616836834976152,0.2674074318106139,0.2620178426544411,0.2674074318106139,0.3369608082133111,0.2636939376105278,0.3831631650238479,0.0,0.0,0.0,0.0,0.0,0.0,3.577922204581919,1.036318582269835,1.0086630479033871,5.219589243376182,0.9431579817857187,0.0721421813336286,0.5142565383894416,1.4277270968875893,1.4521627812055158,0.4684279487736524,1.503621806821404,2.772766869969212,organismalfitness
variantshift-development-v1,proteingym-v1.3,proteingym-substitutions-v1.3,A4GRB6_PSEAI_Chen_2020,A4GRB6_PSEAI_Chen_2020,A4GRB6_PSEAI,A4GRB6_PSEAI,cssf_579275b2407d,vespag,0.9143051266626342,266,1.0,266.0,108496.0,32081.3,0.726,0.0,0.3512,0.0,0.1038566910857312,2.462832746454231,0.0,0.1103312817652903,0.8896687182347096,Prokaryote,OrganismalFitness,distilled-evolutionary-variant-effect-model,sequence,known-development-benchmark,available,,,,,,variantshift-development-v1::proteingym-v1.3::A4GRB6_PSEAI_Chen_2020::A4GRB6_PSEAI,0.9143051266626342,0.0,0.907529486385626,0.8949671662346592,0.907529486385626,0.908185204456951,0.8277633008616001,0.8896687182347096,0.092470513614374,0.1050328337653407,0.092470513614374,0.091814795543049,0.1722366991383999,0.1103312817652903,0.0,0.0,0.0,0.0,0.0,0.0,3.4319872314078217,3.2700358996203196,2.6555041283974603,3.973600455105853,2.226623179147092,0.1038566910857312,1.2344331049201906,1.1494001874930475,1.1480481601869783,1.2078282185889009,1.1371666894764223,2.462832746454231,organismalfitness
variantshift-development-v1,proteingym-v1.3,proteingym-substitutions-v1.3,A4_HUMAN_Seuma_2022,A4_HUMAN_Seuma_2022,A4_HUMAN,A4_HUMAN,cssf_6a1f189f4e62,vespag,0.5444273349218336,770,0.0545454545454545,42.0,5272.0,62.3,0.987,0.0,0.2072,1.0,0.0411679891213008,2.773595618778536,0.0,0.163123102347747,0.8368768976522529,Human,Stability,distilled-evolutionary-variant-effect-model,sequence,known-development-benchmark,available,,,,,,variantshift-development-v1::proteingym-v1.3::A4_HUMAN_Seuma_2022::A4_HUMAN,0.5444273349218336,0.0,0.8574981484355436,0.8574981484355436,0.863415411876012,0.9211614755987928,0.8722289259052396,0.8368768976522529,0.1425018515644563,0.1425018515644563,0.136584588123988,0.078838524401207,0.1277710740947604,0.163123102347747,0.0,0.0,0.0,0.0,0.0,0.0,3.006298076146299,3.4681190934103543,2.906194877749919,5.432009020294577,3.269172976038457,0.0411679891213008,1.1484666501739578,0.8642339840143852,1.111507882217956,0.8782602833574008,0.9809272847260596,2.773595618778536,stability
variantshift-development-v1,proteingym-v1.3,proteingym-substitutions-v1.3,AACC1_PSEAI_Dandage_2018,AACC1_PSEAI_Dandage_2018,AACC1_PSEAI,AACC1_PSEAI,cssf_c8ac09285ada,vespag,0.3621404924011575,177,0.9096045197740112,161.0,539868.0,174397.6,0.746,0.0,0.3165,1.0,0.1188561927778529,2.290638355017577,0.0,0.1873974741160955,0.8126025258839045,Prokaryote,OrganismalFitness,distilled-evolutionary-variant-effect-model,sequence,known-development-benchmark,available,,,,,,variantshift-development-v1::proteingym-v1.3::AACC1_PSEAI_Dandage_2018::AACC1_PSEAI,0.4269994629296324,0.06485897052847495,0.8919756527296031,0.8419866968714507,0.8229345270632114,0.8419866968714507,0.7976287744938839,0.8126025258839045,0.1080243472703968,0.1580133031285493,0.1770654729367886,0.1580133031285493,0.202371225506116,0.1873974741160955,0.0,0.0,0.0,0.0,0.0,0.0,2.8203777648981005,2.5409304432401285,2.440643347030866,3.867904266995963,2.14417836169509,0.1188561927778529,1.1523734127589855,1.091017130572627,1.0275224140098282,1.1741155573407605,1.0870130577231514,2.290638355017577,organismalfitness
variantshift-development-v1,proteingym-v1.3,proteingym-substitutions-v1.3,ACE2_HUMAN_Chan_2020,ACE2_HUMAN_Chan_2020,ACE2_HUMAN,ACE2_HUMAN,cssf_67d793b1df10,vespag,0.2428614985366881,805,0.1453416149068323,117.0,11106.0,1584.2,0.743,0.0,0.2414,1.0,0.1552723874480561,2.240723641416045,0.0,0.1684684509873785,0.8315315490126215,Human,Binding,distilled-evolutionary-variant-effect-model,sequence,known-development-benchmark,available,,,,,,variantshift-development-v1::proteingym-v1.3::ACE2_HUMAN_Chan_2020::ACE2_HUMAN,0.2428614985366881,0.0,0.8481689023546575,0.8322259189405854,0.7533322764382575,0.8167878885578826,0.6464422790835865,0.8315315490126215,0.1518310976453425,0.1677740810594146,0.2466677235617425,0.1832121114421173,0.3535577209164134,0.1684684509873785,0.0,0.0,0.0,0.0,0.0,0.0,3.1962893307280287,2.81476226895925,2.149002626343818,3.3765041158936473,1.517134700765833,0.1552723874480561,1.4304310462912413,1.3573896131031926,1.0278922093483245,1.466445270255415,1.0814597100773984,2.240723641416045,binding
variantshift-development-v1,proteingym-v1.3,proteingym-substitutions-v1.3,ADRB2_HUMAN_Jones_2020,ADRB2_HUMAN_Jones_2020,ADRB2_HUMAN,ADRB2_HUMAN,cssf_516e14d168fd,vespag,0.4696349395627509,413,0.9975786924939468,412.0,204722.0,28078.5,0.712,0.0,0.248,1.0,0.0925405468029195,2.467208908695919,0.0,0.098981382825952,0.901018617174048,Human,Activity,distilled-evolutionary-variant-effect-model,sequence,known-development-benchmark,available,,,,,,variantshift-development-v1::proteingym-v1.3::ADRB2_HUMAN_Jones_2020::ADRB2_HUMAN,0.4886448420801732,0.01900990251742235,0.8992558157428335,0.9033824747180148,0.8823549312580465,0.9170739635386153,0.8581502554447044,0.901018617174048,0.1007441842571664,0.0966175252819853,0.1176450687419534,0.0829260364613848,0.1418497445552956,0.098981382825952,0.0,0.0,0.0,0.0,0.0,0.0,5.55668735830833,3.373704807862423,2.9336192562631433,3.628796539752475,2.715691575728144,0.0925405468029195,1.3331212710367455,0.8591746559872157,0.862582216230683,0.8590782500542695,0.900434899914272,2.467208908695919,activity
variantshift-development-v1,proteingym-v1.3,proteingym-substitutions-v1.3,AMFR_HUMAN_Tsuboyama_2023_4G3O,AMFR_HUMAN_Tsuboyama_2023_4G3O,AMFR_HUMAN,AMFR_HUMAN,cssf_265b55e38391,vespag,0.7850078514916546,47,1.0,47.0,17787.0,1245.9,0.872,0.0,0.6812,1.0,0.0485501960726775,3.034885173223086,0.0,0.1349096574017072,0.8650903425982928,Human,Stability,distilled-evolutionary-variant-effect-model,sequence,known-development-benchmark,available,,,,,,variantshift-development-v1::proteingym-v1.3::AMFR_HUMAN_Tsuboyama_2023_4G3O::AMFR_HUMAN,0.8029776375885939,0.017969786096939222,0.8268088253426296,0.876184478489189,0.6976100545148736,0.8450459653493855,0.6328798464296939,0.8650903425982928,0.1731911746573704,0.1238155215108109,0.3023899454851264,0.1549540346506145,0.3671201535703061,0.1349096574017072,0.0,0.0,0.0,0.0,0.0,0.0,2.489902124870686,6.023047258117683,2.2351816425701405,5.885018085269015,0.9478948280016474,0.0485501960726775,2.232690949458179,1.9118251521616756,1.6536631602945715,2.193718543066441,1.572092511757479,3.034885173223086,stability
variantshift-development-v1,proteingym-v1.3,proteingym-substitutions-v1.3,AMIE_PSEAE_Wrenbeck_2017,AMIE_PSEAE_Wrenbeck_2017,AMIE_PSEAE,AMIE_PSEAE,cssf_0406336ba271,vespag,0.8375614287593252,346,0.9855491329479767,341.0,140703.0,30827.3,0.725,0.0,0.3759,1.0,0.100601641693646,2.5075000441265547,0.0,0.2080750570141365,0.7919249429858635,Prokaryote,Activity,distilled-evolutionary-variant-effect-model,sequence,known-development-benchmark,available,,,,,,variantshift-development-v1::proteingym-v1.3::AMIE_PSEAE_Wrenbeck_2017::AMIE_PSEAE,0.8375614287593252,0.0,0.879654344637443,0.8990433632338122,0.8612865434269708,0.8421382575877305,0.8101269661488694,0.7919249429858635,0.120345655362557,0.1009566367661878,0.1387134565730292,0.1578617424122694,0.1898730338511306,0.2080750570141365,0.0,0.0,0.0,0.0,0.0,0.0,2.700052612659427,2.655866660260734,2.3116267378000264,3.6288834165212887,2.1282648743157933,0.100601641693646,1.1161920605103566,0.9515477469761132,1.0898939502518268,1.0265525370520925,1.2053230903451526,2.5075000441265547,activity
variantshift-development-v1,proteingym-v1.3,proteingym-substitutions-v1.3,ANCSZ_Hobbs_2022,ANCSZ_Hobbs_2022,ANCSZ,ANCSZ,cssf_88339869d8cb,vespag,0.5648973194468099,627,0.4370015948963317,274.0,7424.0,1119.9,1.0,0.31,0.4833,0.0,0.0773000323910331,2.6497067524399793,0.0,0.0751989075762618,0.9248010924237382,Eukaryote,Activity,distilled-evolutionary-variant-effect-model,sequence,known-development-benchmark,available,,,,,,variantshift-development-v1::proteingym-v1.3::ANCSZ_Hobbs_2022::ANCSZ,0.6710121702948658,0.10611485084805594,0.8906896256665517,0.9177166195104404,0.9248010924237382,0.9159975143804706,0.8960704389150398,0.9248010924237382,0.1093103743334482,0.0822833804895595,0.0751989075762618,0.0840024856195293,0.1039295610849602,0.0751989075762618,0.0,0.0,0.0,0.0,0.0,0.0,4.758635131572005,3.853595396028976,3.444682693666478,4.0861873058356615,2.9805920183013854,0.0773000323910331,1.5551317500241475,1.227568330260897,1.2114568594283237,1.2083033835746084,1.1360686626783856,2.6497067524399793,activity
variantshift-development-v1,proteingym-v1.3,proteingym-substitutions-v1.3,ARGR_ECOLI_Tsuboyama_2023_1AOY,ARGR_ECOLI_Tsuboyama_2023_1AOY,ARGR_ECOLI,ARGR_ECOLI,cssf_8af86fe1b209,vespag,0.6422743921328842,69,1.0,69.0,21443.0,3742.9,0.913,0.0,0.5514,0.9855072463768116,0.0813261100685817,2.5374957914325513,0.0,0.144769935813955,0.855230064186045,Prokaryote,Stability,distilled-evolutionary-variant-effect-model,sequence,known-development-benchmark,available,,,,,,variantshift-development-v1::proteingym-v1.3::ARGR_ECOLI_Tsuboyama_2023_1AOY::ARGR_ECOLI,0.6885579941023509,0.04628360196946668,0.8432643611590254,0.8811643790428698,0.8278541533071928,0.8732472336417836,0.8070644475996427,0.855230064186045,0.1567356388409746,0.1188356209571301,0.1721458466928072,0.1267527663582164,0.1929355524003573,0.144769935813955,0.0,0.0,0.0,0.0,0.0,0.0,2.748353630371254,2.2664911762463595,2.1838360970144777,2.982255547501415,1.7777392594467991,0.0813261100685817,1.3829050952213806,1.445756182663427,1.2779864571832606,1.2782457389047517,1.3718260410177343,2.5374957914325513,stability
variantshift-development-v1,proteingym-v1.3,proteingym-substitutions-v1.3,BBC1_YEAST_Tsuboyama_2023_1TG0,BBC1_YEAST_Tsuboyama_2023_1TG0,BBC1_YEAST,BBC1_YEAST,cssf_784e4bfd3195,vespag,0.4890523212492144,64,1.0,64.0,604824.0,17392.4,0.844,0.0,0.6808,1.0,0.0798261309812893,2.918050690934934,0.0,0.1329818002056424,0.8670181997943576,Eukaryote,Stability,distilled-evolutionary-variant-effect-model,sequence,known-development-benchmark,available,,,,,,variantshift-development-v1::proteingym-v1.3::BBC1_YEAST_Tsuboyama_2023_1TG0::BBC1_YEAST,0.9647871636186672,0.47573484236945285,0.8348700932180012,0.9035149938222062,0.9067630154285004,0.9401086801862896,0.5931434219833429,0.8670181997943576,0.1651299067819988,0.0964850061777937,0.0932369845714995,0.0598913198137104,0.4068565780166571,0.1329818002056424,0.0,0.0,0.0,0.0,0.0,0.0,2.6352777245139136,3.6867927587038527,2.977296743888187,4.6554985470667845,1.86170121621933,0.0798261309812893,1.6632056332156873,1.2719952856196837,1.438900293767901,1.2338668558075483,1.6379411631144931,2.918050690934934,stability
variantshift-development-v1,proteingym-v1.3,proteingym-substitutions-v1.3,BCHB_CHLTE_Tsuboyama_2023_2KRU,BCHB_CHLTE_Tsuboyama_2023_2KRU,BCHB_CHLTE,BCHB_CHLTE,cssf_39e5faa59a41,vespag,0.5398016926365916,52,1.0,52.0,12079.0,2701.3,0.923,0.0,0.5237,1.0,0.0976620628570486,2.771702158686038,0.0,0.2320948884595319,0.767905111540468,Prokaryote,Stability,distilled-evolutionary-variant-effect-model,sequence,known-development-benchmark,available,,,,,,variantshift-development-v1::proteingym-v1.3::BCHB_CHLTE_Tsuboyama_2023_2KRU::BCHB_CHLTE,0.5780993209419584,0.03829762830536676,0.8253732976602951,0.8461667351811009,0.8176507083993176,0.8368122915867846,0.8544293553775353,0.767905111540468,0.1746267023397049,0.1538332648188991,0.1823492916006823,0.1631877084132154,0.1455706446224647,0.2320948884595319,0.0,0.0,0.0,0.0,0.0,0.0,1.2117658899044506,1.286902814520966,1.18390691374991,3.76573239489223,1.5218597093403528,0.0976620628570486,1.6272653795001184,1.830928935961156,1.539557464411308,1.5810813296692734,1.4849448771075102,2.771702158686038,stability
variantshift-development-v1,proteingym-v1.3,proteingym-substitutions-v1.3,BLAT_ECOLX_Deng_2012,BLAT_ECOLX_Deng_2012,BLAT_ECOLX,BLAT_ECOLX,cssf_1ca89f8f1279,vespag,0.9821531594530822,286,0.9195804195804196,263.0,209644.0,50901.4,0.752,0.0,0.2795,1.0,0.0922986087390897,2.5580008476471328,0.0,0.1487010327360014,0.8512989672639986,Prokaryote,OrganismalFitness,distilled-evolutionary-variant-effect-model,sequence,known-development-benchmark,available,,,,,,variantshift-development-v1::proteingym-v1.3::BLAT_ECOLX_Deng_2012::BLAT_ECOLX,0.9821531594530822,0.0,0.8830690533512896,0.8979918685323527,0.870402698489094,0.8492283789116652,0.7681971705658488,0.8512989672639986,0.1169309466487104,0.1020081314676473,0.1295973015109059,0.1507716210883347,0.2318028294341512,0.1487010327360014,0.0,0.0,0.0,0.0,0.0,0.0,3.612158930115387,3.4707111352049687,2.799912370924541,4.009975887601031,2.3408694003964268,0.0922986087390897,1.613532677550302,1.4788092783327833,1.3609139066385458,1.590206312781759,1.221926272498928,2.5580008476471328,organismalfitness
variantshift-development-v1,proteingym-v1.3,proteingym-substitutions-v1.3,BLAT_ECOLX_Firnberg_2014,BLAT_ECOLX_Firnberg_2014,BLAT_ECOLX,BLAT_ECOLX,cssf_1ca89f8f1279,vespag,1.1473303880249548,286,0.9195804195804196,263.0,209644.0,50901.4,0.752,0.0,0.2795,1.0,0.0928928211090989,2.5463454344790524,0.0,0.1508193551846842,0.8491806448153157,Prokaryote,OrganismalFitness,distilled-evolutionary-variant-effect-model,sequence,known-development-benchmark,available,,,,,,variantshift-development-v1::proteingym-v1.3::BLAT_ECOLX_Firnberg_2014::BLAT_ECOLX,1.1473303880249548,0.0,0.8827710779254615,0.8964229363896119,0.8687671580371799,0.846592419471232,0.7662713347343871,0.8491806448153157,0.1172289220745385,0.1035770636103881,0.1312328419628201,0.153407580528768,0.2337286652656128,0.1508193551846842,0.0,0.0,0.0,0.0,0.0,0.0,3.5873625830298166,3.4442098987214083,2.7723521155185624,3.990443218225201,2.3139489352239284,0.0928928211090989,1.6233721080269032,1.4792942614822284,1.3606372466934908,1.5925616174357276,1.2266307649353465,2.5463454344790524,organismalfitness
variantshift-development-v1,proteingym-v1.3,proteingym-substitutions-v1.3,BLAT_ECOLX_Jacquier_2013,BLAT_ECOLX_Jacquier_2013,BLAT_ECOLX,BLAT_ECOLX,cssf_1ca89f8f1279,vespag,0.6908722650435279,286,0.9195804195804196,263.0,209644.0,50901.4,0.752,0.0,0.2795,1.0,0.1099393244386346,2.209149883741073,0.0,0.1439687811168839,0.8560312188831161,Prokaryote,OrganismalFitness,distilled-evolutionary-variant-effect-model,sequence,known-development-benchmark,available,,,,,,variantshift-development-v1::proteingym-v1.3::BLAT_ECOLX_Jacquier_2013::BLAT_ECOLX,0.6908722650435279,0.0,0.8801087759738178,0.8937590082739356,0.868050425617878,0.8544217344041728,0.7584391625262255,0.8560312188831161,0.1198912240261822,0.1062409917260643,0.1319495743821219,0.1455782655958272,0.2415608374737745,0.1439687811168839,0.0,0.0,0.0,0.0,0.0,0.0,3.271686170175111,3.2324253264023017,2.595629405943503,3.640755065142113,2.096017297799469,0.1099393244386346,1.510001975759064,1.2869106241009918,1.2368765943785145,1.4265728614640676,1.092468624891145,2.209149883741073,organismalfitness
variantshift-development-v1,proteingym-v1.3,proteingym-substitutions-v1.3,BLAT_ECOLX_Stiffler_2015,BLAT_ECOLX_Stiffler_2015,BLAT_ECOLX,BLAT_ECOLX,cssf_1ca89f8f1279,vespag,0.9947649027874556,286,0.9195804195804196,263.0,209644.0,50901.4,0.752,0.0,0.2795,1.0,0.0923160547645186,2.5571022612692875,0.0,0.1486867010941344,0.8513132989058656,Prokaryote,OrganismalFitness,distilled-evolutionary-variant-effect-model,sequence,known-development-benchmark,available,,,,,,variantshift-development-v1::proteingym-v1.3::BLAT_ECOLX_Stiffler_2015::BLAT_ECOLX,0.9947649027874556,0.0,0.8830690425586011,0.8979740016629983,0.8704027003745051,0.849228409810145,0.7681971705658488,0.8513132989058656,0.1169309574413989,0.1020259983370016,0.1295972996254949,0.1507715901898549,0.2318028294341512,0.1486867010941344,0.0,0.0,0.0,0.0,0.0,0.0,3.612158930115387,3.4707111352049687,2.7999124148088175,4.009975914677313,2.3408694003964268,0.0923160547645186,1.613532677550302,1.4788092783327833,1.3609141892163803,1.5902062520117903,1.221926272498928,2.5571022612692875,organismalfitness
variantshift-development-v1,proteingym-v1.3,proteingym-substitutions-v1.3,BRCA1_HUMAN_Findlay_2018,BRCA1_HUMAN_Findlay_2018,BRCA1_HUMAN,BRCA1_HUMAN,cssf_234425dd63e3,vespag,0.5480791640018494,1863,0.1749865807836822,326.0,1008.0,100.2,0.769,0.0,0.1127,1.0,0.065343779518909,2.537247141948094,0.0,0.1647969791714042,0.8352030208285958,Human,OrganismalFitness,distilled-evolutionary-variant-effect-model,sequence,known-development-benchmark,available,,,,,,variantshift-development-v1::proteingym-v1.3::BRCA1_HUMAN_Findlay_2018::BRCA1_HUMAN,0.5929562006692969,0.04487703666744747,0.802372575728584,0.8398163396536362,0.8006522852223821,0.8167984941980636,0.7302278099326709,0.8352030208285958,0.197627424271416,0.1601836603463637,0.1993477147776179,0.1832015058019364,0.2697721900673291,0.1647969791714042,0.0,0.0,0.0,0.0,0.0,0.0,3.440064414214538,2.867715793695402,2.408619329615583,3.859631532715609,1.8043276866694689,0.065343779518909,1.8223009181105283,0.9178980603686232,0.9062273397865366,1.354499191664526,0.8102784938571118,2.537247141948094,organismalfitness
variantshift-development-v1,proteingym-v1.3,proteingym-substitutions-v1.3,C6KNH7_9INFA_Lee_2018,C6KNH7_9INFA_Lee_2018,C6KNH7_9INFA,C6KNH7_9INFA,cssf_97ae43962602,vespag,0.839684533488462,566,1.0,566.0,57453.0,9056.9,0.977,0.0,0.2778,1.0,0.0751770177980557,2.765442501164975,0.0,0.2661830316697665,0.7338169683302335,Virus,OrganismalFitness,distilled-evolutionary-variant-effect-model,sequence,known-development-benchmark,available,,,,,,variantshift-development-v1::proteingym-v1.3::C6KNH7_9INFA_Lee_2018::C6KNH7_9INFA,0.839684533488462,0.0,0.7173621066606568,0.6363332917367046,0.6275839843462481,0.7124344504374067,0.6280616939870464,0.7338169683302335,0.2826378933393432,0.3636667082632954,0.3724160156537519,0.2875655495625933,0.3719383060129536,0.2661830316697665,0.0,0.0,0.0,0.0,0.0,0.0,2.994930380543571,1.5360567834448386,1.3109113366783378,3.8967838659828664,1.2029582148396791,0.0751770177980557,0.9775803445425528,1.0511811737531145,1.2007332725204507,1.7958607818398964,1.2648381820864991,2.765442501164975,organismalfitness
variantshift-development-v1,proteingym-v1.3,proteingym-substitutions-v1.3,CALM1_HUMAN_Weile_2017,CALM1_HUMAN_Weile_2017,CALM1_HUMAN,CALM1_HUMAN,cssf_16d6e5408850,vespag,0.4321322173539256,149,0.9932885906040269,148.0,177633.0,28424.0,0.893,0.0,0.3311,1.0,0.0885636896972863,2.486467070402472,0.0,0.1175274873093479,0.8824725126906521,Human,OrganismalFitness,distilled-evolutionary-variant-effect-model,sequence,known-development-benchmark,available,,,,,,variantshift-development-v1::proteingym-v1.3::CALM1_HUMAN_Weile_2017::CALM1_HUMAN,0.4493013885168005,0.01716917116287492,0.7554405495581507,0.8851096090608842,0.8791658281478547,0.8781076336072743,0.8427698934941608,0.8824725126906521,0.2445594504418493,0.1148903909391158,0.1208341718521452,0.1218923663927257,0.1572301065058392,0.1175274873093479,0.0,0.0,0.0,0.0,0.0,0.0,2.8072494358082856,3.727326419321352,3.514637836178948,3.8272639651171807,2.796351773665968,0.0885636896972863,1.628071468931088,1.4720907339354414,1.3263218521379692,1.4157116353483048,1.3359965644768472,2.486467070402472,organismalfitness
variantshift-development-v1,proteingym-v1.3,proteingym-substitutions-v1.3,CAPSD_AAV2S_Sinai_2021,CAPSD_AAV2S_Sinai_2021,CAPSD_AAV2S,CAPSD_AAV2S,cssf_c257cf3223e7,vespag,0.3848015279441145,735,0.0380952380952381,28.0,604.0,193.6,0.782,0.0,0.2228,1.0,0.0310081741518259,2.7888909676574,0.0,0.2796999595455276,0.7203000404544724,Virus,OrganismalFitness,distilled-evolutionary-variant-effect-model,sequence,known-development-benchmark,available,,,,,,variantshift-development-v1::proteingym-v1.3::CAPSD_AAV2S_Sinai_2021::CAPSD_AAV2S,0.952068387929748,0.5672668599856335,0.8966310458569939,0.930701647029848,0.9139807448978908,0.8966310458569939,0.9277946435317516,0.7203000404544724,0.103368954143006,0.069298352970152,0.086019255102109,0.103368954143006,0.0722053564682483,0.2796999595455276,0.0,0.0,0.0,0.0,0.0,0.0,0.4419882771487178,1.918162893269598,2.0792078790298296,3.4365557731182665,2.1318109985739153,0.0310081741518259,1.4790497614230596,1.033261058904691,1.0019701440708624,0.8440552228058119,0.9656858344220948,2.7888909676574,organismalfitness
variantshift-development-v1,proteingym-v1.3,proteingym-substitutions-v1.3,CAR11_HUMAN_Meitlis_2020_gof,CAR11_HUMAN_Meitlis_2020_gof,CAR11_HUMAN,CAR11_HUMAN,cssf_0fc8efec29c6,vespag,0.2447541336701031,1154,0.1221837088388214,141.0,1352.0,42.1,0.998,0.0,0.2352,1.0,0.0754745424736898,2.79106994176895,0.0,0.1699042683163014,0.8300957316836985,Human,OrganismalFitness,distilled-evolutionary-variant-effect-model,sequence,known-development-benchmark,available,,,,,,variantshift-development-v1::proteingym-v1.3::CAR11_HUMAN_Meitlis_2020_gof::CAR11_HUMAN,0.2968953498875313,0.052141216217428205,0.8073756170252816,0.8244079028789215,0.694655813004877,0.8236596352394621,0.6641594110286924,0.8300957316836985,0.1926243829747184,0.1755920971210784,0.305344186995123,0.1763403647605379,0.3358405889713076,0.1699042683163014,0.0,0.0,0.0,0.0,0.0,0.0,4.026418164154746,2.764036502651018,1.2172085376944812,4.003822959673985,1.0897928876100922,0.0754745424736898,1.6995704163134515,1.0007603785713308,1.4987731109809577,1.3623289750545118,1.471764337704618,2.79106994176895,organismalfitness
variantshift-development-v1,proteingym-v1.3,proteingym-substitutions-v1.3,CAR11_HUMAN_Meitlis_2020_lof,CAR11_HUMAN_Meitlis_2020_lof,CAR11_HUMAN,CAR11_HUMAN,cssf_0fc8efec29c6,vespag,0.6709586346397929,1154,0.1221837088388214,141.0,1352.0,42.1,0.998,0.0,0.2352,1.0,0.0752654395925834,2.7910017860948124,0.0,0.1705318359837053,0.8294681640162946,Human,OrganismalFitness,distilled-evolutionary-variant-effect-model,sequence,known-development-benchmark,available,,,,,,variantshift-development-v1::proteingym-v1.3::CAR11_HUMAN_Meitlis_2020_lof::CAR11_HUMAN,0.6754860741973131,0.004527439557520219,0.8070788039871497,0.824105027067304,0.6948928264455566,0.8231064934899468,0.6629664327899975,0.8294681640162946,0.1929211960128503,0.1758949729326959,0.3051071735544434,0.1768935065100532,0.3370335672100025,0.1705318359837053,0.0,0.0,0.0,0.0,0.0,0.0,4.027582903313294,2.756133924115252,1.2177346566476706,4.002367509551513,1.0899488409630094,0.0752654395925834,1.7062852772983228,1.000667343347872,1.4917357076940052,1.3654899937520129,1.4656510189427348,2.7910017860948124,organismalfitness
variantshift-development-v1,proteingym-v1.3,proteingym-substitutions-v1.3,CAS9_STRP1_Spencer_2017_positive,CAS9_STRP1_Spencer_2017_positive,CAS9_STRP1,CAS9_STRP1,cssf_2fb7a12de8e4,vespag,0.2037307864631725,1368,1.0,1368.0,5349.0,1559.5,0.992,0.0,0.1975,1.0,0.1499629972060802,2.1778818141562786,0.0,0.3417192584962585,0.6582807415037415,Prokaryote,Activity,distilled-evolutionary-variant-effect-model,sequence,known-development-benchmark,available,,,,,,variantshift-development-v1::proteingym-v1.3::CAS9_STRP1_Spencer_2017_positive::CAS9_STRP1,0.2037307864631725,0.0,0.7503305685435862,0.7897214938557549,0.7503305685435862,0.7168616038610938,0.6997575417420463,0.6582807415037415,0.2496694314564138,0.2102785061442451,0.2496694314564138,0.2831383961389062,0.3002424582579537,0.3417192584962585,0.0,0.0,0.0,0.0,0.0,0.0,3.00756560343082,2.453215993591926,1.595028777638109,3.3960237727673097,1.1756940007993009,0.1499629972060802,1.0405288693168102,0.9136365781949776,1.0918597108778267,1.0979412137320386,1.339339407845742,2.1778818141562786,activity
variantshift-development-v1,proteingym-v1.3,proteingym-substitutions-v1.3,CASP3_HUMAN_Roychowdhury_2020,CASP3_HUMAN_Roychowdhury_2020,CASP3_HUMAN,CASP3_HUMAN,cssf_99e3b36fb3c0,vespag,0.6796699695570538,258,0.996124031007752,257.0,86012.0,28780.9,0.884,0.0,0.4023,1.0,0.1090084918640695,2.288837117634891,0.0,0.0930688060016677,0.9069311939983322,Human,Activity,distilled-evolutionary-variant-effect-model,sequence,known-development-benchmark,available,,,,,,variantshift-development-v1::proteingym-v1.3::CASP3_HUMAN_Roychowdhury_2020::CASP3_HUMAN,0.7132208576804496,0.033550888123395795,0.9163544077894198,0.9251190413192616,0.9056068776049616,0.9004404464255462,0.7498150513790593,0.9069311939983322,0.0836455922105802,0.0748809586807384,0.0943931223950385,0.0995595535744537,0.2501849486209406,0.0930688060016677,0.0,0.0,0.0,0.0,0.0,0.0,3.527864897807929,3.56936572880883,3.008453270111231,3.729739768369074,1.9257993358400651,0.1090084918640695,1.7468981792684863,1.360008059959284,1.1890582690533231,1.6803358308804988,0.9202498603380054,2.288837117634891,activity
variantshift-development-v1,proteingym-v1.3,proteingym-substitutions-v1.3,CASP7_HUMAN_Roychowdhury_2020,CASP7_HUMAN_Roychowdhury_2020,CASP7_HUMAN,CASP7_HUMAN,cssf_99e3b36fb3c0,vespag,0.6978314659807858,281,0.99644128113879,280.0,71075.0,22666.7,0.854,0.0,0.3653,1.0,0.1174102568551719,2.0418493437105507,0.0,0.0988699042646179,0.901130095735382,Human,Activity,distilled-evolutionary-variant-effect-model,sequence,known-development-benchmark,available,,,,,,variantshift-development-v1::proteingym-v1.3::CASP7_HUMAN_Roychowdhury_2020::CASP7_HUMAN,0.8471349821763141,0.14930351619552829,0.9223009270786002,0.9158511125768236,0.8952894619587298,0.8935823782230243,0.746640612568803,0.901130095735382,0.0776990729213997,0.0841488874231763,0.1047105380412701,0.1064176217769756,0.253359387431197,0.0988699042646179,0.0,0.0,0.0,0.0,0.0,0.0,3.4530366227090123,3.564487084622812,3.042087339932556,3.765540082092946,1.8986422835616417,0.1174102568551719,1.3974925670098317,1.15882235923264,1.0043204722123558,1.7188230333988472,0.9344245168931612,2.0418493437105507,activity
variantshift-development-v1,proteingym-v1.3,proteingym-substitutions-v1.3,CATR_CHLRE_Tsuboyama_2023_2AMI,CATR_CHLRE_Tsuboyama_2023_2AMI,CATR_CHLRE,CATR_CHLRE,cssf_16d6e5408850,vespag,0.5583762330427523,72,1.0,72.0,551057.0,79740.7,0.903,0.0,0.4406,1.0,0.0770924802220055,2.8703105657660712,0.0,0.0368344696855353,0.9631655303144646,Eukaryote,Stability,distilled-evolutionary-variant-effect-model,sequence,known-development-benchmark,available,,,,,,variantshift-development-v1::proteingym-v1.3::CATR_CHLRE_Tsuboyama_2023_2AMI::CATR_CHLRE,0.6325828801086208,0.07420664706586855,0.8175711145724993,0.9692393134599588,0.9636013890994466,0.9593523468755824,0.9001276882196938,0.9631655303144646,0.1824288854275007,0.0307606865400411,0.0363986109005534,0.0406476531244175,0.0998723117803062,0.0368344696855353,0.0,0.0,0.0,0.0,0.0,0.0,2.891686811685746,5.578424998417766,4.934082941463122,6.097736417285124,3.2312164678806337,0.0770924802220055,2.0918478226308075,1.1607753642560454,1.2158061749988875,1.197215451824933,1.3025282867203145,2.8703105657660712,stability
variantshift-development-v1,proteingym-v1.3,proteingym-substitutions-v1.3,CBPA2_HUMAN_Tsuboyama_2023_1O6X,CBPA2_HUMAN_Tsuboyama_2023_1O6X,CBPA2_HUMAN,CBPA2_HUMAN,cssf_f46e1f61009b,vespag,0.6192756592942499,72,1.0,72.0,12711.0,3142.0,0.986,0.0,0.4288,0.9166666666666666,0.1181669874785338,2.709291113970478,0.0,0.1215562809364293,0.8784437190635707,Human,Stability,distilled-evolutionary-variant-effect-model,sequence,known-development-benchmark,available,,,,,,variantshift-development-v1::proteingym-v1.3::CBPA2_HUMAN_Tsuboyama_2023_1O6X::CBPA2_HUMAN,0.6429327664766418,0.02365710718239189,0.9452486126575014,0.9467623189381112,0.9555935570923504,0.8647878033808514,0.9200108165728592,0.8784437190635707,0.0547513873424986,0.0532376810618888,0.0444064429076495,0.1352121966191486,0.0799891834271406,0.1215562809364293,0.0,0.0,0.0,0.0,0.0,0.0,1.5987622984920593,3.0238665809943845,2.202308679045943,4.685783556259302,1.97219184472859,0.1181669874785338,1.5870153927359123,0.9823505409293776,1.1952262069197197,1.1372405062611015,1.1146054320574452,2.709291113970478,stability
variantshift-development-v1,proteingym-v1.3,proteingym-substitutions-v1.3,CBS_HUMAN_Sun_2020,CBS_HUMAN_Sun_2020,CBS_HUMAN,CBS_HUMAN,cssf_c188af622fce,vespag,0.3549882973544954,551,0.9963702359346642,549.0,19563.0,1925.9,0.833,0.0,0.2724,1.0,0.1234611159225044,2.387844476252783,0.0,0.1221925537635166,0.8778074462364833,Human,OrganismalFitness,distilled-evolutionary-variant-effect-model,sequence,known-development-benchmark,available,,,,,,variantshift-development-v1::proteingym-v1.3::CBS_HUMAN_Sun_2020::CBS_HUMAN,0.3856055607054861,0.030617263350990687,0.860569069260872,0.8866374779440285,0.8372494237099037,0.8848711447110591,0.7017105029598746,0.8778074462364833,0.139430930739128,0.1133625220559715,0.1627505762900962,0.1151288552889409,0.2982894970401254,0.1221925537635166,0.0,0.0,0.0,0.0,0.0,0.0,5.128895603560953,3.5195027519310877,2.723843737185817,4.161042519257959,1.8172556324941929,0.1234611159225044,1.9106755998166456,1.1352587640782066,1.1594474480266554,1.3439963454437525,1.1772357457659977,2.387844476252783,organismalfitness
variantshift-development-v1,proteingym-v1.3,proteingym-substitutions-v1.3,CBX4_HUMAN_Tsuboyama_2023_2K28,CBX4_HUMAN_Tsuboyama_2023_2K28,CBX4_HUMAN,CBX4_HUMAN,cssf_63a1a4e89751,vespag,0.8132751332676253,50,1.0,50.0,108263.0,13482.4,0.96,0.0,0.4949,0.98,0.0544729430439307,3.0480338364057413,0.0,0.0701879270667357,0.9298120729332644,Human,Stability,distilled-evolutionary-variant-effect-model,sequence,known-development-benchmark,available,,,,,,variantshift-development-v1::proteingym-v1.3::CBX4_HUMAN_Tsuboyama_2023_2K28::CBX4_HUMAN,0.9620765114708812,0.1488013782032559,0.7593378344197338,0.9373302975829964,0.9313394652774728,0.929201635031637,0.3600385656109194,0.9298120729332644,0.2406621655802662,0.0626697024170036,0.0686605347225273,0.070798364968363,0.6399614343890806,0.0701879270667357,0.0,0.0,0.0,0.0,0.0,0.0,2.286704880543731,5.396413219404308,4.708865426978041,5.534476633019481,1.0785131325489763,0.0544729430439307,2.232288278873519,1.79757201675539,1.5281658046818836,1.8888407302243275,1.78847185795854,3.0480338364057413,stability
variantshift-development-v1,proteingym-v1.3,proteingym-substitutions-v1.3,CCDB_ECOLI_Adkar_2012,CCDB_ECOLI_Adkar_2012,CCDB_ECOLI,CCDB_ECOLI,cssf_e2b2659337b1,vespag,0.4927092150586933,101,0.99009900990099,100.0,43564.0,17050.6,0.851,0.0,0.4213,1.0,0.0909496298574462,2.523812300171995,0.0,0.1520344082245056,0.8479655917754944,Prokaryote,Activity,distilled-evolutionary-variant-effect-model,sequence,known-development-benchmark,available,,,,,,variantshift-development-v1::proteingym-v1.3::CCDB_ECOLI_Adkar_2012::CCDB_ECOLI,0.4927092150586933,0.0,0.7984117277490002,0.8196364499631267,0.6454361367250581,0.8409942445135468,0.6409360034619246,0.8479655917754944,0.2015882722509998,0.1803635500368733,0.3545638632749419,0.1590057554864532,0.3590639965380754,0.1520344082245056,0.0,0.0,0.0,0.0,0.0,0.0,2.689716482256725,2.887960173758034,0.8383717834902799,3.058187084035858,0.820504261305422,0.0909496298574462,1.3510668282421834,1.4114600501744687,1.8154643481035104,1.3122908511403384,1.800097405825371,2.523812300171995,activity
variantshift-development-v1,proteingym-v1.3,proteingym-substitutions-v1.3,CCR5_HUMAN_Gill_2023,CCR5_HUMAN_Gill_2023,CCR5_HUMAN,CCR5_HUMAN,cssf_516e14d168fd,vespag,0.4371895750531251,352,0.9176136363636364,323.0,632074.0,64326.0,0.83,0.0,0.2757,1.0,0.0802956391552799,2.574224912243513,0.0,0.088727527387614,0.911272472612386,Human,Binding,distilled-evolutionary-variant-effect-model,sequence,known-development-benchmark,available,,,,,,variantshift-development-v1::proteingym-v1.3::CCR5_HUMAN_Gill_2023::CCR5_HUMAN,0.4371895750531251,0.0,0.9085801913134032,0.9198318836194216,0.9340246788246336,0.9290398489100924,0.8881012060741017,0.911272472612386,0.0914198086865969,0.0801681163805783,0.0659753211753663,0.0709601510899076,0.1118987939258983,0.088727527387614,0.0,0.0,0.0,0.0,0.0,0.0,4.2879369885521585,3.3652510670959264,2.952774459165728,3.74984906685537,2.7018842249477553,0.0802956391552799,1.4486947516736683,1.1489721971666536,1.0430916716973269,1.232790473705292,0.98778601419697,2.574224912243513,binding
variantshift-development-v1,proteingym-v1.3,proteingym-substitutions-v1.3,CD19_HUMAN_Klesmith_2019_FMC_singles,CD19_HUMAN_Klesmith_2019_FMC_singles,CD19_HUMAN,CD19_HUMAN,cssf_1ca77773c7d8,vespag,0.3068309884296251,556,0.4892086330935252,272.0,1183.0,277.4,1.0,0.0,0.1962,1.0,0.0700008718962249,2.2938836096619175,0.0,0.2489637842329034,0.7510362157670966,Human,Binding,distilled-evolutionary-variant-effect-model,sequence,known-development-benchmark,available,,,,,,variantshift-development-v1::proteingym-v1.3::CD19_HUMAN_Klesmith_2019_FMC_singles::CD19_HUMAN,0.3209276594405303,0.014096671010905226,0.8593450781843144,0.9136775196536852,0.924399452174444,0.8869148935147793,0.8869148935147793,0.7510362157670966,0.1406549218156856,0.0863224803463147,0.075600547825556,0.1130851064852207,0.1130851064852207,0.2489637842329034,0.0,0.0,0.0,0.0,0.0,0.0,2.663464326457784,2.1945836316390053,2.0860034127077105,2.5980078214385407,1.823896435722378,0.0700008718962249,1.0598894320016368,1.0662964485135016,1.1024528203046406,0.9937036929660612,1.1548752879923772,2.2938836096619175,binding
variantshift-development-v1,proteingym-v1.3,proteingym-substitutions-v1.3,CP2C9_HUMAN_Amorosi_2021_abundance,CP2C9_HUMAN_Amorosi_2021_abundance,CP2C9_HUMAN,CP2C9_HUMAN,cssf_1d3a8e32222c,vespag,0.8419889586024428,490,0.9918367346938776,486.0,264279.0,81087.0,0.886,0.0,0.2588,1.0,0.1104983742251218,2.4556970945065784,0.0,0.1125092040553696,0.8874907959446303,Human,Expression,distilled-evolutionary-variant-effect-model,sequence,known-development-benchmark,available,,,,,,variantshift-development-v1::proteingym-v1.3::CP2C9_HUMAN_Amorosi_2021_abundance::CP2C9_HUMAN,0.858641519623652,0.016652561021209156,0.8782167005179018,0.9224340360652884,0.9197271978414884,0.9220344745127902,0.8560110457819214,0.8874907959446303,0.1217832994820982,0.0775659639347116,0.0802728021585117,0.0779655254872098,0.1439889542180785,0.1125092040553696,0.0,0.0,0.0,0.0,0.0,0.0,3.655330884743322,3.4058995459137185,3.1915181395204772,3.5569360895528037,2.497872856669936,0.1104983742251218,1.8490833668511713,1.4528564883857926,1.340256609280687,1.610130139060636,1.1918891773833222,2.4556970945065784,expression
variantshift-development-v1,proteingym-v1.3,proteingym-substitutions-v1.3,CP2C9_HUMAN_Amorosi_2021_activity,CP2C9_HUMAN_Amorosi_2021_activity,CP2C9_HUMAN,CP2C9_HUMAN,cssf_1d3a8e32222c,vespag,1.045074295780641,490,0.973469387755102,477.0,264279.0,81087.0,0.886,0.0,0.2588,1.0,0.1089328090326668,2.465754790385954,0.0,0.1127982955204645,0.8872017044795355,Human,Binding,distilled-evolutionary-variant-effect-model,sequence,known-development-benchmark,available,,,,,,variantshift-development-v1::proteingym-v1.3::CP2C9_HUMAN_Amorosi_2021_activity::CP2C9_HUMAN,1.108111639028626,0.06303734324798516,0.8761292904982969,0.9205633626488408,0.9153390974371136,0.9205408510789224,0.8547261283589648,0.8872017044795355,0.123870709501703,0.0794366373511592,0.0846609025628862,0.0794591489210776,0.1452738716410352,0.1127982955204645,0.0,0.0,0.0,0.0,0.0,0.0,3.5537657656865123,3.368489980269622,3.12485803116579,3.4980510517153265,2.489160673885293,0.1089328090326668,1.8329003615120036,1.455901933774335,1.3591383403465336,1.6234447101396845,1.208694447710886,2.465754790385954,binding
variantshift-development-v1,proteingym-v1.3,proteingym-substitutions-v1.3,CSN4_MOUSE_Tsuboyama_2023_1UFM,CSN4_MOUSE_Tsuboyama_2023_1UFM,CSN4_MOUSE,CSN4_MOUSE,cssf_322a3fa1e236,vespag,0.7186822116175953,72,1.0,72.0,39217.0,3472.5,0.889,0.0,0.5514,0.9710144927536232,0.0765872047118823,3.0513143119822885,0.0,0.1448606260311262,0.8551393739688737,Eukaryote,Stability,distilled-evolutionary-variant-effect-model,sequence,known-development-benchmark,available,,,,,,variantshift-development-v1::proteingym-v1.3::CSN4_MOUSE_Tsuboyama_2023_1UFM::CSN4_MOUSE,0.791303856747284,0.07262164512968872,0.8294044351346224,0.8323934959780593,0.8777783403108907,0.818764367766482,0.7039044562812898,0.8551393739688737,0.1705955648653776,0.1676065040219406,0.1222216596891092,0.181235632233518,0.2960955437187101,0.1448606260311262,0.0,0.0,0.0,0.0,0.0,0.0,2.621072246167301,4.420890459133119,2.558229591588117,5.257354854979007,1.2412314334875505,0.0765872047118823,2.0080593314753883,1.763186258483307,1.5778851249125034,1.5212532238527734,1.6013059012894717,3.0513143119822885,stability
variantshift-development-v1,proteingym-v1.3,proteingym-substitutions-v1.3,CUE1_YEAST_Tsuboyama_2023_2MYX,CUE1_YEAST_Tsuboyama_2023_2MYX,CUE1_YEAST,CUE1_YEAST,cssf_265b55e38391,vespag,0.8319142521172496,52,1.0,52.0,3213.0,397.2,0.923,0.0,0.6629,1.0,0.0691929752478113,2.8004017961274723,0.0,0.2163446775570975,0.7836553224429025,Eukaryote,Stability,distilled-evolutionary-variant-effect-model,sequence,known-development-benchmark,available,,,,,,variantshift-development-v1::proteingym-v1.3::CUE1_YEAST_Tsuboyama_2023_2MYX::CUE1_YEAST,0.8319142521172496,0.0,0.8246503210059213,0.8767564891609114,0.8385327278576619,0.8730066549883769,0.7286418521795757,0.7836553224429025,0.1753496789940787,0.1232435108390885,0.1614672721423381,0.126993345011623,0.2713581478204243,0.2163446775570975,0.0,0.0,0.0,0.0,0.0,0.0,2.233326770072455,2.731113978375111,2.37917837647654,3.24564295849815,1.3305029580250238,0.0691929752478113,1.6045600006034717,1.4919915377084618,1.4594302813605953,1.3186418355063918,1.8821046057291488,2.8004017961274723,stability
variantshift-development-v1,proteingym-v1.3,proteingym-substitutions-v1.3,D7PM05_CLYGR_Somermeyer_2022,D7PM05_CLYGR_Somermeyer_2022,D7PM05_CLYGR,D7PM05_CLYGR,cssf_cba7b508de0e,vespag,0.7272218145456276,235,0.9957446808510638,234.0,694.0,141.6,1.0,0.0,0.3112,1.0,0.0236413408309454,2.6142416558505808,0.0,0.4198540778028806,0.5801459221971194,Eukaryote,Activity,distilled-evolutionary-variant-effect-model,sequence,known-development-benchmark,available,,,,,,variantshift-development-v1::proteingym-v1.3::D7PM05_CLYGR_Somermeyer_2022::D7PM05_CLYGR,0.7272218145456276,0.0,0.9466724616819656,0.9466724616819656,0.958211920860024,0.9499588154686832,0.9501664730814378,0.5801459221971194,0.0533275383180344,0.0533275383180344,0.041788079139976,0.0500411845313168,0.0498335269185622,0.4198540778028806,0.0,0.0,0.0,0.0,0.0,0.0,0.4472700666567714,1.3041316583006275,1.335008902820046,1.3224633156075312,1.2628541496857613,0.0236413408309454,1.6344716010029834,1.555341247472491,1.5392262101593872,1.5872018689617118,1.5335346379519952,2.6142416558505808,activity
variantshift-development-v1,proteingym-v1.3,proteingym-substitutions-v1.3,DLG4_HUMAN_Faure_2021,DLG4_HUMAN_Faure_2021,DLG4_HUMAN,DLG4_HUMAN,cssf_784e4bfd3195,vespag,0.8156066616719755,724,0.1160220994475138,84.0,25338.0,330.3,0.825,0.0,0.2352,1.0,0.0250129383874366,2.534574239773454,0.0,0.0739580852249814,0.9260419147750184,Human,OrganismalFitness,distilled-evolutionary-variant-effect-model,sequence,known-development-benchmark,available,,,,,,variantshift-development-v1::proteingym-v1.3::DLG4_HUMAN_Faure_2021::DLG4_HUMAN,0.9019658809505986,0.08635921927862311,0.7362814663196245,0.9078730430724112,0.907669102931482,0.8845026622580558,0.8536627272517485,0.9260419147750184,0.2637185336803754,0.0921269569275888,0.0923308970685179,0.1154973377419441,0.1463372727482514,0.0739580852249814,0.0,0.0,0.0,0.0,0.0,0.0,2.922475373638932,6.048315833109502,5.285417229799818,5.997716893341626,3.945792664999462,0.0250129383874366,1.814082916346141,1.3445254688365529,1.1713288888002498,1.818019849238318,1.256945076578472,2.534574239773454,organismalfitness
variantshift-development-v1,proteingym-v1.3,proteingym-substitutions-v1.3,DLG4_RAT_McLaughlin_2012,DLG4_RAT_McLaughlin_2012,DLG4_RAT,DLG4_RAT,cssf_784e4bfd3195,vespag,0.5249180459445363,724,0.1146408839779005,83.0,24705.0,257.4,0.841,0.0,0.2343,1.0,0.0521446659659218,2.831566201987296,0.0,0.1217866082857439,0.878213391714256,Eukaryote,Binding,distilled-evolutionary-variant-effect-model,sequence,known-development-benchmark,available,,,,,,variantshift-development-v1::proteingym-v1.3::DLG4_RAT_McLaughlin_2012::DLG4_RAT,0.5585516303739894,0.03363358442945308,0.8204288103906026,0.8987402715706152,0.8712903511733678,0.8570879495233712,0.8327431114203124,0.878213391714256,0.1795711896093974,0.1012597284293848,0.1287096488266321,0.1429120504766288,0.1672568885796875,0.1217866082857439,0.0,0.0,0.0,0.0,0.0,0.0,4.057781645423612,3.892139860002726,3.4071649871552805,3.6019393517782814,2.77656016735756,0.0521446659659218,1.9357308813331593,1.6153319611626968,1.3934462879656828,1.9588901897715327,1.338960452203703,2.831566201987296,binding
variantshift-development-v1,proteingym-v1.3,proteingym-substitutions-v1.3,DN7A_SACS2_Tsuboyama_2023_1JIC,DN7A_SACS2_Tsuboyama_2023_1JIC,DN7A_SACS2,DN7A_SACS2,cssf_0500559dbf7c,vespag,0.6340221989097086,55,1.0,55.0,42895.0,1365.3,0.764,0.0,0.5382,1.0,0.074656220508756,2.3853003999339424,0.0,0.321091989843337,0.678908010156663,Prokaryote,Stability,distilled-evolutionary-variant-effect-model,sequence,known-development-benchmark,available,,,,,,variantshift-development-v1::proteingym-v1.3::DN7A_SACS2_Tsuboyama_2023_1JIC::DN7A_SACS2,0.6340221989097086,0.0,0.91714589735554,0.9023839822830632,0.8957853159461475,0.8718447424262172,0.91714589735554,0.678908010156663,0.0828541026444601,0.0976160177169367,0.1042146840538524,0.1281552575737827,0.0828541026444601,0.321091989843337,0.0,0.0,0.0,0.0,0.0,0.0,1.7183282613580655,1.6060011097988276,1.5819980021905788,2.048929117220071,1.4869342625574573,0.074656220508756,1.639735482435998,1.5847953742377878,1.6035512178247349,1.542023877576994,1.6444452147966673,2.3853003999339424,stability
variantshift-development-v1,proteingym-v1.3,proteingym-substitutions-v1.3,DNJA1_HUMAN_Tsuboyama_2023_2LO1,DNJA1_HUMAN_Tsuboyama_2023_2LO1,DNJA1_HUMAN,DNJA1_HUMAN,cssf_3bc8071abc2c,vespag,0.6641159370826958,65,1.0,65.0,280284.0,35598.9,0.969,0.0,0.5041,1.0,0.0747959752317745,2.990664459364145,0.0,0.0312607187696484,0.9687392812303516,Human,Stability,distilled-evolutionary-variant-effect-model,sequence,known-development-benchmark,available,,,,,,variantshift-development-v1::proteingym-v1.3::DNJA1_HUMAN_Tsuboyama_2023_2LO1::DNJA1_HUMAN,0.8468525817029842,0.18273664462028838,0.7827538503249032,0.9707342736391548,0.9734582351922856,0.9732452281391388,0.9567022065165984,0.9687392812303516,0.2172461496750968,0.0292657263608451,0.0265417648077144,0.0267547718608611,0.0432977934834016,0.0312607187696484,0.0,0.0,0.0,0.0,0.0,0.0,2.8595122463816978,6.212489345911365,6.025958635560362,6.007168999137992,4.154123611523311,0.0747959752317745,1.9780140973114997,1.3364917206701186,1.3816447778798784,1.2266237054113776,1.4421617834758844,2.990664459364145,stability
variantshift-development-v1,proteingym-v1.3,proteingym-substitutions-v1.3,DOCK1_MOUSE_Tsuboyama_2023_2M0Y,DOCK1_MOUSE_Tsuboyama_2023_2M0Y,DOCK1_MOUSE,DOCK1_MOUSE,cssf_784e4bfd3195,vespag,0.7302726262002056,66,1.0,66.0,705447.0,24306.5,0.848,0.0,0.5909,1.0,0.0542422099427307,3.0260824969750053,0.0,0.1045765399876759,0.8954234600123241,Eukaryote,Stability,distilled-evolutionary-variant-effect-model,sequence,known-development-benchmark,available,,,,,,variantshift-development-v1::proteingym-v1.3::DOCK1_MOUSE_Tsuboyama_2023_2M0Y::DOCK1_MOUSE,0.89759945909348,0.16732683289327444,0.8907210223849049,0.9163351867513516,0.9292238817751304,0.9240819399060032,0.8336798199354297,0.8954234600123241,0.109278977615095,0.0836648132486483,0.0707761182248696,0.0759180600939967,0.1663201800645702,0.1045765399876759,0.0,0.0,0.0,0.0,0.0,0.0,2.9041641055449885,5.774963281623767,5.014198979021734,6.627766792028968,3.104118656823414,0.0542422099427307,1.6757610734538122,0.8979668353675722,0.9914319981819436,0.91795410385044,1.5101129935096709,3.0260824969750053,stability
variantshift-development-v1,proteingym-v1.3,proteingym-substitutions-v1.3,DYR_ECOLI_Nguyen_2023,DYR_ECOLI_Nguyen_2023,DYR_ECOLI,DYR_ECOLI,cssf_0932cd92de6e,vespag,0.4471449909309139,159,0.9937106918238994,158.0,188828.0,53599.5,0.969,0.0,0.3772,1.0,0.1022355592713188,2.513699652956979,0.0,0.0820404097614271,0.9179595902385728,Prokaryote,OrganismalFitness,distilled-evolutionary-variant-effect-model,sequence,known-development-benchmark,available,,,,,,variantshift-development-v1::proteingym-v1.3::DYR_ECOLI_Nguyen_2023::DYR_ECOLI,0.4598386159668968,0.01269362503598287,0.9375646081864124,0.9380266980442056,0.9255083600061492,0.9399955191655356,0.6949246462188379,0.9179595902385728,0.0624353918135875,0.0619733019557945,0.0744916399938508,0.0600044808344645,0.3050753537811621,0.0820404097614271,0.0,0.0,0.0,0.0,0.0,0.0,3.655129607574832,3.6158048775781375,3.1741893801676393,4.024828125567618,1.4703524899748206,0.1022355592713188,1.5153016840737688,1.5226964474602125,1.441466122309753,1.4756564117654738,1.1601621401237687,2.513699652956979,organismalfitness
variantshift-development-v1,proteingym-v1.3,proteingym-substitutions-v1.3,DYR_ECOLI_Thompson_2019,DYR_ECOLI_Thompson_2019,DYR_ECOLI,DYR_ECOLI,cssf_0932cd92de6e,vespag,0.4872467905119875,159,0.9874213836477987,157.0,41921.0,12324.2,0.981,0.0,0.3772,1.0,0.1000886418458485,2.448818811817378,0.0,0.1011288158746078,0.8988711841253921,Prokaryote,OrganismalFitness,distilled-evolutionary-variant-effect-model,sequence,known-development-benchmark,available,,,,,,variantshift-development-v1::proteingym-v1.3::DYR_ECOLI_Thompson_2019::DYR_ECOLI,0.4872467905119875,0.0,0.9240645259169646,0.929215329930576,0.9152332899886036,0.9294183422017904,0.703160100531107,0.8988711841253921,0.0759354740830353,0.0707846700694239,0.0847667100113964,0.0705816577982094,0.296839899468893,0.1011288158746078,0.0,0.0,0.0,0.0,0.0,0.0,3.3342208321838256,3.279827391490925,2.915734645460166,3.6339138423532513,1.3632150970701653,0.1000886418458485,1.5616263509383947,1.5887797239046484,1.5082332359233983,1.5333621473478378,1.2483377417586874,2.448818811817378,organismalfitness
variantshift-development-v1,proteingym-v1.3,proteingym-substitutions-v1.3,ENVZ_ECOLI_Ghose_2023,ENVZ_ECOLI_Ghose_2023,ENVZ_ECOLI,ENVZ_ECOLI,cssf_2ee5fd080c0f,vespag,0.1638531015028823,60,1.0,60.0,1879223.0,275719.5,0.933,0.0,0.5755,0.9824561403508772,0.0695570201969022,2.802644328762369,0.0,0.1318754348710533,0.8681245651289466,Prokaryote,Activity,distilled-evolutionary-variant-effect-model,sequence,known-development-benchmark,available,,,,,,variantshift-development-v1::proteingym-v1.3::ENVZ_ECOLI_Ghose_2023::ENVZ_ECOLI,0.1684127833057875,0.004559681802905197,0.91044472103171,0.9105236281926604,0.9094192887192388,0.9139486700527264,0.8748099515534054,0.8681245651289466,0.0895552789682898,0.0894763718073394,0.090580711280761,0.0860513299472737,0.1251900484465946,0.1318754348710533,0.0,0.0,0.0,0.0,0.0,0.0,2.939193643327078,3.1813850392136573,2.6600798295613783,3.2027410602775097,2.1839923841373734,0.0695570201969022,1.2090942221447951,1.3350521699712603,1.15227369837003,1.3927418593616987,1.298441725874913,2.802644328762369,activity
variantshift-development-v1,proteingym-v1.3,proteingym-substitutions-v1.3,ENV_HV1BR_Haddox_2016,ENV_HV1BR_Haddox_2016,ENV_HV1BR,ENV_HV1BR,cssf_1bf288bd319a,vespag,0.39778311823259,861,0.7862950058072009,677.0,74844.0,37355.2,0.98,0.0,0.237,1.0,0.0513526694917883,2.6257933663566417,0.0,0.3570851551638049,0.6429148448361951,Virus,OrganismalFitness,distilled-evolutionary-variant-effect-model,sequence,known-development-benchmark,available,,,,,,variantshift-development-v1::proteingym-v1.3::ENV_HV1BR_Haddox_2016::ENV_HV1BR,0.39778311823259,0.0,0.5827221758971779,0.6000101643651725,0.5836179394479167,0.6086727643963963,0.6021465345556317,0.6429148448361951,0.4172778241028221,0.3999898356348275,0.4163820605520832,0.3913272356036037,0.3978534654443683,0.3570851551638049,0.0,0.0,0.0,0.0,0.0,0.0,4.064841306311619,1.4421798969062831,1.1302837399288617,1.8977978234156037,1.065681795916973,0.0513526694917883,1.9379402150031573,1.1419275006559957,1.3734596522997935,0.9335873989222494,1.4106874878548066,2.6257933663566417,organismalfitness
variantshift-development-v1,proteingym-v1.3,proteingym-substitutions-v1.3,EPHB2_HUMAN_Tsuboyama_2023_1F0M,EPHB2_HUMAN_Tsuboyama_2023_1F0M,EPHB2_HUMAN,EPHB2_HUMAN,cssf_1a40a2a2ccdc,vespag,0.7636967639833167,66,1.0,66.0,212234.0,8337.7,0.894,0.0,0.546,0.953846153846154,0.0614776524275813,2.951976679629704,0.0,0.0508207448119857,0.9491792551880144,Human,Stability,distilled-evolutionary-variant-effect-model,sequence,known-development-benchmark,available,,,,,,variantshift-development-v1::proteingym-v1.3::EPHB2_HUMAN_Tsuboyama_2023_1F0M::EPHB2_HUMAN,0.7762164349677471,0.012519670984430409,0.9032654020646408,0.959097651413234,0.9491792551880144,0.9691481131812508,0.370573418112869,0.9491792551880144,0.0967345979353591,0.0409023485867658,0.0508207448119857,0.0308518868187492,0.629426581887131,0.0508207448119857,0.0,0.0,0.0,0.0,0.0,0.0,3.331031816883035,5.522622355686391,4.647671888510858,7.702921686771701,1.2120226127635296,0.0614776524275813,1.912257899277241,1.1107268761519935,1.205402169453236,0.9984639384053952,1.8764474169081873,2.951976679629704,stability
variantshift-development-v1,proteingym-v1.3,proteingym-substitutions-v1.3,ESTA_BACSU_Nutschel_2020,ESTA_BACSU_Nutschel_2020,ESTA_BACSU,ESTA_BACSU,cssf_eb7894768bb9,vespag,0.6198061469422603,212,0.7924528301886793,168.0,234310.0,66416.1,0.774,0.0,0.4403,1.0,0.0865536186314576,2.4179304433900173,0.0,0.2226631033560375,0.7773368966439624,Prokaryote,Stability,distilled-evolutionary-variant-effect-model,sequence,known-development-benchmark,available,,,,,,variantshift-development-v1::proteingym-v1.3::ESTA_BACSU_Nutschel_2020::ESTA_BACSU,0.6229921072653241,0.00318596032306373,0.866776382657032,0.902731776605293,0.9027923206480712,0.8692851897145575,0.8589514163179564,0.7773368966439624,0.1332236173429679,0.0972682233947069,0.0972076793519287,0.1307148102854425,0.1410485836820436,0.2226631033560375,0.0,0.0,0.0,0.0,0.0,0.0,2.78016907724648,2.642040168070098,2.495729643306712,2.9644656456960368,1.9290992020604056,0.0865536186314576,1.3421859430026846,1.2284668307952158,1.33292181040912,1.2560792148154176,1.2489044123858006,2.4179304433900173,stability
variantshift-development-v1,proteingym-v1.3,proteingym-substitutions-v1.3,FECA_ECOLI_Tsuboyama_2023_2D1U,FECA_ECOLI_Tsuboyama_2023_2D1U,FECA_ECOLI,FECA_ECOLI,cssf_9a3ea6c0c19c,vespag,0.6250997365128665,72,1.0,72.0,74248.0,10195.5,0.986,0.0,0.4275,0.9803921568627452,0.0877981845525027,2.7640605490983017,0.0,0.1340536967762226,0.8659463032237774,Prokaryote,Stability,distilled-evolutionary-variant-effect-model,sequence,known-development-benchmark,available,,,,,,variantshift-development-v1::proteingym-v1.3::FECA_ECOLI_Tsuboyama_2023_2D1U::FECA_ECOLI,0.8481533125018644,0.2230535759889979,0.8579778079712475,0.8909899423717986,0.8773709733720403,0.9115742868698512,0.6944567813689924,0.8659463032237774,0.1420221920287525,0.1090100576282013,0.1226290266279597,0.0884257131301486,0.3055432186310076,0.1340536967762226,0.0,0.0,0.0,0.0,0.0,0.0,2.4859957853475745,3.3403662461300527,2.6648576117097784,4.509421518252157,1.3577497560670135,0.0877981845525027,1.5015911155287776,1.3383228083400485,1.4908587162037177,1.2205178539152264,1.4347035566934945,2.7640605490983017,stability
variantshift-development-v1,proteingym-v1.3,proteingym-substitutions-v1.3,FKBP3_HUMAN_Tsuboyama_2023_2KFV,FKBP3_HUMAN_Tsuboyama_2023_2KFV,FKBP3_HUMAN,FKBP3_HUMAN,cssf_178ecc1910b6,vespag,0.5433204932926171,69,1.0,69.0,3216.0,127.7,0.957,0.0,0.4367,0.9855072463768116,0.0586911992051339,2.5135115533069654,0.0,0.2516802758158316,0.7483197241841684,Human,Stability,distilled-evolutionary-variant-effect-model,sequence,known-development-benchmark,available,,,,,,variantshift-development-v1::proteingym-v1.3::FKBP3_HUMAN_Tsuboyama_2023_2KFV::FKBP3_HUMAN,0.5433204932926171,0.0,0.9017165854909726,0.9020361978672332,0.8795406699616568,0.8765659431007807,0.8765659431007807,0.7483197241841684,0.0982834145090274,0.0979638021327669,0.1204593300383432,0.1234340568992192,0.1234340568992192,0.2516802758158316,0.0,0.0,0.0,0.0,0.0,0.0,1.0139773229442477,1.052965423608781,0.9863639561272056,1.3540656023558295,1.028356480492861,0.0586911992051339,1.6114575498713832,1.5324431808965226,1.5985424494596114,1.5931040955849565,1.5415188782737466,2.5135115533069654,stability
variantshift-development-v1,proteingym-v1.3,proteingym-substitutions-v1.3,GAL4_YEAST_Kitzman_2015,GAL4_YEAST_Kitzman_2015,GAL4_YEAST,GAL4_YEAST,cssf_2be67f569203,vespag,0.8573198719094618,881,0.0726447219069239,64.0,16159.0,8829.6,0.707,0.0,0.2239,1.0,0.0578563610622996,2.7269003213174594,0.0,0.1597247442625872,0.8402752557374128,Eukaryote,OrganismalFitness,distilled-evolutionary-variant-effect-model,sequence,known-development-benchmark,available,,,,,,variantshift-development-v1::proteingym-v1.3::GAL4_YEAST_Kitzman_2015::GAL4_YEAST,0.8573198719094618,0.0,0.8762088102453747,0.9059775233903103,0.9328000288873876,0.8377701186977695,0.9059775233903103,0.8402752557374128,0.1237911897546253,0.0940224766096895,0.0671999711126123,0.1622298813022304,0.0940224766096895,0.1597247442625872,0.0,0.0,0.0,0.0,0.0,0.0,4.039195334566635,3.787121704827549,3.1450278091681443,4.475195735038269,2.9548837485515898,0.0578563610622996,1.4031108708910236,1.2400308870258163,1.0388895043939348,1.4710413515696152,0.9983761431305416,2.7269003213174594,organismalfitness
variantshift-development-v1,proteingym-v1.3,proteingym-substitutions-v1.3,GDIA_HUMAN_Silverstein_2021,GDIA_HUMAN_Silverstein_2021,GDIA_HUMAN,GDIA_HUMAN,cssf_8931019bd293,vespag,0.5250501590071296,447,0.9955257270693512,445.0,5196.0,357.4,0.996,0.0,0.4881,1.0,0.1439160023992177,2.282852016300215,0.0,0.1282487507427043,0.8717512492572956,Human,OrganismalFitness,distilled-evolutionary-variant-effect-model,sequence,known-development-benchmark,available,,,,,,variantshift-development-v1::proteingym-v1.3::GDIA_HUMAN_Silverstein_2021::GDIA_HUMAN,0.5630896154879128,0.03803945648078322,0.8063153394199974,0.8015595480140537,0.6900105427572769,0.8210224848451402,0.6260232269395315,0.8717512492572956,0.1936846605800025,0.1984404519859463,0.3099894572427231,0.1789775151548598,0.3739767730604685,0.1282487507427043,0.0,0.0,0.0,0.0,0.0,0.0,3.468024192018462,3.3861529357572873,1.8898238022684637,3.3637488650589553,1.1500984940946168,0.1439160023992177,1.8652866149769904,1.628029310718529,0.861597367288968,2.2120632933545674,1.1838538299103682,2.282852016300215,organismalfitness
variantshift-development-v1,proteingym-v1.3,proteingym-substitutions-v1.3,GFP_AEQVI_Sarkisyan_2016,GFP_AEQVI_Sarkisyan_2016,GFP_AEQVI,GFP_AEQVI,cssf_cba7b508de0e,vespag,0.3982244884098689,238,0.9789915966386554,233.0,396.0,13.1,0.975,0.0,0.302,1.0,0.0129904310429433,2.181555635101452,0.0,0.3864455990031075,0.6135544009968925,Eukaryote,Activity,distilled-evolutionary-variant-effect-model,sequence,known-development-benchmark,available,,,,,,variantshift-development-v1::proteingym-v1.3::GFP_AEQVI_Sarkisyan_2016::GFP_AEQVI,0.3982244884098689,0.0,0.915936233636098,0.937440627089826,0.9404377887579476,0.9334970794064285,0.915936233636098,0.6135544009968925,0.0840637663639018,0.0625593729101738,0.0595622112420524,0.0665029205935715,0.0840637663639018,0.3864455990031075,0.0,0.0,0.0,0.0,0.0,0.0,0.4760149290485618,1.6383400385883764,1.5743948554898042,1.644148244139445,1.4070135853798855,0.0129904310429433,1.7025710473370486,1.6048372051314437,1.6336597937638735,1.5953777291003923,1.6686319227537632,2.181555635101452,activity
variantshift-development-v1,proteingym-v1.3,proteingym-substitutions-v1.3,GRB2_HUMAN_Faure_2021,GRB2_HUMAN_Faure_2021,GRB2_HUMAN,GRB2_HUMAN,cssf_784e4bfd3195,vespag,0.925684763601735,217,0.2534562211981567,55.0,33228.0,1471.1,0.816,0.0,0.2748,1.0,0.0189731311275558,2.4883049817592138,0.0,0.0564538169774005,0.9435461830225994,Human,OrganismalFitness,distilled-evolutionary-variant-effect-model,sequence,known-development-benchmark,available,,,,,,variantshift-development-v1::proteingym-v1.3::GRB2_HUMAN_Faure_2021::GRB2_HUMAN,1.0037161929241771,0.07803142932244211,0.8936290197701893,0.9423881051113052,0.9308357267386216,0.9435999158671212,0.9055335496975152,0.9435461830225994,0.1063709802298107,0.0576118948886947,0.0691642732613784,0.0564000841328788,0.0944664503024848,0.0564538169774005,0.0,0.0,0.0,0.0,0.0,0.0,2.8083890339757667,5.038372376226358,4.395230183195083,5.87751513522974,3.1766075583336604,0.0189731311275558,1.702118829679438,1.5547071386665758,1.5666524444316303,1.5943787085092642,1.4372809176336796,2.4883049817592138,organismalfitness
variantshift-development-v1,proteingym-v1.3,proteingym-substitutions-v1.3,HCP_LAMBD_Tsuboyama_2023_2L6Q,HCP_LAMBD_Tsuboyama_2023_2L6Q,HCP_LAMBD,HCP_LAMBD,cssf_f4afbafe8fe3,vespag,0.7464006330582457,55,1.0,55.0,2128.0,1691.9,0.945,0.0,0.6414,1.0,0.0810883234492017,2.6264075798778284,0.0,0.2021094036201529,0.797890596379847,Virus,Stability,distilled-evolutionary-variant-effect-model,sequence,known-development-benchmark,available,,,,,,variantshift-development-v1::proteingym-v1.3::HCP_LAMBD_Tsuboyama_2023_2L6Q::HCP_LAMBD,0.8561447478134085,0.10974411475516288,0.8688178175944206,0.8868906111016404,0.8781973654817472,0.8209702931279735,0.8324388634860909,0.797890596379847,0.1311821824055794,0.1131093888983596,0.1218026345182528,0.1790297068720264,0.1675611365139091,0.2021094036201529,0.0,0.0,0.0,0.0,0.0,0.0,2.768594753306876,2.4659224691367765,1.5137294090022524,3.3875833108009403,1.4510019302795512,0.0810883234492017,1.5378071237387274,1.4426974991493964,1.8731823710370132,1.6089851213550923,1.8265727811570744,2.6264075798778284,stability
variantshift-development-v1,proteingym-v1.3,proteingym-substitutions-v1.3,HECD1_HUMAN_Tsuboyama_2023_3DKM,HECD1_HUMAN_Tsuboyama_2023_3DKM,HECD1_HUMAN,HECD1_HUMAN,cssf_45f2530c8897,vespag,0.8556928719583426,72,1.0,72.0,18660.0,1239.8,0.903,0.0,0.6027,1.0,0.0543362184221799,3.020532911414168,0.0,0.3388391410818074,0.6611608589181925,Human,Stability,distilled-evolutionary-variant-effect-model,sequence,known-development-benchmark,available,,,,,,variantshift-development-v1::proteingym-v1.3::HECD1_HUMAN_Tsuboyama_2023_3DKM::HECD1_HUMAN,0.9322981963001422,0.07660532434179956,0.7243594570574244,0.7588537812837408,0.6956074181135888,0.6355239817653048,0.6497921815109654,0.6611608589181925,0.2756405429425755,0.2411462187162592,0.3043925818864111,0.3644760182346952,0.3502078184890346,0.3388391410818074,0.0,0.0,0.0,0.0,0.0,0.0,2.2814967669660273,3.9483350760886857,1.3435789315783024,6.307879701635355,1.2500942597091094,0.0543362184221799,2.312638752711573,2.0413871507694124,1.671774867969081,2.42881248896376,1.899043309950651,3.020532911414168,stability
variantshift-development-v1,proteingym-v1.3,proteingym-substitutions-v1.3,HEM3_HUMAN_Loggerenberg_2023,HEM3_HUMAN_Loggerenberg_2023,HEM3_HUMAN,HEM3_HUMAN,cssf_afe0fb52df15,vespag,0.4835492608649019,361,0.9473684210526316,342.0,59544.0,11856.8,0.85,0.0,0.2936,1.0,0.1304168060122726,2.5320504434216424,0.0,0.0793063967714318,0.9206936032285682,Human,Activity,distilled-evolutionary-variant-effect-model,sequence,known-development-benchmark,available,,,,,,variantshift-development-v1::proteingym-v1.3::HEM3_HUMAN_Loggerenberg_2023::HEM3_HUMAN,0.4835492608649019,0.0,0.9286569763835092,0.9389465148066324,0.9206936032285682,0.911728215995335,0.686770192622536,0.9206936032285682,0.0713430236164907,0.0610534851933677,0.0793063967714318,0.0882717840046649,0.313229807377464,0.0793063967714318,0.0,0.0,0.0,0.0,0.0,0.0,4.710317237520534,4.147540553268961,3.504582057953723,4.700397223037648,1.625956692840602,0.1304168060122726,1.515792214868123,1.2894384173359243,1.2112368955226276,1.653782207361662,1.264064817452213,2.5320504434216424,activity
variantshift-development-v1,proteingym-v1.3,proteingym-substitutions-v1.3,HMDH_HUMAN_Jiang_2019,HMDH_HUMAN_Jiang_2019,HMDH_HUMAN,HMDH_HUMAN,cssf_5e5c54cd042b,vespag,0.3342164543849277,888,0.9988738738738738,887.0,3153.0,518.9,0.995,0.0,0.2185,1.0,0.1251085518438875,2.509827653995348,0.0,0.189948671971189,0.810051328028811,Human,OrganismalFitness,distilled-evolutionary-variant-effect-model,sequence,known-development-benchmark,available,,,,,,variantshift-development-v1::proteingym-v1.3::HMDH_HUMAN_Jiang_2019::HMDH_HUMAN,0.5293859580461854,0.19516950366125768,0.8257142466663218,0.810051328028811,0.6900911058478909,0.8597128287535307,0.6716068782715425,0.810051328028811,0.1742857533336782,0.189948671971189,0.3099088941521091,0.1402871712464692,0.3283931217284574,0.189948671971189,0.0,0.0,0.0,0.0,0.0,0.0,4.500731042706749,2.3979071755013885,1.3324887241646566,4.041161680977959,1.0167117119949385,0.1251085518438875,1.2861326029570483,0.9867675962043412,1.2847673556568646,0.993960287385946,1.549680184482578,2.509827653995348,organismalfitness
variantshift-development-v1,proteingym-v1.3,proteingym-substitutions-v1.3,HSP82_YEAST_Cote-Hammarlof_2020_growth-H2O2,HSP82_YEAST_Cote-Hammarlof_2020_growth-H2O2,HSP82_YEAST,HSP82_YEAST,cssf_4ba74830b6b6,vespag,0.457063583262486,709,0.1678420310296191,119.0,48695.0,4590.4,0.917,0.0,0.2301,1.0,0.1067788890016805,2.6477727228236807,0.0,0.1316180314914641,0.8683819685085359,Eukaryote,OrganismalFitness,distilled-evolutionary-variant-effect-model,sequence,known-development-benchmark,available,,,,,,variantshift-development-v1::proteingym-v1.3::HSP82_YEAST_Cote-Hammarlof_2020_growth-H2O2::HSP82_YEAST,0.4750336662788819,0.01797008301639591,0.8322409820540208,0.783812355467364,0.6647802735481909,0.8322409820540208,0.5557212435629155,0.8683819685085359,0.1677590179459792,0.2161876445326359,0.3352197264518091,0.1677590179459792,0.4442787564370845,0.1316180314914641,0.0,0.0,0.0,0.0,0.0,0.0,3.878545930546832,2.7012979076345114,1.252848232662001,3.548224836371698,1.2233577905485238,0.1067788890016805,1.987489381211964,1.1060455865006118,1.4431083510465648,1.366347818674832,1.3140755840072604,2.6477727228236807,organismalfitness
variantshift-development-v1,proteingym-v1.3,proteingym-substitutions-v1.3,HSP82_YEAST_Flynn_2019,HSP82_YEAST_Flynn_2019,HSP82_YEAST,HSP82_YEAST,cssf_4ba74830b6b6,vespag,0.4744077843046194,709,0.997179125528914,707.0,38923.0,3864.2,0.862,0.0,0.2301,1.0,0.1432176801293321,2.34307443501313,0.0,0.1554339101136395,0.8445660898863605,Eukaryote,OrganismalFitness,distilled-evolutionary-variant-effect-model,sequence,known-development-benchmark,available,,,,,,variantshift-development-v1::proteingym-v1.3::HSP82_YEAST_Flynn_2019::HSP82_YEAST,0.4744077843046194,0.0,0.8483705342948898,0.7525032543205693,0.6703430751396093,0.8445660898863605,0.6244699671126379,0.8445660898863605,0.1516294657051101,0.2474967456794307,0.3296569248603906,0.1554339101136395,0.3755300328873621,0.1554339101136395,0.0,0.0,0.0,0.0,0.0,0.0,4.1087648910774055,2.9722344834108863,2.4196966046917976,3.5728645363774367,2.0988070146035436,0.1432176801293321,1.8297430293664971,1.0463062680611512,0.9669742419103567,1.2402774875507274,0.9638210185186246,2.34307443501313,organismalfitness
variantshift-development-v1,proteingym-v1.3,proteingym-substitutions-v1.3,HSP82_YEAST_Mishra_2016,HSP82_YEAST_Mishra_2016,HSP82_YEAST,HSP82_YEAST,cssf_4ba74830b6b6,vespag,0.5030305996550409,709,0.3229901269393512,229.0,38923.0,3864.2,0.862,0.0,0.2301,1.0,0.1382969752486115,2.364409425444293,0.0,0.1169322747902288,0.8830677252097712,Eukaryote,OrganismalFitness,distilled-evolutionary-variant-effect-model,sequence,known-development-benchmark,available,,,,,,variantshift-development-v1::proteingym-v1.3::HSP82_YEAST_Mishra_2016::HSP82_YEAST,0.5030305996550409,0.0,0.8830677252097712,0.8449320211038464,0.7884455264222232,0.886965071609439,0.7198319962639591,0.8830677252097712,0.1169322747902288,0.1550679788961536,0.2115544735777768,0.1130349283905609,0.2801680037360409,0.1169322747902288,0.0,0.0,0.0,0.0,0.0,0.0,4.2501926760323405,3.6931617311073466,3.1982389116311385,4.259249029823049,2.6155638198732425,0.1382969752486115,1.8657248260439665,1.137391238745544,0.9745896877680764,1.345501809019491,0.9465889145947533,2.364409425444293,organismalfitness
variantshift-development-v1,proteingym-v1.3,proteingym-substitutions-v1.3,HXK4_HUMAN_Gersing_2022_activity,HXK4_HUMAN_Gersing_2022_activity,HXK4_HUMAN,HXK4_HUMAN,cssf_b10f2912eeeb,vespag,0.4857858810780891,465,0.9978494623655914,464.0,23354.0,2318.4,1.0,0.0,0.4448,1.0,0.1331982422051227,2.2964815892564037,0.0,0.1123865315866101,0.8876134684133898,Human,OrganismalFitness,distilled-evolutionary-variant-effect-model,sequence,known-development-benchmark,available,,,,,,variantshift-development-v1::proteingym-v1.3::HXK4_HUMAN_Gersing_2022_activity::HXK4_HUMAN,0.5672986359234378,0.08151275484534865,0.8471630726666615,0.8816056293476253,0.759010866020985,0.9069464128080478,0.6698251882863262,0.8876134684133898,0.1528369273333385,0.1183943706523746,0.240989133979015,0.0930535871919522,0.3301748117136738,0.1123865315866101,0.0,0.0,0.0,0.0,0.0,0.0,4.259930136982457,3.3689843374658923,2.196803015814697,3.858137950307971,1.5602425307504073,0.1331982422051227,1.7701388267385587,1.1961285794570304,1.0047591692935145,1.2704174956154124,1.296629508545501,2.2964815892564037,organismalfitness
variantshift-development-v1,proteingym-v1.3,proteingym-substitutions-v1.3,HXK4_HUMAN_Gersing_2023_abundance,HXK4_HUMAN_Gersing_2023_abundance,HXK4_HUMAN,HXK4_HUMAN,cssf_b10f2912eeeb,vespag,0.493390536343175,465,0.9956989247311828,463.0,24177.0,2499.8,0.966,0.0,0.4448,1.0,0.1333529620160268,2.3005561532481713,0.0,0.1128507260550744,0.8871492739449256,Human,Expression,distilled-evolutionary-variant-effect-model,sequence,known-development-benchmark,available,,,,,,variantshift-development-v1::proteingym-v1.3::HXK4_HUMAN_Gersing_2023_abundance::HXK4_HUMAN,0.4940215540377028,0.0006310176945278356,0.8463040223904434,0.8824000483755221,0.758486348952021,0.9069142415957336,0.6701351719672753,0.8871492739449256,0.1536959776095565,0.1175999516244779,0.2415136510479789,0.0930857584042663,0.3298648280327246,0.1128507260550744,0.0,0.0,0.0,0.0,0.0,0.0,4.264108961403741,3.373744643741734,2.1979837852620925,3.8574682752854255,1.5657703667972307,0.1333529620160268,1.769123757981773,1.1996150678872732,1.0034789683356375,1.2728126980146268,1.2934165795258492,2.3005561532481713,expression
variantshift-development-v1,proteingym-v1.3,proteingym-substitutions-v1.3,I6TAH8_I68A0_Doud_2015,I6TAH8_I68A0_Doud_2015,I6TAH8_I68A0,I6TAH8_I68A0,cssf_ac5654d2afd9,vespag,0.4671366821221521,498,1.0,498.0,15390.0,1072.6,1.0,0.0,0.2911,1.0,0.0403520435156087,2.6624499474797316,0.0,0.4071427816382249,0.5928572183617751,Virus,OrganismalFitness,distilled-evolutionary-variant-effect-model,sequence,known-development-benchmark,available,,,,,,variantshift-development-v1::proteingym-v1.3::I6TAH8_I68A0_Doud_2015::I6TAH8_I68A0,0.4671366821221521,0.0,0.9615663106380588,0.9624038397733308,0.9701378451540342,0.9552361024385984,0.9552361024385984,0.5928572183617751,0.0384336893619412,0.0375961602266692,0.0298621548459657,0.0447638975614015,0.0447638975614015,0.4071427816382249,0.0,0.0,0.0,0.0,0.0,0.0,1.1891280438680447,1.108975158968402,1.058535003281008,1.1983376477879717,0.9832945601857788,0.0403520435156087,1.198683525123284,1.3172554941656751,1.4141119466063157,1.2137601709977155,1.4873317536233943,2.6624499474797316,organismalfitness
variantshift-development-v1,proteingym-v1.3,proteingym-substitutions-v1.3,IF1_ECOLI_Kelsic_2016,IF1_ECOLI_Kelsic_2016,IF1_ECOLI,IF1_ECOLI,cssf_ab9383c4e9ad,vespag,0.5428146006844516,72,1.0,72.0,361806.0,38609.4,0.806,0.0,0.45,1.0,0.0949923322701084,2.709550098590697,0.0,0.0923139046654617,0.9076860953345384,Prokaryote,OrganismalFitness,distilled-evolutionary-variant-effect-model,sequence,known-development-benchmark,available,,,,,,variantshift-development-v1::proteingym-v1.3::IF1_ECOLI_Kelsic_2016::IF1_ECOLI,0.5795607881992021,0.03674618751475045,0.9051273766162958,0.9240080813170158,0.8631745298741642,0.908066138134174,0.6932916567993601,0.9076860953345384,0.0948726233837041,0.0759919186829841,0.1368254701258358,0.0919338618658258,0.3067083432006399,0.0923139046654617,0.0,0.0,0.0,0.0,0.0,0.0,3.3771895797924527,3.5449559897988374,2.9796897135158167,3.885162340655151,1.9691764101848528,0.0949923322701084,1.9002327791595537,1.664480372733019,1.2843608869755585,1.7768204629783435,1.1412943937228313,2.709550098590697,organismalfitness
variantshift-development-v1,proteingym-v1.3,proteingym-substitutions-v1.3,ILF3_HUMAN_Tsuboyama_2023_2L33,ILF3_HUMAN_Tsuboyama_2023_2L33,ILF3_HUMAN,ILF3_HUMAN,cssf_a0ac9f2c6c49,vespag,0.3809623040340517,71,1.0,71.0,145438.0,21975.3,0.915,0.0,0.4016,1.0,0.0721118343676121,2.6190494418590937,0.0,0.1570026401367448,0.8429973598632552,Human,Stability,distilled-evolutionary-variant-effect-model,sequence,known-development-benchmark,available,,,,,,variantshift-development-v1::proteingym-v1.3::ILF3_HUMAN_Tsuboyama_2023_2L33::ILF3_HUMAN,0.4505208367086155,0.0695585326745638,0.8301153135088257,0.8703353306980361,0.8328938217610168,0.8206763798860474,0.7128075439284932,0.8429973598632552,0.1698846864911742,0.1296646693019638,0.1671061782389832,0.1793236201139526,0.2871924560715068,0.1570026401367448,0.0,0.0,0.0,0.0,0.0,0.0,2.9600600371331884,3.606557370569754,3.364054383905275,3.0891869458386125,1.9495620010585937,0.0721118343676121,1.8362607938258424,1.5529006843128552,1.5055263410133497,1.9631870235646296,1.2320484878071332,2.6190494418590937,stability
variantshift-development-v1,proteingym-v1.3,proteingym-substitutions-v1.3,ISDH_STAAW_Tsuboyama_2023_2LHR,ISDH_STAAW_Tsuboyama_2023_2LHR,ISDH_STAAW,ISDH_STAAW,cssf_952abe758b6a,vespag,0.5032611332225406,55,1.0,55.0,115488.0,39251.7,0.818,0.0,0.6307,1.0,0.0674516511763041,2.666581303428253,0.0,0.1942744932470095,0.8057255067529905,Prokaryote,Stability,distilled-evolutionary-variant-effect-model,sequence,known-development-benchmark,available,,,,,,variantshift-development-v1::proteingym-v1.3::ISDH_STAAW_Tsuboyama_2023_2LHR::ISDH_STAAW,0.6229171471279418,0.11965601390540115,0.9215599505213544,0.9310168665384873,0.9507949325460476,0.9069640781178828,0.9425839461891364,0.8057255067529905,0.0784400494786456,0.0689831334615127,0.0492050674539523,0.0930359218821172,0.0574160538108636,0.1942744932470095,0.0,0.0,0.0,0.0,0.0,0.0,1.2758995044774122,2.6881098683541382,1.8640393993949869,3.006072678742249,1.7900671445957914,0.0674516511763041,1.833074496468331,1.445198744883578,1.5816563917923867,1.334468837440522,1.5477335617687555,2.666581303428253,stability
variantshift-development-v1,proteingym-v1.3,proteingym-substitutions-v1.3,KCNE1_HUMAN_Muhammad_2023_expression,KCNE1_HUMAN_Muhammad_2023_expression,KCNE1_HUMAN,KCNE1_HUMAN,cssf_8626537a0620,vespag,0.1199150232796301,129,0.9844961240310076,127.0,2118.0,224.8,0.969,0.0,0.2846,1.0,0.0803306234994201,2.7012614382823323,0.0,0.1578036767399384,0.8421963232600616,Human,Expression,distilled-evolutionary-variant-effect-model,sequence,known-development-benchmark,available,,,,,,variantshift-development-v1::proteingym-v1.3::KCNE1_HUMAN_Muhammad_2023_expression::KCNE1_HUMAN,0.1833614530292057,0.0634464297495756,0.8222726499887014,0.8575224694492358,0.626411457895116,0.7994989358747093,0.6617818148311245,0.8421963232600616,0.1777273500112985,0.1424775305507641,0.373588542104884,0.2005010641252906,0.3382181851688755,0.1578036767399384,0.0,0.0,0.0,0.0,0.0,0.0,4.011410715376109,3.4260603571455257,0.9298926473789456,3.5976012909968933,0.9477801139635772,0.0803306234994201,1.8106980168963445,1.2203337266537675,1.527534616283807,1.6371244350872318,1.4421440962070886,2.7012614382823323,expression
variantshift-development-v1,proteingym-v1.3,proteingym-substitutions-v1.3,KCNE1_HUMAN_Muhammad_2023_function,KCNE1_HUMAN_Muhammad_2023_function,KCNE1_HUMAN,KCNE1_HUMAN,cssf_8626537a0620,vespag,0.6649480104543904,129,0.9844961240310076,127.0,2118.0,224.8,0.969,0.0,0.2846,1.0,0.0805255605733683,2.7003161728264176,0.0,0.1569651678303485,0.8430348321696515,Human,Activity,distilled-evolutionary-variant-effect-model,sequence,known-development-benchmark,available,,,,,,variantshift-development-v1::proteingym-v1.3::KCNE1_HUMAN_Muhammad_2023_function::KCNE1_HUMAN,0.7321640145156568,0.06721600406126638,0.823972411189062,0.857697503634911,0.6271788320430169,0.8005523426268002,0.6625300271946466,0.8430348321696515,0.176027588810938,0.1423024963650889,0.372821167956983,0.1994476573731998,0.3374699728053534,0.1569651678303485,0.0,0.0,0.0,0.0,0.0,0.0,4.017196910054956,3.43263901281774,0.9324146060766209,3.606412949916338,0.9501625378491084,0.0805255605733683,1.8158043221024192,1.220669061005367,1.5229052965962595,1.631659924617583,1.4398884813571873,2.7003161728264176,activity
variantshift-development-v1,proteingym-v1.3,proteingym-substitutions-v1.3,KCNJ2_MOUSE_Coyote-Maestas_2022_function,KCNJ2_MOUSE_Coyote-Maestas_2022_function,KCNJ2_MOUSE,KCNJ2_MOUSE,cssf_f35e7c0d2382,vespag,0.385935404430243,428,0.9135514018691588,391.0,20953.0,2259.4,0.86,0.0,0.2412,1.0,0.1150779064832183,2.5722700927164652,0.0,0.1261305648854148,0.8738694351145851,Eukaryote,Activity,distilled-evolutionary-variant-effect-model,sequence,known-development-benchmark,available,,,,,,variantshift-development-v1::proteingym-v1.3::KCNJ2_MOUSE_Coyote-Maestas_2022_function::KCNJ2_MOUSE,0.4601810234946104,0.07424561906436739,0.8798320820007384,0.8792764062977074,0.8168435455641093,0.8774297644302156,0.5975034504369277,0.8738694351145851,0.1201679179992616,0.1207235937022925,0.1831564544358906,0.1225702355697844,0.4024965495630723,0.1261305648854148,0.0,0.0,0.0,0.0,0.0,0.0,4.690077386679416,3.787314337166437,2.852741559858767,4.173821173811569,1.227407685678625,0.1150779064832183,1.8269726490133429,1.2654600796491229,0.9021833774814212,1.3664800783971576,1.2020212844399,2.5722700927164652,activity
variantshift-development-v1,proteingym-v1.3,proteingym-substitutions-v1.3,KCNJ2_MOUSE_Coyote-Maestas_2022_surface,KCNJ2_MOUSE_Coyote-Maestas_2022_surface,KCNJ2_MOUSE,KCNJ2_MOUSE,cssf_f35e7c0d2382,vespag,0.4601787632210639,428,0.9135514018691588,391.0,20953.0,2259.4,0.86,0.0,0.2412,1.0,0.1155616586304318,2.5604313620178756,0.0,0.1284971785201372,0.8715028214798628,Eukaryote,Expression,distilled-evolutionary-variant-effect-model,sequence,known-development-benchmark,available,,,,,,variantshift-development-v1::proteingym-v1.3::KCNJ2_MOUSE_Coyote-Maestas_2022_surface::KCNJ2_MOUSE,0.5126248598432768,0.05244609662221289,0.879017380117026,0.879017380117026,0.8162728289277266,0.8752294343418918,0.5990238071675108,0.8715028214798628,0.1209826198829739,0.1209826198829739,0.1837271710722734,0.1247705656581081,0.4009761928324892,0.1284971785201372,0.0,0.0,0.0,0.0,0.0,0.0,4.682891446912884,3.767637090260583,2.8337686967917777,4.157941880850642,1.227099681342381,0.1155616586304318,1.826333174222448,1.2526493084174983,0.9023423701647147,1.3562882503969118,1.2039784184049651,2.5604313620178756,expression
variantshift-development-v1,proteingym-v1.3,proteingym-substitutions-v1.3,KKA2_KLEPN_Melnikov_2014,KKA2_KLEPN_Melnikov_2014,KKA2_KLEPN,KKA2_KLEPN,cssf_72f0344ad526,vespag,0.7400148679935535,264,1.0,264.0,234760.0,78843.3,0.795,0.0,0.4778,1.0,0.1022128738488937,2.4437219722870607,0.0,0.136142321480811,0.8638576785191889,Prokaryote,OrganismalFitness,distilled-evolutionary-variant-effect-model,sequence,known-development-benchmark,available,,,,,,variantshift-development-v1::proteingym-v1.3::KKA2_KLEPN_Melnikov_2014::KKA2_KLEPN,0.7665573167833868,0.02654244878983325,0.889517032150188,0.8674176001533936,0.8285384341441882,0.9073326186259372,0.785823025808147,0.8638576785191889,0.110482967849812,0.1325823998466063,0.1714615658558118,0.0926673813740628,0.214176974191853,0.136142321480811,0.0,0.0,0.0,0.0,0.0,0.0,3.4252817810491205,3.322080037807323,2.4850760179747176,3.7008455127887503,2.1775391038695022,0.1022128738488937,1.414958224612268,1.414408541394215,1.3276499659395218,1.3718264573734316,1.3327449219685938,2.4437219722870607,organismalfitness
variantshift-development-v1,proteingym-v1.3,proteingym-substitutions-v1.3,LGK_LIPST_Klesmith_2015,LGK_LIPST_Klesmith_2015,LGK_LIPST,LGK_LIPST,cssf_bba3db8a5a23,vespag,1.0196461554850065,439,1.0,439.0,31069.0,8264.5,0.813,0.0,0.4448,1.0,0.1313616304176907,2.4572647265386323,0.0,0.1302322345573305,0.8697677654426694,Eukaryote,Activity,distilled-evolutionary-variant-effect-model,sequence,known-development-benchmark,available,,,,,,variantshift-development-v1::proteingym-v1.3::LGK_LIPST_Klesmith_2015::LGK_LIPST,1.0196461554850065,0.0,0.9071611699183018,0.9004805507998977,0.8680904165228239,0.8680904165228239,0.7450469967407919,0.8697677654426694,0.0928388300816982,0.0995194492001022,0.131909583477176,0.131909583477176,0.2549530032592081,0.1302322345573305,0.0,0.0,0.0,0.0,0.0,0.0,3.773740067728742,3.204101841983664,2.934833734476331,4.016447366864668,1.9722524288621848,0.1313616304176907,1.2700076423114108,1.1613124985458976,1.080647988177154,1.4982451553364011,1.086819228280941,2.4572647265386323,activity
variantshift-development-v1,proteingym-v1.3,proteingym-substitutions-v1.3,MAFG_MOUSE_Tsuboyama_2023_1K1V,MAFG_MOUSE_Tsuboyama_2023_1K1V,MAFG_MOUSE,MAFG_MOUSE,cssf_a1eda43852c5,vespag,0.6355583985787546,41,1.0,41.0,6178.0,159.3,1.0,0.0,0.4867,1.0,0.0568989342533394,2.8621536051864256,0.0,0.1536981747927288,0.8463018252072712,Eukaryote,Stability,distilled-evolutionary-variant-effect-model,sequence,known-development-benchmark,available,,,,,,variantshift-development-v1::proteingym-v1.3::MAFG_MOUSE_Tsuboyama_2023_1K1V::MAFG_MOUSE,0.7337153469271763,0.0981569483484217,0.9111974860853138,0.920012686033762,0.9238533581842354,0.9298666755382682,0.9131288708821332,0.8463018252072712,0.0888025139146861,0.0799873139662379,0.0761466418157645,0.0701333244617318,0.0868711291178668,0.1536981747927288,0.0,0.0,0.0,0.0,0.0,0.0,2.156561762589352,3.058049683329077,2.625394481110964,2.9312554543840488,1.7723028483950594,0.0568989342533394,1.675594172305232,1.048111652149729,1.1099675780250968,1.1039458914116536,1.5436889814387924,2.8621536051864256,stability
variantshift-development-v1,proteingym-v1.3,proteingym-substitutions-v1.3,MBD11_ARATH_Tsuboyama_2023_6ACV,MBD11_ARATH_Tsuboyama_2023_6ACV,MBD11_ARATH,MBD11_ARATH,cssf_029b997580c1,vespag,0.5614165475435299,66,1.0,66.0,26035.0,1643.9,0.909,0.0,0.3849,0.9848484848484848,0.0478835925487063,2.9404023837597437,0.0,0.1635692342264233,0.8364307657735767,Eukaryote,Stability,distilled-evolutionary-variant-effect-model,sequence,known-development-benchmark,available,,,,,,variantshift-development-v1::proteingym-v1.3::MBD11_ARATH_Tsuboyama_2023_6ACV::MBD11_ARATH,0.6705917673628297,0.10917521981929978,0.8127851563427921,0.8666885146252543,0.6540201177907619,0.8425372945805683,0.5701583553641552,0.8364307657735767,0.1872148436572078,0.1333114853747457,0.3459798822092381,0.1574627054194317,0.4298416446358448,0.1635692342264233,0.0,0.0,0.0,0.0,0.0,0.0,2.4562153308982384,2.681831470092467,1.394914012648614,2.6435699975338984,1.1663093258191166,0.0478835925487063,2.111584942612766,1.5141409896222118,1.4606804674317957,1.440453924326814,1.5759915067622583,2.9404023837597437,stability
variantshift-development-v1,proteingym-v1.3,proteingym-substitutions-v1.3,MET_HUMAN_Estevam_2023,MET_HUMAN_Estevam_2023,MET_HUMAN,MET_HUMAN,cssf_784e4bfd3195,vespag,0.6842534496044572,287,1.0,287.0,185885.0,5102.2,0.951,0.268,0.6157,1.0,0.0754614722843976,2.702250560759152,0.0,0.074991448007426,0.925008551992574,Human,Activity,distilled-evolutionary-variant-effect-model,sequence,known-development-benchmark,available,,,,,,variantshift-development-v1::proteingym-v1.3::MET_HUMAN_Estevam_2023::MET_HUMAN,0.6989332849117392,0.014679835307282008,0.8849205819295916,0.9346920852177556,0.9447771606625598,0.9432790297873498,0.9057834679055604,0.925008551992574,0.1150794180704084,0.0653079147822445,0.0552228393374402,0.0567209702126502,0.0942165320944397,0.074991448007426,0.0,0.0,0.0,0.0,0.0,0.0,4.913116081430026,4.022477689695346,3.4464062353021316,4.2712983874208295,3.079518558981869,0.0754614722843976,1.8119619560597044,1.110459264577334,1.0944183447667517,1.2141048066000606,0.990355190608812,2.702250560759152,activity
variantshift-development-v1,proteingym-v1.3,proteingym-substitutions-v1.3,MK01_HUMAN_Brenan_2016,MK01_HUMAN_Brenan_2016,MK01_HUMAN,MK01_HUMAN,cssf_29a8f9564eb0,vespag,0.0561814921920976,360,0.9972222222222222,359.0,124248.0,9354.4,0.806,0.267,0.6157,1.0,0.109491070974221,2.6750847602210333,0.0,0.1088552337422894,0.8911447662577106,Human,OrganismalFitness,distilled-evolutionary-variant-effect-model,sequence,known-development-benchmark,available,,,,,,variantshift-development-v1::proteingym-v1.3::MK01_HUMAN_Brenan_2016::MK01_HUMAN,0.0561814921920976,0.0,0.8393512200701083,0.8905310213975068,0.8604990146088927,0.8869225081794639,0.8301800562421263,0.8911447662577106,0.1606487799298916,0.1094689786024931,0.1395009853911073,0.113077491820536,0.1698199437578736,0.1088552337422894,0.0,0.0,0.0,0.0,0.0,0.0,4.640278718825668,4.037988982530899,3.5220884519219395,4.2970173464527495,2.858009496487812,0.109491070974221,1.864670836981541,1.1758871772245143,0.9161121950195138,1.4432780814358073,0.8680395301485614,2.6750847602210333,organismalfitness
variantshift-development-v1,proteingym-v1.3,proteingym-substitutions-v1.3,MLAC_ECOLI_MacRae_2023,MLAC_ECOLI_MacRae_2023,MLAC_ECOLI,MLAC_ECOLI,cssf_2185c9b20e14,vespag,0.4945256194872868,211,1.0,211.0,22874.0,7947.9,0.934,0.0,0.2829,1.0,0.108339894953951,2.42098951943003,0.0,0.1729779947887719,0.827022005211228,Prokaryote,OrganismalFitness,distilled-evolutionary-variant-effect-model,sequence,known-development-benchmark,available,,,,,,variantshift-development-v1::proteingym-v1.3::MLAC_ECOLI_MacRae_2023::MLAC_ECOLI,0.4945256194872868,0.0,0.8953628240684661,0.8796524184836383,0.8566532501347057,0.9014520758285955,0.7148986505886518,0.827022005211228,0.1046371759315338,0.1203475815163617,0.1433467498652942,0.0985479241714043,0.2851013494113482,0.1729779947887719,0.0,0.0,0.0,0.0,0.0,0.0,3.3224432497569567,3.1661481398635547,2.6191679306753843,4.1618690873365,1.733184851350025,0.108339894953951,1.3959712403668096,1.300572073780868,1.30944062565038,1.3740825850979026,1.0602102258209691,2.42098951943003,organismalfitness
variantshift-development-v1,proteingym-v1.3,proteingym-substitutions-v1.3,MSH2_HUMAN_Jia_2020,MSH2_HUMAN_Jia_2020,MSH2_HUMAN,MSH2_HUMAN,cssf_48cbc265b524,vespag,0.4756629651330509,934,1.0,934.0,61226.0,10941.3,0.901,0.0,0.2585,1.0,0.1136210401862556,2.5940995643434053,0.0,0.1439809217373175,0.8560190782626824,Human,OrganismalFitness,distilled-evolutionary-variant-effect-model,sequence,known-development-benchmark,available,,,,,,variantshift-development-v1::proteingym-v1.3::MSH2_HUMAN_Jia_2020::MSH2_HUMAN,0.4756629651330509,0.0,0.8489302078623424,0.8860873367495954,0.8489302078623424,0.8352669247299548,0.7447544808507688,0.8560190782626824,0.1510697921376576,0.1139126632504046,0.1510697921376576,0.1647330752700452,0.2552455191492312,0.1439809217373175,0.0,0.0,0.0,0.0,0.0,0.0,4.788387002873245,4.035936678006793,3.179656589452311,4.164291734277989,2.3160543070182364,0.1136210401862556,1.4678885334960927,1.2290526466592913,0.939373905442209,2.059548563239824,0.844448430822186,2.5940995643434053,organismalfitness
variantshift-development-v1,proteingym-v1.3,proteingym-substitutions-v1.3,MTH3_HAEAE_RockahShmuel_2015,MTH3_HAEAE_RockahShmuel_2015,MTH3_HAEAE,MTH3_HAEAE,cssf_9a90786f7320,vespag,0.9062645920505036,330,0.996969696969697,329.0,82734.0,27229.1,0.891,0.0,0.3316,1.0,0.1351587584990405,2.2391830358025335,0.0,0.1610507374845655,0.8389492625154344,Prokaryote,OrganismalFitness,distilled-evolutionary-variant-effect-model,sequence,known-development-benchmark,available,,,,,,variantshift-development-v1::proteingym-v1.3::MTH3_HAEAE_RockahShmuel_2015::MTH3_HAEAE,0.9062645920505036,0.0,0.8900343198109606,0.8545905305398325,0.8719876480946962,0.8818118518507644,0.7848884060920848,0.8389492625154344,0.1099656801890394,0.1454094694601675,0.1280123519053038,0.1181881481492356,0.2151115939079152,0.1610507374845655,0.0,0.0,0.0,0.0,0.0,0.0,3.0830152253581415,3.2261173949661948,2.9231983725860795,3.502092104469182,2.0676380292089993,0.1351587584990405,1.1311954100950163,1.0319517882114224,0.9624291681445156,1.114928899475949,0.9172859913633394,2.2391830358025335,organismalfitness
variantshift-development-v1,proteingym-v1.3,proteingym-substitutions-v1.3,MTHR_HUMAN_Weile_2021,MTHR_HUMAN_Weile_2021,MTHR_HUMAN,MTHR_HUMAN,cssf_095a60e097b5,vespag,0.4537387436352025,656,1.0,656.0,4783.0,646.2,0.96,0.0,0.3361,1.0,0.1157053506232697,2.6501887847422316,0.0,0.239294143336488,0.760705856663512,Human,OrganismalFitness,distilled-evolutionary-variant-effect-model,sequence,known-development-benchmark,available,,,,,,variantshift-development-v1::proteingym-v1.3::MTHR_HUMAN_Weile_2021::MTHR_HUMAN,0.4557911354767389,0.002052391841536383,0.7942731962236217,0.7460084038316455,0.7309320885487369,0.7641655231473091,0.6142066778045737,0.760705856663512,0.2057268037763783,0.2539915961683545,0.2690679114512631,0.2358344768526908,0.3857933221954263,0.239294143336488,0.0,0.0,0.0,0.0,0.0,0.0,3.7889845368594033,3.445177336451576,2.722155752862143,4.310121636041242,1.2151460334296391,0.1157053506232697,1.3158027455676506,0.6195172588350634,0.7692041401954951,1.8753869855754393,1.303333898013214,2.6501887847422316,organismalfitness
variantshift-development-v1,proteingym-v1.3,proteingym-substitutions-v1.3,MYO3_YEAST_Tsuboyama_2023_2BTT,MYO3_YEAST_Tsuboyama_2023_2BTT,MYO3_YEAST,MYO3_YEAST,cssf_784e4bfd3195,vespag,0.7213196825033772,61,1.0,61.0,442941.0,12712.4,0.885,0.0,0.6351,1.0,0.0478209440634317,3.0155284605167174,0.0,0.1765676735513817,0.8234323264486183,Eukaryote,Stability,distilled-evolutionary-variant-effect-model,sequence,known-development-benchmark,available,,,,,,variantshift-development-v1::proteingym-v1.3::MYO3_YEAST_Tsuboyama_2023_2BTT::MYO3_YEAST,0.9632519532676204,0.24193227076424317,0.8665218332665967,0.8947066142110998,0.9247751286654162,0.8665218332665967,0.8153871234472316,0.8234323264486183,0.1334781667334033,0.1052933857889002,0.0752248713345837,0.1334781667334033,0.1846128765527683,0.1765676735513817,0.0,0.0,0.0,0.0,0.0,0.0,1.9114613886991212,3.89197863494572,3.0740657291759357,4.447648843570677,2.0310038610454386,0.0478209440634317,1.612296778398222,1.2581356120776253,1.5645340291561511,1.3396956485180247,1.5418698947530538,3.0155284605167174,stability
variantshift-development-v1,proteingym-v1.3,proteingym-substitutions-v1.3,NCAP_I34A1_Doud_2015,NCAP_I34A1_Doud_2015,NCAP_I34A1,NCAP_I34A1,cssf_ac5654d2afd9,vespag,0.5903307649374441,498,1.0,498.0,15390.0,1072.5,1.0,0.0,0.2944,1.0,0.0412185365216914,2.6599728158515425,0.0,0.4100856580857338,0.5899143419142662,Virus,OrganismalFitness,distilled-evolutionary-variant-effect-model,sequence,known-development-benchmark,available,,,,,,variantshift-development-v1::proteingym-v1.3::NCAP_I34A1_Doud_2015::NCAP_I34A1,0.5903307649374441,0.0,0.9603231020213292,0.9652461243137728,0.9695591091954456,0.9572606723959776,0.9572606723959776,0.5899143419142662,0.0396768979786708,0.0347538756862273,0.0304408908045542,0.0427393276040224,0.0427393276040224,0.4100856580857338,0.0,0.0,0.0,0.0,0.0,0.0,1.15647947483706,1.0851850455585337,1.0292905958305745,1.1722273461801016,0.9379444988200007,0.0412185365216914,1.2118941641657446,1.3263879382743842,1.430676403314081,1.239053862585012,1.512762100169786,2.6599728158515425,organismalfitness
variantshift-development-v1,proteingym-v1.3,proteingym-substitutions-v1.3,NKX31_HUMAN_Tsuboyama_2023_2L9R,NKX31_HUMAN_Tsuboyama_2023_2L9R,NKX31_HUMAN,NKX31_HUMAN,cssf_3de478b56341,vespag,0.7404100258958302,61,1.0,61.0,319273.0,9025.7,0.902,0.0,0.6308,0.8771929824561403,0.0335551087981011,3.015806425435199,0.0,0.0839756251941816,0.9160243748058184,Human,Stability,distilled-evolutionary-variant-effect-model,sequence,known-development-benchmark,available,,,,,,variantshift-development-v1::proteingym-v1.3::NKX31_HUMAN_Tsuboyama_2023_2L9R::NKX31_HUMAN,0.8969411225015833,0.15653109660575315,0.8105407579260246,0.9205002485321429,0.8732808825453915,0.9153922662705112,0.8728011512458704,0.9160243748058184,0.1894592420739753,0.0794997514678572,0.1267191174546085,0.0846077337294887,0.1271988487541295,0.0839756251941816,0.0,0.0,0.0,0.0,0.0,0.0,3.2800800508307155,3.369001865211158,3.4368178364295257,3.722601336319981,2.3720649748192733,0.0335551087981011,2.35327550092286,1.6364197459355083,1.3588816952339149,1.6220770587925055,1.4513441882287317,3.015806425435199,stability
variantshift-development-v1,proteingym-v1.3,proteingym-substitutions-v1.3,NPC1_HUMAN_Erwood_2022_HEK293T,NPC1_HUMAN_Erwood_2022_HEK293T,NPC1_HUMAN,NPC1_HUMAN,cssf_5e5c54cd042b,vespag,0.8058753987738755,1278,0.0892018779342723,114.0,6333.0,857.4,0.987,0.0,0.198,1.0,0.158762686645664,1.9074955196296677,0.0,0.1275297107391169,0.8724702892608831,Human,Activity,distilled-evolutionary-variant-effect-model,sequence,known-development-benchmark,available,,,,,,variantshift-development-v1::proteingym-v1.3::NPC1_HUMAN_Erwood_2022_HEK293T::NPC1_HUMAN,0.988596202042118,0.18272080326824247,0.8714225174398054,0.8785287581644121,0.831231390600291,0.8620947321105328,0.6905862981706461,0.8724702892608831,0.1285774825601946,0.1214712418355878,0.1687686093997089,0.1379052678894672,0.3094137018293539,0.1275297107391169,0.0,0.0,0.0,0.0,0.0,0.0,4.144785491179548,3.39965518130799,2.48676096985942,3.8904011593951897,1.2064513791947775,0.158762686645664,1.4877384459921432,1.1285101536480466,0.913748735464504,1.3128865462632702,1.2828752883517551,1.9074955196296677,activity
variantshift-development-v1,proteingym-v1.3,proteingym-substitutions-v1.3,NUD15_HUMAN_Suiter_2020,NUD15_HUMAN_Suiter_2020,NUD15_HUMAN,NUD15_HUMAN,cssf_7dd15a2e7599,vespag,0.884203196014059,164,0.9939024390243902,163.0,153922.0,46167.2,0.72,0.0,0.3011,1.0,0.1042626878137655,2.344956960918092,0.0,0.1435525100208189,0.8564474899791811,Human,Expression,distilled-evolutionary-variant-effect-model,sequence,known-development-benchmark,available,,,,,,variantshift-development-v1::proteingym-v1.3::NUD15_HUMAN_Suiter_2020::NUD15_HUMAN,0.884203196014059,0.0,0.8161817959963121,0.8578034644719991,0.8280292098732935,0.8680449575088576,0.7796973927230344,0.8564474899791811,0.1838182040036878,0.1421965355280009,0.1719707901267064,0.1319550424911424,0.2203026072769656,0.1435525100208189,0.0,0.0,0.0,0.0,0.0,0.0,3.76529326575156,2.9731196165233142,2.400424396883696,3.62514568214241,2.129077905138487,0.1042626878137655,1.7301980215659227,1.000862611686527,0.9378692720977692,1.0727970824198376,1.0294612883546566,2.344956960918092,expression
variantshift-development-v1,proteingym-v1.3,proteingym-substitutions-v1.3,NUSA_ECOLI_Tsuboyama_2023_1WCL,NUSA_ECOLI_Tsuboyama_2023_1WCL,NUSA_ECOLI,NUSA_ECOLI,cssf_a92a5d40f0e3,vespag,0.7020579231623432,69,1.0,69.0,205612.0,41321.1,0.812,0.0,0.5642,0.0,0.0823599651518294,2.7638845698516725,0.0,0.1752455229688285,0.8247544770311714,Prokaryote,Stability,distilled-evolutionary-variant-effect-model,sequence,known-development-benchmark,available,,,,,,variantshift-development-v1::proteingym-v1.3::NUSA_ECOLI_Tsuboyama_2023_1WCL::NUSA_ECOLI,0.7020579231623432,0.0,0.9402607422880576,0.9455392833836708,0.9379078501196056,0.9402607422880576,0.8850808269481334,0.8247544770311714,0.0597392577119424,0.0544607166163291,0.0620921498803944,0.0597392577119424,0.1149191730518666,0.1752455229688285,0.0,0.0,0.0,0.0,0.0,0.0,2.5574694701420566,3.947847137653042,3.903583378511065,5.936853883099644,1.7651440317221565,0.0823599651518294,1.1999670262137647,0.9478137998627884,0.9672432388050548,0.8137903029000789,1.4072794932905568,2.7638845698516725,stability
variantshift-development-v1,proteingym-v1.3,proteingym-substitutions-v1.3,NUSG_MYCTU_Tsuboyama_2023_2MI6,NUSG_MYCTU_Tsuboyama_2023_2MI6,NUSG_MYCTU,NUSG_MYCTU,cssf_12ebdb52f01c,vespag,0.7617087803120483,55,1.0,55.0,102004.0,17618.2,0.964,0.0,0.6599,0.0,0.0991674750300106,2.7106646134064825,0.0,0.0754657346308296,0.9245342653691704,Prokaryote,Stability,distilled-evolutionary-variant-effect-model,sequence,known-development-benchmark,available,,,,,,variantshift-development-v1::proteingym-v1.3::NUSG_MYCTU_Tsuboyama_2023_2MI6::NUSG_MYCTU,0.8161779980002584,0.054469217688210114,0.8565573957065127,0.940456248470218,0.923790283078466,0.9387559037511708,0.7857792040611147,0.9245342653691704,0.1434426042934873,0.0595437515297819,0.0762097169215338,0.061244096248829,0.2142207959388853,0.0754657346308296,0.0,0.0,0.0,0.0,0.0,0.0,2.9536707132500504,3.5903910547609175,2.86802261439932,3.9440965540885657,1.7866938071512164,0.0991674750300106,1.888607761370095,1.592470021321526,1.4788847757330807,1.6544319146773878,1.3456476581100438,2.7106646134064825,stability
variantshift-development-v1,proteingym-v1.3,proteingym-substitutions-v1.3,OBSCN_HUMAN_Tsuboyama_2023_1V1C,OBSCN_HUMAN_Tsuboyama_2023_1V1C,OBSCN_HUMAN,OBSCN_HUMAN,cssf_784e4bfd3195,vespag,0.7677691938987133,65,1.0,65.0,718751.0,24605.3,0.815,0.0,0.6495,0.0,0.0364326542409037,2.97631951031585,0.0,0.1431814963819095,0.8568185036180904,Human,Stability,distilled-evolutionary-variant-effect-model,sequence,known-development-benchmark,available,,,,,,variantshift-development-v1::proteingym-v1.3::OBSCN_HUMAN_Tsuboyama_2023_1V1C::OBSCN_HUMAN,0.8370900726957279,0.06932087879701454,0.7944741431228293,0.9102334656536468,0.9076793967915896,0.8996728408760659,0.7855043407266946,0.8568185036180904,0.2055258568771707,0.089766534346353,0.0923206032084105,0.100327159123934,0.2144956592733053,0.1431814963819095,0.0,0.0,0.0,0.0,0.0,0.0,2.520394575099828,4.4519296570016555,4.217101420016572,7.052866368458639,2.926754438450579,0.0364326542409037,1.8304555873525377,1.028302950465631,1.0835351789030927,1.2967413043789209,0.7952196370589747,2.97631951031585,stability
variantshift-development-v1,proteingym-v1.3,proteingym-substitutions-v1.3,ODP2_GEOSE_Tsuboyama_2023_1W4G,ODP2_GEOSE_Tsuboyama_2023_1W4G,ODP2_GEOSE,ODP2_GEOSE,cssf_a7d25cc6753c,vespag,0.5455813681175837,44,1.0,44.0,163835.0,17505.9,0.909,0.0,0.5237,1.0,0.0598152518977364,2.653067621597062,0.0,0.1710393109734456,0.8289606890265544,Prokaryote,Stability,distilled-evolutionary-variant-effect-model,sequence,known-development-benchmark,available,,,,,,variantshift-development-v1::proteingym-v1.3::ODP2_GEOSE_Tsuboyama_2023_1W4G::ODP2_GEOSE,0.7520311885553355,0.20644982043775173,0.8166338946472427,0.8865961494163881,0.8058005683256956,0.8866175700697879,0.8619406543618511,0.8289606890265544,0.1833661053527573,0.1134038505836119,0.1941994316743044,0.113382429930212,0.1380593456381489,0.1710393109734456,0.0,0.0,0.0,0.0,0.0,0.0,2.42644250029231,3.7331111130352217,2.135272927477359,3.15665667051103,2.0772511495756683,0.0598152518977364,1.604656736258821,1.208803656052003,1.1627397284300345,1.4815254824071924,1.1335672986805403,2.653067621597062,stability
variantshift-development-v1,proteingym-v1.3,proteingym-substitutions-v1.3,OTC_HUMAN_Lo_2023,OTC_HUMAN_Lo_2023,OTC_HUMAN,OTC_HUMAN,cssf_85ec1183d131,vespag,0.8697136594156628,354,0.9096045197740112,322.0,135607.0,19105.3,0.87,0.0,0.3338,1.0,0.1452440546765989,2.0477038361685556,0.0,0.1170108283890538,0.8829891716109461,Human,Activity,distilled-evolutionary-variant-effect-model,sequence,known-development-benchmark,available,,,,,,variantshift-development-v1::proteingym-v1.3::OTC_HUMAN_Lo_2023::OTC_HUMAN,0.8697136594156628,0.0,0.8819272860065741,0.8929904909502848,0.8084557622654978,0.8902923144797372,0.5745384376903864,0.8829891716109461,0.1180727139934258,0.1070095090497151,0.1915442377345022,0.1097076855202627,0.4254615623096136,0.1170108283890538,0.0,0.0,0.0,0.0,0.0,0.0,3.5531912415871867,2.9675591498809513,2.5887939472494415,3.533273490816371,1.0776989241002397,0.1452440546765989,1.5665136126706445,1.3419312369077427,1.2372553984043462,1.3994256989648757,1.6093857935221074,2.0477038361685556,activity
variantshift-development-v1,proteingym-v1.3,proteingym-substitutions-v1.3,OTU7A_HUMAN_Tsuboyama_2023_2L2D,OTU7A_HUMAN_Tsuboyama_2023_2L2D,OTU7A_HUMAN,OTU7A_HUMAN,cssf_24059a2f71bf,vespag,0.5004296367085915,42,1.0,42.0,1359071.0,520600.5,0.881,0.0,0.7106,0.9523809523809524,0.0713226074012326,2.379017696930203,0.0,0.1616046242091888,0.8383953757908111,Human,Stability,distilled-evolutionary-variant-effect-model,sequence,known-development-benchmark,available,,,,,,variantshift-development-v1::proteingym-v1.3::OTU7A_HUMAN_Tsuboyama_2023_2L2D::OTU7A_HUMAN,0.6956977481786618,0.19526811147007028,0.8912463496970324,0.8855779113260507,0.8859958888836295,0.8147562223283484,0.7288415059658522,0.8383953757908111,0.1087536503029675,0.1144220886739493,0.1140041111163705,0.1852437776716515,0.2711584940341478,0.1616046242091888,0.0,0.0,0.0,0.0,0.0,0.0,2.569841891527699,2.793051886048755,2.373446030599186,3.5286118942092615,1.0943463016838264,0.0713226074012326,1.3139435061641191,1.31623567802821,1.424427443984981,1.7663682080030318,1.8872732212856165,2.379017696930203,stability
variantshift-development-v1,proteingym-v1.3,proteingym-substitutions-v1.3,OXDA_RHOTO_Vanella_2023_activity,OXDA_RHOTO_Vanella_2023_activity,OXDA_RHOTO,OXDA_RHOTO,cssf_08db490a0d52,vespag,0.7731685238609244,364,1.0,364.0,520184.0,98744.9,0.876,0.0,0.4881,1.0,0.1150541120833444,2.347438634460529,0.0,0.1583666684663685,0.8416333315336315,Eukaryote,Activity,distilled-evolutionary-variant-effect-model,sequence,known-development-benchmark,available,,,,,,variantshift-development-v1::proteingym-v1.3::OXDA_RHOTO_Vanella_2023_activity::OXDA_RHOTO,0.7731685238609244,0.0,0.8912273961112334,0.8860788243763873,0.8662472312160301,0.8739013399834629,0.7936373309600234,0.8416333315336315,0.1087726038887666,0.1139211756236127,0.1337527687839699,0.1260986600165371,0.2063626690399765,0.1583666684663685,0.0,0.0,0.0,0.0,0.0,0.0,3.1763304163366524,3.013767771412777,2.692939029393028,3.48029104900642,1.893123662891759,0.1150541120833444,1.2015743662416267,1.199918468203443,1.0534948056971958,1.2313672114187075,1.0609132526508205,2.347438634460529,activity
variantshift-development-v1,proteingym-v1.3,proteingym-substitutions-v1.3,OXDA_RHOTO_Vanella_2023_expression,OXDA_RHOTO_Vanella_2023_expression,OXDA_RHOTO,OXDA_RHOTO,cssf_08db490a0d52,vespag,0.5357934498915897,364,1.0,364.0,520184.0,98744.9,0.876,0.0,0.4881,1.0,0.1143591636481765,2.382009409697692,0.0,0.1548452349378413,0.8451547650621587,Eukaryote,Expression,distilled-evolutionary-variant-effect-model,sequence,known-development-benchmark,available,,,,,,variantshift-development-v1::proteingym-v1.3::OXDA_RHOTO_Vanella_2023_expression::OXDA_RHOTO,0.5357934498915897,0.0,0.8938680866575153,0.8881834421545182,0.8694355860567413,0.8772006138267152,0.7985352824746875,0.8451547650621587,0.1061319133424847,0.1118165578454818,0.1305644139432586,0.1227993861732847,0.2014647175253124,0.1548452349378413,0.0,0.0,0.0,0.0,0.0,0.0,3.234885467672105,3.0865829218142578,2.7812348399861166,3.5454144753970867,1.9775248570985344,0.1143591636481765,1.2044917369647918,1.1924710791366513,1.0337440486824303,1.2325292013354132,1.0227727241714566,2.382009409697692,expression
variantshift-development-v1,proteingym-v1.3,proteingym-substitutions-v1.3,P53_HUMAN_Giacomelli_2018_Null_Etoposide,P53_HUMAN_Giacomelli_2018_Null_Etoposide,P53_HUMAN,P53_HUMAN,cssf_a3526b63cbae,vespag,0.4328007986601744,393,1.0,393.0,5069.0,152.7,0.858,0.0,0.2457,1.0,0.1027171977111549,2.365366569559635,0.0,0.228738156721218,0.771261843278782,Human,OrganismalFitness,distilled-evolutionary-variant-effect-model,sequence,known-development-benchmark,available,,,,,,variantshift-development-v1::proteingym-v1.3::P53_HUMAN_Giacomelli_2018_Null_Etoposide::P53_HUMAN,0.4328007986601744,0.0,0.8397172380514062,0.7655481367969117,0.6045402311187386,0.8208752306983821,0.6040808865246222,0.771261843278782,0.1602827619485938,0.2344518632030883,0.3954597688812614,0.1791247693016179,0.3959191134753778,0.228738156721218,0.0,0.0,0.0,0.0,0.0,0.0,4.26782902317086,2.691878756949992,1.4743162337058595,3.309332022669966,1.280089615060953,0.1027171977111549,1.105127001139848,1.0784128580936003,1.297282834855872,1.0478345555964927,1.355527332044736,2.365366569559635,organismalfitness
variantshift-development-v1,proteingym-v1.3,proteingym-substitutions-v1.3,P53_HUMAN_Giacomelli_2018_Null_Nutlin,P53_HUMAN_Giacomelli_2018_Null_Nutlin,P53_HUMAN,P53_HUMAN,cssf_a3526b63cbae,vespag,0.3041952511583049,393,1.0,393.0,5069.0,152.7,0.858,0.0,0.2457,1.0,0.102695463503151,2.365548230613593,0.0,0.228688692946503,0.7713113070534969,Human,OrganismalFitness,distilled-evolutionary-variant-effect-model,sequence,known-development-benchmark,available,,,,,,variantshift-development-v1::proteingym-v1.3::P53_HUMAN_Giacomelli_2018_Null_Nutlin::P53_HUMAN,0.355729431586798,0.05153418042849306,0.8397173106691118,0.7655851759661911,0.6045401403160663,0.8208752306983821,0.6040808865246222,0.7713113070534969,0.1602826893308881,0.2344148240338088,0.3954598596839337,0.1791247693016179,0.3959191134753778,0.228688692946503,0.0,0.0,0.0,0.0,0.0,0.0,4.26782902317086,2.6918788387432504,1.4743161588802298,3.309332022669966,1.280089615060953,0.102695463503151,1.105127001139848,1.078412054491836,1.2972834095999235,1.0478345555964927,1.355527332044736,2.365548230613593,organismalfitness
variantshift-development-v1,proteingym-v1.3,proteingym-substitutions-v1.3,P53_HUMAN_Giacomelli_2018_WT_Nutlin,P53_HUMAN_Giacomelli_2018_WT_Nutlin,P53_HUMAN,P53_HUMAN,cssf_a3526b63cbae,vespag,0.4288772591282231,393,1.0,393.0,5069.0,152.7,0.858,0.0,0.2457,1.0,0.102695463503151,2.365548230613593,0.0,0.2286886927106663,0.7713113072893336,Human,OrganismalFitness,distilled-evolutionary-variant-effect-model,sequence,known-development-benchmark,available,,,,,,variantshift-development-v1::proteingym-v1.3::P53_HUMAN_Giacomelli_2018_WT_Nutlin::P53_HUMAN,0.4353935560868218,0.006516296958598677,0.8397172380514062,0.7655850941677493,0.6045396896855705,0.8208752446534546,0.6040803852156676,0.7713113072893336,0.1602827619485938,0.2344149058322506,0.3954603103144295,0.1791247553465453,0.3959196147843323,0.2286886927106663,0.0,0.0,0.0,0.0,0.0,0.0,4.26782902317086,2.691878756949992,1.4743161588802298,3.309332376434575,1.280089615060953,0.102695463503151,1.105127001139848,1.0784128580936003,1.2972834095999235,1.0478329715941974,1.355527332044736,2.365548230613593,organismalfitness
variantshift-development-v1,proteingym-v1.3,proteingym-substitutions-v1.3,P53_HUMAN_Kotler_2018,P53_HUMAN_Kotler_2018,P53_HUMAN,P53_HUMAN,cssf_a3526b63cbae,vespag,0.7729172990461078,393,0.4834605597964376,190.0,4129.0,143.9,0.863,0.0,0.2457,1.0,0.0765695234980914,2.67215964224386,0.0,0.1607772912372177,0.8392227087627823,Human,OrganismalFitness,distilled-evolutionary-variant-effect-model,sequence,known-development-benchmark,available,,,,,,variantshift-development-v1::proteingym-v1.3::P53_HUMAN_Kotler_2018::P53_HUMAN,0.8583384657051399,0.0854211666590321,0.7997669885490866,0.7630319124591468,0.6120376857168539,0.777594838833008,0.5998718734668619,0.8392227087627823,0.2002330114509134,0.2369680875408532,0.3879623142831461,0.222405161166992,0.4001281265331381,0.1607772912372177,0.0,0.0,0.0,0.0,0.0,0.0,3.638132511532315,3.0544708937344067,0.982296329633318,3.5172616183634897,0.7575658152610427,0.0765695234980914,1.796587778938224,1.1933483032609913,1.3001374256438112,1.371979538197787,1.562067687746954,2.67215964224386,organismalfitness
variantshift-development-v1,proteingym-v1.3,proteingym-substitutions-v1.3,P84126_THETH_Chan_2017,P84126_THETH_Chan_2017,P84126_THETH,P84126_THETH,cssf_415fc4c4433b,vespag,1.122148405295767,254,0.3149606299212598,80.0,53441.0,10591.4,0.941,0.0,0.362,1.0,0.0638751971192792,2.9705377619266407,0.0,0.070885213000626,0.929114786999374,Prokaryote,OrganismalFitness,distilled-evolutionary-variant-effect-model,sequence,known-development-benchmark,available,,,,,,variantshift-development-v1::proteingym-v1.3::P84126_THETH_Chan_2017::P84126_THETH,1.122148405295767,0.0,0.929114786999374,0.932271672400615,0.9237662601294772,0.9237662601294772,0.7462091676158575,0.929114786999374,0.070885213000626,0.0677283275993849,0.0762337398705228,0.0762337398705228,0.2537908323841424,0.070885213000626,0.0,0.0,0.0,0.0,0.0,0.0,3.7936429574578385,3.4710252019291965,3.2067463553325424,3.9430779898874313,2.253612349705786,0.0638751971192792,1.69787814009887,1.864721566063643,1.790040370684972,1.8957681235348487,1.585288746177297,2.9705377619266407,organismalfitness
variantshift-development-v1,proteingym-v1.3,proteingym-substitutions-v1.3,PABP_YEAST_Melamed_2013,PABP_YEAST_Melamed_2013,PABP_YEAST,PABP_YEAST,cssf_99a238bc9e63,vespag,0.7570295511940054,577,0.1299826689774696,75.0,7866.0,818.1,0.919,0.0,0.2415,1.0,0.0557522160842735,2.8710911174271097,0.0,0.0997623154156917,0.9002376845843083,Eukaryote,OrganismalFitness,distilled-evolutionary-variant-effect-model,sequence,known-development-benchmark,available,,,,,,variantshift-development-v1::proteingym-v1.3::PABP_YEAST_Melamed_2013::PABP_YEAST,0.7803181920016196,0.02328864080761417,0.8772314930986158,0.9128599153527776,0.8979521744015785,0.9140111072924226,0.8801721459662131,0.9002376845843083,0.1227685069013841,0.0871400846472223,0.1020478255984215,0.0859888927075773,0.1198278540337869,0.0997623154156917,0.0,0.0,0.0,0.0,0.0,0.0,2.5541064275071443,4.155567742399653,3.875203718267309,5.125962623902567,3.458537494240956,0.0557522160842735,1.7324204974402204,1.5172859519404378,1.4734535045782342,1.5160993786503554,1.5263262382524043,2.8710911174271097,organismalfitness
variantshift-development-v1,proteingym-v1.3,proteingym-substitutions-v1.3,PAI1_HUMAN_Huttinger_2021,PAI1_HUMAN_Huttinger_2021,PAI1_HUMAN,PAI1_HUMAN,cssf_51cbf66f0934,vespag,0.5973687934281768,402,0.9427860696517412,379.0,52528.0,12194.7,0.94,0.0,0.2649,1.0,0.0719452983635519,2.5974467624896116,0.0,0.0936534426517206,0.9063465573482794,Human,Activity,distilled-evolutionary-variant-effect-model,sequence,known-development-benchmark,available,,,,,,variantshift-development-v1::proteingym-v1.3::PAI1_HUMAN_Huttinger_2021::PAI1_HUMAN,0.5973687934281768,0.0,0.92436992772148,0.9148653018065502,0.8958691953542874,0.9173519592209296,0.6625836269196265,0.9063465573482794,0.0756300722785199,0.0851346981934497,0.1041308046457125,0.0826480407790704,0.3374163730803735,0.0936534426517206,0.0,0.0,0.0,0.0,0.0,0.0,3.3306277594996927,3.099548928143736,2.772380800724063,3.7805633517295503,1.0136164576975248,0.0719452983635519,1.3108005312949145,1.212900508028078,1.1765135896339418,1.2357409162796928,1.3221336952240137,2.5974467624896116,activity
variantshift-development-v1,proteingym-v1.3,proteingym-substitutions-v1.3,PA_I34A1_Wu_2015,PA_I34A1_Wu_2015,PA_I34A1,PA_I34A1,cssf_ec35c0fe8f0c,vespag,0.4700558399930814,716,0.9413407821229052,674.0,26750.0,1254.1,1.0,0.0,0.2241,1.0,0.058651019476341,2.5510215799808456,0.0,0.3653923331401497,0.6346076668598503,Virus,OrganismalFitness,distilled-evolutionary-variant-effect-model,sequence,known-development-benchmark,available,,,,,,variantshift-development-v1::proteingym-v1.3::PA_I34A1_Wu_2015::PA_I34A1,0.4700558399930814,0.0,0.8186294048446525,0.8286016526735716,0.8195047741849621,0.8248472196418685,0.8253326216284482,0.6346076668598503,0.1813705951553474,0.1713983473264284,0.1804952258150378,0.1751527803581315,0.1746673783715517,0.3653923331401497,0.0,0.0,0.0,0.0,0.0,0.0,0.7812519036830887,0.7961494455092897,0.7919605489797431,0.8121686833301337,0.7937072005546666,0.058651019476341,1.7216247401507512,1.670874998032756,1.7397090718929982,1.7158494992369422,1.734536415056796,2.5510215799808456,organismalfitness
variantshift-development-v1,proteingym-v1.3,proteingym-substitutions-v1.3,PHOT_CHLRE_Chen_2023,PHOT_CHLRE_Chen_2023,PHOT_CHLRE,PHOT_CHLRE,cssf_3193156583c0,vespag,0.6611755369302528,118,1.0,118.0,1627150.0,615446.5,0.873,0.0,0.2829,1.0,0.0133457018636299,0.8223176191118966,0.0,0.1129801908739118,0.8870198091260881,Eukaryote,Activity,distilled-evolutionary-variant-effect-model,sequence,known-development-benchmark,available,,,,,,variantshift-development-v1::proteingym-v1.3::PHOT_CHLRE_Chen_2023::PHOT_CHLRE,0.6611755369302528,0.0,0.8165578397622261,0.923916443446468,0.9585764378363324,0.9344570101735614,0.9482277105963944,0.8870198091260881,0.1834421602377739,0.0760835565535319,0.0414235621636676,0.0655429898264385,0.0517722894036055,0.1129801908739118,0.0,0.0,0.0,0.0,0.0,0.0,0.9765759802205958,6.807421023364803,5.566201323599166,8.38060832367455,5.0858094964120655,0.0133457018636299,1.5997018887734955,1.8343290631075193,1.8801558864619088,1.8600871399189856,1.775894556896081,0.8223176191118966,activity
variantshift-development-v1,proteingym-v1.3,proteingym-substitutions-v1.3,PIN1_HUMAN_Tsuboyama_2023_1I6C,PIN1_HUMAN_Tsuboyama_2023_1I6C,PIN1_HUMAN,PIN1_HUMAN,cssf_6f0217bf6d08,vespag,0.8331227412177967,39,1.0,39.0,248269.0,11218.6,0.821,0.0,0.4308,1.0,0.0623476696999759,2.687218865743722,0.0,0.1131358128994098,0.8868641871005901,Human,Stability,distilled-evolutionary-variant-effect-model,sequence,known-development-benchmark,available,,,,,,variantshift-development-v1::proteingym-v1.3::PIN1_HUMAN_Tsuboyama_2023_1I6C::PIN1_HUMAN,0.9410523602927204,0.10792961907492371,0.8868641871005901,0.9105069402835838,0.9228080911754596,0.9101752384399238,0.8793741901188,0.8868641871005901,0.1131358128994098,0.0894930597164161,0.0771919088245403,0.0898247615600762,0.1206258098811999,0.1131358128994098,0.0,0.0,0.0,0.0,0.0,0.0,3.287600519948118,3.4125493560749276,2.6073846766682296,3.298078030964782,2.1688613708500077,0.0623476696999759,1.8297746979242624,1.266022915913142,1.2710303418615887,1.4346689589244406,1.2887519025507688,2.687218865743722,stability
variantshift-development-v1,proteingym-v1.3,proteingym-substitutions-v1.3,PITX2_HUMAN_Tsuboyama_2023_2L7M,PITX2_HUMAN_Tsuboyama_2023_2L7M,PITX2_HUMAN,PITX2_HUMAN,cssf_3de478b56341,vespag,0.7867875392252093,52,1.0,52.0,344174.0,9971.5,1.0,0.0,0.6727,1.0,0.0403430710447926,2.9922388171517813,0.0,0.0513681821759216,0.9486318178240783,Human,Stability,distilled-evolutionary-variant-effect-model,sequence,known-development-benchmark,available,,,,,,variantshift-development-v1::proteingym-v1.3::PITX2_HUMAN_Tsuboyama_2023_2L7M::PITX2_HUMAN,0.9981953750924276,0.21140783586721834,0.7903362041383413,0.9171984369395147,0.9341607873597836,0.9491789117346602,0.8458475311517056,0.9486318178240783,0.2096637958616587,0.0828015630604852,0.0658392126402165,0.0508210882653398,0.1541524688482943,0.0513681821759216,0.0,0.0,0.0,0.0,0.0,0.0,2.7002363390716173,3.938091839067516,4.217901310866647,5.662617882447857,2.0467362498819885,0.0403430710447926,2.3330148545356897,1.557682901596125,1.5650928962566777,1.5640473953427074,1.6869866831201568,2.9922388171517813,stability
variantshift-development-v1,proteingym-v1.3,proteingym-substitutions-v1.3,PKN1_HUMAN_Tsuboyama_2023_1URF,PKN1_HUMAN_Tsuboyama_2023_1URF,PKN1_HUMAN,PKN1_HUMAN,cssf_32b373a919b9,vespag,0.4555550649951425,71,1.0,71.0,187829.0,54841.6,0.845,0.0,0.6142,0.9393939393939394,0.067154539464151,2.77441774348188,0.0,0.1551867908442256,0.8448132091557744,Human,Stability,distilled-evolutionary-variant-effect-model,sequence,known-development-benchmark,available,,,,,,variantshift-development-v1::proteingym-v1.3::PKN1_HUMAN_Tsuboyama_2023_1URF::PKN1_HUMAN,0.609909105060561,0.15435404006541847,0.8386944190668373,0.8449326003148125,0.7736275452498704,0.8345250224720111,0.7675063247233538,0.8448132091557744,0.1613055809331627,0.1550673996851874,0.2263724547501295,0.1654749775279889,0.2324936752766462,0.1551867908442256,0.0,0.0,0.0,0.0,0.0,0.0,3.0681187500232263,2.711998502958207,1.7392805283244792,3.887264656233407,1.5286783499408456,0.067154539464151,1.4598612154239727,1.292372330769719,1.3257699683381892,1.6607557466836926,1.4285775929010407,2.77441774348188,stability
variantshift-development-v1,proteingym-v1.3,proteingym-substitutions-v1.3,POLG_CXB3N_Mattenberger_2021,POLG_CXB3N_Mattenberger_2021,POLG_CXB3N,POLG_CXB3N,cssf_6872ef7481de,vespag,0.7860752834587815,2185,0.3894736842105263,851.0,7909.0,1541.4,0.959,0.0,0.191,1.0,0.1092489469297562,2.5308721759710764,0.0,0.3311699063237211,0.6688300936762789,Virus,OrganismalFitness,distilled-evolutionary-variant-effect-model,sequence,known-development-benchmark,available,,,,,,variantshift-development-v1::proteingym-v1.3::POLG_CXB3N_Mattenberger_2021::POLG_CXB3N,0.7860752834587815,0.0,0.6996003593767599,0.7320492623664232,0.6189654194290095,0.6833867954759756,0.6220262486536691,0.6688300936762789,0.3003996406232401,0.2679507376335768,0.3810345805709905,0.3166132045240244,0.3779737513463309,0.3311699063237211,0.0,0.0,0.0,0.0,0.0,0.0,3.841970804264173,2.1452656123893705,0.8599737671955431,3.773319562876676,0.7997664224538128,0.1092489469297562,1.090875748531693,1.0573886104512558,1.6833064800925794,1.2571639242462496,1.705444378049803,2.5308721759710764,organismalfitness
variantshift-development-v1,proteingym-v1.3,proteingym-substitutions-v1.3,POLG_DEN26_Suphatrakul_2023,POLG_DEN26_Suphatrakul_2023,POLG_DEN26,POLG_DEN26,cssf_1d81bb997017,vespag,0.8843124630805173,900,1.0,900.0,10676.0,491.6,1.0,0.0,0.3951,1.0,0.0700442061941165,2.6181796701390123,0.0,0.3612567810238085,0.6387432189761915,Virus,OrganismalFitness,distilled-evolutionary-variant-effect-model,sequence,known-development-benchmark,available,,,,,,variantshift-development-v1::proteingym-v1.3::POLG_DEN26_Suphatrakul_2023::POLG_DEN26,0.8843124630805173,0.0,0.6805640569768391,0.7916594682541316,0.7932053284355649,0.7785119707483579,0.7644632001530367,0.6387432189761915,0.3194359430231609,0.2083405317458684,0.2067946715644351,0.2214880292516421,0.2355367998469633,0.3612567810238085,0.0,0.0,0.0,0.0,0.0,0.0,4.001709673526323,1.5380899358233215,1.2010863320530538,2.2505143067912727,0.9045053351476342,0.0700442061941165,1.0895290905713602,1.1198752636023406,1.300231627398433,0.9807706661977832,1.596788704001343,2.6181796701390123,organismalfitness
variantshift-development-v1,proteingym-v1.3,proteingym-substitutions-v1.3,POLG_HCVJF_Qi_2014,POLG_HCVJF_Qi_2014,POLG_HCVJF,POLG_HCVJF,cssf_55f4d290e887,vespag,0.9635513769820852,3033,0.0283547642598087,86.0,16556.0,4448.8,1.0,0.0,0.3018,1.0,0.0471401495374629,2.6538568612533804,0.0,0.3808978388401532,0.6191021611598467,Virus,OrganismalFitness,distilled-evolutionary-variant-effect-model,sequence,known-development-benchmark,available,,,,,,variantshift-development-v1::proteingym-v1.3::POLG_HCVJF_Qi_2014::POLG_HCVJF,1.033476776692083,0.06992539970999778,0.6258360837317019,0.6234529669427321,0.6182482684268275,0.6258360837317019,0.6188950942641082,0.6191021611598467,0.3741639162682981,0.3765470330572679,0.3817517315731725,0.3741639162682981,0.3811049057358918,0.3808978388401532,0.0,0.0,0.0,0.0,0.0,0.0,4.037998886849084,1.1458472420137558,0.8978750705646172,1.0013050625764346,0.7699597766835532,0.0471401495374629,1.7054429099787534,1.4301098490644395,1.748402989138378,1.5564455475818888,1.7469358503621355,2.6538568612533804,organismalfitness
variantshift-development-v1,proteingym-v1.3,proteingym-substitutions-v1.3,POLG_PESV_Tsuboyama_2023_2MXD,POLG_PESV_Tsuboyama_2023_2MXD,POLG_PESV,POLG_PESV,cssf_dc63c2b3ba7c,vespag,0.5739391667806554,53,1.0,53.0,20190.0,13925.1,0.887,0.0,0.449,0.9433962264150944,0.0315046172762671,2.91600051601659,0.0,0.3551505422252898,0.6448494577747101,Virus,Stability,distilled-evolutionary-variant-effect-model,sequence,known-development-benchmark,available,,,,,,variantshift-development-v1::proteingym-v1.3::POLG_PESV_Tsuboyama_2023_2MXD::POLG_PESV,0.5739391667806554,0.0,0.9014445817379892,0.9412283993504488,0.9446468908200114,0.9501217401871956,0.9260759435309917,0.6448494577747101,0.0985554182620107,0.0587716006495511,0.0553531091799885,0.0498782598128043,0.0739240564690084,0.3551505422252898,0.0,0.0,0.0,0.0,0.0,0.0,0.6843835014684166,1.247141236726026,1.0939843502709434,1.091019605365248,1.1956954224362346,0.0315046172762671,1.537263273932835,1.6431234461670732,1.629738848819816,1.663117254068758,1.7019337558816965,2.91600051601659,stability
variantshift-development-v1,proteingym-v1.3,proteingym-substitutions-v1.3,PPARG_HUMAN_Majithia_2016,PPARG_HUMAN_Majithia_2016,PPARG_HUMAN,PPARG_HUMAN,cssf_6d98a5313455,vespag,0.7919850793977156,505,0.998019801980198,504.0,39993.0,3152.5,0.8,0.0,0.2944,1.0,0.0929986050704816,2.4787577226227593,0.0,0.1519350803720952,0.8480649196279048,Human,Activity,distilled-evolutionary-variant-effect-model,sequence,known-development-benchmark,available,,,,,,variantshift-development-v1::proteingym-v1.3::PPARG_HUMAN_Majithia_2016::PPARG_HUMAN,0.8381894722532358,0.04620439285552025,0.8188019550643215,0.806200939335507,0.6819816756861459,0.8188019550643215,0.6158700531322323,0.8480649196279048,0.1811980449356784,0.193799060664493,0.3180183243138541,0.1811980449356784,0.3841299468677677,0.1519350803720952,0.0,0.0,0.0,0.0,0.0,0.0,5.663684461163033,2.569835930605725,1.805219945166803,3.39048764568429,1.0169583327445697,0.0929986050704816,1.5121888685612697,0.8855571407766941,0.9335720274427172,0.8279849239546501,1.39082992224662,2.4787577226227593,activity
variantshift-development-v1,proteingym-v1.3,proteingym-substitutions-v1.3,PPM1D_HUMAN_Miller_2022,PPM1D_HUMAN_Miller_2022,PPM1D_HUMAN,PPM1D_HUMAN,cssf_c26e504ac4d4,vespag,0.6328855031094233,605,0.6942148760330579,420.0,1844.0,339.3,0.993,0.0,0.2611,1.0,0.1187209041409771,2.6075763849307756,0.0,0.14405400050824,0.85594599949176,Human,OrganismalFitness,distilled-evolutionary-variant-effect-model,sequence,known-development-benchmark,available,,,,,,variantshift-development-v1::proteingym-v1.3::PPM1D_HUMAN_Miller_2022::PPM1D_HUMAN,0.6328855031094233,0.0,0.8280849420348508,0.8267681143617427,0.799118789599214,0.8739344437937535,0.7370700864396971,0.85594599949176,0.1719150579651491,0.1732318856382573,0.200881210400786,0.1260655562062465,0.2629299135603029,0.14405400050824,0.0,0.0,0.0,0.0,0.0,0.0,4.922924490451849,3.3363287951283875,2.7867774575402673,4.537541972177921,2.2004730224321576,0.1187209041409771,1.213759349298854,0.9263537875803508,0.9518882070186416,0.938405812179475,1.0361608469051924,2.6075763849307756,organismalfitness
variantshift-development-v1,proteingym-v1.3,proteingym-substitutions-v1.3,PR40A_HUMAN_Tsuboyama_2023_1UZC,PR40A_HUMAN_Tsuboyama_2023_1UZC,PR40A_HUMAN,PR40A_HUMAN,cssf_f662b12b6174,vespag,0.68037281282436,63,1.0,63.0,63560.0,3573.6,0.857,0.0,0.4915,1.0,0.0550575759459262,2.953515316482137,0.0,0.1096293188611403,0.8903706811388596,Human,Stability,distilled-evolutionary-variant-effect-model,sequence,known-development-benchmark,available,,,,,,variantshift-development-v1::proteingym-v1.3::PR40A_HUMAN_Tsuboyama_2023_1UZC::PR40A_HUMAN,0.7183649920535667,0.037992179229206724,0.6953000604992194,0.8943962697906214,0.8531311418010052,0.8780138529422588,0.8576760352712289,0.8903706811388596,0.3046999395007805,0.1056037302093786,0.1468688581989947,0.1219861470577412,0.142323964728771,0.1096293188611403,0.0,0.0,0.0,0.0,0.0,0.0,2.563223632803545,5.713962123594462,1.5668317565299477,6.755453528245985,1.6044152097010709,0.0550575759459262,2.0611131076150606,1.3269930196086634,1.407652419344983,1.228936768713922,1.428185726269374,2.953515316482137,stability
variantshift-development-v1,proteingym-v1.3,proteingym-substitutions-v1.3,PRKN_HUMAN_Clausen_2023,PRKN_HUMAN_Clausen_2023,PRKN_HUMAN,PRKN_HUMAN,cssf_40b8ae05fc9a,vespag,0.7317203077573641,465,1.0,465.0,1457.0,170.2,0.998,0.0,0.2395,1.0,0.0845762065886519,2.4611242099373354,0.0,0.1704154594546039,0.8295845405453961,Human,Expression,distilled-evolutionary-variant-effect-model,sequence,known-development-benchmark,available,,,,,,variantshift-development-v1::proteingym-v1.3::PRKN_HUMAN_Clausen_2023::PRKN_HUMAN,0.7829951070243896,0.051274799267025495,0.8156044064728211,0.7679146361875145,0.7361398696763118,0.8346830707756586,0.6921487899558756,0.8295845405453961,0.1843955935271789,0.2320853638124854,0.2638601303236881,0.1653169292243413,0.3078512100441244,0.1704154594546039,0.0,0.0,0.0,0.0,0.0,0.0,4.7081055463615105,2.46200944619824,2.1924296214003647,3.4663867175043537,1.4650561712516317,0.0845762065886519,1.7641886954635215,0.939991106317678,0.9910584896192696,0.9001831956718623,1.1463743189737283,2.4611242099373354,expression
variantshift-development-v1,proteingym-v1.3,proteingym-substitutions-v1.3,PSAE_PICP2_Tsuboyama_2023_1PSE,PSAE_PICP2_Tsuboyama_2023_1PSE,PSAE_PICP2,PSAE_PICP2,cssf_b20798b8020c,vespag,0.6082231582399108,68,1.0,68.0,1785.0,125.7,0.868,0.0,0.6599,1.0,0.0896843708182299,2.621687822475179,0.0,0.1171931649221292,0.8828068350778707,Prokaryote,Stability,distilled-evolutionary-variant-effect-model,sequence,known-development-benchmark,available,,,,,,variantshift-development-v1::proteingym-v1.3::PSAE_PICP2_Tsuboyama_2023_1PSE::PSAE_PICP2,0.8058669037222284,0.19764374548231756,0.8867184441143037,0.91491466592544,0.8775582047828194,0.9266881266958522,0.8624308055739636,0.8828068350778707,0.1132815558856963,0.0850853340745598,0.1224417952171805,0.0733118733041477,0.1375691944260364,0.1171931649221292,0.0,0.0,0.0,0.0,0.0,0.0,3.3077652784114315,7.306203003597019,3.073502369906492,7.705790798125562,2.768490735613454,0.0896843708182299,1.5528118638353956,0.4673322857643977,0.8322006630762838,0.6082004390604699,0.7495722944693771,2.621687822475179,stability
variantshift-development-v1,proteingym-v1.3,proteingym-substitutions-v1.3,PTEN_HUMAN_Matreyek_2021,PTEN_HUMAN_Matreyek_2021,PTEN_HUMAN,PTEN_HUMAN,cssf_a81536eee23e,vespag,0.5616576444028227,403,0.9503722084367244,383.0,19058.0,1500.8,0.752,0.0,0.2724,1.0,0.0792547531165372,2.600062416112874,0.0,0.1545530739662421,0.8454469260337578,Human,Expression,distilled-evolutionary-variant-effect-model,sequence,known-development-benchmark,available,,,,,,variantshift-development-v1::proteingym-v1.3::PTEN_HUMAN_Matreyek_2021::PTEN_HUMAN,0.6132612231490553,0.05160357874623256,0.8533704473718791,0.8969847933221771,0.7965019163767475,0.8445690240674701,0.6544527200923733,0.8454469260337578,0.1466295526281209,0.1030152066778229,0.2034980836232525,0.1554309759325298,0.3455472799076267,0.1545530739662421,0.0,0.0,0.0,0.0,0.0,0.0,5.394246262924392,3.595152353017226,3.0562747695862926,4.606333977774642,1.6377891478573363,0.0792547531165372,1.717248042337745,1.127592693321493,0.7926058803451905,1.7758949922617604,1.0042105308636344,2.600062416112874,expression
variantshift-development-v1,proteingym-v1.3,proteingym-substitutions-v1.3,PTEN_HUMAN_Mighell_2018,PTEN_HUMAN_Mighell_2018,PTEN_HUMAN,PTEN_HUMAN,cssf_a81536eee23e,vespag,0.5526170059892951,403,1.0,403.0,19058.0,1500.8,0.752,0.0,0.2724,1.0,0.0807823227872367,2.5882487066747135,0.0,0.1493122277862488,0.8506877722137511,Human,Activity,distilled-evolutionary-variant-effect-model,sequence,known-development-benchmark,available,,,,,,variantshift-development-v1::proteingym-v1.3::PTEN_HUMAN_Mighell_2018::PTEN_HUMAN,0.5526170059892951,0.0,0.8549590892266528,0.9014548237113702,0.80481834261458,0.8420302451094388,0.6697979936987849,0.8506877722137511,0.1450409107733472,0.0985451762886298,0.19518165738542,0.1579697548905612,0.3302020063012151,0.1493122277862488,0.0,0.0,0.0,0.0,0.0,0.0,5.542803909149355,3.693753289185031,3.2048512862169396,4.655758383622539,1.7742119582120144,0.0807823227872367,1.694924518220797,1.1042940028550372,0.796895025194039,1.7741862939212625,0.9827924094315826,2.5882487066747135,activity
variantshift-development-v1,proteingym-v1.3,proteingym-substitutions-v1.3,Q2N0S5_9HIV1_Haddox_2018,Q2N0S5_9HIV1_Haddox_2018,Q2N0S5_9HIV1,Q2N0S5_9HIV1,cssf_1bf288bd319a,vespag,0.4900438315288908,860,0.7790697674418605,670.0,75014.0,36862.0,0.976,0.0,0.2414,0.0,0.0503159000542608,2.639670530466072,0.0,0.3451207605602175,0.6548792394397824,Virus,OrganismalFitness,distilled-evolutionary-variant-effect-model,sequence,known-development-benchmark,available,,,,,,variantshift-development-v1::proteingym-v1.3::Q2N0S5_9HIV1_Haddox_2018::Q2N0S5_9HIV1,0.9115896783195856,0.4215458467906948,0.5925012423505028,0.627990152491588,0.6172311336559204,0.6415874330684369,0.6180485008413221,0.6548792394397824,0.4074987576494971,0.372009847508412,0.3827688663440796,0.3584125669315631,0.3819514991586779,0.3451207605602175,0.0,0.0,0.0,0.0,0.0,0.0,4.08398250793593,1.3935682480411182,1.046693037977202,1.8092738412301963,1.045204784417729,0.0503159000542608,2.0009380421568976,1.1193045444209275,1.4252768251369925,0.9245790092517668,1.447986814258296,2.639670530466072,organismalfitness
variantshift-development-v1,proteingym-v1.3,proteingym-substitutions-v1.3,Q53Z42_HUMAN_McShan_2019_binding-TAPBPR,Q53Z42_HUMAN_McShan_2019_binding-TAPBPR,Q53Z42_HUMAN,Q53Z42_HUMAN,cssf_77b576379330,vespag,0.3628667446155413,365,0.4931506849315068,180.0,41636.0,4832.0,0.986,0.0,0.2511,1.0,0.072070799447201,2.62088981186937,0.0,0.2019495722793967,0.7980504277206033,Human,Binding,distilled-evolutionary-variant-effect-model,sequence,known-development-benchmark,available,,,,,,variantshift-development-v1::proteingym-v1.3::Q53Z42_HUMAN_McShan_2019_binding-TAPBPR::Q53Z42_HUMAN,0.5528545596247519,0.18998781500921064,0.7980504277206033,0.7761399946463321,0.5976203638367138,0.8401345586716495,0.5812003847275968,0.7980504277206033,0.2019495722793967,0.2238600053536679,0.4023796361632862,0.1598654413283504,0.4187996152724031,0.2019495722793967,0.0,0.0,0.0,0.0,0.0,0.0,3.4941118358950805,2.807260389770284,0.9057048148483452,3.4222219317596045,0.8229166498057641,0.072070799447201,1.9927927425048888,1.4675639115650203,1.777775219479828,1.6130490927959409,1.7861931586470372,2.62088981186937,binding
variantshift-development-v1,proteingym-v1.3,proteingym-substitutions-v1.3,Q53Z42_HUMAN_McShan_2019_expression,Q53Z42_HUMAN_McShan_2019_expression,Q53Z42_HUMAN,Q53Z42_HUMAN,cssf_77b576379330,vespag,0.8564441928292847,365,0.4931506849315068,180.0,41636.0,4832.0,0.986,0.0,0.2511,1.0,0.072070799447201,2.62088981186937,0.0,0.2019495722793967,0.7980504277206033,Human,Expression,distilled-evolutionary-variant-effect-model,sequence,known-development-benchmark,available,,,,,,variantshift-development-v1::proteingym-v1.3::Q53Z42_HUMAN_McShan_2019_expression::Q53Z42_HUMAN,0.8564441928292847,0.0,0.7980504277206033,0.7761399946463321,0.5976205478782717,0.8401345586716495,0.5812003847275968,0.7980504277206033,0.2019495722793967,0.2238600053536679,0.4023794521217283,0.1598654413283504,0.4187996152724031,0.2019495722793967,0.0,0.0,0.0,0.0,0.0,0.0,3.4941118358950805,2.807260389770284,0.9057047210088536,3.4222219317596045,0.8229166498057641,0.072070799447201,1.9927927425048888,1.4675639115650203,1.7777748705128251,1.6130490927959409,1.7861931586470372,2.62088981186937,expression
variantshift-development-v1,proteingym-v1.3,proteingym-substitutions-v1.3,Q59976_STRSQ_Romero_2015,Q59976_STRSQ_Romero_2015,Q59976_STRSQ,Q59976_STRSQ,cssf_9ddcf4dec5c1,vespag,0.7293540784145961,501,0.998003992015968,500.0,105913.0,14012.4,0.882,0.0,0.346,0.0,0.1367904967856523,2.149198048062687,0.0,0.1120027928602398,0.8879972071397602,Prokaryote,Activity,distilled-evolutionary-variant-effect-model,sequence,known-development-benchmark,available,,,,,,variantshift-development-v1::proteingym-v1.3::Q59976_STRSQ_Romero_2015::Q59976_STRSQ,0.7293540784145961,0.0,0.9086951492624176,0.9386536610713688,0.8951018244685075,0.9150549519208326,0.7298782468550089,0.8879972071397602,0.0913048507375824,0.061346338928631,0.1048981755314925,0.0849450480791673,0.2701217531449911,0.1120027928602398,0.0,0.0,0.0,0.0,0.0,0.0,3.660075790819964,3.185804358119099,2.744744901409774,3.665535860875929,1.6936467999843472,0.1367904967856523,1.43096887259827,1.2708625341201012,1.228273826592551,1.297787403323839,1.1909466600023004,2.149198048062687,activity
variantshift-development-v1,proteingym-v1.3,proteingym-substitutions-v1.3,Q6WV12_9MAXI_Somermeyer_2022,Q6WV12_9MAXI_Somermeyer_2022,Q6WV12_9MAXI,Q6WV12_9MAXI,cssf_cba7b508de0e,vespag,0.3905376528290055,222,0.990990990990991,220.0,506.0,98.2,1.0,0.0,0.2877,1.0,0.0199802201012755,2.450520045260355,0.0,0.4153928871130317,0.5846071128869683,Eukaryote,Activity,distilled-evolutionary-variant-effect-model,sequence,known-development-benchmark,available,,,,,,variantshift-development-v1::proteingym-v1.3::Q6WV12_9MAXI_Somermeyer_2022::Q6WV12_9MAXI,0.3905376528290055,0.0,0.945537658016831,0.951616701075853,0.9341705540404354,0.9341705540404354,0.9536913186966002,0.5846071128869683,0.054462341983169,0.0483832989241469,0.0658294459595646,0.0658294459595646,0.0463086813033998,0.4153928871130317,0.0,0.0,0.0,0.0,0.0,0.0,0.515870187425275,1.295083717698534,1.3472246260035032,1.4151665045603363,1.2620009422951783,0.0199802201012755,1.5150887460308324,1.5375177192943608,1.5275644902269303,1.5294977455537209,1.4693279755951256,2.450520045260355,activity
variantshift-development-v1,proteingym-v1.3,proteingym-substitutions-v1.3,Q837P4_ENTFA_Meier_2023,Q837P4_ENTFA_Meier_2023,Q837P4_ENTFA,Q837P4_ENTFA,cssf_cdfaa4cd70ca,vespag,0.4512091053361729,589,0.064516129032258,38.0,343933.0,53483.3,0.975,0.0,0.274,1.0,0.089333511273207,2.336791241963036,0.0,0.1561610609189778,0.8438389390810221,Prokaryote,Activity,distilled-evolutionary-variant-effect-model,sequence,known-development-benchmark,available,,,,,,variantshift-development-v1::proteingym-v1.3::Q837P4_ENTFA_Meier_2023::Q837P4_ENTFA,0.6458311014147049,0.19462199607853198,0.9175009997395928,0.9270318741506112,0.9344887407562184,0.9344887407562184,0.908830429422354,0.8438389390810221,0.0824990002604071,0.0729681258493888,0.0655112592437815,0.0655112592437815,0.091169570577646,0.1561610609189778,0.0,0.0,0.0,0.0,0.0,0.0,4.623087967770261,3.845925055353412,3.4378435511457175,4.220935156643083,3.036197552240413,0.089333511273207,0.8663268207596779,0.9529709340186208,0.8916467198163969,1.04354085684642,0.8126610766161854,2.336791241963036,activity
variantshift-development-v1,proteingym-v1.3,proteingym-substitutions-v1.3,Q837P5_ENTFA_Meier_2023,Q837P5_ENTFA_Meier_2023,Q837P5_ENTFA,Q837P5_ENTFA,cssf_cdfaa4cd70ca,vespag,0.5680584320025812,571,0.0718038528896672,41.0,346355.0,54258.0,0.993,0.0,0.2585,1.0,0.0767078623185962,2.5264899507893475,0.0,0.1620314608493471,0.8379685391506528,Prokaryote,Activity,distilled-evolutionary-variant-effect-model,sequence,known-development-benchmark,available,,,,,,variantshift-development-v1::proteingym-v1.3::Q837P5_ENTFA_Meier_2023::Q837P5_ENTFA,0.5680584320025812,0.0,0.8919382278868164,0.9227296996044276,0.8927479786243655,0.8927479786243655,0.8230446696824429,0.8379685391506528,0.1080617721131835,0.0772703003955723,0.1072520213756345,0.1072520213756345,0.176955330317557,0.1620314608493471,0.0,0.0,0.0,0.0,0.0,0.0,3.8956634257565783,3.238310047464133,3.116482607810855,3.820187784297696,2.9973847731222247,0.0767078623185962,1.3524813129444482,1.2704779031815916,1.0138225588411394,1.4089893742722277,0.8773924939807398,2.5264899507893475,activity
variantshift-development-v1,proteingym-v1.3,proteingym-substitutions-v1.3,Q8WTC7_9CNID_Somermeyer_2022,Q8WTC7_9CNID_Somermeyer_2022,Q8WTC7_9CNID,Q8WTC7_9CNID,cssf_cba7b508de0e,vespag,0.4177895036476446,238,0.9831932773109244,234.0,655.0,121.9,1.0,0.0,0.3048,1.0,0.0159493248210801,2.25651121002502,0.0,0.4487162305579965,0.5512837694420035,Eukaryote,Activity,distilled-evolutionary-variant-effect-model,sequence,known-development-benchmark,available,,,,,,variantshift-development-v1::proteingym-v1.3::Q8WTC7_9CNID_Somermeyer_2022::Q8WTC7_9CNID,0.4177895036476446,0.0,0.9421856028649463,0.940433561879554,0.9472306668101916,0.9544529698141462,0.940433561879554,0.5512837694420035,0.0578143971350536,0.0595664381204459,0.0527693331898084,0.0455470301858538,0.0595664381204459,0.4487162305579965,0.0,0.0,0.0,0.0,0.0,0.0,0.4514742006780239,1.2500666182889564,1.2714217399430066,1.227673486982053,1.198836091250765,0.0159493248210801,1.6045769316648215,1.6214836786352975,1.6792620643535263,1.6828856321635588,1.7067896294874842,2.25651121002502,activity
variantshift-development-v1,proteingym-v1.3,proteingym-substitutions-v1.3,R1AB_SARS2_Flynn_2022,R1AB_SARS2_Flynn_2022,R1AB_SARS2,R1AB_SARS2,cssf_9fc1ecf8307b,vespag,0.608990718555994,306,0.9901960784313726,303.0,182169.0,348.0,1.0,0.0,0.2812,0.9788732394366196,0.0713291611304727,2.6818667325846155,0.0,0.3322780176231538,0.6677219823768462,Virus,OrganismalFitness,distilled-evolutionary-variant-effect-model,sequence,known-development-benchmark,available,,,,,,variantshift-development-v1::proteingym-v1.3::R1AB_SARS2_Flynn_2022::R1AB_SARS2,0.608990718555994,0.0,0.8630358129234466,0.853040415347668,0.8022676001822431,0.8022676001822431,0.8027894025518975,0.6677219823768462,0.1369641870765534,0.146959584652332,0.1977323998177569,0.1977323998177569,0.1972105974481025,0.3322780176231538,0.0,0.0,0.0,0.0,0.0,0.0,1.2770676265897811,1.3380884243242843,0.8024067735288916,1.713861848908334,0.782529385121824,0.0713291611304727,1.2548886679076092,1.202788754798651,1.80431136424742,1.0302440052217576,1.7832560192845677,2.6818667325846155,organismalfitness
variantshift-development-v1,proteingym-v1.3,proteingym-substitutions-v1.3,RAD_ANTMA_Tsuboyama_2023_2CJJ,RAD_ANTMA_Tsuboyama_2023_2CJJ,RAD_ANTMA,RAD_ANTMA,cssf_0eef6f01f081,vespag,0.430319125890919,54,1.0,54.0,423275.0,42001.7,0.833,0.0,0.6727,1.0,0.0741827638656932,2.5726213637053417,0.0,0.2067042058854591,0.7932957941145409,Eukaryote,Stability,distilled-evolutionary-variant-effect-model,sequence,known-development-benchmark,available,,,,,,variantshift-development-v1::proteingym-v1.3::RAD_ANTMA_Tsuboyama_2023_2CJJ::RAD_ANTMA,0.7978348316476033,0.3675157057566843,0.6297804730547778,0.8730353875757548,0.8375946353557759,0.8504614944001236,0.7624143863517558,0.7932957941145409,0.3702195269452222,0.1269646124242451,0.162405364644224,0.1495385055998763,0.2375856136482441,0.2067042058854591,0.0,0.0,0.0,0.0,0.0,0.0,3.1238414153996725,3.578817125982426,3.692792612545339,3.696478682627872,1.538994283913188,0.0741827638656932,1.8149143747133252,0.900878560452839,0.7232688968295675,1.0128141768372083,1.5605805254638836,2.5726213637053417,stability
variantshift-development-v1,proteingym-v1.3,proteingym-substitutions-v1.3,RASH_HUMAN_Bandaru_2017,RASH_HUMAN_Bandaru_2017,RASH_HUMAN,RASH_HUMAN,cssf_550503ae0437,vespag,0.5607165474983316,189,0.873015873015873,165.0,204751.0,23770.5,0.862,0.0,0.4403,1.0,0.1102307790561488,2.654723649402583,0.0,0.081367663922662,0.918632336077338,Human,Activity,distilled-evolutionary-variant-effect-model,sequence,known-development-benchmark,available,,,,,,variantshift-development-v1::proteingym-v1.3::RASH_HUMAN_Bandaru_2017::RASH_HUMAN,0.6787946697481643,0.11807812224983272,0.8074394948394101,0.9011538683307628,0.9148676998691484,0.9148676998691484,0.8460676357906757,0.918632336077338,0.1925605051605898,0.0988461316692372,0.0851323001308514,0.0851323001308514,0.1539323642093243,0.081367663922662,0.0,0.0,0.0,0.0,0.0,0.0,3.314911335264215,3.7436356121212504,3.113528056313533,4.072965609513851,2.7947857527472664,0.1102307790561488,1.8487303552793015,1.6152401883380123,1.3018001869434177,1.7325402166976644,1.2549365271706727,2.654723649402583,activity
variantshift-development-v1,proteingym-v1.3,proteingym-substitutions-v1.3,RASK_HUMAN_Weng_2022_abundance,RASK_HUMAN_Weng_2022_abundance,RASK_HUMAN,RASK_HUMAN,cssf_550503ae0437,vespag,0.324246012695245,188,0.9787234042553192,184.0,260539.0,27517.5,0.888,0.0,0.4313,1.0,0.0569250575427599,2.816877563681912,0.0,0.0867797870142614,0.9132202129857384,Human,Expression,distilled-evolutionary-variant-effect-model,sequence,known-development-benchmark,available,,,,,,variantshift-development-v1::proteingym-v1.3::RASK_HUMAN_Weng_2022_abundance::RASK_HUMAN,0.5423895932580579,0.2181435805628129,0.7487541999492208,0.9067220325633204,0.9036512697367616,0.9036512697367616,0.8449783540233102,0.9132202129857384,0.2512458000507792,0.0932779674366797,0.0963487302632384,0.0963487302632384,0.1550216459766897,0.0867797870142614,0.0,0.0,0.0,0.0,0.0,0.0,2.374240430090147,5.152765553125157,4.175072606083118,6.053903012673583,3.5683322436034635,0.0569250575427599,1.8654671609629303,1.7941957474982542,1.5890352765400089,1.9162853595799352,1.4816054071701543,2.816877563681912,expression
variantshift-development-v1,proteingym-v1.3,proteingym-substitutions-v1.3,RASK_HUMAN_Weng_2022_binding-DARPin_K55,RASK_HUMAN_Weng_2022_binding-DARPin_K55,RASK_HUMAN,RASK_HUMAN,cssf_550503ae0437,vespag,0.6656482112106865,188,0.9840425531914894,185.0,260539.0,27517.5,0.888,0.0,0.4313,1.0,0.0586160734865076,2.8328443373552843,0.0,0.0872803419855491,0.9127196580144508,Human,Binding,distilled-evolutionary-variant-effect-model,sequence,known-development-benchmark,available,,,,,,variantshift-development-v1::proteingym-v1.3::RASK_HUMAN_Weng_2022_binding-DARPin_K55::RASK_HUMAN,0.6656482112106865,0.0,0.7483357168818929,0.9076892161714828,0.90369281226918,0.90369281226918,0.8461693406575361,0.9127196580144508,0.251664283118107,0.0923107838285171,0.0963071877308199,0.0963071877308199,0.1538306593424638,0.0872803419855491,0.0,0.0,0.0,0.0,0.0,0.0,2.3915636161730625,5.14722898187616,4.16734273260213,6.057365546531708,3.560403090647523,0.0586160734865076,1.8660451337055393,1.778581558898387,1.5837203801511133,1.8862521779184496,1.465731290167383,2.8328443373552843,binding
variantshift-development-v1,proteingym-v1.3,proteingym-substitutions-v1.3,RBP1_HUMAN_Tsuboyama_2023_2KWH,RBP1_HUMAN_Tsuboyama_2023_2KWH,RBP1_HUMAN,RBP1_HUMAN,cssf_bc19e1d23319,vespag,0.4272596081956729,52,1.0,52.0,135922.0,50777.7,0.827,0.0,0.6414,0.9791666666666666,0.0585982726095731,2.773338036540954,0.0,0.1322343525755949,0.8677656474244051,Human,Stability,distilled-evolutionary-variant-effect-model,sequence,known-development-benchmark,available,,,,,,variantshift-development-v1::proteingym-v1.3::RBP1_HUMAN_Tsuboyama_2023_2KWH::RBP1_HUMAN,0.8199283678575564,0.3926687596618835,0.905863083229739,0.9385315189844834,0.937287622106554,0.9255763110270124,0.9385315189844834,0.8677656474244051,0.094136916770261,0.0614684810155166,0.0627123778934459,0.0744236889729874,0.0614684810155166,0.1322343525755949,0.0,0.0,0.0,0.0,0.0,0.0,1.3307656505228986,2.6207052198006227,2.0035264518743694,2.6621998733458656,1.8873446468500827,0.0585982726095731,2.0233160833180928,1.3548618456765609,1.5141891591572831,1.343967074297156,1.582856029602142,2.773338036540954,stability
variantshift-development-v1,proteingym-v1.3,proteingym-substitutions-v1.3,RCD1_ARATH_Tsuboyama_2023_5OAO,RCD1_ARATH_Tsuboyama_2023_5OAO,RCD1_ARATH,RCD1_ARATH,cssf_329d15de34fe,vespag,0.4753311283955234,57,1.0,57.0,6525.0,1608.9,0.93,0.0,0.4687,1.0,0.0653368553130896,2.8693199607009,0.0,0.1393033793747764,0.8606966206252236,Eukaryote,Stability,distilled-evolutionary-variant-effect-model,sequence,known-development-benchmark,available,,,,,,variantshift-development-v1::proteingym-v1.3::RCD1_ARATH_Tsuboyama_2023_5OAO::RCD1_ARATH,0.701278761314281,0.22594763291875763,0.7977488838542313,0.8780430528457714,0.8448571864251444,0.8708898243641001,0.8323234444143817,0.8606966206252236,0.2022511161457687,0.1219569471542285,0.1551428135748556,0.1291101756358998,0.1676765555856183,0.1393033793747764,0.0,0.0,0.0,0.0,0.0,0.0,2.7885334462390996,3.575466726505495,2.5144941459098984,3.9216570997504494,2.409611811528215,0.0653368553130896,1.6839961906923944,1.3668658763999022,0.7556673924352185,1.4745679547817856,0.75781793918241,2.8693199607009,stability
variantshift-development-v1,proteingym-v1.3,proteingym-substitutions-v1.3,RCRO_LAMBD_Tsuboyama_2023_1ORC,RCRO_LAMBD_Tsuboyama_2023_1ORC,RCRO_LAMBD,RCRO_LAMBD,cssf_c6c5a726cc75,vespag,0.6346781431518891,63,1.0,63.0,392895.0,50635.1,0.762,0.0,0.4937,1.0,0.0785658506592607,2.961809904807812,0.0,0.235913606214658,0.7640863937853419,Virus,Stability,distilled-evolutionary-variant-effect-model,sequence,known-development-benchmark,available,,,,,,variantshift-development-v1::proteingym-v1.3::RCRO_LAMBD_Tsuboyama_2023_1ORC::RCRO_LAMBD,0.6346781431518891,0.0,0.83304555943264,0.8536137538707478,0.8538921381049835,0.834372831764318,0.83304555943264,0.7640863937853419,0.1669544405673599,0.1463862461292522,0.1461078618950164,0.165627168235682,0.1669544405673599,0.235913606214658,0.0,0.0,0.0,0.0,0.0,0.0,2.2628221065866914,2.5605469050401,1.9181507491191223,4.71145744137633,1.4184587696783688,0.0785658506592607,1.665268070924802,1.3963669665892873,1.6336171700750368,1.6292962637119444,1.6184094902554342,2.961809904807812,stability
variantshift-development-v1,proteingym-v1.3,proteingym-substitutions-v1.3,RD23A_HUMAN_Tsuboyama_2023_1IFY,RD23A_HUMAN_Tsuboyama_2023_1IFY,RD23A_HUMAN,RD23A_HUMAN,cssf_3998cbaed1a7,vespag,0.7482881353532644,44,1.0,44.0,100991.0,8023.8,0.864,0.0,0.7106,1.0,0.0642535003717601,2.8288279941273604,0.0,0.1331169186133747,0.8668830813866253,Human,Stability,distilled-evolutionary-variant-effect-model,sequence,known-development-benchmark,available,,,,,,variantshift-development-v1::proteingym-v1.3::RD23A_HUMAN_Tsuboyama_2023_1IFY::RD23A_HUMAN,0.8613293988694894,0.11304126351622501,0.8404049777343979,0.8913652715343787,0.8678384246071436,0.8678384246071436,0.741357544230407,0.8668830813866253,0.159595022265602,0.1086347284656212,0.1321615753928564,0.1321615753928564,0.258642455769593,0.1331169186133747,0.0,0.0,0.0,0.0,0.0,0.0,2.7143289448344112,4.82453181389004,2.9098807268918403,4.650304132928511,1.2857996081836505,0.0642535003717601,1.9886034386984033,1.3400761680295492,1.4151839691314425,1.424097922158316,1.5505482136271953,2.8288279941273604,stability
variantshift-development-v1,proteingym-v1.3,proteingym-substitutions-v1.3,RDRP_I33A0_Li_2023,RDRP_I33A0_Li_2023,RDRP_I33A0,RDRP_I33A0,cssf_bcc2d8a187a4,vespag,0.9816247626965292,757,0.9960369881109644,754.0,26589.0,1148.4,1.0,0.0,0.3951,1.0,0.0630258255159722,2.696329110307103,0.0,0.3321692029474364,0.6678307970525635,Virus,OrganismalFitness,distilled-evolutionary-variant-effect-model,sequence,known-development-benchmark,available,,,,,,variantshift-development-v1::proteingym-v1.3::RDRP_I33A0_Li_2023::RDRP_I33A0,0.9816247626965292,0.0,0.654733288373667,0.7314100948773665,0.6335202618119037,0.6469544873084322,0.6070381280882077,0.6678307970525635,0.345266711626333,0.2685899051226335,0.3664797381880963,0.3530455126915678,0.3929618719117923,0.3321692029474364,0.0,0.0,0.0,0.0,0.0,0.0,5.743940522426545,1.8900540685391516,0.9927788140496868,3.616864922515539,0.8695347023898055,0.0630258255159722,1.1915580271702144,0.886039288137206,1.3689270811851195,2.294382802659782,1.50622670622582,2.696329110307103,organismalfitness
variantshift-development-v1,proteingym-v1.3,proteingym-substitutions-v1.3,REV_HV1H2_Fernandes_2016,REV_HV1H2_Fernandes_2016,REV_HV1H2,REV_HV1H2,cssf_4ddd0adc0328,vespag,0.3858804050266899,116,0.9741379310344828,113.0,15839.0,12158.7,0.948,0.0,0.4019,1.0,0.062961540903247,2.6804114458482315,0.0,0.2116196514242614,0.7883803485757386,Virus,OrganismalFitness,distilled-evolutionary-variant-effect-model,sequence,known-development-benchmark,available,,,,,,variantshift-development-v1::proteingym-v1.3::REV_HV1H2_Fernandes_2016::REV_HV1H2,0.3858804050266899,0.0,0.7244559890581018,0.7410839387480957,0.6823084919827629,0.7160646911370051,0.6797385165263016,0.7883803485757386,0.2755440109418982,0.2589160612519042,0.3176915080172371,0.2839353088629949,0.3202614834736984,0.2116196514242614,0.0,0.0,0.0,0.0,0.0,0.0,3.4150917021279947,1.9947150153630924,1.2364986024852538,2.6866821203306195,1.0744623861854363,0.062961540903247,1.7719858951171377,1.0502292253681549,1.402126570525299,1.8969335217396697,1.5312453964921349,2.6804114458482315,organismalfitness
variantshift-development-v1,proteingym-v1.3,proteingym-substitutions-v1.3,RFAH_ECOLI_Tsuboyama_2023_2LCL,RFAH_ECOLI_Tsuboyama_2023_2LCL,RFAH_ECOLI,RFAH_ECOLI,cssf_12ebdb52f01c,vespag,0.5926079858134138,55,1.0,55.0,86049.0,14225.9,0.927,0.0,0.6808,0.0,0.09931845059042,2.7207125404758643,0.0,0.3017497262942372,0.6982502737057628,Prokaryote,Stability,distilled-evolutionary-variant-effect-model,sequence,known-development-benchmark,available,,,,,,variantshift-development-v1::proteingym-v1.3::RFAH_ECOLI_Tsuboyama_2023_2LCL::RFAH_ECOLI,0.7102865113361577,0.11767852552274394,0.7985938861431636,0.809326932486212,0.8052622611721394,0.7501558802330364,0.7752391390909089,0.6982502737057628,0.2014061138568363,0.1906730675137879,0.1947377388278606,0.2498441197669636,0.2247608609090911,0.3017497262942372,0.0,0.0,0.0,0.0,0.0,0.0,2.3700421216180523,2.113795943238414,2.0964850033612845,3.7523534030972394,1.0376758782393063,0.09931845059042,1.3729458274348505,1.495892142698143,1.3331012511237206,1.6735296846651115,1.569113017606116,2.7207125404758643,stability
variantshift-development-v1,proteingym-v1.3,proteingym-substitutions-v1.3,RL20_AQUAE_Tsuboyama_2023_1GYZ,RL20_AQUAE_Tsuboyama_2023_1GYZ,RL20_AQUAE,RL20_AQUAE,cssf_310c599ef29a,vespag,0.4309305102280851,59,1.0,59.0,397758.0,107200.0,0.814,0.0,0.6328,0.8135593220338984,0.1042949181565251,2.7665561310850646,0.0,0.1622625683799845,0.8377374316200155,Prokaryote,Stability,distilled-evolutionary-variant-effect-model,sequence,known-development-benchmark,available,,,,,,variantshift-development-v1::proteingym-v1.3::RL20_AQUAE_Tsuboyama_2023_1GYZ::RL20_AQUAE,0.4792637570275704,0.04833324679948531,0.8107342389102017,0.852988966237633,0.7965740938020064,0.8592482463200686,0.7301506677311156,0.8377374316200155,0.1892657610897983,0.147011033762367,0.2034259061979936,0.1407517536799314,0.2698493322688844,0.1622625683799845,0.0,0.0,0.0,0.0,0.0,0.0,2.7837696840259714,2.480460222658835,1.7716677380863073,6.855073879152116,1.3885290790246776,0.1042949181565251,1.735962678758065,1.283909451613647,1.4706269218207444,1.109824871256958,1.7072780001855,2.7665561310850646,stability
variantshift-development-v1,proteingym-v1.3,proteingym-substitutions-v1.3,RL40A_YEAST_Mavor_2016,RL40A_YEAST_Mavor_2016,RL40A_YEAST,RL40A_YEAST,cssf_40b8ae05fc9a,vespag,0.6688871629303089,128,0.5859375,75.0,16228.0,3906.9,0.695,0.0,0.5381,1.0,0.0955453745556683,2.486278209342554,0.0,0.1831317329047277,0.8168682670952723,Eukaryote,OrganismalFitness,distilled-evolutionary-variant-effect-model,sequence,known-development-benchmark,available,,,,,,variantshift-development-v1::proteingym-v1.3::RL40A_YEAST_Mavor_2016::RL40A_YEAST,0.6688871629303089,0.0,0.7567995454686365,0.8209423360363274,0.8017830780274733,0.8328149256374182,0.6888069455722458,0.8168682670952723,0.2432004545313635,0.1790576639636726,0.1982169219725267,0.1671850743625818,0.3111930544277542,0.1831317329047277,0.0,0.0,0.0,0.0,0.0,0.0,2.707482313236637,2.77586501426481,2.4651637438080676,3.038021195611192,1.4807265678184731,0.0955453745556683,1.6979515104316238,1.3987710375613185,1.2838504637096912,1.752538037065451,1.2538153171026305,2.486278209342554,organismalfitness
variantshift-development-v1,proteingym-v1.3,proteingym-substitutions-v1.3,RL40A_YEAST_Roscoe_2013,RL40A_YEAST_Roscoe_2013,RL40A_YEAST,RL40A_YEAST,cssf_40b8ae05fc9a,vespag,0.6782463259372395,128,0.5859375,75.0,16228.0,3906.9,0.695,0.0,0.5381,1.0,0.095210255956002,2.46009403106013,0.0,0.1855039600965885,0.8144960399034115,Eukaryote,OrganismalFitness,distilled-evolutionary-variant-effect-model,sequence,known-development-benchmark,available,,,,,,variantshift-development-v1::proteingym-v1.3::RL40A_YEAST_Roscoe_2013::RL40A_YEAST,0.6782463259372395,0.0,0.7559830856891474,0.8150606237833351,0.7930489477375262,0.8246478505793546,0.6808391743917106,0.8144960399034115,0.2440169143108526,0.1849393762166649,0.2069510522624738,0.1753521494206453,0.3191608256082894,0.1855039600965885,0.0,0.0,0.0,0.0,0.0,0.0,2.6924153261796744,2.671799005913958,2.2955579896870897,2.974380211837041,1.4253183992359664,0.095210255956002,1.701886235894098,1.443642724466694,1.3604378856265429,1.7536380813181367,1.3305348204828364,2.46009403106013,organismalfitness
variantshift-development-v1,proteingym-v1.3,proteingym-substitutions-v1.3,RL40A_YEAST_Roscoe_2014,RL40A_YEAST_Roscoe_2014,RL40A_YEAST,RL40A_YEAST,cssf_40b8ae05fc9a,vespag,0.6195518054156627,128,0.5859375,75.0,16228.0,3906.9,0.695,0.0,0.5381,1.0,0.0944498865170949,2.5294303288808653,0.0,0.1878142087369021,0.8121857912630979,Eukaryote,Activity,distilled-evolutionary-variant-effect-model,sequence,known-development-benchmark,available,,,,,,variantshift-development-v1::proteingym-v1.3::RL40A_YEAST_Roscoe_2014::RL40A_YEAST,0.6195518054156627,0.0,0.7513273855631779,0.8244023648040326,0.8065657756183127,0.8345155336807502,0.703389180614941,0.8121857912630979,0.2486726144368221,0.1755976351959673,0.1934342243816873,0.1654844663192498,0.2966108193850589,0.1878142087369021,0.0,0.0,0.0,0.0,0.0,0.0,2.7014340802410897,2.8823338242744456,2.6237242383741792,3.053360036740407,1.6289836570803176,0.0944498865170949,1.720583513562605,1.4281385672354032,1.2505577315655765,1.8024981146591037,1.1680048956763864,2.5294303288808653,activity
variantshift-development-v1,proteingym-v1.3,proteingym-substitutions-v1.3,RNC_ECOLI_Weeks_2023,RNC_ECOLI_Weeks_2023,RNC_ECOLI,RNC_ECOLI,cssf_a0ac9f2c6c49,vespag,0.5858007642986163,226,1.0,226.0,66507.0,15978.2,0.969,0.0,0.2829,1.0,0.1076616805516785,2.474028562262203,0.0,0.0702343762957817,0.9297656237042182,Prokaryote,Activity,distilled-evolutionary-variant-effect-model,sequence,known-development-benchmark,available,,,,,,variantshift-development-v1::proteingym-v1.3::RNC_ECOLI_Weeks_2023::RNC_ECOLI,0.5858007642986163,0.0,0.9444686238933492,0.9507155869331698,0.9254918244504312,0.9243968221936418,0.6746224982718434,0.9297656237042182,0.0555313761066507,0.0492844130668301,0.0745081755495687,0.0756031778063581,0.3253775017281566,0.0702343762957817,0.0,0.0,0.0,0.0,0.0,0.0,4.358976486887145,3.7581414235727775,3.3382119035899,4.523688880238169,1.5961579161233417,0.1076616805516785,1.3132834378760607,1.316953798334451,1.323184056166342,1.500066895884538,1.1441631243616124,2.474028562262203,activity
variantshift-development-v1,proteingym-v1.3,proteingym-substitutions-v1.3,RPC1_BP434_Tsuboyama_2023_1R69,RPC1_BP434_Tsuboyama_2023_1R69,RPC1_BP434,RPC1_BP434,cssf_ffbe89385f32,vespag,0.8637111852744368,61,1.0,61.0,820224.0,554578.3,0.951,0.0,0.4937,1.0,0.0777523477237552,2.803845902101806,0.0,0.0642864370938582,0.9357135629061416,Virus,Stability,distilled-evolutionary-variant-effect-model,sequence,known-development-benchmark,available,,,,,,variantshift-development-v1::proteingym-v1.3::RPC1_BP434_Tsuboyama_2023_1R69::RPC1_BP434,0.8637111852744368,0.0,0.9459563371885252,0.9640757030556656,0.9627164620980267,0.9579129886592204,0.9613931879179344,0.9357135629061416,0.0540436628114746,0.0359242969443343,0.0372835379019732,0.0420870113407797,0.0386068120820657,0.0642864370938582,0.0,0.0,0.0,0.0,0.0,0.0,3.1123269584447044,6.803637932922955,6.617541777071074,6.634547270637995,5.726680211512996,0.0777523477237552,1.798221741590537,0.7432517558471976,0.7422035387118584,0.8887268150587494,0.7427265647758571,2.803845902101806,stability
variantshift-development-v1,proteingym-v1.3,proteingym-substitutions-v1.3,RS15_GEOSE_Tsuboyama_2023_1A32,RS15_GEOSE_Tsuboyama_2023_1A32,RS15_GEOSE,RS15_GEOSE,cssf_bcab9ac142f5,vespag,0.5944204498614022,63,1.0,63.0,44428.0,4341.2,1.0,0.0,0.5729,1.0,0.0850253965512726,2.747354486635889,0.0,0.1317576281228381,0.8682423718771619,Prokaryote,Stability,distilled-evolutionary-variant-effect-model,sequence,known-development-benchmark,available,,,,,,variantshift-development-v1::proteingym-v1.3::RS15_GEOSE_Tsuboyama_2023_1A32::RS15_GEOSE,0.7119009134677649,0.11748046360636266,0.8880963921776499,0.902858051188479,0.6752538282293206,0.8818122637649141,0.6619528618765046,0.8682423718771619,0.11190360782235,0.097141948811521,0.3247461717706794,0.1181877362350859,0.3380471381234954,0.1317576281228381,0.0,0.0,0.0,0.0,0.0,0.0,3.032224004216231,2.9710747933722432,1.3831846952503013,3.341567059160016,1.3715520577638332,0.0850253965512726,1.7564252204469613,1.473383072918376,1.477305697660914,1.6248266484202718,1.4856184611368803,2.747354486635889,stability
variantshift-development-v1,proteingym-v1.3,proteingym-substitutions-v1.3,S22A1_HUMAN_Yee_2023_abundance,S22A1_HUMAN_Yee_2023_abundance,S22A1_HUMAN,S22A1_HUMAN,cssf_dedbcf3c34ac,vespag,0.7941780034209104,553,0.9891500904159132,547.0,198790.0,34681.1,0.807,0.0,0.2778,1.0,0.088977795910961,2.616430943189162,0.0,0.1174003555910739,0.882599644408926,Human,Expression,distilled-evolutionary-variant-effect-model,sequence,known-development-benchmark,available,,,,,,variantshift-development-v1::proteingym-v1.3::S22A1_HUMAN_Yee_2023_abundance::S22A1_HUMAN,0.7941780034209104,0.0,0.8889288845525334,0.8849920787016962,0.8889288845525334,0.8931095562551775,0.8340572280369778,0.882599644408926,0.1110711154474666,0.1150079212983038,0.1110711154474666,0.1068904437448224,0.1659427719630222,0.1174003555910739,0.0,0.0,0.0,0.0,0.0,0.0,3.8035488999913025,3.0365498059961538,2.7560468860105787,3.758313183620955,2.4992414286965388,0.088977795910961,1.6210614975708275,1.3518933273467737,1.27432919806195,1.5152975684601866,1.0928712291380611,2.616430943189162,expression
variantshift-development-v1,proteingym-v1.3,proteingym-substitutions-v1.3,S22A1_HUMAN_Yee_2023_activity,S22A1_HUMAN_Yee_2023_activity,S22A1_HUMAN,S22A1_HUMAN,cssf_dedbcf3c34ac,vespag,0.7165680582330466,553,0.9891500904159132,547.0,198790.0,34681.1,0.807,0.0,0.2778,1.0,0.0879596357157288,2.652965876730605,0.0,0.1122085957465395,0.8877914042534605,Human,Activity,distilled-evolutionary-variant-effect-model,sequence,known-development-benchmark,available,,,,,,variantshift-development-v1::proteingym-v1.3::S22A1_HUMAN_Yee_2023_activity::S22A1_HUMAN,0.7165680582330466,0.0,0.8927402411955986,0.8887534186262358,0.8932944176183434,0.8958626646958131,0.8377450231607529,0.8877914042534605,0.1072597588044014,0.1112465813737642,0.1067055823816566,0.1041373353041869,0.162254976839247,0.1122085957465395,0.0,0.0,0.0,0.0,0.0,0.0,3.839745389231642,3.1060456505776783,2.828545807113414,3.795400963033523,2.585164873601146,0.0879596357157288,1.651016218309581,1.3669178643605666,1.275074938026436,1.542650693491947,1.0859636826962025,2.652965876730605,activity
variantshift-development-v1,proteingym-v1.3,proteingym-substitutions-v1.3,SAV1_MOUSE_Tsuboyama_2023_2YSB,SAV1_MOUSE_Tsuboyama_2023_2YSB,SAV1_MOUSE,SAV1_MOUSE,cssf_6f0217bf6d08,vespag,0.7008505307116406,43,0.9767441860465116,42.0,177542.0,4519.3,0.791,0.0,0.4023,1.0,0.0617632707919863,2.8632404880510554,0.0,0.1175986463678824,0.8824013536321176,Eukaryote,Stability,distilled-evolutionary-variant-effect-model,sequence,known-development-benchmark,available,,,,,,variantshift-development-v1::proteingym-v1.3::SAV1_MOUSE_Tsuboyama_2023_2YSB::SAV1_MOUSE,0.86117667701525,0.16032614630360942,0.8866923199057553,0.8989187888833056,0.8356174317391798,0.9131040904479653,0.6216256511737251,0.8824013536321176,0.1133076800942447,0.1010812111166944,0.1643825682608202,0.0868959095520347,0.3783743488262748,0.1175986463678824,0.0,0.0,0.0,0.0,0.0,0.0,2.7657367473971965,3.396983923380262,2.155518943486688,3.6978822908352815,1.480358358551227,0.0617632707919863,1.9583410291114016,1.2595419847253608,1.599651960874639,1.4430204988404016,1.71770545579182,2.8632404880510554,stability
variantshift-development-v1,proteingym-v1.3,proteingym-substitutions-v1.3,SBI_STAAM_Tsuboyama_2023_2JVG,SBI_STAAM_Tsuboyama_2023_2JVG,SBI_STAAM,SBI_STAAM,cssf_60dadcbd5371,vespag,0.8500893214851317,56,1.0,56.0,14476.0,1513.6,0.875,0.0,0.6026,1.0,0.0876268422327256,2.5015639404752923,0.0,0.2577574748609328,0.7422425251390672,Prokaryote,Stability,distilled-evolutionary-variant-effect-model,sequence,known-development-benchmark,available,,,,,,variantshift-development-v1::proteingym-v1.3::SBI_STAAM_Tsuboyama_2023_2JVG::SBI_STAAM,0.8606596616932808,0.010570340208149065,0.9190529967311748,0.9279154150388164,0.9466211878724192,0.8627216940343745,0.9471958462594494,0.7422425251390672,0.0809470032688253,0.0720845849611835,0.0533788121275808,0.1372783059656255,0.0528041537405505,0.2577574748609328,0.0,0.0,0.0,0.0,0.0,0.0,1.8079764316348368,1.7574285721292024,1.4179709069472672,2.8085847287319035,1.466247345297071,0.0876268422327256,1.8308060702074376,1.6149836500038384,1.648151994589267,1.3614786255713696,1.6891042855046778,2.5015639404752923,stability
variantshift-development-v1,proteingym-v1.3,proteingym-substitutions-v1.3,SC6A4_HUMAN_Young_2021,SC6A4_HUMAN_Young_2021,SC6A4_HUMAN,SC6A4_HUMAN,cssf_5602ca7080fe,vespag,0.6984991070178467,630,0.9714285714285714,612.0,40971.0,5552.2,0.805,0.0,0.275,1.0,0.1339155335905648,2.4517886780211233,0.0,0.0788998729337329,0.9211001270662672,Human,Activity,distilled-evolutionary-variant-effect-model,sequence,known-development-benchmark,available,,,,,,variantshift-development-v1::proteingym-v1.3::SC6A4_HUMAN_Young_2021::SC6A4_HUMAN,0.7306525236640516,0.03215341664620497,0.9077393142051182,0.9077393142051182,0.8350153046493719,0.9291733824124864,0.6776887931257793,0.9211001270662672,0.0922606857948817,0.0922606857948817,0.1649846953506281,0.0708266175875136,0.3223112068742206,0.0788998729337329,0.0,0.0,0.0,0.0,0.0,0.0,4.861955271495686,3.1617188722569542,2.3495557603990544,3.626103791918837,1.287611164434736,0.1339155335905648,1.5425347839451642,1.1798451902025673,1.0307185509506271,1.2595955162060002,1.3617663704004292,2.4517886780211233,activity
variantshift-development-v1,proteingym-v1.3,proteingym-substitutions-v1.3,SCIN_STAAR_Tsuboyama_2023_2QFF,SCIN_STAAR_Tsuboyama_2023_2QFF,SCIN_STAAR,SCIN_STAAR,cssf_cf940c8da196,vespag,0.3117943621171827,70,1.0,70.0,38043.0,11456.5,0.9,0.0,0.5436,1.0,0.0722882045644669,2.5547781794019704,0.0,0.2852828345090838,0.7147171654909161,Prokaryote,Stability,distilled-evolutionary-variant-effect-model,sequence,known-development-benchmark,available,,,,,,variantshift-development-v1::proteingym-v1.3::SCIN_STAAR_Tsuboyama_2023_2QFF::SCIN_STAAR,0.6523363885743666,0.3405420264571839,0.9366006679969916,0.9579342573416249,0.94658842393764,0.9352359970993624,0.9352359970993624,0.7147171654909161,0.0633993320030084,0.0420657426583752,0.0534115760623599,0.0647640029006375,0.0647640029006375,0.2852828345090838,0.0,0.0,0.0,0.0,0.0,0.0,1.4777609468234798,1.2716572670457644,1.4947030323982848,1.4918188556215597,1.3421880859027022,0.0722882045644669,1.578655195062378,1.6390849387042128,1.586876636323323,1.6368918728946174,1.654751782821246,2.5547781794019704,stability
variantshift-development-v1,proteingym-v1.3,proteingym-substitutions-v1.3,SDA_BACSU_Tsuboyama_2023_1PV0,SDA_BACSU_Tsuboyama_2023_1PV0,SDA_BACSU,SDA_BACSU,cssf_3a5047c87583,vespag,0.6105478642156442,44,1.0,44.0,1953.0,882.2,0.886,0.0,0.5707,1.0,0.0565641109862127,3.0481940928196636,0.0,0.1062650917528678,0.8937349082471322,Prokaryote,Stability,distilled-evolutionary-variant-effect-model,sequence,known-development-benchmark,available,,,,,,variantshift-development-v1::proteingym-v1.3::SDA_BACSU_Tsuboyama_2023_1PV0::SDA_BACSU,0.6105478642156442,0.0,0.8409620763114738,0.8991916398230114,0.7753182041945567,0.9030795970576592,0.7772582146092798,0.8937349082471322,0.1590379236885262,0.1008083601769885,0.2246817958054433,0.0969204029423409,0.2227417853907202,0.1062650917528678,0.0,0.0,0.0,0.0,0.0,0.0,2.4798207603842823,5.201115944499809,1.1836688526563808,5.4651807398613395,1.2046622871040715,0.0565641109862127,2.163336706876741,1.7467386764807693,1.5892473809687384,1.7849635556826684,1.5910883498916168,3.0481940928196636,stability
variantshift-development-v1,proteingym-v1.3,proteingym-substitutions-v1.3,SERC_HUMAN_Xie_2023,SERC_HUMAN_Xie_2023,SERC_HUMAN,SERC_HUMAN,cssf_f2035d659d6a,vespag,0.5166365316718061,370,0.9891891891891892,366.0,232438.0,43437.3,0.949,0.0,0.3187,1.0,0.1700162955930249,2.09662878823417,0.0,0.1017391207355189,0.8982608792644811,Human,OrganismalFitness,distilled-evolutionary-variant-effect-model,sequence,known-development-benchmark,available,,,,,,variantshift-development-v1::proteingym-v1.3::SERC_HUMAN_Xie_2023::SERC_HUMAN,0.5166365316718061,0.0,0.9000883009315737,0.8998104979115998,0.8523648725160793,0.8887076606882303,0.6753351077493122,0.8982608792644811,0.0999116990684263,0.1001895020884001,0.1476351274839207,0.1112923393117697,0.3246648922506878,0.1017391207355189,0.0,0.0,0.0,0.0,0.0,0.0,3.465482465684152,3.194712527809293,2.5523182493878376,3.592091402955425,1.3690087184311888,0.1700162955930249,1.6918848558269597,1.3772854179066174,1.1431362238130718,1.4687798400852543,1.4528499302831777,2.09662878823417,organismalfitness
variantshift-development-v1,proteingym-v1.3,proteingym-substitutions-v1.3,SHOC2_HUMAN_Kwon_2022,SHOC2_HUMAN_Kwon_2022,SHOC2_HUMAN,SHOC2_HUMAN,cssf_6f5083a5504d,vespag,0.4068297783504308,582,0.993127147766323,578.0,22163.0,9048.0,0.777,0.0,0.2301,1.0,0.0884822036224344,2.4445333568148624,0.0,0.1239120275784031,0.8760879724215969,Human,OrganismalFitness,distilled-evolutionary-variant-effect-model,sequence,known-development-benchmark,available,,,,,,variantshift-development-v1::proteingym-v1.3::SHOC2_HUMAN_Kwon_2022::SHOC2_HUMAN,0.4555107235415244,0.04868094519109356,0.8178669768068887,0.8760879724215969,0.8731556199736044,0.8404713770000966,0.865207730095177,0.8760879724215969,0.1821330231931113,0.1239120275784031,0.1268443800263956,0.1595286229999034,0.1347922699048229,0.1239120275784031,0.0,0.0,0.0,0.0,0.0,0.0,4.839088386119545,3.499763676222225,3.357288170391038,4.661328342131585,3.074224415371303,0.0884822036224344,1.653722205795046,1.1085326052891544,1.0666472610935018,1.6171418181236812,1.0570274647265636,2.4445333568148624,organismalfitness
variantshift-development-v1,proteingym-v1.3,proteingym-substitutions-v1.3,SOX30_HUMAN_Tsuboyama_2023_7JJK,SOX30_HUMAN_Tsuboyama_2023_7JJK,SOX30_HUMAN,SOX30_HUMAN,cssf_6cc095ce3976,vespag,0.5148562732431661,57,1.0,57.0,158104.0,14947.5,0.982,0.0,0.4393,1.0,0.0654983288486089,2.6221168067480893,0.0,0.129242121025353,0.870757878974647,Human,Stability,distilled-evolutionary-variant-effect-model,sequence,known-development-benchmark,available,,,,,,variantshift-development-v1::proteingym-v1.3::SOX30_HUMAN_Tsuboyama_2023_7JJK::SOX30_HUMAN,0.6277310478661445,0.11287477462297846,0.851745158223286,0.899038453839061,0.9020719101433748,0.9068770698522476,0.864889741481993,0.870757878974647,0.148254841776714,0.100961546160939,0.0979280898566251,0.0931229301477524,0.1351102585180069,0.129242121025353,0.0,0.0,0.0,0.0,0.0,0.0,2.930010722229436,2.9532126402082057,2.5421368677530367,2.9729753132981043,2.1027634390318077,0.0654983288486089,1.9587507162766735,1.5355397078671713,1.6197064938212276,1.5043152096875114,1.5900455818739436,2.6221168067480893,stability
variantshift-development-v1,proteingym-v1.3,proteingym-substitutions-v1.3,SPA_STAAU_Tsuboyama_2023_1LP1,SPA_STAAU_Tsuboyama_2023_1LP1,SPA_STAAU,SPA_STAAU,cssf_5e471b6b3e5d,vespag,0.2757282671341949,55,1.0,55.0,184804.0,2061.2,0.927,0.0,0.4716,0.0,0.0501200625916133,2.8225920880679767,0.0,0.3396365324591619,0.6603634675408381,Prokaryote,Stability,distilled-evolutionary-variant-effect-model,sequence,known-development-benchmark,available,,,,,,variantshift-development-v1::proteingym-v1.3::SPA_STAAU_Tsuboyama_2023_1LP1::SPA_STAAU,0.3636787303370016,0.0879504632028067,0.9562935501837062,0.9656521696522016,0.9653423663553402,0.9587821740373684,0.9562935501837062,0.6603634675408381,0.0437064498162937,0.0343478303477984,0.0346576336446597,0.0412178259626316,0.0437064498162937,0.3396365324591619,0.0,0.0,0.0,0.0,0.0,0.0,1.1944545616211446,1.5764205191071563,1.4674473784647846,1.6331120240645418,1.6417830709798016,0.0501200625916133,1.553784807384102,1.5625823235861434,1.5787215726306822,1.4723647919601066,1.6202139665338564,2.8225920880679767,stability
variantshift-development-v1,proteingym-v1.3,proteingym-substitutions-v1.3,SPG1_STRSG_Olson_2014,SPG1_STRSG_Olson_2014,SPG1_STRSG,SPG1_STRSG,cssf_b501bf9efe41,vespag,0.5939143636354157,448,0.1227678571428571,55.0,44.0,2.2,0.913,0.0,0.2424,1.0,0.0294430313420738,2.648166147039422,0.0,0.176550415508381,0.823449584491619,Prokaryote,Binding,distilled-evolutionary-variant-effect-model,sequence,known-development-benchmark,available,,,,,,variantshift-development-v1::proteingym-v1.3::SPG1_STRSG_Olson_2014::SPG1_STRSG,0.6012817937155871,0.007367430080171378,0.8602656510649239,0.9184821877254472,0.9081750156465952,0.9209380498515016,0.9048569085470576,0.823449584491619,0.139734348935076,0.0815178122745527,0.0918249843534046,0.0790619501484983,0.0951430914529425,0.176550415508381,0.0,0.0,0.0,0.0,0.0,0.0,2.354977707210862,4.095733664507893,4.000235521578184,4.11603414712182,3.604500142156587,0.0294430313420738,1.4983109005292257,1.8388777324425276,1.8171417933134288,1.8059064756773553,1.8848615196474092,2.648166147039422,binding
variantshift-development-v1,proteingym-v1.3,proteingym-substitutions-v1.3,SPG2_STRSG_Tsuboyama_2023_5UBS,SPG2_STRSG_Tsuboyama_2023_5UBS,SPG2_STRSG,SPG2_STRSG,cssf_b501bf9efe41,vespag,0.4461996914032497,56,1.0,56.0,39899.0,3166.9,0.75,0.0,0.5563,1.0,0.0700483143404864,2.5871217696723066,0.0,0.1566869224141367,0.8433130775858633,Prokaryote,Stability,distilled-evolutionary-variant-effect-model,sequence,known-development-benchmark,available,,,,,,variantshift-development-v1::proteingym-v1.3::SPG2_STRSG_Tsuboyama_2023_5UBS::SPG2_STRSG,0.4773129250113708,0.03111323360812107,0.9064704916509856,0.94482723606348,0.9365949637788692,0.9415978882318734,0.9184916879093415,0.8433130775858633,0.0935295083490145,0.05517276393652,0.0634050362211309,0.0584021117681266,0.0815083120906583,0.1566869224141367,0.0,0.0,0.0,0.0,0.0,0.0,1.7826703633687635,2.8924557930032497,2.510157454267773,3.252823156696411,2.400145245900497,0.0700483143404864,1.5744323046742577,0.9899081334679068,1.0751007375698742,0.9148806480235844,1.1314674250912982,2.5871217696723066,stability
variantshift-development-v1,proteingym-v1.3,proteingym-substitutions-v1.3,SPIKE_SARS2_Starr_2020_binding,SPIKE_SARS2_Starr_2020_binding,SPIKE_SARS2,SPIKE_SARS2,cssf_761ae81d509c,vespag,0.5181077084694466,1273,0.1578947368421052,201.0,36931.0,1347.0,0.998,0.0,0.198,1.0,0.0373370392480895,2.6266083236026017,0.0,0.414096660702659,0.585903339297341,Virus,Binding,distilled-evolutionary-variant-effect-model,sequence,known-development-benchmark,available,,,,,,variantshift-development-v1::proteingym-v1.3::SPIKE_SARS2_Starr_2020_binding::SPIKE_SARS2,0.5181077084694466,0.0,0.9591261710764912,0.966297814046228,0.9562779748160252,0.9562779748160252,0.959626657097919,0.585903339297341,0.0408738289235088,0.033702185953772,0.0437220251839749,0.0437220251839749,0.040373342902081,0.414096660702659,0.0,0.0,0.0,0.0,0.0,0.0,0.9581326351467756,0.9504462762182192,0.9558735990225417,0.8816608045184072,0.8784208762604753,0.0373370392480895,1.5226749996064868,1.5388772020747472,1.4362365806718562,1.4973766638804251,1.538482369542682,2.6266083236026017,binding
variantshift-development-v1,proteingym-v1.3,proteingym-substitutions-v1.3,SPIKE_SARS2_Starr_2020_expression,SPIKE_SARS2_Starr_2020_expression,SPIKE_SARS2,SPIKE_SARS2,cssf_761ae81d509c,vespag,0.567935533496313,1273,0.1578947368421052,201.0,36931.0,1347.0,0.998,0.0,0.198,1.0,0.0373356252671594,2.6279861602782613,0.0,0.4144732156180641,0.5855267843819358,Virus,Expression,distilled-evolutionary-variant-effect-model,sequence,known-development-benchmark,available,,,,,,variantshift-development-v1::proteingym-v1.3::SPIKE_SARS2_Starr_2020_expression::SPIKE_SARS2,0.567935533496313,0.0,0.9591102499453544,0.9662839783680788,0.9562693596551776,0.9562693596551776,0.9596102924220528,0.5855267843819358,0.0408897500546456,0.0337160216319212,0.0437306403448223,0.0437306403448223,0.0403897075779471,0.4144732156180641,0.0,0.0,0.0,0.0,0.0,0.0,0.9585639760649134,0.9508598707412808,0.9563059580318644,0.8820301345765238,0.8788964138165833,0.0373356252671594,1.5233570531587026,1.539511786337297,1.436752701557208,1.4979202180203428,1.5389208681414168,2.6279861602782613,expression
variantshift-development-v1,proteingym-v1.3,proteingym-substitutions-v1.3,SPTN1_CHICK_Tsuboyama_2023_1TUD,SPTN1_CHICK_Tsuboyama_2023_1TUD,SPTN1_CHICK,SPTN1_CHICK,cssf_b0e1111705e5,vespag,0.8574742642053289,60,1.0,60.0,420793.0,17136.8,0.933,0.0,0.5773,0.0,0.0486663619725109,3.0041984194394677,0.0,0.121165993628338,0.878834006371662,Eukaryote,Stability,distilled-evolutionary-variant-effect-model,sequence,known-development-benchmark,available,,,,,,variantshift-development-v1::proteingym-v1.3::SPTN1_CHICK_Tsuboyama_2023_1TUD::SPTN1_CHICK,0.8574742642053289,0.0,0.8508463820717136,0.9187015089707872,0.9216802141439248,0.878834006371662,0.6122223448895869,0.878834006371662,0.1491536179282864,0.0812984910292127,0.0783197858560751,0.121165993628338,0.387777655110413,0.121165993628338,0.0,0.0,0.0,0.0,0.0,0.0,2.5666113922740563,3.6004470387752563,3.245270596071434,4.487274464647395,1.5159705503874223,0.0486663619725109,1.640670549079967,1.3897906964572064,1.3285115258153757,1.321657285089846,1.3121889111139482,3.0041984194394677,stability
variantshift-development-v1,proteingym-v1.3,proteingym-substitutions-v1.3,SQSTM_MOUSE_Tsuboyama_2023_2RRU,SQSTM_MOUSE_Tsuboyama_2023_2RRU,SQSTM_MOUSE,SQSTM_MOUSE,cssf_fd3d638b0af8,vespag,0.9511033580896792,40,1.0,40.0,34660.0,3370.9,0.925,0.0,0.687,1.0,0.0621536087959635,2.6890292658298276,0.0,0.1568932627371619,0.843106737262838,Eukaryote,Stability,distilled-evolutionary-variant-effect-model,sequence,known-development-benchmark,available,,,,,,variantshift-development-v1::proteingym-v1.3::SQSTM_MOUSE_Tsuboyama_2023_2RRU::SQSTM_MOUSE,1.059980867736171,0.1088775096464919,0.8527196907180858,0.8626712930914874,0.8227079872450956,0.8510637813810533,0.6739947614513284,0.843106737262838,0.1472803092819141,0.1373287069085126,0.1772920127549043,0.1489362186189466,0.3260052385486716,0.1568932627371619,0.0,0.0,0.0,0.0,0.0,0.0,2.9496020659013076,2.5552119116165377,2.1131573238346544,3.378156746651538,0.8096772345380114,0.0621536087959635,1.8495006450942744,1.631062820337131,1.5522019806607683,1.6767041035726775,1.702204831159203,2.6890292658298276,stability
variantshift-development-v1,proteingym-v1.3,proteingym-substitutions-v1.3,SR43C_ARATH_Tsuboyama_2023_2N88,SR43C_ARATH_Tsuboyama_2023_2N88,SR43C_ARATH,SR43C_ARATH,cssf_63a1a4e89751,vespag,0.6918045000098799,48,1.0,48.0,101118.0,12170.6,0.917,0.0,0.5096,1.0,0.0597663193960736,2.9018265731312565,0.0,0.0480499765990936,0.9519500234009064,Eukaryote,Stability,distilled-evolutionary-variant-effect-model,sequence,known-development-benchmark,available,,,,,,variantshift-development-v1::proteingym-v1.3::SR43C_ARATH_Tsuboyama_2023_2N88::SR43C_ARATH,0.895160087275496,0.2033555872656161,0.9402622922278668,0.9717433677083076,0.9519500234009064,0.96660481834573,0.4353705223577455,0.9519500234009064,0.0597377077721332,0.0282566322916922,0.0480499765990936,0.0333951816542701,0.5646294776422545,0.0480499765990936,0.0,0.0,0.0,0.0,0.0,0.0,2.675187313002302,5.106793571672587,4.73773519144037,5.384240660771503,0.9455089035226802,0.0597663193960736,2.1561809053546885,1.2845255874553525,1.1524136657508364,1.268408247355814,1.6857249760136954,2.9018265731312565,stability
variantshift-development-v1,proteingym-v1.3,proteingym-substitutions-v1.3,SRBS1_HUMAN_Tsuboyama_2023_2O2W,SRBS1_HUMAN_Tsuboyama_2023_2O2W,SRBS1_HUMAN,SRBS1_HUMAN,cssf_784e4bfd3195,vespag,0.7279951171809431,67,1.0,67.0,708655.0,24366.5,0.836,0.0,0.5953,1.0,0.0695656423604296,2.7375395539574794,0.0,0.0900014781463131,0.9099985218536868,Human,Stability,distilled-evolutionary-variant-effect-model,sequence,known-development-benchmark,available,,,,,,variantshift-development-v1::proteingym-v1.3::SRBS1_HUMAN_Tsuboyama_2023_2O2W::SRBS1_HUMAN,0.8346831792317444,0.10668806205080128,0.8620129775863106,0.9377375133546402,0.9089043288632028,0.9079814597354998,0.8302824527214161,0.9099985218536868,0.1379870224136894,0.0622624866453598,0.091095671136797,0.0920185402645001,0.1697175472785839,0.0900014781463131,0.0,0.0,0.0,0.0,0.0,0.0,3.5803744972503178,3.155630022534698,2.7174242021373876,4.654566819318374,1.975526258316345,0.0695656423604296,2.2192789469072096,1.3515089204573183,1.2845984314558323,1.3491515337620044,1.2742181282553244,2.7375395539574794,stability
variantshift-development-v1,proteingym-v1.3,proteingym-substitutions-v1.3,SRC_HUMAN_Ahler_2019,SRC_HUMAN_Ahler_2019,SRC_HUMAN,SRC_HUMAN,cssf_784e4bfd3195,vespag,0.4374872622376257,536,0.458955223880597,246.0,26974.0,1473.4,0.808,0.31,0.4833,1.0,0.0828320550740817,2.620893636838297,0.0,0.0760130207015005,0.9239869792984996,Human,Activity,distilled-evolutionary-variant-effect-model,sequence,known-development-benchmark,available,,,,,,variantshift-development-v1::proteingym-v1.3::SRC_HUMAN_Ahler_2019::SRC_HUMAN,0.4879209858881886,0.05043372365056292,0.8398302901215485,0.9302583151983724,0.9237102021417776,0.9237102021417776,0.8822981110715882,0.9239869792984996,0.1601697098784514,0.0697416848016276,0.0762897978582224,0.0762897978582224,0.1177018889284118,0.0760130207015005,0.0,0.0,0.0,0.0,0.0,0.0,4.356599355796133,3.819803626405826,3.4873625100556915,4.331722692364842,3.0603727854913476,0.0828320550740817,1.7935249098279438,1.216997571907219,1.18516380460399,1.3313367186317386,1.14096150651655,2.620893636838297,activity
variantshift-development-v1,proteingym-v1.3,proteingym-substitutions-v1.3,SRC_HUMAN_Chakraborty_2023_binding-DAS_25uM,SRC_HUMAN_Chakraborty_2023_binding-DAS_25uM,SRC_HUMAN,SRC_HUMAN,cssf_784e4bfd3195,vespag,0.2830762073630886,536,0.4608208955223881,247.0,37675.0,1814.3,0.869,0.31,0.4833,1.0,0.083027079433333,2.6368049191386658,0.0,0.0752640367964527,0.9247359632035472,Human,Activity,distilled-evolutionary-variant-effect-model,sequence,known-development-benchmark,available,,,,,,variantshift-development-v1::proteingym-v1.3::SRC_HUMAN_Chakraborty_2023_binding-DAS_25uM::SRC_HUMAN,0.2975808158880463,0.014504608524957718,0.8429138107571723,0.9313791105658143,0.9243995244489828,0.9243995244489828,0.8839108370996511,0.9247359632035472,0.1570861892428277,0.0686208894341855,0.0756004755510171,0.0756004755510171,0.1160891629003488,0.0752640367964527,0.0,0.0,0.0,0.0,0.0,0.0,4.374020527327218,3.832914944437907,3.4986159018931713,4.354394605822978,3.0595797477493565,0.083027079433333,1.8103695290621484,1.2343867855441002,1.1927895812633835,1.3378621504335866,1.1432163188584108,2.6368049191386658,activity
variantshift-development-v1,proteingym-v1.3,proteingym-substitutions-v1.3,SRC_HUMAN_Nguyen_2022,SRC_HUMAN_Nguyen_2022,SRC_HUMAN,SRC_HUMAN,cssf_784e4bfd3195,vespag,0.2996740930871304,536,0.458955223880597,246.0,37675.0,1814.3,0.869,0.31,0.4833,1.0,0.0827707153107713,2.6228363308644167,0.0,0.0761947272217353,0.9238052727782646,Human,OrganismalFitness,distilled-evolutionary-variant-effect-model,sequence,known-development-benchmark,available,,,,,,variantshift-development-v1::proteingym-v1.3::SRC_HUMAN_Nguyen_2022::SRC_HUMAN,0.4032395193335497,0.10356542624641929,0.8397506145522731,0.9300838195515234,0.9235681899959498,0.9235681899959498,0.8820535913272562,0.9238052727782646,0.1602493854477269,0.0699161804484765,0.0764318100040502,0.0764318100040502,0.1179464086727437,0.0761947272217353,0.0,0.0,0.0,0.0,0.0,0.0,4.353964318755718,3.817729778758192,3.483269552429999,4.330170790654118,3.057674192688956,0.0827707153107713,1.7920659165435215,1.2195612848517838,1.1865417952445214,1.33320039944746,1.141985961730665,2.6228363308644167,organismalfitness
variantshift-development-v1,proteingym-v1.3,proteingym-substitutions-v1.3,SUMO1_HUMAN_Weile_2017,SUMO1_HUMAN_Weile_2017,SUMO1_HUMAN,SUMO1_HUMAN,cssf_19622d9f3f73,vespag,0.598954147577387,101,0.9504950495049505,96.0,85570.0,14230.7,0.703,0.0,0.5381,1.0,0.1016069079780892,2.4811823119566228,0.0,0.134830645657763,0.865169354342237,Human,OrganismalFitness,distilled-evolutionary-variant-effect-model,sequence,known-development-benchmark,available,,,,,,variantshift-development-v1::proteingym-v1.3::SUMO1_HUMAN_Weile_2017::SUMO1_HUMAN,0.7394417537652591,0.14048760618787215,0.8324713871771541,0.9032226495987186,0.8505957459826518,0.8594196252825896,0.7382841876242564,0.865169354342237,0.1675286128228459,0.0967773504012814,0.1494042540173482,0.1405803747174103,0.2617158123757436,0.134830645657763,0.0,0.0,0.0,0.0,0.0,0.0,3.002884017687581,3.248043854026456,2.2109727361232596,3.5259379574490275,1.361758805619991,0.1016069079780892,1.842667159691043,1.2741630587870931,1.2986088479473736,1.661388848846841,1.4868648972425065,2.4811823119566228,organismalfitness
variantshift-development-v1,proteingym-v1.3,proteingym-substitutions-v1.3,SYUA_HUMAN_Newberry_2020,SYUA_HUMAN_Newberry_2020,SYUA_HUMAN,SYUA_HUMAN,cssf_87dffde05f09,vespag,0.3661668148332278,140,0.9928571428571428,139.0,15711.0,6603.7,0.707,0.0,0.2012,1.0,0.0643892911898908,2.661255541945842,0.0,0.1483997034817096,0.8516002965182904,Human,OrganismalFitness,distilled-evolutionary-variant-effect-model,sequence,known-development-benchmark,available,,,,,,variantshift-development-v1::proteingym-v1.3::SYUA_HUMAN_Newberry_2020::SYUA_HUMAN,0.3661668148332278,0.0,0.885838646384946,0.885838646384946,0.8928007929586946,0.8946936726296002,0.8753327131838862,0.8516002965182904,0.1141613536150539,0.1141613536150539,0.1071992070413053,0.1053063273703998,0.1246672868161138,0.1483997034817096,0.0,0.0,0.0,0.0,0.0,0.0,4.2638005655550275,3.060273464627356,3.132232725156926,3.590471353535943,2.667330744164018,0.0643892911898908,1.6196104199644197,1.3034313135201825,1.3043048857455894,1.1944180725308355,1.332447462730002,2.661255541945842,organismalfitness
variantshift-development-v1,proteingym-v1.3,proteingym-substitutions-v1.3,TADBP_HUMAN_Bolognesi_2019,TADBP_HUMAN_Bolognesi_2019,TADBP_HUMAN,TADBP_HUMAN,cssf_99a238bc9e63,vespag,0.0301285444920975,414,0.2028985507246377,84.0,1211.0,138.3,0.911,0.0,0.2099,1.0,0.0773428062968299,2.352910360401389,0.0,0.3001606007714603,0.6998393992285397,Human,OrganismalFitness,distilled-evolutionary-variant-effect-model,sequence,known-development-benchmark,available,,,,,,variantshift-development-v1::proteingym-v1.3::TADBP_HUMAN_Bolognesi_2019::TADBP_HUMAN,0.2606146131989278,0.2304860687068303,0.9225719207690236,0.9584067850739624,0.9566755114230772,0.9397517807617096,0.9321263023780186,0.6998393992285397,0.0774280792309765,0.0415932149260376,0.0433244885769228,0.0602482192382903,0.0678736976219813,0.3001606007714603,0.0,0.0,0.0,0.0,0.0,0.0,2.649027660807525,2.277113751199245,2.13840605961707,2.459942166278447,2.092062842760417,0.0773428062968299,1.5533980946382275,1.6979221282301002,1.7985486896610514,1.6752917261029132,1.7617816725924076,2.352910360401389,organismalfitness
variantshift-development-v1,proteingym-v1.3,proteingym-substitutions-v1.3,TAT_HV1BR_Fernandes_2016,TAT_HV1BR_Fernandes_2016,TAT_HV1BR,TAT_HV1BR,cssf_0d06a357cd85,vespag,0.5342555439187286,86,0.9651162790697676,83.0,12155.0,9938.3,0.988,0.0,0.2527,1.0,0.0504036225907505,2.377901977242067,0.0,0.2732627786668812,0.7267372213331188,Virus,OrganismalFitness,distilled-evolutionary-variant-effect-model,sequence,known-development-benchmark,available,,,,,,variantshift-development-v1::proteingym-v1.3::TAT_HV1BR_Fernandes_2016::TAT_HV1BR,0.5342555439187286,0.0,0.6805302724782077,0.6668279115594854,0.6735706291367016,0.6776358059958598,0.6685291417649195,0.7267372213331188,0.3194697275217922,0.3331720884405146,0.3264293708632984,0.3223641940041402,0.3314708582350805,0.2732627786668812,0.0,0.0,0.0,0.0,0.0,0.0,3.444446699374895,1.0340145448728455,1.1493509475449968,1.0468786887175296,0.9912306849941293,0.0504036225907505,2.0204148887017546,1.434272234233442,1.387953355181904,1.3626676494093315,1.343904477932618,2.377901977242067,organismalfitness
variantshift-development-v1,proteingym-v1.3,proteingym-substitutions-v1.3,TCRG1_MOUSE_Tsuboyama_2023_1E0L,TCRG1_MOUSE_Tsuboyama_2023_1E0L,TCRG1_MOUSE,TCRG1_MOUSE,cssf_6f0217bf6d08,vespag,0.8769422516198431,37,0.945945945945946,35.0,43363.0,2943.8,0.865,0.0,0.4515,1.0,0.0805477770235347,2.9320044639582044,0.0,0.0580719748980511,0.9419280251019488,Eukaryote,Stability,distilled-evolutionary-variant-effect-model,sequence,known-development-benchmark,available,,,,,,variantshift-development-v1::proteingym-v1.3::TCRG1_MOUSE_Tsuboyama_2023_1E0L::TCRG1_MOUSE,0.8769422516198431,0.0,0.8817207130600898,0.949650333381364,0.952008189399822,0.9456517369409132,0.9259996892608852,0.9419280251019488,0.1182792869399101,0.050349666618636,0.0479918106001778,0.0543482630590869,0.0740003107391147,0.0580719748980511,0.0,0.0,0.0,0.0,0.0,0.0,3.0243777414870325,4.9999157363197435,4.00516952635384,5.468454180711705,3.788878647694213,0.0805477770235347,1.859745324584514,1.2168086438513606,1.4229739667303654,1.443603753129755,1.0330230397359563,2.9320044639582044,stability
variantshift-development-v1,proteingym-v1.3,proteingym-substitutions-v1.3,THO1_YEAST_Tsuboyama_2023_2WQG,THO1_YEAST_Tsuboyama_2023_2WQG,THO1_YEAST,THO1_YEAST,cssf_a523304d9a92,vespag,0.7107141202016243,41,1.0,41.0,54877.0,8481.5,0.805,0.0,0.4867,1.0,0.0751341381356712,2.925573316487261,0.0,0.1497991864563718,0.8502008135436282,Eukaryote,Stability,distilled-evolutionary-variant-effect-model,sequence,known-development-benchmark,available,,,,,,variantshift-development-v1::proteingym-v1.3::THO1_YEAST_Tsuboyama_2023_2WQG::THO1_YEAST,0.7107141202016243,0.0,0.9089558510169696,0.9167155444394278,0.9177242435588248,0.9089558510169696,0.6559431546111435,0.8502008135436282,0.0910441489830302,0.0832844555605721,0.0822757564411751,0.0910441489830302,0.3440568453888565,0.1497991864563718,0.0,0.0,0.0,0.0,0.0,0.0,2.529013307690037,4.706144993773526,3.938603872629219,5.162080710822885,2.273782421281549,0.0751341381356712,2.0910025027465164,1.5780906590084196,1.6128651146318314,1.5047639823553869,1.1245976080483595,2.925573316487261,stability
variantshift-development-v1,proteingym-v1.3,proteingym-substitutions-v1.3,TNKS2_HUMAN_Tsuboyama_2023_5JRT,TNKS2_HUMAN_Tsuboyama_2023_5JRT,TNKS2_HUMAN,TNKS2_HUMAN,cssf_1a40a2a2ccdc,vespag,0.8204015946649375,59,1.0,59.0,270654.0,11557.3,0.949,0.0,0.5642,1.0,0.0529043491007513,2.9010752395251007,0.0,0.1548162869575364,0.8451837130424635,Human,Stability,distilled-evolutionary-variant-effect-model,sequence,known-development-benchmark,available,,,,,,variantshift-development-v1::proteingym-v1.3::TNKS2_HUMAN_Tsuboyama_2023_5JRT::TNKS2_HUMAN,0.8238892103330773,0.0034876156681398207,0.8272603691560425,0.9120068994040836,0.8724966355959255,0.8621845099208841,0.5324873986459595,0.8451837130424635,0.1727396308439575,0.0879931005959164,0.1275033644040745,0.1378154900791158,0.4675126013540405,0.1548162869575364,0.0,0.0,0.0,0.0,0.0,0.0,2.485084737189456,2.8725315990314053,2.681674841780183,5.1671551239366,1.244764657811257,0.0529043491007513,1.5493759770812918,1.4662160020552777,1.481115763775254,1.0535689058720117,1.906377123973074,2.9010752395251007,stability
variantshift-development-v1,proteingym-v1.3,proteingym-substitutions-v1.3,TPK1_HUMAN_Weile_2017,TPK1_HUMAN_Weile_2017,TPK1_HUMAN,TPK1_HUMAN,cssf_3c2e5ceba3be,vespag,0.4587318847408942,243,0.9917695473251028,241.0,21515.0,7273.0,0.823,0.0,0.3975,1.0,0.1214608304189374,2.4846992995463753,0.0,0.1262857461654303,0.8737142538345697,Human,OrganismalFitness,distilled-evolutionary-variant-effect-model,sequence,known-development-benchmark,available,,,,,,variantshift-development-v1::proteingym-v1.3::TPK1_HUMAN_Weile_2017::TPK1_HUMAN,0.4587318847408942,0.0,0.8391427375169631,0.8845780970648391,0.8391427375169631,0.8141826563931603,0.6134677895709796,0.8737142538345697,0.1608572624830369,0.1154219029351608,0.1608572624830369,0.1858173436068396,0.3865322104290204,0.1262857461654303,0.0,0.0,0.0,0.0,0.0,0.0,4.172236568269527,3.738291378386109,2.828842321547969,3.4676838223304305,1.022264918190887,0.1214608304189374,1.711181206609776,1.4816966650666652,1.1293586571325698,2.011157610721632,1.5610021364949669,2.4846992995463753,organismalfitness
variantshift-development-v1,proteingym-v1.3,proteingym-substitutions-v1.3,TPMT_HUMAN_Matreyek_2018,TPMT_HUMAN_Matreyek_2018,TPMT_HUMAN,TPMT_HUMAN,cssf_b5a772423035,vespag,0.6483424137827551,245,0.9836734693877552,241.0,19526.0,6544.3,0.731,0.0,0.3975,1.0,0.1085473711330017,2.4402364022473204,0.0,0.127571938242307,0.8724280617576929,Human,Expression,distilled-evolutionary-variant-effect-model,sequence,known-development-benchmark,available,,,,,,variantshift-development-v1::proteingym-v1.3::TPMT_HUMAN_Matreyek_2018::TPMT_HUMAN,0.6483424137827551,0.0,0.8635522006023513,0.9136063095760704,0.8505941235682128,0.8478719897929765,0.7333718933870106,0.8724280617576929,0.1364477993976487,0.0863936904239296,0.1494058764317871,0.1521280102070235,0.2666281066129894,0.127571938242307,0.0,0.0,0.0,0.0,0.0,0.0,3.910136893014916,3.269055079092875,2.788630485608539,3.818734758443669,1.650747707456943,0.1085473711330017,1.482267723337561,1.257838495633236,0.9913199966768016,1.5548457172141574,1.1587666615250254,2.4402364022473204,expression
variantshift-development-v1,proteingym-v1.3,proteingym-substitutions-v1.3,TPOR_HUMAN_Bridgford_2020,TPOR_HUMAN_Bridgford_2020,TPOR_HUMAN,TPOR_HUMAN,cssf_540579521118,vespag,0.6007351734641208,635,0.0488188976377952,31.0,937.0,120.5,0.825,0.0,0.2408,1.0,0.0736763479638474,2.420912231896082,0.0,0.1786115794298133,0.8213884205701867,Human,OrganismalFitness,distilled-evolutionary-variant-effect-model,sequence,known-development-benchmark,available,,,,,,variantshift-development-v1::proteingym-v1.3::TPOR_HUMAN_Bridgford_2020::TPOR_HUMAN,0.6748479465928395,0.07411277312871878,0.9455263275935228,0.9550904965024798,0.95994752021205,0.95994752021205,0.9455263275935228,0.8213884205701867,0.0544736724064772,0.0449095034975202,0.04005247978795,0.04005247978795,0.0544736724064772,0.1786115794298133,0.0,0.0,0.0,0.0,0.0,0.0,2.9046969761893076,2.7932781157458964,2.5786817478579662,3.1774190082483016,2.0580341534277258,0.0736763479638474,1.620206358506678,1.622494605697555,1.5429740600529038,1.5290889390193811,1.6933190570988566,2.420912231896082,organismalfitness
variantshift-development-v1,proteingym-v1.3,proteingym-substitutions-v1.3,TRPC_SACS2_Chan_2017,TRPC_SACS2_Chan_2017,TRPC_SACS2,TRPC_SACS2,cssf_415fc4c4433b,vespag,1.4126445128345697,248,0.3225806451612903,80.0,52935.0,10409.9,0.944,0.0,0.374,1.0,0.0834756269230588,2.9700602787095995,0.0,0.0932833300156303,0.9067166699843696,Prokaryote,OrganismalFitness,distilled-evolutionary-variant-effect-model,sequence,known-development-benchmark,available,,,,,,variantshift-development-v1::proteingym-v1.3::TRPC_SACS2_Chan_2017::TRPC_SACS2,1.4126445128345697,0.0,0.9264037639589948,0.933070927190474,0.9011744670824436,0.9222270627115136,0.7929007500582388,0.9067166699843696,0.073596236041005,0.0669290728095259,0.0988255329175564,0.0777729372884863,0.2070992499417612,0.0932833300156303,0.0,0.0,0.0,0.0,0.0,0.0,3.6589961740473056,3.4403193090212856,3.5753939258392764,4.235950100083898,2.41773554845529,0.0834756269230588,1.6453303783050062,1.6666368591741365,1.6106259783192465,1.6601388742684071,1.3911051746488925,2.9700602787095995,organismalfitness
variantshift-development-v1,proteingym-v1.3,proteingym-substitutions-v1.3,TRPC_THEMA_Chan_2017,TRPC_THEMA_Chan_2017,TRPC_THEMA,TRPC_THEMA,cssf_415fc4c4433b,vespag,1.0184710672684911,252,0.3174603174603174,80.0,52988.0,10460.9,0.948,0.0,0.3759,1.0,0.0820882284054308,2.935323517696568,0.0,0.0763889659421724,0.9236110340578276,Prokaryote,OrganismalFitness,distilled-evolutionary-variant-effect-model,sequence,known-development-benchmark,available,,,,,,variantshift-development-v1::proteingym-v1.3::TRPC_THEMA_Chan_2017::TRPC_THEMA,1.126653184875941,0.10818211760744978,0.942104313053996,0.9485344005402478,0.9291279566377374,0.9377275798419384,0.7682424776080198,0.9236110340578276,0.0578956869460038,0.0514655994597521,0.0708720433622626,0.0622724201580616,0.2317575223919802,0.0763889659421724,0.0,0.0,0.0,0.0,0.0,0.0,3.5696273725014156,3.7131405798194774,3.404845858994836,4.3112659004704765,2.204171860329024,0.0820882284054308,1.5771012438776832,1.6591314425063994,1.585771672407157,1.6036006639600713,1.4127452166111445,2.935323517696568,organismalfitness
variantshift-development-v1,proteingym-v1.3,proteingym-substitutions-v1.3,UBC9_HUMAN_Weile_2017,UBC9_HUMAN_Weile_2017,UBC9_HUMAN,UBC9_HUMAN,cssf_ab8b39992872,vespag,0.6199756830413491,159,0.9937106918238994,158.0,69788.0,8797.7,0.849,0.0,0.3211,1.0,0.072123206802482,2.5278738959470783,0.0,0.1278131013051296,0.8721868986948703,Human,OrganismalFitness,distilled-evolutionary-variant-effect-model,sequence,known-development-benchmark,available,,,,,,variantshift-development-v1::proteingym-v1.3::UBC9_HUMAN_Weile_2017::UBC9_HUMAN,0.6199756830413491,0.0,0.7628392572940275,0.7938351386546459,0.5586527774977671,0.8349912350132205,0.5635332373906285,0.8721868986948703,0.2371607427059725,0.206164861345354,0.4413472225022329,0.1650087649867795,0.4364667626093714,0.1278131013051296,0.0,0.0,0.0,0.0,0.0,0.0,3.274874769113138,2.8463280103805344,0.990972615904939,3.182566114159747,0.9921551807585628,0.072123206802482,1.8782296636381297,1.2662624865333203,1.4358932765869097,1.3134923526903182,1.4817848010706465,2.5278738959470783,organismalfitness
variantshift-development-v1,proteingym-v1.3,proteingym-substitutions-v1.3,UBE4B_HUMAN_Tsuboyama_2023_3L1X,UBE4B_HUMAN_Tsuboyama_2023_3L1X,UBE4B_HUMAN,UBE4B_HUMAN,cssf_57451dbef5f4,vespag,0.7393913354621553,69,1.0,69.0,310943.0,34932.4,0.928,0.0,0.3766,0.9855072463768116,0.0528189358938605,3.0502618376075614,0.0,0.0690462331980842,0.9309537668019158,Human,Stability,distilled-evolutionary-variant-effect-model,sequence,known-development-benchmark,available,,,,,,variantshift-development-v1::proteingym-v1.3::UBE4B_HUMAN_Tsuboyama_2023_3L1X::UBE4B_HUMAN,0.9625639606813792,0.22317262521922387,0.8506699641339737,0.9261732738664594,0.940348540669418,0.9167592741877282,0.858122211771718,0.9309537668019158,0.1493300358660263,0.0738267261335405,0.0596514593305819,0.0832407258122718,0.141877788228282,0.0690462331980842,0.0,0.0,0.0,0.0,0.0,0.0,2.8772758471425908,5.151345508602822,3.821045322011323,5.9490247686141,3.6503788601776943,0.0528189358938605,2.067831680059386,1.7087700661223757,1.5524103458717622,1.786422465979093,1.3452259497093864,3.0502618376075614,stability
variantshift-development-v1,proteingym-v1.3,proteingym-substitutions-v1.3,UBE4B_MOUSE_Starita_2013,UBE4B_MOUSE_Starita_2013,UBE4B_MOUSE,UBE4B_MOUSE,cssf_57451dbef5f4,vespag,0.4669680169062805,1173,0.0869565217391304,102.0,4743.0,753.7,0.765,0.0,0.2068,1.0,0.1003926628241443,2.1958717085027355,0.0,0.1539369240589849,0.846063075941015,Eukaryote,Activity,distilled-evolutionary-variant-effect-model,sequence,known-development-benchmark,available,,,,,,variantshift-development-v1::proteingym-v1.3::UBE4B_MOUSE_Starita_2013::UBE4B_MOUSE,0.4745239610887912,0.00755594418251071,0.8414613861974825,0.9004777146594459,0.846063075941015,0.8424974131944014,0.7751505467181633,0.846063075941015,0.1585386138025175,0.099522285340554,0.1539369240589849,0.1575025868055986,0.2248494532818367,0.1539369240589849,0.0,0.0,0.0,0.0,0.0,0.0,4.086659589364801,3.4079233414911596,2.5787571804771816,4.04792260471269,1.7173820879319923,0.1003926628241443,1.6720630247611052,1.466991236428288,1.1788229444903011,1.7502761659808108,1.1772253052069257,2.1958717085027355,activity
variantshift-development-v1,proteingym-v1.3,proteingym-substitutions-v1.3,UBR5_HUMAN_Tsuboyama_2023_1I2T,UBR5_HUMAN_Tsuboyama_2023_1I2T,UBR5_HUMAN,UBR5_HUMAN,cssf_99a238bc9e63,vespag,0.644151625592903,58,1.0,58.0,17888.0,1017.9,0.966,0.0,0.6328,0.9827586206896552,0.0667212078918611,2.8193473406513645,0.0,0.1867054142519236,0.8132945857480763,Human,Stability,distilled-evolutionary-variant-effect-model,sequence,known-development-benchmark,available,,,,,,variantshift-development-v1::proteingym-v1.3::UBR5_HUMAN_Tsuboyama_2023_1I2T::UBR5_HUMAN,0.644151625592903,0.0,0.746108084656754,0.7730127943790095,0.7428060991338248,0.7428060991338248,0.7495687806846731,0.8132945857480763,0.2538919153432459,0.2269872056209905,0.2571939008661752,0.2571939008661752,0.2504312193153268,0.1867054142519236,0.0,0.0,0.0,0.0,0.0,0.0,2.895104136672008,1.204189955025631,1.228654481479306,2.677807933075998,1.280553480078308,0.0667212078918611,1.4813387715155766,1.81525768701525,1.7946298730888468,1.2171600266265212,1.8133321803939897,2.8193473406513645,stability
variantshift-development-v1,proteingym-v1.3,proteingym-substitutions-v1.3,VG08_BPP22_Tsuboyama_2023_2GP8,VG08_BPP22_Tsuboyama_2023_2GP8,VG08_BPP22,VG08_BPP22,cssf_ffaeeb6011e9,vespag,0.4833599809407474,40,1.0,40.0,102464.0,47114.9,0.875,0.0,0.6379,0.0,0.0739539340844061,2.4370937091418825,0.0,0.1732546606278291,0.8267453393721709,Virus,Stability,distilled-evolutionary-variant-effect-model,sequence,known-development-benchmark,available,,,,,,variantshift-development-v1::proteingym-v1.3::VG08_BPP22_Tsuboyama_2023_2GP8::VG08_BPP22,0.6327213932414953,0.14936141230074795,0.9332621978498882,0.956627633860308,0.9488634346680844,0.9504946472641675,0.8682720894615995,0.8267453393721709,0.0667378021501118,0.0433723661396918,0.0511365653319155,0.0495053527358324,0.1317279105384005,0.1732546606278291,0.0,0.0,0.0,0.0,0.0,0.0,2.1057977906442136,2.3569687782172206,1.970772848146311,2.5807411437264345,1.406303672039822,0.0739539340844061,1.2589486492529365,1.0776146485823588,1.1970360552259238,1.050179269179612,1.50993621319339,2.4370937091418825,stability
variantshift-development-v1,proteingym-v1.3,proteingym-substitutions-v1.3,VILI_CHICK_Tsuboyama_2023_1YU5,VILI_CHICK_Tsuboyama_2023_1YU5,VILI_CHICK,VILI_CHICK,cssf_0815efaffc38,vespag,0.8217270092402004,65,1.0,65.0,254210.0,49505.5,0.769,0.0,0.3829,1.0,0.0692084383127251,3.028983360836744,0.0,0.1239154040847787,0.8760845959152213,Eukaryote,Stability,distilled-evolutionary-variant-effect-model,sequence,known-development-benchmark,available,,,,,,variantshift-development-v1::proteingym-v1.3::VILI_CHICK_Tsuboyama_2023_1YU5::VILI_CHICK,0.9427965654688748,0.12106955622867444,0.84388174572317,0.8592034200460009,0.6477744745375332,0.8698734024971952,0.6612154680631266,0.8760845959152213,0.15611825427683,0.140796579953999,0.3522255254624667,0.1301265975028047,0.3387845319368734,0.1239154040847787,0.0,0.0,0.0,0.0,0.0,0.0,2.839890726071599,5.704763276338277,1.0803498998550984,6.157794046303325,1.3788411578208954,0.0692084383127251,1.8111239363506877,1.4880650300908196,1.7301072921445049,1.2900834423908325,1.4400895021213904,3.028983360836744,stability
variantshift-development-v1,proteingym-v1.3,proteingym-substitutions-v1.3,VKOR1_HUMAN_Chiasson_2020_abundance,VKOR1_HUMAN_Chiasson_2020_abundance,VKOR1_HUMAN,VKOR1_HUMAN,cssf_893ea5ec829f,vespag,0.7220302052401382,163,0.9938650306748468,162.0,14510.0,4735.7,0.779,0.0,0.3311,1.0,0.094726883261796,2.615103208099393,0.0,0.1355709675604293,0.8644290324395707,Human,Expression,distilled-evolutionary-variant-effect-model,sequence,known-development-benchmark,available,,,,,,variantshift-development-v1::proteingym-v1.3::VKOR1_HUMAN_Chiasson_2020_abundance::VKOR1_HUMAN,0.7220302052401382,0.0,0.8576961322612957,0.8644290324395707,0.8113639897943673,0.8319590205913578,0.6304522557261204,0.8644290324395707,0.1423038677387043,0.1355709675604293,0.1886360102056327,0.1680409794086421,0.3695477442738796,0.1355709675604293,0.0,0.0,0.0,0.0,0.0,0.0,3.809120987052035,2.7896513520491197,2.136779890006116,3.815300420415458,1.201781918913576,0.094726883261796,1.5447236151108643,1.2611695346054383,1.22413753458591,1.320963002619311,1.6063905525280575,2.615103208099393,expression
variantshift-development-v1,proteingym-v1.3,proteingym-substitutions-v1.3,VKOR1_HUMAN_Chiasson_2020_activity,VKOR1_HUMAN_Chiasson_2020_activity,VKOR1_HUMAN,VKOR1_HUMAN,cssf_893ea5ec829f,vespag,0.3273414994212823,163,0.9325153374233128,152.0,14510.0,4735.7,0.779,0.0,0.3311,1.0,0.0952941472959723,2.6897237746429017,0.0,0.1291141711829191,0.8708858288170809,Human,Activity,distilled-evolutionary-variant-effect-model,sequence,known-development-benchmark,available,,,,,,variantshift-development-v1::proteingym-v1.3::VKOR1_HUMAN_Chiasson_2020_activity::VKOR1_HUMAN,0.3457786560475753,0.018437156626292972,0.875362596088052,0.8819194844249715,0.8123940988359359,0.8537877301580574,0.6281529539912822,0.8708858288170809,0.124637403911948,0.1180805155750285,0.187605901164064,0.1462122698419425,0.3718470460087177,0.1291141711829191,0.0,0.0,0.0,0.0,0.0,0.0,4.046380481290524,2.946162158078311,2.329548456346405,3.9971976482345695,1.2925215997623098,0.0952941472959723,1.5832503676757217,1.1659662912170818,1.1502549023473922,1.3205217962492115,1.4126878566910226,2.6897237746429017,activity
variantshift-development-v1,proteingym-v1.3,proteingym-substitutions-v1.3,VRPI_BPT7_Tsuboyama_2023_2WNM,VRPI_BPT7_Tsuboyama_2023_2WNM,VRPI_BPT7,VRPI_BPT7,cssf_c5c95e85f55b,vespag,0.608065717809918,56,1.0,56.0,6266.0,4546.6,0.875,0.0,0.5563,1.0,0.0623274106374108,2.500273612694353,0.0,0.2149944814187691,0.7850055185812309,Virus,Stability,distilled-evolutionary-variant-effect-model,sequence,known-development-benchmark,available,,,,,,variantshift-development-v1::proteingym-v1.3::VRPI_BPT7_Tsuboyama_2023_2WNM::VRPI_BPT7,0.6124808782121035,0.004415160402185481,0.9136770448308036,0.9256803667695382,0.925429478445456,0.91701923049176,0.8820481782115932,0.7850055185812309,0.0863229551691965,0.0743196332304617,0.074570521554544,0.08298076950824,0.1179518217884068,0.2149944814187691,0.0,0.0,0.0,0.0,0.0,0.0,2.1209308695631046,2.2753789276259755,1.7278792698197645,2.2762412238822187,1.6681773250910406,0.0623274106374108,1.2667586194669591,1.011620096238647,1.378175089728087,1.0986968152257748,1.495398021256881,2.500273612694353,stability
variantshift-development-v1,proteingym-v1.3,proteingym-substitutions-v1.3,YAIA_ECOLI_Tsuboyama_2023_2KVT,YAIA_ECOLI_Tsuboyama_2023_2KVT,YAIA_ECOLI,YAIA_ECOLI,cssf_ac44f5c3e836,vespag,0.7300805288041256,52,1.0,52.0,5877.0,844.8,0.788,0.0,0.4515,1.0,0.0665504484920825,2.9667118026152077,0.0,0.1861630152565538,0.8138369847434461,Prokaryote,Stability,distilled-evolutionary-variant-effect-model,sequence,known-development-benchmark,available,,,,,,variantshift-development-v1::proteingym-v1.3::YAIA_ECOLI_Tsuboyama_2023_2KVT::YAIA_ECOLI,0.7300805288041256,0.0,0.7146651550570927,0.7803837986025564,0.6799767227696016,0.7924355177823796,0.5087870851550413,0.8138369847434461,0.2853348449429073,0.2196162013974436,0.3200232772303983,0.2075644822176203,0.4912129148449586,0.1861630152565538,0.0,0.0,0.0,0.0,0.0,0.0,1.4372699003803937,4.335692993925365,1.2985520531482568,6.196158969859881,1.2901650296356175,0.0665504484920825,1.2032265707968923,1.0431251878914145,1.4858809359580307,1.6007234274385846,1.849454889985661,2.9667118026152077,stability
variantshift-development-v1,proteingym-v1.3,proteingym-substitutions-v1.3,YNZC_BACSU_Tsuboyama_2023_2JVD,YNZC_BACSU_Tsuboyama_2023_2JVD,YNZC_BACSU,YNZC_BACSU,cssf_ca121528f828,vespag,0.5509488040390383,39,1.0,39.0,7116.0,1598.7,0.974,0.0,0.5659,0.8717948717948718,0.0598611391570395,2.986604028158529,0.0,0.1136303949494459,0.8863696050505541,Prokaryote,Stability,distilled-evolutionary-variant-effect-model,sequence,known-development-benchmark,available,,,,,,variantshift-development-v1::proteingym-v1.3::YNZC_BACSU_Tsuboyama_2023_2JVD::YNZC_BACSU,0.7253075676697396,0.17435876363070124,0.8651867709319943,0.9184237641468446,0.8494630866906467,0.8862696130862259,0.8625525578919111,0.8863696050505541,0.1348132290680057,0.0815762358531554,0.1505369133093532,0.1137303869137741,0.1374474421080889,0.1136303949494459,0.0,0.0,0.0,0.0,0.0,0.0,2.098818511808763,4.948534802768087,2.8006763447756664,6.157278254398275,2.9224235179652447,0.0598611391570395,2.1921793154146867,1.959366242723223,1.5614966361381133,2.006996492230789,1.5446704688905075,2.986604028158529,stability
variantshift-external-development-pilot-v1,mavedb-complement-v1,mavedb-complement-v1,urn:mavedb:00000094-a-2,mavedb-complement-v1::urn:mavedb:00000094-a-2,mavedb-c6dd0092b775896c,KCNQ4,multi:ccc96e2bc405,vespag,0.3062050325537178,695,,,,,,0.0,0.2268,0.5942446043165468,1.6054428635163205,1.198145813265563,0.0,0.2446506817555529,0.7553493182444471,human,multiplexed variant effect,distilled-evolutionary-variant-effect-model,sequence,known,yes,,True,True,False,True,variantshift-external-development-pilot-v1::mavedb-complement-v1::urn:mavedb:00000094-a-2::mavedb-c6dd0092b775896c,0.3062050325537178,0.0,0.7524832648231907,0.8778837533362861,0.8344860269533674,0.8510969037855709,0.7923163354527081,0.7553493182444471,0.2475167351768092,0.1221162466637139,0.1655139730466326,0.1489030962144291,0.2076836645472919,0.2446506817555529,0.0,0.0,0.0,0.0,0.0,0.0,5.370918092496018,2.632110885722594,2.3318460337329063,4.091334730283324,1.7589611774254466,1.6054428635163205,1.3052309050277893,1.011945487796054,1.0795539030404475,0.8268785268327954,1.2814661064590076,1.198145813265563,multiplexed variant effect
variantshift-external-development-pilot-v1,mavedb-complement-v1,mavedb-complement-v1,urn:mavedb:00000094-a-3,mavedb-complement-v1::urn:mavedb:00000094-a-3,mavedb-c6dd0092b775896c,KCNQ4,multi:ccc96e2bc405,vespag,0.1023828013061937,695,,,,,,0.0,0.2268,0.5942446043165468,1.6054428635163205,1.198145813265563,0.0,0.2446506817555529,0.7553493182444471,human,multiplexed variant effect,distilled-evolutionary-variant-effect-model,sequence,known,yes,,True,True,False,True,variantshift-external-development-pilot-v1::mavedb-complement-v1::urn:mavedb:00000094-a-3::mavedb-c6dd0092b775896c,0.1568161744255903,0.05443337311939658,0.7524832648231907,0.8778837533362861,0.8344860269533674,0.8510969037855709,0.7923163354527081,0.7553493182444471,0.2475167351768092,0.1221162466637139,0.1655139730466326,0.1489030962144291,0.2076836645472919,0.2446506817555529,0.0,0.0,0.0,0.0,0.0,0.0,5.370918092496018,2.632110885722594,2.3318460337329063,4.091334730283324,1.7589611774254466,1.6054428635163205,1.3052309050277893,1.011945487796054,1.0795539030404475,0.8268785268327954,1.2814661064590076,1.198145813265563,multiplexed variant effect
variantshift-external-development-pilot-v1,mavedb-complement-v1,mavedb-complement-v1,urn:mavedb:00000659-a-1,mavedb-complement-v1::urn:mavedb:00000659-a-1,mavedb-93100c3b9be6e587,SGCB,pfam:PF04790,vespag,0.3898184909506739,318,,,,,,0.0,0.215,0.7830188679245284,1.290779216653082,1.5713778647724654,0.0,0.263683091672945,0.736316908327055,human,multiplexed variant effect,distilled-evolutionary-variant-effect-model,sequence,known,yes,,True,True,,True,variantshift-external-development-pilot-v1::mavedb-complement-v1::urn:mavedb:00000659-a-1::mavedb-93100c3b9be6e587,0.3898184909506739,0.0,0.7852730300355386,0.7967400683664561,0.6988095899567524,0.6693564041491897,0.6909401791738685,0.736316908327055,0.2147269699644614,0.2032599316335439,0.3011904100432476,0.3306435958508102,0.3090598208261315,0.263683091672945,0.0,0.0,0.0,0.0,0.0,0.0,3.46080083589135,2.2299664876590963,1.5774561356189756,3.5198477688019176,1.3273684325772226,1.290779216653082,1.3689104737604056,1.1050598815401491,1.2780339130261458,2.29119494634202,1.335361232401964,1.5713778647724654,multiplexed variant effect
variantshift-external-development-pilot-v1,mavedb-complement-v1,mavedb-complement-v1,urn:mavedb:00000665-a-1,mavedb-complement-v1::urn:mavedb:00000665-a-1,mavedb-aebeb991234cd8a3,PAX6,clan:CL0123,vespag,0.8239650421307178,422,,,,,,0.0,0.2101,0.428909952606635,1.4531762710926055,1.1409042069483586,0.0,0.1785431442583677,0.8214568557416323,human,multiplexed variant effect,distilled-evolutionary-variant-effect-model,sequence,known,yes,,True,True,False,True,variantshift-external-development-pilot-v1::mavedb-complement-v1::urn:mavedb:00000665-a-1::mavedb-aebeb991234cd8a3,0.928964686523305,0.10499964439258724,0.7733035417291889,0.9117842156664584,0.8909331063610393,0.8799342467293296,0.8266285205188688,0.8214568557416323,0.226696458270811,0.0882157843335416,0.1090668936389607,0.1200657532706703,0.1733714794811311,0.1785431442583677,0.0,0.0,0.0,0.0,0.0,0.0,6.322706412772463,2.5192697239576254,2.3237525376456616,3.504675077684772,1.73820532898831,1.4531762710926055,1.531531599487976,1.031456820276011,1.1251169228325548,0.8698283186002648,1.2965305329316748,1.1409042069483586,multiplexed variant effect
variantshift-external-development-pilot-v1,mavedb-complement-v1,mavedb-complement-v1,urn:mavedb:00000665-b-1,mavedb-complement-v1::urn:mavedb:00000665-b-1,mavedb-aebeb991234cd8a3,PAX6,clan:CL0123,vespag,0.664860304106432,422,,,,,,0.0,0.2101,0.428909952606635,1.4531762710926055,1.1409042069483586,0.0,0.1785431442583677,0.8214568557416323,human,multiplexed variant effect,distilled-evolutionary-variant-effect-model,sequence,known,yes,,True,True,False,True,variantshift-external-development-pilot-v1::mavedb-complement-v1::urn:mavedb:00000665-b-1::mavedb-aebeb991234cd8a3,0.7092914104388841,0.044431106332452064,0.7733035417291889,0.9117842156664584,0.8909331063610393,0.8799342467293296,0.8266285205188688,0.8214568557416323,0.226696458270811,0.0882157843335416,0.1090668936389607,0.1200657532706703,0.1733714794811311,0.1785431442583677,0.0,0.0,0.0,0.0,0.0,0.0,6.322706412772463,2.5192697239576254,2.3237525376456616,3.504675077684772,1.73820532898831,1.4531762710926055,1.531531599487976,1.031456820276011,1.1251169228325548,0.8698283186002648,1.2965305329316748,1.1409042069483586,multiplexed variant effect
variantshift-external-development-pilot-v1,mavedb-complement-v1,mavedb-complement-v1,urn:mavedb:00000665-c-1,mavedb-complement-v1::urn:mavedb:00000665-c-1,mavedb-aebeb991234cd8a3,PAX6,clan:CL0123,vespag,0.6844512035223878,422,,,,,,0.0,0.2101,0.428909952606635,1.4531762710926055,1.1409042069483586,0.0,0.1785431442583677,0.8214568557416323,human,multiplexed variant effect,distilled-evolutionary-variant-effect-model,sequence,known,yes,,True,True,False,True,variantshift-external-development-pilot-v1::mavedb-complement-v1::urn:mavedb:00000665-c-1::mavedb-aebeb991234cd8a3,0.801622140933316,0.11717093741092821,0.7733035417291889,0.9117842156664584,0.8909331063610393,0.8799342467293296,0.8266285205188688,0.8214568557416323,0.226696458270811,0.0882157843335416,0.1090668936389607,0.1200657532706703,0.1733714794811311,0.1785431442583677,0.0,0.0,0.0,0.0,0.0,0.0,6.322706412772463,2.5192697239576254,2.3237525376456616,3.504675077684772,1.73820532898831,1.4531762710926055,1.531531599487976,1.031456820276011,1.1251169228325548,0.8698283186002648,1.2965305329316748,1.1409042069483586,multiplexed variant effect
variantshift-external-development-pilot-v1,mavedb-complement-v1,mavedb-complement-v1,urn:mavedb:00000665-d-1,mavedb-complement-v1::urn:mavedb:00000665-d-1,mavedb-aebeb991234cd8a3,PAX6,clan:CL0123,vespag,0.7140322865080704,422,,,,,,0.0,0.2101,0.428909952606635,1.4531762710926055,1.1409042069483586,0.0,0.1785431442583677,0.8214568557416323,human,multiplexed variant effect,distilled-evolutionary-variant-effect-model,sequence,known,yes,,True,True,False,True,variantshift-external-development-pilot-v1::mavedb-complement-v1::urn:mavedb:00000665-d-1::mavedb-aebeb991234cd8a3,0.8104636537004585,0.0964313671923881,0.7733035417291889,0.9117842156664584,0.8909331063610393,0.8799342467293296,0.8266285205188688,0.8214568557416323,0.226696458270811,0.0882157843335416,0.1090668936389607,0.1200657532706703,0.1733714794811311,0.1785431442583677,0.0,0.0,0.0,0.0,0.0,0.0,6.322706412772463,2.5192697239576254,2.3237525376456616,3.504675077684772,1.73820532898831,1.4531762710926055,1.531531599487976,1.031456820276011,1.1251169228325548,0.8698283186002648,1.2965305329316748,1.1409042069483586,multiplexed variant effect
variantshift-external-development-pilot-v1,mavedb-complement-v1,mavedb-complement-v1,urn:mavedb:00001200-a-1,mavedb-complement-v1::urn:mavedb:00001200-a-1,mavedb-32f5d032de97ea22,F9,multi:f3533a9eb96e,vespag,0.430578264770028,461,,,,,,0.0,0.3021,0.7310195227765727,1.6866477334607832,0.9923531699274148,0.0,0.151593830448365,0.848406169551635,human,multiplexed variant effect,distilled-evolutionary-variant-effect-model,sequence,known,yes,,True,True,False,True,variantshift-external-development-pilot-v1::mavedb-complement-v1::urn:mavedb:00001200-a-1::mavedb-32f5d032de97ea22,0.4688165571385166,0.038238292368488636,0.8676578103993751,0.920176977561304,0.8939511260560278,0.9139963228109728,0.8706379576133194,0.848406169551635,0.1323421896006249,0.0798230224386959,0.1060488739439722,0.0860036771890271,0.1293620423866806,0.151593830448365,0.0,0.0,0.0,0.0,0.0,0.0,4.222135920252364,3.6845157753508624,3.2502148935786273,4.0914166993034975,2.7398257289455943,1.6866477334607832,1.193738043729872,0.8584838485860391,0.8848840816176936,1.0357330309117847,0.8354000486216414,0.9923531699274148,multiplexed variant effect
variantshift-external-development-pilot-v1,mavedb-complement-v1,mavedb-complement-v1,urn:mavedb:00001200-b-1,mavedb-complement-v1::urn:mavedb:00001200-b-1,mavedb-32f5d032de97ea22,F9,multi:f3533a9eb96e,vespag,0.5729171959616048,461,,,,,,0.0,0.3021,0.7310195227765727,1.6866477334607832,0.9923531699274148,0.0,0.151593830448365,0.848406169551635,human,multiplexed variant effect,distilled-evolutionary-variant-effect-model,sequence,known,yes,,True,True,False,True,variantshift-external-development-pilot-v1::mavedb-complement-v1::urn:mavedb:00001200-b-1::mavedb-32f5d032de97ea22,0.5729171959616048,0.0,0.8676578103993751,0.920176977561304,0.8939511260560278,0.9139963228109728,0.8706379576133194,0.848406169551635,0.1323421896006249,0.0798230224386959,0.1060488739439722,0.0860036771890271,0.1293620423866806,0.151593830448365,0.0,0.0,0.0,0.0,0.0,0.0,4.222135920252364,3.6845157753508624,3.2502148935786273,4.0914166993034975,2.7398257289455943,1.6866477334607832,1.193738043729872,0.8584838485860391,0.8848840816176936,1.0357330309117847,0.8354000486216414,0.9923531699274148,multiplexed variant effect
variantshift-external-development-pilot-v1,mavedb-complement-v1,mavedb-complement-v1,urn:mavedb:00001200-c-1,mavedb-complement-v1::urn:mavedb:00001200-c-1,mavedb-32f5d032de97ea22,F9,multi:f3533a9eb96e,vespag,0.6222346401453996,461,,,,,,0.0,0.3021,0.7310195227765727,1.6866477334607832,0.9923531699274148,0.0,0.151593830448365,0.848406169551635,human,multiplexed variant effect,distilled-evolutionary-variant-effect-model,sequence,known,yes,,True,True,False,True,variantshift-external-development-pilot-v1::mavedb-complement-v1::urn:mavedb:00001200-c-1::mavedb-32f5d032de97ea22,0.6542245378016237,0.031989897656224064,0.8676578103993751,0.920176977561304,0.8939511260560278,0.9139963228109728,0.8706379576133194,0.848406169551635,0.1323421896006249,0.0798230224386959,0.1060488739439722,0.0860036771890271,0.1293620423866806,0.151593830448365,0.0,0.0,0.0,0.0,0.0,0.0,4.222135920252364,3.6845157753508624,3.2502148935786273,4.0914166993034975,2.7398257289455943,1.6866477334607832,1.193738043729872,0.8584838485860391,0.8848840816176936,1.0357330309117847,0.8354000486216414,0.9923531699274148,multiplexed variant effect
variantshift-external-development-pilot-v1,mavedb-complement-v1,mavedb-complement-v1,urn:mavedb:00001200-d-1,mavedb-complement-v1::urn:mavedb:00001200-d-1,mavedb-32f5d032de97ea22,F9,multi:f3533a9eb96e,vespag,0.774829053222089,461,,,,,,0.0,0.3021,0.7310195227765727,1.6866477334607832,0.9923531699274148,0.0,0.151593830448365,0.848406169551635,human,multiplexed variant effect,distilled-evolutionary-variant-effect-model,sequence,known,yes,,True,True,False,True,variantshift-external-development-pilot-v1::mavedb-complement-v1::urn:mavedb:00001200-d-1::mavedb-32f5d032de97ea22,0.774829053222089,0.0,0.8676578103993751,0.920176977561304,0.8939511260560278,0.9139963228109728,0.8706379576133194,0.848406169551635,0.1323421896006249,0.0798230224386959,0.1060488739439722,0.0860036771890271,0.1293620423866806,0.151593830448365,0.0,0.0,0.0,0.0,0.0,0.0,4.222135920252364,3.6845157753508624,3.2502148935786273,4.0914166993034975,2.7398257289455943,1.6866477334607832,1.193738043729872,0.8584838485860391,0.8848840816176936,1.0357330309117847,0.8354000486216414,0.9923531699274148,multiplexed variant effect
variantshift-external-development-pilot-v1,mavedb-complement-v1,mavedb-complement-v1,urn:mavedb:00001200-e-1,mavedb-complement-v1::urn:mavedb:00001200-e-1,mavedb-32f5d032de97ea22,F9,multi:f3533a9eb96e,vespag,0.6722696558777395,461,,,,,,0.0,0.3021,0.7310195227765727,1.6866477334607832,0.9923531699274148,0.0,0.151593830448365,0.848406169551635,human,multiplexed variant effect,distilled-evolutionary-variant-effect-model,sequence,known,yes,,True,True,False,True,variantshift-external-development-pilot-v1::mavedb-complement-v1::urn:mavedb:00001200-e-1::mavedb-32f5d032de97ea22,0.6722696558777395,0.0,0.8676578103993751,0.920176977561304,0.8939511260560278,0.9139963228109728,0.8706379576133194,0.848406169551635,0.1323421896006249,0.0798230224386959,0.1060488739439722,0.0860036771890271,0.1293620423866806,0.151593830448365,0.0,0.0,0.0,0.0,0.0,0.0,4.222135920252364,3.6845157753508624,3.2502148935786273,4.0914166993034975,2.7398257289455943,1.6866477334607832,1.193738043729872,0.8584838485860391,0.8848840816176936,1.0357330309117847,0.8354000486216414,0.9923531699274148,multiplexed variant effect
variantshift-external-development-pilot-v1,mavedb-complement-v1,mavedb-complement-v1,urn:mavedb:00001234-a-1,mavedb-complement-v1::urn:mavedb:00001234-a-1,mavedb-e3ca60f18e3b6e98,TP53,multi:953b39a86f5e,vespag,0.6605244998524057,393,,,,,,1.0,0.8312,0.7073791348600509,1.5748391390602023,1.084973359817861,0.0,0.2385228696385146,0.7614771303614853,human,multiplexed variant effect,distilled-evolutionary-variant-effect-model,sequence,known,yes,,False,False,False,False,variantshift-external-development-pilot-v1::mavedb-complement-v1::urn:mavedb:00001234-a-1::mavedb-e3ca60f18e3b6e98,0.6605244998524057,0.0,0.8394469520033647,0.7614771303614853,0.6620533898807387,0.8418047617458783,0.641129793162984,0.7614771303614853,0.1605530479966352,0.2385228696385146,0.3379466101192613,0.1581952382541217,0.358870206837016,0.2385228696385146,0.0,0.0,0.0,0.0,0.0,0.0,4.266164515230301,2.7011707942525396,1.520621044325089,3.313296709587292,1.304127814169891,1.5748391390602023,1.124111085911652,1.0762863525493376,1.2561695716528485,1.052057752778321,1.329340602057969,1.084973359817861,multiplexed variant effect
variantshift-external-development-pilot-v1,mavedb-complement-v1,mavedb-complement-v1,urn:mavedb:00001234-b-1,mavedb-complement-v1::urn:mavedb:00001234-b-1,mavedb-e3ca60f18e3b6e98,TP53,multi:953b39a86f5e,vespag,0.3322235374953337,393,,,,,,1.0,0.8312,0.7073791348600509,1.5748391390602023,1.084973359817861,0.0,0.2385228696385146,0.7614771303614853,human,multiplexed variant effect,distilled-evolutionary-variant-effect-model,sequence,known,yes,,False,False,False,False,variantshift-external-development-pilot-v1::mavedb-complement-v1::urn:mavedb:00001234-b-1::mavedb-e3ca60f18e3b6e98,0.4343273189720707,0.10210378147673704,0.8394469520033647,0.7614771303614853,0.6620533898807387,0.8418047617458783,0.641129793162984,0.7614771303614853,0.1605530479966352,0.2385228696385146,0.3379466101192613,0.1581952382541217,0.358870206837016,0.2385228696385146,0.0,0.0,0.0,0.0,0.0,0.0,4.266164515230301,2.7011707942525396,1.520621044325089,3.313296709587292,1.304127814169891,1.5748391390602023,1.124111085911652,1.0762863525493376,1.2561695716528485,1.052057752778321,1.329340602057969,1.084973359817861,multiplexed variant effect
variantshift-external-development-pilot-v1,mavedb-complement-v1,mavedb-complement-v1,urn:mavedb:00001234-c-1,mavedb-complement-v1::urn:mavedb:00001234-c-1,mavedb-e3ca60f18e3b6e98,TP53,multi:953b39a86f5e,vespag,0.3832878085037987,393,,,,,,1.0,0.8312,0.7073791348600509,1.5748391390602023,1.084973359817861,0.0,0.2385228696385146,0.7614771303614853,human,multiplexed variant effect,distilled-evolutionary-variant-effect-model,sequence,known,yes,,False,False,False,False,variantshift-external-development-pilot-v1::mavedb-complement-v1::urn:mavedb:00001234-c-1::mavedb-e3ca60f18e3b6e98,0.3832878085037987,0.0,0.8394469520033647,0.7614771303614853,0.6620533898807387,0.8418047617458783,0.641129793162984,0.7614771303614853,0.1605530479966352,0.2385228696385146,0.3379466101192613,0.1581952382541217,0.358870206837016,0.2385228696385146,0.0,0.0,0.0,0.0,0.0,0.0,4.266164515230301,2.7011707942525396,1.520621044325089,3.313296709587292,1.304127814169891,1.5748391390602023,1.124111085911652,1.0762863525493376,1.2561695716528485,1.052057752778321,1.329340602057969,1.084973359817861,multiplexed variant effect
variantshift-external-development-pilot-v1,mavedb-complement-v1,mavedb-complement-v1,urn:mavedb:00001234-d-1,mavedb-complement-v1::urn:mavedb:00001234-d-1,mavedb-e3ca60f18e3b6e98,TP53,multi:953b39a86f5e,vespag,0.4659643918222426,393,,,,,,1.0,0.8312,0.7073791348600509,1.5748391390602023,1.084973359817861,0.0,0.2385228696385146,0.7614771303614853,human,multiplexed variant effect,distilled-evolutionary-variant-effect-model,sequence,known,yes,,False,False,False,False,variantshift-external-development-pilot-v1::mavedb-complement-v1::urn:mavedb:00001234-d-1::mavedb-e3ca60f18e3b6e98,0.4659643918222426,0.0,0.8394469520033647,0.7614771303614853,0.6620533898807387,0.8418047617458783,0.641129793162984,0.7614771303614853,0.1605530479966352,0.2385228696385146,0.3379466101192613,0.1581952382541217,0.358870206837016,0.2385228696385146,0.0,0.0,0.0,0.0,0.0,0.0,4.266164515230301,2.7011707942525396,1.520621044325089,3.313296709587292,1.304127814169891,1.5748391390602023,1.124111085911652,1.0762863525493376,1.2561695716528485,1.052057752778321,1.329340602057969,1.084973359817861,multiplexed variant effect
variantshift-external-development-pilot-v1,mavedb-complement-v1,mavedb-complement-v1,urn:mavedb:00001234-e-1,mavedb-complement-v1::urn:mavedb:00001234-e-1,mavedb-e3ca60f18e3b6e98,TP53,multi:953b39a86f5e,vespag,0.2225766755196944,393,,,,,,1.0,0.8312,0.7073791348600509,1.5748391390602023,1.084973359817861,0.0,0.2385228696385146,0.7614771303614853,human,multiplexed variant effect,distilled-evolutionary-variant-effect-model,sequence,known,yes,,False,False,False,False,variantshift-external-development-pilot-v1::mavedb-complement-v1::urn:mavedb:00001234-e-1::mavedb-e3ca60f18e3b6e98,0.4268622102965481,0.20428553477685368,0.8394469520033647,0.7614771303614853,0.6620533898807387,0.8418047617458783,0.641129793162984,0.7614771303614853,0.1605530479966352,0.2385228696385146,0.3379466101192613,0.1581952382541217,0.358870206837016,0.2385228696385146,0.0,0.0,0.0,0.0,0.0,0.0,4.266164515230301,2.7011707942525396,1.520621044325089,3.313296709587292,1.304127814169891,1.5748391390602023,1.124111085911652,1.0762863525493376,1.2561695716528485,1.052057752778321,1.329340602057969,1.084973359817861,multiplexed variant effect
variantshift-external-development-pilot-v1,mavedb-complement-v1,mavedb-complement-v1,urn:mavedb:00001234-f-1,mavedb-complement-v1::urn:mavedb:00001234-f-1,mavedb-e3ca60f18e3b6e98,TP53,multi:953b39a86f5e,vespag,0.3398619325763693,393,,,,,,1.0,0.8312,0.7073791348600509,1.5748391390602023,1.084973359817861,0.0,0.2385228696385146,0.7614771303614853,human,multiplexed variant effect,distilled-evolutionary-variant-effect-model,sequence,known,yes,,False,False,False,False,variantshift-external-development-pilot-v1::mavedb-complement-v1::urn:mavedb:00001234-f-1::mavedb-e3ca60f18e3b6e98,0.4078119866461787,0.06795005406980936,0.8394469520033647,0.7614771303614853,0.6620533898807387,0.8418047617458783,0.641129793162984,0.7614771303614853,0.1605530479966352,0.2385228696385146,0.3379466101192613,0.1581952382541217,0.358870206837016,0.2385228696385146,0.0,0.0,0.0,0.0,0.0,0.0,4.266164515230301,2.7011707942525396,1.520621044325089,3.313296709587292,1.304127814169891,1.5748391390602023,1.124111085911652,1.0762863525493376,1.2561695716528485,1.052057752778321,1.329340602057969,1.084973359817861,multiplexed variant effect
variantshift-external-development-pilot-v1,mavedb-complement-v1,mavedb-complement-v1,urn:mavedb:00001234-g-1,mavedb-complement-v1::urn:mavedb:00001234-g-1,mavedb-e3ca60f18e3b6e98,TP53,multi:953b39a86f5e,vespag,0.4452885796544738,393,,,,,,1.0,0.8312,0.7073791348600509,1.5748391390602023,1.084973359817861,0.0,0.2385228696385146,0.7614771303614853,human,multiplexed variant effect,distilled-evolutionary-variant-effect-model,sequence,known,yes,,False,False,False,False,variantshift-external-development-pilot-v1::mavedb-complement-v1::urn:mavedb:00001234-g-1::mavedb-e3ca60f18e3b6e98,0.4452885796544738,0.0,0.8394469520033647,0.7614771303614853,0.6620533898807387,0.8418047617458783,0.641129793162984,0.7614771303614853,0.1605530479966352,0.2385228696385146,0.3379466101192613,0.1581952382541217,0.358870206837016,0.2385228696385146,0.0,0.0,0.0,0.0,0.0,0.0,4.266164515230301,2.7011707942525396,1.520621044325089,3.313296709587292,1.304127814169891,1.5748391390602023,1.124111085911652,1.0762863525493376,1.2561695716528485,1.052057752778321,1.329340602057969,1.084973359817861,multiplexed variant effect
variantshift-external-development-pilot-v1,mavedb-complement-v1,mavedb-complement-v1,urn:mavedb:00001234-h-1,mavedb-complement-v1::urn:mavedb:00001234-h-1,mavedb-e3ca60f18e3b6e98,TP53,multi:953b39a86f5e,vespag,0.3010758160346684,393,,,,,,1.0,0.8312,0.7073791348600509,1.5748391390602023,1.084973359817861,0.0,0.2385228696385146,0.7614771303614853,human,multiplexed variant effect,distilled-evolutionary-variant-effect-model,sequence,known,yes,,False,False,False,False,variantshift-external-development-pilot-v1::mavedb-complement-v1::urn:mavedb:00001234-h-1::mavedb-e3ca60f18e3b6e98,0.3494560131266805,0.048380197092012134,0.8394469520033647,0.7614771303614853,0.6620533898807387,0.8418047617458783,0.641129793162984,0.7614771303614853,0.1605530479966352,0.2385228696385146,0.3379466101192613,0.1581952382541217,0.358870206837016,0.2385228696385146,0.0,0.0,0.0,0.0,0.0,0.0,4.266164515230301,2.7011707942525396,1.520621044325089,3.313296709587292,1.304127814169891,1.5748391390602023,1.124111085911652,1.0762863525493376,1.2561695716528485,1.052057752778321,1.329340602057969,1.084973359817861,multiplexed variant effect
variantshift-external-development-pilot-v1,mavedb-complement-v1,mavedb-complement-v1,urn:mavedb:00001235-a-1,mavedb-complement-v1::urn:mavedb:00001235-a-1,mavedb-a5cec053cd1989b7,TP53,confirmation-family-a338d5377fcc,vespag,0.6065640785049377,393,,,,,,1.0,,,1.5751970115614804,1.0880576339512855,0.0,0.2344136975893832,0.7655863024106168,human,multiplexed variant effect,distilled-evolutionary-variant-effect-model,sequence,known,no,,False,False,,,variantshift-external-development-pilot-v1::mavedb-complement-v1::urn:mavedb:00001235-a-1::mavedb-a5cec053cd1989b7,0.6065640785049377,0.0,0.8397325001202005,0.7655863024106168,0.6618590832111879,0.8442465007716204,0.6404229335405167,0.7655863024106168,0.1602674998797995,0.2344136975893832,0.3381409167888121,0.1557534992283795,0.3595770664594833,0.2344136975893832,0.0,0.0,0.0,0.0,0.0,0.0,4.267784136258008,2.691878596759116,1.4743162199894926,3.309332908399808,1.2800896737050924,1.5751970115614804,1.1043011867394132,1.0784125554816428,1.2972846936007945,1.0478250038320978,1.355527672616787,1.0880576339512855,multiplexed variant effect
variantshift-external-development-pilot-v1,venusmuthub-v1,venusmuthub-v1,7LOO_activity,venusmuthub-v1::7LOO_activity,venus-7e0f1f31cc7ee851,7LOO,confirmation-family-22aaa361d52f,vespag,0.8007451690681104,384,,,,,,0.0,,,1.6861384006988165,1.3763518746705627,0.0,0.4128980624828152,0.5871019375171848,mixed,activity,distilled-evolutionary-variant-effect-model,sequence,known,no,,True,True,,,variantshift-external-development-pilot-v1::venusmuthub-v1::7LOO_activity::venus-7e0f1f31cc7ee851,1.2332881368294124,0.43254296776130197,0.5951916225117604,0.6390011887193322,0.6286731130403516,0.6390011887193322,0.6220873167733791,0.5871019375171848,0.4048083774882396,0.3609988112806678,0.3713268869596484,0.3609988112806678,0.3779126832266208,0.4128980624828152,0.0,0.0,0.0,0.0,0.0,0.0,4.193655797006336,1.1529818051555267,1.1337930669420746,3.851072608432683,1.0931951230054109,1.6861384006988165,1.7947424673500372,1.4733659764430485,1.5502193580770625,1.2865276858382266,1.5116977398382556,1.3763518746705627,activity
variantshift-external-development-pilot-v1,venusmuthub-v1,venusmuthub-v1,A2RJT9_DCIP_activity,venusmuthub-v1::A2RJT9_DCIP_activity,venus-39a9db03eeb2ed00,A2RJT9,clan:CL0036,vespag,-0.4305173215399153,311,,,,,,0.0,0.5503,0.9421221864951768,1.59973326008541,1.3707975213659098,0.0,0.1287311615044815,0.8712688384955185,mixed,activity,distilled-evolutionary-variant-effect-model,sequence,known,yes,,True,True,False,True,variantshift-external-development-pilot-v1::venusmuthub-v1::A2RJT9_DCIP_activity::venus-39a9db03eeb2ed00,0.1302449798023189,0.5607623013422341,0.9201410861174067,0.923558893897882,0.8670885906204692,0.9134523302330898,0.7363843936338252,0.8712688384955185,0.0798589138825931,0.0764411061021179,0.1329114093795308,0.0865476697669102,0.2636156063661747,0.1287311615044815,0.0,0.0,0.0,0.0,0.0,0.0,3.3148159229735796,3.1200968934198783,2.7152976755027263,3.924039000039184,1.6001572790316818,1.59973326008541,1.338294567630616,1.3655788049453073,1.3656071389052042,1.5036372314838091,1.1862741132177987,1.3707975213659098,activity
variantshift-external-development-pilot-v1,venusmuthub-v1,venusmuthub-v1,A2RJT9_oxygen_activity,venusmuthub-v1::A2RJT9_oxygen_activity,venus-39a9db03eeb2ed00,A2RJT9,clan:CL0036,vespag,0.2953718182480667,311,,,,,,0.0,0.5503,0.9421221864951768,1.59973326008541,1.3707975213659098,0.0,0.1287311615044815,0.8712688384955185,mixed,activity,distilled-evolutionary-variant-effect-model,sequence,known,yes,,True,True,False,True,variantshift-external-development-pilot-v1::venusmuthub-v1::A2RJT9_oxygen_activity::venus-39a9db03eeb2ed00,0.2953718182480667,0.0,0.9201410861174067,0.923558893897882,0.8670885906204692,0.9134523302330898,0.7363843936338252,0.8712688384955185,0.0798589138825931,0.0764411061021179,0.1329114093795308,0.0865476697669102,0.2636156063661747,0.1287311615044815,0.0,0.0,0.0,0.0,0.0,0.0,3.3148159229735796,3.1200968934198783,2.7152976755027263,3.924039000039184,1.6001572790316818,1.59973326008541,1.338294567630616,1.3655788049453073,1.3656071389052042,1.5036372314838091,1.1862741132177987,1.3707975213659098,activity
variantshift-external-development-pilot-v1,venusmuthub-v1,venusmuthub-v1,C6DAH4_activity,venusmuthub-v1::C6DAH4_activity,venus-64be3ba2a292eb0f,C6DAH4,clan:CL0334,vespag,1.3790290316763167,282,,,,,,0.0,0.2741,0.6595744680851063,1.8051351973690335,1.3048530510519123,0.0,0.1892013395582525,0.8107986604417474,mixed,activity,distilled-evolutionary-variant-effect-model,sequence,known,yes,,True,True,True,True,variantshift-external-development-pilot-v1::venusmuthub-v1::C6DAH4_activity::venus-64be3ba2a292eb0f,1.3790290316763167,0.0,0.8843108262895467,0.8107986604417474,0.6123108758759546,0.8429539030941046,0.6273671831981386,0.8107986604417474,0.1156891737104532,0.1892013395582525,0.3876891241240454,0.1570460969058954,0.3726328168018614,0.1892013395582525,0.0,0.0,0.0,0.0,0.0,0.0,3.854912888193808,2.990407444650114,0.8846648720917203,4.289191551696216,0.903537277466896,1.8051351973690335,1.191308612815659,0.7759217923457027,1.4509531584226911,1.3496547285214735,1.513186507797174,1.3048530510519123,activity
variantshift-external-development-pilot-v1,venusmuthub-v1,venusmuthub-v1,O94220_activity,venusmuthub-v1::O94220_activity,venus-b1ee988208ad234a,O94220,multi:4ffed4e5e6ef,vespag,0.3616931897596062,516,,,,,,0.0,0.2665,0.9108527131782944,1.6045645470232657,1.1703712465151912,0.0,0.1394087000040842,0.8605912999959158,mixed,activity,distilled-evolutionary-variant-effect-model,sequence,known,yes,,True,True,False,True,variantshift-external-development-pilot-v1::venusmuthub-v1::O94220_activity::venus-b1ee988208ad234a,0.5511772339471013,0.1894840441874951,0.921206510468231,0.9291600787689318,0.8982929732067179,0.8982929732067179,0.7947840199376415,0.8605912999959158,0.078793489531769,0.0708399212310681,0.1017070267932821,0.1017070267932821,0.2052159800623585,0.1394087000040842,0.0,0.0,0.0,0.0,0.0,0.0,3.2017140696326796,3.156832340293814,2.8095058155468866,3.4850449739592535,2.120742501874116,1.6045645470232657,1.3438327202764897,1.348457223779352,1.177560621023187,1.4327815247598348,1.076248492257842,1.1703712465151912,activity
variantshift-external-development-pilot-v1,venusmuthub-v1,venusmuthub-v1,P06802_activity,venusmuthub-v1::P06802_activity,venus-db874159a334ddcf,P06802,multi:eb3fae606cb9,vespag,1.5439919212793185,906,,,,,,0.0,0.2357,0.6534216335540839,1.6480780097807528,1.133399206890101,0.0,0.124155900275574,0.875844099724426,mixed,activity,distilled-evolutionary-variant-effect-model,sequence,known,yes,,True,True,False,True,variantshift-external-development-pilot-v1::venusmuthub-v1::P06802_activity::venus-db874159a334ddcf,1.5439919212793185,0.0,0.8923675865381093,0.8783181552108257,0.8157963376024211,0.907493894225407,0.680184128383889,0.875844099724426,0.1076324134618906,0.1216818447891743,0.1842036623975789,0.0925061057745929,0.319815871616111,0.124155900275574,0.0,0.0,0.0,0.0,0.0,0.0,4.295678315636485,3.483560275233267,2.501980038369273,4.355786372725578,1.5818399410674466,1.6480780097807528,1.2906083610655508,0.9810541586123444,0.9137876992748436,1.3852611527277467,0.9803179922387526,1.133399206890101,activity
variantshift-external-development-pilot-v1,venusmuthub-v1,venusmuthub-v1,P24058_vmax,venusmuthub-v1::P24058_vmax,venus-454b0fb8de143bcd,P24058,multi:654eaac22e91,vespag,0.9531422905257646,468,,,,,,0.0,0.3146,0.7756410256410257,1.739255608466104,1.261917858793686,0.0,0.0819273954275865,0.9180726045724136,mixed,activity,distilled-evolutionary-variant-effect-model,sequence,known,yes,,True,True,,True,variantshift-external-development-pilot-v1::venusmuthub-v1::P24058_vmax::venus-454b0fb8de143bcd,1.8563693987546688,0.9032271082289042,0.9303891087522104,0.9180726045724136,0.5705831136537274,0.9299005705506034,0.5687983352488386,0.9180726045724136,0.0696108912477895,0.0819273954275865,0.4294168863462726,0.0700994294493966,0.4312016647511614,0.0819273954275865,0.0,0.0,0.0,0.0,0.0,0.0,4.263347890220815,3.3469306561859185,1.2846132267071864,3.838581477753444,1.2954541208483996,1.739255608466104,1.6232706559044097,1.5014395285463962,1.4227268988066537,1.6241675676187353,1.385184684168765,1.261917858793686,activity
variantshift-external-development-pilot-v1,venusmuthub-v1,venusmuthub-v1,P25745_activity,venusmuthub-v1::P25745_activity,venus-f68755df0ab4af4d,P25745,multi:6bcd78cd6689,vespag,1.0064653182471874,368,,,,,,0.0,0.3053,0.9239130434782608,1.8555085865589451,1.098338245648505,0.0,0.0633058595506508,0.9366941404493492,mixed,activity,distilled-evolutionary-variant-effect-model,sequence,known,yes,,True,True,True,True,variantshift-external-development-pilot-v1::venusmuthub-v1::P25745_activity::venus-f68755df0ab4af4d,1.1035355773674749,0.09707025912028744,0.9417712901427022,0.9367131170054948,0.9048700953214704,0.941467411584744,0.7616554372147059,0.9366941404493492,0.0582287098572977,0.0632868829945052,0.0951299046785296,0.0585325884152561,0.2383445627852941,0.0633058595506508,0.0,0.0,0.0,0.0,0.0,0.0,4.781599072060562,4.0444057959042485,3.3157562792529847,4.495338059549671,2.4292361331684966,1.8555085865589451,1.4655548426130216,1.357252942704414,1.2932163744268736,1.5476828573177568,0.990214491207436,1.098338245648505,activity
variantshift-external-development-pilot-v1,venusmuthub-v1,venusmuthub-v1,P78330_activity,venusmuthub-v1::P78330_activity,venus-6df418116e5febc9,P78330,clan:CL0137,vespag,0.0107270700389829,225,,,,,,0.0,0.3688,0.7688888888888888,1.8264065657203592,1.2515967933038532,0.0,0.0731499541271103,0.9268500458728895,mixed,activity,distilled-evolutionary-variant-effect-model,sequence,known,yes,,True,True,True,True,variantshift-external-development-pilot-v1::venusmuthub-v1::P78330_activity::venus-6df418116e5febc9,1.0405257937813417,1.0297987237423587,0.9279765995807772,0.9177764871218156,0.8636438867729717,0.9177764871218156,0.7317822588894001,0.9268500458728895,0.0720234004192228,0.0822235128781845,0.1363561132270283,0.0822235128781845,0.2682177411105999,0.0731499541271103,0.0,0.0,0.0,0.0,0.0,0.0,4.342557433397451,4.043766193491215,3.3073031429492583,4.12949549817461,2.355479400696254,1.8264065657203592,1.6634320394409543,1.406898469784448,1.2023395326649964,1.9003923278475736,1.0781806398510594,1.2515967933038532,activity
variantshift-external-development-pilot-v1,venusmuthub-v1,venusmuthub-v1,Q06135_activity,venusmuthub-v1::Q06135_activity,venus-220a25f64746e26e,Q06135,multi:b3ad68db9c98,vespag,0.966152146258238,555,,,,,,0.0,0.4436,0.69009009009009,1.670193204803642,1.029685425001043,0.0,0.1176412091944767,0.8823587908055233,mixed,activity,distilled-evolutionary-variant-effect-model,sequence,known,yes,,True,True,False,True,variantshift-external-development-pilot-v1::venusmuthub-v1::Q06135_activity::venus-220a25f64746e26e,0.966152146258238,0.0,0.9109542082305856,0.8823587908055233,0.8281368454850937,0.9230551961347542,0.7179394909289789,0.8823587908055233,0.0890457917694143,0.1176412091944767,0.1718631545149063,0.0769448038652458,0.2820605090710211,0.1176412091944767,0.0,0.0,0.0,0.0,0.0,0.0,3.536779614497936,3.4799312356467316,2.5200548339354674,4.04723089929581,1.529655067030716,1.670193204803642,1.1309433407835856,0.974131316822295,0.7884143841313602,1.071544857139871,1.1187842399485457,1.029685425001043,activity
variantshift-external-development-pilot-v1,venusmuthub-v1,venusmuthub-v1,Q65EX3_activity,venusmuthub-v1::Q65EX3_activity,venus-0ed16c1325aea2c9,Q65EX3,clan:CL0039,vespag,0.836223855496025,249,,,,,,0.0,0.3539,0.8875502008032129,1.4697521193230958,1.141002182574815,0.0,0.3867585918019609,0.6132414081980391,mixed,activity,distilled-evolutionary-variant-effect-model,sequence,known,yes,,True,True,True,True,variantshift-external-development-pilot-v1::venusmuthub-v1::Q65EX3_activity::venus-0ed16c1325aea2c9,0.836223855496025,0.0,0.946890264751724,0.9587517628511908,0.970693283217948,0.6774656996416255,0.946890264751724,0.6132414081980391,0.0531097352482761,0.0412482371488092,0.0293067167820519,0.3225343003583745,0.0531097352482761,0.3867585918019609,0.0,0.0,0.0,0.0,0.0,0.0,1.1894386420064451,1.0851965369021943,1.0886318440107656,3.065983739357771,1.0406594167073333,1.4697521193230958,1.4350001977206814,1.5302240702954664,1.5781360613805857,1.2424566734155158,1.6311450982262878,1.141002182574815,activity
variantshift-external-development-pilot-v1,venusmuthub-v1,venusmuthub-v1,Q70PR7_activity,venusmuthub-v1::Q70PR7_activity,venus-e2c390013035df74,Q70PR7,clan:CL0149,vespag,0.911291902952616,421,,,,,,0.0,0.2908,0.9548693586698336,1.456577641939845,1.048913797008697,0.0,0.0930106490219158,0.9069893509780842,mixed,activity,distilled-evolutionary-variant-effect-model,sequence,known,yes,,True,True,True,True,variantshift-external-development-pilot-v1::venusmuthub-v1::Q70PR7_activity::venus-e2c390013035df74,1.2756153890747115,0.36432348612209553,0.9260786860225982,0.9389676369129666,0.9198124862820394,0.9198124862820394,0.7247833624929952,0.9069893509780842,0.0739213139774017,0.0610323630870334,0.0801875137179606,0.0801875137179606,0.2752166375070047,0.0930106490219158,0.0,0.0,0.0,0.0,0.0,0.0,3.210918198112579,3.005105795455412,2.7188415111816515,3.3452399656632417,1.4754574847896569,1.456577641939845,1.2751100481474855,1.2625879446347068,1.1374928849082038,1.2733071805982834,1.2474887796582437,1.048913797008697,activity
variantshift-external-development-pilot-v1,venusmuthub-v1,venusmuthub-v1,Q86XE5_kcat,venusmuthub-v1::Q86XE5_kcat,venus-bff43a6e4a79b5f8,Q86XE5,clan:CL0036,vespag,0.4211059142281931,327,,,,,,0.0,0.4917,0.8685015290519877,1.6647393186167632,1.163367647210099,0.0,0.0907505161501562,0.9092494838498436,mixed,activity,distilled-evolutionary-variant-effect-model,sequence,known,yes,,True,True,False,True,variantshift-external-development-pilot-v1::venusmuthub-v1::Q86XE5_kcat::venus-bff43a6e4a79b5f8,0.4211059142281931,0.0,0.861335317024857,0.9092494838498436,0.9002171170729236,0.9193776261739852,0.829695734008929,0.9092494838498436,0.138664682975143,0.0907505161501562,0.0997828829270763,0.0806223738260146,0.1703042659910709,0.0907505161501562,0.0,0.0,0.0,0.0,0.0,0.0,5.044556844253465,3.3957167239737003,2.8285429351984206,3.929192009157395,2.3081642514375855,1.6647393186167632,1.8070237185195763,1.2789982790655023,1.306368033575932,1.332677907753266,1.3345742506641258,1.163367647210099,activity
variantshift-external-development-pilot-v1,venusmuthub-v1,venusmuthub-v1,Q8KLM3_activity,venusmuthub-v1::Q8KLM3_activity,venus-07739b7c44051d98,Q8KLM3,clan:CL0023,vespag,0.3492286657378978,270,,,,,,0.0,0.3365,0.7518518518518519,1.321028321107513,1.225066166179533,0.0,0.2323910114293934,0.7676089885706066,mixed,activity,distilled-evolutionary-variant-effect-model,sequence,known,yes,,True,True,False,True,variantshift-external-development-pilot-v1::venusmuthub-v1::Q8KLM3_activity::venus-07739b7c44051d98,0.3492286657378978,0.0,0.9309323545507548,0.9241132687107696,0.9241132687107696,0.9043909668103772,0.8724787215826402,0.7676089885706066,0.0690676454492451,0.0758867312892304,0.0758867312892304,0.0956090331896228,0.1275212784173598,0.2323910114293934,0.0,0.0,0.0,0.0,0.0,0.0,2.3491384419477273,2.561062678851647,2.1636119344433284,2.637749758022745,1.9859832972951703,1.321028321107513,1.1356683593106105,1.1335670700750269,1.1603925349900208,1.1377455901310245,1.2003255245604043,1.225066166179533,activity
variantshift-external-development-pilot-v1,venusmuthub-v1,venusmuthub-v1,Q8LPL7_activity,venusmuthub-v1::Q8LPL7_activity,venus-a60540654b3cbbf9,Q8LPL7,clan:CL0036,vespag,0.7811784207056746,355,,,,,,0.0,0.4267,0.9492957746478872,1.7671441322981014,1.1198687914056444,0.0,0.0748987400464324,0.9251012599535676,mixed,activity,distilled-evolutionary-variant-effect-model,sequence,known,yes,,True,True,False,True,variantshift-external-development-pilot-v1::venusmuthub-v1::Q8LPL7_activity::venus-a60540654b3cbbf9,1.8615315557241607,1.0803531350184863,0.9395773782080754,0.9251012599535676,0.8678611625817958,0.9391490540784296,0.7215823052512012,0.9251012599535676,0.0604226217919245,0.0748987400464324,0.1321388374182042,0.0608509459215704,0.2784176947487988,0.0748987400464324,0.0,0.0,0.0,0.0,0.0,0.0,3.919758820684208,3.671915888019791,2.8654511878021283,4.345919422449696,1.7846616115523126,1.7671441322981014,1.3272323466780227,1.1860251439437088,1.1369370172493432,1.4527698875272854,1.229167427515091,1.1198687914056444,activity
