panel_id,target_id,model_id,training_cutoff,exposure_category,exposure_reason
mavedb-complement-v1,mavedb-287332153da38b59,esm1v_ensemble,2020-03,undocumented,training data exposure is not documented
mavedb-complement-v1,mavedb-32f5d032de97ea22,esm1v_ensemble,2020-03,undocumented,training data exposure is not documented
mavedb-complement-v1,mavedb-93100c3b9be6e587,esm1v_ensemble,2020-03,undocumented,training data exposure is not documented
mavedb-complement-v1,mavedb-a5ca23fa1e625d66,esm1v_ensemble,2020-03,undocumented,training data exposure is not documented
mavedb-complement-v1,mavedb-a5cec053cd1989b7,esm1v_ensemble,2020-03,possible,exact sequence occurs in the development benchmark
mavedb-complement-v1,mavedb-aebeb991234cd8a3,esm1v_ensemble,2020-03,undocumented,training data exposure is not documented
mavedb-complement-v1,mavedb-c6dd0092b775896c,esm1v_ensemble,2020-03,undocumented,training data exposure is not documented
mavedb-complement-v1,mavedb-e3ca60f18e3b6e98,esm1v_ensemble,2020-03,possible,exact sequence occurs in the development benchmark
venusmuthub-v1,venus-00073064a60d4804,esm1v_ensemble,2020-03,undocumented,training data exposure is not documented
venusmuthub-v1,venus-06f736fe976e45ee,esm1v_ensemble,2020-03,undocumented,training data exposure is not documented
venusmuthub-v1,venus-07739b7c44051d98,esm1v_ensemble,2020-03,undocumented,training data exposure is not documented
venusmuthub-v1,venus-0ed16c1325aea2c9,esm1v_ensemble,2020-03,undocumented,training data exposure is not documented
venusmuthub-v1,venus-12c59fe9dab495ee,esm1v_ensemble,2020-03,undocumented,training data exposure is not documented
venusmuthub-v1,venus-1972eefa4a6ef629,esm1v_ensemble,2020-03,undocumented,training data exposure is not documented
venusmuthub-v1,venus-1a8ae9058bbabf14,esm1v_ensemble,2020-03,undocumented,training data exposure is not documented
venusmuthub-v1,venus-1b3d6bf42e0e7f84,esm1v_ensemble,2020-03,undocumented,training data exposure is not documented
venusmuthub-v1,venus-1e4cf4ecbd674386,esm1v_ensemble,2020-03,undocumented,training data exposure is not documented
venusmuthub-v1,venus-220a25f64746e26e,esm1v_ensemble,2020-03,undocumented,training data exposure is not documented
venusmuthub-v1,venus-221bc429762aec74,esm1v_ensemble,2020-03,undocumented,training data exposure is not documented
venusmuthub-v1,venus-23d9ea0d22f6126b,esm1v_ensemble,2020-03,undocumented,training data exposure is not documented
venusmuthub-v1,venus-24f4e5b8d325ad4b,esm1v_ensemble,2020-03,undocumented,training data exposure is not documented
venusmuthub-v1,venus-26da37179e20d7ed,esm1v_ensemble,2020-03,undocumented,training data exposure is not documented
venusmuthub-v1,venus-2b9577dc9c561b21,esm1v_ensemble,2020-03,undocumented,training data exposure is not documented
venusmuthub-v1,venus-2ebb2bc9d643c1fb,esm1v_ensemble,2020-03,undocumented,training data exposure is not documented
venusmuthub-v1,venus-320f26d1be8a0cb0,esm1v_ensemble,2020-03,undocumented,training data exposure is not documented
venusmuthub-v1,venus-3876c90807a78d74,esm1v_ensemble,2020-03,undocumented,training data exposure is not documented
venusmuthub-v1,venus-396cc9af2c1e8c61,esm1v_ensemble,2020-03,undocumented,training data exposure is not documented
venusmuthub-v1,venus-39a9db03eeb2ed00,esm1v_ensemble,2020-03,undocumented,training data exposure is not documented
venusmuthub-v1,venus-409980eb48704393,esm1v_ensemble,2020-03,undocumented,training data exposure is not documented
venusmuthub-v1,venus-422f5a848c7a8657,esm1v_ensemble,2020-03,undocumented,training data exposure is not documented
venusmuthub-v1,venus-454b0fb8de143bcd,esm1v_ensemble,2020-03,undocumented,training data exposure is not documented
venusmuthub-v1,venus-4701fdeb4ac57086,esm1v_ensemble,2020-03,undocumented,training data exposure is not documented
venusmuthub-v1,venus-4bcbc7d4640f3c6b,esm1v_ensemble,2020-03,undocumented,training data exposure is not documented
venusmuthub-v1,venus-4d282f160e018c4f,esm1v_ensemble,2020-03,undocumented,training data exposure is not documented
venusmuthub-v1,venus-50eca14579e1a453,esm1v_ensemble,2020-03,undocumented,training data exposure is not documented
venusmuthub-v1,venus-581332e2a42b24c1,esm1v_ensemble,2020-03,undocumented,training data exposure is not documented
venusmuthub-v1,venus-63545238edf5954f,esm1v_ensemble,2020-03,undocumented,training data exposure is not documented
venusmuthub-v1,venus-6468ef80b473ecc5,esm1v_ensemble,2020-03,undocumented,training data exposure is not documented
venusmuthub-v1,venus-64be3ba2a292eb0f,esm1v_ensemble,2020-03,undocumented,training data exposure is not documented
venusmuthub-v1,venus-69d5ae4457f6205e,esm1v_ensemble,2020-03,undocumented,training data exposure is not documented
venusmuthub-v1,venus-6df418116e5febc9,esm1v_ensemble,2020-03,undocumented,training data exposure is not documented
venusmuthub-v1,venus-71acb42055dde189,esm1v_ensemble,2020-03,undocumented,training data exposure is not documented
venusmuthub-v1,venus-71ec9b1cef7a8594,esm1v_ensemble,2020-03,undocumented,training data exposure is not documented
venusmuthub-v1,venus-751367a60fd75330,esm1v_ensemble,2020-03,undocumented,training data exposure is not documented
venusmuthub-v1,venus-7bf6ce2de8172342,esm1v_ensemble,2020-03,undocumented,training data exposure is not documented
venusmuthub-v1,venus-7e0f1f31cc7ee851,esm1v_ensemble,2020-03,undocumented,training data exposure is not documented
venusmuthub-v1,venus-7f1786770ae32614,esm1v_ensemble,2020-03,undocumented,training data exposure is not documented
venusmuthub-v1,venus-8372a9e4bb1e26bb,esm1v_ensemble,2020-03,undocumented,training data exposure is not documented
venusmuthub-v1,venus-83a26c7e9a3b44b0,esm1v_ensemble,2020-03,undocumented,training data exposure is not documented
venusmuthub-v1,venus-85368d807d9e50cd,esm1v_ensemble,2020-03,undocumented,training data exposure is not documented
venusmuthub-v1,venus-8c2fbdb86968fbff,esm1v_ensemble,2020-03,undocumented,training data exposure is not documented
venusmuthub-v1,venus-8c837ded111ff685,esm1v_ensemble,2020-03,undocumented,training data exposure is not documented
venusmuthub-v1,venus-90e011f583a7e645,esm1v_ensemble,2020-03,undocumented,training data exposure is not documented
venusmuthub-v1,venus-9357562029b4557a,esm1v_ensemble,2020-03,undocumented,training data exposure is not documented
venusmuthub-v1,venus-9d99364a94571d80,esm1v_ensemble,2020-03,undocumented,training data exposure is not documented
venusmuthub-v1,venus-a60540654b3cbbf9,esm1v_ensemble,2020-03,undocumented,training data exposure is not documented
venusmuthub-v1,venus-aae92adf06e389cd,esm1v_ensemble,2020-03,undocumented,training data exposure is not documented
venusmuthub-v1,venus-ad4f94972c4850d0,esm1v_ensemble,2020-03,undocumented,training data exposure is not documented
venusmuthub-v1,venus-b09ae7265d5add56,esm1v_ensemble,2020-03,undocumented,training data exposure is not documented
venusmuthub-v1,venus-b14a3532d287755b,esm1v_ensemble,2020-03,undocumented,training data exposure is not documented
venusmuthub-v1,venus-b1ee988208ad234a,esm1v_ensemble,2020-03,undocumented,training data exposure is not documented
venusmuthub-v1,venus-b2c012e22fa464aa,esm1v_ensemble,2020-03,undocumented,training data exposure is not documented
venusmuthub-v1,venus-b41bf48f310c59c1,esm1v_ensemble,2020-03,undocumented,training data exposure is not documented
venusmuthub-v1,venus-b6f228338d425ee2,esm1v_ensemble,2020-03,undocumented,training data exposure is not documented
venusmuthub-v1,venus-b967cccca11973b6,esm1v_ensemble,2020-03,undocumented,training data exposure is not documented
venusmuthub-v1,venus-ba70e13e9f086bea,esm1v_ensemble,2020-03,undocumented,training data exposure is not documented
venusmuthub-v1,venus-ba768a97843a2ef2,esm1v_ensemble,2020-03,undocumented,training data exposure is not documented
venusmuthub-v1,venus-bce692cd15f4091a,esm1v_ensemble,2020-03,undocumented,training data exposure is not documented
venusmuthub-v1,venus-befc2489e9745489,esm1v_ensemble,2020-03,undocumented,training data exposure is not documented
venusmuthub-v1,venus-bff43a6e4a79b5f8,esm1v_ensemble,2020-03,undocumented,training data exposure is not documented
venusmuthub-v1,venus-c0ca168b53919943,esm1v_ensemble,2020-03,undocumented,training data exposure is not documented
venusmuthub-v1,venus-c3600923ab93ac4e,esm1v_ensemble,2020-03,undocumented,training data exposure is not documented
venusmuthub-v1,venus-c71bd410457488cf,esm1v_ensemble,2020-03,undocumented,training data exposure is not documented
venusmuthub-v1,venus-c7eb0ffd0c784af8,esm1v_ensemble,2020-03,undocumented,training data exposure is not documented
venusmuthub-v1,venus-cbc03f40f9753339,esm1v_ensemble,2020-03,undocumented,training data exposure is not documented
venusmuthub-v1,venus-cf2e570131b80556,esm1v_ensemble,2020-03,undocumented,training data exposure is not documented
venusmuthub-v1,venus-d0585182abfe2660,esm1v_ensemble,2020-03,undocumented,training data exposure is not documented
venusmuthub-v1,venus-d187d570e2dc4402,esm1v_ensemble,2020-03,undocumented,training data exposure is not documented
venusmuthub-v1,venus-d5b579600238875d,esm1v_ensemble,2020-03,undocumented,training data exposure is not documented
venusmuthub-v1,venus-d7597d795a65b040,esm1v_ensemble,2020-03,undocumented,training data exposure is not documented
venusmuthub-v1,venus-d98b2269ed529294,esm1v_ensemble,2020-03,undocumented,training data exposure is not documented
venusmuthub-v1,venus-db6f99c2f0c1c621,esm1v_ensemble,2020-03,undocumented,training data exposure is not documented
venusmuthub-v1,venus-db874159a334ddcf,esm1v_ensemble,2020-03,undocumented,training data exposure is not documented
venusmuthub-v1,venus-de4763156d0659c0,esm1v_ensemble,2020-03,undocumented,training data exposure is not documented
venusmuthub-v1,venus-e106cf9431361c23,esm1v_ensemble,2020-03,undocumented,training data exposure is not documented
venusmuthub-v1,venus-e2c390013035df74,esm1v_ensemble,2020-03,undocumented,training data exposure is not documented
venusmuthub-v1,venus-e534b07a29d6ecf2,esm1v_ensemble,2020-03,undocumented,training data exposure is not documented
venusmuthub-v1,venus-e67b2509cf424b88,esm1v_ensemble,2020-03,undocumented,training data exposure is not documented
venusmuthub-v1,venus-e882ec45e80e2ece,esm1v_ensemble,2020-03,undocumented,training data exposure is not documented
venusmuthub-v1,venus-ee4abb868ebd5357,esm1v_ensemble,2020-03,undocumented,training data exposure is not documented
venusmuthub-v1,venus-f215fc047b4ec592,esm1v_ensemble,2020-03,undocumented,training data exposure is not documented
venusmuthub-v1,venus-f2eeeee6f8bc57e6,esm1v_ensemble,2020-03,undocumented,training data exposure is not documented
venusmuthub-v1,venus-f4124bbcd051f818,esm1v_ensemble,2020-03,undocumented,training data exposure is not documented
venusmuthub-v1,venus-f68755df0ab4af4d,esm1v_ensemble,2020-03,undocumented,training data exposure is not documented
venusmuthub-v1,venus-f6ad6a376a4ccae7,esm1v_ensemble,2020-03,undocumented,training data exposure is not documented
venusmuthub-v1,venus-f9eaa71209b5568e,esm1v_ensemble,2020-03,undocumented,training data exposure is not documented
venusmuthub-v1,venus-fb1d8ed35888b3e5,esm1v_ensemble,2020-03,undocumented,training data exposure is not documented
venusmuthub-v1,venus-fb40294d4c662251,esm1v_ensemble,2020-03,undocumented,training data exposure is not documented
venusmuthub-v1,venus-fdef8e3435880467,esm1v_ensemble,2020-03,undocumented,training data exposure is not documented
mavedb-complement-v1,mavedb-287332153da38b59,esm2_650m,2021-03,undocumented,training data exposure is not documented
mavedb-complement-v1,mavedb-32f5d032de97ea22,esm2_650m,2021-03,undocumented,training data exposure is not documented
mavedb-complement-v1,mavedb-93100c3b9be6e587,esm2_650m,2021-03,undocumented,training data exposure is not documented
mavedb-complement-v1,mavedb-a5ca23fa1e625d66,esm2_650m,2021-03,undocumented,training data exposure is not documented
mavedb-complement-v1,mavedb-a5cec053cd1989b7,esm2_650m,2021-03,possible,exact sequence occurs in the development benchmark
mavedb-complement-v1,mavedb-aebeb991234cd8a3,esm2_650m,2021-03,undocumented,training data exposure is not documented
mavedb-complement-v1,mavedb-c6dd0092b775896c,esm2_650m,2021-03,undocumented,training data exposure is not documented
mavedb-complement-v1,mavedb-e3ca60f18e3b6e98,esm2_650m,2021-03,possible,exact sequence occurs in the development benchmark
venusmuthub-v1,venus-00073064a60d4804,esm2_650m,2021-03,undocumented,training data exposure is not documented
venusmuthub-v1,venus-06f736fe976e45ee,esm2_650m,2021-03,undocumented,training data exposure is not documented
venusmuthub-v1,venus-07739b7c44051d98,esm2_650m,2021-03,undocumented,training data exposure is not documented
venusmuthub-v1,venus-0ed16c1325aea2c9,esm2_650m,2021-03,undocumented,training data exposure is not documented
venusmuthub-v1,venus-12c59fe9dab495ee,esm2_650m,2021-03,undocumented,training data exposure is not documented
venusmuthub-v1,venus-1972eefa4a6ef629,esm2_650m,2021-03,undocumented,training data exposure is not documented
venusmuthub-v1,venus-1a8ae9058bbabf14,esm2_650m,2021-03,undocumented,training data exposure is not documented
venusmuthub-v1,venus-1b3d6bf42e0e7f84,esm2_650m,2021-03,undocumented,training data exposure is not documented
venusmuthub-v1,venus-1e4cf4ecbd674386,esm2_650m,2021-03,undocumented,training data exposure is not documented
venusmuthub-v1,venus-220a25f64746e26e,esm2_650m,2021-03,undocumented,training data exposure is not documented
venusmuthub-v1,venus-221bc429762aec74,esm2_650m,2021-03,undocumented,training data exposure is not documented
venusmuthub-v1,venus-23d9ea0d22f6126b,esm2_650m,2021-03,undocumented,training data exposure is not documented
venusmuthub-v1,venus-24f4e5b8d325ad4b,esm2_650m,2021-03,undocumented,training data exposure is not documented
venusmuthub-v1,venus-26da37179e20d7ed,esm2_650m,2021-03,undocumented,training data exposure is not documented
venusmuthub-v1,venus-2b9577dc9c561b21,esm2_650m,2021-03,undocumented,training data exposure is not documented
venusmuthub-v1,venus-2ebb2bc9d643c1fb,esm2_650m,2021-03,undocumented,training data exposure is not documented
venusmuthub-v1,venus-320f26d1be8a0cb0,esm2_650m,2021-03,undocumented,training data exposure is not documented
venusmuthub-v1,venus-3876c90807a78d74,esm2_650m,2021-03,undocumented,training data exposure is not documented
venusmuthub-v1,venus-396cc9af2c1e8c61,esm2_650m,2021-03,undocumented,training data exposure is not documented
venusmuthub-v1,venus-39a9db03eeb2ed00,esm2_650m,2021-03,undocumented,training data exposure is not documented
venusmuthub-v1,venus-409980eb48704393,esm2_650m,2021-03,undocumented,training data exposure is not documented
venusmuthub-v1,venus-422f5a848c7a8657,esm2_650m,2021-03,undocumented,training data exposure is not documented
venusmuthub-v1,venus-454b0fb8de143bcd,esm2_650m,2021-03,undocumented,training data exposure is not documented
venusmuthub-v1,venus-4701fdeb4ac57086,esm2_650m,2021-03,undocumented,training data exposure is not documented
venusmuthub-v1,venus-4bcbc7d4640f3c6b,esm2_650m,2021-03,undocumented,training data exposure is not documented
venusmuthub-v1,venus-4d282f160e018c4f,esm2_650m,2021-03,undocumented,training data exposure is not documented
venusmuthub-v1,venus-50eca14579e1a453,esm2_650m,2021-03,undocumented,training data exposure is not documented
venusmuthub-v1,venus-581332e2a42b24c1,esm2_650m,2021-03,undocumented,training data exposure is not documented
venusmuthub-v1,venus-63545238edf5954f,esm2_650m,2021-03,undocumented,training data exposure is not documented
venusmuthub-v1,venus-6468ef80b473ecc5,esm2_650m,2021-03,undocumented,training data exposure is not documented
venusmuthub-v1,venus-64be3ba2a292eb0f,esm2_650m,2021-03,undocumented,training data exposure is not documented
venusmuthub-v1,venus-69d5ae4457f6205e,esm2_650m,2021-03,undocumented,training data exposure is not documented
venusmuthub-v1,venus-6df418116e5febc9,esm2_650m,2021-03,undocumented,training data exposure is not documented
venusmuthub-v1,venus-71acb42055dde189,esm2_650m,2021-03,undocumented,training data exposure is not documented
venusmuthub-v1,venus-71ec9b1cef7a8594,esm2_650m,2021-03,undocumented,training data exposure is not documented
venusmuthub-v1,venus-751367a60fd75330,esm2_650m,2021-03,undocumented,training data exposure is not documented
venusmuthub-v1,venus-7bf6ce2de8172342,esm2_650m,2021-03,undocumented,training data exposure is not documented
venusmuthub-v1,venus-7e0f1f31cc7ee851,esm2_650m,2021-03,undocumented,training data exposure is not documented
venusmuthub-v1,venus-7f1786770ae32614,esm2_650m,2021-03,undocumented,training data exposure is not documented
venusmuthub-v1,venus-8372a9e4bb1e26bb,esm2_650m,2021-03,undocumented,training data exposure is not documented
venusmuthub-v1,venus-83a26c7e9a3b44b0,esm2_650m,2021-03,undocumented,training data exposure is not documented
venusmuthub-v1,venus-85368d807d9e50cd,esm2_650m,2021-03,undocumented,training data exposure is not documented
venusmuthub-v1,venus-8c2fbdb86968fbff,esm2_650m,2021-03,undocumented,training data exposure is not documented
venusmuthub-v1,venus-8c837ded111ff685,esm2_650m,2021-03,undocumented,training data exposure is not documented
venusmuthub-v1,venus-90e011f583a7e645,esm2_650m,2021-03,undocumented,training data exposure is not documented
venusmuthub-v1,venus-9357562029b4557a,esm2_650m,2021-03,undocumented,training data exposure is not documented
venusmuthub-v1,venus-9d99364a94571d80,esm2_650m,2021-03,undocumented,training data exposure is not documented
venusmuthub-v1,venus-a60540654b3cbbf9,esm2_650m,2021-03,undocumented,training data exposure is not documented
venusmuthub-v1,venus-aae92adf06e389cd,esm2_650m,2021-03,undocumented,training data exposure is not documented
venusmuthub-v1,venus-ad4f94972c4850d0,esm2_650m,2021-03,undocumented,training data exposure is not documented
venusmuthub-v1,venus-b09ae7265d5add56,esm2_650m,2021-03,undocumented,training data exposure is not documented
venusmuthub-v1,venus-b14a3532d287755b,esm2_650m,2021-03,undocumented,training data exposure is not documented
venusmuthub-v1,venus-b1ee988208ad234a,esm2_650m,2021-03,undocumented,training data exposure is not documented
venusmuthub-v1,venus-b2c012e22fa464aa,esm2_650m,2021-03,undocumented,training data exposure is not documented
venusmuthub-v1,venus-b41bf48f310c59c1,esm2_650m,2021-03,undocumented,training data exposure is not documented
venusmuthub-v1,venus-b6f228338d425ee2,esm2_650m,2021-03,undocumented,training data exposure is not documented
venusmuthub-v1,venus-b967cccca11973b6,esm2_650m,2021-03,undocumented,training data exposure is not documented
venusmuthub-v1,venus-ba70e13e9f086bea,esm2_650m,2021-03,undocumented,training data exposure is not documented
venusmuthub-v1,venus-ba768a97843a2ef2,esm2_650m,2021-03,undocumented,training data exposure is not documented
venusmuthub-v1,venus-bce692cd15f4091a,esm2_650m,2021-03,undocumented,training data exposure is not documented
venusmuthub-v1,venus-befc2489e9745489,esm2_650m,2021-03,undocumented,training data exposure is not documented
venusmuthub-v1,venus-bff43a6e4a79b5f8,esm2_650m,2021-03,undocumented,training data exposure is not documented
venusmuthub-v1,venus-c0ca168b53919943,esm2_650m,2021-03,undocumented,training data exposure is not documented
venusmuthub-v1,venus-c3600923ab93ac4e,esm2_650m,2021-03,undocumented,training data exposure is not documented
venusmuthub-v1,venus-c71bd410457488cf,esm2_650m,2021-03,undocumented,training data exposure is not documented
venusmuthub-v1,venus-c7eb0ffd0c784af8,esm2_650m,2021-03,undocumented,training data exposure is not documented
venusmuthub-v1,venus-cbc03f40f9753339,esm2_650m,2021-03,undocumented,training data exposure is not documented
venusmuthub-v1,venus-cf2e570131b80556,esm2_650m,2021-03,undocumented,training data exposure is not documented
venusmuthub-v1,venus-d0585182abfe2660,esm2_650m,2021-03,undocumented,training data exposure is not documented
venusmuthub-v1,venus-d187d570e2dc4402,esm2_650m,2021-03,undocumented,training data exposure is not documented
venusmuthub-v1,venus-d5b579600238875d,esm2_650m,2021-03,undocumented,training data exposure is not documented
venusmuthub-v1,venus-d7597d795a65b040,esm2_650m,2021-03,undocumented,training data exposure is not documented
venusmuthub-v1,venus-d98b2269ed529294,esm2_650m,2021-03,undocumented,training data exposure is not documented
venusmuthub-v1,venus-db6f99c2f0c1c621,esm2_650m,2021-03,undocumented,training data exposure is not documented
venusmuthub-v1,venus-db874159a334ddcf,esm2_650m,2021-03,undocumented,training data exposure is not documented
venusmuthub-v1,venus-de4763156d0659c0,esm2_650m,2021-03,undocumented,training data exposure is not documented
venusmuthub-v1,venus-e106cf9431361c23,esm2_650m,2021-03,undocumented,training data exposure is not documented
venusmuthub-v1,venus-e2c390013035df74,esm2_650m,2021-03,undocumented,training data exposure is not documented
venusmuthub-v1,venus-e534b07a29d6ecf2,esm2_650m,2021-03,undocumented,training data exposure is not documented
venusmuthub-v1,venus-e67b2509cf424b88,esm2_650m,2021-03,undocumented,training data exposure is not documented
venusmuthub-v1,venus-e882ec45e80e2ece,esm2_650m,2021-03,undocumented,training data exposure is not documented
venusmuthub-v1,venus-ee4abb868ebd5357,esm2_650m,2021-03,undocumented,training data exposure is not documented
venusmuthub-v1,venus-f215fc047b4ec592,esm2_650m,2021-03,undocumented,training data exposure is not documented
venusmuthub-v1,venus-f2eeeee6f8bc57e6,esm2_650m,2021-03,undocumented,training data exposure is not documented
venusmuthub-v1,venus-f4124bbcd051f818,esm2_650m,2021-03,undocumented,training data exposure is not documented
venusmuthub-v1,venus-f68755df0ab4af4d,esm2_650m,2021-03,undocumented,training data exposure is not documented
venusmuthub-v1,venus-f6ad6a376a4ccae7,esm2_650m,2021-03,undocumented,training data exposure is not documented
venusmuthub-v1,venus-f9eaa71209b5568e,esm2_650m,2021-03,undocumented,training data exposure is not documented
venusmuthub-v1,venus-fb1d8ed35888b3e5,esm2_650m,2021-03,undocumented,training data exposure is not documented
venusmuthub-v1,venus-fb40294d4c662251,esm2_650m,2021-03,undocumented,training data exposure is not documented
venusmuthub-v1,venus-fdef8e3435880467,esm2_650m,2021-03,undocumented,training data exposure is not documented
mavedb-complement-v1,mavedb-287332153da38b59,esmc_600m,undocumented,undocumented,training data exposure is not documented
mavedb-complement-v1,mavedb-32f5d032de97ea22,esmc_600m,undocumented,undocumented,training data exposure is not documented
mavedb-complement-v1,mavedb-93100c3b9be6e587,esmc_600m,undocumented,undocumented,training data exposure is not documented
mavedb-complement-v1,mavedb-a5ca23fa1e625d66,esmc_600m,undocumented,undocumented,training data exposure is not documented
mavedb-complement-v1,mavedb-a5cec053cd1989b7,esmc_600m,undocumented,possible,exact sequence occurs in the development benchmark
mavedb-complement-v1,mavedb-aebeb991234cd8a3,esmc_600m,undocumented,undocumented,training data exposure is not documented
mavedb-complement-v1,mavedb-c6dd0092b775896c,esmc_600m,undocumented,undocumented,training data exposure is not documented
mavedb-complement-v1,mavedb-e3ca60f18e3b6e98,esmc_600m,undocumented,possible,exact sequence occurs in the development benchmark
venusmuthub-v1,venus-00073064a60d4804,esmc_600m,undocumented,undocumented,training data exposure is not documented
venusmuthub-v1,venus-06f736fe976e45ee,esmc_600m,undocumented,undocumented,training data exposure is not documented
venusmuthub-v1,venus-07739b7c44051d98,esmc_600m,undocumented,undocumented,training data exposure is not documented
venusmuthub-v1,venus-0ed16c1325aea2c9,esmc_600m,undocumented,undocumented,training data exposure is not documented
venusmuthub-v1,venus-12c59fe9dab495ee,esmc_600m,undocumented,undocumented,training data exposure is not documented
venusmuthub-v1,venus-1972eefa4a6ef629,esmc_600m,undocumented,undocumented,training data exposure is not documented
venusmuthub-v1,venus-1a8ae9058bbabf14,esmc_600m,undocumented,undocumented,training data exposure is not documented
venusmuthub-v1,venus-1b3d6bf42e0e7f84,esmc_600m,undocumented,undocumented,training data exposure is not documented
venusmuthub-v1,venus-1e4cf4ecbd674386,esmc_600m,undocumented,undocumented,training data exposure is not documented
venusmuthub-v1,venus-220a25f64746e26e,esmc_600m,undocumented,undocumented,training data exposure is not documented
venusmuthub-v1,venus-221bc429762aec74,esmc_600m,undocumented,undocumented,training data exposure is not documented
venusmuthub-v1,venus-23d9ea0d22f6126b,esmc_600m,undocumented,undocumented,training data exposure is not documented
venusmuthub-v1,venus-24f4e5b8d325ad4b,esmc_600m,undocumented,undocumented,training data exposure is not documented
venusmuthub-v1,venus-26da37179e20d7ed,esmc_600m,undocumented,undocumented,training data exposure is not documented
venusmuthub-v1,venus-2b9577dc9c561b21,esmc_600m,undocumented,undocumented,training data exposure is not documented
venusmuthub-v1,venus-2ebb2bc9d643c1fb,esmc_600m,undocumented,undocumented,training data exposure is not documented
venusmuthub-v1,venus-320f26d1be8a0cb0,esmc_600m,undocumented,undocumented,training data exposure is not documented
venusmuthub-v1,venus-3876c90807a78d74,esmc_600m,undocumented,undocumented,training data exposure is not documented
venusmuthub-v1,venus-396cc9af2c1e8c61,esmc_600m,undocumented,undocumented,training data exposure is not documented
venusmuthub-v1,venus-39a9db03eeb2ed00,esmc_600m,undocumented,undocumented,training data exposure is not documented
venusmuthub-v1,venus-409980eb48704393,esmc_600m,undocumented,undocumented,training data exposure is not documented
venusmuthub-v1,venus-422f5a848c7a8657,esmc_600m,undocumented,undocumented,training data exposure is not documented
venusmuthub-v1,venus-454b0fb8de143bcd,esmc_600m,undocumented,undocumented,training data exposure is not documented
venusmuthub-v1,venus-4701fdeb4ac57086,esmc_600m,undocumented,undocumented,training data exposure is not documented
venusmuthub-v1,venus-4bcbc7d4640f3c6b,esmc_600m,undocumented,undocumented,training data exposure is not documented
venusmuthub-v1,venus-4d282f160e018c4f,esmc_600m,undocumented,undocumented,training data exposure is not documented
venusmuthub-v1,venus-50eca14579e1a453,esmc_600m,undocumented,undocumented,training data exposure is not documented
venusmuthub-v1,venus-581332e2a42b24c1,esmc_600m,undocumented,undocumented,training data exposure is not documented
venusmuthub-v1,venus-63545238edf5954f,esmc_600m,undocumented,undocumented,training data exposure is not documented
venusmuthub-v1,venus-6468ef80b473ecc5,esmc_600m,undocumented,undocumented,training data exposure is not documented
venusmuthub-v1,venus-64be3ba2a292eb0f,esmc_600m,undocumented,undocumented,training data exposure is not documented
venusmuthub-v1,venus-69d5ae4457f6205e,esmc_600m,undocumented,undocumented,training data exposure is not documented
venusmuthub-v1,venus-6df418116e5febc9,esmc_600m,undocumented,undocumented,training data exposure is not documented
venusmuthub-v1,venus-71acb42055dde189,esmc_600m,undocumented,undocumented,training data exposure is not documented
venusmuthub-v1,venus-71ec9b1cef7a8594,esmc_600m,undocumented,undocumented,training data exposure is not documented
venusmuthub-v1,venus-751367a60fd75330,esmc_600m,undocumented,undocumented,training data exposure is not documented
venusmuthub-v1,venus-7bf6ce2de8172342,esmc_600m,undocumented,undocumented,training data exposure is not documented
venusmuthub-v1,venus-7e0f1f31cc7ee851,esmc_600m,undocumented,undocumented,training data exposure is not documented
venusmuthub-v1,venus-7f1786770ae32614,esmc_600m,undocumented,undocumented,training data exposure is not documented
venusmuthub-v1,venus-8372a9e4bb1e26bb,esmc_600m,undocumented,undocumented,training data exposure is not documented
venusmuthub-v1,venus-83a26c7e9a3b44b0,esmc_600m,undocumented,undocumented,training data exposure is not documented
venusmuthub-v1,venus-85368d807d9e50cd,esmc_600m,undocumented,undocumented,training data exposure is not documented
venusmuthub-v1,venus-8c2fbdb86968fbff,esmc_600m,undocumented,undocumented,training data exposure is not documented
venusmuthub-v1,venus-8c837ded111ff685,esmc_600m,undocumented,undocumented,training data exposure is not documented
venusmuthub-v1,venus-90e011f583a7e645,esmc_600m,undocumented,undocumented,training data exposure is not documented
venusmuthub-v1,venus-9357562029b4557a,esmc_600m,undocumented,undocumented,training data exposure is not documented
venusmuthub-v1,venus-9d99364a94571d80,esmc_600m,undocumented,undocumented,training data exposure is not documented
venusmuthub-v1,venus-a60540654b3cbbf9,esmc_600m,undocumented,undocumented,training data exposure is not documented
venusmuthub-v1,venus-aae92adf06e389cd,esmc_600m,undocumented,undocumented,training data exposure is not documented
venusmuthub-v1,venus-ad4f94972c4850d0,esmc_600m,undocumented,undocumented,training data exposure is not documented
venusmuthub-v1,venus-b09ae7265d5add56,esmc_600m,undocumented,undocumented,training data exposure is not documented
venusmuthub-v1,venus-b14a3532d287755b,esmc_600m,undocumented,undocumented,training data exposure is not documented
venusmuthub-v1,venus-b1ee988208ad234a,esmc_600m,undocumented,undocumented,training data exposure is not documented
venusmuthub-v1,venus-b2c012e22fa464aa,esmc_600m,undocumented,undocumented,training data exposure is not documented
venusmuthub-v1,venus-b41bf48f310c59c1,esmc_600m,undocumented,undocumented,training data exposure is not documented
venusmuthub-v1,venus-b6f228338d425ee2,esmc_600m,undocumented,undocumented,training data exposure is not documented
venusmuthub-v1,venus-b967cccca11973b6,esmc_600m,undocumented,undocumented,training data exposure is not documented
venusmuthub-v1,venus-ba70e13e9f086bea,esmc_600m,undocumented,undocumented,training data exposure is not documented
venusmuthub-v1,venus-ba768a97843a2ef2,esmc_600m,undocumented,undocumented,training data exposure is not documented
venusmuthub-v1,venus-bce692cd15f4091a,esmc_600m,undocumented,undocumented,training data exposure is not documented
venusmuthub-v1,venus-befc2489e9745489,esmc_600m,undocumented,undocumented,training data exposure is not documented
venusmuthub-v1,venus-bff43a6e4a79b5f8,esmc_600m,undocumented,undocumented,training data exposure is not documented
venusmuthub-v1,venus-c0ca168b53919943,esmc_600m,undocumented,undocumented,training data exposure is not documented
venusmuthub-v1,venus-c3600923ab93ac4e,esmc_600m,undocumented,undocumented,training data exposure is not documented
venusmuthub-v1,venus-c71bd410457488cf,esmc_600m,undocumented,undocumented,training data exposure is not documented
venusmuthub-v1,venus-c7eb0ffd0c784af8,esmc_600m,undocumented,undocumented,training data exposure is not documented
venusmuthub-v1,venus-cbc03f40f9753339,esmc_600m,undocumented,undocumented,training data exposure is not documented
venusmuthub-v1,venus-cf2e570131b80556,esmc_600m,undocumented,undocumented,training data exposure is not documented
venusmuthub-v1,venus-d0585182abfe2660,esmc_600m,undocumented,undocumented,training data exposure is not documented
venusmuthub-v1,venus-d187d570e2dc4402,esmc_600m,undocumented,undocumented,training data exposure is not documented
venusmuthub-v1,venus-d5b579600238875d,esmc_600m,undocumented,undocumented,training data exposure is not documented
venusmuthub-v1,venus-d7597d795a65b040,esmc_600m,undocumented,undocumented,training data exposure is not documented
venusmuthub-v1,venus-d98b2269ed529294,esmc_600m,undocumented,undocumented,training data exposure is not documented
venusmuthub-v1,venus-db6f99c2f0c1c621,esmc_600m,undocumented,undocumented,training data exposure is not documented
venusmuthub-v1,venus-db874159a334ddcf,esmc_600m,undocumented,undocumented,training data exposure is not documented
venusmuthub-v1,venus-de4763156d0659c0,esmc_600m,undocumented,undocumented,training data exposure is not documented
venusmuthub-v1,venus-e106cf9431361c23,esmc_600m,undocumented,undocumented,training data exposure is not documented
venusmuthub-v1,venus-e2c390013035df74,esmc_600m,undocumented,undocumented,training data exposure is not documented
venusmuthub-v1,venus-e534b07a29d6ecf2,esmc_600m,undocumented,undocumented,training data exposure is not documented
venusmuthub-v1,venus-e67b2509cf424b88,esmc_600m,undocumented,undocumented,training data exposure is not documented
venusmuthub-v1,venus-e882ec45e80e2ece,esmc_600m,undocumented,undocumented,training data exposure is not documented
venusmuthub-v1,venus-ee4abb868ebd5357,esmc_600m,undocumented,undocumented,training data exposure is not documented
venusmuthub-v1,venus-f215fc047b4ec592,esmc_600m,undocumented,undocumented,training data exposure is not documented
venusmuthub-v1,venus-f2eeeee6f8bc57e6,esmc_600m,undocumented,undocumented,training data exposure is not documented
venusmuthub-v1,venus-f4124bbcd051f818,esmc_600m,undocumented,undocumented,training data exposure is not documented
venusmuthub-v1,venus-f68755df0ab4af4d,esmc_600m,undocumented,undocumented,training data exposure is not documented
venusmuthub-v1,venus-f6ad6a376a4ccae7,esmc_600m,undocumented,undocumented,training data exposure is not documented
venusmuthub-v1,venus-f9eaa71209b5568e,esmc_600m,undocumented,undocumented,training data exposure is not documented
venusmuthub-v1,venus-fb1d8ed35888b3e5,esmc_600m,undocumented,undocumented,training data exposure is not documented
venusmuthub-v1,venus-fb40294d4c662251,esmc_600m,undocumented,undocumented,training data exposure is not documented
venusmuthub-v1,venus-fdef8e3435880467,esmc_600m,undocumented,undocumented,training data exposure is not documented
mavedb-complement-v1,mavedb-287332153da38b59,esm3_open,undocumented,undocumented,training data exposure is not documented
mavedb-complement-v1,mavedb-32f5d032de97ea22,esm3_open,undocumented,undocumented,training data exposure is not documented
mavedb-complement-v1,mavedb-93100c3b9be6e587,esm3_open,undocumented,undocumented,training data exposure is not documented
mavedb-complement-v1,mavedb-a5ca23fa1e625d66,esm3_open,undocumented,undocumented,training data exposure is not documented
mavedb-complement-v1,mavedb-a5cec053cd1989b7,esm3_open,undocumented,possible,exact sequence occurs in the development benchmark
mavedb-complement-v1,mavedb-aebeb991234cd8a3,esm3_open,undocumented,undocumented,training data exposure is not documented
mavedb-complement-v1,mavedb-c6dd0092b775896c,esm3_open,undocumented,undocumented,training data exposure is not documented
mavedb-complement-v1,mavedb-e3ca60f18e3b6e98,esm3_open,undocumented,possible,exact sequence occurs in the development benchmark
venusmuthub-v1,venus-00073064a60d4804,esm3_open,undocumented,undocumented,training data exposure is not documented
venusmuthub-v1,venus-06f736fe976e45ee,esm3_open,undocumented,undocumented,training data exposure is not documented
venusmuthub-v1,venus-07739b7c44051d98,esm3_open,undocumented,undocumented,training data exposure is not documented
venusmuthub-v1,venus-0ed16c1325aea2c9,esm3_open,undocumented,undocumented,training data exposure is not documented
venusmuthub-v1,venus-12c59fe9dab495ee,esm3_open,undocumented,undocumented,training data exposure is not documented
venusmuthub-v1,venus-1972eefa4a6ef629,esm3_open,undocumented,undocumented,training data exposure is not documented
venusmuthub-v1,venus-1a8ae9058bbabf14,esm3_open,undocumented,undocumented,training data exposure is not documented
venusmuthub-v1,venus-1b3d6bf42e0e7f84,esm3_open,undocumented,undocumented,training data exposure is not documented
venusmuthub-v1,venus-1e4cf4ecbd674386,esm3_open,undocumented,undocumented,training data exposure is not documented
venusmuthub-v1,venus-220a25f64746e26e,esm3_open,undocumented,undocumented,training data exposure is not documented
venusmuthub-v1,venus-221bc429762aec74,esm3_open,undocumented,undocumented,training data exposure is not documented
venusmuthub-v1,venus-23d9ea0d22f6126b,esm3_open,undocumented,undocumented,training data exposure is not documented
venusmuthub-v1,venus-24f4e5b8d325ad4b,esm3_open,undocumented,undocumented,training data exposure is not documented
venusmuthub-v1,venus-26da37179e20d7ed,esm3_open,undocumented,undocumented,training data exposure is not documented
venusmuthub-v1,venus-2b9577dc9c561b21,esm3_open,undocumented,undocumented,training data exposure is not documented
venusmuthub-v1,venus-2ebb2bc9d643c1fb,esm3_open,undocumented,undocumented,training data exposure is not documented
venusmuthub-v1,venus-320f26d1be8a0cb0,esm3_open,undocumented,undocumented,training data exposure is not documented
venusmuthub-v1,venus-3876c90807a78d74,esm3_open,undocumented,undocumented,training data exposure is not documented
venusmuthub-v1,venus-396cc9af2c1e8c61,esm3_open,undocumented,undocumented,training data exposure is not documented
venusmuthub-v1,venus-39a9db03eeb2ed00,esm3_open,undocumented,undocumented,training data exposure is not documented
venusmuthub-v1,venus-409980eb48704393,esm3_open,undocumented,undocumented,training data exposure is not documented
venusmuthub-v1,venus-422f5a848c7a8657,esm3_open,undocumented,undocumented,training data exposure is not documented
venusmuthub-v1,venus-454b0fb8de143bcd,esm3_open,undocumented,undocumented,training data exposure is not documented
venusmuthub-v1,venus-4701fdeb4ac57086,esm3_open,undocumented,undocumented,training data exposure is not documented
venusmuthub-v1,venus-4bcbc7d4640f3c6b,esm3_open,undocumented,undocumented,training data exposure is not documented
venusmuthub-v1,venus-4d282f160e018c4f,esm3_open,undocumented,undocumented,training data exposure is not documented
venusmuthub-v1,venus-50eca14579e1a453,esm3_open,undocumented,undocumented,training data exposure is not documented
venusmuthub-v1,venus-581332e2a42b24c1,esm3_open,undocumented,undocumented,training data exposure is not documented
venusmuthub-v1,venus-63545238edf5954f,esm3_open,undocumented,undocumented,training data exposure is not documented
venusmuthub-v1,venus-6468ef80b473ecc5,esm3_open,undocumented,undocumented,training data exposure is not documented
venusmuthub-v1,venus-64be3ba2a292eb0f,esm3_open,undocumented,undocumented,training data exposure is not documented
venusmuthub-v1,venus-69d5ae4457f6205e,esm3_open,undocumented,undocumented,training data exposure is not documented
venusmuthub-v1,venus-6df418116e5febc9,esm3_open,undocumented,undocumented,training data exposure is not documented
venusmuthub-v1,venus-71acb42055dde189,esm3_open,undocumented,undocumented,training data exposure is not documented
venusmuthub-v1,venus-71ec9b1cef7a8594,esm3_open,undocumented,undocumented,training data exposure is not documented
venusmuthub-v1,venus-751367a60fd75330,esm3_open,undocumented,undocumented,training data exposure is not documented
venusmuthub-v1,venus-7bf6ce2de8172342,esm3_open,undocumented,undocumented,training data exposure is not documented
venusmuthub-v1,venus-7e0f1f31cc7ee851,esm3_open,undocumented,undocumented,training data exposure is not documented
venusmuthub-v1,venus-7f1786770ae32614,esm3_open,undocumented,undocumented,training data exposure is not documented
venusmuthub-v1,venus-8372a9e4bb1e26bb,esm3_open,undocumented,undocumented,training data exposure is not documented
venusmuthub-v1,venus-83a26c7e9a3b44b0,esm3_open,undocumented,undocumented,training data exposure is not documented
venusmuthub-v1,venus-85368d807d9e50cd,esm3_open,undocumented,undocumented,training data exposure is not documented
venusmuthub-v1,venus-8c2fbdb86968fbff,esm3_open,undocumented,undocumented,training data exposure is not documented
venusmuthub-v1,venus-8c837ded111ff685,esm3_open,undocumented,undocumented,training data exposure is not documented
venusmuthub-v1,venus-90e011f583a7e645,esm3_open,undocumented,undocumented,training data exposure is not documented
venusmuthub-v1,venus-9357562029b4557a,esm3_open,undocumented,undocumented,training data exposure is not documented
venusmuthub-v1,venus-9d99364a94571d80,esm3_open,undocumented,undocumented,training data exposure is not documented
venusmuthub-v1,venus-a60540654b3cbbf9,esm3_open,undocumented,undocumented,training data exposure is not documented
venusmuthub-v1,venus-aae92adf06e389cd,esm3_open,undocumented,undocumented,training data exposure is not documented
venusmuthub-v1,venus-ad4f94972c4850d0,esm3_open,undocumented,undocumented,training data exposure is not documented
venusmuthub-v1,venus-b09ae7265d5add56,esm3_open,undocumented,undocumented,training data exposure is not documented
venusmuthub-v1,venus-b14a3532d287755b,esm3_open,undocumented,undocumented,training data exposure is not documented
venusmuthub-v1,venus-b1ee988208ad234a,esm3_open,undocumented,undocumented,training data exposure is not documented
venusmuthub-v1,venus-b2c012e22fa464aa,esm3_open,undocumented,undocumented,training data exposure is not documented
venusmuthub-v1,venus-b41bf48f310c59c1,esm3_open,undocumented,undocumented,training data exposure is not documented
venusmuthub-v1,venus-b6f228338d425ee2,esm3_open,undocumented,undocumented,training data exposure is not documented
venusmuthub-v1,venus-b967cccca11973b6,esm3_open,undocumented,undocumented,training data exposure is not documented
venusmuthub-v1,venus-ba70e13e9f086bea,esm3_open,undocumented,undocumented,training data exposure is not documented
venusmuthub-v1,venus-ba768a97843a2ef2,esm3_open,undocumented,undocumented,training data exposure is not documented
venusmuthub-v1,venus-bce692cd15f4091a,esm3_open,undocumented,undocumented,training data exposure is not documented
venusmuthub-v1,venus-befc2489e9745489,esm3_open,undocumented,undocumented,training data exposure is not documented
venusmuthub-v1,venus-bff43a6e4a79b5f8,esm3_open,undocumented,undocumented,training data exposure is not documented
venusmuthub-v1,venus-c0ca168b53919943,esm3_open,undocumented,undocumented,training data exposure is not documented
venusmuthub-v1,venus-c3600923ab93ac4e,esm3_open,undocumented,undocumented,training data exposure is not documented
venusmuthub-v1,venus-c71bd410457488cf,esm3_open,undocumented,undocumented,training data exposure is not documented
venusmuthub-v1,venus-c7eb0ffd0c784af8,esm3_open,undocumented,undocumented,training data exposure is not documented
venusmuthub-v1,venus-cbc03f40f9753339,esm3_open,undocumented,undocumented,training data exposure is not documented
venusmuthub-v1,venus-cf2e570131b80556,esm3_open,undocumented,undocumented,training data exposure is not documented
venusmuthub-v1,venus-d0585182abfe2660,esm3_open,undocumented,undocumented,training data exposure is not documented
venusmuthub-v1,venus-d187d570e2dc4402,esm3_open,undocumented,undocumented,training data exposure is not documented
venusmuthub-v1,venus-d5b579600238875d,esm3_open,undocumented,undocumented,training data exposure is not documented
venusmuthub-v1,venus-d7597d795a65b040,esm3_open,undocumented,undocumented,training data exposure is not documented
venusmuthub-v1,venus-d98b2269ed529294,esm3_open,undocumented,undocumented,training data exposure is not documented
venusmuthub-v1,venus-db6f99c2f0c1c621,esm3_open,undocumented,undocumented,training data exposure is not documented
venusmuthub-v1,venus-db874159a334ddcf,esm3_open,undocumented,undocumented,training data exposure is not documented
venusmuthub-v1,venus-de4763156d0659c0,esm3_open,undocumented,undocumented,training data exposure is not documented
venusmuthub-v1,venus-e106cf9431361c23,esm3_open,undocumented,undocumented,training data exposure is not documented
venusmuthub-v1,venus-e2c390013035df74,esm3_open,undocumented,undocumented,training data exposure is not documented
venusmuthub-v1,venus-e534b07a29d6ecf2,esm3_open,undocumented,undocumented,training data exposure is not documented
venusmuthub-v1,venus-e67b2509cf424b88,esm3_open,undocumented,undocumented,training data exposure is not documented
venusmuthub-v1,venus-e882ec45e80e2ece,esm3_open,undocumented,undocumented,training data exposure is not documented
venusmuthub-v1,venus-ee4abb868ebd5357,esm3_open,undocumented,undocumented,training data exposure is not documented
venusmuthub-v1,venus-f215fc047b4ec592,esm3_open,undocumented,undocumented,training data exposure is not documented
venusmuthub-v1,venus-f2eeeee6f8bc57e6,esm3_open,undocumented,undocumented,training data exposure is not documented
venusmuthub-v1,venus-f4124bbcd051f818,esm3_open,undocumented,undocumented,training data exposure is not documented
venusmuthub-v1,venus-f68755df0ab4af4d,esm3_open,undocumented,undocumented,training data exposure is not documented
venusmuthub-v1,venus-f6ad6a376a4ccae7,esm3_open,undocumented,undocumented,training data exposure is not documented
venusmuthub-v1,venus-f9eaa71209b5568e,esm3_open,undocumented,undocumented,training data exposure is not documented
venusmuthub-v1,venus-fb1d8ed35888b3e5,esm3_open,undocumented,undocumented,training data exposure is not documented
venusmuthub-v1,venus-fb40294d4c662251,esm3_open,undocumented,undocumented,training data exposure is not documented
venusmuthub-v1,venus-fdef8e3435880467,esm3_open,undocumented,undocumented,training data exposure is not documented
mavedb-complement-v1,mavedb-287332153da38b59,esm_if1,2021-05,undocumented,training data exposure is not documented
mavedb-complement-v1,mavedb-32f5d032de97ea22,esm_if1,2021-05,undocumented,training data exposure is not documented
mavedb-complement-v1,mavedb-93100c3b9be6e587,esm_if1,2021-05,undocumented,training data exposure is not documented
mavedb-complement-v1,mavedb-a5ca23fa1e625d66,esm_if1,2021-05,undocumented,training data exposure is not documented
mavedb-complement-v1,mavedb-a5cec053cd1989b7,esm_if1,2021-05,possible,exact sequence occurs in the development benchmark
mavedb-complement-v1,mavedb-aebeb991234cd8a3,esm_if1,2021-05,undocumented,training data exposure is not documented
mavedb-complement-v1,mavedb-c6dd0092b775896c,esm_if1,2021-05,undocumented,training data exposure is not documented
mavedb-complement-v1,mavedb-e3ca60f18e3b6e98,esm_if1,2021-05,possible,exact sequence occurs in the development benchmark
venusmuthub-v1,venus-00073064a60d4804,esm_if1,2021-05,undocumented,training data exposure is not documented
venusmuthub-v1,venus-06f736fe976e45ee,esm_if1,2021-05,undocumented,training data exposure is not documented
venusmuthub-v1,venus-07739b7c44051d98,esm_if1,2021-05,undocumented,training data exposure is not documented
venusmuthub-v1,venus-0ed16c1325aea2c9,esm_if1,2021-05,undocumented,training data exposure is not documented
venusmuthub-v1,venus-12c59fe9dab495ee,esm_if1,2021-05,undocumented,training data exposure is not documented
venusmuthub-v1,venus-1972eefa4a6ef629,esm_if1,2021-05,undocumented,training data exposure is not documented
venusmuthub-v1,venus-1a8ae9058bbabf14,esm_if1,2021-05,undocumented,training data exposure is not documented
venusmuthub-v1,venus-1b3d6bf42e0e7f84,esm_if1,2021-05,undocumented,training data exposure is not documented
venusmuthub-v1,venus-1e4cf4ecbd674386,esm_if1,2021-05,undocumented,training data exposure is not documented
venusmuthub-v1,venus-220a25f64746e26e,esm_if1,2021-05,undocumented,training data exposure is not documented
venusmuthub-v1,venus-221bc429762aec74,esm_if1,2021-05,undocumented,training data exposure is not documented
venusmuthub-v1,venus-23d9ea0d22f6126b,esm_if1,2021-05,undocumented,training data exposure is not documented
venusmuthub-v1,venus-24f4e5b8d325ad4b,esm_if1,2021-05,undocumented,training data exposure is not documented
venusmuthub-v1,venus-26da37179e20d7ed,esm_if1,2021-05,undocumented,training data exposure is not documented
venusmuthub-v1,venus-2b9577dc9c561b21,esm_if1,2021-05,undocumented,training data exposure is not documented
venusmuthub-v1,venus-2ebb2bc9d643c1fb,esm_if1,2021-05,undocumented,training data exposure is not documented
venusmuthub-v1,venus-320f26d1be8a0cb0,esm_if1,2021-05,undocumented,training data exposure is not documented
venusmuthub-v1,venus-3876c90807a78d74,esm_if1,2021-05,undocumented,training data exposure is not documented
venusmuthub-v1,venus-396cc9af2c1e8c61,esm_if1,2021-05,undocumented,training data exposure is not documented
venusmuthub-v1,venus-39a9db03eeb2ed00,esm_if1,2021-05,undocumented,training data exposure is not documented
venusmuthub-v1,venus-409980eb48704393,esm_if1,2021-05,undocumented,training data exposure is not documented
venusmuthub-v1,venus-422f5a848c7a8657,esm_if1,2021-05,undocumented,training data exposure is not documented
venusmuthub-v1,venus-454b0fb8de143bcd,esm_if1,2021-05,undocumented,training data exposure is not documented
venusmuthub-v1,venus-4701fdeb4ac57086,esm_if1,2021-05,undocumented,training data exposure is not documented
venusmuthub-v1,venus-4bcbc7d4640f3c6b,esm_if1,2021-05,undocumented,training data exposure is not documented
venusmuthub-v1,venus-4d282f160e018c4f,esm_if1,2021-05,undocumented,training data exposure is not documented
venusmuthub-v1,venus-50eca14579e1a453,esm_if1,2021-05,undocumented,training data exposure is not documented
venusmuthub-v1,venus-581332e2a42b24c1,esm_if1,2021-05,undocumented,training data exposure is not documented
venusmuthub-v1,venus-63545238edf5954f,esm_if1,2021-05,undocumented,training data exposure is not documented
venusmuthub-v1,venus-6468ef80b473ecc5,esm_if1,2021-05,undocumented,training data exposure is not documented
venusmuthub-v1,venus-64be3ba2a292eb0f,esm_if1,2021-05,undocumented,training data exposure is not documented
venusmuthub-v1,venus-69d5ae4457f6205e,esm_if1,2021-05,undocumented,training data exposure is not documented
venusmuthub-v1,venus-6df418116e5febc9,esm_if1,2021-05,undocumented,training data exposure is not documented
venusmuthub-v1,venus-71acb42055dde189,esm_if1,2021-05,undocumented,training data exposure is not documented
venusmuthub-v1,venus-71ec9b1cef7a8594,esm_if1,2021-05,undocumented,training data exposure is not documented
venusmuthub-v1,venus-751367a60fd75330,esm_if1,2021-05,undocumented,training data exposure is not documented
venusmuthub-v1,venus-7bf6ce2de8172342,esm_if1,2021-05,undocumented,training data exposure is not documented
venusmuthub-v1,venus-7e0f1f31cc7ee851,esm_if1,2021-05,undocumented,training data exposure is not documented
venusmuthub-v1,venus-7f1786770ae32614,esm_if1,2021-05,undocumented,training data exposure is not documented
venusmuthub-v1,venus-8372a9e4bb1e26bb,esm_if1,2021-05,undocumented,training data exposure is not documented
venusmuthub-v1,venus-83a26c7e9a3b44b0,esm_if1,2021-05,undocumented,training data exposure is not documented
venusmuthub-v1,venus-85368d807d9e50cd,esm_if1,2021-05,undocumented,training data exposure is not documented
venusmuthub-v1,venus-8c2fbdb86968fbff,esm_if1,2021-05,undocumented,training data exposure is not documented
venusmuthub-v1,venus-8c837ded111ff685,esm_if1,2021-05,undocumented,training data exposure is not documented
venusmuthub-v1,venus-90e011f583a7e645,esm_if1,2021-05,undocumented,training data exposure is not documented
venusmuthub-v1,venus-9357562029b4557a,esm_if1,2021-05,undocumented,training data exposure is not documented
venusmuthub-v1,venus-9d99364a94571d80,esm_if1,2021-05,undocumented,training data exposure is not documented
venusmuthub-v1,venus-a60540654b3cbbf9,esm_if1,2021-05,undocumented,training data exposure is not documented
venusmuthub-v1,venus-aae92adf06e389cd,esm_if1,2021-05,undocumented,training data exposure is not documented
venusmuthub-v1,venus-ad4f94972c4850d0,esm_if1,2021-05,undocumented,training data exposure is not documented
venusmuthub-v1,venus-b09ae7265d5add56,esm_if1,2021-05,undocumented,training data exposure is not documented
venusmuthub-v1,venus-b14a3532d287755b,esm_if1,2021-05,undocumented,training data exposure is not documented
venusmuthub-v1,venus-b1ee988208ad234a,esm_if1,2021-05,undocumented,training data exposure is not documented
venusmuthub-v1,venus-b2c012e22fa464aa,esm_if1,2021-05,undocumented,training data exposure is not documented
venusmuthub-v1,venus-b41bf48f310c59c1,esm_if1,2021-05,undocumented,training data exposure is not documented
venusmuthub-v1,venus-b6f228338d425ee2,esm_if1,2021-05,undocumented,training data exposure is not documented
venusmuthub-v1,venus-b967cccca11973b6,esm_if1,2021-05,undocumented,training data exposure is not documented
venusmuthub-v1,venus-ba70e13e9f086bea,esm_if1,2021-05,undocumented,training data exposure is not documented
venusmuthub-v1,venus-ba768a97843a2ef2,esm_if1,2021-05,undocumented,training data exposure is not documented
venusmuthub-v1,venus-bce692cd15f4091a,esm_if1,2021-05,undocumented,training data exposure is not documented
venusmuthub-v1,venus-befc2489e9745489,esm_if1,2021-05,undocumented,training data exposure is not documented
venusmuthub-v1,venus-bff43a6e4a79b5f8,esm_if1,2021-05,undocumented,training data exposure is not documented
venusmuthub-v1,venus-c0ca168b53919943,esm_if1,2021-05,undocumented,training data exposure is not documented
venusmuthub-v1,venus-c3600923ab93ac4e,esm_if1,2021-05,undocumented,training data exposure is not documented
venusmuthub-v1,venus-c71bd410457488cf,esm_if1,2021-05,undocumented,training data exposure is not documented
venusmuthub-v1,venus-c7eb0ffd0c784af8,esm_if1,2021-05,undocumented,training data exposure is not documented
venusmuthub-v1,venus-cbc03f40f9753339,esm_if1,2021-05,undocumented,training data exposure is not documented
venusmuthub-v1,venus-cf2e570131b80556,esm_if1,2021-05,undocumented,training data exposure is not documented
venusmuthub-v1,venus-d0585182abfe2660,esm_if1,2021-05,undocumented,training data exposure is not documented
venusmuthub-v1,venus-d187d570e2dc4402,esm_if1,2021-05,undocumented,training data exposure is not documented
venusmuthub-v1,venus-d5b579600238875d,esm_if1,2021-05,undocumented,training data exposure is not documented
venusmuthub-v1,venus-d7597d795a65b040,esm_if1,2021-05,undocumented,training data exposure is not documented
venusmuthub-v1,venus-d98b2269ed529294,esm_if1,2021-05,undocumented,training data exposure is not documented
venusmuthub-v1,venus-db6f99c2f0c1c621,esm_if1,2021-05,undocumented,training data exposure is not documented
venusmuthub-v1,venus-db874159a334ddcf,esm_if1,2021-05,undocumented,training data exposure is not documented
venusmuthub-v1,venus-de4763156d0659c0,esm_if1,2021-05,undocumented,training data exposure is not documented
venusmuthub-v1,venus-e106cf9431361c23,esm_if1,2021-05,undocumented,training data exposure is not documented
venusmuthub-v1,venus-e2c390013035df74,esm_if1,2021-05,undocumented,training data exposure is not documented
venusmuthub-v1,venus-e534b07a29d6ecf2,esm_if1,2021-05,undocumented,training data exposure is not documented
venusmuthub-v1,venus-e67b2509cf424b88,esm_if1,2021-05,undocumented,training data exposure is not documented
venusmuthub-v1,venus-e882ec45e80e2ece,esm_if1,2021-05,undocumented,training data exposure is not documented
venusmuthub-v1,venus-ee4abb868ebd5357,esm_if1,2021-05,undocumented,training data exposure is not documented
venusmuthub-v1,venus-f215fc047b4ec592,esm_if1,2021-05,undocumented,training data exposure is not documented
venusmuthub-v1,venus-f2eeeee6f8bc57e6,esm_if1,2021-05,undocumented,training data exposure is not documented
venusmuthub-v1,venus-f4124bbcd051f818,esm_if1,2021-05,undocumented,training data exposure is not documented
venusmuthub-v1,venus-f68755df0ab4af4d,esm_if1,2021-05,undocumented,training data exposure is not documented
venusmuthub-v1,venus-f6ad6a376a4ccae7,esm_if1,2021-05,undocumented,training data exposure is not documented
venusmuthub-v1,venus-f9eaa71209b5568e,esm_if1,2021-05,undocumented,training data exposure is not documented
venusmuthub-v1,venus-fb1d8ed35888b3e5,esm_if1,2021-05,undocumented,training data exposure is not documented
venusmuthub-v1,venus-fb40294d4c662251,esm_if1,2021-05,undocumented,training data exposure is not documented
venusmuthub-v1,venus-fdef8e3435880467,esm_if1,2021-05,undocumented,training data exposure is not documented
mavedb-complement-v1,mavedb-287332153da38b59,proteinmpnn,2021-08,undocumented,training data exposure is not documented
mavedb-complement-v1,mavedb-32f5d032de97ea22,proteinmpnn,2021-08,undocumented,training data exposure is not documented
mavedb-complement-v1,mavedb-93100c3b9be6e587,proteinmpnn,2021-08,undocumented,training data exposure is not documented
mavedb-complement-v1,mavedb-a5ca23fa1e625d66,proteinmpnn,2021-08,undocumented,training data exposure is not documented
mavedb-complement-v1,mavedb-a5cec053cd1989b7,proteinmpnn,2021-08,possible,exact sequence occurs in the development benchmark
mavedb-complement-v1,mavedb-aebeb991234cd8a3,proteinmpnn,2021-08,undocumented,training data exposure is not documented
mavedb-complement-v1,mavedb-c6dd0092b775896c,proteinmpnn,2021-08,undocumented,training data exposure is not documented
mavedb-complement-v1,mavedb-e3ca60f18e3b6e98,proteinmpnn,2021-08,possible,exact sequence occurs in the development benchmark
venusmuthub-v1,venus-00073064a60d4804,proteinmpnn,2021-08,undocumented,training data exposure is not documented
venusmuthub-v1,venus-06f736fe976e45ee,proteinmpnn,2021-08,undocumented,training data exposure is not documented
venusmuthub-v1,venus-07739b7c44051d98,proteinmpnn,2021-08,undocumented,training data exposure is not documented
venusmuthub-v1,venus-0ed16c1325aea2c9,proteinmpnn,2021-08,undocumented,training data exposure is not documented
venusmuthub-v1,venus-12c59fe9dab495ee,proteinmpnn,2021-08,undocumented,training data exposure is not documented
venusmuthub-v1,venus-1972eefa4a6ef629,proteinmpnn,2021-08,undocumented,training data exposure is not documented
venusmuthub-v1,venus-1a8ae9058bbabf14,proteinmpnn,2021-08,undocumented,training data exposure is not documented
venusmuthub-v1,venus-1b3d6bf42e0e7f84,proteinmpnn,2021-08,undocumented,training data exposure is not documented
venusmuthub-v1,venus-1e4cf4ecbd674386,proteinmpnn,2021-08,undocumented,training data exposure is not documented
venusmuthub-v1,venus-220a25f64746e26e,proteinmpnn,2021-08,undocumented,training data exposure is not documented
venusmuthub-v1,venus-221bc429762aec74,proteinmpnn,2021-08,undocumented,training data exposure is not documented
venusmuthub-v1,venus-23d9ea0d22f6126b,proteinmpnn,2021-08,undocumented,training data exposure is not documented
venusmuthub-v1,venus-24f4e5b8d325ad4b,proteinmpnn,2021-08,undocumented,training data exposure is not documented
venusmuthub-v1,venus-26da37179e20d7ed,proteinmpnn,2021-08,undocumented,training data exposure is not documented
venusmuthub-v1,venus-2b9577dc9c561b21,proteinmpnn,2021-08,undocumented,training data exposure is not documented
venusmuthub-v1,venus-2ebb2bc9d643c1fb,proteinmpnn,2021-08,undocumented,training data exposure is not documented
venusmuthub-v1,venus-320f26d1be8a0cb0,proteinmpnn,2021-08,undocumented,training data exposure is not documented
venusmuthub-v1,venus-3876c90807a78d74,proteinmpnn,2021-08,undocumented,training data exposure is not documented
venusmuthub-v1,venus-396cc9af2c1e8c61,proteinmpnn,2021-08,undocumented,training data exposure is not documented
venusmuthub-v1,venus-39a9db03eeb2ed00,proteinmpnn,2021-08,undocumented,training data exposure is not documented
venusmuthub-v1,venus-409980eb48704393,proteinmpnn,2021-08,undocumented,training data exposure is not documented
venusmuthub-v1,venus-422f5a848c7a8657,proteinmpnn,2021-08,undocumented,training data exposure is not documented
venusmuthub-v1,venus-454b0fb8de143bcd,proteinmpnn,2021-08,undocumented,training data exposure is not documented
venusmuthub-v1,venus-4701fdeb4ac57086,proteinmpnn,2021-08,undocumented,training data exposure is not documented
venusmuthub-v1,venus-4bcbc7d4640f3c6b,proteinmpnn,2021-08,undocumented,training data exposure is not documented
venusmuthub-v1,venus-4d282f160e018c4f,proteinmpnn,2021-08,undocumented,training data exposure is not documented
venusmuthub-v1,venus-50eca14579e1a453,proteinmpnn,2021-08,undocumented,training data exposure is not documented
venusmuthub-v1,venus-581332e2a42b24c1,proteinmpnn,2021-08,undocumented,training data exposure is not documented
venusmuthub-v1,venus-63545238edf5954f,proteinmpnn,2021-08,undocumented,training data exposure is not documented
venusmuthub-v1,venus-6468ef80b473ecc5,proteinmpnn,2021-08,undocumented,training data exposure is not documented
venusmuthub-v1,venus-64be3ba2a292eb0f,proteinmpnn,2021-08,undocumented,training data exposure is not documented
venusmuthub-v1,venus-69d5ae4457f6205e,proteinmpnn,2021-08,undocumented,training data exposure is not documented
venusmuthub-v1,venus-6df418116e5febc9,proteinmpnn,2021-08,undocumented,training data exposure is not documented
venusmuthub-v1,venus-71acb42055dde189,proteinmpnn,2021-08,undocumented,training data exposure is not documented
venusmuthub-v1,venus-71ec9b1cef7a8594,proteinmpnn,2021-08,undocumented,training data exposure is not documented
venusmuthub-v1,venus-751367a60fd75330,proteinmpnn,2021-08,undocumented,training data exposure is not documented
venusmuthub-v1,venus-7bf6ce2de8172342,proteinmpnn,2021-08,undocumented,training data exposure is not documented
venusmuthub-v1,venus-7e0f1f31cc7ee851,proteinmpnn,2021-08,undocumented,training data exposure is not documented
venusmuthub-v1,venus-7f1786770ae32614,proteinmpnn,2021-08,undocumented,training data exposure is not documented
venusmuthub-v1,venus-8372a9e4bb1e26bb,proteinmpnn,2021-08,undocumented,training data exposure is not documented
venusmuthub-v1,venus-83a26c7e9a3b44b0,proteinmpnn,2021-08,undocumented,training data exposure is not documented
venusmuthub-v1,venus-85368d807d9e50cd,proteinmpnn,2021-08,undocumented,training data exposure is not documented
venusmuthub-v1,venus-8c2fbdb86968fbff,proteinmpnn,2021-08,undocumented,training data exposure is not documented
venusmuthub-v1,venus-8c837ded111ff685,proteinmpnn,2021-08,undocumented,training data exposure is not documented
venusmuthub-v1,venus-90e011f583a7e645,proteinmpnn,2021-08,undocumented,training data exposure is not documented
venusmuthub-v1,venus-9357562029b4557a,proteinmpnn,2021-08,undocumented,training data exposure is not documented
venusmuthub-v1,venus-9d99364a94571d80,proteinmpnn,2021-08,undocumented,training data exposure is not documented
venusmuthub-v1,venus-a60540654b3cbbf9,proteinmpnn,2021-08,undocumented,training data exposure is not documented
venusmuthub-v1,venus-aae92adf06e389cd,proteinmpnn,2021-08,undocumented,training data exposure is not documented
venusmuthub-v1,venus-ad4f94972c4850d0,proteinmpnn,2021-08,undocumented,training data exposure is not documented
venusmuthub-v1,venus-b09ae7265d5add56,proteinmpnn,2021-08,undocumented,training data exposure is not documented
venusmuthub-v1,venus-b14a3532d287755b,proteinmpnn,2021-08,undocumented,training data exposure is not documented
venusmuthub-v1,venus-b1ee988208ad234a,proteinmpnn,2021-08,undocumented,training data exposure is not documented
venusmuthub-v1,venus-b2c012e22fa464aa,proteinmpnn,2021-08,undocumented,training data exposure is not documented
venusmuthub-v1,venus-b41bf48f310c59c1,proteinmpnn,2021-08,undocumented,training data exposure is not documented
venusmuthub-v1,venus-b6f228338d425ee2,proteinmpnn,2021-08,undocumented,training data exposure is not documented
venusmuthub-v1,venus-b967cccca11973b6,proteinmpnn,2021-08,undocumented,training data exposure is not documented
venusmuthub-v1,venus-ba70e13e9f086bea,proteinmpnn,2021-08,undocumented,training data exposure is not documented
venusmuthub-v1,venus-ba768a97843a2ef2,proteinmpnn,2021-08,undocumented,training data exposure is not documented
venusmuthub-v1,venus-bce692cd15f4091a,proteinmpnn,2021-08,undocumented,training data exposure is not documented
venusmuthub-v1,venus-befc2489e9745489,proteinmpnn,2021-08,undocumented,training data exposure is not documented
venusmuthub-v1,venus-bff43a6e4a79b5f8,proteinmpnn,2021-08,undocumented,training data exposure is not documented
venusmuthub-v1,venus-c0ca168b53919943,proteinmpnn,2021-08,undocumented,training data exposure is not documented
venusmuthub-v1,venus-c3600923ab93ac4e,proteinmpnn,2021-08,undocumented,training data exposure is not documented
venusmuthub-v1,venus-c71bd410457488cf,proteinmpnn,2021-08,undocumented,training data exposure is not documented
venusmuthub-v1,venus-c7eb0ffd0c784af8,proteinmpnn,2021-08,undocumented,training data exposure is not documented
venusmuthub-v1,venus-cbc03f40f9753339,proteinmpnn,2021-08,undocumented,training data exposure is not documented
venusmuthub-v1,venus-cf2e570131b80556,proteinmpnn,2021-08,undocumented,training data exposure is not documented
venusmuthub-v1,venus-d0585182abfe2660,proteinmpnn,2021-08,undocumented,training data exposure is not documented
venusmuthub-v1,venus-d187d570e2dc4402,proteinmpnn,2021-08,undocumented,training data exposure is not documented
venusmuthub-v1,venus-d5b579600238875d,proteinmpnn,2021-08,undocumented,training data exposure is not documented
venusmuthub-v1,venus-d7597d795a65b040,proteinmpnn,2021-08,undocumented,training data exposure is not documented
venusmuthub-v1,venus-d98b2269ed529294,proteinmpnn,2021-08,undocumented,training data exposure is not documented
venusmuthub-v1,venus-db6f99c2f0c1c621,proteinmpnn,2021-08,undocumented,training data exposure is not documented
venusmuthub-v1,venus-db874159a334ddcf,proteinmpnn,2021-08,undocumented,training data exposure is not documented
venusmuthub-v1,venus-de4763156d0659c0,proteinmpnn,2021-08,undocumented,training data exposure is not documented
venusmuthub-v1,venus-e106cf9431361c23,proteinmpnn,2021-08,undocumented,training data exposure is not documented
venusmuthub-v1,venus-e2c390013035df74,proteinmpnn,2021-08,undocumented,training data exposure is not documented
venusmuthub-v1,venus-e534b07a29d6ecf2,proteinmpnn,2021-08,undocumented,training data exposure is not documented
venusmuthub-v1,venus-e67b2509cf424b88,proteinmpnn,2021-08,undocumented,training data exposure is not documented
venusmuthub-v1,venus-e882ec45e80e2ece,proteinmpnn,2021-08,undocumented,training data exposure is not documented
venusmuthub-v1,venus-ee4abb868ebd5357,proteinmpnn,2021-08,undocumented,training data exposure is not documented
venusmuthub-v1,venus-f215fc047b4ec592,proteinmpnn,2021-08,undocumented,training data exposure is not documented
venusmuthub-v1,venus-f2eeeee6f8bc57e6,proteinmpnn,2021-08,undocumented,training data exposure is not documented
venusmuthub-v1,venus-f4124bbcd051f818,proteinmpnn,2021-08,undocumented,training data exposure is not documented
venusmuthub-v1,venus-f68755df0ab4af4d,proteinmpnn,2021-08,undocumented,training data exposure is not documented
venusmuthub-v1,venus-f6ad6a376a4ccae7,proteinmpnn,2021-08,undocumented,training data exposure is not documented
venusmuthub-v1,venus-f9eaa71209b5568e,proteinmpnn,2021-08,undocumented,training data exposure is not documented
venusmuthub-v1,venus-fb1d8ed35888b3e5,proteinmpnn,2021-08,undocumented,training data exposure is not documented
venusmuthub-v1,venus-fb40294d4c662251,proteinmpnn,2021-08,undocumented,training data exposure is not documented
venusmuthub-v1,venus-fdef8e3435880467,proteinmpnn,2021-08,undocumented,training data exposure is not documented
mavedb-complement-v1,mavedb-287332153da38b59,tranception_l_no_retrieval,2021-08,undocumented,training data exposure is not documented
mavedb-complement-v1,mavedb-32f5d032de97ea22,tranception_l_no_retrieval,2021-08,undocumented,training data exposure is not documented
mavedb-complement-v1,mavedb-93100c3b9be6e587,tranception_l_no_retrieval,2021-08,undocumented,training data exposure is not documented
mavedb-complement-v1,mavedb-a5ca23fa1e625d66,tranception_l_no_retrieval,2021-08,undocumented,training data exposure is not documented
mavedb-complement-v1,mavedb-a5cec053cd1989b7,tranception_l_no_retrieval,2021-08,possible,exact sequence occurs in the development benchmark
mavedb-complement-v1,mavedb-aebeb991234cd8a3,tranception_l_no_retrieval,2021-08,undocumented,training data exposure is not documented
mavedb-complement-v1,mavedb-c6dd0092b775896c,tranception_l_no_retrieval,2021-08,undocumented,training data exposure is not documented
mavedb-complement-v1,mavedb-e3ca60f18e3b6e98,tranception_l_no_retrieval,2021-08,possible,exact sequence occurs in the development benchmark
venusmuthub-v1,venus-00073064a60d4804,tranception_l_no_retrieval,2021-08,undocumented,training data exposure is not documented
venusmuthub-v1,venus-06f736fe976e45ee,tranception_l_no_retrieval,2021-08,undocumented,training data exposure is not documented
venusmuthub-v1,venus-07739b7c44051d98,tranception_l_no_retrieval,2021-08,undocumented,training data exposure is not documented
venusmuthub-v1,venus-0ed16c1325aea2c9,tranception_l_no_retrieval,2021-08,undocumented,training data exposure is not documented
venusmuthub-v1,venus-12c59fe9dab495ee,tranception_l_no_retrieval,2021-08,undocumented,training data exposure is not documented
venusmuthub-v1,venus-1972eefa4a6ef629,tranception_l_no_retrieval,2021-08,undocumented,training data exposure is not documented
venusmuthub-v1,venus-1a8ae9058bbabf14,tranception_l_no_retrieval,2021-08,undocumented,training data exposure is not documented
venusmuthub-v1,venus-1b3d6bf42e0e7f84,tranception_l_no_retrieval,2021-08,undocumented,training data exposure is not documented
venusmuthub-v1,venus-1e4cf4ecbd674386,tranception_l_no_retrieval,2021-08,undocumented,training data exposure is not documented
venusmuthub-v1,venus-220a25f64746e26e,tranception_l_no_retrieval,2021-08,undocumented,training data exposure is not documented
venusmuthub-v1,venus-221bc429762aec74,tranception_l_no_retrieval,2021-08,undocumented,training data exposure is not documented
venusmuthub-v1,venus-23d9ea0d22f6126b,tranception_l_no_retrieval,2021-08,undocumented,training data exposure is not documented
venusmuthub-v1,venus-24f4e5b8d325ad4b,tranception_l_no_retrieval,2021-08,undocumented,training data exposure is not documented
venusmuthub-v1,venus-26da37179e20d7ed,tranception_l_no_retrieval,2021-08,undocumented,training data exposure is not documented
venusmuthub-v1,venus-2b9577dc9c561b21,tranception_l_no_retrieval,2021-08,undocumented,training data exposure is not documented
venusmuthub-v1,venus-2ebb2bc9d643c1fb,tranception_l_no_retrieval,2021-08,undocumented,training data exposure is not documented
venusmuthub-v1,venus-320f26d1be8a0cb0,tranception_l_no_retrieval,2021-08,undocumented,training data exposure is not documented
venusmuthub-v1,venus-3876c90807a78d74,tranception_l_no_retrieval,2021-08,undocumented,training data exposure is not documented
venusmuthub-v1,venus-396cc9af2c1e8c61,tranception_l_no_retrieval,2021-08,undocumented,training data exposure is not documented
venusmuthub-v1,venus-39a9db03eeb2ed00,tranception_l_no_retrieval,2021-08,undocumented,training data exposure is not documented
venusmuthub-v1,venus-409980eb48704393,tranception_l_no_retrieval,2021-08,undocumented,training data exposure is not documented
venusmuthub-v1,venus-422f5a848c7a8657,tranception_l_no_retrieval,2021-08,undocumented,training data exposure is not documented
venusmuthub-v1,venus-454b0fb8de143bcd,tranception_l_no_retrieval,2021-08,undocumented,training data exposure is not documented
venusmuthub-v1,venus-4701fdeb4ac57086,tranception_l_no_retrieval,2021-08,undocumented,training data exposure is not documented
venusmuthub-v1,venus-4bcbc7d4640f3c6b,tranception_l_no_retrieval,2021-08,undocumented,training data exposure is not documented
venusmuthub-v1,venus-4d282f160e018c4f,tranception_l_no_retrieval,2021-08,undocumented,training data exposure is not documented
venusmuthub-v1,venus-50eca14579e1a453,tranception_l_no_retrieval,2021-08,undocumented,training data exposure is not documented
venusmuthub-v1,venus-581332e2a42b24c1,tranception_l_no_retrieval,2021-08,undocumented,training data exposure is not documented
venusmuthub-v1,venus-63545238edf5954f,tranception_l_no_retrieval,2021-08,undocumented,training data exposure is not documented
venusmuthub-v1,venus-6468ef80b473ecc5,tranception_l_no_retrieval,2021-08,undocumented,training data exposure is not documented
venusmuthub-v1,venus-64be3ba2a292eb0f,tranception_l_no_retrieval,2021-08,undocumented,training data exposure is not documented
venusmuthub-v1,venus-69d5ae4457f6205e,tranception_l_no_retrieval,2021-08,undocumented,training data exposure is not documented
venusmuthub-v1,venus-6df418116e5febc9,tranception_l_no_retrieval,2021-08,undocumented,training data exposure is not documented
venusmuthub-v1,venus-71acb42055dde189,tranception_l_no_retrieval,2021-08,undocumented,training data exposure is not documented
venusmuthub-v1,venus-71ec9b1cef7a8594,tranception_l_no_retrieval,2021-08,undocumented,training data exposure is not documented
venusmuthub-v1,venus-751367a60fd75330,tranception_l_no_retrieval,2021-08,undocumented,training data exposure is not documented
venusmuthub-v1,venus-7bf6ce2de8172342,tranception_l_no_retrieval,2021-08,undocumented,training data exposure is not documented
venusmuthub-v1,venus-7e0f1f31cc7ee851,tranception_l_no_retrieval,2021-08,undocumented,training data exposure is not documented
venusmuthub-v1,venus-7f1786770ae32614,tranception_l_no_retrieval,2021-08,undocumented,training data exposure is not documented
venusmuthub-v1,venus-8372a9e4bb1e26bb,tranception_l_no_retrieval,2021-08,undocumented,training data exposure is not documented
venusmuthub-v1,venus-83a26c7e9a3b44b0,tranception_l_no_retrieval,2021-08,undocumented,training data exposure is not documented
venusmuthub-v1,venus-85368d807d9e50cd,tranception_l_no_retrieval,2021-08,undocumented,training data exposure is not documented
venusmuthub-v1,venus-8c2fbdb86968fbff,tranception_l_no_retrieval,2021-08,undocumented,training data exposure is not documented
venusmuthub-v1,venus-8c837ded111ff685,tranception_l_no_retrieval,2021-08,undocumented,training data exposure is not documented
venusmuthub-v1,venus-90e011f583a7e645,tranception_l_no_retrieval,2021-08,undocumented,training data exposure is not documented
venusmuthub-v1,venus-9357562029b4557a,tranception_l_no_retrieval,2021-08,undocumented,training data exposure is not documented
venusmuthub-v1,venus-9d99364a94571d80,tranception_l_no_retrieval,2021-08,undocumented,training data exposure is not documented
venusmuthub-v1,venus-a60540654b3cbbf9,tranception_l_no_retrieval,2021-08,undocumented,training data exposure is not documented
venusmuthub-v1,venus-aae92adf06e389cd,tranception_l_no_retrieval,2021-08,undocumented,training data exposure is not documented
venusmuthub-v1,venus-ad4f94972c4850d0,tranception_l_no_retrieval,2021-08,undocumented,training data exposure is not documented
venusmuthub-v1,venus-b09ae7265d5add56,tranception_l_no_retrieval,2021-08,undocumented,training data exposure is not documented
venusmuthub-v1,venus-b14a3532d287755b,tranception_l_no_retrieval,2021-08,undocumented,training data exposure is not documented
venusmuthub-v1,venus-b1ee988208ad234a,tranception_l_no_retrieval,2021-08,undocumented,training data exposure is not documented
venusmuthub-v1,venus-b2c012e22fa464aa,tranception_l_no_retrieval,2021-08,undocumented,training data exposure is not documented
venusmuthub-v1,venus-b41bf48f310c59c1,tranception_l_no_retrieval,2021-08,undocumented,training data exposure is not documented
venusmuthub-v1,venus-b6f228338d425ee2,tranception_l_no_retrieval,2021-08,undocumented,training data exposure is not documented
venusmuthub-v1,venus-b967cccca11973b6,tranception_l_no_retrieval,2021-08,undocumented,training data exposure is not documented
venusmuthub-v1,venus-ba70e13e9f086bea,tranception_l_no_retrieval,2021-08,undocumented,training data exposure is not documented
venusmuthub-v1,venus-ba768a97843a2ef2,tranception_l_no_retrieval,2021-08,undocumented,training data exposure is not documented
venusmuthub-v1,venus-bce692cd15f4091a,tranception_l_no_retrieval,2021-08,undocumented,training data exposure is not documented
venusmuthub-v1,venus-befc2489e9745489,tranception_l_no_retrieval,2021-08,undocumented,training data exposure is not documented
venusmuthub-v1,venus-bff43a6e4a79b5f8,tranception_l_no_retrieval,2021-08,undocumented,training data exposure is not documented
venusmuthub-v1,venus-c0ca168b53919943,tranception_l_no_retrieval,2021-08,undocumented,training data exposure is not documented
venusmuthub-v1,venus-c3600923ab93ac4e,tranception_l_no_retrieval,2021-08,undocumented,training data exposure is not documented
venusmuthub-v1,venus-c71bd410457488cf,tranception_l_no_retrieval,2021-08,undocumented,training data exposure is not documented
venusmuthub-v1,venus-c7eb0ffd0c784af8,tranception_l_no_retrieval,2021-08,undocumented,training data exposure is not documented
venusmuthub-v1,venus-cbc03f40f9753339,tranception_l_no_retrieval,2021-08,undocumented,training data exposure is not documented
venusmuthub-v1,venus-cf2e570131b80556,tranception_l_no_retrieval,2021-08,undocumented,training data exposure is not documented
venusmuthub-v1,venus-d0585182abfe2660,tranception_l_no_retrieval,2021-08,undocumented,training data exposure is not documented
venusmuthub-v1,venus-d187d570e2dc4402,tranception_l_no_retrieval,2021-08,undocumented,training data exposure is not documented
venusmuthub-v1,venus-d5b579600238875d,tranception_l_no_retrieval,2021-08,undocumented,training data exposure is not documented
venusmuthub-v1,venus-d7597d795a65b040,tranception_l_no_retrieval,2021-08,undocumented,training data exposure is not documented
venusmuthub-v1,venus-d98b2269ed529294,tranception_l_no_retrieval,2021-08,undocumented,training data exposure is not documented
venusmuthub-v1,venus-db6f99c2f0c1c621,tranception_l_no_retrieval,2021-08,undocumented,training data exposure is not documented
venusmuthub-v1,venus-db874159a334ddcf,tranception_l_no_retrieval,2021-08,undocumented,training data exposure is not documented
venusmuthub-v1,venus-de4763156d0659c0,tranception_l_no_retrieval,2021-08,undocumented,training data exposure is not documented
venusmuthub-v1,venus-e106cf9431361c23,tranception_l_no_retrieval,2021-08,undocumented,training data exposure is not documented
venusmuthub-v1,venus-e2c390013035df74,tranception_l_no_retrieval,2021-08,undocumented,training data exposure is not documented
venusmuthub-v1,venus-e534b07a29d6ecf2,tranception_l_no_retrieval,2021-08,undocumented,training data exposure is not documented
venusmuthub-v1,venus-e67b2509cf424b88,tranception_l_no_retrieval,2021-08,undocumented,training data exposure is not documented
venusmuthub-v1,venus-e882ec45e80e2ece,tranception_l_no_retrieval,2021-08,undocumented,training data exposure is not documented
venusmuthub-v1,venus-ee4abb868ebd5357,tranception_l_no_retrieval,2021-08,undocumented,training data exposure is not documented
venusmuthub-v1,venus-f215fc047b4ec592,tranception_l_no_retrieval,2021-08,undocumented,training data exposure is not documented
venusmuthub-v1,venus-f2eeeee6f8bc57e6,tranception_l_no_retrieval,2021-08,undocumented,training data exposure is not documented
venusmuthub-v1,venus-f4124bbcd051f818,tranception_l_no_retrieval,2021-08,undocumented,training data exposure is not documented
venusmuthub-v1,venus-f68755df0ab4af4d,tranception_l_no_retrieval,2021-08,undocumented,training data exposure is not documented
venusmuthub-v1,venus-f6ad6a376a4ccae7,tranception_l_no_retrieval,2021-08,undocumented,training data exposure is not documented
venusmuthub-v1,venus-f9eaa71209b5568e,tranception_l_no_retrieval,2021-08,undocumented,training data exposure is not documented
venusmuthub-v1,venus-fb1d8ed35888b3e5,tranception_l_no_retrieval,2021-08,undocumented,training data exposure is not documented
venusmuthub-v1,venus-fb40294d4c662251,tranception_l_no_retrieval,2021-08,undocumented,training data exposure is not documented
venusmuthub-v1,venus-fdef8e3435880467,tranception_l_no_retrieval,2021-08,undocumented,training data exposure is not documented
mavedb-complement-v1,mavedb-287332153da38b59,tranception_l_retrieval,2021-08,undocumented,training data exposure is not documented
mavedb-complement-v1,mavedb-32f5d032de97ea22,tranception_l_retrieval,2021-08,undocumented,training data exposure is not documented
mavedb-complement-v1,mavedb-93100c3b9be6e587,tranception_l_retrieval,2021-08,undocumented,training data exposure is not documented
mavedb-complement-v1,mavedb-a5ca23fa1e625d66,tranception_l_retrieval,2021-08,undocumented,training data exposure is not documented
mavedb-complement-v1,mavedb-a5cec053cd1989b7,tranception_l_retrieval,2021-08,possible,exact sequence occurs in the development benchmark
mavedb-complement-v1,mavedb-aebeb991234cd8a3,tranception_l_retrieval,2021-08,undocumented,training data exposure is not documented
mavedb-complement-v1,mavedb-c6dd0092b775896c,tranception_l_retrieval,2021-08,undocumented,training data exposure is not documented
mavedb-complement-v1,mavedb-e3ca60f18e3b6e98,tranception_l_retrieval,2021-08,possible,exact sequence occurs in the development benchmark
venusmuthub-v1,venus-00073064a60d4804,tranception_l_retrieval,2021-08,undocumented,training data exposure is not documented
venusmuthub-v1,venus-06f736fe976e45ee,tranception_l_retrieval,2021-08,undocumented,training data exposure is not documented
venusmuthub-v1,venus-07739b7c44051d98,tranception_l_retrieval,2021-08,undocumented,training data exposure is not documented
venusmuthub-v1,venus-0ed16c1325aea2c9,tranception_l_retrieval,2021-08,undocumented,training data exposure is not documented
venusmuthub-v1,venus-12c59fe9dab495ee,tranception_l_retrieval,2021-08,undocumented,training data exposure is not documented
venusmuthub-v1,venus-1972eefa4a6ef629,tranception_l_retrieval,2021-08,undocumented,training data exposure is not documented
venusmuthub-v1,venus-1a8ae9058bbabf14,tranception_l_retrieval,2021-08,undocumented,training data exposure is not documented
venusmuthub-v1,venus-1b3d6bf42e0e7f84,tranception_l_retrieval,2021-08,undocumented,training data exposure is not documented
venusmuthub-v1,venus-1e4cf4ecbd674386,tranception_l_retrieval,2021-08,undocumented,training data exposure is not documented
venusmuthub-v1,venus-220a25f64746e26e,tranception_l_retrieval,2021-08,undocumented,training data exposure is not documented
venusmuthub-v1,venus-221bc429762aec74,tranception_l_retrieval,2021-08,undocumented,training data exposure is not documented
venusmuthub-v1,venus-23d9ea0d22f6126b,tranception_l_retrieval,2021-08,undocumented,training data exposure is not documented
venusmuthub-v1,venus-24f4e5b8d325ad4b,tranception_l_retrieval,2021-08,undocumented,training data exposure is not documented
venusmuthub-v1,venus-26da37179e20d7ed,tranception_l_retrieval,2021-08,undocumented,training data exposure is not documented
venusmuthub-v1,venus-2b9577dc9c561b21,tranception_l_retrieval,2021-08,undocumented,training data exposure is not documented
venusmuthub-v1,venus-2ebb2bc9d643c1fb,tranception_l_retrieval,2021-08,undocumented,training data exposure is not documented
venusmuthub-v1,venus-320f26d1be8a0cb0,tranception_l_retrieval,2021-08,undocumented,training data exposure is not documented
venusmuthub-v1,venus-3876c90807a78d74,tranception_l_retrieval,2021-08,undocumented,training data exposure is not documented
venusmuthub-v1,venus-396cc9af2c1e8c61,tranception_l_retrieval,2021-08,undocumented,training data exposure is not documented
venusmuthub-v1,venus-39a9db03eeb2ed00,tranception_l_retrieval,2021-08,undocumented,training data exposure is not documented
venusmuthub-v1,venus-409980eb48704393,tranception_l_retrieval,2021-08,undocumented,training data exposure is not documented
venusmuthub-v1,venus-422f5a848c7a8657,tranception_l_retrieval,2021-08,undocumented,training data exposure is not documented
venusmuthub-v1,venus-454b0fb8de143bcd,tranception_l_retrieval,2021-08,undocumented,training data exposure is not documented
venusmuthub-v1,venus-4701fdeb4ac57086,tranception_l_retrieval,2021-08,undocumented,training data exposure is not documented
venusmuthub-v1,venus-4bcbc7d4640f3c6b,tranception_l_retrieval,2021-08,undocumented,training data exposure is not documented
venusmuthub-v1,venus-4d282f160e018c4f,tranception_l_retrieval,2021-08,undocumented,training data exposure is not documented
venusmuthub-v1,venus-50eca14579e1a453,tranception_l_retrieval,2021-08,undocumented,training data exposure is not documented
venusmuthub-v1,venus-581332e2a42b24c1,tranception_l_retrieval,2021-08,undocumented,training data exposure is not documented
venusmuthub-v1,venus-63545238edf5954f,tranception_l_retrieval,2021-08,undocumented,training data exposure is not documented
venusmuthub-v1,venus-6468ef80b473ecc5,tranception_l_retrieval,2021-08,undocumented,training data exposure is not documented
venusmuthub-v1,venus-64be3ba2a292eb0f,tranception_l_retrieval,2021-08,undocumented,training data exposure is not documented
venusmuthub-v1,venus-69d5ae4457f6205e,tranception_l_retrieval,2021-08,undocumented,training data exposure is not documented
venusmuthub-v1,venus-6df418116e5febc9,tranception_l_retrieval,2021-08,undocumented,training data exposure is not documented
venusmuthub-v1,venus-71acb42055dde189,tranception_l_retrieval,2021-08,undocumented,training data exposure is not documented
venusmuthub-v1,venus-71ec9b1cef7a8594,tranception_l_retrieval,2021-08,undocumented,training data exposure is not documented
venusmuthub-v1,venus-751367a60fd75330,tranception_l_retrieval,2021-08,undocumented,training data exposure is not documented
venusmuthub-v1,venus-7bf6ce2de8172342,tranception_l_retrieval,2021-08,undocumented,training data exposure is not documented
venusmuthub-v1,venus-7e0f1f31cc7ee851,tranception_l_retrieval,2021-08,undocumented,training data exposure is not documented
venusmuthub-v1,venus-7f1786770ae32614,tranception_l_retrieval,2021-08,undocumented,training data exposure is not documented
venusmuthub-v1,venus-8372a9e4bb1e26bb,tranception_l_retrieval,2021-08,undocumented,training data exposure is not documented
venusmuthub-v1,venus-83a26c7e9a3b44b0,tranception_l_retrieval,2021-08,undocumented,training data exposure is not documented
venusmuthub-v1,venus-85368d807d9e50cd,tranception_l_retrieval,2021-08,undocumented,training data exposure is not documented
venusmuthub-v1,venus-8c2fbdb86968fbff,tranception_l_retrieval,2021-08,undocumented,training data exposure is not documented
venusmuthub-v1,venus-8c837ded111ff685,tranception_l_retrieval,2021-08,undocumented,training data exposure is not documented
venusmuthub-v1,venus-90e011f583a7e645,tranception_l_retrieval,2021-08,undocumented,training data exposure is not documented
venusmuthub-v1,venus-9357562029b4557a,tranception_l_retrieval,2021-08,undocumented,training data exposure is not documented
venusmuthub-v1,venus-9d99364a94571d80,tranception_l_retrieval,2021-08,undocumented,training data exposure is not documented
venusmuthub-v1,venus-a60540654b3cbbf9,tranception_l_retrieval,2021-08,undocumented,training data exposure is not documented
venusmuthub-v1,venus-aae92adf06e389cd,tranception_l_retrieval,2021-08,undocumented,training data exposure is not documented
venusmuthub-v1,venus-ad4f94972c4850d0,tranception_l_retrieval,2021-08,undocumented,training data exposure is not documented
venusmuthub-v1,venus-b09ae7265d5add56,tranception_l_retrieval,2021-08,undocumented,training data exposure is not documented
venusmuthub-v1,venus-b14a3532d287755b,tranception_l_retrieval,2021-08,undocumented,training data exposure is not documented
venusmuthub-v1,venus-b1ee988208ad234a,tranception_l_retrieval,2021-08,undocumented,training data exposure is not documented
venusmuthub-v1,venus-b2c012e22fa464aa,tranception_l_retrieval,2021-08,undocumented,training data exposure is not documented
venusmuthub-v1,venus-b41bf48f310c59c1,tranception_l_retrieval,2021-08,undocumented,training data exposure is not documented
venusmuthub-v1,venus-b6f228338d425ee2,tranception_l_retrieval,2021-08,undocumented,training data exposure is not documented
venusmuthub-v1,venus-b967cccca11973b6,tranception_l_retrieval,2021-08,undocumented,training data exposure is not documented
venusmuthub-v1,venus-ba70e13e9f086bea,tranception_l_retrieval,2021-08,undocumented,training data exposure is not documented
venusmuthub-v1,venus-ba768a97843a2ef2,tranception_l_retrieval,2021-08,undocumented,training data exposure is not documented
venusmuthub-v1,venus-bce692cd15f4091a,tranception_l_retrieval,2021-08,undocumented,training data exposure is not documented
venusmuthub-v1,venus-befc2489e9745489,tranception_l_retrieval,2021-08,undocumented,training data exposure is not documented
venusmuthub-v1,venus-bff43a6e4a79b5f8,tranception_l_retrieval,2021-08,undocumented,training data exposure is not documented
venusmuthub-v1,venus-c0ca168b53919943,tranception_l_retrieval,2021-08,undocumented,training data exposure is not documented
venusmuthub-v1,venus-c3600923ab93ac4e,tranception_l_retrieval,2021-08,undocumented,training data exposure is not documented
venusmuthub-v1,venus-c71bd410457488cf,tranception_l_retrieval,2021-08,undocumented,training data exposure is not documented
venusmuthub-v1,venus-c7eb0ffd0c784af8,tranception_l_retrieval,2021-08,undocumented,training data exposure is not documented
venusmuthub-v1,venus-cbc03f40f9753339,tranception_l_retrieval,2021-08,undocumented,training data exposure is not documented
venusmuthub-v1,venus-cf2e570131b80556,tranception_l_retrieval,2021-08,undocumented,training data exposure is not documented
venusmuthub-v1,venus-d0585182abfe2660,tranception_l_retrieval,2021-08,undocumented,training data exposure is not documented
venusmuthub-v1,venus-d187d570e2dc4402,tranception_l_retrieval,2021-08,undocumented,training data exposure is not documented
venusmuthub-v1,venus-d5b579600238875d,tranception_l_retrieval,2021-08,undocumented,training data exposure is not documented
venusmuthub-v1,venus-d7597d795a65b040,tranception_l_retrieval,2021-08,undocumented,training data exposure is not documented
venusmuthub-v1,venus-d98b2269ed529294,tranception_l_retrieval,2021-08,undocumented,training data exposure is not documented
venusmuthub-v1,venus-db6f99c2f0c1c621,tranception_l_retrieval,2021-08,undocumented,training data exposure is not documented
venusmuthub-v1,venus-db874159a334ddcf,tranception_l_retrieval,2021-08,undocumented,training data exposure is not documented
venusmuthub-v1,venus-de4763156d0659c0,tranception_l_retrieval,2021-08,undocumented,training data exposure is not documented
venusmuthub-v1,venus-e106cf9431361c23,tranception_l_retrieval,2021-08,undocumented,training data exposure is not documented
venusmuthub-v1,venus-e2c390013035df74,tranception_l_retrieval,2021-08,undocumented,training data exposure is not documented
venusmuthub-v1,venus-e534b07a29d6ecf2,tranception_l_retrieval,2021-08,undocumented,training data exposure is not documented
venusmuthub-v1,venus-e67b2509cf424b88,tranception_l_retrieval,2021-08,undocumented,training data exposure is not documented
venusmuthub-v1,venus-e882ec45e80e2ece,tranception_l_retrieval,2021-08,undocumented,training data exposure is not documented
venusmuthub-v1,venus-ee4abb868ebd5357,tranception_l_retrieval,2021-08,undocumented,training data exposure is not documented
venusmuthub-v1,venus-f215fc047b4ec592,tranception_l_retrieval,2021-08,undocumented,training data exposure is not documented
venusmuthub-v1,venus-f2eeeee6f8bc57e6,tranception_l_retrieval,2021-08,undocumented,training data exposure is not documented
venusmuthub-v1,venus-f4124bbcd051f818,tranception_l_retrieval,2021-08,undocumented,training data exposure is not documented
venusmuthub-v1,venus-f68755df0ab4af4d,tranception_l_retrieval,2021-08,undocumented,training data exposure is not documented
venusmuthub-v1,venus-f6ad6a376a4ccae7,tranception_l_retrieval,2021-08,undocumented,training data exposure is not documented
venusmuthub-v1,venus-f9eaa71209b5568e,tranception_l_retrieval,2021-08,undocumented,training data exposure is not documented
venusmuthub-v1,venus-fb1d8ed35888b3e5,tranception_l_retrieval,2021-08,undocumented,training data exposure is not documented
venusmuthub-v1,venus-fb40294d4c662251,tranception_l_retrieval,2021-08,undocumented,training data exposure is not documented
venusmuthub-v1,venus-fdef8e3435880467,tranception_l_retrieval,2021-08,undocumented,training data exposure is not documented
mavedb-complement-v1,mavedb-287332153da38b59,gemme,not_applicable,clean,model configuration declaration
mavedb-complement-v1,mavedb-32f5d032de97ea22,gemme,not_applicable,clean,model configuration declaration
mavedb-complement-v1,mavedb-93100c3b9be6e587,gemme,not_applicable,clean,model configuration declaration
mavedb-complement-v1,mavedb-a5ca23fa1e625d66,gemme,not_applicable,clean,model configuration declaration
mavedb-complement-v1,mavedb-a5cec053cd1989b7,gemme,not_applicable,clean,model configuration declaration
mavedb-complement-v1,mavedb-aebeb991234cd8a3,gemme,not_applicable,clean,model configuration declaration
mavedb-complement-v1,mavedb-c6dd0092b775896c,gemme,not_applicable,clean,model configuration declaration
mavedb-complement-v1,mavedb-e3ca60f18e3b6e98,gemme,not_applicable,clean,model configuration declaration
venusmuthub-v1,venus-00073064a60d4804,gemme,not_applicable,clean,model configuration declaration
venusmuthub-v1,venus-06f736fe976e45ee,gemme,not_applicable,clean,model configuration declaration
venusmuthub-v1,venus-07739b7c44051d98,gemme,not_applicable,clean,model configuration declaration
venusmuthub-v1,venus-0ed16c1325aea2c9,gemme,not_applicable,clean,model configuration declaration
venusmuthub-v1,venus-12c59fe9dab495ee,gemme,not_applicable,clean,model configuration declaration
venusmuthub-v1,venus-1972eefa4a6ef629,gemme,not_applicable,clean,model configuration declaration
venusmuthub-v1,venus-1a8ae9058bbabf14,gemme,not_applicable,clean,model configuration declaration
venusmuthub-v1,venus-1b3d6bf42e0e7f84,gemme,not_applicable,clean,model configuration declaration
venusmuthub-v1,venus-1e4cf4ecbd674386,gemme,not_applicable,clean,model configuration declaration
venusmuthub-v1,venus-220a25f64746e26e,gemme,not_applicable,clean,model configuration declaration
venusmuthub-v1,venus-221bc429762aec74,gemme,not_applicable,clean,model configuration declaration
venusmuthub-v1,venus-23d9ea0d22f6126b,gemme,not_applicable,clean,model configuration declaration
venusmuthub-v1,venus-24f4e5b8d325ad4b,gemme,not_applicable,clean,model configuration declaration
venusmuthub-v1,venus-26da37179e20d7ed,gemme,not_applicable,clean,model configuration declaration
venusmuthub-v1,venus-2b9577dc9c561b21,gemme,not_applicable,clean,model configuration declaration
venusmuthub-v1,venus-2ebb2bc9d643c1fb,gemme,not_applicable,clean,model configuration declaration
venusmuthub-v1,venus-320f26d1be8a0cb0,gemme,not_applicable,clean,model configuration declaration
venusmuthub-v1,venus-3876c90807a78d74,gemme,not_applicable,clean,model configuration declaration
venusmuthub-v1,venus-396cc9af2c1e8c61,gemme,not_applicable,clean,model configuration declaration
venusmuthub-v1,venus-39a9db03eeb2ed00,gemme,not_applicable,clean,model configuration declaration
venusmuthub-v1,venus-409980eb48704393,gemme,not_applicable,clean,model configuration declaration
venusmuthub-v1,venus-422f5a848c7a8657,gemme,not_applicable,clean,model configuration declaration
venusmuthub-v1,venus-454b0fb8de143bcd,gemme,not_applicable,clean,model configuration declaration
venusmuthub-v1,venus-4701fdeb4ac57086,gemme,not_applicable,clean,model configuration declaration
venusmuthub-v1,venus-4bcbc7d4640f3c6b,gemme,not_applicable,clean,model configuration declaration
venusmuthub-v1,venus-4d282f160e018c4f,gemme,not_applicable,clean,model configuration declaration
venusmuthub-v1,venus-50eca14579e1a453,gemme,not_applicable,clean,model configuration declaration
venusmuthub-v1,venus-581332e2a42b24c1,gemme,not_applicable,clean,model configuration declaration
venusmuthub-v1,venus-63545238edf5954f,gemme,not_applicable,clean,model configuration declaration
venusmuthub-v1,venus-6468ef80b473ecc5,gemme,not_applicable,clean,model configuration declaration
venusmuthub-v1,venus-64be3ba2a292eb0f,gemme,not_applicable,clean,model configuration declaration
venusmuthub-v1,venus-69d5ae4457f6205e,gemme,not_applicable,clean,model configuration declaration
venusmuthub-v1,venus-6df418116e5febc9,gemme,not_applicable,clean,model configuration declaration
venusmuthub-v1,venus-71acb42055dde189,gemme,not_applicable,clean,model configuration declaration
venusmuthub-v1,venus-71ec9b1cef7a8594,gemme,not_applicable,clean,model configuration declaration
venusmuthub-v1,venus-751367a60fd75330,gemme,not_applicable,clean,model configuration declaration
venusmuthub-v1,venus-7bf6ce2de8172342,gemme,not_applicable,clean,model configuration declaration
venusmuthub-v1,venus-7e0f1f31cc7ee851,gemme,not_applicable,clean,model configuration declaration
venusmuthub-v1,venus-7f1786770ae32614,gemme,not_applicable,clean,model configuration declaration
venusmuthub-v1,venus-8372a9e4bb1e26bb,gemme,not_applicable,clean,model configuration declaration
venusmuthub-v1,venus-83a26c7e9a3b44b0,gemme,not_applicable,clean,model configuration declaration
venusmuthub-v1,venus-85368d807d9e50cd,gemme,not_applicable,clean,model configuration declaration
venusmuthub-v1,venus-8c2fbdb86968fbff,gemme,not_applicable,clean,model configuration declaration
venusmuthub-v1,venus-8c837ded111ff685,gemme,not_applicable,clean,model configuration declaration
venusmuthub-v1,venus-90e011f583a7e645,gemme,not_applicable,clean,model configuration declaration
venusmuthub-v1,venus-9357562029b4557a,gemme,not_applicable,clean,model configuration declaration
venusmuthub-v1,venus-9d99364a94571d80,gemme,not_applicable,clean,model configuration declaration
venusmuthub-v1,venus-a60540654b3cbbf9,gemme,not_applicable,clean,model configuration declaration
venusmuthub-v1,venus-aae92adf06e389cd,gemme,not_applicable,clean,model configuration declaration
venusmuthub-v1,venus-ad4f94972c4850d0,gemme,not_applicable,clean,model configuration declaration
venusmuthub-v1,venus-b09ae7265d5add56,gemme,not_applicable,clean,model configuration declaration
venusmuthub-v1,venus-b14a3532d287755b,gemme,not_applicable,clean,model configuration declaration
venusmuthub-v1,venus-b1ee988208ad234a,gemme,not_applicable,clean,model configuration declaration
venusmuthub-v1,venus-b2c012e22fa464aa,gemme,not_applicable,clean,model configuration declaration
venusmuthub-v1,venus-b41bf48f310c59c1,gemme,not_applicable,clean,model configuration declaration
venusmuthub-v1,venus-b6f228338d425ee2,gemme,not_applicable,clean,model configuration declaration
venusmuthub-v1,venus-b967cccca11973b6,gemme,not_applicable,clean,model configuration declaration
venusmuthub-v1,venus-ba70e13e9f086bea,gemme,not_applicable,clean,model configuration declaration
venusmuthub-v1,venus-ba768a97843a2ef2,gemme,not_applicable,clean,model configuration declaration
venusmuthub-v1,venus-bce692cd15f4091a,gemme,not_applicable,clean,model configuration declaration
venusmuthub-v1,venus-befc2489e9745489,gemme,not_applicable,clean,model configuration declaration
venusmuthub-v1,venus-bff43a6e4a79b5f8,gemme,not_applicable,clean,model configuration declaration
venusmuthub-v1,venus-c0ca168b53919943,gemme,not_applicable,clean,model configuration declaration
venusmuthub-v1,venus-c3600923ab93ac4e,gemme,not_applicable,clean,model configuration declaration
venusmuthub-v1,venus-c71bd410457488cf,gemme,not_applicable,clean,model configuration declaration
venusmuthub-v1,venus-c7eb0ffd0c784af8,gemme,not_applicable,clean,model configuration declaration
venusmuthub-v1,venus-cbc03f40f9753339,gemme,not_applicable,clean,model configuration declaration
venusmuthub-v1,venus-cf2e570131b80556,gemme,not_applicable,clean,model configuration declaration
venusmuthub-v1,venus-d0585182abfe2660,gemme,not_applicable,clean,model configuration declaration
venusmuthub-v1,venus-d187d570e2dc4402,gemme,not_applicable,clean,model configuration declaration
venusmuthub-v1,venus-d5b579600238875d,gemme,not_applicable,clean,model configuration declaration
venusmuthub-v1,venus-d7597d795a65b040,gemme,not_applicable,clean,model configuration declaration
venusmuthub-v1,venus-d98b2269ed529294,gemme,not_applicable,clean,model configuration declaration
venusmuthub-v1,venus-db6f99c2f0c1c621,gemme,not_applicable,clean,model configuration declaration
venusmuthub-v1,venus-db874159a334ddcf,gemme,not_applicable,clean,model configuration declaration
venusmuthub-v1,venus-de4763156d0659c0,gemme,not_applicable,clean,model configuration declaration
venusmuthub-v1,venus-e106cf9431361c23,gemme,not_applicable,clean,model configuration declaration
venusmuthub-v1,venus-e2c390013035df74,gemme,not_applicable,clean,model configuration declaration
venusmuthub-v1,venus-e534b07a29d6ecf2,gemme,not_applicable,clean,model configuration declaration
venusmuthub-v1,venus-e67b2509cf424b88,gemme,not_applicable,clean,model configuration declaration
venusmuthub-v1,venus-e882ec45e80e2ece,gemme,not_applicable,clean,model configuration declaration
venusmuthub-v1,venus-ee4abb868ebd5357,gemme,not_applicable,clean,model configuration declaration
venusmuthub-v1,venus-f215fc047b4ec592,gemme,not_applicable,clean,model configuration declaration
venusmuthub-v1,venus-f2eeeee6f8bc57e6,gemme,not_applicable,clean,model configuration declaration
venusmuthub-v1,venus-f4124bbcd051f818,gemme,not_applicable,clean,model configuration declaration
venusmuthub-v1,venus-f68755df0ab4af4d,gemme,not_applicable,clean,model configuration declaration
venusmuthub-v1,venus-f6ad6a376a4ccae7,gemme,not_applicable,clean,model configuration declaration
venusmuthub-v1,venus-f9eaa71209b5568e,gemme,not_applicable,clean,model configuration declaration
venusmuthub-v1,venus-fb1d8ed35888b3e5,gemme,not_applicable,clean,model configuration declaration
venusmuthub-v1,venus-fb40294d4c662251,gemme,not_applicable,clean,model configuration declaration
venusmuthub-v1,venus-fdef8e3435880467,gemme,not_applicable,clean,model configuration declaration
mavedb-complement-v1,mavedb-287332153da38b59,saprot_650m,undocumented,undocumented,training data exposure is not documented
mavedb-complement-v1,mavedb-32f5d032de97ea22,saprot_650m,undocumented,undocumented,training data exposure is not documented
mavedb-complement-v1,mavedb-93100c3b9be6e587,saprot_650m,undocumented,undocumented,training data exposure is not documented
mavedb-complement-v1,mavedb-a5ca23fa1e625d66,saprot_650m,undocumented,undocumented,training data exposure is not documented
mavedb-complement-v1,mavedb-a5cec053cd1989b7,saprot_650m,undocumented,possible,exact sequence occurs in the development benchmark
mavedb-complement-v1,mavedb-aebeb991234cd8a3,saprot_650m,undocumented,undocumented,training data exposure is not documented
mavedb-complement-v1,mavedb-c6dd0092b775896c,saprot_650m,undocumented,undocumented,training data exposure is not documented
mavedb-complement-v1,mavedb-e3ca60f18e3b6e98,saprot_650m,undocumented,possible,exact sequence occurs in the development benchmark
venusmuthub-v1,venus-00073064a60d4804,saprot_650m,undocumented,undocumented,training data exposure is not documented
venusmuthub-v1,venus-06f736fe976e45ee,saprot_650m,undocumented,undocumented,training data exposure is not documented
venusmuthub-v1,venus-07739b7c44051d98,saprot_650m,undocumented,undocumented,training data exposure is not documented
venusmuthub-v1,venus-0ed16c1325aea2c9,saprot_650m,undocumented,undocumented,training data exposure is not documented
venusmuthub-v1,venus-12c59fe9dab495ee,saprot_650m,undocumented,undocumented,training data exposure is not documented
venusmuthub-v1,venus-1972eefa4a6ef629,saprot_650m,undocumented,undocumented,training data exposure is not documented
venusmuthub-v1,venus-1a8ae9058bbabf14,saprot_650m,undocumented,undocumented,training data exposure is not documented
venusmuthub-v1,venus-1b3d6bf42e0e7f84,saprot_650m,undocumented,undocumented,training data exposure is not documented
venusmuthub-v1,venus-1e4cf4ecbd674386,saprot_650m,undocumented,undocumented,training data exposure is not documented
venusmuthub-v1,venus-220a25f64746e26e,saprot_650m,undocumented,undocumented,training data exposure is not documented
venusmuthub-v1,venus-221bc429762aec74,saprot_650m,undocumented,undocumented,training data exposure is not documented
venusmuthub-v1,venus-23d9ea0d22f6126b,saprot_650m,undocumented,undocumented,training data exposure is not documented
venusmuthub-v1,venus-24f4e5b8d325ad4b,saprot_650m,undocumented,undocumented,training data exposure is not documented
venusmuthub-v1,venus-26da37179e20d7ed,saprot_650m,undocumented,undocumented,training data exposure is not documented
venusmuthub-v1,venus-2b9577dc9c561b21,saprot_650m,undocumented,undocumented,training data exposure is not documented
venusmuthub-v1,venus-2ebb2bc9d643c1fb,saprot_650m,undocumented,undocumented,training data exposure is not documented
venusmuthub-v1,venus-320f26d1be8a0cb0,saprot_650m,undocumented,undocumented,training data exposure is not documented
venusmuthub-v1,venus-3876c90807a78d74,saprot_650m,undocumented,undocumented,training data exposure is not documented
venusmuthub-v1,venus-396cc9af2c1e8c61,saprot_650m,undocumented,undocumented,training data exposure is not documented
venusmuthub-v1,venus-39a9db03eeb2ed00,saprot_650m,undocumented,undocumented,training data exposure is not documented
venusmuthub-v1,venus-409980eb48704393,saprot_650m,undocumented,undocumented,training data exposure is not documented
venusmuthub-v1,venus-422f5a848c7a8657,saprot_650m,undocumented,undocumented,training data exposure is not documented
venusmuthub-v1,venus-454b0fb8de143bcd,saprot_650m,undocumented,undocumented,training data exposure is not documented
venusmuthub-v1,venus-4701fdeb4ac57086,saprot_650m,undocumented,undocumented,training data exposure is not documented
venusmuthub-v1,venus-4bcbc7d4640f3c6b,saprot_650m,undocumented,undocumented,training data exposure is not documented
venusmuthub-v1,venus-4d282f160e018c4f,saprot_650m,undocumented,undocumented,training data exposure is not documented
venusmuthub-v1,venus-50eca14579e1a453,saprot_650m,undocumented,undocumented,training data exposure is not documented
venusmuthub-v1,venus-581332e2a42b24c1,saprot_650m,undocumented,undocumented,training data exposure is not documented
venusmuthub-v1,venus-63545238edf5954f,saprot_650m,undocumented,undocumented,training data exposure is not documented
venusmuthub-v1,venus-6468ef80b473ecc5,saprot_650m,undocumented,undocumented,training data exposure is not documented
venusmuthub-v1,venus-64be3ba2a292eb0f,saprot_650m,undocumented,undocumented,training data exposure is not documented
venusmuthub-v1,venus-69d5ae4457f6205e,saprot_650m,undocumented,undocumented,training data exposure is not documented
venusmuthub-v1,venus-6df418116e5febc9,saprot_650m,undocumented,undocumented,training data exposure is not documented
venusmuthub-v1,venus-71acb42055dde189,saprot_650m,undocumented,undocumented,training data exposure is not documented
venusmuthub-v1,venus-71ec9b1cef7a8594,saprot_650m,undocumented,undocumented,training data exposure is not documented
venusmuthub-v1,venus-751367a60fd75330,saprot_650m,undocumented,undocumented,training data exposure is not documented
venusmuthub-v1,venus-7bf6ce2de8172342,saprot_650m,undocumented,undocumented,training data exposure is not documented
venusmuthub-v1,venus-7e0f1f31cc7ee851,saprot_650m,undocumented,undocumented,training data exposure is not documented
venusmuthub-v1,venus-7f1786770ae32614,saprot_650m,undocumented,undocumented,training data exposure is not documented
venusmuthub-v1,venus-8372a9e4bb1e26bb,saprot_650m,undocumented,undocumented,training data exposure is not documented
venusmuthub-v1,venus-83a26c7e9a3b44b0,saprot_650m,undocumented,undocumented,training data exposure is not documented
venusmuthub-v1,venus-85368d807d9e50cd,saprot_650m,undocumented,undocumented,training data exposure is not documented
venusmuthub-v1,venus-8c2fbdb86968fbff,saprot_650m,undocumented,undocumented,training data exposure is not documented
venusmuthub-v1,venus-8c837ded111ff685,saprot_650m,undocumented,undocumented,training data exposure is not documented
venusmuthub-v1,venus-90e011f583a7e645,saprot_650m,undocumented,undocumented,training data exposure is not documented
venusmuthub-v1,venus-9357562029b4557a,saprot_650m,undocumented,undocumented,training data exposure is not documented
venusmuthub-v1,venus-9d99364a94571d80,saprot_650m,undocumented,undocumented,training data exposure is not documented
venusmuthub-v1,venus-a60540654b3cbbf9,saprot_650m,undocumented,undocumented,training data exposure is not documented
venusmuthub-v1,venus-aae92adf06e389cd,saprot_650m,undocumented,undocumented,training data exposure is not documented
venusmuthub-v1,venus-ad4f94972c4850d0,saprot_650m,undocumented,undocumented,training data exposure is not documented
venusmuthub-v1,venus-b09ae7265d5add56,saprot_650m,undocumented,undocumented,training data exposure is not documented
venusmuthub-v1,venus-b14a3532d287755b,saprot_650m,undocumented,undocumented,training data exposure is not documented
venusmuthub-v1,venus-b1ee988208ad234a,saprot_650m,undocumented,undocumented,training data exposure is not documented
venusmuthub-v1,venus-b2c012e22fa464aa,saprot_650m,undocumented,undocumented,training data exposure is not documented
venusmuthub-v1,venus-b41bf48f310c59c1,saprot_650m,undocumented,undocumented,training data exposure is not documented
venusmuthub-v1,venus-b6f228338d425ee2,saprot_650m,undocumented,undocumented,training data exposure is not documented
venusmuthub-v1,venus-b967cccca11973b6,saprot_650m,undocumented,undocumented,training data exposure is not documented
venusmuthub-v1,venus-ba70e13e9f086bea,saprot_650m,undocumented,undocumented,training data exposure is not documented
venusmuthub-v1,venus-ba768a97843a2ef2,saprot_650m,undocumented,undocumented,training data exposure is not documented
venusmuthub-v1,venus-bce692cd15f4091a,saprot_650m,undocumented,undocumented,training data exposure is not documented
venusmuthub-v1,venus-befc2489e9745489,saprot_650m,undocumented,undocumented,training data exposure is not documented
venusmuthub-v1,venus-bff43a6e4a79b5f8,saprot_650m,undocumented,undocumented,training data exposure is not documented
venusmuthub-v1,venus-c0ca168b53919943,saprot_650m,undocumented,undocumented,training data exposure is not documented
venusmuthub-v1,venus-c3600923ab93ac4e,saprot_650m,undocumented,undocumented,training data exposure is not documented
venusmuthub-v1,venus-c71bd410457488cf,saprot_650m,undocumented,undocumented,training data exposure is not documented
venusmuthub-v1,venus-c7eb0ffd0c784af8,saprot_650m,undocumented,undocumented,training data exposure is not documented
venusmuthub-v1,venus-cbc03f40f9753339,saprot_650m,undocumented,undocumented,training data exposure is not documented
venusmuthub-v1,venus-cf2e570131b80556,saprot_650m,undocumented,undocumented,training data exposure is not documented
venusmuthub-v1,venus-d0585182abfe2660,saprot_650m,undocumented,undocumented,training data exposure is not documented
venusmuthub-v1,venus-d187d570e2dc4402,saprot_650m,undocumented,undocumented,training data exposure is not documented
venusmuthub-v1,venus-d5b579600238875d,saprot_650m,undocumented,undocumented,training data exposure is not documented
venusmuthub-v1,venus-d7597d795a65b040,saprot_650m,undocumented,undocumented,training data exposure is not documented
venusmuthub-v1,venus-d98b2269ed529294,saprot_650m,undocumented,undocumented,training data exposure is not documented
venusmuthub-v1,venus-db6f99c2f0c1c621,saprot_650m,undocumented,undocumented,training data exposure is not documented
venusmuthub-v1,venus-db874159a334ddcf,saprot_650m,undocumented,undocumented,training data exposure is not documented
venusmuthub-v1,venus-de4763156d0659c0,saprot_650m,undocumented,undocumented,training data exposure is not documented
venusmuthub-v1,venus-e106cf9431361c23,saprot_650m,undocumented,undocumented,training data exposure is not documented
venusmuthub-v1,venus-e2c390013035df74,saprot_650m,undocumented,undocumented,training data exposure is not documented
venusmuthub-v1,venus-e534b07a29d6ecf2,saprot_650m,undocumented,undocumented,training data exposure is not documented
venusmuthub-v1,venus-e67b2509cf424b88,saprot_650m,undocumented,undocumented,training data exposure is not documented
venusmuthub-v1,venus-e882ec45e80e2ece,saprot_650m,undocumented,undocumented,training data exposure is not documented
venusmuthub-v1,venus-ee4abb868ebd5357,saprot_650m,undocumented,undocumented,training data exposure is not documented
venusmuthub-v1,venus-f215fc047b4ec592,saprot_650m,undocumented,undocumented,training data exposure is not documented
venusmuthub-v1,venus-f2eeeee6f8bc57e6,saprot_650m,undocumented,undocumented,training data exposure is not documented
venusmuthub-v1,venus-f4124bbcd051f818,saprot_650m,undocumented,undocumented,training data exposure is not documented
venusmuthub-v1,venus-f68755df0ab4af4d,saprot_650m,undocumented,undocumented,training data exposure is not documented
venusmuthub-v1,venus-f6ad6a376a4ccae7,saprot_650m,undocumented,undocumented,training data exposure is not documented
venusmuthub-v1,venus-f9eaa71209b5568e,saprot_650m,undocumented,undocumented,training data exposure is not documented
venusmuthub-v1,venus-fb1d8ed35888b3e5,saprot_650m,undocumented,undocumented,training data exposure is not documented
venusmuthub-v1,venus-fb40294d4c662251,saprot_650m,undocumented,undocumented,training data exposure is not documented
venusmuthub-v1,venus-fdef8e3435880467,saprot_650m,undocumented,undocumented,training data exposure is not documented
mavedb-complement-v1,mavedb-287332153da38b59,prosst_2048,undocumented,undocumented,training data exposure is not documented
mavedb-complement-v1,mavedb-32f5d032de97ea22,prosst_2048,undocumented,undocumented,training data exposure is not documented
mavedb-complement-v1,mavedb-93100c3b9be6e587,prosst_2048,undocumented,undocumented,training data exposure is not documented
mavedb-complement-v1,mavedb-a5ca23fa1e625d66,prosst_2048,undocumented,undocumented,training data exposure is not documented
mavedb-complement-v1,mavedb-a5cec053cd1989b7,prosst_2048,undocumented,possible,exact sequence occurs in the development benchmark
mavedb-complement-v1,mavedb-aebeb991234cd8a3,prosst_2048,undocumented,undocumented,training data exposure is not documented
mavedb-complement-v1,mavedb-c6dd0092b775896c,prosst_2048,undocumented,undocumented,training data exposure is not documented
mavedb-complement-v1,mavedb-e3ca60f18e3b6e98,prosst_2048,undocumented,possible,exact sequence occurs in the development benchmark
venusmuthub-v1,venus-00073064a60d4804,prosst_2048,undocumented,undocumented,training data exposure is not documented
venusmuthub-v1,venus-06f736fe976e45ee,prosst_2048,undocumented,undocumented,training data exposure is not documented
venusmuthub-v1,venus-07739b7c44051d98,prosst_2048,undocumented,undocumented,training data exposure is not documented
venusmuthub-v1,venus-0ed16c1325aea2c9,prosst_2048,undocumented,undocumented,training data exposure is not documented
venusmuthub-v1,venus-12c59fe9dab495ee,prosst_2048,undocumented,undocumented,training data exposure is not documented
venusmuthub-v1,venus-1972eefa4a6ef629,prosst_2048,undocumented,undocumented,training data exposure is not documented
venusmuthub-v1,venus-1a8ae9058bbabf14,prosst_2048,undocumented,undocumented,training data exposure is not documented
venusmuthub-v1,venus-1b3d6bf42e0e7f84,prosst_2048,undocumented,undocumented,training data exposure is not documented
venusmuthub-v1,venus-1e4cf4ecbd674386,prosst_2048,undocumented,undocumented,training data exposure is not documented
venusmuthub-v1,venus-220a25f64746e26e,prosst_2048,undocumented,undocumented,training data exposure is not documented
venusmuthub-v1,venus-221bc429762aec74,prosst_2048,undocumented,undocumented,training data exposure is not documented
venusmuthub-v1,venus-23d9ea0d22f6126b,prosst_2048,undocumented,undocumented,training data exposure is not documented
venusmuthub-v1,venus-24f4e5b8d325ad4b,prosst_2048,undocumented,undocumented,training data exposure is not documented
venusmuthub-v1,venus-26da37179e20d7ed,prosst_2048,undocumented,undocumented,training data exposure is not documented
venusmuthub-v1,venus-2b9577dc9c561b21,prosst_2048,undocumented,undocumented,training data exposure is not documented
venusmuthub-v1,venus-2ebb2bc9d643c1fb,prosst_2048,undocumented,undocumented,training data exposure is not documented
venusmuthub-v1,venus-320f26d1be8a0cb0,prosst_2048,undocumented,undocumented,training data exposure is not documented
venusmuthub-v1,venus-3876c90807a78d74,prosst_2048,undocumented,undocumented,training data exposure is not documented
venusmuthub-v1,venus-396cc9af2c1e8c61,prosst_2048,undocumented,undocumented,training data exposure is not documented
venusmuthub-v1,venus-39a9db03eeb2ed00,prosst_2048,undocumented,undocumented,training data exposure is not documented
venusmuthub-v1,venus-409980eb48704393,prosst_2048,undocumented,undocumented,training data exposure is not documented
venusmuthub-v1,venus-422f5a848c7a8657,prosst_2048,undocumented,undocumented,training data exposure is not documented
venusmuthub-v1,venus-454b0fb8de143bcd,prosst_2048,undocumented,undocumented,training data exposure is not documented
venusmuthub-v1,venus-4701fdeb4ac57086,prosst_2048,undocumented,undocumented,training data exposure is not documented
venusmuthub-v1,venus-4bcbc7d4640f3c6b,prosst_2048,undocumented,undocumented,training data exposure is not documented
venusmuthub-v1,venus-4d282f160e018c4f,prosst_2048,undocumented,undocumented,training data exposure is not documented
venusmuthub-v1,venus-50eca14579e1a453,prosst_2048,undocumented,undocumented,training data exposure is not documented
venusmuthub-v1,venus-581332e2a42b24c1,prosst_2048,undocumented,undocumented,training data exposure is not documented
venusmuthub-v1,venus-63545238edf5954f,prosst_2048,undocumented,undocumented,training data exposure is not documented
venusmuthub-v1,venus-6468ef80b473ecc5,prosst_2048,undocumented,undocumented,training data exposure is not documented
venusmuthub-v1,venus-64be3ba2a292eb0f,prosst_2048,undocumented,undocumented,training data exposure is not documented
venusmuthub-v1,venus-69d5ae4457f6205e,prosst_2048,undocumented,undocumented,training data exposure is not documented
venusmuthub-v1,venus-6df418116e5febc9,prosst_2048,undocumented,undocumented,training data exposure is not documented
venusmuthub-v1,venus-71acb42055dde189,prosst_2048,undocumented,undocumented,training data exposure is not documented
venusmuthub-v1,venus-71ec9b1cef7a8594,prosst_2048,undocumented,undocumented,training data exposure is not documented
venusmuthub-v1,venus-751367a60fd75330,prosst_2048,undocumented,undocumented,training data exposure is not documented
venusmuthub-v1,venus-7bf6ce2de8172342,prosst_2048,undocumented,undocumented,training data exposure is not documented
venusmuthub-v1,venus-7e0f1f31cc7ee851,prosst_2048,undocumented,undocumented,training data exposure is not documented
venusmuthub-v1,venus-7f1786770ae32614,prosst_2048,undocumented,undocumented,training data exposure is not documented
venusmuthub-v1,venus-8372a9e4bb1e26bb,prosst_2048,undocumented,undocumented,training data exposure is not documented
venusmuthub-v1,venus-83a26c7e9a3b44b0,prosst_2048,undocumented,undocumented,training data exposure is not documented
venusmuthub-v1,venus-85368d807d9e50cd,prosst_2048,undocumented,undocumented,training data exposure is not documented
venusmuthub-v1,venus-8c2fbdb86968fbff,prosst_2048,undocumented,undocumented,training data exposure is not documented
venusmuthub-v1,venus-8c837ded111ff685,prosst_2048,undocumented,undocumented,training data exposure is not documented
venusmuthub-v1,venus-90e011f583a7e645,prosst_2048,undocumented,undocumented,training data exposure is not documented
venusmuthub-v1,venus-9357562029b4557a,prosst_2048,undocumented,undocumented,training data exposure is not documented
venusmuthub-v1,venus-9d99364a94571d80,prosst_2048,undocumented,undocumented,training data exposure is not documented
venusmuthub-v1,venus-a60540654b3cbbf9,prosst_2048,undocumented,undocumented,training data exposure is not documented
venusmuthub-v1,venus-aae92adf06e389cd,prosst_2048,undocumented,undocumented,training data exposure is not documented
venusmuthub-v1,venus-ad4f94972c4850d0,prosst_2048,undocumented,undocumented,training data exposure is not documented
venusmuthub-v1,venus-b09ae7265d5add56,prosst_2048,undocumented,undocumented,training data exposure is not documented
venusmuthub-v1,venus-b14a3532d287755b,prosst_2048,undocumented,undocumented,training data exposure is not documented
venusmuthub-v1,venus-b1ee988208ad234a,prosst_2048,undocumented,undocumented,training data exposure is not documented
venusmuthub-v1,venus-b2c012e22fa464aa,prosst_2048,undocumented,undocumented,training data exposure is not documented
venusmuthub-v1,venus-b41bf48f310c59c1,prosst_2048,undocumented,undocumented,training data exposure is not documented
venusmuthub-v1,venus-b6f228338d425ee2,prosst_2048,undocumented,undocumented,training data exposure is not documented
venusmuthub-v1,venus-b967cccca11973b6,prosst_2048,undocumented,undocumented,training data exposure is not documented
venusmuthub-v1,venus-ba70e13e9f086bea,prosst_2048,undocumented,undocumented,training data exposure is not documented
venusmuthub-v1,venus-ba768a97843a2ef2,prosst_2048,undocumented,undocumented,training data exposure is not documented
venusmuthub-v1,venus-bce692cd15f4091a,prosst_2048,undocumented,undocumented,training data exposure is not documented
venusmuthub-v1,venus-befc2489e9745489,prosst_2048,undocumented,undocumented,training data exposure is not documented
venusmuthub-v1,venus-bff43a6e4a79b5f8,prosst_2048,undocumented,undocumented,training data exposure is not documented
venusmuthub-v1,venus-c0ca168b53919943,prosst_2048,undocumented,undocumented,training data exposure is not documented
venusmuthub-v1,venus-c3600923ab93ac4e,prosst_2048,undocumented,undocumented,training data exposure is not documented
venusmuthub-v1,venus-c71bd410457488cf,prosst_2048,undocumented,undocumented,training data exposure is not documented
venusmuthub-v1,venus-c7eb0ffd0c784af8,prosst_2048,undocumented,undocumented,training data exposure is not documented
venusmuthub-v1,venus-cbc03f40f9753339,prosst_2048,undocumented,undocumented,training data exposure is not documented
venusmuthub-v1,venus-cf2e570131b80556,prosst_2048,undocumented,undocumented,training data exposure is not documented
venusmuthub-v1,venus-d0585182abfe2660,prosst_2048,undocumented,undocumented,training data exposure is not documented
venusmuthub-v1,venus-d187d570e2dc4402,prosst_2048,undocumented,undocumented,training data exposure is not documented
venusmuthub-v1,venus-d5b579600238875d,prosst_2048,undocumented,undocumented,training data exposure is not documented
venusmuthub-v1,venus-d7597d795a65b040,prosst_2048,undocumented,undocumented,training data exposure is not documented
venusmuthub-v1,venus-d98b2269ed529294,prosst_2048,undocumented,undocumented,training data exposure is not documented
venusmuthub-v1,venus-db6f99c2f0c1c621,prosst_2048,undocumented,undocumented,training data exposure is not documented
venusmuthub-v1,venus-db874159a334ddcf,prosst_2048,undocumented,undocumented,training data exposure is not documented
venusmuthub-v1,venus-de4763156d0659c0,prosst_2048,undocumented,undocumented,training data exposure is not documented
venusmuthub-v1,venus-e106cf9431361c23,prosst_2048,undocumented,undocumented,training data exposure is not documented
venusmuthub-v1,venus-e2c390013035df74,prosst_2048,undocumented,undocumented,training data exposure is not documented
venusmuthub-v1,venus-e534b07a29d6ecf2,prosst_2048,undocumented,undocumented,training data exposure is not documented
venusmuthub-v1,venus-e67b2509cf424b88,prosst_2048,undocumented,undocumented,training data exposure is not documented
venusmuthub-v1,venus-e882ec45e80e2ece,prosst_2048,undocumented,undocumented,training data exposure is not documented
venusmuthub-v1,venus-ee4abb868ebd5357,prosst_2048,undocumented,undocumented,training data exposure is not documented
venusmuthub-v1,venus-f215fc047b4ec592,prosst_2048,undocumented,undocumented,training data exposure is not documented
venusmuthub-v1,venus-f2eeeee6f8bc57e6,prosst_2048,undocumented,undocumented,training data exposure is not documented
venusmuthub-v1,venus-f4124bbcd051f818,prosst_2048,undocumented,undocumented,training data exposure is not documented
venusmuthub-v1,venus-f68755df0ab4af4d,prosst_2048,undocumented,undocumented,training data exposure is not documented
venusmuthub-v1,venus-f6ad6a376a4ccae7,prosst_2048,undocumented,undocumented,training data exposure is not documented
venusmuthub-v1,venus-f9eaa71209b5568e,prosst_2048,undocumented,undocumented,training data exposure is not documented
venusmuthub-v1,venus-fb1d8ed35888b3e5,prosst_2048,undocumented,undocumented,training data exposure is not documented
venusmuthub-v1,venus-fb40294d4c662251,prosst_2048,undocumented,undocumented,training data exposure is not documented
venusmuthub-v1,venus-fdef8e3435880467,prosst_2048,undocumented,undocumented,training data exposure is not documented
mavedb-complement-v1,mavedb-287332153da38b59,venusrem,undocumented,possible,model configuration declaration
mavedb-complement-v1,mavedb-32f5d032de97ea22,venusrem,undocumented,possible,model configuration declaration
mavedb-complement-v1,mavedb-93100c3b9be6e587,venusrem,undocumented,possible,model configuration declaration
mavedb-complement-v1,mavedb-a5ca23fa1e625d66,venusrem,undocumented,possible,model configuration declaration
mavedb-complement-v1,mavedb-a5cec053cd1989b7,venusrem,undocumented,possible,model configuration declaration
mavedb-complement-v1,mavedb-aebeb991234cd8a3,venusrem,undocumented,possible,model configuration declaration
mavedb-complement-v1,mavedb-c6dd0092b775896c,venusrem,undocumented,possible,model configuration declaration
mavedb-complement-v1,mavedb-e3ca60f18e3b6e98,venusrem,undocumented,possible,model configuration declaration
venusmuthub-v1,venus-00073064a60d4804,venusrem,undocumented,possible,model configuration declaration
venusmuthub-v1,venus-06f736fe976e45ee,venusrem,undocumented,possible,model configuration declaration
venusmuthub-v1,venus-07739b7c44051d98,venusrem,undocumented,possible,model configuration declaration
venusmuthub-v1,venus-0ed16c1325aea2c9,venusrem,undocumented,possible,model configuration declaration
venusmuthub-v1,venus-12c59fe9dab495ee,venusrem,undocumented,possible,model configuration declaration
venusmuthub-v1,venus-1972eefa4a6ef629,venusrem,undocumented,possible,model configuration declaration
venusmuthub-v1,venus-1a8ae9058bbabf14,venusrem,undocumented,possible,model configuration declaration
venusmuthub-v1,venus-1b3d6bf42e0e7f84,venusrem,undocumented,possible,model configuration declaration
venusmuthub-v1,venus-1e4cf4ecbd674386,venusrem,undocumented,possible,model configuration declaration
venusmuthub-v1,venus-220a25f64746e26e,venusrem,undocumented,possible,model configuration declaration
venusmuthub-v1,venus-221bc429762aec74,venusrem,undocumented,possible,model configuration declaration
venusmuthub-v1,venus-23d9ea0d22f6126b,venusrem,undocumented,possible,model configuration declaration
venusmuthub-v1,venus-24f4e5b8d325ad4b,venusrem,undocumented,possible,model configuration declaration
venusmuthub-v1,venus-26da37179e20d7ed,venusrem,undocumented,possible,model configuration declaration
venusmuthub-v1,venus-2b9577dc9c561b21,venusrem,undocumented,possible,model configuration declaration
venusmuthub-v1,venus-2ebb2bc9d643c1fb,venusrem,undocumented,possible,model configuration declaration
venusmuthub-v1,venus-320f26d1be8a0cb0,venusrem,undocumented,possible,model configuration declaration
venusmuthub-v1,venus-3876c90807a78d74,venusrem,undocumented,possible,model configuration declaration
venusmuthub-v1,venus-396cc9af2c1e8c61,venusrem,undocumented,possible,model configuration declaration
venusmuthub-v1,venus-39a9db03eeb2ed00,venusrem,undocumented,possible,model configuration declaration
venusmuthub-v1,venus-409980eb48704393,venusrem,undocumented,possible,model configuration declaration
venusmuthub-v1,venus-422f5a848c7a8657,venusrem,undocumented,possible,model configuration declaration
venusmuthub-v1,venus-454b0fb8de143bcd,venusrem,undocumented,possible,model configuration declaration
venusmuthub-v1,venus-4701fdeb4ac57086,venusrem,undocumented,possible,model configuration declaration
venusmuthub-v1,venus-4bcbc7d4640f3c6b,venusrem,undocumented,possible,model configuration declaration
venusmuthub-v1,venus-4d282f160e018c4f,venusrem,undocumented,possible,model configuration declaration
venusmuthub-v1,venus-50eca14579e1a453,venusrem,undocumented,possible,model configuration declaration
venusmuthub-v1,venus-581332e2a42b24c1,venusrem,undocumented,possible,model configuration declaration
venusmuthub-v1,venus-63545238edf5954f,venusrem,undocumented,possible,model configuration declaration
venusmuthub-v1,venus-6468ef80b473ecc5,venusrem,undocumented,possible,model configuration declaration
venusmuthub-v1,venus-64be3ba2a292eb0f,venusrem,undocumented,possible,model configuration declaration
venusmuthub-v1,venus-69d5ae4457f6205e,venusrem,undocumented,possible,model configuration declaration
venusmuthub-v1,venus-6df418116e5febc9,venusrem,undocumented,possible,model configuration declaration
venusmuthub-v1,venus-71acb42055dde189,venusrem,undocumented,possible,model configuration declaration
venusmuthub-v1,venus-71ec9b1cef7a8594,venusrem,undocumented,possible,model configuration declaration
venusmuthub-v1,venus-751367a60fd75330,venusrem,undocumented,possible,model configuration declaration
venusmuthub-v1,venus-7bf6ce2de8172342,venusrem,undocumented,possible,model configuration declaration
venusmuthub-v1,venus-7e0f1f31cc7ee851,venusrem,undocumented,possible,model configuration declaration
venusmuthub-v1,venus-7f1786770ae32614,venusrem,undocumented,possible,model configuration declaration
venusmuthub-v1,venus-8372a9e4bb1e26bb,venusrem,undocumented,possible,model configuration declaration
venusmuthub-v1,venus-83a26c7e9a3b44b0,venusrem,undocumented,possible,model configuration declaration
venusmuthub-v1,venus-85368d807d9e50cd,venusrem,undocumented,possible,model configuration declaration
venusmuthub-v1,venus-8c2fbdb86968fbff,venusrem,undocumented,possible,model configuration declaration
venusmuthub-v1,venus-8c837ded111ff685,venusrem,undocumented,possible,model configuration declaration
venusmuthub-v1,venus-90e011f583a7e645,venusrem,undocumented,possible,model configuration declaration
venusmuthub-v1,venus-9357562029b4557a,venusrem,undocumented,possible,model configuration declaration
venusmuthub-v1,venus-9d99364a94571d80,venusrem,undocumented,possible,model configuration declaration
venusmuthub-v1,venus-a60540654b3cbbf9,venusrem,undocumented,possible,model configuration declaration
venusmuthub-v1,venus-aae92adf06e389cd,venusrem,undocumented,possible,model configuration declaration
venusmuthub-v1,venus-ad4f94972c4850d0,venusrem,undocumented,possible,model configuration declaration
venusmuthub-v1,venus-b09ae7265d5add56,venusrem,undocumented,possible,model configuration declaration
venusmuthub-v1,venus-b14a3532d287755b,venusrem,undocumented,possible,model configuration declaration
venusmuthub-v1,venus-b1ee988208ad234a,venusrem,undocumented,possible,model configuration declaration
venusmuthub-v1,venus-b2c012e22fa464aa,venusrem,undocumented,possible,model configuration declaration
venusmuthub-v1,venus-b41bf48f310c59c1,venusrem,undocumented,possible,model configuration declaration
venusmuthub-v1,venus-b6f228338d425ee2,venusrem,undocumented,possible,model configuration declaration
venusmuthub-v1,venus-b967cccca11973b6,venusrem,undocumented,possible,model configuration declaration
venusmuthub-v1,venus-ba70e13e9f086bea,venusrem,undocumented,possible,model configuration declaration
venusmuthub-v1,venus-ba768a97843a2ef2,venusrem,undocumented,possible,model configuration declaration
venusmuthub-v1,venus-bce692cd15f4091a,venusrem,undocumented,possible,model configuration declaration
venusmuthub-v1,venus-befc2489e9745489,venusrem,undocumented,possible,model configuration declaration
venusmuthub-v1,venus-bff43a6e4a79b5f8,venusrem,undocumented,possible,model configuration declaration
venusmuthub-v1,venus-c0ca168b53919943,venusrem,undocumented,possible,model configuration declaration
venusmuthub-v1,venus-c3600923ab93ac4e,venusrem,undocumented,possible,model configuration declaration
venusmuthub-v1,venus-c71bd410457488cf,venusrem,undocumented,possible,model configuration declaration
venusmuthub-v1,venus-c7eb0ffd0c784af8,venusrem,undocumented,possible,model configuration declaration
venusmuthub-v1,venus-cbc03f40f9753339,venusrem,undocumented,possible,model configuration declaration
venusmuthub-v1,venus-cf2e570131b80556,venusrem,undocumented,possible,model configuration declaration
venusmuthub-v1,venus-d0585182abfe2660,venusrem,undocumented,possible,model configuration declaration
venusmuthub-v1,venus-d187d570e2dc4402,venusrem,undocumented,possible,model configuration declaration
venusmuthub-v1,venus-d5b579600238875d,venusrem,undocumented,possible,model configuration declaration
venusmuthub-v1,venus-d7597d795a65b040,venusrem,undocumented,possible,model configuration declaration
venusmuthub-v1,venus-d98b2269ed529294,venusrem,undocumented,possible,model configuration declaration
venusmuthub-v1,venus-db6f99c2f0c1c621,venusrem,undocumented,possible,model configuration declaration
venusmuthub-v1,venus-db874159a334ddcf,venusrem,undocumented,possible,model configuration declaration
venusmuthub-v1,venus-de4763156d0659c0,venusrem,undocumented,possible,model configuration declaration
venusmuthub-v1,venus-e106cf9431361c23,venusrem,undocumented,possible,model configuration declaration
venusmuthub-v1,venus-e2c390013035df74,venusrem,undocumented,possible,model configuration declaration
venusmuthub-v1,venus-e534b07a29d6ecf2,venusrem,undocumented,possible,model configuration declaration
venusmuthub-v1,venus-e67b2509cf424b88,venusrem,undocumented,possible,model configuration declaration
venusmuthub-v1,venus-e882ec45e80e2ece,venusrem,undocumented,possible,model configuration declaration
venusmuthub-v1,venus-ee4abb868ebd5357,venusrem,undocumented,possible,model configuration declaration
venusmuthub-v1,venus-f215fc047b4ec592,venusrem,undocumented,possible,model configuration declaration
venusmuthub-v1,venus-f2eeeee6f8bc57e6,venusrem,undocumented,possible,model configuration declaration
venusmuthub-v1,venus-f4124bbcd051f818,venusrem,undocumented,possible,model configuration declaration
venusmuthub-v1,venus-f68755df0ab4af4d,venusrem,undocumented,possible,model configuration declaration
venusmuthub-v1,venus-f6ad6a376a4ccae7,venusrem,undocumented,possible,model configuration declaration
venusmuthub-v1,venus-f9eaa71209b5568e,venusrem,undocumented,possible,model configuration declaration
venusmuthub-v1,venus-fb1d8ed35888b3e5,venusrem,undocumented,possible,model configuration declaration
venusmuthub-v1,venus-fb40294d4c662251,venusrem,undocumented,possible,model configuration declaration
venusmuthub-v1,venus-fdef8e3435880467,venusrem,undocumented,possible,model configuration declaration
mavedb-complement-v1,mavedb-287332153da38b59,vespag,2023,known,model configuration declaration
mavedb-complement-v1,mavedb-32f5d032de97ea22,vespag,2023,known,model configuration declaration
mavedb-complement-v1,mavedb-93100c3b9be6e587,vespag,2023,known,model configuration declaration
mavedb-complement-v1,mavedb-a5ca23fa1e625d66,vespag,2023,known,model configuration declaration
mavedb-complement-v1,mavedb-a5cec053cd1989b7,vespag,2023,known,model configuration declaration
mavedb-complement-v1,mavedb-aebeb991234cd8a3,vespag,2023,known,model configuration declaration
mavedb-complement-v1,mavedb-c6dd0092b775896c,vespag,2023,known,model configuration declaration
mavedb-complement-v1,mavedb-e3ca60f18e3b6e98,vespag,2023,known,model configuration declaration
venusmuthub-v1,venus-00073064a60d4804,vespag,2023,known,model configuration declaration
venusmuthub-v1,venus-06f736fe976e45ee,vespag,2023,known,model configuration declaration
venusmuthub-v1,venus-07739b7c44051d98,vespag,2023,known,model configuration declaration
venusmuthub-v1,venus-0ed16c1325aea2c9,vespag,2023,known,model configuration declaration
venusmuthub-v1,venus-12c59fe9dab495ee,vespag,2023,known,model configuration declaration
venusmuthub-v1,venus-1972eefa4a6ef629,vespag,2023,known,model configuration declaration
venusmuthub-v1,venus-1a8ae9058bbabf14,vespag,2023,known,model configuration declaration
venusmuthub-v1,venus-1b3d6bf42e0e7f84,vespag,2023,known,model configuration declaration
venusmuthub-v1,venus-1e4cf4ecbd674386,vespag,2023,known,model configuration declaration
venusmuthub-v1,venus-220a25f64746e26e,vespag,2023,known,model configuration declaration
venusmuthub-v1,venus-221bc429762aec74,vespag,2023,known,model configuration declaration
venusmuthub-v1,venus-23d9ea0d22f6126b,vespag,2023,known,model configuration declaration
venusmuthub-v1,venus-24f4e5b8d325ad4b,vespag,2023,known,model configuration declaration
venusmuthub-v1,venus-26da37179e20d7ed,vespag,2023,known,model configuration declaration
venusmuthub-v1,venus-2b9577dc9c561b21,vespag,2023,known,model configuration declaration
venusmuthub-v1,venus-2ebb2bc9d643c1fb,vespag,2023,known,model configuration declaration
venusmuthub-v1,venus-320f26d1be8a0cb0,vespag,2023,known,model configuration declaration
venusmuthub-v1,venus-3876c90807a78d74,vespag,2023,known,model configuration declaration
venusmuthub-v1,venus-396cc9af2c1e8c61,vespag,2023,known,model configuration declaration
venusmuthub-v1,venus-39a9db03eeb2ed00,vespag,2023,known,model configuration declaration
venusmuthub-v1,venus-409980eb48704393,vespag,2023,known,model configuration declaration
venusmuthub-v1,venus-422f5a848c7a8657,vespag,2023,known,model configuration declaration
venusmuthub-v1,venus-454b0fb8de143bcd,vespag,2023,known,model configuration declaration
venusmuthub-v1,venus-4701fdeb4ac57086,vespag,2023,known,model configuration declaration
venusmuthub-v1,venus-4bcbc7d4640f3c6b,vespag,2023,known,model configuration declaration
venusmuthub-v1,venus-4d282f160e018c4f,vespag,2023,known,model configuration declaration
venusmuthub-v1,venus-50eca14579e1a453,vespag,2023,known,model configuration declaration
venusmuthub-v1,venus-581332e2a42b24c1,vespag,2023,known,model configuration declaration
venusmuthub-v1,venus-63545238edf5954f,vespag,2023,known,model configuration declaration
venusmuthub-v1,venus-6468ef80b473ecc5,vespag,2023,known,model configuration declaration
venusmuthub-v1,venus-64be3ba2a292eb0f,vespag,2023,known,model configuration declaration
venusmuthub-v1,venus-69d5ae4457f6205e,vespag,2023,known,model configuration declaration
venusmuthub-v1,venus-6df418116e5febc9,vespag,2023,known,model configuration declaration
venusmuthub-v1,venus-71acb42055dde189,vespag,2023,known,model configuration declaration
venusmuthub-v1,venus-71ec9b1cef7a8594,vespag,2023,known,model configuration declaration
venusmuthub-v1,venus-751367a60fd75330,vespag,2023,known,model configuration declaration
venusmuthub-v1,venus-7bf6ce2de8172342,vespag,2023,known,model configuration declaration
venusmuthub-v1,venus-7e0f1f31cc7ee851,vespag,2023,known,model configuration declaration
venusmuthub-v1,venus-7f1786770ae32614,vespag,2023,known,model configuration declaration
venusmuthub-v1,venus-8372a9e4bb1e26bb,vespag,2023,known,model configuration declaration
venusmuthub-v1,venus-83a26c7e9a3b44b0,vespag,2023,known,model configuration declaration
venusmuthub-v1,venus-85368d807d9e50cd,vespag,2023,known,model configuration declaration
venusmuthub-v1,venus-8c2fbdb86968fbff,vespag,2023,known,model configuration declaration
venusmuthub-v1,venus-8c837ded111ff685,vespag,2023,known,model configuration declaration
venusmuthub-v1,venus-90e011f583a7e645,vespag,2023,known,model configuration declaration
venusmuthub-v1,venus-9357562029b4557a,vespag,2023,known,model configuration declaration
venusmuthub-v1,venus-9d99364a94571d80,vespag,2023,known,model configuration declaration
venusmuthub-v1,venus-a60540654b3cbbf9,vespag,2023,known,model configuration declaration
venusmuthub-v1,venus-aae92adf06e389cd,vespag,2023,known,model configuration declaration
venusmuthub-v1,venus-ad4f94972c4850d0,vespag,2023,known,model configuration declaration
venusmuthub-v1,venus-b09ae7265d5add56,vespag,2023,known,model configuration declaration
venusmuthub-v1,venus-b14a3532d287755b,vespag,2023,known,model configuration declaration
venusmuthub-v1,venus-b1ee988208ad234a,vespag,2023,known,model configuration declaration
venusmuthub-v1,venus-b2c012e22fa464aa,vespag,2023,known,model configuration declaration
venusmuthub-v1,venus-b41bf48f310c59c1,vespag,2023,known,model configuration declaration
venusmuthub-v1,venus-b6f228338d425ee2,vespag,2023,known,model configuration declaration
venusmuthub-v1,venus-b967cccca11973b6,vespag,2023,known,model configuration declaration
venusmuthub-v1,venus-ba70e13e9f086bea,vespag,2023,known,model configuration declaration
venusmuthub-v1,venus-ba768a97843a2ef2,vespag,2023,known,model configuration declaration
venusmuthub-v1,venus-bce692cd15f4091a,vespag,2023,known,model configuration declaration
venusmuthub-v1,venus-befc2489e9745489,vespag,2023,known,model configuration declaration
venusmuthub-v1,venus-bff43a6e4a79b5f8,vespag,2023,known,model configuration declaration
venusmuthub-v1,venus-c0ca168b53919943,vespag,2023,known,model configuration declaration
venusmuthub-v1,venus-c3600923ab93ac4e,vespag,2023,known,model configuration declaration
venusmuthub-v1,venus-c71bd410457488cf,vespag,2023,known,model configuration declaration
venusmuthub-v1,venus-c7eb0ffd0c784af8,vespag,2023,known,model configuration declaration
venusmuthub-v1,venus-cbc03f40f9753339,vespag,2023,known,model configuration declaration
venusmuthub-v1,venus-cf2e570131b80556,vespag,2023,known,model configuration declaration
venusmuthub-v1,venus-d0585182abfe2660,vespag,2023,known,model configuration declaration
venusmuthub-v1,venus-d187d570e2dc4402,vespag,2023,known,model configuration declaration
venusmuthub-v1,venus-d5b579600238875d,vespag,2023,known,model configuration declaration
venusmuthub-v1,venus-d7597d795a65b040,vespag,2023,known,model configuration declaration
venusmuthub-v1,venus-d98b2269ed529294,vespag,2023,known,model configuration declaration
venusmuthub-v1,venus-db6f99c2f0c1c621,vespag,2023,known,model configuration declaration
venusmuthub-v1,venus-db874159a334ddcf,vespag,2023,known,model configuration declaration
venusmuthub-v1,venus-de4763156d0659c0,vespag,2023,known,model configuration declaration
venusmuthub-v1,venus-e106cf9431361c23,vespag,2023,known,model configuration declaration
venusmuthub-v1,venus-e2c390013035df74,vespag,2023,known,model configuration declaration
venusmuthub-v1,venus-e534b07a29d6ecf2,vespag,2023,known,model configuration declaration
venusmuthub-v1,venus-e67b2509cf424b88,vespag,2023,known,model configuration declaration
venusmuthub-v1,venus-e882ec45e80e2ece,vespag,2023,known,model configuration declaration
venusmuthub-v1,venus-ee4abb868ebd5357,vespag,2023,known,model configuration declaration
venusmuthub-v1,venus-f215fc047b4ec592,vespag,2023,known,model configuration declaration
venusmuthub-v1,venus-f2eeeee6f8bc57e6,vespag,2023,known,model configuration declaration
venusmuthub-v1,venus-f4124bbcd051f818,vespag,2023,known,model configuration declaration
venusmuthub-v1,venus-f68755df0ab4af4d,vespag,2023,known,model configuration declaration
venusmuthub-v1,venus-f6ad6a376a4ccae7,vespag,2023,known,model configuration declaration
venusmuthub-v1,venus-f9eaa71209b5568e,vespag,2023,known,model configuration declaration
venusmuthub-v1,venus-fb1d8ed35888b3e5,vespag,2023,known,model configuration declaration
venusmuthub-v1,venus-fb40294d4c662251,vespag,2023,known,model configuration declaration
venusmuthub-v1,venus-fdef8e3435880467,vespag,2023,known,model configuration declaration
