assay_id,uniprot_id,taxon,coarse_selection_type,model,score_column,modality,evaluation_type,spearman,rmse,mae,r2,top_fraction,top_recall,selected_target_mean,selection_gain_sd,best_variant_regret_sd,test_rows
A0A140D2T1_ZIKV_Sourisseau_2019,A0A140D2T1_ZIKV,Virus,OrganismalFitness,esm2_650m,ESM2_650M,single_sequence,official_zero_shot_paired_complete_case,0.21314390584615275,5.072950550296992,3.7631999038737485,-123.91113576189599,0.1,0.12734864300626306,0.21403157548423057,0.07768513374322956,8.227517477559914,9576
A0A192B1T2_9HIV1_Haddox_2018,A0A192B1T2_9HIV1,Virus,OrganismalFitness,esm2_650m,ESM2_650M,single_sequence,official_zero_shot_paired_complete_case,0.07984646262430163,3.043891368703602,2.4778352853815426,-1.079671379485044,0.1,0.10333863275039745,-2.620887364173291,-0.007421290391312447,0.2291822799330192,12577
A0A1I9GEU1_NEIME_Kennouche_2019,A0A1I9GEU1_NEIME,Prokaryote,Activity,esm2_650m,ESM2_650M,single_sequence,official_zero_shot_paired_complete_case,0.029712689503610046,4.3497974403132655,3.2523260752911685,-6.9809094704059005,0.1,0.07526881720430108,-0.14902150537634415,-0.09864068903954175,1.711345820099425,922
A0A247D711_LISMN_Stadelmann_2021,A0A247D711_LISMN,Prokaryote,Activity,esm2_650m,ESM2_650M,single_sequence,official_zero_shot_paired_complete_case,0.06610058783744555,2.039124034638127,1.5380061393250544,-1.4572803749212557,0.1,0.13253012048192772,-0.5408181250121105,-0.04102140076107053,0.04807765242938039,1653
A0A2Z5U3Z0_9INFA_Doud_2016,A0A2Z5U3Z0_9INFA,Virus,OrganismalFitness,esm2_650m,ESM2_650M,single_sequence,official_zero_shot_paired_complete_case,0.5066939114292471,6.276882577024618,5.572910133455111,-24.16401766271696,0.1,0.271455223880597,-0.9741400589748134,0.8742570202757723,0.0,10715
A0A2Z5U3Z0_9INFA_Wu_2014,A0A2Z5U3Z0_9INFA,Virus,OrganismalFitness,esm2_650m,ESM2_650M,single_sequence,official_zero_shot_paired_complete_case,0.46419721885598914,6.879438571280853,6.225596801553665,-47.495569907785004,0.1,0.2127659574468085,0.7973377566127661,0.4035045921062407,8.87693850755473,2350
A4D664_9INFA_Soh_2019,A4D664_9INFA,Virus,OrganismalFitness,esm2_650m,ESM2_650M,single_sequence,official_zero_shot_paired_complete_case,0.14877669986839362,7.321687178526634,5.278612776281567,-285.07758138796476,0.1,0.13513513513513514,0.4471095580244513,0.17427859793101746,22.322944740339253,14421
A4GRB6_PSEAI_Chen_2020,A4GRB6_PSEAI,Prokaryote,OrganismalFitness,esm2_650m,ESM2_650M,single_sequence,official_zero_shot_paired_complete_case,0.7381726686141025,3.9137752529516674,3.110884931897794,-2.488241717684254,0.1,0.3093812375249501,-0.05792825303834646,0.8928406568560099,0.0,5004
A4_HUMAN_Seuma_2022,A4_HUMAN,Human,Stability,esm2_650m,ESM2_650M,single_sequence,official_zero_shot_paired_complete_case,0.4978901514984786,4.606948855585496,3.2648467384273663,-6.7810494250202815,0.1,0.05,-0.35175261254129203,0.4188962307272343,1.2539867706149608,796
AACC1_PSEAI_Dandage_2018,AACC1_PSEAI,Prokaryote,OrganismalFitness,esm2_650m,ESM2_650M,single_sequence,official_zero_shot_paired_complete_case,0.49042733200716326,5.902589654284304,5.000793039929142,-9.054224885791278,0.1,0.2154696132596685,1.671890532330055,0.4269994629296324,0.0,1801
ACE2_HUMAN_Chan_2020,ACE2_HUMAN,Human,Binding,esm2_650m,ESM2_650M,single_sequence,official_zero_shot_paired_complete_case,0.22454296262644063,5.120927631417102,4.2163195979396315,-19.647766994740447,0.1,0.13901345291479822,-0.17680606878923766,0.20332348421591806,0.18208949426958712,2223
ADRB2_HUMAN_Jones_2020,ADRB2_HUMAN,Human,Activity,esm2_650m,ESM2_650M,single_sequence,official_zero_shot_paired_complete_case,0.4926047930560136,6.0202110005237905,5.036388957374318,-65.34900204899377,0.1,0.1576923076923077,2.193873782061941,0.341727042075223,1.024138276795975,7800
AMFR_HUMAN_Tsuboyama_2023_4G3O,AMFR_HUMAN,Human,Stability,esm2_650m,ESM2_650M,single_sequence,official_zero_shot_paired_complete_case,0.5205130925638338,4.79836166662561,4.012814705811723,-23.113874804576998,0.1,0.13414634146341464,-0.0019489400074512231,0.7323335894629511,0.1489896801764587,820
AMIE_PSEAE_Wrenbeck_2017,AMIE_PSEAE,Prokaryote,Activity,esm2_650m,ESM2_650M,single_sequence,official_zero_shot_paired_complete_case,0.5569429846021758,4.666325836199426,3.4672303991149738,-147.1472467672037,0.1,0.1926163723916533,-0.11361701444622793,0.49019024992103105,0.0,6227
ANCSZ_Hobbs_2022,ANCSZ,Eukaryote,Activity,esm2_650m,ESM2_650M,single_sequence,official_zero_shot_paired_complete_case,0.6092734421027867,6.101395424844125,4.831641460077583,-1067.334254183627,0.1,0.24411134903640258,0.015341190991175271,0.6710121702948658,0.22813051586152647,4670
ARGR_ECOLI_Tsuboyama_2023_1AOY,ARGR_ECOLI,Prokaryote,Stability,esm2_650m,ESM2_650M,single_sequence,official_zero_shot_paired_complete_case,0.49650042296603936,3.4996891975667634,2.7050949123247947,-9.14827098254225,0.1,0.26356589147286824,-0.12007794829735502,0.6885579941023509,0.47561326182821057,1287
BBC1_YEAST_Tsuboyama_2023_1TG0,BBC1_YEAST,Eukaryote,Stability,esm2_650m,ESM2_650M,single_sequence,official_zero_shot_paired_complete_case,0.5771789374199192,3.5758797685246333,2.7327125429282217,-8.457559487799713,0.1,0.3486238532110092,0.24705655064660526,0.9647871636186671,0.30776726341149946,1084
BCHB_CHLTE_Tsuboyama_2023_2KRU,BCHB_CHLTE,Prokaryote,Stability,esm2_650m,ESM2_650M,single_sequence,official_zero_shot_paired_complete_case,0.4417717022689155,4.210245967643584,3.3614094021991527,-11.046201072975583,0.1,0.25842696629213485,-0.14055959761396017,0.5780993209419584,0.06139297242909117,890
BLAT_ECOLX_Deng_2012,BLAT_ECOLX,Prokaryote,OrganismalFitness,esm2_650m,ESM2_650M,single_sequence,official_zero_shot_paired_complete_case,0.5280742893522961,4.706761707477874,3.8228047312084255,-8.498324154054565,0.1,0.294,-1.57448213112,0.7498876022299403,0.3036904183463296,4996
BLAT_ECOLX_Firnberg_2014,BLAT_ECOLX,Prokaryote,OrganismalFitness,esm2_650m,ESM2_650M,single_sequence,official_zero_shot_paired_complete_case,0.7371017352333088,7.355369132908661,6.423593337965121,-267.51627625236426,0.1,0.348643006263048,0.9427810020876827,0.9649413854155757,2.6722746221161278,4783
BLAT_ECOLX_Jacquier_2013,BLAT_ECOLX,Prokaryote,OrganismalFitness,esm2_650m,ESM2_650M,single_sequence,official_zero_shot_paired_complete_case,0.7037843352580627,3.9202702921581656,3.275265266304394,-3.0351853385914307,0.1,0.23232323232323232,-0.42887692352525253,0.5786177184482141,0.0,989
BLAT_ECOLX_Stiffler_2015,BLAT_ECOLX,Prokaryote,OrganismalFitness,esm2_650m,ESM2_650M,single_sequence,official_zero_shot_paired_complete_case,0.7314910140457189,5.693219850907863,4.858763069590008,-23.443394386949844,0.1,0.306,-0.31586355872800004,0.8160607296964733,0.006269734821073218,4996
BRCA1_HUMAN_Findlay_2018,BRCA1_HUMAN,Human,OrganismalFitness,esm2_650m,ESM2_650M,single_sequence,official_zero_shot_paired_complete_case,0.5149389772105551,5.352594506520432,4.331108139399887,-34.82419780724437,0.1,0.16847826086956522,-0.12961414373369565,0.5285509362118892,0.0,1837
C6KNH7_9INFA_Lee_2018,C6KNH7_9INFA,Virus,OrganismalFitness,esm2_650m,ESM2_650M,single_sequence,official_zero_shot_paired_complete_case,0.4830217812067453,5.948137396758486,5.067141023300425,-33.99876768325263,0.1,0.25,-0.8065654405940538,0.7584494751538366,1.0405749949572596,10754
CALM1_HUMAN_Weile_2017,CALM1_HUMAN,Human,OrganismalFitness,esm2_650m,ESM2_650M,single_sequence,official_zero_shot_paired_complete_case,0.21161724653979583,7.747057341663294,6.795607042050203,-449.67641008050975,0.1,0.054945054945054944,0.8183773740000001,0.20931247284658708,0.21894213532279164,1813
CAPSD_AAV2S_Sinai_2021,CAPSD_AAV2S,Virus,OrganismalFitness,esm2_650m,ESM2_650M,single_sequence,official_zero_shot_paired_complete_case,0.20304481750055173,2.292519292448779,1.8821597149576352,-0.12775311781707765,0.1,0.25925925925925924,0.3864412098592833,0.571776352132433,0.0,532
CAR11_HUMAN_Meitlis_2020_gof,CAR11_HUMAN,Human,OrganismalFitness,esm2_650m,ESM2_650M,single_sequence,official_zero_shot_paired_complete_case,0.3263472703124984,5.958698137895786,4.764903528350348,-88.30342481339407,0.1,0.09243697478991597,-0.21248912138865544,0.2138806087965325,5.361141842800602,2374
CAR11_HUMAN_Meitlis_2020_lof,CAR11_HUMAN,Human,OrganismalFitness,esm2_650m,ESM2_650M,single_sequence,official_zero_shot_paired_complete_case,0.5012506922626324,5.59301703411948,4.485361137283281,-61.037322228456844,0.1,0.1125,-0.3040756515909722,0.4942115177900636,1.346284515322432,2395
CAS9_STRP1_Spencer_2017_positive,CAS9_STRP1,Prokaryote,Activity,esm2_650m,ESM2_650M,single_sequence,official_zero_shot_paired_complete_case,0.1821471581868978,4.459987014104537,3.335879673381515,-51.442925964600974,0.1,0.10591133004926108,-0.17203169640290814,0.1297139165379282,1.5811632169214156,8117
CASP3_HUMAN_Roychowdhury_2020,CASP3_HUMAN,Human,Activity,esm2_650m,ESM2_650M,single_sequence,official_zero_shot_paired_complete_case,0.6375201823939017,6.474411330397423,5.655052801123,-89.99261772022844,0.1,0.17834394904458598,0.3861737507920414,0.644054616244123,0.8956286506570551,1567
CASP7_HUMAN_Roychowdhury_2020,CASP7_HUMAN,Human,Activity,esm2_650m,ESM2_650M,single_sequence,official_zero_shot_paired_complete_case,0.6220937021509513,6.243886863606084,5.384061841372009,-58.812045406014654,0.1,0.20833333333333334,0.24297320580344173,0.7676549210542067,3.7495179075810556,1680
CATR_CHLRE_Tsuboyama_2023_2AMI,CATR_CHLRE,Eukaryote,Stability,esm2_650m,ESM2_650M,single_sequence,official_zero_shot_paired_complete_case,0.3924951830608923,6.719902954343514,5.683512735082458,-66.4676145846871,0.1,0.1044776119402985,-0.0012199210252477651,0.5087731576268903,0.5954714035547412,1340
CBPA2_HUMAN_Tsuboyama_2023_1O6X,CBPA2_HUMAN,Human,Stability,esm2_650m,ESM2_650M,single_sequence,official_zero_shot_paired_complete_case,0.4913654714267552,3.6678292677909563,2.9245651325286897,-9.023714186343376,0.1,0.1323529411764706,-0.06341237909401432,0.6429327664766418,0.19580497542949074,1357
CBS_HUMAN_Sun_2020,CBS_HUMAN,Human,OrganismalFitness,esm2_650m,ESM2_650M,single_sequence,official_zero_shot_paired_complete_case,0.3421631701758337,6.91491891533429,5.722916759080094,-215.67695129570657,0.1,0.13157894736842105,0.5830568201885327,0.27033508336163237,0.9730154321360303,7217
CBX4_HUMAN_Tsuboyama_2023_2K28,CBX4_HUMAN,Human,Stability,esm2_650m,ESM2_650M,single_sequence,official_zero_shot_paired_complete_case,0.6721421993244779,4.280956970241623,3.698557185653853,-18.692244666972698,0.1,0.34782608695652173,0.0799439541159423,0.895259639209035,0.5554768081477206,917
CCDB_ECOLI_Adkar_2012,CCDB_ECOLI,Prokaryote,Activity,esm2_650m,ESM2_650M,single_sequence,official_zero_shot_paired_complete_case,0.4658587791092502,32.134847962728465,23.583098217946333,-0.842455319147156,0.1,0.16101694915254236,-16.822033898305083,0.43185521270951865,0.0,1176
CCR5_HUMAN_Gill_2023,CCR5_HUMAN,Human,Binding,esm2_650m,ESM2_650M,single_sequence,official_zero_shot_paired_complete_case,0.34741456753413535,5.448266265255651,4.315889777888183,-105.52473967597142,0.1,0.14169381107491857,0.02427592290988056,0.29935471925614654,3.4951296249916406,6137
CD19_HUMAN_Klesmith_2019_FMC_singles,CD19_HUMAN,Human,Binding,esm2_650m,ESM2_650M,single_sequence,official_zero_shot_paired_complete_case,0.04987288956446014,3.7940487727426557,2.9708024885626485,-0.5639776073346106,0.1,0.16710875331564987,-1.3527409180867935,0.09263067975947682,0.6893704568467434,3761
CP2C9_HUMAN_Amorosi_2021_abundance,CP2C9_HUMAN,Human,Expression,esm2_650m,ESM2_650M,single_sequence,official_zero_shot_paired_complete_case,0.6345237103584542,6.70631306952645,5.886942376920261,-418.7063919779863,0.1,0.28885400313971743,0.967648834455259,0.858641519623652,0.0,6370
CP2C9_HUMAN_Amorosi_2021_activity,CP2C9_HUMAN,Human,Binding,esm2_650m,ESM2_650M,single_sequence,official_zero_shot_paired_complete_case,0.6788932506401437,6.510964952136403,5.705316905205709,-317.4882046387874,0.1,0.3967479674796748,0.944910184495935,1.108111639028626,0.06515785859417601,6142
CSN4_MOUSE_Tsuboyama_2023_1UFM,CSN4_MOUSE,Eukaryote,Stability,esm2_650m,ESM2_650M,single_sequence,official_zero_shot_paired_complete_case,0.3423499362784256,7.266714812025571,6.550491491546709,-44.87627189733903,0.1,0.07352941176470588,-0.2512137560284405,0.5357602339985665,0.1138295309508175,1353
CUE1_YEAST_Tsuboyama_2023_2MYX,CUE1_YEAST,Eukaryote,Stability,esm2_650m,ESM2_650M,single_sequence,official_zero_shot_paired_complete_case,0.5084649191513423,2.797571479195427,2.149610394332096,-6.198522792556602,0.1,0.23958333333333334,-0.5941138206224997,0.4953064298346739,0.0,955
D7PM05_CLYGR_Somermeyer_2022,D7PM05_CLYGR,Eukaryote,Activity,esm2_650m,ESM2_650M,single_sequence,official_zero_shot_paired_complete_case,-0.014260184073831944,24488.70576232543,21772.609083583862,-3.7727767907208936,0.1,0.13675213675213677,18580.488673889366,-0.2847551312771903,0.0508709031664123,1169
DLG4_HUMAN_Faure_2021,DLG4_HUMAN,Human,OrganismalFitness,esm2_650m,ESM2_650M,single_sequence,official_zero_shot_paired_complete_case,0.4880581529286565,10.60075312082978,10.090223203124435,-738.738811340692,0.1,0.1640625,-0.10418925480643801,0.6694839022497332,0.01020802939684685,1280
DLG4_RAT_McLaughlin_2012,DLG4_RAT,Eukaryote,Binding,esm2_650m,ESM2_650M,single_sequence,official_zero_shot_paired_complete_case,0.5427745658878979,10.68899219834813,10.150955503730492,-692.3808923449201,0.1,0.10126582278481013,0.03944869373417721,0.5202357913241588,0.11194056571667312,1576
DN7A_SACS2_Tsuboyama_2023_1JIC,DN7A_SACS2,Prokaryote,Stability,esm2_650m,ESM2_650M,single_sequence,official_zero_shot_paired_complete_case,0.33707186463831473,2.310877232818612,1.8320834498687526,-3.1988933303342497,0.1,0.24752475247524752,-0.6031658280341028,0.2204713298757423,0.06142246273648113,1008
DNJA1_HUMAN_Tsuboyama_2023_2LO1,DNJA1_HUMAN,Human,Stability,esm2_650m,ESM2_650M,single_sequence,official_zero_shot_paired_complete_case,0.6153461387117631,4.3974848499833294,3.6538111311208272,-12.19109235157697,0.1,0.23770491803278687,-0.022717073994954918,0.819041965481402,0.0,1216
DOCK1_MOUSE_Tsuboyama_2023_2M0Y,DOCK1_MOUSE,Eukaryote,Stability,esm2_650m,ESM2_650M,single_sequence,official_zero_shot_paired_complete_case,0.5758861067509213,4.246316216609648,3.2886273447220837,-17.912628302519288,0.1,0.26229508196721313,0.10091925821457608,0.788641338986126,0.0,1213
DYR_ECOLI_Nguyen_2023,DYR_ECOLI,Prokaryote,OrganismalFitness,esm2_650m,ESM2_650M,single_sequence,official_zero_shot_paired_complete_case,0.5442183306266133,7.404195869975814,6.384662325133675,-669.3183386189785,0.1,0.1952054794520548,0.9952397260273973,0.4598386159668968,0.34967344438743514,2916
DYR_ECOLI_Thompson_2019,DYR_ECOLI,Prokaryote,OrganismalFitness,esm2_650m,ESM2_650M,single_sequence,official_zero_shot_paired_complete_case,0.48002883577409466,5.581328543243299,4.69099910731948,-55.59753909871217,0.1,0.16455696202531644,-0.07431225316455696,0.42657246943396926,1.440893840636773,2363
ENVZ_ECOLI_Ghose_2023,ENVZ_ECOLI,Prokaryote,Activity,esm2_650m,ESM2_650M,single_sequence,official_zero_shot_paired_complete_case,0.17158057457802475,7.6763882470738025,7.0605706238847,-45.314425986552145,0.1,0.07079646017699115,3.2416735931462934,0.11789946746441618,0.514122881535656,1121
ENV_HV1BR_Haddox_2016,ENV_HV1BR,Virus,OrganismalFitness,esm2_650m,ESM2_650M,single_sequence,official_zero_shot_paired_complete_case,0.04578070255169318,2.2225478261016645,1.4695571182477565,-1074.1709938314973,0.1,0.108003108003108,0.042981611052280946,0.016850948150810886,2.871746269351531,12863
EPHB2_HUMAN_Tsuboyama_2023_1F0M,EPHB2_HUMAN,Human,Stability,esm2_650m,ESM2_650M,single_sequence,official_zero_shot_paired_complete_case,0.6764714562936266,4.340776965898683,3.5187339905056003,-10.386006933841749,0.1,0.31451612903225806,-0.0380697281939982,0.7762164349677471,0.05081268328804818,1239
ESTA_BACSU_Nutschel_2020,ESTA_BACSU,Prokaryote,Stability,esm2_650m,ESM2_650M,single_sequence,official_zero_shot_paired_complete_case,0.2995253904070948,48.95503682910731,48.84470550173225,-399.02822354396073,0.1,0.22477064220183487,47.24857798165137,0.4805047170520717,0.0,2172
FECA_ECOLI_Tsuboyama_2023_2D1U,FECA_ECOLI,Prokaryote,Stability,esm2_650m,ESM2_650M,single_sequence,official_zero_shot_paired_complete_case,0.5347522359233275,4.37027962186363,3.568064106544388,-22.970644067661556,0.1,0.2540983606557377,0.07624426544594534,0.8231124700489622,0.0,1219
FKBP3_HUMAN_Tsuboyama_2023_2KFV,FKBP3_HUMAN,Human,Stability,esm2_650m,ESM2_650M,single_sequence,official_zero_shot_paired_complete_case,0.18782380691623837,1.5448810106133182,1.1977571238972886,-2.4078324195861884,0.1,0.10483870967741936,-0.20750278809169634,0.26230849285310365,1.0840553869545528,1237
GAL4_YEAST_Kitzman_2015,GAL4_YEAST,Eukaryote,OrganismalFitness,esm2_650m,ESM2_650M,single_sequence,official_zero_shot_paired_complete_case,0.6676220329557535,4.597979621501981,3.6900597524543195,0.24506317559717916,0.1,0.24166666666666667,-0.5114166666666667,0.8320454021275833,0.2135338381571789,1195
GDIA_HUMAN_Silverstein_2021,GDIA_HUMAN,Human,OrganismalFitness,esm2_650m,ESM2_650M,single_sequence,official_zero_shot_paired_complete_case,0.397065241002714,8.220740459975575,7.6296757228309025,-905.0329191488745,0.1,0.13793103448275862,0.8622731073189656,0.48749230586236664,0.00125787754046669,1154
GFP_AEQVI_Sarkisyan_2016,GFP_AEQVI,Eukaryote,Activity,esm2_650m,ESM2_650M,single_sequence,official_zero_shot_paired_complete_case,0.05164874986380868,3.84572548193599,3.7054488726908628,-37.24029385053791,0.1,0.13761467889908258,3.4420618539699026,0.015015179785852314,0.2528349949452262,1084
GRB2_HUMAN_Faure_2021,GRB2_HUMAN,Human,OrganismalFitness,esm2_650m,ESM2_650M,single_sequence,official_zero_shot_paired_complete_case,0.7255761235981049,6.463182828375633,5.305062319453828,-204.59323956741426,0.1,0.3173076923076923,0.024403320955463055,1.0037161929241771,0.0,1034
HCP_LAMBD_Tsuboyama_2023_2L6Q,HCP_LAMBD,Virus,Stability,esm2_650m,ESM2_650M,single_sequence,official_zero_shot_paired_complete_case,0.6858986129297031,4.808920658722233,4.1316570735897375,-23.043470682984314,0.1,0.33653846153846156,0.11361794880194506,0.8561447478134085,0.1236321698355655,1040
HECD1_HUMAN_Tsuboyama_2023_3DKM,HECD1_HUMAN,Human,Stability,esm2_650m,ESM2_650M,single_sequence,official_zero_shot_paired_complete_case,0.6426280308845486,5.909402238371356,4.967542496228976,-32.90783110136809,0.1,0.248,-0.1480622305419712,0.7669093321046405,0.0,1244
HEM3_HUMAN_Loggerenberg_2023,HEM3_HUMAN,Human,Activity,esm2_650m,ESM2_650M,single_sequence,official_zero_shot_paired_complete_case,0.3932392983298252,8.978285274943119,7.797985217944182,-422.0733625728179,0.1,0.1546572934973638,0.7281579553479788,0.3550037589519834,0.6955829902099729,5689
HMDH_HUMAN_Jiang_2019,HMDH_HUMAN,Human,OrganismalFitness,esm2_650m,ESM2_650M,single_sequence,official_zero_shot_paired_complete_case,0.5089494795618548,5.899548427405645,4.548533619848342,-498.1579610099673,0.1,0.14887307236061684,0.6022668446026097,0.46337483449272115,0.003029634359554743,16853
HSP82_YEAST_Cote-Hammarlof_2020_growth-H2O2,HSP82_YEAST,Eukaryote,OrganismalFitness,esm2_650m,ESM2_650M,single_sequence,official_zero_shot_paired_complete_case,0.2565104500330355,5.521090461656846,4.4398144040117735,-112932.37317543667,0.1,0.12389380530973451,-0.0038771988606194616,0.28453365371426387,0.05039293781470093,2252
HSP82_YEAST_Flynn_2019,HSP82_YEAST,Eukaryote,OrganismalFitness,esm2_650m,ESM2_650M,single_sequence,official_zero_shot_paired_complete_case,0.28326358648042677,5.041683720408876,3.9425000938342607,-183.54604640786707,0.1,0.15639097744360902,-0.07027665423898412,0.301702450593569,1.566599326849906,13294
HSP82_YEAST_Mishra_2016,HSP82_YEAST,Eukaryote,OrganismalFitness,esm2_650m,ESM2_650M,single_sequence,official_zero_shot_paired_complete_case,0.4612047979498069,6.3757277393543035,5.164611964849331,-319.42604535380644,0.1,0.16166281755196305,-0.03176535427713626,0.4441605257485854,0.899254490892142,4323
HXK4_HUMAN_Gersing_2022_activity,HXK4_HUMAN,Human,OrganismalFitness,esm2_650m,ESM2_650M,single_sequence,official_zero_shot_paired_complete_case,0.516610701917977,6.327755517455502,5.299040541072358,-67.60281875398049,0.1,0.17386231038506417,1.091270885117853,0.5672986359234378,1.2335850511328594,8570
HXK4_HUMAN_Gersing_2023_abundance,HXK4_HUMAN,Human,Expression,esm2_650m,ESM2_650M,single_sequence,official_zero_shot_paired_complete_case,0.36743831510613806,6.447708461533673,5.34162335453764,-328.4938263507059,0.1,0.17261904761904762,0.8687423711187012,0.49402155403770287,0.17695703229819415,8396
I6TAH8_I68A0_Doud_2015,I6TAH8_I68A0,Virus,OrganismalFitness,esm2_650m,ESM2_650M,single_sequence,official_zero_shot_paired_complete_case,0.020421191663924275,2.2833860138496416,1.9561020850714617,-3.429373759054161,0.1,0.1003167898627244,-2.154348791593387,-6.6495043159437e-05,0.23820757204830104,9462
IF1_ECOLI_Kelsic_2016,IF1_ECOLI,Prokaryote,OrganismalFitness,esm2_650m,ESM2_650M,single_sequence,official_zero_shot_paired_complete_case,0.5986830761014642,9.238024426277647,8.480692639557336,-1044.5749132835692,0.1,0.23357664233576642,0.9537463503576643,0.564314282109037,0.0,1367
ILF3_HUMAN_Tsuboyama_2023_2L33,ILF3_HUMAN,Human,Stability,esm2_650m,ESM2_650M,single_sequence,official_zero_shot_paired_complete_case,0.3179015268460253,9.987499097983077,9.569555995062109,-149.1762102571903,0.1,0.08270676691729323,-0.03295413913380568,0.3613703394069363,0.5393619532311089,1329
ISDH_STAAW_Tsuboyama_2023_2LHR,ISDH_STAAW,Prokaryote,Stability,esm2_650m,ESM2_650M,single_sequence,official_zero_shot_paired_complete_case,0.2913758390401076,1.9245183411807316,1.5126633715013789,-4.802062545809404,0.1,0.2978723404255319,-0.24430170637397053,0.5645936211890089,0.2696848537919655,940
KCNE1_HUMAN_Muhammad_2023_expression,KCNE1_HUMAN,Human,Expression,esm2_650m,ESM2_650M,single_sequence,official_zero_shot_paired_complete_case,0.10603852877100309,7.4981427235190505,6.638887632937706,-393.35349051904717,0.1,0.07264957264957266,1.0304754515,0.18336145302920576,0.015499840350186393,2339
KCNE1_HUMAN_Muhammad_2023_function,KCNE1_HUMAN,Human,Activity,esm2_650m,ESM2_650M,single_sequence,official_zero_shot_paired_complete_case,0.5246496726135417,7.240532329379144,6.437648643918858,-330.3152954866324,0.1,0.20689655172413793,1.0530834242155171,0.7321640145156568,0.4826748379771183,2315
KCNJ2_MOUSE_Coyote-Maestas_2022_function,KCNJ2_MOUSE,Eukaryote,Activity,esm2_650m,ESM2_650M,single_sequence,official_zero_shot_paired_complete_case,0.38198484008273587,6.543961196899627,5.312984096140941,-115.79582017596518,0.1,0.1678622668579627,0.2838708949569584,0.4601810234946104,0.7540013382029682,6963
KCNJ2_MOUSE_Coyote-Maestas_2022_surface,KCNJ2_MOUSE,Eukaryote,Expression,esm2_650m,ESM2_650M,single_sequence,official_zero_shot_paired_complete_case,0.3515722218894582,5.757987072567488,4.599261036373511,-6.133777806432853,0.1,0.18497109826589594,0.31277938129190747,0.4972178170417692,0.5153313225603673,6917
KKA2_KLEPN_Melnikov_2014,KKA2_KLEPN,Prokaryote,OrganismalFitness,esm2_650m,ESM2_650M,single_sequence,official_zero_shot_paired_complete_case,0.601436076538545,6.589983866247322,5.76093078651508,-45.21830193875074,0.1,0.22580645161290322,1.8972834677419355,0.7665573167833868,0.0,4960
LGK_LIPST_Klesmith_2015,LGK_LIPST,Eukaryote,Activity,esm2_650m,ESM2_650M,single_sequence,official_zero_shot_paired_complete_case,0.5151056757319018,6.272582441998442,5.161913852822626,-151.67408084778316,0.1,0.3244613434727503,-0.2786022813688213,0.7756731112679457,0.12863212974482274,7890
MAFG_MOUSE_Tsuboyama_2023_1K1V,MAFG_MOUSE,Eukaryote,Stability,esm2_650m,ESM2_650M,single_sequence,official_zero_shot_paired_complete_case,0.5135629505280603,1.9949480577447247,1.5353127884438995,-6.7448770199254,0.1,0.33766233766233766,0.01608674147508783,0.7042069353308418,0.19260106646447858,762
MBD11_ARATH_Tsuboyama_2023_6ACV,MBD11_ARATH,Eukaryote,Stability,esm2_650m,ESM2_650M,single_sequence,official_zero_shot_paired_complete_case,0.5438402206358405,2.027087312662183,1.6022045559814662,-2.4862958164242595,0.1,0.1810344827586207,-0.19594257926467204,0.526405799584484,0.0,1155
MET_HUMAN_Estevam_2023,MET_HUMAN,Human,Activity,esm2_650m,ESM2_650M,single_sequence,official_zero_shot_paired_complete_case,0.5899323537551127,4.263666679831881,3.3706640186692223,-1.0045866754828112,0.1,0.18333333333333332,-0.33505696291961384,0.666733354308363,0.001963292174602817,5393
MK01_HUMAN_Brenan_2016,MK01_HUMAN,Human,OrganismalFitness,esm2_650m,ESM2_650M,single_sequence,official_zero_shot_paired_complete_case,0.1781798690722217,4.767828473581984,3.9537425070480587,-16.463338049976624,0.1,0.07195301027900147,-8.177085855622614,-0.015458818598338819,0.0,6809
MLAC_ECOLI_MacRae_2023,MLAC_ECOLI,Prokaryote,OrganismalFitness,esm2_650m,ESM2_650M,single_sequence,official_zero_shot_paired_complete_case,0.3820810528121838,6.509891254628059,5.30702909371979,-396.58722595780586,0.1,0.1371571072319202,-0.10742831049501247,0.3692714056936064,0.28656322536314255,4007
MSH2_HUMAN_Jia_2020,MSH2_HUMAN,Human,OrganismalFitness,esm2_650m,ESM2_650M,single_sequence,official_zero_shot_paired_complete_case,0.3394904036516065,12.375195741295197,11.751510280939605,-35.321501850805376,0.1,0.15223880597014924,3.7357671641791046,0.42589582769918993,0.0,16749
MTH3_HAEAE_RockahShmuel_2015,MTH3_HAEAE,Prokaryote,OrganismalFitness,esm2_650m,ESM2_650M,single_sequence,official_zero_shot_paired_complete_case,0.5269897702467963,5.096189658300945,4.0330329817295345,-192.26039276283785,0.1,0.1797752808988764,0.6073033707865169,0.4802243327717351,0.6001344083941219,1777
MTHR_HUMAN_Weile_2021,MTHR_HUMAN,Human,OrganismalFitness,esm2_650m,ESM2_650M,single_sequence,official_zero_shot_paired_complete_case,0.347514572131824,9.054985587395702,8.079415897512703,-1042.2422861631208,0.1,0.11547714514835605,0.7748100240577387,0.42846986691079403,0.00820413246092058,12464
MYO3_YEAST_Tsuboyama_2023_2BTT,MYO3_YEAST,Eukaryote,Stability,esm2_650m,ESM2_650M,single_sequence,official_zero_shot_paired_complete_case,0.5096862793825983,3.3151162907163623,2.5338917596844803,-9.115908671726766,0.1,0.28421052631578947,0.008953766372669413,0.9323034969480339,0.09995165699270563,947
NCAP_I34A1_Doud_2015,NCAP_I34A1,Virus,OrganismalFitness,esm2_650m,ESM2_650M,single_sequence,official_zero_shot_paired_complete_case,0.027792692450790697,2.8031231492969435,2.4449569077716142,-4.230691921984413,0.1,0.09926082365364308,-2.80517696327402,-0.048129023211802444,0.39740944871740336,9462
NKX31_HUMAN_Tsuboyama_2023_2L9R,NKX31_HUMAN,Human,Stability,esm2_650m,ESM2_650M,single_sequence,official_zero_shot_paired_complete_case,0.6972875460360266,4.340909354731598,3.3249175701269125,-69.3514269464519,0.1,0.2956521739130435,0.11299434220737185,0.8969411225015833,0.0,1149
NPC1_HUMAN_Erwood_2022_HEK293T,NPC1_HUMAN,Human,Activity,esm2_650m,ESM2_650M,single_sequence,official_zero_shot_paired_complete_case,0.6944628008853309,5.897600492814398,4.7488724029031095,-222.31979093124662,0.1,0.4375,0.8891589546822918,0.9514393145607475,0.047766301236249045,637
NUD15_HUMAN_Suiter_2020,NUD15_HUMAN,Human,Expression,esm2_650m,ESM2_650M,single_sequence,official_zero_shot_paired_complete_case,0.525590909129204,5.209350318673112,4.059909216261421,-194.43789473529313,0.1,0.19298245614035087,0.7726172547966501,0.6630211524150196,0.11213577721992882,2844
NUSA_ECOLI_Tsuboyama_2023_1WCL,NUSA_ECOLI,Prokaryote,Stability,esm2_650m,ESM2_650M,single_sequence,official_zero_shot_paired_complete_case,0.4819248408698937,3.817918212756271,2.96878226144584,-11.808720879718738,0.1,0.22137404580152673,-0.3179602903655473,0.5311408219104619,0.5446589705875334,1306
NUSG_MYCTU_Tsuboyama_2023_2MI6,NUSG_MYCTU,Prokaryote,Stability,esm2_650m,ESM2_650M,single_sequence,official_zero_shot_paired_complete_case,0.5611749236481881,4.657289326520138,3.8890929385879343,-9.476469893319884,0.1,0.19607843137254902,-0.10498486593345593,0.759852448362792,0.08583263996688659,1019
OBSCN_HUMAN_Tsuboyama_2023_1V1C,OBSCN_HUMAN,Human,Stability,esm2_650m,ESM2_650M,single_sequence,official_zero_shot_paired_complete_case,0.6455912199802729,4.911246901919588,4.018828390981396,-15.109225517009985,0.1,0.3114754098360656,-0.00026002372952490263,0.8370900726957279,0.01321306236602309,1213
ODP2_GEOSE_Tsuboyama_2023_1W4G,ODP2_GEOSE,Prokaryote,Stability,esm2_650m,ESM2_650M,single_sequence,official_zero_shot_paired_complete_case,0.5143964664206157,3.3611784935135045,2.7969125020874905,-17.25344944498428,0.1,0.22388059701492538,-0.1864326539963045,0.7443271583779111,0.0,669
OTC_HUMAN_Lo_2023,OTC_HUMAN,Human,Activity,esm2_650m,ESM2_650M,single_sequence,official_zero_shot_paired_complete_case,0.5309452474716275,5.584538203230643,4.616152901312349,-201.84220806360244,0.1,0.3375796178343949,0.7492420382165605,0.7400542707738293,0.328989175415066,1570
OTU7A_HUMAN_Tsuboyama_2023_2L2D,OTU7A_HUMAN,Human,Stability,esm2_650m,ESM2_650M,single_sequence,official_zero_shot_paired_complete_case,0.31947549991165686,5.961294136316632,5.147500291892948,-48.632666655977744,0.1,0.15625,-0.22431054675956286,0.4928189929891479,0.3096520509031686,635
OXDA_RHOTO_Vanella_2023_activity,OXDA_RHOTO,Eukaryote,Activity,esm2_650m,ESM2_650M,single_sequence,official_zero_shot_paired_complete_case,0.37017579657719824,5.090911711273256,3.9660256307781903,-3743.355769852956,0.1,0.1796875,-0.04853484714200407,0.470947894142424,0.0,6396
OXDA_RHOTO_Vanella_2023_expression,OXDA_RHOTO,Eukaryote,Expression,esm2_650m,ESM2_650M,single_sequence,official_zero_shot_paired_complete_case,0.3149708942208905,5.212594666337896,4.072322150318991,-1430.023279991986,0.1,0.16100443131462333,-0.019342340200943713,0.42651224792137493,0.20565289403468132,6769
P53_HUMAN_Giacomelli_2018_Null_Etoposide,P53_HUMAN,Human,OrganismalFitness,esm2_650m,ESM2_650M,single_sequence,official_zero_shot_paired_complete_case,0.4323384246771778,4.2034048706392415,3.296019858352925,-17.458315856935304,0.1,0.1111111111111111,0.414895767488904,0.3763020724258319,0.9523457874841129,7467
P53_HUMAN_Giacomelli_2018_Null_Nutlin,P53_HUMAN,Human,OrganismalFitness,esm2_650m,ESM2_650M,single_sequence,official_zero_shot_paired_complete_case,0.404268841375338,4.2973086478064335,3.3408940797436055,-17.843191559430483,0.1,0.11378848728246319,0.2460102144809811,0.2201319133802353,2.440703385825756,7467
P53_HUMAN_Giacomelli_2018_WT_Nutlin,P53_HUMAN,Human,OrganismalFitness,esm2_650m,ESM2_650M,single_sequence,official_zero_shot_paired_complete_case,0.40015118916437037,4.222535925696416,3.262659261643036,-15.636323265532997,0.1,0.08032128514056225,0.28407421174849,0.2935818458339989,1.8657255765835126,7467
P53_HUMAN_Kotler_2018,P53_HUMAN,Human,OrganismalFitness,esm2_650m,ESM2_650M,single_sequence,official_zero_shot_paired_complete_case,0.6781263027340868,6.002201922470298,5.333317509387028,-24.779733285513526,0.1,0.26666666666666666,2.288347065587162,0.8364499403484907,0.13658686700252623,1048
P84126_THETH_Chan_2017,P84126_THETH,Prokaryote,OrganismalFitness,esm2_650m,ESM2_650M,single_sequence,official_zero_shot_paired_complete_case,0.6046749230327016,9.068258342709676,8.350386406827383,-222.78408571157806,0.1,0.40131578947368424,0.20058408694736843,1.0970208117918294,0.017354440812570444,1519
PABP_YEAST_Melamed_2013,PABP_YEAST,Eukaryote,OrganismalFitness,esm2_650m,ESM2_650M,single_sequence,official_zero_shot_paired_complete_case,0.6557076790831939,7.287244007441323,6.264901124308022,-399.3671436254395,0.1,0.15966386554621848,0.8894021491260505,0.6346346455266614,4.0886889220106095,1187
PAI1_HUMAN_Huttinger_2021,PAI1_HUMAN,Human,Activity,esm2_650m,ESM2_650M,single_sequence,official_zero_shot_paired_complete_case,0.4479364536806561,5.204039169439696,4.126266342561962,-17.31208150775024,0.1,0.2,0.49094750354953276,0.593393858835467,0.3946960417223471,5345
PA_I34A1_Wu_2015,PA_I34A1,Virus,OrganismalFitness,esm2_650m,ESM2_650M,single_sequence,official_zero_shot_paired_complete_case,0.03807854593850892,1.124840966542399,0.866477104896873,-4.074698040106763,0.1,0.1043956043956044,0.42809484417582416,-0.04027110054417585,5.522539505428918,1820
PHOT_CHLRE_Chen_2023,PHOT_CHLRE,Eukaryote,Activity,esm2_650m,ESM2_650M,single_sequence,official_zero_shot_paired_complete_case,0.6491460605524138,7.20244675401988,6.432010232454825,-416.08040044630764,0.1,0.215962441314554,1.2850336034252534,0.6374681305309337,0.304293502984966,2122
PIN1_HUMAN_Tsuboyama_2023_1I6C,PIN1_HUMAN,Human,Stability,esm2_650m,ESM2_650M,single_sequence,official_zero_shot_paired_complete_case,0.6623265683412942,4.067260779227696,3.2472265443300596,-25.381892234772156,0.1,0.391304347826087,0.021842898557809583,0.9211583027609785,0.3143905798546123,686
PITX2_HUMAN_Tsuboyama_2023_2L7M,PITX2_HUMAN,Human,Stability,esm2_650m,ESM2_650M,single_sequence,official_zero_shot_paired_complete_case,0.6378512790832349,4.491583188455117,3.6751478439944036,-18.79580704301723,0.1,0.425531914893617,0.27883728332870256,0.9981953750924276,0.0,938
PKN1_HUMAN_Tsuboyama_2023_1URF,PKN1_HUMAN,Human,Stability,esm2_650m,ESM2_650M,single_sequence,official_zero_shot_paired_complete_case,0.29766977709999204,6.834443946262872,5.8687221111518815,-73.44034677831488,0.1,0.0916030534351145,0.056126981436096526,0.468913206850426,0.1893160880703972,1301
POLG_CXB3N_Mattenberger_2021,POLG_CXB3N,Virus,OrganismalFitness,esm2_650m,ESM2_650M,single_sequence,official_zero_shot_paired_complete_case,0.3946628012396479,3.8200800657329865,2.993020869379352,-11.991194847708684,0.1,0.23091603053435114,-1.9709611433253678,0.5537873580469844,0.7971171953638663,15711
POLG_DEN26_Suphatrakul_2023,POLG_DEN26,Virus,OrganismalFitness,esm2_650m,ESM2_650M,single_sequence,official_zero_shot_paired_complete_case,0.15334716717577998,4.287585483159605,3.534718706010921,-1.6712170577837155,0.1,0.13372781065088757,-4.253272389377861,0.027432112333776404,0.0,16897
POLG_HCVJF_Qi_2014,POLG_HCVJF,Virus,OrganismalFitness,esm2_650m,ESM2_650M,single_sequence,official_zero_shot_paired_complete_case,0.11596293315302209,1.060132067844184,0.8243166999759741,-6.818689984643713,0.1,0.11042944785276074,-0.7374188510674846,-0.006055017560666392,1.1907410819881774,1630
POLG_PESV_Tsuboyama_2023_2MXD,POLG_PESV,Virus,Stability,esm2_650m,ESM2_650M,single_sequence,official_zero_shot_paired_complete_case,0.09316142663329983,1.523883377377942,1.184775241691497,-0.8144722458725346,0.1,0.17,-0.8993643115592862,0.12516686970282304,0.0,995
PPARG_HUMAN_Majithia_2016,PPARG_HUMAN,Human,Activity,esm2_650m,ESM2_650M,single_sequence,official_zero_shot_paired_complete_case,0.5936959114948124,3.4189362442038265,2.7532343614266725,-0.836927813910177,0.1,0.15866388308977036,0.7977536534446764,0.5180633218163021,0.0,9576
PPM1D_HUMAN_Miller_2022,PPM1D_HUMAN,Human,OrganismalFitness,esm2_650m,ESM2_650M,single_sequence,official_zero_shot_paired_complete_case,0.6017722094773763,6.3441457530798955,4.799696307883397,-457.5600483912813,0.1,0.17363751584283904,0.16710817110266157,0.5858686382668533,0.4388017061106504,7889
PR40A_HUMAN_Tsuboyama_2023_1UZC,PR40A_HUMAN,Human,Stability,esm2_650m,ESM2_650M,single_sequence,official_zero_shot_paired_complete_case,0.5888154804669183,5.873356657432517,5.235007310214226,-48.190357348872766,0.1,0.24786324786324787,0.07716028019192621,0.7183649920535667,0.2895302229043684,1163
PRKN_HUMAN_Clausen_2023,PRKN_HUMAN,Human,Expression,esm2_650m,ESM2_650M,single_sequence,official_zero_shot_paired_complete_case,0.5012109667495684,4.795831142465634,3.617329267261898,-146.97516409529507,0.1,0.2557077625570776,0.8789383607910777,0.4704730177387658,0.002380360526403876,8756
PSAE_PICP2_Tsuboyama_2023_1PSE,PSAE_PICP2,Prokaryote,Stability,esm2_650m,ESM2_650M,single_sequence,official_zero_shot_paired_complete_case,0.590582056415564,4.3348123213418726,3.2951632262322708,-41.2985275830385,0.1,0.2540983606557377,0.23183215949387664,0.8058669037222284,0.0,1219
PTEN_HUMAN_Matreyek_2021,PTEN_HUMAN,Human,Expression,esm2_650m,ESM2_650M,single_sequence,official_zero_shot_paired_complete_case,0.4650310117489034,9.278532202273494,8.177801833899824,-886.9348851834428,0.1,0.18271119842829076,0.9047252773698415,0.6033496955884349,0.03884367034038336,5083
PTEN_HUMAN_Mighell_2018,PTEN_HUMAN,Human,Activity,esm2_650m,ESM2_650M,single_sequence,official_zero_shot_paired_complete_case,0.5185314948353785,7.620786860509752,6.62631371613603,-27.77199582678196,0.1,0.15977961432506887,-0.2218975640234159,0.4918348953459737,0.38174362713627746,7260
Q2N0S5_9HIV1_Haddox_2018,Q2N0S5_9HIV1,Virus,OrganismalFitness,esm2_650m,ESM2_650M,single_sequence,official_zero_shot_paired_complete_case,0.04424826937069162,3.1149131993995165,2.469084567211894,-0.9603852913068984,0.1,0.10997643362136685,-2.585131795040849,-0.06091429915940563,0.18272903086544334,12729
Q53Z42_HUMAN_McShan_2019_binding-TAPBPR,Q53Z42_HUMAN,Human,Binding,esm2_650m,ESM2_650M,single_sequence,official_zero_shot_paired_complete_case,0.3300520553968733,5.5983006662147075,4.772540981874369,-26.43975905793464,0.1,0.16417910447761194,0.5583134328358209,0.4251392870388043,1.300614908248147,3344
Q53Z42_HUMAN_McShan_2019_expression,Q53Z42_HUMAN,Human,Expression,esm2_650m,ESM2_650M,single_sequence,official_zero_shot_paired_complete_case,0.5540262084478972,4.506449991578307,3.8122496659725758,-4.930409641826549,0.1,0.28059701492537314,0.310179104477612,0.717967083719486,0.7835663783573269,3344
Q59976_STRSQ_Romero_2015,Q59976_STRSQ,Prokaryote,Activity,esm2_650m,ESM2_650M,single_sequence,official_zero_shot_paired_complete_case,0.5721317650705154,4.41826361871451,3.4571643626590536,-24.068195306159634,0.1,0.22666666666666666,-0.4211833333333333,0.5918278674312809,0.9802255479611718,2999
Q6WV12_9MAXI_Somermeyer_2022,Q6WV12_9MAXI,Eukaryote,Activity,esm2_650m,ESM2_650M,single_sequence,official_zero_shot_paired_complete_case,0.034655528294590336,15189.002569286917,14510.895583632491,-10.455179670709066,0.1,0.1391304347826087,13897.933328228786,-0.13654295717403864,0.6735946599083773,1141
Q837P4_ENTFA_Meier_2023,Q837P4_ENTFA,Prokaryote,Activity,esm2_650m,ESM2_650M,single_sequence,official_zero_shot_paired_complete_case,0.5149598264422284,4.860014390034549,3.604950088738063,-13.745895484689257,0.1,0.21428571428571427,-0.36173389206190476,0.6458311014147049,0.0,697
Q837P5_ENTFA_Meier_2023,Q837P5_ENTFA,Prokaryote,Activity,esm2_650m,ESM2_650M,single_sequence,official_zero_shot_paired_complete_case,0.37375379282322624,5.140903387974442,4.165622497472116,-15.498293868647618,0.1,0.18666666666666668,-0.8863446332377777,0.3732771174693408,0.11806343977735136,747
Q8WTC7_9CNID_Somermeyer_2022,Q8WTC7_9CNID,Eukaryote,Activity,esm2_650m,ESM2_650M,single_sequence,official_zero_shot_paired_complete_case,-0.03331763902597557,8175.111118366285,7589.521428821185,-6.239710101399643,0.1,0.09090909090909091,7129.6267555505465,-0.1513021410884673,1.0095670177260743,1201
R1AB_SARS2_Flynn_2022,R1AB_SARS2,Virus,OrganismalFitness,esm2_650m,ESM2_650M,single_sequence,official_zero_shot_paired_complete_case,0.10475617283477302,2.2435982999199084,1.654055331688216,-27.908715767159688,0.1,0.08376963350785341,0.6206579797453204,-0.04981327200916741,0.025461392870822625,5725
RAD_ANTMA_Tsuboyama_2023_2CJJ,RAD_ANTMA,Eukaryote,Stability,esm2_650m,ESM2_650M,single_sequence,official_zero_shot_paired_complete_case,0.2998184863162751,3.119669265229063,2.4297867413229675,-19.117836513132378,0.1,0.21794871794871795,0.12383716480703971,0.6517714293864934,0.5719244986710419,774
RASH_HUMAN_Bandaru_2017,RASH_HUMAN,Human,Activity,esm2_650m,ESM2_650M,single_sequence,official_zero_shot_paired_complete_case,0.4975790517144438,8.182875796537763,7.2291959419803105,-725.6971197538695,0.1,0.11146496815286625,0.055341582525477696,0.5946574085536022,4.366995507178132,3134
RASK_HUMAN_Weng_2022_abundance,RASK_HUMAN,Human,Expression,esm2_650m,ESM2_650M,single_sequence,official_zero_shot_paired_complete_case,0.1586329096467139,8.162737676234451,7.1471303024742445,-495.82824107266373,0.1,0.1237785016286645,-0.2245598477448174,0.29262836273376497,1.2990010329959312,3066
RASK_HUMAN_Weng_2022_binding-DARPin_K55,RASK_HUMAN,Human,Binding,esm2_650m,ESM2_650M,single_sequence,official_zero_shot_paired_complete_case,0.5601986794695087,8.161486057575086,7.206345555713294,-557.967215667026,0.1,0.18122977346278318,-0.014407695013301055,0.6461771563792379,0.2770931318846932,3084
RBP1_HUMAN_Tsuboyama_2023_2KWH,RBP1_HUMAN,Human,Stability,esm2_650m,ESM2_650M,single_sequence,official_zero_shot_paired_complete_case,0.5996793426050842,2.501709735654161,1.9338226026655414,-10.969305417831263,0.1,0.3163265306122449,0.2766260172976722,0.8199283678575564,0.0,975
RCD1_ARATH_Tsuboyama_2023_5OAO,RCD1_ARATH,Eukaryote,Stability,esm2_650m,ESM2_650M,single_sequence,official_zero_shot_paired_complete_case,0.4720579388794253,4.930066998785315,4.07577246760284,-58.697888674937616,0.1,0.12121212121212122,0.15635680470562024,0.701278761314281,0.7154784779078307,988
RCRO_LAMBD_Tsuboyama_2023_1ORC,RCRO_LAMBD,Virus,Stability,esm2_650m,ESM2_650M,single_sequence,official_zero_shot_paired_complete_case,0.4989181996800589,3.4826075267415155,2.8389200829769634,-6.281124823495884,0.1,0.175,-0.4916934528171304,0.4375796005315298,0.16966481212972867,1195
RD23A_HUMAN_Tsuboyama_2023_1IFY,RD23A_HUMAN,Human,Stability,esm2_650m,ESM2_650M,single_sequence,official_zero_shot_paired_complete_case,0.5444004064523491,5.374274372249326,4.642757189924298,-24.420058555181367,0.1,0.225,-0.17210490722593108,0.7141554142269568,0.46386022482034545,798
RDRP_I33A0_Li_2023,RDRP_I33A0,Virus,OrganismalFitness,esm2_650m,ESM2_650M,single_sequence,official_zero_shot_paired_complete_case,0.32176448696415866,8.039048107262976,7.391618588670744,-156.26355850767902,0.1,0.21398834304746045,-1.1107238826836816,0.45200789139258724,0.4592528059142167,12003
REV_HV1H2_Fernandes_2016,REV_HV1H2,Virus,OrganismalFitness,esm2_650m,ESM2_650M,single_sequence,official_zero_shot_paired_complete_case,0.24038146846444144,8.387844447327897,7.9771108760861695,-1480.7621429703036,0.1,0.13023255813953488,-0.043907280891809536,0.3526215361903211,0.0,2147
RFAH_ECOLI_Tsuboyama_2023_2LCL,RFAH_ECOLI,Prokaryote,Stability,esm2_650m,ESM2_650M,single_sequence,official_zero_shot_paired_complete_case,0.34720772682825957,4.721933307210688,3.8325706339324044,-48.700136333152635,0.1,0.18556701030927836,0.17258457337911112,0.6653868178229255,0.0,969
RL20_AQUAE_Tsuboyama_2023_1GYZ,RL20_AQUAE,Prokaryote,Stability,esm2_650m,ESM2_650M,single_sequence,official_zero_shot_paired_complete_case,0.4107840013793207,7.014867100862034,6.0368618903766915,-92.50272518630601,0.1,0.1415929203539823,-0.04621605422811705,0.47926375702757046,0.33088105192520545,1121
RL40A_YEAST_Mavor_2016,RL40A_YEAST,Eukaryote,OrganismalFitness,esm2_650m,ESM2_650M,single_sequence,official_zero_shot_paired_complete_case,0.5178520925871772,6.445241809230453,5.784451029478483,-1165.0546493666004,0.1,0.15079365079365079,-0.03026875083333333,0.6350116870957747,1.068416079182721,1253
RL40A_YEAST_Roscoe_2013,RL40A_YEAST,Eukaryote,OrganismalFitness,esm2_650m,ESM2_650M,single_sequence,official_zero_shot_paired_complete_case,0.598578681459522,6.137988304911525,5.517596338288979,-314.6555997524715,0.1,0.18333333333333332,-0.04164523255907861,0.6456001120884113,0.019463607148889183,1195
RL40A_YEAST_Roscoe_2014,RL40A_YEAST,Eukaryote,Activity,esm2_650m,ESM2_650M,single_sequence,official_zero_shot_paired_complete_case,0.5300176613975466,7.390458423536479,6.82516909711951,-285.4489752104917,0.1,0.15217391304347827,0.9846662345072464,0.6071054364688048,0.5203799450658423,1380
RNC_ECOLI_Weeks_2023,RNC_ECOLI,Prokaryote,Activity,esm2_650m,ESM2_650M,single_sequence,official_zero_shot_paired_complete_case,0.596163594792907,7.432553916407351,6.287434619390783,-140.01552218087005,0.1,0.15186915887850466,-0.022767144957943932,0.5642990079898982,0.27016914305530787,4277
RPC1_BP434_Tsuboyama_2023_1R69,RPC1_BP434,Virus,Stability,esm2_650m,ESM2_650M,single_sequence,official_zero_shot_paired_complete_case,0.6145812616392501,4.50477752748492,3.8264334663831536,-12.421333158203593,0.1,0.24778761061946902,-0.11563379570488136,0.8242846463057197,0.17790219277013034,1124
RS15_GEOSE_Tsuboyama_2023_1A32,RS15_GEOSE,Prokaryote,Stability,esm2_650m,ESM2_650M,single_sequence,official_zero_shot_paired_complete_case,0.40872055945897046,6.0473778152553965,5.25724292770011,-83.68064266995327,0.1,0.09166666666666666,0.08570059979232031,0.5934171312938694,0.9458482514848948,1195
S22A1_HUMAN_Yee_2023_abundance,S22A1_HUMAN,Human,Expression,esm2_650m,ESM2_650M,single_sequence,official_zero_shot_paired_complete_case,0.6264474467324175,5.2503730742664825,4.412223588014288,-14.010885022275636,0.1,0.2884811416921509,0.22339189405504584,0.7799267640699822,0.32895848576931375,9803
S22A1_HUMAN_Yee_2023_activity,S22A1_HUMAN,Human,Activity,esm2_650m,ESM2_650M,single_sequence,official_zero_shot_paired_complete_case,0.5751764161844249,5.961474525793337,5.08110583386178,-43.16587104192655,0.1,0.20396039603960395,0.3146739483891089,0.6847893835872069,0.31385070810419924,10094
SAV1_MOUSE_Tsuboyama_2023_2YSB,SAV1_MOUSE,Eukaryote,Stability,esm2_650m,ESM2_650M,single_sequence,official_zero_shot_paired_complete_case,0.6015847247575246,4.096741737572095,3.2278758789586157,-22.281041540118956,0.1,0.19117647058823528,-0.03887112093446307,0.7321999955492737,0.0,679
SBI_STAAM_Tsuboyama_2023_2JVG,SBI_STAAM,Prokaryote,Stability,esm2_650m,ESM2_650M,single_sequence,official_zero_shot_paired_complete_case,0.5725661349129938,3.2290595158691655,2.4784774345155283,-21.49531444577509,0.1,0.32038834951456313,-0.024564323569680958,0.8606596616932808,0.2650883342030191,1025
SC6A4_HUMAN_Young_2021,SC6A4_HUMAN,Human,Activity,esm2_650m,ESM2_650M,single_sequence,official_zero_shot_paired_complete_case,0.542625951598641,4.760280943606448,3.80307991893299,-11.944464920773004,0.1,0.19602763385146804,0.3034401453670121,0.5973827117300519,1.1479290173976127,11576
SCIN_STAAR_Tsuboyama_2023_2QFF,SCIN_STAAR,Prokaryote,Stability,esm2_650m,ESM2_650M,single_sequence,official_zero_shot_paired_complete_case,0.3459171352839732,1.4579029512872281,1.126000110372027,-1.7612445322793593,0.1,0.32786885245901637,-0.02911213006136604,0.6297551236658286,1.4975046123005755,1212
SDA_BACSU_Tsuboyama_2023_1PV0,SDA_BACSU,Prokaryote,Stability,esm2_650m,ESM2_650M,single_sequence,official_zero_shot_paired_complete_case,0.607623227639395,4.079783803238159,3.2134401773061985,-16.363923811379443,0.1,0.21428571428571427,-0.09085190968443062,0.6081099557106011,0.6972200695121383,834
SERC_HUMAN_Xie_2023,SERC_HUMAN,Human,OrganismalFitness,esm2_650m,ESM2_650M,single_sequence,official_zero_shot_paired_complete_case,0.5575448833475599,6.4699566407292,5.571581818562582,-462.44656195334125,0.1,0.11979166666666667,0.9708871095469759,0.5097345087046786,0.22398383040931455,1914
SHOC2_HUMAN_Kwon_2022,SHOC2_HUMAN,Human,OrganismalFitness,esm2_650m,ESM2_650M,single_sequence,official_zero_shot_paired_complete_case,0.42554365512426007,8.298662951128076,7.149541630276357,-171.49902396089342,0.1,0.13752276867030966,-0.16183075263772012,0.31607020383698414,4.401292484596811,10972
SOX30_HUMAN_Tsuboyama_2023_7JJK,SOX30_HUMAN,Human,Stability,esm2_650m,ESM2_650M,single_sequence,official_zero_shot_paired_complete_case,0.32162107853655325,4.328608131243513,3.5465360222505016,-23.632176743235448,0.1,0.18811881188118812,-0.014112325132613969,0.5826126020652981,0.740334740536587,1010
SPA_STAAU_Tsuboyama_2023_1LP1,SPA_STAAU,Prokaryote,Stability,esm2_650m,ESM2_650M,single_sequence,official_zero_shot_paired_complete_case,0.1904048972504107,1.5313780983234135,1.1735252881629472,-3.007821966751825,0.1,0.2692307692307692,-0.20256074795755208,0.34959252711299643,0.0,1035
SPG1_STRSG_Olson_2014,SPG1_STRSG,Prokaryote,Binding,esm2_650m,ESM2_650M,single_sequence,official_zero_shot_paired_complete_case,0.2760451041567189,6.531728282929211,5.927834165056768,-11.44840810555398,0.1,0.21904761904761905,0.2536758170487453,0.4915891422520013,0.19124195826009643,1045
SPG2_STRSG_Tsuboyama_2023_5UBS,SPG2_STRSG,Prokaryote,Stability,esm2_650m,ESM2_650M,single_sequence,official_zero_shot_paired_complete_case,0.23209520336518769,2.366559173301903,1.7569217817035423,-3.7830122393847505,0.1,0.1941747572815534,-0.2965646873410373,0.3996674313721989,0.05139246379064546,1029
SPIKE_SARS2_Starr_2020_binding,SPIKE_SARS2,Virus,Binding,esm2_650m,ESM2_650M,single_sequence,official_zero_shot_paired_complete_case,-0.018056928470425677,1.7710454715435018,1.256033664247602,-0.5770632885867182,0.1,0.10236220472440945,-1.0623359580052494,-0.048820788230214976,0.13472508002130032,3802
SPIKE_SARS2_Starr_2020_expression,SPIKE_SARS2,Virus,Expression,esm2_650m,ESM2_650M,single_sequence,official_zero_shot_paired_complete_case,0.011538384193367092,1.5249373362650291,1.1795000879974222,-1.197331815259313,0.1,0.11315789473684211,-1.3253947368421053,-0.24194906133673585,0.3305024941643396,3798
SPTN1_CHICK_Tsuboyama_2023_1TUD,SPTN1_CHICK,Eukaryote,Stability,esm2_650m,ESM2_650M,single_sequence,official_zero_shot_paired_complete_case,0.5898439757071586,2.674615292454224,2.091634630411179,-2.794917143889677,0.1,0.2358490566037736,-0.37768164195486326,0.7140679675928463,0.1265639292549345,1051
SQSTM_MOUSE_Tsuboyama_2023_2RRU,SQSTM_MOUSE,Eukaryote,Stability,esm2_650m,ESM2_650M,single_sequence,official_zero_shot_paired_complete_case,0.6179764815406289,5.973659489476596,5.287192822780486,-53.14550328350746,0.1,0.352112676056338,-0.05673196151760519,1.059980867736171,0.4382730522522596,707
SR43C_ARATH_Tsuboyama_2023_2N88,SR43C_ARATH,Eukaryote,Stability,esm2_650m,ESM2_650M,single_sequence,official_zero_shot_paired_complete_case,0.5889048317032037,2.5791739647205203,1.9844650853357066,-4.694426690680468,0.1,0.2808988764044944,-0.07301957455162443,0.8400756255377646,0.03808890654455654,889
SRBS1_HUMAN_Tsuboyama_2023_2O2W,SRBS1_HUMAN,Human,Stability,esm2_650m,ESM2_650M,single_sequence,official_zero_shot_paired_complete_case,0.6169208340397135,4.684455467201212,3.7239686324912573,-13.884042450194098,0.1,0.19672131147540983,-0.06421399652699115,0.7917770030389841,0.5649378712941129,1211
SRC_HUMAN_Ahler_2019,SRC_HUMAN,Human,Activity,esm2_650m,ESM2_650M,single_sequence,official_zero_shot_paired_complete_case,0.5551358696990255,6.706107771796124,5.5796982594965545,-46.32599665016536,0.1,0.11538461538461539,0.006980404363905326,0.43853558213567495,2.4603487500780687,3372
SRC_HUMAN_Chakraborty_2023_binding-DAS_25uM,SRC_HUMAN,Human,Activity,esm2_650m,ESM2_650M,single_sequence,official_zero_shot_paired_complete_case,0.4645504135171177,7.240774742091481,6.042184643477982,-112.73365133200289,0.1,0.08791208791208792,0.1959626877252747,0.23128854789932785,0.302182348211993,3637
SRC_HUMAN_Nguyen_2022,SRC_HUMAN,Human,OrganismalFitness,esm2_650m,ESM2_650M,single_sequence,official_zero_shot_paired_complete_case,0.47073042505259965,6.785326235503163,5.5739696594589025,-141.97147250154717,0.1,0.10089020771513353,-0.29272498443022477,0.29819877462001165,2.783763044360095,3366
SUMO1_HUMAN_Weile_2017,SUMO1_HUMAN,Human,OrganismalFitness,esm2_650m,ESM2_650M,single_sequence,official_zero_shot_paired_complete_case,0.5093076909878026,7.392223034334708,6.619819934568314,-411.4417159367764,0.1,0.18235294117647058,0.6953861589352941,0.7394417537652591,0.9502781280402712,1700
SYUA_HUMAN_Newberry_2020,SYUA_HUMAN,Human,OrganismalFitness,esm2_650m,ESM2_650M,single_sequence,official_zero_shot_paired_complete_case,0.13725756495389835,4.87504759468048,3.7076511683074895,-1113.9350902271913,0.1,0.032,-0.05942644494762777,0.0859969942181184,0.3511662666805572,2497
TADBP_HUMAN_Bolognesi_2019,TADBP_HUMAN,Human,OrganismalFitness,esm2_650m,ESM2_650M,single_sequence,official_zero_shot_paired_complete_case,-0.11975882247705154,3.7182277182389867,3.068983224371183,-1489.2901260434821,0.1,0.05,-0.008282937900642154,-0.12694208064155973,1.998017722704358,1196
TAT_HV1BR_Fernandes_2016,TAT_HV1BR,Virus,OrganismalFitness,esm2_650m,ESM2_650M,single_sequence,official_zero_shot_paired_complete_case,0.017448849225136575,1.117025966030248,0.8081749645631827,-31.02022577933441,0.1,0.08860759493670886,-0.116329819473448,0.00029823120808282385,2.2183215093353135,1577
TCRG1_MOUSE_Tsuboyama_2023_1E0L,TCRG1_MOUSE,Eukaryote,Stability,esm2_650m,ESM2_650M,single_sequence,official_zero_shot_paired_complete_case,0.7190464737205784,5.073727747137188,4.211631998739597,-37.13117706429001,0.1,0.30158730158730157,-0.19201308665854802,0.8188837267645429,0.0,621
THO1_YEAST_Tsuboyama_2023_2WQG,THO1_YEAST,Eukaryote,Stability,esm2_650m,ESM2_650M,single_sequence,official_zero_shot_paired_complete_case,0.41144196509412545,4.34815224213039,3.570944261624162,-24.971436405850472,0.1,0.30303030303030304,-0.17729092377426128,0.5045582526562802,0.025704834881280888,656
TNKS2_HUMAN_Tsuboyama_2023_5JRT,TNKS2_HUMAN,Human,Stability,esm2_650m,ESM2_650M,single_sequence,official_zero_shot_paired_complete_case,0.5930403166144517,3.7980221173244284,2.9292967231684295,-14.61299050061516,0.1,0.20535714285714285,-0.2866926076615477,0.7209751504328522,0.099902578125427,1118
TPK1_HUMAN_Weile_2017,TPK1_HUMAN,Human,OrganismalFitness,esm2_650m,ESM2_650M,single_sequence,official_zero_shot_paired_complete_case,0.3385945710914566,9.496258122740134,8.922989229713775,-316.88069383180294,0.1,0.12539184952978055,0.658918703326019,0.44924501500450736,0.37201298952758316,3181
TPMT_HUMAN_Matreyek_2018,TPMT_HUMAN,Human,Expression,esm2_650m,ESM2_650M,single_sequence,official_zero_shot_paired_complete_case,0.5386580628400264,6.926462688312315,5.977016589467162,-379.15290311137517,0.1,0.20273972602739726,0.9591726090794521,0.561227419477262,1.0400994091835423,3648
TPOR_HUMAN_Bridgford_2020,TPOR_HUMAN,Human,OrganismalFitness,esm2_650m,ESM2_650M,single_sequence,official_zero_shot_paired_complete_case,0.2898977253248813,3.530921899167024,2.6577238173740065,-81.09306595798041,0.1,0.19298245614035087,-0.20889036715073778,0.3639043374660638,0.0,562
TRPC_SACS2_Chan_2017,TRPC_SACS2,Prokaryote,OrganismalFitness,esm2_650m,ESM2_650M,single_sequence,official_zero_shot_paired_complete_case,0.6525376511956125,7.849392257954993,6.901152894465081,-164.7173473272847,0.1,0.48026315789473684,0.24859978520394732,1.3072038115573437,0.5427776354458935,1519
TRPC_THEMA_Chan_2017,TRPC_THEMA,Prokaryote,OrganismalFitness,esm2_650m,ESM2_650M,single_sequence,official_zero_shot_paired_complete_case,0.46369864914199604,7.855158765979834,6.811920666360113,-166.5998040210358,0.1,0.3684210526315789,-0.029444514217105266,1.0853689945665592,0.8271724400148858,1519
UBC9_HUMAN_Weile_2017,UBC9_HUMAN,Human,OrganismalFitness,esm2_650m,ESM2_650M,single_sequence,official_zero_shot_paired_complete_case,0.47258674880663315,5.099488952643948,4.224277700320132,-103.57000317061556,0.1,0.1517509727626459,0.6629265,0.43359869760241054,4.524846345874435,2563
UBE4B_HUMAN_Tsuboyama_2023_3L1X,UBE4B_HUMAN,Human,Stability,esm2_650m,ESM2_650M,single_sequence,official_zero_shot_paired_complete_case,0.5840595957828562,5.451511665796367,4.710691274569704,-24.044074947936796,0.1,0.3482142857142857,-0.08203321299931579,0.946987392654884,0.0,1118
UBE4B_MOUSE_Starita_2013,UBE4B_MOUSE,Eukaryote,Activity,esm2_650m,ESM2_650M,single_sequence,official_zero_shot_paired_complete_case,0.45898477668060556,6.762208328199107,5.849854961443074,-35.05438055278589,0.1,0.12222222222222222,-0.05338072594444446,0.4471952505323734,2.67215703493805,899
UBR5_HUMAN_Tsuboyama_2023_1I2T,UBR5_HUMAN,Human,Stability,esm2_650m,ESM2_650M,single_sequence,official_zero_shot_paired_complete_case,0.29000079574594634,3.304746639124861,2.5449367558155465,-12.954603009463884,0.1,0.07272727272727272,-0.2501959089370822,0.29209967434779727,0.5942593254046857,1094
VG08_BPP22_Tsuboyama_2023_2GP8,VG08_BPP22,Virus,Stability,esm2_650m,ESM2_650M,single_sequence,official_zero_shot_paired_complete_case,0.655169709422912,2.9748753373600714,2.1927981197479944,-29.276077555219384,0.1,0.2465753424657534,-0.006982021858279784,0.6232321327199166,2.2146349111988153,723
VILI_CHICK_Tsuboyama_2023_1YU5,VILI_CHICK,Eukaryote,Stability,esm2_650m,ESM2_650M,single_sequence,official_zero_shot_paired_complete_case,0.677190341708326,4.327273918463088,3.483459016172782,-23.772598068713933,0.1,0.3305785123966942,0.05498624903827652,0.9427965654688747,0.0,1202
VKOR1_HUMAN_Chiasson_2020_abundance,VKOR1_HUMAN,Human,Expression,esm2_650m,ESM2_650M,single_sequence,official_zero_shot_paired_complete_case,0.4933003217729779,6.214124357114313,5.106953290520547,-307.9192243490214,0.1,0.2037037037037037,0.9268608538070537,0.7138665067250659,0.28713285052674986,2695
VKOR1_HUMAN_Chiasson_2020_activity,VKOR1_HUMAN,Human,Activity,esm2_650m,ESM2_650M,single_sequence,official_zero_shot_paired_complete_case,0.43031737288413463,6.524140103757558,5.393575984451605,-198.2725419830567,0.1,0.17142857142857143,0.8388193276431011,0.2625332490546069,0.0,697
VRPI_BPT7_Tsuboyama_2023_2WNM,VRPI_BPT7,Virus,Stability,esm2_650m,ESM2_650M,single_sequence,official_zero_shot_paired_complete_case,0.5874828327186311,2.0361616047150277,1.4593654932433426,-3.6583993460102233,0.1,0.22857142857142856,-0.11328567251791502,0.6124808782121035,0.220891906072008,1047
YAIA_ECOLI_Tsuboyama_2023_2KVT,YAIA_ECOLI,Prokaryote,Stability,esm2_650m,ESM2_650M,single_sequence,official_zero_shot_paired_complete_case,0.42930473506231825,6.368487919767015,5.790070975360285,-25.19814143709193,0.1,0.3010752688172043,-0.4206992230793059,0.5959656040301629,0.02456909868091525,928
YNZC_BACSU_Tsuboyama_2023_2JVD,YNZC_BACSU,Prokaryote,Stability,esm2_650m,ESM2_650M,single_sequence,official_zero_shot_paired_complete_case,0.558851675508717,5.185594919226587,4.543920334431567,-38.33630499955105,0.1,0.2222222222222222,-0.08368953107380322,0.6604626304469721,1.155837142432507,714
A0A140D2T1_ZIKV_Sourisseau_2019,A0A140D2T1_ZIKV,Virus,OrganismalFitness,esm3_open,ESM3,sequence_structure_function,official_zero_shot_paired_complete_case,0.2774822238314158,6.899255719723727,5.357830453608308,-230.03851469650817,0.1,0.17849686847599164,0.2633251326887592,0.18628520475457716,0.5600894811331932,9576
A0A192B1T2_9HIV1_Haddox_2018,A0A192B1T2_9HIV1,Virus,OrganismalFitness,esm3_open,ESM3,sequence_structure_function,official_zero_shot_paired_complete_case,0.2572367447436335,4.131749436081843,3.151252927282222,-2.8318135582677337,0.1,0.16057233704292528,-2.1124911470429257,0.23344194671171398,0.18793883825665006,12577
A0A1I9GEU1_NEIME_Kennouche_2019,A0A1I9GEU1_NEIME,Prokaryote,Activity,esm3_open,ESM3,sequence_structure_function,official_zero_shot_paired_complete_case,0.025061753955096317,8.129456873529117,6.575453194348776,-26.876444491383726,0.1,0.11827956989247312,-0.019462365591397874,-0.014496289674591132,2.051666582806104,922
A0A247D711_LISMN_Stadelmann_2021,A0A247D711_LISMN,Prokaryote,Activity,esm3_open,ESM3,sequence_structure_function,official_zero_shot_paired_complete_case,0.4514047388875011,6.4670876842374065,5.170617273385584,-23.71638342256589,0.1,0.1746987951807229,-0.12275005142956685,0.2803673827147173,0.037608068275842725,1653
A0A2Z5U3Z0_9INFA_Doud_2016,A0A2Z5U3Z0_9INFA,Virus,OrganismalFitness,esm3_open,ESM3,sequence_structure_function,official_zero_shot_paired_complete_case,0.4059030824128403,4.5745452652694025,3.3705630428909976,-12.36558066654075,0.1,0.20055970149253732,-1.518495856897388,0.43921737179345427,0.0,10715
A0A2Z5U3Z0_9INFA_Wu_2014,A0A2Z5U3Z0_9INFA,Virus,OrganismalFitness,esm3_open,ESM3,sequence_structure_function,official_zero_shot_paired_complete_case,0.34992560018848695,5.575882668784378,4.182995216531281,-30.858353456593203,0.1,0.1702127659574468,0.6577060267829786,0.2621590372628438,6.775873189531062,2350
A4D664_9INFA_Soh_2019,A4D664_9INFA,Virus,OrganismalFitness,esm3_open,ESM3,sequence_structure_function,official_zero_shot_paired_complete_case,0.27086988086199937,6.470709263078137,4.984247993430134,-222.4422315361941,0.1,0.13167013167013167,0.46046762564950305,0.2051370673252821,0.0,14421
A4GRB6_PSEAI_Chen_2020,A4GRB6_PSEAI,Prokaryote,OrganismalFitness,esm3_open,ESM3,sequence_structure_function,official_zero_shot_paired_complete_case,0.6500979982961402,6.8117830387569045,5.568607015367518,-9.566628035883024,0.1,0.2754491017964072,0.07224505265498588,0.9549603550027443,0.0,5004
A4_HUMAN_Seuma_2022,A4_HUMAN,Human,Stability,esm3_open,ESM3,sequence_structure_function,official_zero_shot_paired_complete_case,0.40726618961283334,3.859869664136315,2.743058502367124,-4.462062589336625,0.1,0.0625,-0.5321519674920075,0.30966654694926254,0.64292445435149,796
AACC1_PSEAI_Dandage_2018,AACC1_PSEAI,Prokaryote,OrganismalFitness,esm3_open,ESM3,sequence_structure_function,official_zero_shot_paired_complete_case,0.5197290246831141,9.137830502275836,7.970762255044703,-23.096258109633638,0.1,0.22099447513812154,1.7673967943067403,0.47830491902277267,0.38243370237042656,1801
ACE2_HUMAN_Chan_2020,ACE2_HUMAN,Human,Binding,esm3_open,ESM3,sequence_structure_function,official_zero_shot_paired_complete_case,0.33358260613706014,5.795597885733268,4.558411257154351,-25.446749664583777,0.1,0.1210762331838565,0.025407973047085204,0.3827552027936127,0.18208949426958712,2223
ADRB2_HUMAN_Jones_2020,ADRB2_HUMAN,Human,Activity,esm3_open,ESM3,sequence_structure_function,official_zero_shot_paired_complete_case,0.49697535919631164,9.508585702793043,8.066118713665626,-164.5170813400627,0.1,0.16025641025641027,2.2871681208959265,0.46795651703247776,2.1279816274460273,7800
AMFR_HUMAN_Tsuboyama_2023_4G3O,AMFR_HUMAN,Human,Stability,esm3_open,ESM3,sequence_structure_function,official_zero_shot_paired_complete_case,0.6912888660555915,6.602229319737309,5.311541963316385,-44.652257031198204,0.1,0.21951219512195122,0.13312322369113624,0.8705648851394737,0.1489896801764587,820
AMIE_PSEAE_Wrenbeck_2017,AMIE_PSEAE,Prokaryote,Activity,esm3_open,ESM3,sequence_structure_function,official_zero_shot_paired_complete_case,0.4728854136586915,6.837905278757749,5.232701392670315,-317.1190110240976,0.1,0.21348314606741572,-0.12477207062600322,0.46109356621016684,0.25066582001475646,6227
ANCSZ_Hobbs_2022,ANCSZ,Eukaryote,Activity,esm3_open,ESM3,sequence_structure_function,official_zero_shot_paired_complete_case,0.5862312414406894,8.6253701209472,7.044752490428964,-2134.0315122688276,0.1,0.23126338329764454,0.00937399480399578,0.6390456972943606,0.22813051586152647,4670
ARGR_ECOLI_Tsuboyama_2023_1AOY,ARGR_ECOLI,Prokaryote,Stability,esm3_open,ESM3,sequence_structure_function,official_zero_shot_paired_complete_case,0.7292868432323181,6.124534529253458,4.897828093706049,-30.07987592435143,0.1,0.31007751937984496,0.0004079519377147063,0.7982317654084171,0.4362991661847919,1287
BBC1_YEAST_Tsuboyama_2023_1TG0,BBC1_YEAST,Eukaryote,Stability,esm3_open,ESM3,sequence_structure_function,official_zero_shot_paired_complete_case,0.6220185403615561,6.32113755706702,4.891064766102777,-28.55314795381944,0.1,0.26605504587155965,0.09427961182691354,0.8333965210511427,0.49887532918960137,1084
BCHB_CHLTE_Tsuboyama_2023_2KRU,BCHB_CHLTE,Prokaryote,Stability,esm3_open,ESM3,sequence_structure_function,official_zero_shot_paired_complete_case,0.6266683647871909,6.286010501316484,5.177293616344307,-25.85254019282563,0.1,0.20224719101123595,0.054146976361400825,0.7386078816881911,0.06139297242909117,890
BLAT_ECOLX_Deng_2012,BLAT_ECOLX,Prokaryote,OrganismalFitness,esm3_open,ESM3,sequence_structure_function,official_zero_shot_paired_complete_case,0.537837888006285,6.905968019582224,5.676732238620164,-19.44804016594828,0.1,0.35,-1.3408634425739998,0.9028585169107733,0.0,4996
BLAT_ECOLX_Firnberg_2014,BLAT_ECOLX,Prokaryote,OrganismalFitness,esm3_open,ESM3,sequence_structure_function,official_zero_shot_paired_complete_case,0.7610962455881313,9.67738981513418,8.500032160188843,-463.81286565148895,0.1,0.4175365344467641,1.0454169102296451,1.1935961020855284,2.6722746221161278,4783
BLAT_ECOLX_Jacquier_2013,BLAT_ECOLX,Prokaryote,OrganismalFitness,esm3_open,ESM3,sequence_structure_function,official_zero_shot_paired_complete_case,0.6909907446757195,6.329661003402645,5.224675790529252,-9.519433835098777,0.1,0.24242424242424243,-0.16278477258585858,0.7149654120794663,0.0,989
BLAT_ECOLX_Stiffler_2015,BLAT_ECOLX,Prokaryote,OrganismalFitness,esm3_open,ESM3,sequence_structure_function,official_zero_shot_paired_complete_case,0.7527752266221828,8.007453409732003,6.870148287019663,-47.3542271178081,0.1,0.366,-0.107286960636,0.9971898935701444,0.006269734821073218,4996
BRCA1_HUMAN_Findlay_2018,BRCA1_HUMAN,Human,OrganismalFitness,esm3_open,ESM3,sequence_structure_function,official_zero_shot_paired_complete_case,0.4622389954865083,5.356873483405134,3.8603398303960295,-34.88149793940928,0.1,0.16847826086956522,-0.27959519174456526,0.3608404271992617,0.0,1837
C6KNH7_9INFA_Lee_2018,C6KNH7_9INFA,Virus,OrganismalFitness,esm3_open,ESM3,sequence_structure_function,official_zero_shot_paired_complete_case,0.44372088614120725,4.6802436255096715,3.3708324761330526,-20.6684422194263,0.1,0.22862453531598512,-0.98744527423297,0.5785476644147121,0.0,10754
CALM1_HUMAN_Weile_2017,CALM1_HUMAN,Human,OrganismalFitness,esm3_open,ESM3,sequence_structure_function,official_zero_shot_paired_complete_case,0.19974116781725265,11.803680774762704,11.04559111129652,-1045.2276574308273,0.1,0.06593406593406594,0.8637542042582418,0.33365789414392766,0.2830040196237928,1813
CAPSD_AAV2S_Sinai_2021,CAPSD_AAV2S,Virus,OrganismalFitness,esm3_open,ESM3,sequence_structure_function,official_zero_shot_paired_complete_case,0.17245021721031012,3.719383177114812,2.8408556692575058,-1.96845099024118,0.1,0.14814814814814814,-0.20421546452983785,0.29816813578745804,0.0,532
CAR11_HUMAN_Meitlis_2020_gof,CAR11_HUMAN,Human,OrganismalFitness,esm3_open,ESM3,sequence_structure_function,official_zero_shot_paired_complete_case,0.30230113903711936,6.460942455774235,4.7597449153696685,-103.99221318288971,0.1,0.10084033613445378,-0.2654456740812325,0.1298954827466729,1.7408804636850268,2374
CAR11_HUMAN_Meitlis_2020_lof,CAR11_HUMAN,Human,OrganismalFitness,esm3_open,ESM3,sequence_structure_function,official_zero_shot_paired_complete_case,0.4268757528623678,6.135723646885215,4.491717289457877,-73.66074877593293,0.1,0.15416666666666667,-0.35840999369027776,0.41769507130628974,0.8342175360499454,2395
CAS9_STRP1_Spencer_2017_positive,CAS9_STRP1,Prokaryote,Activity,esm3_open,ESM3,sequence_structure_function,official_zero_shot_paired_complete_case,0.14051609349586305,5.748451387936966,4.263039445497542,-86.12071924414818,0.1,0.12438423645320197,-0.17116828698658207,0.13111584755289377,0.6051308848673838,8117
CASP3_HUMAN_Roychowdhury_2020,CASP3_HUMAN,Human,Activity,esm3_open,ESM3,sequence_structure_function,official_zero_shot_paired_complete_case,0.5730333294066147,7.292185834887808,5.8231614206964695,-114.43062305789397,0.1,0.1337579617834395,0.3500996991496836,0.5909052959520448,1.0294448826199576,1567
CASP7_HUMAN_Roychowdhury_2020,CASP7_HUMAN,Human,Activity,esm3_open,ESM3,sequence_structure_function,official_zero_shot_paired_complete_case,0.6261055726667437,6.576552002146472,5.024699874066987,-65.35522419806196,0.1,0.23809523809523808,0.24417740003569618,0.7691464642822844,3.6586581374059266,1680
CATR_CHLRE_Tsuboyama_2023_2AMI,CATR_CHLRE,Eukaryote,Stability,esm3_open,ESM3,sequence_structure_function,official_zero_shot_paired_complete_case,0.4405993860867971,8.210120491043465,6.964089231918283,-99.70903035934667,0.1,0.15671641791044777,0.020209353868148965,0.5349665743518872,0.00934513196012491,1340
CBPA2_HUMAN_Tsuboyama_2023_1O6X,CBPA2_HUMAN,Human,Stability,esm3_open,ESM3,sequence_structure_function,official_zero_shot_paired_complete_case,0.6855727991943326,5.9468322244909775,4.393365903606445,-25.350073056163186,0.1,0.22794117647058823,0.022490106503449934,0.7170827324528753,0.0,1357
CBS_HUMAN_Sun_2020,CBS_HUMAN,Human,OrganismalFitness,esm3_open,ESM3,sequence_structure_function,official_zero_shot_paired_complete_case,0.34344828094998675,9.232431353017036,7.7995616014297315,-385.2519694297975,0.1,0.15789473684210525,0.6533692313179473,0.4200107692964724,1.3181447008431213,7217
CBX4_HUMAN_Tsuboyama_2023_2K28,CBX4_HUMAN,Human,Stability,esm3_open,ESM3,sequence_structure_function,official_zero_shot_paired_complete_case,0.6021604960946206,7.505701107469504,6.823248006971751,-59.53353408209679,0.1,0.2826086956521739,0.06573690246210843,0.8805327605528903,0.4514791072680003,917
CCDB_ECOLI_Adkar_2012,CCDB_ECOLI,Prokaryote,Activity,esm3_open,ESM3,sequence_structure_function,official_zero_shot_paired_complete_case,0.40134774249340716,30.59719019872581,22.022777529446042,-0.6703502947900091,0.1,0.13559322033898305,-22.576271186440678,0.18879716803252067,0.0,1176
CCR5_HUMAN_Gill_2023,CCR5_HUMAN,Human,Binding,esm3_open,ESM3,sequence_structure_function,official_zero_shot_paired_complete_case,0.3021987565788951,7.784455378601341,6.15386366161037,-216.46546634541932,0.1,0.14332247557003258,0.033432410423452776,0.3167005787518388,3.4951296249916406,6137
CD19_HUMAN_Klesmith_2019_FMC_singles,CD19_HUMAN,Human,Binding,esm3_open,ESM3,sequence_structure_function,official_zero_shot_paired_complete_case,0.29128993521255125,5.421279580357219,4.091349964407506,-2.1932161812595234,0.1,0.3395225464190981,0.9858181566736582,0.8634643935111829,0.0,3761
CP2C9_HUMAN_Amorosi_2021_abundance,CP2C9_HUMAN,Human,Expression,esm3_open,ESM3,sequence_structure_function,official_zero_shot_paired_complete_case,0.6557177125328835,8.583613061368387,7.426856044649774,-686.5720275391627,0.1,0.3076923076923077,0.9744966473532181,0.8795605164339679,0.5404424529974292,6370
CP2C9_HUMAN_Amorosi_2021_activity,CP2C9_HUMAN,Human,Binding,esm3_open,ESM3,sequence_structure_function,official_zero_shot_paired_complete_case,0.6967141901269042,8.295502612788313,7.155909062340858,-515.997027830864,0.1,0.36260162601626017,0.9302499643723577,1.0679286896701419,0.06515785859417601,6142
CSN4_MOUSE_Tsuboyama_2023_1UFM,CSN4_MOUSE,Eukaryote,Stability,esm3_open,ESM3,sequence_structure_function,official_zero_shot_paired_complete_case,0.7126410321842804,6.505730107601085,4.800812440782313,-35.77087549989763,0.1,0.3161764705882353,0.10990415312054705,0.8723531487820606,0.07987760568349063,1353
CUE1_YEAST_Tsuboyama_2023_2MYX,CUE1_YEAST,Eukaryote,Stability,esm3_open,ESM3,sequence_structure_function,official_zero_shot_paired_complete_case,0.6870433280231131,6.177023346912411,4.7904310569969,-34.09453449799246,0.1,0.3333333333333333,-0.17686833591498008,0.895465021459268,0.0,955
D7PM05_CLYGR_Somermeyer_2022,D7PM05_CLYGR,Eukaryote,Activity,esm3_open,ESM3,sequence_structure_function,official_zero_shot_paired_complete_case,0.43099825710132467,24491.347926762755,21776.308718764285,-3.7738067464496723,0.1,0.3076923076923077,24816.59772706947,0.2715760861657615,0.0,1169
DLG4_HUMAN_Faure_2021,DLG4_HUMAN,Human,OrganismalFitness,esm3_open,ESM3,sequence_structure_function,official_zero_shot_paired_complete_case,0.6330222422555094,9.924923333456967,8.448936119506858,-647.4243056232697,0.1,0.34375,-0.01059649442631019,0.9096129720263101,0.0,1280
DLG4_RAT_McLaughlin_2012,DLG4_RAT,Eukaryote,Binding,esm3_open,ESM3,sequence_structure_function,official_zero_shot_paired_complete_case,0.5591304603176144,9.87255026560719,8.40761427302965,-590.5031429083161,0.1,0.1518987341772152,0.03779837227848101,0.5161702561708799,0.11194056571667312,1576
DN7A_SACS2_Tsuboyama_2023_1JIC,DN7A_SACS2,Prokaryote,Stability,esm3_open,ESM3,sequence_structure_function,official_zero_shot_paired_complete_case,0.663880859819364,6.67992877689246,5.512247383088113,-34.08526475109705,0.1,0.36633663366336633,-0.09397909294935743,0.6719815948310089,0.0,1008
DNJA1_HUMAN_Tsuboyama_2023_2LO1,DNJA1_HUMAN,Human,Stability,esm3_open,ESM3,sequence_structure_function,official_zero_shot_paired_complete_case,0.6402235591093624,7.87817851634599,6.6936222586883,-41.33735205805133,0.1,0.22950819672131148,-0.008122429616801237,0.8310959199226267,0.0,1216
DOCK1_MOUSE_Tsuboyama_2023_2M0Y,DOCK1_MOUSE,Eukaryote,Stability,esm3_open,ESM3,sequence_structure_function,official_zero_shot_paired_complete_case,0.682898945187216,6.014638217186084,4.656358966998871,-36.944273471052334,0.1,0.3114754098360656,0.26274909604032354,0.9543793834346661,0.0,1213
DYR_ECOLI_Nguyen_2023,DYR_ECOLI,Prokaryote,OrganismalFitness,esm3_open,ESM3,sequence_structure_function,official_zero_shot_paired_complete_case,0.43796596021721046,10.289063238165452,9.007996146833454,-1293.425249701564,0.1,0.21575342465753425,0.9981164383561644,0.46989771505201466,0.34967344438743514,2916
DYR_ECOLI_Thompson_2019,DYR_ECOLI,Prokaryote,OrganismalFitness,esm3_open,ESM3,sequence_structure_function,official_zero_shot_paired_complete_case,0.41323280505769777,8.516044779447837,7.271771889170534,-130.76444745866735,0.1,0.12658227848101267,-0.09352972995780592,0.40066902293952306,1.5903960305129332,2363
ENVZ_ECOLI_Ghose_2023,ENVZ_ECOLI,Prokaryote,Activity,esm3_open,ESM3,sequence_structure_function,official_zero_shot_paired_complete_case,0.1972717035644347,9.113431889555688,8.170912964218916,-64.2779228245801,0.1,0.11504424778761062,3.289352162223091,0.1601687059777985,0.51167744736372,1121
ENV_HV1BR_Haddox_2016,ENV_HV1BR,Virus,OrganismalFitness,esm3_open,ESM3,sequence_structure_function,official_zero_shot_paired_complete_case,0.21853468963189523,5.439388793892295,4.112007831942131,-6438.846468149092,0.1,0.15384615384615385,0.05646319502451463,0.21574810525766666,0.30087518960836285,12863
EPHB2_HUMAN_Tsuboyama_2023_1F0M,EPHB2_HUMAN,Human,Stability,esm3_open,ESM3,sequence_structure_function,official_zero_shot_paired_complete_case,0.7878104146661491,6.94231592910103,5.701843926444039,-28.123612723971554,0.1,0.31451612903225806,0.04515443246447143,0.840910981631891,0.0,1239
ESTA_BACSU_Nutschel_2020,ESTA_BACSU,Prokaryote,Stability,esm3_open,ESM3,sequence_structure_function,official_zero_shot_paired_complete_case,0.47539306269578746,52.30271310277477,52.12785759931112,-455.60882988547337,0.1,0.3211009174311927,48.093486238532115,0.8256941475844762,0.0,2172
FECA_ECOLI_Tsuboyama_2023_2D1U,FECA_ECOLI,Prokaryote,Stability,esm3_open,ESM3,sequence_structure_function,official_zero_shot_paired_complete_case,0.6796620458597398,6.97633569175963,5.50815302306776,-60.08238600011334,0.1,0.3524590163934426,0.304226568820573,1.0785188629751963,1.2586912707906281,1219
FKBP3_HUMAN_Tsuboyama_2023_2KFV,FKBP3_HUMAN,Human,Stability,esm3_open,ESM3,sequence_structure_function,official_zero_shot_paired_complete_case,0.7098619823721639,5.81385149939204,4.715449552756107,-47.26319064770677,0.1,0.25806451612903225,0.2314694862281039,0.7868515837397227,0.0,1237
GAL4_YEAST_Kitzman_2015,GAL4_YEAST,Eukaryote,OrganismalFitness,esm3_open,ESM3,sequence_structure_function,official_zero_shot_paired_complete_case,0.4995082280864376,5.366762757445423,4.207047892175459,-0.028492953079051198,0.1,0.1,-2.3493333333333335,0.4847379684582188,0.15873311863011527,1195
GDIA_HUMAN_Silverstein_2021,GDIA_HUMAN,Human,OrganismalFitness,esm3_open,ESM3,sequence_structure_function,official_zero_shot_paired_complete_case,0.4371169451306842,7.8385623240350055,6.4823720630187625,-822.7490647049453,0.1,0.1206896551724138,0.8546632410689656,0.45962865143543086,0.0011412728709853158,1154
GFP_AEQVI_Sarkisyan_2016,GFP_AEQVI,Eukaryote,Activity,esm3_open,ESM3,sequence_structure_function,official_zero_shot_paired_complete_case,0.5070238397748714,8.174802461578135,7.258241491600263,-171.7902349271766,0.1,0.24770642201834864,3.655521399190186,0.3582551932501932,0.36006652449548304,1084
GRB2_HUMAN_Faure_2021,GRB2_HUMAN,Human,OrganismalFitness,esm3_open,ESM3,sequence_structure_function,official_zero_shot_paired_complete_case,0.7047253943049268,9.109014419976836,7.509465251669967,-407.37460410329044,0.1,0.3557692307692308,0.02872934305813913,1.0133134407082505,0.0,1034
HCP_LAMBD_Tsuboyama_2023_2L6Q,HCP_LAMBD,Virus,Stability,esm3_open,ESM3,sequence_structure_function,official_zero_shot_paired_complete_case,0.7551912763303509,5.749307953838237,4.281858530359416,-33.366323832180015,0.1,0.38461538461538464,0.12611724653621775,0.8688896521649889,0.32080633679712783,1040
HECD1_HUMAN_Tsuboyama_2023_3DKM,HECD1_HUMAN,Human,Stability,esm3_open,ESM3,sequence_structure_function,official_zero_shot_paired_complete_case,0.5413910900541715,5.599869895739568,4.170951765992818,-29.448701768233775,0.1,0.256,-0.36100294769938984,0.5570804988987804,0.0,1244
HEM3_HUMAN_Loggerenberg_2023,HEM3_HUMAN,Human,Activity,esm3_open,ESM3,sequence_structure_function,official_zero_shot_paired_complete_case,0.4336700771532295,9.949242161469217,8.572525375402765,-518.5279109644126,0.1,0.18980667838312829,0.7744876625325132,0.4611425156402339,0.03628539788340975,5689
HMDH_HUMAN_Jiang_2019,HMDH_HUMAN,Human,OrganismalFitness,esm3_open,ESM3,sequence_structure_function,official_zero_shot_paired_complete_case,0.43331122498746116,8.176540911500616,6.631482402420644,-957.8257509988601,0.1,0.14116251482799524,0.5954164294187426,0.4374320179698943,0.003029634359554743,16853
HSP82_YEAST_Cote-Hammarlof_2020_growth-H2O2,HSP82_YEAST,Eukaryote,OrganismalFitness,esm3_open,ESM3,sequence_structure_function,official_zero_shot_paired_complete_case,0.30967844121622384,10.24247103008201,9.042013974203314,-388669.9328364502,0.1,0.10619469026548672,-0.002444336404867251,0.3717485744451274,0.18875586182129367,2252
HSP82_YEAST_Flynn_2019,HSP82_YEAST,Eukaryote,OrganismalFitness,esm3_open,ESM3,sequence_structure_function,official_zero_shot_paired_complete_case,0.3487081172818427,9.496383022916252,8.255736093923538,-653.7416917541244,0.1,0.1443609022556391,-0.01099581909396235,0.4614341412820933,0.9117129470449609,13294
HSP82_YEAST_Mishra_2016,HSP82_YEAST,Eukaryote,OrganismalFitness,esm3_open,ESM3,sequence_structure_function,official_zero_shot_paired_complete_case,0.3875964567545613,10.207327130564252,9.139621066270536,-820.2820867321383,0.1,0.14087759815242495,-0.028805514808314087,0.4524705501449028,1.1278482532401566,4323
HXK4_HUMAN_Gersing_2022_activity,HXK4_HUMAN,Human,OrganismalFitness,esm3_open,ESM3,sequence_structure_function,official_zero_shot_paired_complete_case,0.47473565452243915,8.805090433582283,7.526241876577321,-131.83429636331633,0.1,0.176196032672112,1.1178367318868145,0.6020718594554939,1.2335850511328594,8570
HXK4_HUMAN_Gersing_2023_abundance,HXK4_HUMAN,Human,Expression,esm3_open,ESM3,sequence_structure_function,official_zero_shot_paired_complete_case,0.4187283452536999,8.901449048012495,7.566773864461376,-626.9975042194455,0.1,0.16666666666666666,0.8897143906583316,0.5530632062594142,0.17695703229819415,8396
I6TAH8_I68A0_Doud_2015,I6TAH8_I68A0,Virus,OrganismalFitness,esm3_open,ESM3,sequence_structure_function,official_zero_shot_paired_complete_case,0.18392411718721516,4.748524995888179,3.4369592879796795,-18.155836083282207,0.1,0.17423442449841606,-1.8598198043215604,0.2714022727829526,0.23820757204830104,9462
IF1_ECOLI_Kelsic_2016,IF1_ECOLI,Prokaryote,OrganismalFitness,esm3_open,ESM3,sequence_structure_function,official_zero_shot_paired_complete_case,0.5799211972148619,11.108817555445107,9.934583020569123,-1510.933224104066,0.1,0.27007299270072993,0.9583138686058394,0.5803017160192522,0.0,1367
ILF3_HUMAN_Tsuboyama_2023_2L33,ILF3_HUMAN,Human,Stability,esm3_open,ESM3,sequence_structure_function,official_zero_shot_paired_complete_case,0.49962801107482474,8.708207306099425,7.191660483838885,-113.16819971422849,0.1,0.09022556390977443,-0.031837817483008304,0.36274006372110473,1.066461176082972,1329
ISDH_STAAW_Tsuboyama_2023_2LHR,ISDH_STAAW,Prokaryote,Stability,esm3_open,ESM3,sequence_structure_function,official_zero_shot_paired_complete_case,0.7208602431631546,4.8571398303587365,3.796357361213405,-35.95723828912136,0.1,0.3617021276595745,0.03397978112875126,0.9128936134563647,0.19384176593913377,940
KCNE1_HUMAN_Muhammad_2023_expression,KCNE1_HUMAN,Human,Expression,esm3_open,ESM3,sequence_structure_function,official_zero_shot_paired_complete_case,0.14649673478429115,3.227923688753444,2.5466711380556672,-72.08441950266561,0.1,0.05982905982905983,1.029199614474359,0.17998248297129074,0.08601166299355952,2339
KCNE1_HUMAN_Muhammad_2023_function,KCNE1_HUMAN,Human,Activity,esm3_open,ESM3,sequence_structure_function,official_zero_shot_paired_complete_case,0.19665310230169603,3.059242300291538,2.387787612753171,-58.14639008125283,0.1,0.1724137931034483,0.8198277471594827,0.1457795327400627,0.0,2315
KCNJ2_MOUSE_Coyote-Maestas_2022_function,KCNJ2_MOUSE,Eukaryote,Activity,esm3_open,ESM3,sequence_structure_function,official_zero_shot_paired_complete_case,0.3107527980352695,7.2726139770063325,5.862660722955493,-143.25369370680414,0.1,0.1606886657101865,0.2425008283558106,0.39185924626589785,0.5050284316016465,6963
KCNJ2_MOUSE_Coyote-Maestas_2022_surface,KCNJ2_MOUSE,Eukaryote,Expression,esm3_open,ESM3,sequence_structure_function,official_zero_shot_paired_complete_case,0.3399180036831382,6.3661247258801374,5.135739879594309,-7.720241120319994,0.1,0.1430635838150289,0.09837570141907515,0.39776402686648377,0.8111430554203386,6917
KKA2_KLEPN_Melnikov_2014,KKA2_KLEPN,Prokaryote,OrganismalFitness,esm3_open,ESM3,sequence_structure_function,official_zero_shot_paired_complete_case,0.6281851004385453,9.634623574044465,8.420493263395642,-97.79040947216329,0.1,0.24596774193548387,1.967209677419355,0.8386950729441136,0.0,4960
LGK_LIPST_Klesmith_2015,LGK_LIPST,Eukaryote,Activity,esm3_open,ESM3,sequence_structure_function,official_zero_shot_paired_complete_case,0.4347490920879713,7.45471503079093,5.980143013466023,-214.64264538371052,0.1,0.26108998732572875,-0.37197642585551327,0.5917387304345002,0.12863212974482274,7890
MAFG_MOUSE_Tsuboyama_2023_1K1V,MAFG_MOUSE,Eukaryote,Stability,esm3_open,ESM3,sequence_structure_function,official_zero_shot_paired_complete_case,0.6935101413082244,5.624661965648706,4.507333978141505,-60.56646174685979,0.1,0.35064935064935066,0.15184051314015426,0.8935840847181095,0.5042025273986962,762
MBD11_ARATH_Tsuboyama_2023_6ACV,MBD11_ARATH,Eukaryote,Stability,esm3_open,ESM3,sequence_structure_function,official_zero_shot_paired_complete_case,0.6630607123739267,4.764124113119234,3.664638743677027,-18.25685932961001,0.1,0.25862068965517243,0.07626810659044465,0.7771407248379888,0.0,1155
MET_HUMAN_Estevam_2023,MET_HUMAN,Human,Activity,esm3_open,ESM3,sequence_structure_function,official_zero_shot_paired_complete_case,0.49522581529479226,6.0131744151439985,4.840392083394997,-2.9871809903990387,0.1,0.16666666666666666,-0.9682382348017463,0.45647307597572745,0.01235087338416866,5393
MK01_HUMAN_Brenan_2016,MK01_HUMAN,Human,OrganismalFitness,esm3_open,ESM3,sequence_structure_function,official_zero_shot_paired_complete_case,0.14817920799343556,5.2292427675871975,4.335736444882157,-20.00698009923638,0.1,0.07782672540381791,-8.199331140268724,-0.03495641044576624,1.0264695959245793,6809
MLAC_ECOLI_MacRae_2023,MLAC_ECOLI,Prokaryote,OrganismalFitness,esm3_open,ESM3,sequence_structure_function,official_zero_shot_paired_complete_case,0.16321324695460576,9.098699320038971,7.562453537659247,-775.6826101992926,0.1,0.10723192019950124,-0.17388446836408974,0.1657183124017902,0.28656322536314255,4007
MSH2_HUMAN_Jia_2020,MSH2_HUMAN,Human,OrganismalFitness,esm3_open,ESM3,sequence_structure_function,official_zero_shot_paired_complete_case,0.38909558659780463,9.705042978511235,8.695505154132844,-21.338528922450184,0.1,0.13611940298507463,3.67484776119403,0.39622801965016735,0.12175024128310642,16749
MTH3_HAEAE_RockahShmuel_2015,MTH3_HAEAE,Prokaryote,OrganismalFitness,esm3_open,ESM3,sequence_structure_function,official_zero_shot_paired_complete_case,0.5720947441341921,7.549951490221003,6.2596168410610336,-423.17006509709626,0.1,0.25280898876404495,0.7076966292134831,0.7540854634663966,0.0,1777
MTHR_HUMAN_Weile_2021,MTHR_HUMAN,Human,OrganismalFitness,esm3_open,ESM3,sequence_structure_function,official_zero_shot_paired_complete_case,0.37845275890035124,7.6255487700201945,6.21360638519552,-738.8639408402278,0.1,0.12910986367281477,0.7776522052927024,0.4386079674888742,0.006063923992854256,12464
MYO3_YEAST_Tsuboyama_2023_2BTT,MYO3_YEAST,Eukaryote,Stability,esm3_open,ESM3,sequence_structure_function,official_zero_shot_paired_complete_case,0.667845472190173,5.772913874388378,4.812617175627698,-29.675914688828122,0.1,0.43157894736842106,0.23718053603514994,1.151266260430887,0.09995165699270563,947
NCAP_I34A1_Doud_2015,NCAP_I34A1,Virus,OrganismalFitness,esm3_open,ESM3,sequence_structure_function,official_zero_shot_paired_complete_case,0.24927013099261103,4.261958587722306,3.1155258104562913,-11.091863518282434,0.1,0.17529039070749736,-2.29620763447439,0.3671394917187403,0.39740944871740336,9462
NKX31_HUMAN_Tsuboyama_2023_2L9R,NKX31_HUMAN,Human,Stability,esm3_open,ESM3,sequence_structure_function,official_zero_shot_paired_complete_case,0.6019915406758412,8.342483799506905,6.847144698516389,-258.8377340859349,0.1,0.19130434782608696,0.02793777013295649,0.7325934287509428,0.0,1149
NPC1_HUMAN_Erwood_2022_HEK293T,NPC1_HUMAN,Human,Activity,esm3_open,ESM3,sequence_structure_function,official_zero_shot_paired_complete_case,0.5835567977228091,7.361527638438946,5.879033139967988,-346.9464475889832,0.1,0.34375,0.8137312249453126,0.7603135249027206,0.047766301236249045,637
NUD15_HUMAN_Suiter_2020,NUD15_HUMAN,Human,Expression,esm3_open,ESM3,sequence_structure_function,official_zero_shot_paired_complete_case,0.6698708935870076,8.374759118172806,7.116342215072397,-504.11038390879986,0.1,0.27017543859649124,0.8496142757117342,0.8696518045032703,0.11213577721992882,2844
NUSA_ECOLI_Tsuboyama_2023_1WCL,NUSA_ECOLI,Prokaryote,Stability,esm3_open,ESM3,sequence_structure_function,official_zero_shot_paired_complete_case,0.7118513602234496,7.1607724548237695,5.768207422802665,-44.05803701724346,0.1,0.20610687022900764,-0.053483990680695495,0.7790616536421379,0.7736363425629744,1306
NUSG_MYCTU_Tsuboyama_2023_2MI6,NUSG_MYCTU,Prokaryote,Stability,esm3_open,ESM3,sequence_structure_function,official_zero_shot_paired_complete_case,0.6669959794985857,6.665236516956055,5.6631468962914715,-20.457526725870558,0.1,0.18627450980392157,0.02479839399166009,0.850049625265715,0.17429478471688326,1019
OBSCN_HUMAN_Tsuboyama_2023_1V1C,OBSCN_HUMAN,Human,Stability,esm3_open,ESM3,sequence_structure_function,official_zero_shot_paired_complete_case,0.7801017064341771,5.335770194115656,4.087656535892409,-18.014519669238734,0.1,0.47540983606557374,0.14776811684789493,0.9580634615190391,0.01321306236602309,1213
ODP2_GEOSE_Tsuboyama_2023_1W4G,ODP2_GEOSE,Prokaryote,Stability,esm3_open,ESM3,sequence_structure_function,official_zero_shot_paired_complete_case,0.5627242818099502,6.255333764044757,5.062800919603276,-62.221205046721465,0.1,0.208955223880597,-0.2702256313016803,0.6378176158041073,0.0,669
OTC_HUMAN_Lo_2023,OTC_HUMAN,Human,Activity,esm3_open,ESM3,sequence_structure_function,official_zero_shot_paired_complete_case,0.6652760584268942,8.25767024590992,7.0632552954254635,-442.5053563671925,0.1,0.37579617834394907,0.8785668789808917,1.0698718887873333,0.25758067222419945,1570
OTU7A_HUMAN_Tsuboyama_2023_2L2D,OTU7A_HUMAN,Human,Stability,esm3_open,ESM3,sequence_structure_function,official_zero_shot_paired_complete_case,0.6812088816378219,4.928040154487938,3.6434502559034576,-32.91837078944101,0.1,0.328125,0.12437224323868803,0.9048916198824645,0.0,635
OXDA_RHOTO_Vanella_2023_activity,OXDA_RHOTO,Eukaryote,Activity,esm3_open,ESM3,sequence_structure_function,official_zero_shot_paired_complete_case,0.33598057496724715,8.205173782068435,6.804744507097186,-9725.610904313538,0.1,0.2125,-0.03952931021095081,0.5791915867868505,0.07702593876929012,6396
OXDA_RHOTO_Vanella_2023_expression,OXDA_RHOTO,Eukaryote,Expression,esm3_open,ESM3,sequence_structure_function,official_zero_shot_paired_complete_case,0.39014203692284993,8.346106114907172,6.938941458607172,-3667.652634696734,0.1,0.155096011816839,-0.011951338645107472,0.48015026174440995,0.20565289403468132,6769
P53_HUMAN_Giacomelli_2018_Null_Etoposide,P53_HUMAN,Human,OrganismalFitness,esm3_open,ESM3,sequence_structure_function,official_zero_shot_paired_complete_case,0.2746839512656619,5.56650776940435,4.263988576973087,-31.370936675647812,0.1,0.08835341365461848,0.28589289282924485,0.24444780152471923,0.0,7467
P53_HUMAN_Giacomelli_2018_Null_Nutlin,P53_HUMAN,Human,OrganismalFitness,esm3_open,ESM3,sequence_structure_function,official_zero_shot_paired_complete_case,0.27851374705450727,5.586060553784775,4.267112397764088,-30.839969780712355,0.1,0.10575635876840696,0.18246819481105336,0.15594570837254668,0.0,7467
P53_HUMAN_Giacomelli_2018_WT_Nutlin,P53_HUMAN,Human,OrganismalFitness,esm3_open,ESM3,sequence_structure_function,official_zero_shot_paired_complete_case,0.2672531196540894,5.534470325686728,4.208061493639015,-27.580035939299094,0.1,0.09906291834002677,0.2516580878808972,0.2622694422992597,1.688025020681484,7467
P53_HUMAN_Kotler_2018,P53_HUMAN,Human,OrganismalFitness,esm3_open,ESM3,sequence_structure_function,official_zero_shot_paired_complete_case,0.46387319700347696,7.155843625126039,5.93335043225287,-35.64197715366365,0.1,0.18095238095238095,1.9433172071875893,0.5445827427053009,0.23743245927000312,1048
P84126_THETH_Chan_2017,P84126_THETH,Prokaryote,OrganismalFitness,esm3_open,ESM3,sequence_structure_function,official_zero_shot_paired_complete_case,0.5765569018219221,12.696686669634648,11.955086513870564,-437.69454560538134,0.1,0.3881578947368421,0.2780015091907895,1.224732140056191,0.0,1519
PABP_YEAST_Melamed_2013,PABP_YEAST,Eukaryote,OrganismalFitness,esm3_open,ESM3,sequence_structure_function,official_zero_shot_paired_complete_case,0.6136893819621964,10.019075862901886,8.674472716480928,-755.8104778863006,0.1,0.21008403361344538,0.9356739380504202,0.7616868465973613,4.0886889220106095,1187
PAI1_HUMAN_Huttinger_2021,PAI1_HUMAN,Human,Activity,esm3_open,ESM3,sequence_structure_function,official_zero_shot_paired_complete_case,0.4537804290057983,5.863100290055592,4.675034297551968,-22.244020257064726,0.1,0.2485981308411215,0.5827266330467291,0.6688634911004174,0.18627115696009172,5345
PA_I34A1_Wu_2015,PA_I34A1,Virus,OrganismalFitness,esm3_open,ESM3,sequence_structure_function,official_zero_shot_paired_complete_case,0.25049921065137465,5.173587136663493,3.872564031013173,-106.35233421986918,0.1,0.0989010989010989,0.5023285836648352,0.10839615228835928,5.522539505428918,1820
PHOT_CHLRE_Chen_2023,PHOT_CHLRE,Eukaryote,Activity,esm3_open,ESM3,sequence_structure_function,official_zero_shot_paired_complete_case,0.5950961505201444,9.36216344770408,8.132559415921564,-703.7127142680655,0.1,0.215962441314554,1.286607992273641,0.6419323119913263,0.304293502984966,2122
PIN1_HUMAN_Tsuboyama_2023_1I6C,PIN1_HUMAN,Human,Stability,esm3_open,ESM3,sequence_structure_function,official_zero_shot_paired_complete_case,0.7417822584752032,6.8892589135148325,5.380447068784742,-74.69146620720313,0.1,0.2463768115942029,0.013761173461764208,0.9109523154088169,0.42234762986605623,686
PITX2_HUMAN_Tsuboyama_2023_2L7M,PITX2_HUMAN,Human,Stability,esm3_open,ESM3,sequence_structure_function,official_zero_shot_paired_complete_case,0.616642656682847,7.46086018783101,6.387458941831138,-53.620053340508946,0.1,0.2872340425531915,0.18603775279537807,0.9062705234826401,0.0,938
PKN1_HUMAN_Tsuboyama_2023_1URF,PKN1_HUMAN,Human,Stability,esm3_open,ESM3,sequence_structure_function,official_zero_shot_paired_complete_case,0.5736632420503852,5.434024114099179,3.9090575500703046,-46.059264845286194,0.1,0.2900763358778626,0.20563046428873907,0.6576481514751122,0.2752833411664747,1301
POLG_CXB3N_Mattenberger_2021,POLG_CXB3N,Virus,OrganismalFitness,esm3_open,ESM3,sequence_structure_function,official_zero_shot_paired_complete_case,0.21086359677487745,3.099970998429809,2.3421711851627975,-7.554988445629691,0.1,0.13358778625954199,-2.435324723026435,0.11565005233902029,0.7760134360377463,15711
POLG_DEN26_Suphatrakul_2023,POLG_DEN26,Virus,OrganismalFitness,esm3_open,ESM3,sequence_structure_function,official_zero_shot_paired_complete_case,0.2952467912186702,4.188573890145948,3.3361225864466757,-1.5492707213246915,0.1,0.1680473372781065,-3.6588104540761663,0.2540352133901693,0.0,16897
POLG_HCVJF_Qi_2014,POLG_HCVJF,Virus,OrganismalFitness,esm3_open,ESM3,sequence_structure_function,official_zero_shot_paired_complete_case,0.6064182480523092,5.883606427314243,4.311835210929709,-239.82483844161447,0.1,0.2147239263803681,-0.4430663011472392,0.7703258553214636,0.8278516911236932,1630
POLG_PESV_Tsuboyama_2023_2MXD,POLG_PESV,Virus,Stability,esm3_open,ESM3,sequence_structure_function,official_zero_shot_paired_complete_case,0.7851350769751937,5.025557000478283,3.713503008712573,-18.734006750999303,0.1,0.39,-0.017709965212290832,0.9044975719053473,0.0,995
PPARG_HUMAN_Majithia_2016,PPARG_HUMAN,Human,Activity,esm3_open,ESM3,sequence_structure_function,official_zero_shot_paired_complete_case,0.5143722419087916,5.564459265287565,4.4476159773859365,-3.865819792848037,0.1,0.18893528183716074,0.945276617954071,0.5765443061444093,0.014667522628330614,9576
PPM1D_HUMAN_Miller_2022,PPM1D_HUMAN,Human,OrganismalFitness,esm3_open,ESM3,sequence_structure_function,official_zero_shot_paired_complete_case,0.4913234943046574,7.4583400133786215,5.8493758969735055,-632.7737784347365,0.1,0.17743979721166034,0.1592771356147022,0.5594357787843177,0.0,7889
PR40A_HUMAN_Tsuboyama_2023_1UZC,PR40A_HUMAN,Human,Stability,esm3_open,ESM3,sequence_structure_function,official_zero_shot_paired_complete_case,0.7418427291821623,5.192411614160466,4.065401178783448,-37.44549481021277,0.1,0.2222222222222222,0.08848370129817237,0.7318866913414107,0.0,1163
PRKN_HUMAN_Clausen_2023,PRKN_HUMAN,Human,Expression,esm3_open,ESM3,sequence_structure_function,official_zero_shot_paired_complete_case,0.6114118129561775,7.096279274509024,5.556819305125313,-322.98317780758816,0.1,0.3264840182648402,0.9786455054512887,0.7233776657082884,0.002380360526403876,8756
PSAE_PICP2_Tsuboyama_2023_1PSE,PSAE_PICP2,Prokaryote,Stability,esm3_open,ESM3,sequence_structure_function,official_zero_shot_paired_complete_case,0.5308609303348861,8.084835308648552,6.83630955594422,-146.13873117661532,0.1,0.19672131147540983,0.16043748914691364,0.6987499734207744,1.1485205750043235,1219
PTEN_HUMAN_Matreyek_2021,PTEN_HUMAN,Human,Expression,esm3_open,ESM3,sequence_structure_function,official_zero_shot_paired_complete_case,0.4731984512663959,8.48065029799473,7.040829892656136,-740.7898231584306,0.1,0.1807465618860511,0.8933796225547543,0.5669128437760902,0.03884367034038336,5083
PTEN_HUMAN_Mighell_2018,PTEN_HUMAN,Human,Activity,esm3_open,ESM3,sequence_structure_function,official_zero_shot_paired_complete_case,0.5391795888434888,6.769420061794536,5.538586110637311,-21.7024791858067,0.1,0.2162534435261708,-0.17530240446005504,0.5246312808176851,0.17449280257440733,7260
Q2N0S5_9HIV1_Haddox_2018,Q2N0S5_9HIV1,Virus,OrganismalFitness,esm3_open,ESM3,sequence_structure_function,official_zero_shot_paired_complete_case,0.3466057084476151,4.030318971330996,3.0759220871597015,-2.281922905260575,0.1,0.17124901806755696,-1.7599314324194812,0.31000905537099327,0.18272903086544334,12729
Q53Z42_HUMAN_McShan_2019_binding-TAPBPR,Q53Z42_HUMAN,Human,Binding,esm3_open,ESM3,sequence_structure_function,official_zero_shot_paired_complete_case,0.3370988662219358,8.417213549649604,7.532701929637974,-61.030394944190284,0.1,0.1701492537313433,0.682865671641791,0.5416820918206231,0.0,3344
Q53Z42_HUMAN_McShan_2019_expression,Q53Z42_HUMAN,Human,Expression,esm3_open,ESM3,sequence_structure_function,official_zero_shot_paired_complete_case,0.578103005759699,7.220795348042121,6.428802597643942,-14.225993985733309,0.1,0.3402985074626866,0.8015223880597014,0.9834843783723238,0.0,3344
Q59976_STRSQ_Romero_2015,Q59976_STRSQ,Prokaryote,Activity,esm3_open,ESM3,sequence_structure_function,official_zero_shot_paired_complete_case,0.5793445127408728,7.845900520337562,6.549130434112893,-78.0506444313454,0.1,0.23333333333333334,-0.35284,0.669275129126263,1.3813814369533737,2999
Q6WV12_9MAXI_Somermeyer_2022,Q6WV12_9MAXI,Eukaryote,Activity,esm3_open,ESM3,sequence_structure_function,official_zero_shot_paired_complete_case,0.22291751628196402,15191.980927400542,14514.11858631994,-10.45967252297668,0.1,0.20869565217391303,16175.444601628236,0.3709525858006924,0.0,1141
Q837P4_ENTFA_Meier_2023,Q837P4_ENTFA,Prokaryote,Activity,esm3_open,ESM3,sequence_structure_function,official_zero_shot_paired_complete_case,0.5094397978661691,7.1802931894738915,5.577777852565913,-31.18699236211615,0.1,0.3,-0.23924506650000005,0.7426130788103564,0.0,697
Q837P5_ENTFA_Meier_2023,Q837P5_ENTFA,Prokaryote,Activity,esm3_open,ESM3,sequence_structure_function,official_zero_shot_paired_complete_case,0.4144192212025978,6.8627252593357815,5.498876705113116,-28.400409262089575,0.1,0.26666666666666666,-0.6059012672599999,0.5948544073527671,0.11806343977735136,747
Q8WTC7_9CNID_Somermeyer_2022,Q8WTC7_9CNID,Eukaryote,Activity,esm3_open,ESM3,sequence_structure_function,official_zero_shot_paired_complete_case,0.24827077173444628,8177.981583705888,7592.891723078699,-6.24479504397993,0.1,0.12396694214876033,7839.739613823023,0.08241701005492902,1.2273364233907391,1201
R1AB_SARS2_Flynn_2022,R1AB_SARS2,Virus,OrganismalFitness,esm3_open,ESM3,sequence_structure_function,official_zero_shot_paired_complete_case,0.401458819002081,7.234283088869981,5.838145101870348,-299.5589005381978,0.1,0.1518324607329843,0.8035195957508389,0.3884063811177168,0.013895191232753163,5725
RAD_ANTMA_Tsuboyama_2023_2CJJ,RAD_ANTMA,Eukaryote,Stability,esm3_open,ESM3,sequence_structure_function,official_zero_shot_paired_complete_case,0.3819700452784668,6.828187674819769,5.937789767590977,-95.37736860771037,0.1,0.08974358974358974,0.06392120173479224,0.5656275100111057,0.6154150740190327,774
RASH_HUMAN_Bandaru_2017,RASH_HUMAN,Human,Activity,esm3_open,ESM3,sequence_structure_function,official_zero_shot_paired_complete_case,0.4625574040293447,10.910420441875104,9.73951912384209,-1290.8868983693576,0.1,0.09872611464968153,0.03977241365605094,0.543366996352526,4.366995507178132,3134
RASK_HUMAN_Weng_2022_abundance,RASK_HUMAN,Human,Expression,esm3_open,ESM3,sequence_structure_function,official_zero_shot_paired_complete_case,0.20351530308558044,10.366437101246953,9.061705631818477,-800.2972059358596,0.1,0.10423452768729642,-0.24582674683838826,0.23455573636350033,1.5465236441222008,3066
RASK_HUMAN_Weng_2022_binding-DARPin_K55,RASK_HUMAN,Human,Binding,esm3_open,ESM3,sequence_structure_function,official_zero_shot_paired_complete_case,0.49926969300244456,10.38925434951167,9.11869111319236,-904.7672380597122,0.1,0.1650485436893204,-0.028311451994298374,0.6059002511136679,0.27314172952339555,3084
RBP1_HUMAN_Tsuboyama_2023_2KWH,RBP1_HUMAN,Human,Stability,esm3_open,ESM3,sequence_structure_function,official_zero_shot_paired_complete_case,0.6304759189906814,4.342182860810535,3.223954342794481,-35.05880493374724,0.1,0.3469387755102041,0.25057211202759655,0.7838978598417583,0.8317568739928521,975
RCD1_ARATH_Tsuboyama_2023_5OAO,RCD1_ARATH,Eukaryote,Stability,esm3_open,ESM3,sequence_structure_function,official_zero_shot_paired_complete_case,0.48549829893211854,4.792340701367795,3.5692406824515643,-55.40903894826766,0.1,0.1717171717171717,0.19212393815064144,0.757333302172367,0.5075280053553287,988
RCRO_LAMBD_Tsuboyama_2023_1ORC,RCRO_LAMBD,Virus,Stability,esm3_open,ESM3,sequence_structure_function,official_zero_shot_paired_complete_case,0.7631464205242443,6.522561878278803,5.451259840408377,-24.54028996095935,0.1,0.25833333333333336,0.011334598331517513,0.8273303041450545,0.16966481212972867,1195
RD23A_HUMAN_Tsuboyama_2023_1IFY,RD23A_HUMAN,Human,Stability,esm3_open,ESM3,sequence_structure_function,official_zero_shot_paired_complete_case,0.6331868628247694,7.309339943568163,5.713920478094361,-46.021144798240655,0.1,0.35,-0.07352760107908066,0.8066348953837914,0.19199998422786282,798
RDRP_I33A0_Li_2023,RDRP_I33A0,Virus,OrganismalFitness,esm3_open,ESM3,sequence_structure_function,official_zero_shot_paired_complete_case,0.2241191740039551,4.615521663754386,3.2880368827222575,-50.83945545398412,0.1,0.13738551207327226,-1.2764246518303863,0.1935237245607212,0.7348730823953289,12003
REV_HV1H2_Fernandes_2016,REV_HV1H2,Virus,OrganismalFitness,esm3_open,ESM3,sequence_structure_function,official_zero_shot_paired_complete_case,0.2802102325390114,4.074697637484898,2.9359478903150555,-348.6781808987911,0.1,0.10697674418604651,-0.048682724158649215,0.33070597633968557,2.4470838702436857,2147
RFAH_ECOLI_Tsuboyama_2023_2LCL,RFAH_ECOLI,Prokaryote,Stability,esm3_open,ESM3,sequence_structure_function,official_zero_shot_paired_complete_case,0.5122433789880659,5.491491408585848,4.174941082940964,-66.21999865475227,0.1,0.31958762886597936,0.4435616168517561,1.0699547365463133,0.0,969
RL20_AQUAE_Tsuboyama_2023_1GYZ,RL20_AQUAE,Prokaryote,Stability,esm3_open,ESM3,sequence_structure_function,official_zero_shot_paired_complete_case,0.5402012278395995,8.791062325689264,7.711076659835851,-145.8480188543261,0.1,0.11504424778761062,0.008175409797575629,0.5542399587639459,0.2814559427386731,1121
RL40A_YEAST_Mavor_2016,RL40A_YEAST,Eukaryote,OrganismalFitness,esm3_open,ESM3,sequence_structure_function,official_zero_shot_paired_complete_case,0.22770030351510678,10.863027566864941,10.388685133293839,-3311.3958888662187,0.1,0.12698412698412698,-0.06957762696825395,0.4267492893842386,1.0480018282972379,1253
RL40A_YEAST_Roscoe_2013,RL40A_YEAST,Eukaryote,OrganismalFitness,esm3_open,ESM3,sequence_structure_function,official_zero_shot_paired_complete_case,0.25851753728897525,10.62559482909624,10.164865220825941,-944.949360680218,0.1,0.11666666666666667,-0.11859154811188066,0.4228753407913129,0.016614722868483135,1195
RL40A_YEAST_Roscoe_2014,RL40A_YEAST,Eukaryote,Activity,esm3_open,ESM3,sequence_structure_function,official_zero_shot_paired_complete_case,0.3487210612474628,11.85390019840053,11.422586635608555,-735.9313791483037,0.1,0.11594202898550725,0.9060425270797101,0.4270501914036164,0.6256591978538965,1380
RNC_ECOLI_Weeks_2023,RNC_ECOLI,Prokaryote,Activity,esm3_open,ESM3,sequence_structure_function,official_zero_shot_paired_complete_case,0.5650617001080624,9.83207816620715,8.346576079865528,-245.76378808820223,0.1,0.16355140186915887,-0.012467984182242991,0.5807539830899184,0.27016914305530787,4277
RPC1_BP434_Tsuboyama_2023_1R69,RPC1_BP434,Virus,Stability,esm3_open,ESM3,sequence_structure_function,official_zero_shot_paired_complete_case,0.7727358156162156,7.8770773361932935,6.519580087211986,-40.03733788074162,0.1,0.3008849557522124,0.028634855933780706,0.9416112376706914,0.38139505395984297,1124
RS15_GEOSE_Tsuboyama_2023_1A32,RS15_GEOSE,Prokaryote,Stability,esm3_open,ESM3,sequence_structure_function,official_zero_shot_paired_complete_case,0.5165550231181272,8.907742939123745,7.895755918338679,-182.73220699651245,0.1,0.08333333333333333,0.07978291028546942,0.5844122675675343,0.8319749621182371,1195
S22A1_HUMAN_Yee_2023_abundance,S22A1_HUMAN,Human,Expression,esm3_open,ESM3,sequence_structure_function,official_zero_shot_paired_complete_case,0.5586265527996509,6.945324253134768,5.5382478926853205,-25.267033190776502,0.1,0.26605504587155965,0.1356327967991845,0.7151670187192307,0.4410257240836133,9803
S22A1_HUMAN_Yee_2023_activity,S22A1_HUMAN,Human,Activity,esm3_open,ESM3,sequence_structure_function,official_zero_shot_paired_complete_case,0.4994348020204388,7.64516587165119,6.220836650090023,-71.63622076109252,0.1,0.19405940594059407,0.24767485822970298,0.6101000451651255,0.4378596034508378,10094
SAV1_MOUSE_Tsuboyama_2023_2YSB,SAV1_MOUSE,Eukaryote,Stability,esm3_open,ESM3,sequence_structure_function,official_zero_shot_paired_complete_case,0.7245000353335332,4.6134929112061815,3.6326969842233954,-28.52466292225245,0.1,0.5147058823529411,0.23257247105586287,1.0518996817881772,0.0,679
SBI_STAAM_Tsuboyama_2023_2JVG,SBI_STAAM,Prokaryote,Stability,esm3_open,ESM3,sequence_structure_function,official_zero_shot_paired_complete_case,0.7082595665742305,6.345837796156711,4.616251386257049,-85.879618038969,0.1,0.3300970873786408,0.09091036865515771,1.030271748619593,0.3667303940327575,1025
SC6A4_HUMAN_Young_2021,SC6A4_HUMAN,Human,Activity,esm3_open,ESM3,sequence_structure_function,official_zero_shot_paired_complete_case,0.5223029506837011,7.303165705298575,6.009147636202502,-29.467810285751032,0.1,0.18825561312607944,0.36584566679792746,0.644549084927249,0.5851001735903227,11576
SCIN_STAAR_Tsuboyama_2023_2QFF,SCIN_STAAR,Prokaryote,Stability,esm3_open,ESM3,sequence_structure_function,official_zero_shot_paired_complete_case,0.6038442636495337,5.261837771744864,3.6885635948582216,-34.968518243814245,0.1,0.319672131147541,0.16828677830429134,0.8547478954417554,0.0,1212
SDA_BACSU_Tsuboyama_2023_1PV0,SDA_BACSU,Prokaryote,Stability,esm3_open,ESM3,sequence_structure_function,official_zero_shot_paired_complete_case,0.7333467698111898,6.654355194184097,5.42733121274499,-45.19399576837561,0.1,0.2261904761904762,0.01863019939185187,0.7199326472632134,0.6972200695121383,834
SERC_HUMAN_Xie_2023,SERC_HUMAN,Human,OrganismalFitness,esm3_open,ESM3,sequence_structure_function,official_zero_shot_paired_complete_case,0.525227633805088,8.449838992372364,7.323774993794276,-789.4852885549886,0.1,0.11458333333333333,0.9684126375572895,0.5015010747853271,0.3619481989367185,1914
SHOC2_HUMAN_Kwon_2022,SHOC2_HUMAN,Human,OrganismalFitness,esm3_open,ESM3,sequence_structure_function,official_zero_shot_paired_complete_case,0.29663267881124056,8.029060103345671,6.172783704628402,-160.47296043047416,0.1,0.1429872495446266,-0.2110249054308816,0.23821302184194695,4.401292484596811,10972
SOX30_HUMAN_Tsuboyama_2023_7JJK,SOX30_HUMAN,Human,Stability,esm3_open,ESM3,sequence_structure_function,official_zero_shot_paired_complete_case,0.47549715175262586,6.1121526427164365,5.2527510282918355,-48.11279308077891,0.1,0.16831683168316833,0.009791939171655883,0.6100206753707599,0.740334740536587,1010
SPA_STAAU_Tsuboyama_2023_1LP1,SPA_STAAU,Prokaryote,Stability,esm3_open,ESM3,sequence_structure_function,official_zero_shot_paired_complete_case,0.6643641084181974,6.312836636354875,4.864387914180491,-67.10714255747075,0.1,0.28846153846153844,0.06751509763856875,0.7026598492318943,0.9665353684980169,1035
SPG1_STRSG_Olson_2014,SPG1_STRSG,Prokaryote,Binding,esm3_open,ESM3,sequence_structure_function,official_zero_shot_paired_complete_case,0.39487259656979573,9.07218654179467,8.201120164491002,-23.014941933748936,0.1,0.17142857142857143,0.38574412353526233,0.5629282063952639,0.19124195826009643,1045
SPG2_STRSG_Tsuboyama_2023_5UBS,SPG2_STRSG,Prokaryote,Stability,esm3_open,ESM3,sequence_structure_function,official_zero_shot_paired_complete_case,0.4549261073219573,6.734332812772801,5.499292008176356,-37.73075002914318,0.1,0.1650485436893204,-0.04925816266566077,0.6282109726964965,0.5503425976300849,1029
SPIKE_SARS2_Starr_2020_binding,SPIKE_SARS2,Virus,Binding,esm3_open,ESM3,sequence_structure_function,official_zero_shot_paired_complete_case,0.44752987969388514,5.929780184620148,4.597533395114162,-16.679374173594105,0.1,0.2545931758530184,-0.3844619422572179,0.43184569080143625,0.007090793685331601,3802
SPIKE_SARS2_Starr_2020_expression,SPIKE_SARS2,Virus,Expression,esm3_open,ESM3,sequence_structure_function,official_zero_shot_paired_complete_case,0.5213035010116428,5.827409404062021,4.459515708923465,-31.088004465819687,0.1,0.3526315789473684,-0.26323684210526316,0.7905386839775889,0.0,3798
SPTN1_CHICK_Tsuboyama_2023_1TUD,SPTN1_CHICK,Eukaryote,Stability,esm3_open,ESM3,sequence_structure_function,official_zero_shot_paired_complete_case,0.6682300682482444,4.538202918787646,3.65337143141906,-9.925654756056224,0.1,0.2830188679245283,-0.25210463787295684,0.8055319155710987,0.1265639292549345,1051
SQSTM_MOUSE_Tsuboyama_2023_2RRU,SQSTM_MOUSE,Eukaryote,Stability,esm3_open,ESM3,sequence_structure_function,official_zero_shot_paired_complete_case,0.71627099520476,5.648793077644964,4.311316761646929,-47.4164341589649,0.1,0.39436619718309857,-0.024982971788752816,1.0990893214023914,0.41199154852488507,707
SR43C_ARATH_Tsuboyama_2023_2N88,SR43C_ARATH,Eukaryote,Stability,esm3_open,ESM3,sequence_structure_function,official_zero_shot_paired_complete_case,0.7382081876939012,5.345268881137289,4.377280624273584,-23.45838891047748,0.1,0.3595505617977528,0.02254079897589577,0.9284898629869813,0.22315609746623385,889
SRBS1_HUMAN_Tsuboyama_2023_2O2W,SRBS1_HUMAN,Human,Stability,esm3_open,ESM3,sequence_structure_function,official_zero_shot_paired_complete_case,0.6523692920389236,7.124977087371503,5.708139194404626,-33.432583930187256,0.1,0.22950819672131148,-0.03554995973309478,0.8153838882321313,0.027251493534052974,1211
SRC_HUMAN_Ahler_2019,SRC_HUMAN,Human,Activity,esm3_open,ESM3,sequence_structure_function,official_zero_shot_paired_complete_case,0.45887798593110923,8.520847083915099,7.135721899678712,-75.4054353240553,0.1,0.08579881656804733,-0.10025297267751479,0.3285313639065798,2.912778884252846,3372
SRC_HUMAN_Chakraborty_2023_binding-DAS_25uM,SRC_HUMAN,Human,Activity,esm3_open,ESM3,sequence_structure_function,official_zero_shot_paired_complete_case,0.36938047661590473,9.036966823803038,7.601218072275243,-176.1594339602258,0.1,0.07417582417582418,0.1601476834093406,0.17853830522546948,0.302182348211993,3637
SRC_HUMAN_Nguyen_2022,SRC_HUMAN,Human,OrganismalFitness,esm3_open,ESM3,sequence_structure_function,official_zero_shot_paired_complete_case,0.3550212211082169,8.580942367125123,7.114929574165004,-227.65352127959898,0.1,0.08605341246290801,-0.3575506026589986,0.18396339503715836,2.9545327523872857,3366
SUMO1_HUMAN_Weile_2017,SUMO1_HUMAN,Human,OrganismalFitness,esm3_open,ESM3,sequence_structure_function,official_zero_shot_paired_complete_case,0.5738838848239818,7.761456120024085,6.485152643303745,-453.67269588308574,0.1,0.19411764705882353,0.6881774517705883,0.7196372659753627,0.745066194941931,1700
SYUA_HUMAN_Newberry_2020,SYUA_HUMAN,Human,OrganismalFitness,esm3_open,ESM3,sequence_structure_function,official_zero_shot_paired_complete_case,0.00039086682263003486,3.6839059956969327,2.862957025856979,-635.6620204612617,0.1,0.032,-0.06696561283288807,0.03435900214516802,0.7363592002275671,2497
TADBP_HUMAN_Bolognesi_2019,TADBP_HUMAN,Human,OrganismalFitness,esm3_open,ESM3,sequence_structure_function,official_zero_shot_paired_complete_case,0.10816462092824447,5.375446067793994,4.249190092585729,-3113.7835593081295,0.1,0.19166666666666668,0.03541249984477678,0.3267231778650965,0.0,1196
TAT_HV1BR_Fernandes_2016,TAT_HV1BR,Virus,OrganismalFitness,esm3_open,ESM3,sequence_structure_function,official_zero_shot_paired_complete_case,0.24972495932500174,3.3084148224596657,2.322831515282144,-279.8909637900907,0.1,0.13924050632911392,-0.07310249322312816,0.21927966755738282,3.6193455652362525,1577
TCRG1_MOUSE_Tsuboyama_2023_1E0L,TCRG1_MOUSE,Eukaryote,Stability,esm3_open,ESM3,sequence_structure_function,official_zero_shot_paired_complete_case,0.7602369482042471,5.624500631945072,4.312709769763022,-45.859088053961976,0.1,0.2857142857142857,-0.22778196724571623,0.7753507570127792,0.0,621
THO1_YEAST_Tsuboyama_2023_2WQG,THO1_YEAST,Eukaryote,Stability,esm3_open,ESM3,sequence_structure_function,official_zero_shot_paired_complete_case,0.6022427181620055,4.34101171230853,3.4506674312620476,-24.886205929485573,0.1,0.4393939393939394,0.1737372693894584,0.9159781030458701,0.0,656
TNKS2_HUMAN_Tsuboyama_2023_5JRT,TNKS2_HUMAN,Human,Stability,esm3_open,ESM3,sequence_structure_function,official_zero_shot_paired_complete_case,0.7503227706682472,6.646656472613839,5.385484930379903,-46.81647784425822,0.1,0.26785714285714285,-0.09300613253607384,0.9224796989526316,0.23650727641216693,1118
TPK1_HUMAN_Weile_2017,TPK1_HUMAN,Human,OrganismalFitness,esm3_open,ESM3,sequence_structure_function,official_zero_shot_paired_complete_case,0.26083108344131156,8.90026162659867,7.514437736122974,-278.23167189242133,0.1,0.1536050156739812,0.6419607415109718,0.41740646958659783,0.7307896644648775,3181
TPMT_HUMAN_Matreyek_2018,TPMT_HUMAN,Human,Expression,esm3_open,ESM3,sequence_structure_function,official_zero_shot_paired_complete_case,0.5579894094539263,8.292375514989775,7.024678660728871,-543.8704237102996,0.1,0.2,0.9657511178191782,0.5797454635172985,0.9404486418496815,3648
TPOR_HUMAN_Bridgford_2020,TPOR_HUMAN,Human,OrganismalFitness,esm3_open,ESM3,sequence_structure_function,official_zero_shot_paired_complete_case,0.3296779091478084,5.141926117616756,3.861838139501315,-173.0932436774078,0.1,0.2982456140350877,-0.054364570812774626,0.760425268075673,0.0,562
TRPC_SACS2_Chan_2017,TRPC_SACS2,Prokaryote,OrganismalFitness,esm3_open,ESM3,sequence_structure_function,official_zero_shot_paired_complete_case,0.5907836687166833,11.330820474069757,10.252749855905853,-344.31752920155327,0.1,0.4473684210526316,0.22558869122368416,1.26946526065876,0.31456337880459867,1519
TRPC_THEMA_Chan_2017,TRPC_THEMA,Prokaryote,OrganismalFitness,esm3_open,ESM3,sequence_structure_function,official_zero_shot_paired_complete_case,0.4666448134538296,11.129752554926881,10.111967380519323,-335.46089020635634,0.1,0.3618421052631579,0.01664418479605263,1.1613274692336808,0.8271724400148858,1519
UBC9_HUMAN_Weile_2017,UBC9_HUMAN,Human,OrganismalFitness,esm3_open,ESM3,sequence_structure_function,official_zero_shot_paired_complete_case,0.48270286680654795,9.527092845223992,8.120849570519894,-363.9846549850795,0.1,0.1556420233463035,0.6997158422645915,0.5073719497196215,2.9457437712778236,2563
UBE4B_HUMAN_Tsuboyama_2023_3L1X,UBE4B_HUMAN,Human,Stability,esm3_open,ESM3,sequence_structure_function,official_zero_shot_paired_complete_case,0.7466905687719596,5.484002540307285,4.412830437105608,-24.343488679005436,0.1,0.3392857142857143,-0.13665967432888187,0.8968411243853063,0.5620589761448594,1118
UBE4B_MOUSE_Starita_2013,UBE4B_MOUSE,Eukaryote,Activity,esm3_open,ESM3,sequence_structure_function,official_zero_shot_paired_complete_case,0.38596249791186976,6.20497131218914,4.862693678038812,-29.35711541293786,0.1,0.13333333333333333,-0.09657364749999996,0.40884192262599495,0.0,899
UBR5_HUMAN_Tsuboyama_2023_1I2T,UBR5_HUMAN,Human,Stability,esm3_open,ESM3,sequence_structure_function,official_zero_shot_paired_complete_case,0.6397457310771455,6.266197349956064,4.862392674687664,-49.170598731915106,0.1,0.17272727272727273,0.08210865721302434,0.6677267439980756,0.3073504340096791,1094
VG08_BPP22_Tsuboyama_2023_2GP8,VG08_BPP22,Virus,Stability,esm3_open,ESM3,sequence_structure_function,official_zero_shot_paired_complete_case,0.6575097098789717,5.580452323244314,3.984250736844885,-105.5370999548246,0.1,0.2054794520547945,0.05124274538502359,0.7309254598212312,2.2146349111988153,723
VILI_CHICK_Tsuboyama_2023_1YU5,VILI_CHICK,Eukaryote,Stability,esm3_open,ESM3,sequence_structure_function,official_zero_shot_paired_complete_case,0.7496612897288636,6.564629024183282,5.164900706891076,-56.01159079037614,0.1,0.39669421487603307,0.025096583956921433,0.9084176288126771,0.0759110075738422,1202
VKOR1_HUMAN_Chiasson_2020_abundance,VKOR1_HUMAN,Human,Expression,esm3_open,ESM3,sequence_structure_function,official_zero_shot_paired_complete_case,0.4826305009881519,9.015585112760254,7.488954269187946,-649.2388157761195,0.1,0.2074074074074074,0.9023723338833669,0.6446029059798151,0.0,2695
VKOR1_HUMAN_Chiasson_2020_activity,VKOR1_HUMAN,Human,Activity,esm3_open,ESM3,sequence_structure_function,official_zero_shot_paired_complete_case,0.3750079140289813,9.713274479608296,8.052099844337205,-440.7049088812354,0.1,0.17142857142857143,0.8763923038935303,0.34383053544879033,0.0,697
VRPI_BPT7_Tsuboyama_2023_2WNM,VRPI_BPT7,Virus,Stability,esm3_open,ESM3,sequence_structure_function,official_zero_shot_paired_complete_case,0.6680935779478309,5.707223976137505,3.9741302214730405,-35.598396797628574,0.1,0.21904761904761905,-0.021784610273541557,0.7094720597943479,0.220891906072008,1047
YAIA_ECOLI_Tsuboyama_2023_2KVT,YAIA_ECOLI,Prokaryote,Stability,esm3_open,ESM3,sequence_structure_function,official_zero_shot_paired_complete_case,0.6804018356373205,5.204131873691957,3.924746378583497,-16.494213003241768,0.1,0.41935483870967744,0.007329851491405538,0.9399764871017232,0.0007945398795715669,928
YNZC_BACSU_Tsuboyama_2023_2JVD,YNZC_BACSU,Prokaryote,Stability,esm3_open,ESM3,sequence_structure_function,official_zero_shot_paired_complete_case,0.6250723650148732,7.7919077912882075,6.826124617839873,-87.81452456528041,0.1,0.25,-0.024985182390495655,0.731464284660447,1.155837142432507,714
A0A140D2T1_ZIKV_Sourisseau_2019,A0A140D2T1_ZIKV,Virus,OrganismalFitness,esmc_600m,ESMC-600M,single_sequence,official_zero_shot_paired_complete_case,-0.048382244618600016,1.4204625676851028,1.0025507895489478,-8.793535152451076,0.1,0.10125260960334029,0.1867837414953088,0.017654637388008893,7.2138149384762835,9576
A0A192B1T2_9HIV1_Haddox_2018,A0A192B1T2_9HIV1,Virus,OrganismalFitness,esmc_600m,ESMC-600M,single_sequence,official_zero_shot_paired_complete_case,0.4604077321140066,6.045067533958039,5.3364194091603725,-7.202358194894266,0.1,0.2766295707472178,-0.6239509277376788,0.9386687043057298,0.18793883825665006,12577
A0A1I9GEU1_NEIME_Kennouche_2019,A0A1I9GEU1_NEIME,Prokaryote,Activity,esmc_600m,ESMC-600M,single_sequence,official_zero_shot_paired_complete_case,0.05053092352932533,7.244423157971815,6.291645810737527,-21.137161741354895,0.1,0.11827956989247312,0.3062150537634409,0.19702048084293097,1.711345820099425,922
A0A247D711_LISMN_Stadelmann_2021,A0A247D711_LISMN,Prokaryote,Activity,esmc_600m,ESMC-600M,single_sequence,official_zero_shot_paired_complete_case,0.11259890183533022,2.0002627094221817,1.5249173874097615,-1.364511889242766,0.1,0.10240963855421686,-0.5821107075290163,-0.07276497005101709,0.06666544130990242,1653
A0A2Z5U3Z0_9INFA_Doud_2016,A0A2Z5U3Z0_9INFA,Virus,OrganismalFitness,esmc_600m,ESMC-600M,single_sequence,official_zero_shot_paired_complete_case,0.055356797392140736,2.2656212344787643,1.8677288928672888,-2.2784350613179924,0.1,0.11380597014925373,-2.1063454332537317,-0.0305817449506235,0.6240743006999834,10715
A0A2Z5U3Z0_9INFA_Wu_2014,A0A2Z5U3Z0_9INFA,Virus,OrganismalFitness,esmc_600m,ESMC-600M,single_sequence,official_zero_shot_paired_complete_case,0.08634844438126496,1.5995301829263926,1.001573994074468,-1.6216876755407124,0.1,0.14893617021276595,0.42595688854893615,0.027565434733529074,13.955747825645037,2350
A4D664_9INFA_Soh_2019,A4D664_9INFA,Virus,OrganismalFitness,esmc_600m,ESMC-600M,single_sequence,official_zero_shot_paired_complete_case,0.03993667684486366,1.3675949949362751,1.0525518144288215,-8.981055987809649,0.1,0.11088011088011088,0.42037662843714896,0.11252286254742715,0.0,14421
A4GRB6_PSEAI_Chen_2020,A4GRB6_PSEAI,Prokaryote,OrganismalFitness,esmc_600m,ESMC-600M,single_sequence,official_zero_shot_paired_complete_case,0.7156305288671864,3.3803522407965856,2.6614552830114304,-1.602188303087189,0.1,0.2894211576846307,-0.1455862615637949,0.8510095840354965,0.0,5004
A4_HUMAN_Seuma_2022,A4_HUMAN,Human,Stability,esmc_600m,ESMC-600M,single_sequence,official_zero_shot_paired_complete_case,0.5269550977260633,7.465496701100851,5.934035290184678,-19.43284346397956,0.1,0.075,-0.22502871103787095,0.49562605990046565,1.053680922601523,796
AACC1_PSEAI_Dandage_2018,AACC1_PSEAI,Prokaryote,OrganismalFitness,esmc_600m,ESMC-600M,single_sequence,official_zero_shot_paired_complete_case,0.4984231257239464,7.030896896897466,6.0961524364065856,-13.26543006890628,0.1,0.22099447513812154,1.726902266858011,0.4565514742011083,0.0,1801
ACE2_HUMAN_Chan_2020,ACE2_HUMAN,Human,Binding,esmc_600m,ESMC-600M,single_sequence,official_zero_shot_paired_complete_case,0.2835979195552114,4.285010320435226,3.516515233043185,-13.457045845846643,0.1,0.1031390134529148,-0.0452776685605381,0.32003331643376737,0.18208949426958712,2223
ADRB2_HUMAN_Jones_2020,ADRB2_HUMAN,Human,Activity,esmc_600m,ESMC-600M,single_sequence,official_zero_shot_paired_complete_case,0.5493692975124443,9.284090000914,7.695592508529727,-156.7936975010986,0.1,0.16923076923076924,2.316487426294618,0.5076262394705557,1.024138276795975,7800
AMFR_HUMAN_Tsuboyama_2023_4G3O,AMFR_HUMAN,Human,Stability,esmc_600m,ESMC-600M,single_sequence,official_zero_shot_paired_complete_case,0.533687394052528,4.820669683424408,3.9406134677338818,-23.33861116694277,0.1,0.15853658536585366,0.025735887332777378,0.7606659227063894,0.1489896801764587,820
AMIE_PSEAE_Wrenbeck_2017,AMIE_PSEAE,Prokaryote,Activity,esmc_600m,ESMC-600M,single_sequence,official_zero_shot_paired_complete_case,0.5015567174872733,3.7983465968447456,2.6801875722659383,-97.15956955962103,0.1,0.20064205457463885,-0.15413980738362762,0.38449119559281586,0.0,6227
ANCSZ_Hobbs_2022,ANCSZ,Eukaryote,Activity,esmc_600m,ESMC-600M,single_sequence,official_zero_shot_paired_complete_case,0.56101989849148,7.131146031936309,5.742648697551309,-1458.3769059515282,0.1,0.1948608137044968,0.0033333880960889294,0.606685961636625,0.22813051586152647,4670
ARGR_ECOLI_Tsuboyama_2023_1AOY,ARGR_ECOLI,Prokaryote,Stability,esmc_600m,ESMC-600M,single_sequence,official_zero_shot_paired_complete_case,0.5341635424982272,5.262779284338995,4.28039130090202,-21.94898142646252,0.1,0.2248062015503876,-0.0736014280432494,0.730863817800441,0.47561326182821057,1287
BBC1_YEAST_Tsuboyama_2023_1TG0,BBC1_YEAST,Eukaryote,Stability,esmc_600m,ESMC-600M,single_sequence,official_zero_shot_paired_complete_case,0.5402488357299914,3.7566969129195056,2.8876914287359368,-9.43819921916564,0.1,0.29357798165137616,0.005922696507771653,0.7574081423811935,0.3535350305064003,1084
BCHB_CHLTE_Tsuboyama_2023_2KRU,BCHB_CHLTE,Prokaryote,Stability,esmc_600m,ESMC-600M,single_sequence,official_zero_shot_paired_complete_case,0.42187820148016747,4.3890199361463,3.5862985269533136,-12.090923288991117,0.1,0.21348314606741572,-0.056137385732050765,0.6476937236758564,0.06139297242909117,890
BLAT_ECOLX_Deng_2012,BLAT_ECOLX,Prokaryote,OrganismalFitness,esmc_600m,ESMC-600M,single_sequence,official_zero_shot_paired_complete_case,0.5273608843336391,4.476533595788578,3.5390065299005204,-7.591841568559898,0.1,0.29,-1.60662095054,0.7288434613093757,0.460190194128769,4996
BLAT_ECOLX_Firnberg_2014,BLAT_ECOLX,Prokaryote,OrganismalFitness,esmc_600m,ESMC-600M,single_sequence,official_zero_shot_paired_complete_case,0.7391552554191878,7.027068764948396,6.057000065335564,-244.08124446342208,0.1,0.36116910229645094,0.9719350730688936,1.0298915179828638,0.0,4783
BLAT_ECOLX_Jacquier_2013,BLAT_ECOLX,Prokaryote,OrganismalFitness,esmc_600m,ESMC-600M,single_sequence,official_zero_shot_paired_complete_case,0.7047988147195569,3.6164641935242967,2.964882976431749,-2.43399614260046,0.1,0.24242424242424243,-0.30106576344444447,0.6441091537868014,0.0,989
BLAT_ECOLX_Stiffler_2015,BLAT_ECOLX,Prokaryote,OrganismalFitness,esmc_600m,ESMC-600M,single_sequence,official_zero_shot_paired_complete_case,0.7352770197230547,5.3952568134581576,4.503979490322658,-20.95178542217672,0.1,0.298,-0.255147369974,0.8687870307446725,0.006269734821073218,4996
BRCA1_HUMAN_Findlay_2018,BRCA1_HUMAN,Human,OrganismalFitness,esmc_600m,ESMC-600M,single_sequence,official_zero_shot_paired_complete_case,0.540618823677028,5.712997704548894,4.594362555163854,-39.81087302783661,0.1,0.21195652173913043,-0.0619436875326087,0.6042208078731307,0.0,1837
C6KNH7_9INFA_Lee_2018,C6KNH7_9INFA,Virus,OrganismalFitness,esmc_600m,ESMC-600M,single_sequence,official_zero_shot_paired_complete_case,-0.009117204202440285,1.9341583655626864,1.56998408249898,-2.700622886459426,0.1,0.09479553903345725,-1.664168803091006,-0.09451679922452141,0.0,10754
CALM1_HUMAN_Weile_2017,CALM1_HUMAN,Human,OrganismalFitness,esmc_600m,ESMC-600M,single_sequence,official_zero_shot_paired_complete_case,0.2515985127170305,11.49040537568177,11.216190662876448,-990.4298408405798,0.1,0.06043956043956044,0.8956298341043957,0.42100618620798586,0.2830040196237928,1813
CAPSD_AAV2S_Sinai_2021,CAPSD_AAV2S,Virus,OrganismalFitness,esmc_600m,ESMC-600M,single_sequence,official_zero_shot_paired_complete_case,0.23804626236800566,2.239955693462482,1.8307445308086798,-0.07663103406125304,0.1,0.09259259259259259,0.015840209947250456,0.40010390186093375,0.0,532
CAR11_HUMAN_Meitlis_2020_gof,CAR11_HUMAN,Human,OrganismalFitness,esmc_600m,ESMC-600M,single_sequence,official_zero_shot_paired_complete_case,0.30701669340337207,6.942962773264505,5.759050274932792,-120.24253767163495,0.1,0.07563025210084033,-0.20608334898389355,0.22403968402908728,7.009060917635728,2374
CAR11_HUMAN_Meitlis_2020_lof,CAR11_HUMAN,Human,OrganismalFitness,esmc_600m,ESMC-600M,single_sequence,official_zero_shot_paired_complete_case,0.47368432434591246,6.578156091110132,5.462336028622443,-84.81616619734572,0.1,0.0875,-0.23537679335972223,0.590956822992075,1.4167518348721095,2395
CAS9_STRP1_Spencer_2017_positive,CAS9_STRP1,Prokaryote,Activity,esmc_600m,ESMC-600M,single_sequence,official_zero_shot_paired_complete_case,0.17477701419955402,3.5621030169112897,2.4798138921754225,-32.45281558757543,0.1,0.1145320197044335,-0.21042217291226492,0.06737871532273927,1.5811632169214156,8117
CASP3_HUMAN_Roychowdhury_2020,CASP3_HUMAN,Human,Activity,esmc_600m,ESMC-600M,single_sequence,official_zero_shot_paired_complete_case,0.6605601497466272,5.6668891892603375,4.755962545193791,-68.70999079394983,0.1,0.1592356687898089,0.40383198454519403,0.6700711871256895,0.6949962770727227,1567
CASP7_HUMAN_Roychowdhury_2020,CASP7_HUMAN,Human,Activity,esmc_600m,ESMC-600M,single_sequence,official_zero_shot_paired_complete_case,0.6590274784094787,4.881138113912577,3.931205800170016,-35.55281232378251,0.1,0.2857142857142857,0.31724791922007206,0.8596533236761698,3.6586581374059266,1680
CATR_CHLRE_Tsuboyama_2023_2AMI,CATR_CHLRE,Eukaryote,Stability,esmc_600m,ESMC-600M,single_sequence,official_zero_shot_paired_complete_case,0.3135667098131823,7.834924036258983,7.201752921512498,-90.71469646721005,0.1,0.05970149253731343,-0.0032911983044363866,0.5062413953905711,0.6736563236709648,1340
CBPA2_HUMAN_Tsuboyama_2023_1O6X,CBPA2_HUMAN,Human,Stability,esmc_600m,ESMC-600M,single_sequence,official_zero_shot_paired_complete_case,0.4427347641082482,3.7856279272041613,2.9138745800214556,-9.677911205857477,0.1,0.16176470588235295,-0.004295924420357372,0.6939613609602525,0.10500921548268474,1357
CBS_HUMAN_Sun_2020,CBS_HUMAN,Human,OrganismalFitness,esmc_600m,ESMC-600M,single_sequence,official_zero_shot_paired_complete_case,0.39410454977419584,7.730209382016542,6.564675471548582,-269.7827829848599,0.1,0.1703601108033241,0.6451134960130709,0.4024365910709597,1.3181447008431213,7217
CBX4_HUMAN_Tsuboyama_2023_2K28,CBX4_HUMAN,Human,Stability,esmc_600m,ESMC-600M,single_sequence,official_zero_shot_paired_complete_case,0.5534411188208755,5.865112357650126,5.273171724713309,-35.962911330020454,0.1,0.25,0.028155494695118872,0.8415762729299157,0.5543511591335374,917
CCDB_ECOLI_Adkar_2012,CCDB_ECOLI,Prokaryote,Activity,esmc_600m,ESMC-600M,single_sequence,official_zero_shot_paired_complete_case,0.4717013503806366,31.579863115128312,23.0228196747449,-0.7793646244043599,0.1,0.1440677966101695,-17.194915254237287,0.4161047650426734,0.0,1176
CCR5_HUMAN_Gill_2023,CCR5_HUMAN,Human,Binding,esmc_600m,ESMC-600M,single_sequence,official_zero_shot_paired_complete_case,0.3528939561616822,6.521792229915069,5.260876522527293,-151.6397870385137,0.1,0.16612377850162866,0.06761943539630835,0.3814637677886717,3.4951296249916406,6137
CD19_HUMAN_Klesmith_2019_FMC_singles,CD19_HUMAN,Human,Binding,esmc_600m,ESMC-600M,single_sequence,official_zero_shot_paired_complete_case,0.05538580864659859,3.6717527989856986,2.8986318346127193,-0.46477723230710266,0.1,0.21220159151193635,-0.7822234692593262,0.2806841219778965,0.0,3761
CP2C9_HUMAN_Amorosi_2021_abundance,CP2C9_HUMAN,Human,Expression,esmc_600m,ESMC-600M,single_sequence,official_zero_shot_paired_complete_case,0.5933969624849372,8.153784324153849,7.423032622812716,-619.4351233154421,0.1,0.28885400313971743,0.9622654180486655,0.8421960249356043,0.0,6370
CP2C9_HUMAN_Amorosi_2021_activity,CP2C9_HUMAN,Human,Binding,esmc_600m,ESMC-600M,single_sequence,official_zero_shot_paired_complete_case,0.6221160560301839,7.9694059961296135,7.274362637954575,-476.14957568382664,0.1,0.3642276422764228,0.9074797490536586,1.005516638464883,0.06515785859417601,6142
CSN4_MOUSE_Tsuboyama_2023_1UFM,CSN4_MOUSE,Eukaryote,Stability,esmc_600m,ESMC-600M,single_sequence,official_zero_shot_paired_complete_case,0.47487874517157547,5.4944641167353305,4.726569092267268,-25.227842577159326,0.1,0.10294117647058823,-0.022049773741470723,0.7493607528516493,0.1138295309508175,1353
CUE1_YEAST_Tsuboyama_2023_2MYX,CUE1_YEAST,Eukaryote,Stability,esmc_600m,ESMC-600M,single_sequence,official_zero_shot_paired_complete_case,0.5007774705622524,3.4019055898091497,2.699765559758868,-9.644506077025916,0.1,0.3020833333333333,-0.5461396594044123,0.5413159697602119,0.0,955
D7PM05_CLYGR_Somermeyer_2022,D7PM05_CLYGR,Eukaryote,Activity,esmc_600m,ESMC-600M,single_sequence,official_zero_shot_paired_complete_case,-0.011500285990935739,24488.737023481775,21772.638317903045,-3.772788976143688,0.1,0.1452991452991453,18251.933451845387,-0.3140659603724183,0.0508709031664123,1169
DLG4_HUMAN_Faure_2021,DLG4_HUMAN,Human,OrganismalFitness,esmc_600m,ESMC-600M,single_sequence,official_zero_shot_paired_complete_case,0.41068163124545737,10.781932415460396,10.042003637249948,-764.2409015626563,0.1,0.171875,-0.10463196220443047,0.6683480567502377,0.01020802939684685,1280
DLG4_RAT_McLaughlin_2012,DLG4_RAT,Eukaryote,Binding,esmc_600m,ESMC-600M,single_sequence,official_zero_shot_paired_complete_case,0.5430445329922161,10.78942103866951,10.028420953115482,-705.4714754145073,0.1,0.11392405063291139,0.04258505746835443,0.5279621630384426,0.2682730547215164,1576
DN7A_SACS2_Tsuboyama_2023_1JIC,DN7A_SACS2,Prokaryote,Stability,esmc_600m,ESMC-600M,single_sequence,official_zero_shot_paired_complete_case,0.30434987605851055,2.5796812318394555,2.063936069000481,-4.232547532916857,0.1,0.26732673267326734,-0.4741355440887377,0.3348861283714827,0.07294830361910647,1008
DNJA1_HUMAN_Tsuboyama_2023_2LO1,DNJA1_HUMAN,Human,Stability,esmc_600m,ESMC-600M,single_sequence,official_zero_shot_paired_complete_case,0.36703480117020504,6.999714866284073,6.427779462108179,-32.42202469487028,0.1,0.18032786885245902,-0.13994048694430694,0.722225239939844,0.0,1216
DOCK1_MOUSE_Tsuboyama_2023_2M0Y,DOCK1_MOUSE,Eukaryote,Stability,esmc_600m,ESMC-600M,single_sequence,official_zero_shot_paired_complete_case,0.6575036906359806,3.7740399409191707,2.7634053740794107,-13.939642557514974,0.1,0.28688524590163933,0.1782845330888284,0.8678749929164291,0.0,1213
DYR_ECOLI_Nguyen_2023,DYR_ECOLI,Prokaryote,OrganismalFitness,esmc_600m,ESMC-600M,single_sequence,official_zero_shot_paired_complete_case,0.5184419932333849,8.467868775808963,7.377689846965019,-875.7454919238421,0.1,0.1917808219178082,0.9941438356164384,0.45600657822018514,0.34967344438743514,2916
DYR_ECOLI_Thompson_2019,DYR_ECOLI,Prokaryote,OrganismalFitness,esmc_600m,ESMC-600M,single_sequence,official_zero_shot_paired_complete_case,0.5082583738595695,6.520371754904734,5.588564481802793,-76.24441479944215,0.1,0.13924050632911392,-0.10359640928270043,0.3871000361222341,1.5903960305129332,2363
ENVZ_ECOLI_Ghose_2023,ENVZ_ECOLI,Prokaryote,Activity,esmc_600m,ESMC-600M,single_sequence,official_zero_shot_paired_complete_case,0.16106961335821557,8.37844249946757,7.721598016112678,-54.17330617063186,0.1,0.09734513274336283,3.0729589458640314,-0.031673806330530116,0.51167744736372,1121
ENV_HV1BR_Haddox_2016,ENV_HV1BR,Virus,OrganismalFitness,esmc_600m,ESMC-600M,single_sequence,official_zero_shot_paired_complete_case,0.3178846332270103,9.075892583843137,8.44069551993348,-17927.91480530523,0.1,0.18803418803418803,0.06735757988670486,0.3764756712454924,0.325931260613953,12863
EPHB2_HUMAN_Tsuboyama_2023_1F0M,EPHB2_HUMAN,Human,Stability,esmc_600m,ESMC-600M,single_sequence,official_zero_shot_paired_complete_case,0.6238506734440588,4.422276389673913,3.5598491660309173,-10.817572210391216,0.1,0.3064516129032258,-0.020716316966295167,0.7897061603500176,0.0,1239
ESTA_BACSU_Nutschel_2020,ESTA_BACSU,Prokaryote,Stability,esmc_600m,ESMC-600M,single_sequence,official_zero_shot_paired_complete_case,0.3147873389186189,49.7711012936106,49.65292436406538,-412.47606208752603,0.1,0.23394495412844038,47.438394495412844,0.558054739504056,0.0,2172
FECA_ECOLI_Tsuboyama_2023_2D1U,FECA_ECOLI,Prokaryote,Stability,esmc_600m,ESMC-600M,single_sequence,official_zero_shot_paired_complete_case,0.5678936262292037,4.2004380510824975,3.36286813780212,-21.143711827185935,0.1,0.26229508196721313,0.1340972448452493,0.8879246092794862,0.0,1219
FKBP3_HUMAN_Tsuboyama_2023_2KFV,FKBP3_HUMAN,Human,Stability,esmc_600m,ESMC-600M,single_sequence,official_zero_shot_paired_complete_case,0.15898534988397273,1.3588951137948582,1.0409618353728904,-1.636695842214794,0.1,0.04838709677419355,-0.4604255970988997,-0.03991768349923802,1.0840553869545528,1237
GAL4_YEAST_Kitzman_2015,GAL4_YEAST,Eukaryote,OrganismalFitness,esmc_600m,ESMC-600M,single_sequence,official_zero_shot_paired_complete_case,0.5524190504549609,4.703859319200689,3.7053518566945614,0.20989433640623167,0.1,0.18333333333333332,-1.6593333333333333,0.6151258873329564,0.2702242376679344,1195
GDIA_HUMAN_Silverstein_2021,GDIA_HUMAN,Human,OrganismalFitness,esmc_600m,ESMC-600M,single_sequence,official_zero_shot_paired_complete_case,0.4715303171505911,7.004008263324726,6.2293440399679385,-656.681162113441,0.1,0.14655172413793102,0.8621552877155174,0.4870609073847393,0.00125787754046669,1154
GFP_AEQVI_Sarkisyan_2016,GFP_AEQVI,Eukaryote,Activity,esmc_600m,ESMC-600M,single_sequence,official_zero_shot_paired_complete_case,0.05738604140717876,3.8180771428203615,3.682243392750458,-36.69242322012411,0.1,0.08256880733944955,3.3358671461686553,-0.15574445009121107,0.3953360027266598,1084
GRB2_HUMAN_Faure_2021,GRB2_HUMAN,Human,OrganismalFitness,esmc_600m,ESMC-600M,single_sequence,official_zero_shot_paired_complete_case,0.6184876656563493,7.994710095955828,6.561902590516543,-313.57295882431254,0.1,0.2980769230769231,0.0029971965958617694,0.9562268656161412,0.12010059527643328,1034
HCP_LAMBD_Tsuboyama_2023_2L6Q,HCP_LAMBD,Virus,Stability,esmc_600m,ESMC-600M,single_sequence,official_zero_shot_paired_complete_case,0.678551739697723,4.830062069775944,4.1629410412501455,-23.255339531958406,0.1,0.3269230769230769,0.1284914393076431,0.8713104969538175,0.1236321698355655,1040
HECD1_HUMAN_Tsuboyama_2023_3DKM,HECD1_HUMAN,Human,Stability,esmc_600m,ESMC-600M,single_sequence,official_zero_shot_paired_complete_case,0.7414321840796925,3.4315602420216997,2.679603899724494,-10.43394664924464,0.1,0.264,-0.0924141805429518,0.8217441497822928,0.44519675325402863,1244
HEM3_HUMAN_Loggerenberg_2023,HEM3_HUMAN,Human,Activity,esmc_600m,ESMC-600M,single_sequence,official_zero_shot_paired_complete_case,0.39968101662348476,8.841016939096395,7.482671702198453,-409.23558214666986,0.1,0.1616871704745167,0.7246318597732865,0.34692567206118785,0.34976597482468874,5689
HMDH_HUMAN_Jiang_2019,HMDH_HUMAN,Human,OrganismalFitness,esmc_600m,ESMC-600M,single_sequence,official_zero_shot_paired_complete_case,0.4335064749813649,7.4383301412375955,6.050139419539548,-792.5080944209,0.1,0.15005931198102015,0.6065504151838672,0.47959690026091745,0.003029634359554743,16853
HSP82_YEAST_Cote-Hammarlof_2020_growth-H2O2,HSP82_YEAST,Eukaryote,OrganismalFitness,esmc_600m,ESMC-600M,single_sequence,official_zero_shot_paired_complete_case,0.41532579546275217,8.850887253191013,8.136406041230018,-290231.59920648433,0.1,0.13716814159292035,-0.0011745450707964554,0.4490377448753653,0.15808390962772495,2252
HSP82_YEAST_Flynn_2019,HSP82_YEAST,Eukaryote,OrganismalFitness,esmc_600m,ESMC-600M,single_sequence,official_zero_shot_paired_complete_case,0.3873142547292329,7.928110776638389,7.010182543900637,-455.34465677945354,0.1,0.10300751879699248,-0.02698973645616624,0.4183386711398865,0.9117129470449609,13294
HSP82_YEAST_Mishra_2016,HSP82_YEAST,Eukaryote,OrganismalFitness,esmc_600m,ESMC-600M,single_sequence,official_zero_shot_paired_complete_case,0.48017094678701905,8.833865973548024,7.936750816383066,-614.134230742503,0.1,0.16859122401847576,-0.0175974011408776,0.4839383709487652,1.0091666306375993,4323
HXK4_HUMAN_Gersing_2022_activity,HXK4_HUMAN,Human,OrganismalFitness,esmc_600m,ESMC-600M,single_sequence,official_zero_shot_paired_complete_case,0.5194906806473941,6.844598483503361,5.920701827029405,-79.26727724052337,0.1,0.17852975495915985,1.1020164305857643,0.5813639603898169,1.4120262185857266,8570
HXK4_HUMAN_Gersing_2023_abundance,HXK4_HUMAN,Human,Expression,esmc_600m,ESMC-600M,single_sequence,official_zero_shot_paired_complete_case,0.39618685731374176,6.947656126139464,5.963299968095389,-381.5719521861512,0.1,0.18095238095238095,0.8805002757855505,0.5271230928229554,0.17695703229819415,8396
I6TAH8_I68A0_Doud_2015,I6TAH8_I68A0,Virus,OrganismalFitness,esmc_600m,ESMC-600M,single_sequence,official_zero_shot_paired_complete_case,0.02313740922121204,2.271719538412309,1.9507861049066548,-3.3842274997916837,0.1,0.0897571277719113,-2.139333914651886,0.01377278841795574,0.5322280305788205,9462
IF1_ECOLI_Kelsic_2016,IF1_ECOLI,Prokaryote,OrganismalFitness,esmc_600m,ESMC-600M,single_sequence,official_zero_shot_paired_complete_case,0.5848086148887771,9.440728634986758,8.704316401485734,-1090.963120523089,0.1,0.20437956204379562,0.9444105839416059,0.5316368103468668,0.0,1367
ILF3_HUMAN_Tsuboyama_2023_2L33,ILF3_HUMAN,Human,Stability,esmc_600m,ESMC-600M,single_sequence,official_zero_shot_paired_complete_case,0.4162993106310888,6.922160354424869,6.139985920939445,-71.13913752531013,0.1,0.11278195488721804,-0.04980330883659846,0.34069644367179613,0.15250216591370425,1329
ISDH_STAAW_Tsuboyama_2023_2LHR,ISDH_STAAW,Prokaryote,Stability,esmc_600m,ESMC-600M,single_sequence,official_zero_shot_paired_complete_case,0.29640602893854706,1.8104620900274624,1.4397035134414733,-4.134724752340652,0.1,0.2978723404255319,-0.28457140719987417,0.5141916465117182,0.2696848537919655,940
KCNE1_HUMAN_Muhammad_2023_expression,KCNE1_HUMAN,Human,Expression,esmc_600m,ESMC-600M,single_sequence,official_zero_shot_paired_complete_case,0.07680949728449088,6.570014755253846,5.366740430554082,-301.7686982254229,0.1,0.06837606837606838,1.0582702906495727,0.2569742478952057,0.3910237068484437,2339
KCNE1_HUMAN_Muhammad_2023_function,KCNE1_HUMAN,Human,Activity,esmc_600m,ESMC-600M,single_sequence,official_zero_shot_paired_complete_case,0.5638674600209698,6.285847338625676,5.174425517809504,-248.7055243316762,0.1,0.1810344827586207,1.022773810862069,0.6559682831045377,0.3232735290959079,2315
KCNJ2_MOUSE_Coyote-Maestas_2022_function,KCNJ2_MOUSE,Eukaryote,Activity,esmc_600m,ESMC-600M,single_sequence,official_zero_shot_paired_complete_case,0.3825986761395462,7.664237855674778,6.303678136587678,-159.20785973258444,0.1,0.1678622668579627,0.2805360533758967,0.45467360418608016,0.7540013382029682,6963
KCNJ2_MOUSE_Coyote-Maestas_2022_surface,KCNJ2_MOUSE,Eukaryote,Expression,esmc_600m,ESMC-600M,single_sequence,official_zero_shot_paired_complete_case,0.3103231294970871,6.901597195916975,5.577708570337575,-9.24890398504243,0.1,0.1531791907514451,0.19785489394797687,0.44390867674583434,0.5153313225603673,6917
KKA2_KLEPN_Melnikov_2014,KKA2_KLEPN,Prokaryote,OrganismalFitness,esmc_600m,ESMC-600M,single_sequence,official_zero_shot_paired_complete_case,0.6491197370587398,7.284105669164186,6.451674076360887,-55.46739559583413,0.1,0.2318548387096774,2.0008506048387096,0.8733999572842375,0.0,4960
LGK_LIPST_Klesmith_2015,LGK_LIPST,Eukaryote,Activity,esmc_600m,ESMC-600M,single_sequence,official_zero_shot_paired_complete_case,0.4093044613798659,4.382212893629226,3.4240518393536123,-73.51771042366784,0.1,0.21673003802281368,-0.436387072243346,0.464858506497171,0.12863212974482274,7890
MAFG_MOUSE_Tsuboyama_2023_1K1V,MAFG_MOUSE,Eukaryote,Stability,esmc_600m,ESMC-600M,single_sequence,official_zero_shot_paired_complete_case,0.5739497718259449,2.3064484781802057,1.806074287151149,-9.352347853543764,0.1,0.2987012987012987,0.07420632043909656,0.7852840210927581,0.5669397040892228,762
MBD11_ARATH_Tsuboyama_2023_6ACV,MBD11_ARATH,Eukaryote,Stability,esmc_600m,ESMC-600M,single_sequence,official_zero_shot_paired_complete_case,0.5023469366386243,3.1884382078941242,2.688349905291837,-7.625322322953739,0.1,0.13793103448275862,-0.2468411162740584,0.47952284628501735,0.0,1155
MET_HUMAN_Estevam_2023,MET_HUMAN,Human,Activity,esmc_600m,ESMC-600M,single_sequence,official_zero_shot_paired_complete_case,0.5983001448975698,5.048634214847297,4.0283060820599115,-1.8106460696626376,0.1,0.18518518518518517,-0.4533936403867116,0.6274373361756237,0.001963292174602817,5393
MK01_HUMAN_Brenan_2016,MK01_HUMAN,Human,OrganismalFitness,esmc_600m,ESMC-600M,single_sequence,official_zero_shot_paired_complete_case,0.15795986604391438,4.7418737362766175,3.833258253845352,-16.273724412210964,0.1,0.09104258443465492,-8.132320014277532,0.023777636099298408,1.0264695959245793,6809
MLAC_ECOLI_MacRae_2023,MLAC_ECOLI,Prokaryote,OrganismalFitness,esmc_600m,ESMC-600M,single_sequence,official_zero_shot_paired_complete_case,0.43404695851212305,7.801458669857446,6.646456125252433,-570.000618751549,0.1,0.18453865336658354,-0.06214472956982544,0.5079735706729808,0.4121422613811017,4007
MSH2_HUMAN_Jia_2020,MSH2_HUMAN,Human,OrganismalFitness,esmc_600m,ESMC-600M,single_sequence,official_zero_shot_paired_complete_case,0.3897211057871602,8.921195512112515,8.136597795950506,-17.875817001489764,0.1,0.15522388059701492,3.7673313432835824,0.4412676133866834,0.12175024128310642,16749
MTH3_HAEAE_RockahShmuel_2015,MTH3_HAEAE,Prokaryote,OrganismalFitness,esmc_600m,ESMC-600M,single_sequence,official_zero_shot_paired_complete_case,0.6640060770606075,6.0853677952202325,5.046364571609454,-274.56582536996166,0.1,0.25280898876404495,0.718258426966292,0.7828968191298528,0.0,1777
MTHR_HUMAN_Weile_2021,MTHR_HUMAN,Human,OrganismalFitness,esmc_600m,ESMC-600M,single_sequence,official_zero_shot_paired_complete_case,0.3263788842229288,6.112139547151372,5.070251551969673,-474.3310423817842,0.1,0.11948676824378508,0.7707111467522053,0.4138491137126828,0.00820413246092058,12464
MYO3_YEAST_Tsuboyama_2023_2BTT,MYO3_YEAST,Eukaryote,Stability,esmc_600m,ESMC-600M,single_sequence,official_zero_shot_paired_complete_case,0.5555871474193628,2.8939626942116288,2.2052895371131345,-6.70891436592352,0.1,0.4105263157894737,0.14956864277631607,1.0672106420199117,0.09995165699270563,947
NCAP_I34A1_Doud_2015,NCAP_I34A1,Virus,OrganismalFitness,esmc_600m,ESMC-600M,single_sequence,official_zero_shot_paired_complete_case,0.029006765609024897,2.8097849633857623,2.457076489194603,-4.255583660314988,0.1,0.10876451953537487,-2.7572556605767464,-0.009029990954658174,0.4288697653896344,9462
NKX31_HUMAN_Tsuboyama_2023_2L9R,NKX31_HUMAN,Human,Stability,esmc_600m,ESMC-600M,single_sequence,official_zero_shot_paired_complete_case,0.3648993576216871,8.4633796693852,7.567882489729578,-266.4232263865038,0.1,0.0782608695652174,-0.1472620246189359,0.3940695321157986,0.0,1149
NPC1_HUMAN_Erwood_2022_HEK293T,NPC1_HUMAN,Human,Activity,esmc_600m,ESMC-600M,single_sequence,official_zero_shot_paired_complete_case,0.6965633736171015,5.4321802240940045,4.382680608370748,-188.46319347986562,0.1,0.421875,0.8544719109635417,0.8635460603853088,0.047766301236249045,637
NUD15_HUMAN_Suiter_2020,NUD15_HUMAN,Human,Expression,esmc_600m,ESMC-600M,single_sequence,official_zero_shot_paired_complete_case,0.6514143675469436,7.650552163896657,6.747681947033181,-420.52875841313045,0.1,0.28771929824561404,0.8747654476829585,0.9371479621913621,0.11213577721992882,2844
NUSA_ECOLI_Tsuboyama_2023_1WCL,NUSA_ECOLI,Prokaryote,Stability,esmc_600m,ESMC-600M,single_sequence,official_zero_shot_paired_complete_case,0.471534256720047,5.141700751042709,4.2386671575673205,-22.230904222466883,0.1,0.20610687022900764,-0.17843599804760674,0.6619312883509547,0.7736363425629744,1306
NUSG_MYCTU_Tsuboyama_2023_2MI6,NUSG_MYCTU,Prokaryote,Stability,esmc_600m,ESMC-600M,single_sequence,official_zero_shot_paired_complete_case,0.5020837084521728,6.380683143438953,5.693808985770017,-18.664499143089103,0.1,0.19607843137254902,0.03826596373327274,0.8594093591107238,0.08622026947170378,1019
OBSCN_HUMAN_Tsuboyama_2023_1V1C,OBSCN_HUMAN,Human,Stability,esmc_600m,ESMC-600M,single_sequence,official_zero_shot_paired_complete_case,0.7199443635818589,3.514151341759052,2.846028037128819,-7.2476846571496285,0.1,0.36065573770491804,0.003596640360927201,0.8402418634481837,0.01321306236602309,1213
ODP2_GEOSE_Tsuboyama_2023_1W4G,ODP2_GEOSE,Prokaryote,Stability,esmc_600m,ESMC-600M,single_sequence,official_zero_shot_paired_complete_case,0.4654725915260249,4.295537709757175,3.4928876708509256,-28.81239502804162,0.1,0.208955223880597,-0.26928811513520645,0.6390092958381365,0.0,669
OTC_HUMAN_Lo_2023,OTC_HUMAN,Human,Activity,esmc_600m,ESMC-600M,single_sequence,official_zero_shot_paired_complete_case,0.5826671787182307,6.803449016747209,5.861491998407644,-300.0523809378841,0.1,0.3885350318471338,0.8631783439490446,1.0306264511828898,0.25758067222419945,1570
OTU7A_HUMAN_Tsuboyama_2023_2L2D,OTU7A_HUMAN,Human,Stability,esmc_600m,ESMC-600M,single_sequence,official_zero_shot_paired_complete_case,0.667484145279911,3.0708126847621444,2.2688441324299395,-12.170223939908745,0.1,0.34375,0.14907753730517304,0.9340882872149687,0.16416575020143845,635
OXDA_RHOTO_Vanella_2023_activity,OXDA_RHOTO,Eukaryote,Activity,esmc_600m,ESMC-600M,single_sequence,official_zero_shot_paired_complete_case,0.3783397620624574,5.175410566278892,4.0620229020247,-3868.6848041352887,0.1,0.1890625,-0.045260480260002255,0.5103047437221904,0.0,6396
OXDA_RHOTO_Vanella_2023_expression,OXDA_RHOTO,Eukaryote,Expression,esmc_600m,ESMC-600M,single_sequence,official_zero_shot_paired_complete_case,0.34845839182694477,5.29113218359966,4.164512830896394,-1473.470238169596,0.1,0.14623338257016247,-0.02047898285097665,0.4182633991403629,0.20565289403468132,6769
P53_HUMAN_Giacomelli_2018_Null_Etoposide,P53_HUMAN,Human,OrganismalFitness,esmc_600m,ESMC-600M,single_sequence,official_zero_shot_paired_complete_case,0.4597504642363629,5.220883336433613,4.27756222766856,-27.475909537300602,0.1,0.11512717536813923,0.4575005578759926,0.4198485715887766,0.9296640917624716,7467
P53_HUMAN_Giacomelli_2018_Null_Nutlin,P53_HUMAN,Human,OrganismalFitness,esmc_600m,ESMC-600M,single_sequence,official_zero_shot_paired_complete_case,0.43879190012252456,5.297025966562538,4.3089918675950845,-27.63027847503176,0.1,0.11780455153949129,0.2983491345692358,0.273001442427573,1.081758182394506,7467
P53_HUMAN_Giacomelli_2018_WT_Nutlin,P53_HUMAN,Human,OrganismalFitness,esmc_600m,ESMC-600M,single_sequence,official_zero_shot_paired_complete_case,0.477310402943386,5.196487453498639,4.229429700445619,-24.19593099416664,0.1,0.107095046854083,0.41036988276832226,0.41557733893541776,1.4713132753148852,7467
P53_HUMAN_Kotler_2018,P53_HUMAN,Human,OrganismalFitness,esmc_600m,ESMC-600M,single_sequence,official_zero_shot_paired_complete_case,0.6965120602759499,6.854512272507826,6.417595342864704,-32.620977292667945,0.1,0.3333333333333333,2.478766492832,0.9975292882767193,0.13658686700252623,1048
P84126_THETH_Chan_2017,P84126_THETH,Prokaryote,OrganismalFitness,esmc_600m,ESMC-600M,single_sequence,official_zero_shot_paired_complete_case,0.6385411416337952,9.908832834749532,9.13864439079921,-266.1938353897979,0.1,0.4407894736842105,0.2385247498355263,1.1596094683534186,0.017354440812570444,1519
PABP_YEAST_Melamed_2013,PABP_YEAST,Eukaryote,OrganismalFitness,esmc_600m,ESMC-600M,single_sequence,official_zero_shot_paired_complete_case,0.7236702254287088,8.184061240332206,7.341855827545072,-503.97461537898783,0.1,0.19327731092436976,0.9154644709411763,0.7061960748251237,4.640480361957384,1187
PAI1_HUMAN_Huttinger_2021,PAI1_HUMAN,Human,Activity,esmc_600m,ESMC-600M,single_sequence,official_zero_shot_paired_complete_case,0.4676339562962459,4.600566481330235,3.52797932817811,-13.311304463916837,0.1,0.21121495327102804,0.5222506011439251,0.6191342780042368,0.3946960417223471,5345
PA_I34A1_Wu_2015,PA_I34A1,Virus,OrganismalFitness,esmc_600m,ESMC-600M,single_sequence,official_zero_shot_paired_complete_case,0.028487230904473835,1.104714075302158,0.8500365448129121,-3.8947186176252577,0.1,0.08791208791208792,0.4107296906346154,-0.07504813979556421,5.522539505428918,1820
PHOT_CHLRE_Chen_2023,PHOT_CHLRE,Eukaryote,Activity,esmc_600m,ESMC-600M,single_sequence,official_zero_shot_paired_complete_case,0.6597735772868152,6.880050853447505,6.2059756201662575,-379.5773745772923,0.1,0.20657276995305165,1.2829230405592595,0.6314836270030968,0.304293502984966,2122
PIN1_HUMAN_Tsuboyama_2023_1I6C,PIN1_HUMAN,Human,Stability,esmc_600m,ESMC-600M,single_sequence,official_zero_shot_paired_complete_case,0.6359761636931553,4.374859255201724,3.633657858120786,-29.52320095282753,0.1,0.30434782608695654,-0.02862509831713035,0.8574249127145135,0.3143905798546123,686
PITX2_HUMAN_Tsuboyama_2023_2L7M,PITX2_HUMAN,Human,Stability,esmc_600m,ESMC-600M,single_sequence,official_zero_shot_paired_complete_case,0.3725924233473014,8.304519435155783,7.836448436546204,-66.6711143730282,0.1,0.05319148936170213,-0.18849780446703837,0.5352651387994375,0.06353046310255735,938
PKN1_HUMAN_Tsuboyama_2023_1URF,PKN1_HUMAN,Human,Stability,esmc_600m,ESMC-600M,single_sequence,official_zero_shot_paired_complete_case,0.36436178149688536,5.72273161825898,4.710004152860452,-51.19258099999951,0.1,0.13740458015267176,0.09139376441001262,0.5134344059868595,0.23173833127418447,1301
POLG_CXB3N_Mattenberger_2021,POLG_CXB3N,Virus,OrganismalFitness,esmc_600m,ESMC-600M,single_sequence,official_zero_shot_paired_complete_case,0.1524539415024472,2.5615830914801445,2.1096655565121076,-4.841455349568978,0.1,0.13358778625954199,-2.442753919051609,0.10864044161084592,0.034013512948408535,15711
POLG_DEN26_Suphatrakul_2023,POLG_DEN26,Virus,OrganismalFitness,esmc_600m,ESMC-600M,single_sequence,official_zero_shot_paired_complete_case,0.0658537354883513,4.504949081860404,3.7604301632913373,-1.9489225671161576,0.1,0.11479289940828402,-4.463622552417102,-0.052751321494024755,0.45083429243971784,16897
POLG_HCVJF_Qi_2014,POLG_HCVJF,Virus,OrganismalFitness,esmc_600m,ESMC-600M,single_sequence,official_zero_shot_paired_complete_case,0.12894026795743826,1.2300019805779725,0.918221311901227,-9.525086449448773,0.1,0.11042944785276074,-0.6771120936441717,0.1530093866093966,1.1907410819881774,1630
POLG_PESV_Tsuboyama_2023_2MXD,POLG_PESV,Virus,Stability,esmc_600m,ESMC-600M,single_sequence,official_zero_shot_paired_complete_case,0.11167278778982428,1.5237281171961985,1.2051013272895816,-0.8141025313082495,0.1,0.19,-0.745937778484909,0.26078692109005186,0.0,995
PPARG_HUMAN_Majithia_2016,PPARG_HUMAN,Human,Activity,esmc_600m,ESMC-600M,single_sequence,official_zero_shot_paired_complete_case,0.6333238785759436,5.045873362239312,3.953554733187135,-3.001131076740184,0.1,0.17849686847599164,1.0828173277661794,0.6310681297521324,0.0,9576
PPM1D_HUMAN_Miller_2022,PPM1D_HUMAN,Human,OrganismalFitness,esmc_600m,ESMC-600M,single_sequence,official_zero_shot_paired_complete_case,0.6177652261741975,8.444101986842554,6.649443118107492,-811.3755619962483,0.1,0.20152091254752852,0.19373078200253485,0.6757305389128871,0.4388017061106504,7889
PR40A_HUMAN_Tsuboyama_2023_1UZC,PR40A_HUMAN,Human,Stability,esmc_600m,ESMC-600M,single_sequence,official_zero_shot_paired_complete_case,0.5007910279331201,6.7711022364072955,6.176640089094913,-64.37714813503293,0.1,0.3076923076923077,0.1200965917419058,0.7696367665341389,0.2895302229043684,1163
PRKN_HUMAN_Clausen_2023,PRKN_HUMAN,Human,Expression,esmc_600m,ESMC-600M,single_sequence,official_zero_shot_paired_complete_case,0.586562416415,6.812294180058525,5.440248242258234,-297.5711572805794,0.1,0.2694063926940639,0.9762799976481868,0.717377615057441,0.01434372319662936,8756
PSAE_PICP2_Tsuboyama_2023_1PSE,PSAE_PICP2,Prokaryote,Stability,esmc_600m,ESMC-600M,single_sequence,official_zero_shot_paired_complete_case,0.3879197433904819,6.820909595934166,6.086888255594163,-103.72955022492127,0.1,0.09836065573770492,0.07158331271041252,0.5654376886509539,1.7810319900305818,1219
PTEN_HUMAN_Matreyek_2021,PTEN_HUMAN,Human,Expression,esmc_600m,ESMC-600M,single_sequence,official_zero_shot_paired_complete_case,0.45597620884318346,7.812838057264511,6.311619060101843,-628.5644624484431,0.1,0.17092337917485265,0.9012730350475368,0.5922627337543015,0.04189372327942894,5083
PTEN_HUMAN_Mighell_2018,PTEN_HUMAN,Human,Activity,esmc_600m,ESMC-600M,single_sequence,official_zero_shot_paired_complete_case,0.5435173220675341,6.201515422026909,4.921143712556612,-18.05311610653997,0.1,0.17768595041322313,-0.20424152310881535,0.5042622446493308,0.38174362713627746,7260
Q2N0S5_9HIV1_Haddox_2018,Q2N0S5_9HIV1,Virus,OrganismalFitness,esmc_600m,ESMC-600M,single_sequence,official_zero_shot_paired_complete_case,0.49597795285708723,6.781901091698907,6.065608128004164,-8.292925181191313,0.1,0.2380204241948154,-0.38100056595129617,0.9298314473911644,0.09433740592903417,12729
Q53Z42_HUMAN_McShan_2019_binding-TAPBPR,Q53Z42_HUMAN,Human,Binding,esmc_600m,ESMC-600M,single_sequence,official_zero_shot_paired_complete_case,0.3319678137710202,7.066851816852078,6.468946293735048,-42.72399385993987,0.1,0.1761194029850746,0.6916417910447761,0.5498938556566578,1.300614908248147,3344
Q53Z42_HUMAN_McShan_2019_expression,Q53Z42_HUMAN,Human,Expression,esmc_600m,ESMC-600M,single_sequence,official_zero_shot_paired_complete_case,0.5328609839969649,5.940147688513183,5.391817294034091,-9.304100049570906,0.1,0.30149253731343284,0.459044776119403,0.7984126941954096,0.7835663783573269,3344
Q59976_STRSQ_Romero_2015,Q59976_STRSQ,Prokaryote,Activity,esmc_600m,ESMC-600M,single_sequence,official_zero_shot_paired_complete_case,0.6572728980320757,5.6985465480811355,4.746647799266422,-40.70114890006509,0.1,0.2866666666666667,-0.2977666666666667,0.7316847110276675,0.9802255479611718,2999
Q6WV12_9MAXI_Somermeyer_2022,Q6WV12_9MAXI,Eukaryote,Activity,esmc_600m,ESMC-600M,single_sequence,official_zero_shot_paired_complete_case,0.005165120546063666,15188.997224591458,14510.887220765768,-10.455171609029481,0.1,0.13043478260869565,14162.411085944927,-0.07760964482360135,0.6735946599083773,1141
Q837P4_ENTFA_Meier_2023,Q837P4_ENTFA,Prokaryote,Activity,esmc_600m,ESMC-600M,single_sequence,official_zero_shot_paired_complete_case,0.521537179020887,5.440791677007958,4.006452075978718,-17.480777400920875,0.1,0.2571428571428571,-0.3429104193666666,0.6607040737086347,0.0,697
Q837P5_ENTFA_Meier_2023,Q837P5_ENTFA,Prokaryote,Activity,esmc_600m,ESMC-600M,single_sequence,official_zero_shot_paired_complete_case,0.36352850287623795,6.3447135060852204,5.239927702012048,-24.129519421238516,0.1,0.18666666666666668,-0.9211322386244444,0.3457915561823518,0.09813268509868416,747
Q8WTC7_9CNID_Somermeyer_2022,Q8WTC7_9CNID,Eukaryote,Activity,esmc_600m,ESMC-600M,single_sequence,official_zero_shot_paired_complete_case,-0.041961145684723325,8175.152849267103,7589.563422566445,-6.23978401364155,0.1,0.06611570247933884,6913.439214686801,-0.22245585693776557,1.0095670177260743,1201
R1AB_SARS2_Flynn_2022,R1AB_SARS2,Virus,OrganismalFitness,esmc_600m,ESMC-600M,single_sequence,official_zero_shot_paired_complete_case,0.01199271446778121,1.8372277908659123,1.4212033729514544,-18.384946508477267,0.1,0.06806282722513089,0.60411428505302,-0.08945949360483672,0.025461392870822625,5725
RAD_ANTMA_Tsuboyama_2023_2CJJ,RAD_ANTMA,Eukaryote,Stability,esmc_600m,ESMC-600M,single_sequence,official_zero_shot_paired_complete_case,0.2572008840517476,5.693106404849173,5.035851891235949,-65.99814335414453,0.1,0.11538461538461539,0.07565913114027698,0.5825036677575948,0.6154150740190327,774
RASH_HUMAN_Bandaru_2017,RASH_HUMAN,Human,Activity,esmc_600m,ESMC-600M,single_sequence,official_zero_shot_paired_complete_case,0.36608499323336585,12.409981434280333,11.76586037454148,-1670.4130312244752,0.1,0.05732484076433121,0.04071081279936306,0.5464584188474115,0.0,3134
RASK_HUMAN_Weng_2022_abundance,RASK_HUMAN,Human,Expression,esmc_600m,ESMC-600M,single_sequence,official_zero_shot_paired_complete_case,0.05572860450057229,11.50429248707844,10.638988396335154,-985.85744996675,0.1,0.10097719869706841,-0.3102310190316102,0.05868970063963353,0.266536618402163,3066
RASK_HUMAN_Weng_2022_binding-DARPin_K55,RASK_HUMAN,Human,Binding,esmc_600m,ESMC-600M,single_sequence,official_zero_shot_paired_complete_case,0.5010784306136287,11.497675536507922,10.68734947784438,-1108.3483657346048,0.1,0.19093851132686085,-0.025655240908919925,0.6135948592974388,0.0,3084
RBP1_HUMAN_Tsuboyama_2023_2KWH,RBP1_HUMAN,Human,Stability,esmc_600m,ESMC-600M,single_sequence,official_zero_shot_paired_complete_case,0.5980667166346252,2.230456895058681,1.7707284692398184,-8.514430123513296,0.1,0.3469387755102041,0.27259954024491806,0.8143600658229546,0.0,975
RCD1_ARATH_Tsuboyama_2023_5OAO,RCD1_ARATH,Eukaryote,Stability,esmc_600m,ESMC-600M,single_sequence,official_zero_shot_paired_complete_case,0.48862278109827695,4.761255192875134,3.8210272501947338,-54.67961809979612,0.1,0.1111111111111111,0.10473175978195293,0.6203715733110148,0.9320627886795428,988
RCRO_LAMBD_Tsuboyama_2023_1ORC,RCRO_LAMBD,Virus,Stability,esmc_600m,ESMC-600M,single_sequence,official_zero_shot_paired_complete_case,0.4819082505093605,4.158040577540776,3.414980281432869,-9.379271067725954,0.1,0.11666666666666667,-0.5286781506251198,0.4089235206952628,0.18330266645202425,1195
RD23A_HUMAN_Tsuboyama_2023_1IFY,RD23A_HUMAN,Human,Stability,esmc_600m,ESMC-600M,single_sequence,official_zero_shot_paired_complete_case,0.4937125505897191,6.091495994015354,5.444635587184419,-31.65764044274085,0.1,0.25,-0.16880421169013152,0.7172519343342593,0.46386022482034545,798
RDRP_I33A0_Li_2023,RDRP_I33A0,Virus,OrganismalFitness,esmc_600m,ESMC-600M,single_sequence,official_zero_shot_paired_complete_case,0.08061808743049739,1.6537821394133427,1.3022298431032422,-5.655419548144566,0.1,0.10907577019150708,-1.381410048501663,0.02975222894345076,0.4592528059142167,12003
REV_HV1H2_Fernandes_2016,REV_HV1H2,Virus,OrganismalFitness,esmc_600m,ESMC-600M,single_sequence,official_zero_shot_paired_complete_case,0.39105234110794457,5.086926455092101,3.831628338673221,-543.9901798522495,0.1,0.09302325581395349,-0.036211425127915614,0.38793951154281475,1.284588293229033,2147
RFAH_ECOLI_Tsuboyama_2023_2LCL,RFAH_ECOLI,Prokaryote,Stability,esmc_600m,ESMC-600M,single_sequence,official_zero_shot_paired_complete_case,0.3977007957614431,4.73187378262131,3.7774031275568256,-48.909611128047786,0.1,0.24742268041237114,0.34508691226605454,0.9229322959344409,0.0,969
RL20_AQUAE_Tsuboyama_2023_1GYZ,RL20_AQUAE,Prokaryote,Stability,esmc_600m,ESMC-600M,single_sequence,official_zero_shot_paired_complete_case,0.3720547342328912,7.257308917799419,6.474727212387118,-99.07753351985019,0.1,0.10619469026548672,-0.03086421745114867,0.5004255777623494,0.4027819683989566,1121
RL40A_YEAST_Mavor_2016,RL40A_YEAST,Eukaryote,OrganismalFitness,esmc_600m,ESMC-600M,single_sequence,official_zero_shot_paired_complete_case,0.3887394814219999,9.711408229175438,9.413386090935356,-2646.3105764603374,0.1,0.16666666666666666,-0.01562809107142857,0.7125793818736058,1.0531187766708978,1253
RL40A_YEAST_Roscoe_2013,RL40A_YEAST,Eukaryote,OrganismalFitness,esmc_600m,ESMC-600M,single_sequence,official_zero_shot_paired_complete_case,0.4236428938129577,9.491916548710398,9.198428458260638,-753.8648578001081,0.1,0.21666666666666667,-0.028922107189667944,0.6824278038073437,0.016614722868483135,1195
RL40A_YEAST_Roscoe_2014,RL40A_YEAST,Eukaryote,Activity,esmc_600m,ESMC-600M,single_sequence,official_zero_shot_paired_complete_case,0.28769387914891775,10.683623141885054,10.414415997558697,-597.6067874973158,0.1,0.11594202898550725,0.9652789622971015,0.5627068681087405,0.48760211962545985,1380
RNC_ECOLI_Weeks_2023,RNC_ECOLI,Prokaryote,Activity,esmc_600m,ESMC-600M,single_sequence,official_zero_shot_paired_complete_case,0.627183577934319,7.960330749845391,6.797611480656068,-160.75324769419902,0.1,0.14485981308411214,-0.011792816404205608,0.5818326990375472,0.30144460634067227,4277
RPC1_BP434_Tsuboyama_2023_1R69,RPC1_BP434,Virus,Stability,esmc_600m,ESMC-600M,single_sequence,official_zero_shot_paired_complete_case,0.6386571943767214,4.78133329140426,4.025270743690075,-14.119833106168773,0.1,0.25663716814159293,-0.050202163362150956,0.8774969713882763,0.17790219277013034,1124
RS15_GEOSE_Tsuboyama_2023_1A32,RS15_GEOSE,Prokaryote,Stability,esmc_600m,ESMC-600M,single_sequence,official_zero_shot_paired_complete_case,0.3539620540491721,7.352619038903739,6.641175311358539,-124.17974701693079,0.1,0.1,0.07885136897004688,0.5829947544332071,0.35680703853806023,1195
S22A1_HUMAN_Yee_2023_abundance,S22A1_HUMAN,Human,Expression,esmc_600m,ESMC-600M,single_sequence,official_zero_shot_paired_complete_case,0.6210709534700634,4.307999818133113,3.523987814645925,-9.10595413587121,0.1,0.2701325178389399,0.18206694020183486,0.7494319940478719,0.32895848576931375,9803
S22A1_HUMAN_Yee_2023_activity,S22A1_HUMAN,Human,Activity,esmc_600m,ESMC-600M,single_sequence,official_zero_shot_paired_complete_case,0.5576903921482993,5.009745190171456,4.163027347681395,-30.189663482867086,0.1,0.19405940594059407,0.28450582006435643,0.6511585157553116,0.5576504302454477,10094
SAV1_MOUSE_Tsuboyama_2023_2YSB,SAV1_MOUSE,Eukaryote,Stability,esmc_600m,ESMC-600M,single_sequence,official_zero_shot_paired_complete_case,0.6606235050944749,3.843627108795511,3.0964796190330377,-19.493103257076676,0.1,0.27941176470588236,0.1094884104023295,0.9069342571730064,0.0,679
SBI_STAAM_Tsuboyama_2023_2JVG,SBI_STAAM,Prokaryote,Stability,esmc_600m,ESMC-600M,single_sequence,official_zero_shot_paired_complete_case,0.5757505210230313,3.071637349254697,2.3254296585168297,-19.355409710501757,0.1,0.23300970873786409,-0.21395807919816914,0.5824734243105228,0.5497981356450498,1025
SC6A4_HUMAN_Young_2021,SC6A4_HUMAN,Human,Activity,esmc_600m,ESMC-600M,single_sequence,official_zero_shot_paired_complete_case,0.558967407452758,6.22298217634846,5.062854272493331,-21.12157515917305,0.1,0.229706390328152,0.4374689470574266,0.6986822816198967,1.1479290173976127,11576
SCIN_STAAR_Tsuboyama_2023_2QFF,SCIN_STAAR,Prokaryote,Stability,esmc_600m,ESMC-600M,single_sequence,official_zero_shot_paired_complete_case,0.3156125552775459,1.4405771899846458,1.1028304172493044,-1.696005081739234,0.1,0.28688524590163933,-0.05813045138107463,0.5966804091192229,1.5121884170435254,1212
SDA_BACSU_Tsuboyama_2023_1PV0,SDA_BACSU,Prokaryote,Stability,esmc_600m,ESMC-600M,single_sequence,official_zero_shot_paired_complete_case,0.6562919258126654,7.129889709673438,5.897149259719334,-52.03214536992665,0.1,0.20238095238095238,0.01413501510618621,0.7153413618916655,0.7259915560434099,834
SERC_HUMAN_Xie_2023,SERC_HUMAN,Human,OrganismalFitness,esmc_600m,ESMC-600M,single_sequence,official_zero_shot_paired_complete_case,0.5832520468626864,7.1480225407978795,6.20588430171814,-564.6772996100726,0.1,0.109375,0.9709220154767898,0.509850652943819,0.22398383040931455,1914
SHOC2_HUMAN_Kwon_2022,SHOC2_HUMAN,Human,OrganismalFitness,esmc_600m,ESMC-600M,single_sequence,official_zero_shot_paired_complete_case,0.2949805632781408,5.169143695552615,3.9482474783086077,-65.92796191713086,0.1,0.12386156648451731,-0.2840720990705435,0.12260479756085987,4.401292484596811,10972
SOX30_HUMAN_Tsuboyama_2023_7JJK,SOX30_HUMAN,Human,Stability,esmc_600m,ESMC-600M,single_sequence,official_zero_shot_paired_complete_case,0.24961752181306246,5.372984452955164,4.451853004011136,-36.95224038030601,0.1,0.13861386138613863,-0.0053385405445991,0.5926724193470074,0.740334740536587,1010
SPA_STAAU_Tsuboyama_2023_1LP1,SPA_STAAU,Prokaryote,Stability,esmc_600m,ESMC-600M,single_sequence,official_zero_shot_paired_complete_case,0.20012512574405808,1.4718791883132423,1.1222180268554625,-2.702438790801133,0.1,0.20192307692307693,-0.2315320529555782,0.31171864375491415,0.0,1035
SPG1_STRSG_Olson_2014,SPG1_STRSG,Prokaryote,Binding,esmc_600m,ESMC-600M,single_sequence,official_zero_shot_paired_complete_case,0.27523721296952147,6.560782758183378,5.933364747616689,-11.559400592553798,0.1,0.2,0.34320589156298165,0.5399504175529323,0.19124195826009643,1045
SPG2_STRSG_Tsuboyama_2023_5UBS,SPG2_STRSG,Prokaryote,Stability,esmc_600m,ESMC-600M,single_sequence,official_zero_shot_paired_complete_case,0.21774285484704725,2.463430227979745,1.8772123344418858,-4.182595201551864,0.1,0.22330097087378642,-0.24271145939105876,0.44943485034178904,0.11775772525996411,1029
SPIKE_SARS2_Starr_2020_binding,SPIKE_SARS2,Virus,Binding,esmc_600m,ESMC-600M,single_sequence,official_zero_shot_paired_complete_case,-0.03621925204131481,1.8503549266025392,1.3111009008416625,-0.7214712740081821,0.1,0.09448818897637795,-1.2529133858267716,-0.18395531040657373,0.13472508002130032,3802
SPIKE_SARS2_Starr_2020_expression,SPIKE_SARS2,Virus,Expression,esmc_600m,ESMC-600M,single_sequence,official_zero_shot_paired_complete_case,0.009614655242425755,1.5895050548400795,1.207748486045287,-1.3873465990503306,0.1,0.11578947368421053,-1.421,-0.33488370230415426,0.3305024941643396,3798
SPTN1_CHICK_Tsuboyama_2023_1TUD,SPTN1_CHICK,Eukaryote,Stability,esmc_600m,ESMC-600M,single_sequence,official_zero_shot_paired_complete_case,0.5963467554018483,2.577893828095232,2.0079410961470567,-2.5254105907482027,0.1,0.3018867924528302,-0.23062880430112873,0.8211738281884925,0.1265639292549345,1051
SQSTM_MOUSE_Tsuboyama_2023_2RRU,SQSTM_MOUSE,Eukaryote,Stability,esmc_600m,ESMC-600M,single_sequence,official_zero_shot_paired_complete_case,0.5776630150466189,6.253042071930906,5.673320700746998,-58.32860948213789,0.1,0.30985915492957744,-0.1087238706562503,0.9959371552611493,0.5797169954884516,707
SR43C_ARATH_Tsuboyama_2023_2N88,SR43C_ARATH,Eukaryote,Stability,esmc_600m,ESMC-600M,single_sequence,official_zero_shot_paired_complete_case,0.6868099985005925,3.284902816490027,2.578223538103947,-8.237060432133195,0.1,0.3707865168539326,0.018193218547617733,0.9244674005987966,0.22315609746623385,889
SRBS1_HUMAN_Tsuboyama_2023_2O2W,SRBS1_HUMAN,Human,Stability,esmc_600m,ESMC-600M,single_sequence,official_zero_shot_paired_complete_case,0.643148499062371,5.608440014444519,4.641645628785196,-20.334714180292327,0.1,0.19672131147540983,-0.0707212286668489,0.7864178317835422,0.4312871721355191,1211
SRC_HUMAN_Ahler_2019,SRC_HUMAN,Human,Activity,esmc_600m,ESMC-600M,single_sequence,official_zero_shot_paired_complete_case,0.53720135015395,10.235640147700664,9.340735381563464,-109.25257202513066,0.1,0.10059171597633136,0.09253512626035502,0.5263009827757326,1.0812277526259402,3372
SRC_HUMAN_Chakraborty_2023_binding-DAS_25uM,SRC_HUMAN,Human,Activity,esmc_600m,ESMC-600M,single_sequence,official_zero_shot_paired_complete_case,0.4635278977430276,10.783009796103261,9.840988602956008,-251.23125901785852,0.1,0.09615384615384616,0.30816268133516483,0.39654266426680473,0.302182348211993,3637
SRC_HUMAN_Nguyen_2022,SRC_HUMAN,Human,OrganismalFitness,esmc_600m,ESMC-600M,single_sequence,official_zero_shot_paired_complete_case,0.4589992735836471,10.276593078799847,9.32087545157421,-326.94894947141796,0.1,0.08902077151335312,-0.25821096782826086,0.35901920171628904,2.042738453976648,3366
SUMO1_HUMAN_Weile_2017,SUMO1_HUMAN,Human,OrganismalFitness,esmc_600m,ESMC-600M,single_sequence,official_zero_shot_paired_complete_case,0.37269668936537775,11.038846558977689,10.664501542864116,-918.7289459003159,0.1,0.1588235294117647,0.6614820149294117,0.6462968679140397,1.5672827919946215,1700
SYUA_HUMAN_Newberry_2020,SYUA_HUMAN,Human,OrganismalFitness,esmc_600m,ESMC-600M,single_sequence,official_zero_shot_paired_complete_case,0.18429339356825414,8.985344656593627,8.219291303129443,-3786.575901236324,0.1,0.032,-0.04531774163495538,0.1826316786961961,0.3511662666805572,2497
TADBP_HUMAN_Bolognesi_2019,TADBP_HUMAN,Human,OrganismalFitness,esmc_600m,ESMC-600M,single_sequence,official_zero_shot_paired_complete_case,0.08638910557078064,3.8242296420961805,3.1415723932164115,-1575.4738919108054,0.1,0.075,0.014493049480563562,0.10952824065925655,0.0,1196
TAT_HV1BR_Fernandes_2016,TAT_HV1BR,Virus,OrganismalFitness,esmc_600m,ESMC-600M,single_sequence,official_zero_shot_paired_complete_case,-0.03250128969553161,1.1089175972263057,0.8186893660094677,-30.557050368356208,0.1,0.10759493670886076,-0.14005483530873317,-0.11988819935983118,2.2183215093353135,1577
TCRG1_MOUSE_Tsuboyama_2023_1E0L,TCRG1_MOUSE,Eukaryote,Stability,esmc_600m,ESMC-600M,single_sequence,official_zero_shot_paired_complete_case,0.7432531497647363,4.37883086092192,3.5770448579630947,-27.401562482827053,0.1,0.3333333333333333,-0.15330667886182817,0.8659918512614141,0.0,621
THO1_YEAST_Tsuboyama_2023_2WQG,THO1_YEAST,Eukaryote,Stability,esmc_600m,ESMC-600M,single_sequence,official_zero_shot_paired_complete_case,0.5166737949123542,3.18154081358278,2.5483376605845844,-12.904695550872855,0.1,0.3181818181818182,-0.04493887449250843,0.6596804376394614,0.0,656
TNKS2_HUMAN_Tsuboyama_2023_5JRT,TNKS2_HUMAN,Human,Stability,esmc_600m,ESMC-600M,single_sequence,official_zero_shot_paired_complete_case,0.600788096957397,3.040996879209112,2.396424983857496,-9.009285232877458,0.1,0.21428571428571427,-0.2495085150444567,0.7596601633645533,0.07169807921320537,1118
TPK1_HUMAN_Weile_2017,TPK1_HUMAN,Human,OrganismalFitness,esmc_600m,ESMC-600M,single_sequence,official_zero_shot_paired_complete_case,0.3034598101195362,8.989878543414369,8.150869920033637,-283.883160703752,0.1,0.14106583072100312,0.65478697392163,0.4414876998429986,0.14046530418308836,3181
TPMT_HUMAN_Matreyek_2018,TPMT_HUMAN,Human,Expression,esmc_600m,ESMC-600M,single_sequence,official_zero_shot_paired_complete_case,0.5615971453149514,6.17983029634288,5.1633026905512605,-301.61357867882447,0.1,0.18904109589041096,0.9645760678328767,0.5764377796247206,1.0400994091835423,3648
TPOR_HUMAN_Bridgford_2020,TPOR_HUMAN,Human,OrganismalFitness,esmc_600m,ESMC-600M,single_sequence,official_zero_shot_paired_complete_case,0.29695520873021963,3.334591408654253,2.5295716721767305,-72.21760296073211,0.1,0.21052631578947367,-0.20051513373387325,0.38539560576708304,0.0,562
TRPC_SACS2_Chan_2017,TRPC_SACS2,Prokaryote,OrganismalFitness,esmc_600m,ESMC-600M,single_sequence,official_zero_shot_paired_complete_case,0.6725196527148531,8.173113211133547,7.202408018686636,-178.66808416942087,0.1,0.5,0.2642040429802632,1.332795036243628,0.5427776354458935,1519
TRPC_THEMA_Chan_2017,TRPC_THEMA,Prokaryote,OrganismalFitness,esmc_600m,ESMC-600M,single_sequence,official_zero_shot_paired_complete_case,0.5211088661511939,8.329082706576138,7.266575363325873,-187.43341591084965,0.1,0.375,0.04202253282236841,1.2031533538198342,0.8271724400148858,1519
UBC9_HUMAN_Weile_2017,UBC9_HUMAN,Human,OrganismalFitness,esmc_600m,ESMC-600M,single_sequence,official_zero_shot_paired_complete_case,0.49293021903023204,9.63877502221229,9.086002468737417,-372.5919397462729,0.1,0.14007782101167315,0.7554703420583657,0.6191758178174184,4.896918910033254,2563
UBE4B_HUMAN_Tsuboyama_2023_3L1X,UBE4B_HUMAN,Human,Stability,esmc_600m,ESMC-600M,single_sequence,official_zero_shot_paired_complete_case,0.6258931148294987,4.916314466222212,4.19292752704119,-19.36809498981199,0.1,0.30357142857142855,-0.14165020165054826,0.8922598955121943,0.4672293911810499,1118
UBE4B_MOUSE_Starita_2013,UBE4B_MOUSE,Eukaryote,Activity,esmc_600m,ESMC-600M,single_sequence,official_zero_shot_paired_complete_case,0.46020287614487865,4.887505547737071,3.937591822133482,-17.83455972382766,0.1,0.13333333333333333,-0.0013649012999999968,0.4933829106179057,2.0615650834875896,899
UBR5_HUMAN_Tsuboyama_2023_1I2T,UBR5_HUMAN,Human,Stability,esmc_600m,ESMC-600M,single_sequence,official_zero_shot_paired_complete_case,0.4534714972150385,4.516802945842271,3.7673683991884457,-25.067743248325677,0.1,0.10909090909090909,-0.1426298549538296,0.41368910093822653,0.3073504340096791,1094
VG08_BPP22_Tsuboyama_2023_2GP8,VG08_BPP22,Virus,Stability,esmc_600m,ESMC-600M,single_sequence,official_zero_shot_paired_complete_case,0.5763148397246187,3.2858786039623995,2.4270717977993326,-35.93729564428978,0.1,0.136986301369863,-0.015409605993841493,0.6076443576551862,2.762448271892752,723
VILI_CHICK_Tsuboyama_2023_1YU5,VILI_CHICK,Eukaryote,Stability,esmc_600m,ESMC-600M,single_sequence,official_zero_shot_paired_complete_case,0.6356426759047901,4.28062355370794,3.4361720611278286,-23.241353000351488,0.1,0.2892561983471074,-0.031820228328839156,0.8429522086107811,0.0759110075738422,1202
VKOR1_HUMAN_Chiasson_2020_abundance,VKOR1_HUMAN,Human,Expression,esmc_600m,ESMC-600M,single_sequence,official_zero_shot_paired_complete_case,0.45988100576889723,8.653559388582122,7.454447655373333,-598.0659181877459,0.1,0.14074074074074075,0.9063309556976455,0.6557995157259363,0.3792198408422713,2695
VKOR1_HUMAN_Chiasson_2020_activity,VKOR1_HUMAN,Human,Activity,esmc_600m,ESMC-600M,single_sequence,official_zero_shot_paired_complete_case,0.4354194812833767,8.97187744859891,7.705247117948727,-375.84917482156544,0.1,0.15714285714285714,0.8487773939981895,0.2840796862334466,0.20604447329146058,697
VRPI_BPT7_Tsuboyama_2023_2WNM,VRPI_BPT7,Virus,Stability,esmc_600m,ESMC-600M,single_sequence,official_zero_shot_paired_complete_case,0.6313620308117505,2.800513905424464,2.1625196414107406,-7.812267975706952,0.1,0.26666666666666666,-0.03858820096684092,0.6916602434482734,0.220891906072008,1047
YAIA_ECOLI_Tsuboyama_2023_2KVT,YAIA_ECOLI,Prokaryote,Stability,esmc_600m,ESMC-600M,single_sequence,official_zero_shot_paired_complete_case,0.4954492799831069,1.9445802345860297,1.475538735686532,-1.44258428143974,0.1,0.24731182795698925,-0.7730109606998026,0.31280943736821654,0.024166451168948725,928
YNZC_BACSU_Tsuboyama_2023_2JVD,YNZC_BACSU,Prokaryote,Stability,esmc_600m,ESMC-600M,single_sequence,official_zero_shot_paired_complete_case,0.34686084657659444,5.859585127943117,5.056318038096746,-49.22617695862835,0.1,0.18055555555555555,-0.04582229089347658,0.7062622475725541,0.7177165271769149,714
A0A140D2T1_ZIKV_Sourisseau_2019,A0A140D2T1_ZIKV,Virus,OrganismalFitness,gemme,GEMME,msa,official_zero_shot_paired_complete_case,0.4297428624754321,6.580790390993652,6.170767531733379,-209.2015989937612,0.1,0.29123173277661796,0.4416765382547827,0.5792163788850654,4.521144722921834,9576
A0A192B1T2_9HIV1_Haddox_2018,A0A192B1T2_9HIV1,Virus,OrganismalFitness,gemme,GEMME,msa,official_zero_shot_paired_complete_case,0.4956590006959539,4.602675317728364,3.569775756714142,-3.755071993222365,0.1,0.29252782193958665,-0.5132231264356121,0.9911282934219832,0.0,12577
A0A1I9GEU1_NEIME_Kennouche_2019,A0A1I9GEU1_NEIME,Prokaryote,Activity,gemme,GEMME,msa,official_zero_shot_paired_complete_case,0.04509021396565168,4.248096607149158,3.50791566619591,-6.612075496708528,0.1,0.06451612903225806,0.24630107526881723,0.15810832271682054,1.923721563238898,922
A0A247D711_LISMN_Stadelmann_2021,A0A247D711_LISMN,Prokaryote,Activity,gemme,GEMME,msa,official_zero_shot_paired_complete_case,0.47295490967340464,2.1467930405512266,1.9105108963343636,-1.7236279510196515,0.1,0.16265060240963855,0.19635082444897065,0.525675381064926,0.04593624765982672,1653
A0A2Z5U3Z0_9INFA_Doud_2016,A0A2Z5U3Z0_9INFA,Virus,OrganismalFitness,gemme,GEMME,msa,official_zero_shot_paired_complete_case,0.5380357842550222,5.096373465071787,4.344356547950113,-15.58878064384167,0.1,0.314365671641791,-0.7999463779440299,1.013469568489049,0.0,10715
A0A2Z5U3Z0_9INFA_Wu_2014,A0A2Z5U3Z0_9INFA,Virus,OrganismalFitness,gemme,GEMME,msa,official_zero_shot_paired_complete_case,0.5126375447717175,5.160993327364999,4.338016927358907,-26.29371601231918,0.1,0.2425531914893617,0.9364673215914895,0.5443418185805553,0.0,2350
A4D664_9INFA_Soh_2019,A4D664_9INFA,Virus,OrganismalFitness,gemme,GEMME,msa,official_zero_shot_paired_complete_case,0.44290561877913665,8.634334901435992,8.039376489480276,-396.84991141951855,0.1,0.23700623700623702,0.6562906250071716,0.6575077396401191,21.039226378118737,14421
A4GRB6_PSEAI_Chen_2020,A4GRB6_PSEAI,Prokaryote,OrganismalFitness,gemme,GEMME,msa,official_zero_shot_paired_complete_case,0.6710173856678409,2.8681245330839755,2.502202053229135,-0.8733150177259674,0.1,0.19161676646706588,-0.37699251725010974,0.740580747063615,0.3468056517321359,5004
A4_HUMAN_Seuma_2022,A4_HUMAN,Human,Stability,gemme,GEMME,msa,official_zero_shot_paired_complete_case,0.4894783759075487,3.4526678621654665,3.0135418164096825,-3.37039808067079,0.1,0.0875,-0.24757092391620464,0.48197701561741485,0.5777322346882161,796
AACC1_PSEAI_Dandage_2018,AACC1_PSEAI,Prokaryote,OrganismalFitness,gemme,GEMME,msa,official_zero_shot_paired_complete_case,0.46499210704286226,3.724733142735803,3.2219890110105576,-3.0036281765477115,0.1,0.27624309392265195,1.7756467142441987,0.48273673214541923,0.24089038759856207,1801
ACE2_HUMAN_Chan_2020,ACE2_HUMAN,Human,Binding,gemme,GEMME,msa,official_zero_shot_paired_complete_case,0.2173693979217446,3.853299375168491,3.2143142012415287,-10.69072158347381,0.1,0.19730941704035873,-0.04873047855829593,0.3169695151952688,0.0,2223
ADRB2_HUMAN_Jones_2020,ADRB2_HUMAN,Human,Activity,gemme,GEMME,msa,official_zero_shot_paired_complete_case,0.5446065407022126,5.79767902281141,5.3515011163749335,-60.53458907329925,0.1,0.16153846153846155,2.2800281551133352,0.45829597231761515,1.8575790750645729,7800
AMFR_HUMAN_Tsuboyama_2023_4G3O,AMFR_HUMAN,Human,Stability,gemme,GEMME,msa,official_zero_shot_paired_complete_case,0.43972939323920524,3.7343060133837085,3.1764532459493773,-13.604976144595787,0.1,0.12195121951219512,-0.022354630049487484,0.7114506414413398,0.1489896801764587,820
AMIE_PSEAE_Wrenbeck_2017,AMIE_PSEAE,Prokaryote,Activity,gemme,GEMME,msa,official_zero_shot_paired_complete_case,0.5577176941599566,4.611760607553286,4.1355140439153875,-143.70281285405832,0.1,0.1043338683788122,-0.026000000000000002,0.7187291757629508,0.7326954093875663,6227
ANCSZ_Hobbs_2022,ANCSZ,Eukaryote,Activity,gemme,GEMME,msa,official_zero_shot_paired_complete_case,0.5567766535791318,5.17804688295959,4.588111785502319,-768.4506412948721,0.1,0.1905781584582441,0.0054148982475872515,0.617836682338771,0.41867942511657685,4670
ARGR_ECOLI_Tsuboyama_2023_1AOY,ARGR_ECOLI,Prokaryote,Stability,gemme,GEMME,msa,official_zero_shot_paired_complete_case,0.46010934278830884,3.955189977203429,3.18566602197089,-11.961874090647619,0.1,0.16279069767441862,-0.1614688771704171,0.6508813924542474,0.47561326182821057,1287
BBC1_YEAST_Tsuboyama_2023_1TG0,BBC1_YEAST,Eukaryote,Stability,gemme,GEMME,msa,official_zero_shot_paired_complete_case,0.34885021882490164,3.813782555551842,3.040794115152944,-9.757841003088563,0.1,0.05504587155963303,-0.6197087837909362,0.2193549332909513,1.3167737004010123,1084
BCHB_CHLTE_Tsuboyama_2023_2KRU,BCHB_CHLTE,Prokaryote,Stability,gemme,GEMME,msa,official_zero_shot_paired_complete_case,0.38465897159043255,3.147419211447001,2.6499149359652505,-5.732003818316616,0.1,0.16853932584269662,-0.13547033561676228,0.5822947114814381,0.08655923475434779,890
BLAT_ECOLX_Deng_2012,BLAT_ECOLX,Prokaryote,OrganismalFitness,gemme,GEMME,msa,official_zero_shot_paired_complete_case,0.4638912573600294,2.1444823502504455,1.644238746943346,-0.9717303265976054,0.1,0.3,-1.5245469839940002,0.7825845802762069,0.2140910751496931,4996
BLAT_ECOLX_Firnberg_2014,BLAT_ECOLX,Prokaryote,OrganismalFitness,gemme,GEMME,msa,official_zero_shot_paired_complete_case,0.6826073123381639,4.523012288874104,4.180043447272592,-100.53533486002124,0.1,0.2964509394572025,0.9010121085594989,0.8718876512186302,2.6722746221161278,4783
BLAT_ECOLX_Jacquier_2013,BLAT_ECOLX,Prokaryote,OrganismalFitness,gemme,GEMME,msa,official_zero_shot_paired_complete_case,0.5668868545329747,2.141270308079867,1.7800500517820304,-0.2038557563904575,0.1,0.15151515151515152,-0.8716362326060607,0.3517443950006357,0.0,989
BLAT_ECOLX_Stiffler_2015,BLAT_ECOLX,Prokaryote,OrganismalFitness,gemme,GEMME,msa,official_zero_shot_paired_complete_case,0.6789261354002178,2.8294656928484625,2.475565755537014,-5.037462831352452,0.1,0.292,-0.34581102942,0.7900541672335999,0.1552506787869548,4996
BRCA1_HUMAN_Findlay_2018,BRCA1_HUMAN,Human,OrganismalFitness,gemme,GEMME,msa,official_zero_shot_paired_complete_case,0.43806112166567,2.6031410052104604,2.218529373872267,-7.473116404596574,0.1,0.1956521739130435,-0.08084457138586956,0.5830856251693187,0.35918426142107523,1837
C6KNH7_9INFA_Lee_2018,C6KNH7_9INFA,Virus,OrganismalFitness,gemme,GEMME,msa,official_zero_shot_paired_complete_case,0.47489505178133506,5.67927493319156,4.9669110401936445,-30.906308210907593,0.1,0.30018587360594795,-0.5994984338022118,0.9643968641842093,0.13084914635992845,10754
CALM1_HUMAN_Weile_2017,CALM1_HUMAN,Human,OrganismalFitness,gemme,GEMME,msa,official_zero_shot_paired_complete_case,0.23887123161896415,3.1670435752743096,2.722884056651939,-74.31810123252497,0.1,0.038461538461538464,0.9029630793846154,0.441101364047783,0.20405857366868582,1813
CAPSD_AAV2S_Sinai_2021,CAPSD_AAV2S,Virus,OrganismalFitness,gemme,GEMME,msa,official_zero_shot_paired_complete_case,0.5541752510250987,3.2324672056518957,2.760696998066686,-1.2421067866872653,0.1,0.3148148148148148,1.0196588255247954,0.8650999526142932,0.23632624819148648,532
CAR11_HUMAN_Meitlis_2020_gof,CAR11_HUMAN,Human,OrganismalFitness,gemme,GEMME,msa,official_zero_shot_paired_complete_case,0.17941660857976832,4.338915657520281,3.97524695915294,-46.35084795739735,0.1,0.058823529411764705,-0.201451962177521,0.23138471660658314,5.361141842800602,2374
CAR11_HUMAN_Meitlis_2020_lof,CAR11_HUMAN,Human,OrganismalFitness,gemme,GEMME,msa,official_zero_shot_paired_complete_case,0.3382780762295259,3.9530512111529896,3.6144302447908863,-29.990290041191507,0.1,0.05,-0.2541320479114583,0.5645446980679414,1.7334527323875217,2395
CAS9_STRP1_Spencer_2017_positive,CAS9_STRP1,Prokaryote,Activity,gemme,GEMME,msa,official_zero_shot_paired_complete_case,0.1868642539888275,2.921217528125385,2.2941983264194135,-21.498186975714344,0.1,0.10467980295566502,-0.12967566824155835,0.19848804434721554,0.596907012427015,8117
CASP3_HUMAN_Roychowdhury_2020,CASP3_HUMAN,Human,Activity,gemme,GEMME,msa,official_zero_shot_paired_complete_case,0.6081696349065958,2.9068965705145344,2.4227543748806175,-17.342762523054333,0.1,0.1464968152866242,0.33911496600386876,0.5747210562088053,0.0914520059056937,1567
CASP7_HUMAN_Roychowdhury_2020,CASP7_HUMAN,Human,Activity,gemme,GEMME,msa,official_zero_shot_paired_complete_case,0.6421794314146718,2.563513562338635,2.071346519245339,-9.082073117240625,0.1,0.2261904761904762,0.3007254207718624,0.8391881694583037,3.6878800297093393,1680
CATR_CHLRE_Tsuboyama_2023_2AMI,CATR_CHLRE,Eukaryote,Stability,gemme,GEMME,msa,official_zero_shot_paired_complete_case,0.4043963315955956,3.205444226404234,2.649681419789083,-14.351322742793878,0.1,0.08208955223880597,-0.02067944537264495,0.48498740505069554,0.829053011044288,1340
CBPA2_HUMAN_Tsuboyama_2023_1O6X,CBPA2_HUMAN,Human,Stability,gemme,GEMME,msa,official_zero_shot_paired_complete_case,0.4180612713816191,2.999416552668312,2.467264061968561,-5.7032284265990665,0.1,0.09558823529411764,-0.1512272856610375,0.567132022308849,0.10475096943846766,1357
CBS_HUMAN_Sun_2020,CBS_HUMAN,Human,OrganismalFitness,gemme,GEMME,msa,official_zero_shot_paired_complete_case,0.38055801781501686,5.116683763747476,4.276233396794927,-117.63577864139931,0.1,0.1634349030470914,0.643009481767769,0.39795772638229737,0.9730154321360303,7217
CBX4_HUMAN_Tsuboyama_2023_2K28,CBX4_HUMAN,Human,Stability,gemme,GEMME,msa,official_zero_shot_paired_complete_case,0.620520344503601,3.4948315673394363,2.9135853295854677,-12.123993227658268,0.1,0.22826086956521738,-0.033525083265256335,0.7776388417727492,0.6038163213939677,917
CCDB_ECOLI_Adkar_2012,CCDB_ECOLI,Prokaryote,Activity,gemme,GEMME,msa,official_zero_shot_paired_complete_case,0.4533443224984047,32.887296414830466,24.24917998999025,-0.9297489397842233,0.1,0.1016949152542373,-19.016949152542374,0.33914235030695233,0.0,1176
CCR5_HUMAN_Gill_2023,CCR5_HUMAN,Human,Binding,gemme,GEMME,msa,official_zero_shot_paired_complete_case,0.3635753848951832,4.309329653667799,3.6387615805306006,-65.642805136485,0.1,0.1791530944625407,0.09389522258414765,0.4312400725150636,3.4951296249916406,6137
CD19_HUMAN_Klesmith_2019_FMC_singles,CD19_HUMAN,Human,Binding,gemme,GEMME,msa,official_zero_shot_paired_complete_case,0.28280877413309174,3.197758219283026,2.3130000327587554,-0.11100486189804126,0.1,0.16180371352785147,-0.41884583490481553,0.400460327080814,0.8862896320287912,3761
CP2C9_HUMAN_Amorosi_2021_abundance,CP2C9_HUMAN,Human,Expression,gemme,GEMME,msa,official_zero_shot_paired_complete_case,0.6048381306714316,3.8166652279368245,3.391410293910543,-134.93962657871595,0.1,0.2621664050235479,0.9547827200533753,0.8193375535041367,0.5404424529974292,6370
CP2C9_HUMAN_Amorosi_2021_activity,CP2C9_HUMAN,Human,Binding,gemme,GEMME,msa,official_zero_shot_paired_complete_case,0.6370671419305625,3.727959548139234,3.299244280721747,-103.41070300208007,0.1,0.3284552845528455,0.8855898331284551,0.9455174450237621,0.06515785859417601,6142
CSN4_MOUSE_Tsuboyama_2023_1UFM,CSN4_MOUSE,Eukaryote,Stability,gemme,GEMME,msa,official_zero_shot_paired_complete_case,0.46002059235702764,3.710668501910993,3.0687707152609627,-10.962341622702498,0.1,0.07352941176470588,-0.13613690023731895,0.6430217497902765,0.04007775276024343,1353
CUE1_YEAST_Tsuboyama_2023_2MYX,CUE1_YEAST,Eukaryote,Stability,gemme,GEMME,msa,official_zero_shot_paired_complete_case,0.4623182962182255,3.3850613009843613,2.8521753770213563,-9.539356044665906,0.1,0.15625,-0.29888098781327016,0.7784489895704473,0.0,955
D7PM05_CLYGR_Somermeyer_2022,D7PM05_CLYGR,Eukaryote,Activity,gemme,GEMME,msa,official_zero_shot_paired_complete_case,0.511285114194004,24490.827087513186,21775.368319158457,-3.7736037066257486,0.1,0.23076923076923078,27757.309882226495,0.5339207564523579,0.0508709031664123,1169
DLG4_HUMAN_Faure_2021,DLG4_HUMAN,Human,OrganismalFitness,gemme,GEMME,msa,official_zero_shot_paired_complete_case,0.5202895479380998,6.241873776718325,5.71904759989153,-255.4690295585366,0.1,0.21875,-0.08447412264110979,0.7200666217694338,0.0,1280
DLG4_RAT_McLaughlin_2012,DLG4_RAT,Eukaryote,Binding,gemme,GEMME,msa,official_zero_shot_paired_complete_case,0.48973088517860386,6.565045262125028,6.019402546998095,-260.5614875641392,0.1,0.13291139240506328,0.02604757784810126,0.48722240018150836,0.2406820702138857,1576
DN7A_SACS2_Tsuboyama_2023_1JIC,DN7A_SACS2,Prokaryote,Stability,gemme,GEMME,msa,official_zero_shot_paired_complete_case,0.29765867924619055,4.852512864958784,4.417136071734334,-17.514606451583415,0.1,0.2079207920792079,-0.2003460329503643,0.57766302375837,0.08368742822238665,1008
DNJA1_HUMAN_Tsuboyama_2023_2LO1,DNJA1_HUMAN,Human,Stability,gemme,GEMME,msa,official_zero_shot_paired_complete_case,0.47184676402906917,3.6457576900672883,2.945844880720393,-8.066666849982143,0.1,0.10655737704918032,-0.29244150348545145,0.596272167155213,0.31594515715876753,1216
DOCK1_MOUSE_Tsuboyama_2023_2M0Y,DOCK1_MOUSE,Eukaryote,Stability,gemme,GEMME,msa,official_zero_shot_paired_complete_case,0.5170845931975431,3.3444390178477055,2.5391564662682082,-10.732046771559725,0.1,0.10655737704918032,-0.18176614514208744,0.49912905512084516,0.7049072385776332,1213
DYR_ECOLI_Nguyen_2023,DYR_ECOLI,Prokaryote,OrganismalFitness,gemme,GEMME,msa,official_zero_shot_paired_complete_case,0.48041995684161143,4.6627943402476735,4.230056758610355,-264.83846725547244,0.1,0.08561643835616438,0.9830479452054793,0.41720719603472944,0.4545754777036659,2916
DYR_ECOLI_Thompson_2019,DYR_ECOLI,Prokaryote,OrganismalFitness,gemme,GEMME,msa,official_zero_shot_paired_complete_case,0.4513048835426651,3.9910363719715973,3.445225572829875,-27.9396812798474,0.1,0.11392405063291139,0.00043659071729956685,0.5273272510760411,1.2245352699803913,2363
ENVZ_ECOLI_Ghose_2023,ENVZ_ECOLI,Prokaryote,Activity,gemme,GEMME,msa,official_zero_shot_paired_complete_case,0.1780031403752683,7.816296948653835,7.286221570129566,-47.01805035920231,0.1,0.08849557522123894,3.6079828961062432,0.4426494672294034,0.514122881535656,1121
ENV_HV1BR_Haddox_2016,ENV_HV1BR,Virus,OrganismalFitness,gemme,GEMME,msa,official_zero_shot_paired_complete_case,0.3497595201695338,6.616371715948362,5.3563221893303545,-9527.29296687048,0.1,0.17094017094017094,0.061456204908531875,0.28941122031764893,3.3941990579633114,12863
EPHB2_HUMAN_Tsuboyama_2023_1F0M,EPHB2_HUMAN,Human,Stability,gemme,GEMME,msa,official_zero_shot_paired_complete_case,0.6274115105456325,3.8753959652654904,3.2823378048636043,-8.075460392928973,0.1,0.1935483870967742,-0.2235276948080928,0.6320501378200961,0.04267283577918336,1239
ESTA_BACSU_Nutschel_2020,ESTA_BACSU,Prokaryote,Stability,gemme,GEMME,msa,official_zero_shot_paired_complete_case,0.3787070200317907,50.31068535710052,50.25451086722392,-421.48990602224217,0.1,0.20642201834862386,47.819495412844034,0.7137544945864803,0.0,2172
FECA_ECOLI_Tsuboyama_2023_2D1U,FECA_ECOLI,Prokaryote,Stability,gemme,GEMME,msa,official_zero_shot_paired_complete_case,0.5365347916379718,3.1206864899996147,2.558323490140816,-11.222541895988101,0.1,0.16393442622950818,-0.04133279645613435,0.6913920126855299,2.268763398246794,1219
FKBP3_HUMAN_Tsuboyama_2023_2KFV,FKBP3_HUMAN,Human,Stability,gemme,GEMME,msa,official_zero_shot_paired_complete_case,0.47814360254266125,3.752880379266828,3.3391618885491487,-19.11025621671815,0.1,0.14516129032258066,0.1113939544481015,0.6433691948409396,0.0,1237
GAL4_YEAST_Kitzman_2015,GAL4_YEAST,Eukaryote,OrganismalFitness,gemme,GEMME,msa,official_zero_shot_paired_complete_case,0.6284096216388582,4.478507048207305,3.693710020211738,0.2837855979735594,0.1,0.18333333333333332,-0.9760833333333333,0.744238272218702,0.2702242376679344,1195
GDIA_HUMAN_Silverstein_2021,GDIA_HUMAN,Human,OrganismalFitness,gemme,GEMME,msa,official_zero_shot_paired_complete_case,0.41533129600939206,4.075304118037128,3.5266609369360156,-221.65997178588884,0.1,0.14655172413793102,0.8540584976293104,0.4574143730675936,0.017455125123338563,1154
GFP_AEQVI_Sarkisyan_2016,GFP_AEQVI,Eukaryote,Activity,gemme,GEMME,msa,official_zero_shot_paired_complete_case,0.486925854635826,7.031888158581654,6.878810350738789,-126.85230744400054,0.1,0.22935779816513763,3.6818627846758143,0.40061177889468147,0.36006652449548304,1084
GRB2_HUMAN_Faure_2021,GRB2_HUMAN,Human,OrganismalFitness,gemme,GEMME,msa,official_zero_shot_paired_complete_case,0.5767322735423145,4.266369960878906,3.73675716359982,-88.58452040336951,0.1,0.25961538461538464,-0.057842033529122636,0.8212554871434001,0.0,1034
HCP_LAMBD_Tsuboyama_2023_2L6Q,HCP_LAMBD,Virus,Stability,gemme,GEMME,msa,official_zero_shot_paired_complete_case,0.5787607924671159,3.191007846227438,2.85231640506382,-9.586628636199285,0.1,0.21153846153846154,-0.012786063805713014,0.7272569427071062,0.1236321698355655,1040
HECD1_HUMAN_Tsuboyama_2023_3DKM,HECD1_HUMAN,Human,Stability,gemme,GEMME,msa,official_zero_shot_paired_complete_case,0.6445524769124684,3.2234891768565896,2.6685300491539268,-9.08939997818168,0.1,0.36,0.024807646586933792,0.9372529145749825,0.0,1244
HEM3_HUMAN_Loggerenberg_2023,HEM3_HUMAN,Human,Activity,gemme,GEMME,msa,official_zero_shot_paired_complete_case,0.434759018473689,5.312324692083955,4.589037063573545,-147.11467986117438,0.1,0.1827768014059754,0.7888989594815466,0.49415798742690187,0.3322608844961259,5689
HMDH_HUMAN_Jiang_2019,HMDH_HUMAN,Human,OrganismalFitness,gemme,GEMME,msa,official_zero_shot_paired_complete_case,0.4764403658228863,4.817874216520161,4.139624526149254,-331.89814555953365,0.1,0.11981020166073547,0.5900214116251483,0.4170008538725389,0.013633354617997605,16853
HSP82_YEAST_Cote-Hammarlof_2020_growth-H2O2,HSP82_YEAST,Eukaryote,OrganismalFitness,gemme,GEMME,msa,official_zero_shot_paired_complete_case,0.397092539357885,5.8841729288555635,5.219431237526107,-128274.41531417244,0.1,0.1592920353982301,-0.0007066774778761031,0.4775157295313783,0.15808390962772495,2252
HSP82_YEAST_Flynn_2019,HSP82_YEAST,Eukaryote,OrganismalFitness,gemme,GEMME,msa,official_zero_shot_paired_complete_case,0.42520034535794665,4.787337995873099,4.018498695582742,-165.39555922241593,0.1,0.09699248120300752,0.006425201277430826,0.5083749279736846,0.0,13294
HSP82_YEAST_Mishra_2016,HSP82_YEAST,Eukaryote,OrganismalFitness,gemme,GEMME,msa,official_zero_shot_paired_complete_case,0.5567089545191175,5.451131367870223,4.609316602178436,-233.22949385096763,0.1,0.18013856812933027,-0.005113785413394918,0.51898728233142,0.7468004226568157,4323
HXK4_HUMAN_Gersing_2022_activity,HXK4_HUMAN,Human,OrganismalFitness,gemme,GEMME,msa,official_zero_shot_paired_complete_case,0.502931438349443,4.8061626141685645,4.336100187514602,-38.57669278846294,0.1,0.10851808634772463,1.0109213101983665,0.4621254880964541,3.8656036778609875,8570
HXK4_HUMAN_Gersing_2023_abundance,HXK4_HUMAN,Human,Expression,gemme,GEMME,msa,official_zero_shot_paired_complete_case,0.37447410770540374,4.885545012170286,4.386980928766471,-188.17447400568108,0.1,0.1869047619047619,0.8806393471151913,0.5275146145389805,0.19049765554339468,8396
I6TAH8_I68A0_Doud_2015,I6TAH8_I68A0,Virus,OrganismalFitness,gemme,GEMME,msa,official_zero_shot_paired_complete_case,0.36795986503533606,5.0331120945350865,4.5487050436574235,-20.520723166906567,0.1,0.2840549102428722,-1.218089388170332,0.8628882482816237,0.4240155095273832,9462
IF1_ECOLI_Kelsic_2016,IF1_ECOLI,Prokaryote,OrganismalFitness,gemme,GEMME,msa,official_zero_shot_paired_complete_case,0.4013386429102693,4.443036992742097,3.655737676345266,-240.855963576536,0.1,0.291970802919708,0.8117992700656935,0.06746469298641589,0.1400098087542631,1367
ILF3_HUMAN_Tsuboyama_2023_2L33,ILF3_HUMAN,Human,Stability,gemme,GEMME,msa,official_zero_shot_paired_complete_case,0.45691479338511004,4.165143557303501,3.565231860646872,-25.118461024859247,0.1,0.21804511278195488,0.06445564223490331,0.480891935967608,0.0,1329
ISDH_STAAW_Tsuboyama_2023_2LHR,ISDH_STAAW,Prokaryote,Stability,gemme,GEMME,msa,official_zero_shot_paired_complete_case,0.15909987174500875,4.1199176523269685,3.8249756161053314,-25.589818232403747,0.1,0.20212765957446807,-0.22767567890532164,0.5854029293853029,0.32106847351445833,940
KCNE1_HUMAN_Muhammad_2023_expression,KCNE1_HUMAN,Human,Expression,gemme,GEMME,msa,official_zero_shot_paired_complete_case,0.09568968185526501,5.291969003684686,4.9211092818891276,-195.43228438129242,0.1,0.03418803418803419,0.9832150898717948,0.05819550811732299,1.1699378007469126,2339
KCNE1_HUMAN_Muhammad_2023_function,KCNE1_HUMAN,Human,Activity,gemme,GEMME,msa,official_zero_shot_paired_complete_case,0.48847389790647344,5.042296553015551,4.719402128196455,-159.67831195148992,0.1,0.1939655172413793,1.0467620493965517,0.716272628101778,0.4551907675034596,2315
KCNJ2_MOUSE_Coyote-Maestas_2022_function,KCNJ2_MOUSE,Eukaryote,Activity,gemme,GEMME,msa,official_zero_shot_paired_complete_case,0.3720265665910746,4.206229184582065,3.5482276320949895,-47.25382385778719,0.1,0.1492109038737446,0.28754436238450504,0.4662476761220154,0.7540013382029682,6963
KCNJ2_MOUSE_Coyote-Maestas_2022_surface,KCNJ2_MOUSE,Eukaryote,Expression,gemme,GEMME,msa,official_zero_shot_paired_complete_case,0.36818378731114776,3.5762116270191355,2.9025855904251165,-1.751849187067207,0.1,0.09971098265895954,0.19060906562716765,0.44054760994935344,0.7773339333320723,6917
KKA2_KLEPN_Melnikov_2014,KKA2_KLEPN,Prokaryote,OrganismalFitness,gemme,GEMME,msa,official_zero_shot_paired_complete_case,0.6267787781561925,5.133022151460334,4.866419948164733,-27.040874886488474,0.1,0.21774193548387097,1.9236092741935484,0.7937157258449064,0.2578035524551953,4960
LGK_LIPST_Klesmith_2015,LGK_LIPST,Eukaryote,Activity,gemme,GEMME,msa,official_zero_shot_paired_complete_case,0.5421698686697255,3.8781239584159004,3.1516862711599463,-57.360087051549144,0.1,0.49302915082382764,-0.14663295310519642,1.0356347614294115,0.12863212974482274,7890
MAFG_MOUSE_Tsuboyama_2023_1K1V,MAFG_MOUSE,Eukaryote,Stability,gemme,GEMME,msa,official_zero_shot_paired_complete_case,0.20894655952919303,4.595870113942945,3.9021423131513235,-40.10425998327115,0.1,0.15584415584415584,-0.11704459287019696,0.5184880983276478,0.6609707592735239,762
MBD11_ARATH_Tsuboyama_2023_6ACV,MBD11_ARATH,Eukaryote,Stability,gemme,GEMME,msa,official_zero_shot_paired_complete_case,0.4724550055513458,3.611096091308128,3.114306275107793,-10.063624163877822,0.1,0.15517241379310345,0.00277326240212476,0.7094441749902562,0.0,1155
MET_HUMAN_Estevam_2023,MET_HUMAN,Human,Activity,gemme,GEMME,msa,official_zero_shot_paired_complete_case,0.5483001482923655,2.7404410654509284,2.1548246832370164,0.1718685432292799,0.1,0.1925925925925926,-0.17265649424966306,0.7206616198150074,0.001963292174602817,5393
MK01_HUMAN_Brenan_2016,MK01_HUMAN,Human,OrganismalFitness,gemme,GEMME,msa,official_zero_shot_paired_complete_case,0.21800931911558644,4.924126022711751,4.2876034172141795,-17.6270608671169,0.1,0.12187958883994127,-8.094780130778267,0.05668066872453719,1.9083388258768934,6809
MLAC_ECOLI_MacRae_2023,MLAC_ECOLI,Prokaryote,OrganismalFitness,gemme,GEMME,msa,official_zero_shot_paired_complete_case,0.40047185220320775,4.10160407531137,3.5951910136079612,-156.83104305334638,0.1,0.1571072319201995,-0.03431832533042394,0.5932049599037186,0.07530837795608053,4007
MSH2_HUMAN_Jia_2020,MSH2_HUMAN,Human,OrganismalFitness,gemme,GEMME,msa,official_zero_shot_paired_complete_case,0.3936299441362171,7.661006203875283,7.278981733481708,-12.919744758839416,0.1,0.1426865671641791,3.7465611940298507,0.4311525306541715,0.0,16749
MTH3_HAEAE_RockahShmuel_2015,MTH3_HAEAE,Prokaryote,OrganismalFitness,gemme,GEMME,msa,official_zero_shot_paired_complete_case,0.6788711986956788,3.820697932442895,3.3667796845505493,-107.62682855037266,0.1,0.3202247191011236,0.7857865168539326,0.9671055931057811,0.40918255117781044,1777
MTHR_HUMAN_Weile_2021,MTHR_HUMAN,Human,OrganismalFitness,gemme,GEMME,msa,official_zero_shot_paired_complete_case,0.2957331620399635,5.203403289113923,4.584525532433188,-343.49635382986264,0.1,0.13552526062550121,0.7752922213311949,0.43018987139067644,0.005350521170165614,12464
MYO3_YEAST_Tsuboyama_2023_2BTT,MYO3_YEAST,Eukaryote,Stability,gemme,GEMME,msa,official_zero_shot_paired_complete_case,0.39702832526314225,3.4591144731883303,2.758363570898056,-10.01380120885534,0.1,0.11578947368421053,-0.3343818828863323,0.6029042653192935,0.46479788775335373,947
NCAP_I34A1_Doud_2015,NCAP_I34A1,Virus,OrganismalFitness,gemme,GEMME,msa,official_zero_shot_paired_complete_case,0.3771245112223825,4.558777333738584,4.0634613940573105,-12.834757345744546,0.1,0.2682154171066526,-1.6610415024187988,0.8853720874135989,0.07460156896117073,9462
NKX31_HUMAN_Tsuboyama_2023_2L9R,NKX31_HUMAN,Human,Stability,gemme,GEMME,msa,official_zero_shot_paired_complete_case,0.6142356671930542,4.151159683143565,3.392689133714225,-63.335451909650445,0.1,0.13043478260869565,-0.00491096532432431,0.6691225671424385,0.0,1149
NPC1_HUMAN_Erwood_2022_HEK293T,NPC1_HUMAN,Human,Activity,gemme,GEMME,msa,official_zero_shot_paired_complete_case,0.7103573743052509,4.510810973564982,3.875709615960409,-129.64288713584673,0.1,0.359375,0.9115558741223958,1.0081907099537135,0.047766301236249045,637
NUD15_HUMAN_Suiter_2020,NUD15_HUMAN,Human,Expression,gemme,GEMME,msa,official_zero_shot_paired_complete_case,0.5868347210356893,4.579497172454369,4.1773190826385695,-150.03487428240126,0.1,0.3087719298245614,0.8495664014930224,0.8695233283503873,0.0,2844
NUSA_ECOLI_Tsuboyama_2023_1WCL,NUSA_ECOLI,Prokaryote,Stability,gemme,GEMME,msa,official_zero_shot_paired_complete_case,0.5080687167303364,3.519076471191233,2.949061942489332,-9.882030257671644,0.1,0.10687022900763359,-0.2769847227135348,0.56955143497889,0.7736363425629744,1306
NUSG_MYCTU_Tsuboyama_2023_2MI6,NUSG_MYCTU,Prokaryote,Stability,gemme,GEMME,msa,official_zero_shot_paired_complete_case,0.6000609891270977,3.017400380222599,2.434850597521424,-3.3975867307305583,0.1,0.19607843137254902,-0.04175132650922111,0.8037986918531816,0.18191274525406326,1019
OBSCN_HUMAN_Tsuboyama_2023_1V1C,OBSCN_HUMAN,Human,Stability,gemme,GEMME,msa,official_zero_shot_paired_complete_case,0.6366253290615441,1.588403215239342,1.0042491003975524,-0.6850494122486723,0.1,0.23770491803278687,-0.08103315741133658,0.7710796528576392,0.01321306236602309,1213
ODP2_GEOSE_Tsuboyama_2023_1W4G,ODP2_GEOSE,Prokaryote,Stability,gemme,GEMME,msa,official_zero_shot_paired_complete_case,0.4589821244011646,3.789763176836835,2.9147616220956687,-22.205233271859456,0.1,0.31343283582089554,-0.1785546378926581,0.754340931829718,1.4257946106125476,669
OTC_HUMAN_Lo_2023,OTC_HUMAN,Human,Activity,gemme,GEMME,msa,official_zero_shot_paired_complete_case,0.5991317635918323,4.141182831003271,3.532329605574727,-110.54050503419606,0.1,0.3057324840764331,0.8735796178343949,1.0571528583054295,0.25758067222419945,1570
OTU7A_HUMAN_Tsuboyama_2023_2L2D,OTU7A_HUMAN,Human,Stability,gemme,GEMME,msa,official_zero_shot_paired_complete_case,0.25856353947587274,4.3363569614146655,3.8079291475595576,-25.262529817507414,0.1,0.03125,-0.22738230040169316,0.4891888006516135,0.6950409932151391,635
OXDA_RHOTO_Vanella_2023_activity,OXDA_RHOTO,Eukaryote,Activity,gemme,GEMME,msa,official_zero_shot_paired_complete_case,0.3782949648756539,4.375235209367378,3.8756045201357465,-2764.5963056692135,0.1,0.2375,-0.0293138133938848,0.7019786128289817,1.2905684100309613,6396
OXDA_RHOTO_Vanella_2023_expression,OXDA_RHOTO,Eukaryote,Expression,gemme,GEMME,msa,official_zero_shot_paired_complete_case,0.30849938192536824,4.454690343744252,3.9511867293616905,-1044.1384596417472,0.1,0.17725258493353027,-0.008277882788288879,0.5068092841431748,1.435659582059691,6769
P53_HUMAN_Giacomelli_2018_Null_Etoposide,P53_HUMAN,Human,OrganismalFitness,gemme,GEMME,msa,official_zero_shot_paired_complete_case,0.4226756045142261,5.175954878557751,4.634512945492684,-26.98791784876971,0.1,0.07764390896921017,0.4429135952931704,0.40493918820414965,0.867625812887292,7467
P53_HUMAN_Giacomelli_2018_Null_Nutlin,P53_HUMAN,Human,OrganismalFitness,gemme,GEMME,msa,official_zero_shot_paired_complete_case,0.4198096389623796,5.144943996623323,4.550013779753628,-26.00988107590391,0.1,0.08433734939759036,0.3108943009642866,0.2856737909974027,2.854433085718069,7467
P53_HUMAN_Giacomelli_2018_WT_Nutlin,P53_HUMAN,Human,OrganismalFitness,gemme,GEMME,msa,official_zero_shot_paired_complete_case,0.5069207603227747,5.0713733212643275,4.539461648924887,-22.997268315237925,0.1,0.05220883534136546,0.377483865077205,0.38381104075612515,2.1567711780378107,7467
P53_HUMAN_Kotler_2018,P53_HUMAN,Human,OrganismalFitness,gemme,GEMME,msa,official_zero_shot_paired_complete_case,0.5932637353422745,7.152543986479407,6.862858039366222,-35.60819290267781,0.1,0.2857142857142857,2.430066955499862,0.9563334406083986,0.13658686700252623,1048
P84126_THETH_Chan_2017,P84126_THETH,Prokaryote,OrganismalFitness,gemme,GEMME,msa,official_zero_shot_paired_complete_case,0.5220287330402915,5.91609890972914,5.317623349184763,-94.2472143515581,0.1,0.3157894736842105,-0.02208377164473684,0.7296977059776802,0.017354440812570444,1519
PABP_YEAST_Melamed_2013,PABP_YEAST,Eukaryote,OrganismalFitness,gemme,GEMME,msa,official_zero_shot_paired_complete_case,0.6709666997956141,6.17543381977877,5.824664718559461,-286.51913278714375,0.1,0.23529411764705882,0.9643742576974789,0.840491640346561,4.0886889220106095,1187
PAI1_HUMAN_Huttinger_2021,PAI1_HUMAN,Human,Activity,gemme,GEMME,msa,official_zero_shot_paired_complete_case,0.42274736360169585,4.228201545175579,3.7686338650843916,-11.08837601446856,0.1,0.16822429906542055,0.5120971969252337,0.6107851719839467,0.49377198273880557,5345
PA_I34A1_Wu_2015,PA_I34A1,Virus,OrganismalFitness,gemme,GEMME,msa,official_zero_shot_paired_complete_case,0.5838449815257151,6.146767085551848,5.037113176751295,-150.53797163537195,0.1,0.29120879120879123,0.799027068782967,0.7025915815596683,5.522539505428918,1820
PHOT_CHLRE_Chen_2023,PHOT_CHLRE,Eukaryote,Activity,gemme,GEMME,msa,official_zero_shot_paired_complete_case,0.5611802039649794,3.8927778415834227,3.5901410695306297,-120.83691903731983,0.1,0.1784037558685446,1.2589711634268155,0.5635680507807668,0.6246422746103337,2122
PIN1_HUMAN_Tsuboyama_2023_1I6C,PIN1_HUMAN,Human,Stability,gemme,GEMME,msa,official_zero_shot_paired_complete_case,0.6507371696207621,4.087716345034166,2.998951596249768,-25.64792562452623,0.1,0.057971014492753624,-0.06908329616127648,0.8063323736116111,0.6299814784923077,686
PITX2_HUMAN_Tsuboyama_2023_2L7M,PITX2_HUMAN,Human,Stability,gemme,GEMME,msa,official_zero_shot_paired_complete_case,0.528948713578978,3.2210242399110274,2.535710609105619,-9.180340473897028,0.1,0.2127659574468085,0.06623064393610213,0.7875926525883288,0.06353046310255735,938
PKN1_HUMAN_Tsuboyama_2023_1URF,PKN1_HUMAN,Human,Stability,gemme,GEMME,msa,official_zero_shot_paired_complete_case,0.28953841608788483,3.9881362328480665,3.457780371886773,-24.34790005896696,0.1,0.04580152671755725,-0.07286211499061347,0.3060758634871365,0.38294567690083153,1301
POLG_CXB3N_Mattenberger_2021,POLG_CXB3N,Virus,OrganismalFitness,gemme,GEMME,msa,official_zero_shot_paired_complete_case,0.49531349056962803,3.392936241670284,2.819792779304323,-9.24838808806118,0.1,0.39122137404580154,-1.343165457725988,1.1461264695696105,0.0,15711
POLG_DEN26_Suphatrakul_2023,POLG_DEN26,Virus,OrganismalFitness,gemme,GEMME,msa,official_zero_shot_paired_complete_case,0.621948711958109,2.2525820703615618,1.751191149332781,0.26269896818328775,0.1,0.45384615384615384,-1.0757670289280568,1.2386662142040916,0.4915487458618309,16897
POLG_HCVJF_Qi_2014,POLG_HCVJF,Virus,OrganismalFitness,gemme,GEMME,msa,official_zero_shot_paired_complete_case,0.6298577319657819,5.623488817758495,5.060638813319933,-219.00154054218535,0.1,0.38650306748466257,-0.204342196797546,1.3999817851350067,0.3190167924452967,1630
POLG_PESV_Tsuboyama_2023_2MXD,POLG_PESV,Virus,Stability,gemme,GEMME,msa,official_zero_shot_paired_complete_case,0.341369430431517,3.2003733785707316,2.7103953028871333,-7.00291426766217,0.1,0.19,-0.2979747094440014,0.6567599853673843,0.0,995
PPARG_HUMAN_Majithia_2016,PPARG_HUMAN,Human,Activity,gemme,GEMME,msa,official_zero_shot_paired_complete_case,0.7116019782806419,3.9666223111144547,3.503724604810652,-1.47258816589301,0.1,0.26931106471816285,1.778552192066806,0.9068710180074836,0.0,9576
PPM1D_HUMAN_Miller_2022,PPM1D_HUMAN,Human,OrganismalFitness,gemme,GEMME,msa,official_zero_shot_paired_complete_case,0.6011652971002394,4.568133314015112,3.9955888968544095,-236.7537905309065,0.1,0.17997465145754118,0.18117787959442333,0.6333595005027346,1.2488971635456978,7889
PR40A_HUMAN_Tsuboyama_2023_1UZC,PR40A_HUMAN,Human,Stability,gemme,GEMME,msa,official_zero_shot_paired_complete_case,0.5982776787271384,3.363595349196443,2.7693601911299783,-15.132984484974404,0.1,0.26495726495726496,0.10332037127740136,0.7496036858795236,0.3094833946926396,1163
PRKN_HUMAN_Clausen_2023,PRKN_HUMAN,Human,Expression,gemme,GEMME,msa,official_zero_shot_paired_complete_case,0.6219613171764028,4.8431870335435905,4.442573532464217,-149.91192016749778,0.1,0.1860730593607306,0.9933644509267744,0.760711898241434,0.01434372319662936,8756
PSAE_PICP2_Tsuboyama_2023_1PSE,PSAE_PICP2,Prokaryote,Stability,gemme,GEMME,msa,official_zero_shot_paired_complete_case,0.3241579693404293,4.633232250035495,4.136443831932564,-47.32287808853413,0.1,0.09836065573770492,-0.05892277386056536,0.3696329974715987,1.7810319900305818,1219
PTEN_HUMAN_Matreyek_2021,PTEN_HUMAN,Human,Expression,gemme,GEMME,msa,official_zero_shot_paired_complete_case,0.4791287109690868,4.389081871202086,3.932763613621932,-197.68721583584565,0.1,0.2082514734774067,0.9250972738927132,0.6687748676497595,0.03884367034038336,5083
PTEN_HUMAN_Mighell_2018,PTEN_HUMAN,Human,Activity,gemme,GEMME,msa,official_zero_shot_paired_complete_case,0.5250197202883521,2.767507379624357,2.31981821214578,-2.794442125027605,0.1,0.15289256198347106,-0.19667598745316797,0.5095873090119754,0.17449280257440733,7260
Q2N0S5_9HIV1_Haddox_2018,Q2N0S5_9HIV1,Virus,OrganismalFitness,gemme,GEMME,msa,official_zero_shot_paired_complete_case,0.5073722472816757,4.685769335745847,3.642719435355071,-3.436202366726735,0.1,0.2317360565593087,-0.40360215213275724,0.9196721496692097,0.02637811826089521,12729
Q53Z42_HUMAN_McShan_2019_binding-TAPBPR,Q53Z42_HUMAN,Human,Binding,gemme,GEMME,msa,official_zero_shot_paired_complete_case,0.30259566582893344,3.2308547422415055,2.763918625857121,-8.139085084496482,0.1,0.10746268656716418,0.489,0.3602831114358365,1.539216923790073,3344
Q53Z42_HUMAN_McShan_2019_expression,Q53Z42_HUMAN,Human,Expression,gemme,GEMME,msa,official_zero_shot_paired_complete_case,0.532643633108493,2.442431344937724,2.0050440765161426,-0.7420487763327246,0.1,0.18208955223880596,0.3076417910447762,0.7165959433765036,0.7835663783573269,3344
Q59976_STRSQ_Romero_2015,Q59976_STRSQ,Prokaryote,Activity,gemme,GEMME,msa,official_zero_shot_paired_complete_case,0.6844823224993037,2.369548876327389,1.7114809101698965,-6.210263935127359,0.1,0.27666666666666667,-0.26298333333333335,0.7711014878792083,1.3813814369533737,2999
Q6WV12_9MAXI_Somermeyer_2022,Q6WV12_9MAXI,Eukaryote,Activity,gemme,GEMME,msa,official_zero_shot_paired_complete_case,0.41298282783936,15191.24488307812,14513.378361919345,-10.45856211840127,0.1,0.10434782608695652,16345.015852648574,0.408737976860918,0.9742575196354331,1141
Q837P4_ENTFA_Meier_2023,Q837P4_ENTFA,Prokaryote,Activity,gemme,GEMME,msa,official_zero_shot_paired_complete_case,0.5242531520348153,3.3016122521724394,2.8300572998723763,-5.805314118913337,0.1,0.2714285714285714,-0.3313544723833333,0.6698347629335148,0.0,697
Q837P5_ENTFA_Meier_2023,Q837P5_ENTFA,Prokaryote,Activity,gemme,GEMME,msa,official_zero_shot_paired_complete_case,0.3356060476512004,3.65493030902369,3.072770942417117,-7.3390840502051145,0.1,0.2,-0.5633062545822223,0.6285085729230093,0.09813268509868416,747
Q8WTC7_9CNID_Somermeyer_2022,Q8WTC7_9CNID,Eukaryote,Activity,gemme,GEMME,msa,official_zero_shot_paired_complete_case,0.36367137960737334,8177.366179711946,7592.163735888175,-6.243704724074803,0.1,0.19008264462809918,8886.660094610927,0.4269895145996884,0.45863795748553887,1201
R1AB_SARS2_Flynn_2022,R1AB_SARS2,Virus,OrganismalFitness,gemme,GEMME,msa,official_zero_shot_paired_complete_case,0.5581977783009213,9.211008856150762,8.745295046308495,-486.25128636802765,0.1,0.14659685863874344,0.9428356936171235,0.7222711550137974,0.024502643630386473,5725
RAD_ANTMA_Tsuboyama_2023_2CJJ,RAD_ANTMA,Eukaryote,Stability,gemme,GEMME,msa,official_zero_shot_paired_complete_case,0.4182475679824075,2.6844209162495503,1.9957543186039117,-13.895853556803818,0.1,0.19230769230769232,0.1594687172465696,0.7030005413490197,0.7212282266390448,774
RASH_HUMAN_Bandaru_2017,RASH_HUMAN,Human,Activity,gemme,GEMME,msa,official_zero_shot_paired_complete_case,0.4339824157360484,4.275053819901135,3.7232300867615264,-197.34656943078673,0.1,0.10828025477707007,0.03517933622292994,0.5282357560922416,4.366995507178132,3134
RASK_HUMAN_Weng_2022_abundance,RASK_HUMAN,Human,Expression,gemme,GEMME,msa,official_zero_shot_paired_complete_case,0.2011300326482966,4.2009533695025665,3.5092947272459996,-130.5922511089666,0.1,0.1465798045602606,-0.23373495167718528,0.2675742925457035,0.0,3066
RASK_HUMAN_Weng_2022_binding-DARPin_K55,RASK_HUMAN,Human,Binding,gemme,GEMME,msa,official_zero_shot_paired_complete_case,0.4918873315484974,4.2249568292536965,3.583657079609379,-148.79330457514507,0.1,0.22006472491909385,-0.03595859655033839,0.5837477266372476,0.0,3084
RBP1_HUMAN_Tsuboyama_2023_2KWH,RBP1_HUMAN,Human,Stability,gemme,GEMME,msa,official_zero_shot_paired_complete_case,0.3855688955558658,4.00614609575404,3.709715711353272,-29.6936599759569,0.1,0.12244897959183673,0.06321531471284889,0.5247981004204073,1.5575439275196783,975
RCD1_ARATH_Tsuboyama_2023_5OAO,RCD1_ARATH,Eukaryote,Stability,gemme,GEMME,msa,official_zero_shot_paired_complete_case,0.32480833854405056,2.5170324327694544,2.072381211723998,-14.56076530004677,0.1,0.06060606060606061,-0.00885508359804147,0.44235735355331635,0.7222164107744694,988
RCRO_LAMBD_Tsuboyama_2023_1ORC,RCRO_LAMBD,Virus,Stability,gemme,GEMME,msa,official_zero_shot_paired_complete_case,0.4207661714828413,3.8554976144666417,3.278314739717206,-7.923809390129099,0.1,0.15833333333333333,-0.19802293334398027,0.6651181867671241,0.2152485057248777,1195
RD23A_HUMAN_Tsuboyama_2023_1IFY,RD23A_HUMAN,Human,Stability,gemme,GEMME,msa,official_zero_shot_paired_complete_case,0.5308949358598203,4.023786850671337,3.293071719785063,-13.249735772309217,0.1,0.1625,-0.11419555322321968,0.768482593794232,0.46386022482034545,798
RDRP_I33A0_Li_2023,RDRP_I33A0,Virus,OrganismalFitness,gemme,GEMME,msa,official_zero_shot_paired_complete_case,0.520093963397636,6.420703680124404,5.906916129504055,-99.31920876532384,0.1,0.4163197335553705,-0.6046230564949561,1.2414975905893961,0.1520266392930751,12003
REV_HV1H2_Fernandes_2016,REV_HV1H2,Virus,OrganismalFitness,gemme,GEMME,msa,official_zero_shot_paired_complete_case,0.28192888914933817,5.532950713709198,4.727948229120376,-643.7500173113792,0.1,0.13488372093023257,-0.04044309268154947,0.3685194580823056,1.284588293229033,2147
RFAH_ECOLI_Tsuboyama_2023_2LCL,RFAH_ECOLI,Prokaryote,Stability,gemme,GEMME,msa,official_zero_shot_paired_complete_case,0.2394562096220809,5.107629424483432,4.394231048943164,-57.15092707904672,0.1,0.020618556701030927,-0.15814650162691976,0.1716063080143669,2.270404250651021,969
RL20_AQUAE_Tsuboyama_2023_1GYZ,RL20_AQUAE,Prokaryote,Stability,gemme,GEMME,msa,official_zero_shot_paired_complete_case,0.29269013757251444,2.3671447739264218,1.9188880929271466,-9.64719023602915,0.1,0.05309734513274336,-0.3236911455686235,0.09677674738690488,0.4278798528584424,1121
RL40A_YEAST_Mavor_2016,RL40A_YEAST,Eukaryote,OrganismalFitness,gemme,GEMME,msa,official_zero_shot_paired_complete_case,0.3192434371004234,3.1740766584706326,2.7283860483733506,-281.7973245481389,0.1,0.15873015873015872,-0.03172751961111111,0.6272829827104353,0.8288498998470396,1253
RL40A_YEAST_Roscoe_2013,RL40A_YEAST,Eukaryote,OrganismalFitness,gemme,GEMME,msa,official_zero_shot_paired_complete_case,0.3913388506358848,2.7997524096026303,2.4000586558534156,-64.67508433026161,0.1,0.24166666666666667,-0.04171949646104558,0.6453851516908614,0.016614722868483135,1195
RL40A_YEAST_Roscoe_2014,RL40A_YEAST,Eukaryote,Activity,gemme,GEMME,msa,official_zero_shot_paired_complete_case,0.35854408149616984,3.9023349467896447,3.5764209090197787,-78.86446799310119,0.1,0.13768115942028986,0.9773057416594205,0.5902492567378079,0.48760211962545985,1380
RNC_ECOLI_Weeks_2023,RNC_ECOLI,Prokaryote,Activity,gemme,GEMME,msa,official_zero_shot_paired_complete_case,0.5939715667182797,4.043996272010984,3.312453588261218,-40.74575081785522,0.1,0.1425233644859813,-0.10629633453738319,0.4308443737154861,0.30144460634067227,4277
RPC1_BP434_Tsuboyama_2023_1R69,RPC1_BP434,Virus,Stability,gemme,GEMME,msa,official_zero_shot_paired_complete_case,0.6709410146476305,3.43508796590144,3.020371497419514,-6.80413345227014,0.1,0.20353982300884957,-0.09423702346074458,0.8416855877098498,0.23758879528816856,1124
RS15_GEOSE_Tsuboyama_2023_1A32,RS15_GEOSE,Prokaryote,Stability,gemme,GEMME,msa,official_zero_shot_paired_complete_case,0.3746210778833159,4.249552145011705,3.33338539019922,-40.81540100906517,0.1,0.05,0.05840548615431919,0.5518825461453104,0.9797406758429893,1195
S22A1_HUMAN_Yee_2023_abundance,S22A1_HUMAN,Human,Expression,gemme,GEMME,msa,official_zero_shot_paired_complete_case,0.5824272361301556,3.057854392971708,2.6790544354981227,-4.091662086811636,0.1,0.25382262996941896,0.22948324053312946,0.7844217287984114,0.43192639333178046,9803
S22A1_HUMAN_Yee_2023_activity,S22A1_HUMAN,Human,Activity,gemme,GEMME,msa,official_zero_shot_paired_complete_case,0.5780041326219025,3.6088628667181184,3.2752596920639596,-15.185278408869046,0.1,0.18217821782178217,0.33851499326732676,0.7113669365809656,0.31385070810419924,10094
SAV1_MOUSE_Tsuboyama_2023_2YSB,SAV1_MOUSE,Eukaryote,Stability,gemme,GEMME,msa,official_zero_shot_paired_complete_case,0.5999602559988486,3.401785940802485,2.5099171029394127,-15.052371299217569,0.1,0.029411764705882353,-0.06053644022755316,0.7066831073830083,1.9286631952708535,679
SBI_STAAM_Tsuboyama_2023_2JVG,SBI_STAAM,Prokaryote,Stability,gemme,GEMME,msa,official_zero_shot_paired_complete_case,0.549494993282971,3.199497431713853,2.739715651662895,-21.085310049709374,0.1,0.1650485436893204,-0.15759813515332896,0.6652563055143345,0.2650883342030191,1025
SC6A4_HUMAN_Young_2021,SC6A4_HUMAN,Human,Activity,gemme,GEMME,msa,official_zero_shot_paired_complete_case,0.5414534736909047,3.5848329934812404,3.029970283789626,-6.341026458432454,0.1,0.22625215889464595,0.45077548769240067,0.7087394247566245,0.5851001735903227,11576
SCIN_STAAR_Tsuboyama_2023_2QFF,SCIN_STAAR,Prokaryote,Stability,gemme,GEMME,msa,official_zero_shot_paired_complete_case,0.22930905753608716,4.289523590981514,3.9220863849730385,-22.90373469438664,0.1,0.13114754098360656,-0.1851640498376803,0.4518891250029107,1.6510279898085136,1212
SDA_BACSU_Tsuboyama_2023_1PV0,SDA_BACSU,Prokaryote,Stability,gemme,GEMME,msa,official_zero_shot_paired_complete_case,0.6408386398565188,2.8563254632644712,2.3263362672815764,-7.511163935352002,0.1,0.16666666666666666,-0.038156529505051565,0.661931893319975,0.7259915560434099,834
SERC_HUMAN_Xie_2023,SERC_HUMAN,Human,OrganismalFitness,gemme,GEMME,msa,official_zero_shot_paired_complete_case,0.5056018411907012,4.088078022203722,3.5753194617292396,-184.0270718844399,0.1,0.15104166666666666,0.9752370946391847,0.5242084308004401,0.2404892251173515,1914
SHOC2_HUMAN_Kwon_2022,SHOC2_HUMAN,Human,OrganismalFitness,gemme,GEMME,msa,official_zero_shot_paired_complete_case,0.40656257672017315,3.2515655665941985,2.741413504197118,-25.482282947008617,0.1,0.1429872495446266,-0.06499186821676943,0.4693323746534803,4.624621658958171,10972
SOX30_HUMAN_Tsuboyama_2023_7JJK,SOX30_HUMAN,Human,Stability,gemme,GEMME,msa,official_zero_shot_paired_complete_case,0.23127466447087602,4.08885665011712,3.438599386005826,-20.979105837583106,0.1,0.09900990099009901,-0.07290698043771562,0.5152000181823571,0.747808175375334,1010
SPA_STAAU_Tsuboyama_2023_1LP1,SPA_STAAU,Prokaryote,Stability,gemme,GEMME,msa,official_zero_shot_paired_complete_case,0.40587328667653716,3.3922798890812045,2.777612352676501,-18.666492624437687,0.1,0.009615384615384616,-0.3538216489176676,0.1518507367451766,1.2494344718771908,1035
SPG1_STRSG_Olson_2014,SPG1_STRSG,Prokaryote,Binding,gemme,GEMME,msa,official_zero_shot_paired_complete_case,0.3328777226806028,3.24420460516576,2.9352397723389045,-2.070959370132436,0.1,0.2,0.22749726168525428,0.4774483261096765,0.3434250804400352,1045
SPG2_STRSG_Tsuboyama_2023_5UBS,SPG2_STRSG,Prokaryote,Stability,gemme,GEMME,msa,official_zero_shot_paired_complete_case,0.34828987066064687,4.202822341691196,3.797267136894044,-14.085121785254469,0.1,0.10679611650485436,-0.1103001724893129,0.5718001800052714,0.4030832309007747,1029
SPIKE_SARS2_Starr_2020_binding,SPIKE_SARS2,Virus,Binding,gemme,GEMME,msa,official_zero_shot_paired_complete_case,0.24711739516546344,6.167407341997908,5.683286563343957,-18.12471471372495,0.1,0.2230971128608924,-0.2762729658792651,0.5085602618537639,0.0,3802
SPIKE_SARS2_Starr_2020_expression,SPIKE_SARS2,Virus,Expression,gemme,GEMME,msa,official_zero_shot_paired_complete_case,0.35939636094292915,6.039173191543379,5.657685083523182,-33.46248717146274,0.1,0.23684210526315788,-0.266078947368421,0.7877759696300851,0.24301653982672028,3798
SPTN1_CHICK_Tsuboyama_2023_1TUD,SPTN1_CHICK,Eukaryote,Stability,gemme,GEMME,msa,official_zero_shot_paired_complete_case,0.5206400924933838,4.056598107117072,3.65302217285652,-7.729786423496822,0.1,0.1792452830188679,-0.6192707871560389,0.5381066347808418,0.22154178069184316,1051
SQSTM_MOUSE_Tsuboyama_2023_2RRU,SQSTM_MOUSE,Eukaryote,Stability,gemme,GEMME,msa,official_zero_shot_paired_complete_case,0.6234359793638841,4.126724512243551,3.4683683646082892,-24.83999489349805,0.1,0.2676056338028169,-0.22103314116949263,0.8575944256289489,0.5797169954884516,707
SR43C_ARATH_Tsuboyama_2023_2N88,SR43C_ARATH,Eukaryote,Stability,gemme,GEMME,msa,official_zero_shot_paired_complete_case,0.48616906449515096,3.731264113175247,3.3156701524791123,-10.917926869726651,0.1,0.12359550561797752,-0.43521964261772034,0.5049613763987544,0.03808890654455654,889
SRBS1_HUMAN_Tsuboyama_2023_2O2W,SRBS1_HUMAN,Human,Stability,gemme,GEMME,msa,official_zero_shot_paired_complete_case,0.5527149342798393,3.1417983687475015,2.514516557566092,-5.6951342578909,0.1,0.20491803278688525,-0.09601320163036511,0.7655880824237087,0.23784195555550816,1211
SRC_HUMAN_Ahler_2019,SRC_HUMAN,Human,Activity,gemme,GEMME,msa,official_zero_shot_paired_complete_case,0.5418969784548455,5.100023241716834,4.419463704617926,-26.371778823845858,0.1,0.11538461538461539,0.11883813794674557,0.5532836472917863,1.0812277526259402,3372
SRC_HUMAN_Chakraborty_2023_binding-DAS_25uM,SRC_HUMAN,Human,Activity,gemme,GEMME,msa,official_zero_shot_paired_complete_case,0.4562167424228616,5.903774235931811,5.205954614275875,-74.6098525357917,0.1,0.12362637362637363,0.3090769742335165,0.3978892834613075,0.0,3637
SRC_HUMAN_Nguyen_2022,SRC_HUMAN,Human,OrganismalFitness,gemme,GEMME,msa,official_zero_shot_paired_complete_case,0.45287870698163196,5.442287358163549,4.706976007844731,-90.97522569372681,0.1,0.10682492581602374,-0.20719766953576352,0.44891458032495957,2.042738453976648,3366
SUMO1_HUMAN_Weile_2017,SUMO1_HUMAN,Human,OrganismalFitness,gemme,GEMME,msa,official_zero_shot_paired_complete_case,0.43772474457595717,2.1820954924373543,1.5618304202558504,-34.93850160380904,0.1,0.07647058823529412,0.5407325636,0.31456178978541793,1.7808800396931668,1700
SYUA_HUMAN_Newberry_2020,SYUA_HUMAN,Human,OrganismalFitness,gemme,GEMME,msa,official_zero_shot_paired_complete_case,0.22741897428407798,3.2298702969539264,2.8378733800711746,-488.39781859935863,0.1,0.06,-0.021750244612415027,0.3440524406357881,0.2346634795911397,2497
TADBP_HUMAN_Bolognesi_2019,TADBP_HUMAN,Human,OrganismalFitness,gemme,GEMME,msa,official_zero_shot_paired_complete_case,0.0357626972037991,1.9244627009174566,1.6440825552540081,-398.22511282248416,0.1,0.008333333333333333,0.008650972240421809,0.048873224526762814,2.2289168963129615,1196
TAT_HV1BR_Fernandes_2016,TAT_HV1BR,Virus,OrganismalFitness,gemme,GEMME,msa,official_zero_shot_paired_complete_case,0.3684673767472106,5.479172573821135,4.701158279846078,-769.4204659024024,0.1,0.15822784810126583,-0.012228241223892164,0.5276570828591981,1.7535836771561457,1577
TCRG1_MOUSE_Tsuboyama_2023_1E0L,TCRG1_MOUSE,Eukaryote,Stability,gemme,GEMME,msa,official_zero_shot_paired_complete_case,0.6239541448678334,4.332486734373279,3.650122891586756,-26.803557997595778,0.1,0.19047619047619047,-0.2235803047346121,0.7804644436588364,0.7180798227355444,621
THO1_YEAST_Tsuboyama_2023_2WQG,THO1_YEAST,Eukaryote,Stability,gemme,GEMME,msa,official_zero_shot_paired_complete_case,0.45946675497671297,3.288626148147383,2.698346285845431,-13.85646546437516,0.1,0.15151515151515152,0.026948012407909484,0.7439349016099641,0.025704834881280888,656
TNKS2_HUMAN_Tsuboyama_2023_5JRT,TNKS2_HUMAN,Human,Stability,gemme,GEMME,msa,official_zero_shot_paired_complete_case,0.6015280446433424,4.138691232148489,3.6407167724105616,-17.539463852021044,0.1,0.13392857142857142,-0.3027533124295167,0.7042661620479764,0.28153159999472027,1118
TPK1_HUMAN_Weile_2017,TPK1_HUMAN,Human,OrganismalFitness,gemme,GEMME,msa,official_zero_shot_paired_complete_case,0.25511894731165274,4.234475905464561,3.6554686380521444,-62.206022666997804,0.1,0.15047021943573669,0.704869811956113,0.5355181458842087,1.0520397509046095,3181
TPMT_HUMAN_Matreyek_2018,TPMT_HUMAN,Human,Expression,gemme,GEMME,msa,official_zero_shot_paired_complete_case,0.5466247114030401,4.7329876828623085,4.334456688091795,-176.50314886640982,0.1,0.21643835616438356,0.9811051837835616,0.6229660901017237,0.9404486418496815,3648
TPOR_HUMAN_Bridgford_2020,TPOR_HUMAN,Human,OrganismalFitness,gemme,GEMME,msa,official_zero_shot_paired_complete_case,0.45016392780757103,3.2299263020282902,2.9941684523461825,-67.69347377781968,0.1,0.17543859649122806,-0.12821775832755702,0.5709142910359575,0.41454903433396834,562
TRPC_SACS2_Chan_2017,TRPC_SACS2,Prokaryote,OrganismalFitness,gemme,GEMME,msa,official_zero_shot_paired_complete_case,0.5285222942275202,5.866651891129311,5.329472243995957,-91.57133911062682,0.1,0.5131578947368421,0.23868490313157895,1.290943251235333,0.5427776354458935,1519
TRPC_THEMA_Chan_2017,TRPC_THEMA,Prokaryote,OrganismalFitness,gemme,GEMME,msa,official_zero_shot_paired_complete_case,0.3896157943981653,6.069982590346022,5.528404205770555,-99.07796431475951,0.1,0.2236842105263158,-0.28460814104605264,0.6648355384383196,0.8271724400148858,1519
UBC9_HUMAN_Weile_2017,UBC9_HUMAN,Human,OrganismalFitness,gemme,GEMME,msa,official_zero_shot_paired_complete_case,0.48398659159241825,4.729057891484866,4.249763285410481,-88.92968489416356,0.1,0.14396887159533073,0.6986915617431906,0.5053179715701729,4.896918910033254,2563
UBE4B_HUMAN_Tsuboyama_2023_3L1X,UBE4B_HUMAN,Human,Stability,gemme,GEMME,msa,official_zero_shot_paired_complete_case,0.5080390829612024,3.2772213762295745,2.6725193665368057,-8.050710241062546,0.1,0.1875,-0.318110029334805,0.7302724329805724,0.4672293911810499,1118
UBE4B_MOUSE_Starita_2013,UBE4B_MOUSE,Eukaryote,Activity,gemme,GEMME,msa,official_zero_shot_paired_complete_case,0.43316710665969305,3.5072237786241653,2.9555983786535704,-8.698574356546608,0.1,0.1111111111111111,-0.16277850694444446,0.3500550521893068,3.5528468638418005,899
UBR5_HUMAN_Tsuboyama_2023_1I2T,UBR5_HUMAN,Human,Stability,gemme,GEMME,msa,official_zero_shot_paired_complete_case,0.4428423706853038,4.426512423833946,3.9246037316312172,-24.03597571876311,0.1,0.07272727272727272,0.022974182415813508,0.6008829153359355,0.3073504340096791,1094
VG08_BPP22_Tsuboyama_2023_2GP8,VG08_BPP22,Virus,Stability,gemme,GEMME,msa,official_zero_shot_paired_complete_case,0.4871793659467848,4.210140711768867,3.563631802931034,-59.63945491020214,0.1,0.2054794520547945,-0.03498888124052077,0.5714302619468034,2.5292705155089883,723
VILI_CHICK_Tsuboyama_2023_1YU5,VILI_CHICK,Eukaryote,Stability,gemme,GEMME,msa,official_zero_shot_paired_complete_case,0.569015210255011,3.9735665232271242,3.3644565986826698,-19.88833184713422,0.1,0.23140495867768596,-0.050541698168395,0.8214188717877301,0.4036647077136728,1202
VKOR1_HUMAN_Chiasson_2020_abundance,VKOR1_HUMAN,Human,Expression,gemme,GEMME,msa,official_zero_shot_paired_complete_case,0.4808030515328302,4.562465331304607,4.214428619600646,-165.52682824032667,0.1,0.2037037037037037,0.9197695590523279,0.6938094101676242,0.06544357912576308,2695
VKOR1_HUMAN_Chiasson_2020_activity,VKOR1_HUMAN,Human,Activity,gemme,GEMME,msa,official_zero_shot_paired_complete_case,0.4212128585098044,4.800817775777761,4.437847971925575,-106.90246020940707,0.1,0.17142857142857143,0.9150381334150325,0.4274491726738481,0.0,697
VRPI_BPT7_Tsuboyama_2023_2WNM,VRPI_BPT7,Virus,Stability,gemme,GEMME,msa,official_zero_shot_paired_complete_case,0.08373235052903721,3.7617217019517923,3.3956030340605046,-14.899576392921029,0.1,0.12380952380952381,-0.3206243497463964,0.3927017543547015,0.3403820006514202,1047
YAIA_ECOLI_Tsuboyama_2023_2KVT,YAIA_ECOLI,Prokaryote,Stability,gemme,GEMME,msa,official_zero_shot_paired_complete_case,0.31510144743751783,2.542787482422257,2.0634729913025067,-3.1765525816463382,0.1,0.25806451612903225,-0.3615235014554585,0.6435256728704245,0.024166451168948725,928
YNZC_BACSU_Tsuboyama_2023_2JVD,YNZC_BACSU,Prokaryote,Stability,gemme,GEMME,msa,official_zero_shot_paired_complete_case,0.3795360522256057,3.892062440402241,3.1205664916117746,-21.15929730843928,0.1,0.08333333333333333,-0.1922373569805691,0.5291763565418812,1.155837142432507,714
A0A140D2T1_ZIKV_Sourisseau_2019,A0A140D2T1_ZIKV,Virus,OrganismalFitness,progen3_3b,Progen3_3b,single_sequence,official_zero_shot_paired_complete_case,0.3375445756246062,0.7099500750860529,0.5467413725836143,-1.4464453472906622,0.1,0.27348643006263046,0.4063917902111454,0.5014795231889526,0.0,9576
A0A192B1T2_9HIV1_Haddox_2018,A0A192B1T2_9HIV1,Virus,OrganismalFitness,progen3_3b,Progen3_3b,single_sequence,official_zero_shot_paired_complete_case,0.498606546021549,2.963590819063429,2.381474625069651,-0.9713915840733136,0.1,0.28855325914149443,-0.5753986674014309,0.9616713431909417,0.18793883825665006,12577
A0A1I9GEU1_NEIME_Kennouche_2019,A0A1I9GEU1_NEIME,Prokaryote,Activity,progen3_3b,Progen3_3b,single_sequence,official_zero_shot_paired_complete_case,0.09355046852116516,1.7510961529256006,1.416121548915401,-0.29340431531946476,0.1,0.08602150537634409,0.16449462365591402,0.10497772346638118,1.9600917210854134,922
A0A247D711_LISMN_Stadelmann_2021,A0A247D711_LISMN,Prokaryote,Activity,progen3_3b,Progen3_3b,single_sequence,official_zero_shot_paired_complete_case,0.10656227316488627,2.489266598526326,2.3403340356468494,-2.66193177196742,0.1,0.12048192771084337,-0.44868322487885226,0.029807072735470258,0.08293032427391153,1653
A0A2Z5U3Z0_9INFA_Doud_2016,A0A2Z5U3Z0_9INFA,Virus,OrganismalFitness,progen3_3b,Progen3_3b,single_sequence,official_zero_shot_paired_complete_case,0.5273627122854707,1.995580404588161,1.6941595409839476,-1.543492341612664,0.1,0.31343283582089554,-0.843423330523321,0.9787235471563848,0.0,10715
A0A2Z5U3Z0_9INFA_Wu_2014,A0A2Z5U3Z0_9INFA,Virus,OrganismalFitness,progen3_3b,Progen3_3b,single_sequence,official_zero_shot_paired_complete_case,0.48181105550084685,1.333384475985096,0.8989127222251064,-0.8218258597915811,0.1,0.2553191489361702,0.8632963377361702,0.4702727418450969,6.775873189531062,2350
A4D664_9INFA_Soh_2019,A4D664_9INFA,Virus,OrganismalFitness,progen3_3b,Progen3_3b,single_sequence,official_zero_shot_paired_complete_case,0.38034108199771466,0.6160713942876063,0.4408128947041351,-1.025459548546582,0.1,0.20512820512820512,0.6003045385162322,0.5281742922449826,21.039226378118737,14421
A4GRB6_PSEAI_Chen_2020,A4GRB6_PSEAI,Prokaryote,OrganismalFitness,progen3_3b,Progen3_3b,single_sequence,official_zero_shot_paired_complete_case,0.6319997539165668,2.1247497346130295,1.8344425708299559,-0.02808819732780332,0.1,0.2634730538922156,0.015036497988976886,0.927659994699722,0.133787805840267,5004
A4_HUMAN_Seuma_2022,A4_HUMAN,Human,Stability,progen3_3b,Progen3_3b,single_sequence,official_zero_shot_paired_complete_case,0.3820944155267963,1.9880615735476417,1.7382669846430767,-0.44900890434829543,0.1,0.0375,-0.6319146155246275,0.2492614390682881,0.9754107587236617,796
AACC1_PSEAI_Dandage_2018,AACC1_PSEAI,Prokaryote,OrganismalFitness,progen3_3b,Progen3_3b,single_sequence,official_zero_shot_paired_complete_case,0.4640258702004298,3.0477309498770224,2.6142021511110274,-1.6805052435294803,0.1,0.2154696132596685,1.5796730753380661,0.3774607353865263,0.5046104633080731,1801
ACE2_HUMAN_Chan_2020,ACE2_HUMAN,Human,Binding,progen3_3b,Progen3_3b,single_sequence,official_zero_shot_paired_complete_case,0.23868530628551082,1.3903888888570963,1.1340951119010347,-0.5221182416290431,0.1,0.21973094170403587,0.10929369456950674,0.45718999001319305,0.0,2223
ADRB2_HUMAN_Jones_2020,ADRB2_HUMAN,Human,Activity,progen3_3b,Progen3_3b,single_sequence,official_zero_shot_paired_complete_case,0.5218031925209556,3.10530540791052,3.0205627702835995,-16.653044190152244,0.1,0.16666666666666666,2.2850797856419174,0.4651309494155897,1.024138276795975,7800
AMFR_HUMAN_Tsuboyama_2023_4G3O,AMFR_HUMAN,Human,Stability,progen3_3b,Progen3_3b,single_sequence,official_zero_shot_paired_complete_case,0.23425404229312694,2.5146374246514407,2.3232779640439,-5.622649844547477,0.1,0.18292682926829268,-0.2578343544784361,0.47046340527030595,0.21589333003889832,820
AMIE_PSEAE_Wrenbeck_2017,AMIE_PSEAE,Prokaryote,Activity,progen3_3b,Progen3_3b,single_sequence,official_zero_shot_paired_complete_case,0.4221366183737419,0.38546846247868083,0.3216677232824795,-0.01093018873705831,0.1,0.11075441412520064,-0.01338394863563403,0.7516366977254595,0.8951978088352177,6227
ANCSZ_Hobbs_2022,ANCSZ,Eukaryote,Activity,progen3_3b,Progen3_3b,single_sequence,official_zero_shot_paired_complete_case,0.48119299574345376,0.9616557227319302,0.9448692420119151,-25.539213617089565,0.1,0.10920770877944326,-0.017694914283505267,0.49403663032957307,4.659545765936323,4670
ARGR_ECOLI_Tsuboyama_2023_1AOY,ARGR_ECOLI,Prokaryote,Stability,progen3_3b,Progen3_3b,single_sequence,official_zero_shot_paired_complete_case,0.3084414571161478,1.4025456695749015,1.2723739898517352,-0.6299231369117266,0.1,0.10852713178294573,-0.4813733537368223,0.3596844114441945,0.8424613721669713,1287
BBC1_YEAST_Tsuboyama_2023_1TG0,BBC1_YEAST,Eukaryote,Stability,progen3_3b,Progen3_3b,single_sequence,official_zero_shot_paired_complete_case,0.42011449637596726,2.1085122567748296,1.82731500915311,-2.288255273207173,0.1,0.1834862385321101,-0.2454827924592775,0.5411953487777804,0.24430625780857304,1084
BCHB_CHLTE_Tsuboyama_2023_2KRU,BCHB_CHLTE,Prokaryote,Stability,progen3_3b,Progen3_3b,single_sequence,official_zero_shot_paired_complete_case,0.38686683736743854,1.8720852732114928,1.7080508231265914,-1.3816965342534173,0.1,0.2247191011235955,-0.06927714112257943,0.6368618180897708,0.06139297242909117,890
BLAT_ECOLX_Deng_2012,BLAT_ECOLX,Prokaryote,OrganismalFitness,progen3_3b,Progen3_3b,single_sequence,official_zero_shot_paired_complete_case,0.4102093572023171,3.0267873401299283,2.657125005365092,-2.927953894157857,0.1,0.24,-1.584502300356,0.7433265070417622,0.460190194128769,4996
BLAT_ECOLX_Firnberg_2014,BLAT_ECOLX,Prokaryote,OrganismalFitness,progen3_3b,Progen3_3b,single_sequence,official_zero_shot_paired_complete_case,0.48994305143702266,0.7545877787521371,0.6118192252412712,-1.8260588687681762,0.1,0.21920668058455114,0.8560659707724426,0.7717555767121815,2.8941658704385675,4783
BLAT_ECOLX_Jacquier_2013,BLAT_ECOLX,Prokaryote,OrganismalFitness,progen3_3b,Progen3_3b,single_sequence,official_zero_shot_paired_complete_case,0.5319041542774953,2.436432497246832,1.579102668528817,-0.5586199505068785,0.1,0.30303030303030304,-0.23222669247474748,0.6793828306889589,0.0,989
BLAT_ECOLX_Stiffler_2015,BLAT_ECOLX,Prokaryote,OrganismalFitness,progen3_3b,Progen3_3b,single_sequence,official_zero_shot_paired_complete_case,0.49900540539022537,1.6237457888496243,1.197188312958967,-0.988298938251573,0.1,0.222,-0.367749272876,0.7710028655516654,0.10672072708380417,4996
BRCA1_HUMAN_Findlay_2018,BRCA1_HUMAN,Human,OrganismalFitness,progen3_3b,Progen3_3b,single_sequence,official_zero_shot_paired_complete_case,0.3721593836806582,1.0166311568323045,0.9269138951377245,-0.2923335440364663,0.1,0.1358695652173913,-0.19361284739673912,0.45698685988472915,0.8043105028381314,1837
C6KNH7_9INFA_Lee_2018,C6KNH7_9INFA,Virus,OrganismalFitness,progen3_3b,Progen3_3b,single_sequence,official_zero_shot_paired_complete_case,0.39046971392671587,1.703711159812057,1.4616900495629157,-1.871327337000039,0.1,0.23605947955390336,-0.8542381266836382,0.711034556764234,0.5963304741050363,10754
CALM1_HUMAN_Weile_2017,CALM1_HUMAN,Human,OrganismalFitness,progen3_3b,Progen3_3b,single_sequence,official_zero_shot_paired_complete_case,0.2762460969976599,1.0427868213253493,0.9813672817688913,-7.165491914386974,0.1,0.04395604395604396,0.903561148434066,0.44274024335018486,0.2830040196237928,1813
CAPSD_AAV2S_Sinai_2021,CAPSD_AAV2S,Virus,OrganismalFitness,progen3_3b,Progen3_3b,single_sequence,official_zero_shot_paired_complete_case,0.16851200327209204,2.8850420858108223,2.4278968087436397,-0.7860447820894836,0.1,0.2222222222222222,-0.11628568653933558,0.3388995975024602,0.0,532
CAR11_HUMAN_Meitlis_2020_gof,CAR11_HUMAN,Human,OrganismalFitness,progen3_3b,Progen3_3b,single_sequence,official_zero_shot_paired_complete_case,0.2286907574022197,0.6963648044491444,0.47390991832001544,-0.21966053214352788,0.1,0.07142857142857142,-0.1950683770070028,0.24150860454748255,5.361141842800602,2374
CAR11_HUMAN_Meitlis_2020_lof,CAR11_HUMAN,Human,OrganismalFitness,progen3_3b,Progen3_3b,single_sequence,official_zero_shot_paired_complete_case,0.3572478335433382,0.7052635645490956,0.5868420253527139,0.013575943015141978,0.1,0.0875,-0.2077125998878472,0.6299149790591666,1.7087455148736437,2395
CAS9_STRP1_Spencer_2017_positive,CAS9_STRP1,Prokaryote,Activity,progen3_3b,Progen3_3b,single_sequence,official_zero_shot_paired_complete_case,0.16963586535578823,0.6162462316569596,0.4190349494614973,-0.0012171479009657205,0.1,0.10467980295566502,-0.14042123168452805,0.18104030938031979,0.596907012427015,8117
CASP3_HUMAN_Roychowdhury_2020,CASP3_HUMAN,Human,Activity,progen3_3b,Progen3_3b,single_sequence,official_zero_shot_paired_complete_case,0.562035814920119,1.0714360110855088,0.917915786100209,-1.4919427598561308,0.1,0.17197452229299362,0.41391394542201876,0.6849253369485879,0.0914520059056937,1567
CASP7_HUMAN_Roychowdhury_2020,CASP7_HUMAN,Human,Activity,progen3_3b,Progen3_3b,single_sequence,official_zero_shot_paired_complete_case,0.5565707985581028,0.8651256500394039,0.7340921093645902,-0.14825139308453839,0.1,0.17261904761904762,0.19729246733849162,0.7110736866602937,3.7495179075810556,1680
CATR_CHLRE_Tsuboyama_2023_2AMI,CATR_CHLRE,Eukaryote,Stability,progen3_3b,Progen3_3b,single_sequence,official_zero_shot_paired_complete_case,0.24294588826895688,1.0461693875234248,0.9119560245197413,-0.6352093751908596,0.1,0.014925373134328358,-0.1351492313036015,0.3450687741018411,1.367345393433674,1340
CBPA2_HUMAN_Tsuboyama_2023_1O6X,CBPA2_HUMAN,Human,Stability,progen3_3b,Progen3_3b,single_sequence,official_zero_shot_paired_complete_case,0.26366287211308126,2.38299259629442,2.1970393429282846,-3.2311248212287165,0.1,0.13970588235294118,-0.7490576248113757,0.051092247682510354,0.10500921548268474,1357
CBS_HUMAN_Sun_2020,CBS_HUMAN,Human,OrganismalFitness,progen3_3b,Progen3_3b,single_sequence,official_zero_shot_paired_complete_case,0.2927319339257567,1.2437122552714726,1.1532125697769502,-6.009359906239961,0.1,0.14542936288088643,0.5891235480722145,0.28324946992275857,0.8550770083424509,7217
CBX4_HUMAN_Tsuboyama_2023_2K28,CBX4_HUMAN,Human,Stability,progen3_3b,Progen3_3b,single_sequence,official_zero_shot_paired_complete_case,0.4800099779236338,1.3714241556362046,1.2086368974732773,-1.0209570656404061,0.1,0.2391304347826087,-0.02576407992732313,0.7856838152966424,0.6038163213939677,917
CCDB_ECOLI_Adkar_2012,CCDB_ECOLI,Prokaryote,Activity,progen3_3b,Progen3_3b,single_sequence,official_zero_shot_paired_complete_case,0.4869587711049504,35.55530895512003,26.627691606139457,-1.2555547803899296,0.1,0.16101694915254236,-17.25423728813559,0.41359901200476623,0.0,1176
CCR5_HUMAN_Gill_2023,CCR5_HUMAN,Human,Binding,progen3_3b,Progen3_3b,single_sequence,official_zero_shot_paired_complete_case,0.33763692472511997,0.895508330093019,0.8073166854255608,-1.8778827331781618,0.1,0.1563517915309446,0.06864413680781759,0.3834049408293962,3.4951296249916406,6137
CD19_HUMAN_Klesmith_2019_FMC_singles,CD19_HUMAN,Human,Binding,progen3_3b,Progen3_3b,single_sequence,official_zero_shot_paired_complete_case,0.1575596572990464,3.1198511812499357,2.2164450076662536,-0.05752944536998239,0.1,0.15915119363395225,-0.9888157640002188,0.21258735781814495,0.6893704568467434,3761
CP2C9_HUMAN_Amorosi_2021_abundance,CP2C9_HUMAN,Human,Expression,progen3_3b,Progen3_3b,single_sequence,official_zero_shot_paired_complete_case,0.5830563865860517,1.4320416450178397,1.3961689653976455,-18.137677499100104,0.1,0.2668759811616955,0.9551967566075354,0.8206023703858031,0.5404424529974292,6370
CP2C9_HUMAN_Amorosi_2021_activity,CP2C9_HUMAN,Human,Binding,progen3_3b,Progen3_3b,single_sequence,official_zero_shot_paired_complete_case,0.5912394020547989,1.3002750713002127,1.2504620713127648,-11.702029302130383,0.1,0.32682926829268294,0.9081449919593495,1.0073400368698961,0.06515785859417601,6142
CSN4_MOUSE_Tsuboyama_2023_1UFM,CSN4_MOUSE,Eukaryote,Stability,progen3_3b,Progen3_3b,single_sequence,official_zero_shot_paired_complete_case,0.5245621810105889,1.6631846367297125,1.4528381565064823,-1.4032160441679618,0.1,0.0661764705882353,-0.23463380986318316,0.5512141681993622,0.12261232171174981,1353
CUE1_YEAST_Tsuboyama_2023_2MYX,CUE1_YEAST,Eukaryote,Stability,progen3_3b,Progen3_3b,single_sequence,official_zero_shot_paired_complete_case,0.2845801601410743,2.1312831949044337,1.8756523722026992,-3.1779508030339443,0.1,0.14583333333333334,-0.7778069050799449,0.3191358811726667,0.5338772744321113,955
D7PM05_CLYGR_Somermeyer_2022,D7PM05_CLYGR,Eukaryote,Activity,progen3_3b,Progen3_3b,single_sequence,official_zero_shot_paired_complete_case,0.044246065721863015,24491.073057674894,21775.28931590715,-3.773699593136052,0.1,0.15384615384615385,19690.475564228313,-0.18573178951361452,0.0508709031664123,1169
DLG4_HUMAN_Faure_2021,DLG4_HUMAN,Human,OrganismalFitness,progen3_3b,Progen3_3b,single_sequence,official_zero_shot_paired_complete_case,0.400205829569389,0.43854667401471603,0.32596084217126003,-0.26600845910921356,0.1,0.1484375,-0.10829008730052206,0.6589624784973569,0.0,1280
DLG4_RAT_McLaughlin_2012,DLG4_RAT,Eukaryote,Binding,progen3_3b,Progen3_3b,single_sequence,official_zero_shot_paired_complete_case,0.31485001624493764,0.4004097198579143,0.27800418903553303,0.027011802966392384,0.1,0.10126582278481013,0.016233921075949363,0.46304664554189695,0.2682730547215164,1576
DN7A_SACS2_Tsuboyama_2023_1JIC,DN7A_SACS2,Prokaryote,Stability,progen3_3b,Progen3_3b,single_sequence,official_zero_shot_paired_complete_case,0.20172795399910276,2.321247973466733,2.1632693197809214,-3.2366654326614412,0.1,0.19801980198019803,-0.5652774627526765,0.254068013897944,0.024212085258375936,1008
DNJA1_HUMAN_Tsuboyama_2023_2LO1,DNJA1_HUMAN,Human,Stability,progen3_3b,Progen3_3b,single_sequence,official_zero_shot_paired_complete_case,0.3547784685862363,1.2043342896202311,1.023255457152318,0.010613089432348732,0.1,0.13114754098360656,-0.1824167706020795,0.6871433856118458,0.03947149688627292,1216
DOCK1_MOUSE_Tsuboyama_2023_2M0Y,DOCK1_MOUSE,Eukaryote,Stability,progen3_3b,Progen3_3b,single_sequence,official_zero_shot_paired_complete_case,0.45584606429327795,1.6351241120083202,1.4002946730831634,-1.8043270967424623,0.1,0.09836065573770492,-0.23845941038629975,0.4410666419019945,0.7049072385776332,1213
DYR_ECOLI_Nguyen_2023,DYR_ECOLI,Prokaryote,OrganismalFitness,progen3_3b,Progen3_3b,single_sequence,official_zero_shot_paired_complete_case,0.29158295387300553,1.165956879866749,1.136511347575446,-15.622268060560707,0.1,0.04794520547945205,0.9914383561643836,0.4465462350329908,0.4545754777036659,2916
DYR_ECOLI_Thompson_2019,DYR_ECOLI,Prokaryote,OrganismalFitness,progen3_3b,Progen3_3b,single_sequence,official_zero_shot_paired_complete_case,0.393485656303152,0.736402197664077,0.5254834688319933,0.0147362051411003,0.1,0.16455696202531644,-0.04075932489451478,0.4717988272709332,1.2245352699803913,2363
ENVZ_ECOLI_Ghose_2023,ENVZ_ECOLI,Prokaryote,Activity,progen3_3b,Progen3_3b,single_sequence,official_zero_shot_paired_complete_case,0.1865576067282811,5.007995420366406,4.89062012861413,-18.711980836671383,0.1,0.08849557522123894,3.3346420142714304,0.20032023727445952,0.51167744736372,1121
ENV_HV1BR_Haddox_2016,ENV_HV1BR,Virus,OrganismalFitness,progen3_3b,Progen3_3b,single_sequence,official_zero_shot_paired_complete_case,0.3366609062737844,0.4662766888791793,0.46148633771579933,-46.32195919143889,0.1,0.20046620046620048,0.06854816229506783,0.3940406292513574,0.0,12863
EPHB2_HUMAN_Tsuboyama_2023_1F0M,EPHB2_HUMAN,Human,Stability,progen3_3b,Progen3_3b,single_sequence,official_zero_shot_paired_complete_case,0.49518094317807426,1.6613532649741984,1.5145412878943139,-0.6678634011210418,0.1,0.27419354838709675,-0.05768746616972107,0.7609665285118123,0.02580878541851484,1239
ESTA_BACSU_Nutschel_2020,ESTA_BACSU,Prokaryote,Stability,progen3_3b,Progen3_3b,single_sequence,official_zero_shot_paired_complete_case,0.30171301120535277,47.02866742472965,46.96556345312155,-368.1655923775716,0.1,0.19724770642201836,47.60775229357798,0.6272463013437662,1.8303154646569515,2172
FECA_ECOLI_Tsuboyama_2023_2D1U,FECA_ECOLI,Prokaryote,Stability,progen3_3b,Progen3_3b,single_sequence,official_zero_shot_paired_complete_case,0.3626974237683421,1.3129069358080752,1.0856045358665949,-1.163361707327073,0.1,0.12295081967213115,-0.23114468953532694,0.47874756516367933,1.9139689180874204,1219
FKBP3_HUMAN_Tsuboyama_2023_2KFV,FKBP3_HUMAN,Human,Stability,progen3_3b,Progen3_3b,single_sequence,official_zero_shot_paired_complete_case,0.27488326008021896,2.5520649622010483,2.4215477845758304,-8.299757206916468,0.1,0.12096774193548387,-0.08755754703539569,0.40563519287830074,1.0840553869545528,1237
GAL4_YEAST_Kitzman_2015,GAL4_YEAST,Eukaryote,OrganismalFitness,progen3_3b,Progen3_3b,single_sequence,official_zero_shot_paired_complete_case,0.5355470283643207,5.828169340779992,4.540153105690377,-0.2129442767559575,0.1,0.125,-1.1150833333333334,0.7179717204453853,0.2702242376679344,1195
GDIA_HUMAN_Silverstein_2021,GDIA_HUMAN,Human,OrganismalFitness,progen3_3b,Progen3_3b,single_sequence,official_zero_shot_paired_complete_case,0.3562064198663444,1.070921893060087,1.0377492290285961,-14.375799141612244,0.1,0.10344827586206896,0.8536505811896553,0.4559207801007506,0.011357780324655587,1154
GFP_AEQVI_Sarkisyan_2016,GFP_AEQVI,Eukaryote,Activity,progen3_3b,Progen3_3b,single_sequence,official_zero_shot_paired_complete_case,0.3367373633653106,3.724465681916719,3.674384644884605,-34.86679866444803,0.1,0.1743119266055046,3.6249852741284596,0.3091535240485678,0.4450534314318228,1084
GRB2_HUMAN_Faure_2021,GRB2_HUMAN,Human,OrganismalFitness,progen3_3b,Progen3_3b,single_sequence,official_zero_shot_paired_complete_case,0.4814477280169564,0.42816171635378925,0.39080787919480275,0.09774019006600332,0.1,0.17307692307692307,-0.0659959334700203,0.803166120912255,0.2513549211297723,1034
HCP_LAMBD_Tsuboyama_2023_2L6Q,HCP_LAMBD,Virus,Stability,progen3_3b,Progen3_3b,single_sequence,official_zero_shot_paired_complete_case,0.4913623824896857,1.6165751018509118,1.4546400099003616,-1.717025447394568,0.1,0.2403846153846154,0.059219225296394375,0.8006771093375847,0.3240552550378317,1040
HECD1_HUMAN_Tsuboyama_2023_3DKM,HECD1_HUMAN,Human,Stability,progen3_3b,Progen3_3b,single_sequence,official_zero_shot_paired_complete_case,0.4133171312365168,1.9318925691770277,1.726686630157696,-2.623922075844553,0.1,0.128,-0.25906583222309776,0.6575279205393729,0.25495230181377454,1244
HEM3_HUMAN_Loggerenberg_2023,HEM3_HUMAN,Human,Activity,progen3_3b,Progen3_3b,single_sequence,official_zero_shot_paired_complete_case,0.37919387805701205,1.3122914891165884,1.2411762310112497,-8.038357300608146,0.1,0.14586994727592267,0.7931482910123022,0.5038929672668162,0.9519818655092592,5689
HMDH_HUMAN_Jiang_2019,HMDH_HUMAN,Human,OrganismalFitness,progen3_3b,Progen3_3b,single_sequence,official_zero_shot_paired_complete_case,0.16949094673197102,1.0010626060406935,0.9659622362754405,-13.372189636588445,0.1,0.10676156583629894,0.576241340450771,0.36481513248877895,0.011361128848331547,16853
HSP82_YEAST_Cote-Hammarlof_2020_growth-H2O2,HSP82_YEAST,Eukaryote,OrganismalFitness,progen3_3b,Progen3_3b,single_sequence,official_zero_shot_paired_complete_case,0.36914448223806723,0.6016894809091223,0.6014638835022202,-1340.2737097425659,0.1,0.17256637168141592,-0.0008220766902654854,0.4704916546660343,0.15808390962772495,2252
HSP82_YEAST_Flynn_2019,HSP82_YEAST,Eukaryote,OrganismalFitness,progen3_3b,Progen3_3b,single_sequence,official_zero_shot_paired_complete_case,0.4074656909956281,0.5614155700025317,0.5166141691452948,-1.288350033221894,0.1,0.11353383458646617,0.005144233407874183,0.5049233712771332,0.9117129470449609,13294
HSP82_YEAST_Mishra_2016,HSP82_YEAST,Eukaryote,OrganismalFitness,progen3_3b,Progen3_3b,single_sequence,official_zero_shot_paired_complete_case,0.5276975849748055,0.5447878657636813,0.5266874208512606,-1.3395004604033574,0.1,0.19399538106235567,-0.00701831923556582,0.5136401266182253,1.0091666306375993,4323
HXK4_HUMAN_Gersing_2022_activity,HXK4_HUMAN,Human,OrganismalFitness,progen3_3b,Progen3_3b,single_sequence,official_zero_shot_paired_complete_case,0.40005275019720127,1.243433096884053,0.9991828450105017,-1.6490333380080355,0.1,0.12602100350058343,1.0264949773430574,0.4825105566977266,3.1418608089519804,8570
HXK4_HUMAN_Gersing_2023_abundance,HXK4_HUMAN,Human,Expression,progen3_3b,Progen3_3b,single_sequence,official_zero_shot_paired_complete_case,0.31472440279374614,1.0825744350143638,1.0273687199315547,-8.288637861290148,0.1,0.17142857142857143,0.8664067102441779,0.48744606535856666,0.4926593630931032,8396
I6TAH8_I68A0_Doud_2015,I6TAH8_I68A0,Virus,OrganismalFitness,progen3_3b,Progen3_3b,single_sequence,official_zero_shot_paired_complete_case,0.34183210763384286,2.1922002449907914,1.9757576536606243,-3.0826683227801412,0.1,0.2565997888067582,-1.355025480948599,0.7366736005426227,0.4240155095273832,9462
IF1_ECOLI_Kelsic_2016,IF1_ECOLI,Prokaryote,OrganismalFitness,progen3_3b,Progen3_3b,single_sequence,official_zero_shot_paired_complete_case,0.4813947117195128,1.3756240290055457,1.3518717482553035,-22.184431375893837,0.1,0.20437956204379562,0.9519708029197081,0.5580994306784779,0.31852231491594896,1367
ILF3_HUMAN_Tsuboyama_2023_2L33,ILF3_HUMAN,Human,Stability,progen3_3b,Progen3_3b,single_sequence,official_zero_shot_paired_complete_case,0.33842633045121984,1.7778552157286205,1.6739010366497182,-3.7586133069513847,0.1,0.13533834586466165,-0.01645998959411959,0.38160862614974,0.15250216591370425,1329
ISDH_STAAW_Tsuboyama_2023_2LHR,ISDH_STAAW,Prokaryote,Stability,progen3_3b,Progen3_3b,single_sequence,official_zero_shot_paired_complete_case,0.36248623226194865,2.2315017027059474,2.0904975002353696,-6.8006850269437615,0.1,0.32978723404255317,-0.10587733240069433,0.7378470014880996,0.19708001248009357,940
KCNE1_HUMAN_Muhammad_2023_expression,KCNE1_HUMAN,Human,Expression,progen3_3b,Progen3_3b,single_sequence,official_zero_shot_paired_complete_case,0.16305855820304802,3.534683255532039,3.5144418272176146,-86.63534260594972,0.1,0.1111111111111111,1.1033815736794872,0.3764485001458874,0.3910237068484437,2339
KCNE1_HUMAN_Muhammad_2023_function,KCNE1_HUMAN,Human,Activity,progen3_3b,Progen3_3b,single_sequence,official_zero_shot_paired_complete_case,0.6411696609044429,3.3338883570145437,3.3152533776652264,-69.24292643028637,0.1,0.21551724137931033,1.0266935222543103,0.6658220965784845,0.0,2315
KCNJ2_MOUSE_Coyote-Maestas_2022_function,KCNJ2_MOUSE,Eukaryote,Activity,progen3_3b,Progen3_3b,single_sequence,official_zero_shot_paired_complete_case,0.2579303245408156,0.9023153323130677,0.7550453678236392,-1.2205601610787764,0.1,0.14203730272596843,0.25229322508034435,0.4080311793207556,1.4020400329853757,6963
KCNJ2_MOUSE_Coyote-Maestas_2022_surface,KCNJ2_MOUSE,Eukaryote,Expression,progen3_3b,Progen3_3b,single_sequence,official_zero_shot_paired_complete_case,0.24893550069215103,2.1486341851584068,1.5887058759388464,0.006648001883350574,0.1,0.07225433526011561,0.03839029008526011,0.3699390542918065,0.7764544985990026,6917
KKA2_KLEPN_Melnikov_2014,KKA2_KLEPN,Prokaryote,OrganismalFitness,progen3_3b,Progen3_3b,single_sequence,official_zero_shot_paired_complete_case,0.6177725447855629,2.548225990429464,2.363618252358871,-5.910686067228232,0.1,0.19556451612903225,1.8649799395161293,0.7332321293746253,0.4303431448846927,4960
LGK_LIPST_Klesmith_2015,LGK_LIPST,Eukaryote,Activity,progen3_3b,Progen3_3b,single_sequence,official_zero_shot_paired_complete_case,0.4987583198061956,0.7118332843645883,0.610561668086185,-0.9662065579718884,0.1,0.38910012674271227,-0.20457503168567806,0.9214967373919041,0.12863212974482274,7890
MAFG_MOUSE_Tsuboyama_2023_1K1V,MAFG_MOUSE,Eukaryote,Stability,progen3_3b,Progen3_3b,single_sequence,official_zero_shot_paired_complete_case,0.3789403820110615,1.7741003061473923,1.6498323467687688,-5.125022419992761,0.1,0.18181818181818182,0.00998723878062535,0.6956981004101652,0.6609707592735239,762
MBD11_ARATH_Tsuboyama_2023_6ACV,MBD11_ARATH,Eukaryote,Stability,progen3_3b,Progen3_3b,single_sequence,official_zero_shot_paired_complete_case,0.2463654891701164,2.1063277251865475,1.8911620498205326,-2.76418719088455,0.1,0.11206896551724138,-0.3299934875748001,0.4029306892311973,0.4588668758666856,1155
MET_HUMAN_Estevam_2023,MET_HUMAN,Human,Activity,progen3_3b,Progen3_3b,single_sequence,official_zero_shot_paired_complete_case,0.5004699701331634,3.375523341030743,2.3780483146115237,-0.2564366000739815,0.1,0.16111111111111112,-0.28070792972960557,0.684781018307762,0.01235087338416866,5393
MK01_HUMAN_Brenan_2016,MK01_HUMAN,Human,OrganismalFitness,progen3_3b,Progen3_3b,single_sequence,official_zero_shot_paired_complete_case,0.0672686269095411,7.935064007617232,7.852711557680276,-47.37120247626026,0.1,0.09397944199706314,-8.176027119164464,-0.01453085513716501,1.0264695959245793,6809
MLAC_ECOLI_MacRae_2023,MLAC_ECOLI,Prokaryote,OrganismalFitness,progen3_3b,Progen3_3b,single_sequence,official_zero_shot_paired_complete_case,0.30759096893208576,0.3167725322336534,0.2642095308810831,0.058587441879693225,0.1,0.11471321695760599,-0.06513039986408976,0.498828557728593,0.5041567934167466,4007
MSH2_HUMAN_Jia_2020,MSH2_HUMAN,Human,OrganismalFitness,progen3_3b,Progen3_3b,single_sequence,official_zero_shot_paired_complete_case,0.29858464207385943,4.002285047162849,3.7079963889933722,-2.799055834996176,0.1,0.14686567164179104,3.737480597014925,0.42673027114392414,0.0,16749
MTH3_HAEAE_RockahShmuel_2015,MTH3_HAEAE,Prokaryote,OrganismalFitness,progen3_3b,Progen3_3b,single_sequence,official_zero_shot_paired_complete_case,0.7219415880065313,1.4260546912425753,1.381337213033202,-14.132966013615459,0.1,0.3539325842696629,0.7973595505617977,0.9986754828221214,0.0,1777
MTHR_HUMAN_Weile_2021,MTHR_HUMAN,Human,OrganismalFitness,progen3_3b,Progen3_3b,single_sequence,official_zero_shot_paired_complete_case,0.2695907010000541,1.1210738342567064,1.0867257266952826,-14.991090752623013,0.1,0.14274258219727345,0.7840549318364074,0.46144658343478995,0.005350521170165614,12464
MYO3_YEAST_Tsuboyama_2023_2BTT,MYO3_YEAST,Eukaryote,Stability,progen3_3b,Progen3_3b,single_sequence,official_zero_shot_paired_complete_case,0.34196606274015356,1.9369544430658978,1.6803431848655448,-2.4533943742700854,0.1,0.1368421052631579,-0.43212357213248104,0.5091300318388405,0.09995165699270563,947
NCAP_I34A1_Doud_2015,NCAP_I34A1,Virus,OrganismalFitness,progen3_3b,Progen3_3b,single_sequence,official_zero_shot_paired_complete_case,0.3844695847502592,2.7339103169313077,2.485195426401606,-3.9755754172618643,0.1,0.27455121436114044,-1.6851449306893709,0.8657060794711128,0.0,9462
NKX31_HUMAN_Tsuboyama_2023_2L9R,NKX31_HUMAN,Human,Stability,progen3_3b,Progen3_3b,single_sequence,official_zero_shot_paired_complete_case,0.41808560535372635,1.8028716646390899,1.7438664090806406,-11.135036935261025,0.1,0.12173913043478261,-0.058575079893662084,0.5654318910248467,3.229764211830286,1149
NPC1_HUMAN_Erwood_2022_HEK293T,NPC1_HUMAN,Human,Activity,progen3_3b,Progen3_3b,single_sequence,official_zero_shot_paired_complete_case,0.5790250738201291,1.4275336494076865,1.3730769770965463,-12.084261676599095,0.1,0.390625,0.9169802477447917,1.0219354918210155,0.0,637
NUD15_HUMAN_Suiter_2020,NUD15_HUMAN,Human,Expression,progen3_3b,Progen3_3b,single_sequence,official_zero_shot_paired_complete_case,0.5683926208741588,1.9617062419926639,1.931512752981785,-26.714662607846456,0.1,0.24912280701754386,0.8268262969114554,0.8084975564127135,0.11213577721992882,2844
NUSA_ECOLI_Tsuboyama_2023_1WCL,NUSA_ECOLI,Prokaryote,Stability,progen3_3b,Progen3_3b,single_sequence,official_zero_shot_paired_complete_case,0.33632628259850916,1.439613132077911,1.2746657606216842,-0.8211432967993095,0.1,0.16030534351145037,-0.416705988135952,0.4385763253928723,0.7736363425629744,1306
NUSG_MYCTU_Tsuboyama_2023_2MI6,NUSG_MYCTU,Prokaryote,Stability,progen3_3b,Progen3_3b,single_sequence,official_zero_shot_paired_complete_case,0.40774658581598877,1.3889274552625035,1.1529620194032095,0.06823228663334024,0.1,0.12745098039215685,-0.12411550807374595,0.7465569747062522,0.15618656621402158,1019
OBSCN_HUMAN_Tsuboyama_2023_1V1C,OBSCN_HUMAN,Human,Stability,progen3_3b,Progen3_3b,single_sequence,official_zero_shot_paired_complete_case,0.45008687576187156,2.17386872482467,1.972373392021964,-2.1561508655897215,0.1,0.3114754098360656,-0.19096438307131852,0.681240296275079,0.01321306236602309,1213
ODP2_GEOSE_Tsuboyama_2023_1W4G,ODP2_GEOSE,Prokaryote,Stability,progen3_3b,Progen3_3b,single_sequence,official_zero_shot_paired_complete_case,0.42410302879950557,1.5284895879032778,1.4068726110345362,-2.7747375774202068,0.1,0.22388059701492538,-0.20369599756995474,0.7223836627956634,0.0,669
OTC_HUMAN_Lo_2023,OTC_HUMAN,Human,Activity,progen3_3b,Progen3_3b,single_sequence,official_zero_shot_paired_complete_case,0.5676807586572429,1.204693615880464,1.1447326792165604,-8.439239699838277,0.1,0.25477707006369427,0.8594267515923567,1.0210587513695548,0.45650435968447156,1570
OTU7A_HUMAN_Tsuboyama_2023_2L2D,OTU7A_HUMAN,Human,Stability,progen3_3b,Progen3_3b,single_sequence,official_zero_shot_paired_complete_case,0.3474298727063021,1.820317717104798,1.6465842681714906,-3.6278673263454717,0.1,0.09375,-0.16124188781166182,0.5673534085461377,0.4382439343720429,635
OXDA_RHOTO_Vanella_2023_activity,OXDA_RHOTO,Eukaryote,Activity,progen3_3b,Progen3_3b,single_sequence,official_zero_shot_paired_complete_case,0.3533210156875569,1.9548358791816334,1.9531513655757893,-551.0858022583097,0.1,0.18125,-0.04843247288646564,0.4721784001673332,0.0,6396
OXDA_RHOTO_Vanella_2023_expression,OXDA_RHOTO,Eukaryote,Expression,progen3_3b,Progen3_3b,single_sequence,official_zero_shot_paired_complete_case,0.3026297988932236,1.9677531008956635,1.9631329830690343,-202.9294740892799,0.1,0.1329394387001477,-0.03071372369346906,0.3439877862024522,0.9915782914425719,6769
P53_HUMAN_Giacomelli_2018_Null_Etoposide,P53_HUMAN,Human,OrganismalFitness,progen3_3b,Progen3_3b,single_sequence,official_zero_shot_paired_complete_case,0.4166943461573974,1.8174786658924615,1.6272175796378183,-2.450867389151171,0.1,0.12985274431057564,0.3716944724655554,0.33214588387332367,0.5735037485840871,7467
P53_HUMAN_Giacomelli_2018_Null_Nutlin,P53_HUMAN,Human,OrganismalFitness,progen3_3b,Progen3_3b,single_sequence,official_zero_shot_paired_complete_case,0.4199715549305764,1.8103952975423256,1.5454874945690806,-2.344322834987323,0.1,0.15261044176706828,0.38446078354560553,0.3599860863444426,1.7897440489741072,7467
P53_HUMAN_Giacomelli_2018_WT_Nutlin,P53_HUMAN,Human,OrganismalFitness,progen3_3b,Progen3_3b,single_sequence,official_zero_shot_paired_complete_case,0.4732884827439823,1.7935504937773223,1.5561965071664656,-2.0014966285461537,0.1,0.07764390896921017,0.4767799132519966,0.4797262076204251,2.2108838065306116,7467
P53_HUMAN_Kotler_2018,P53_HUMAN,Human,OrganismalFitness,progen3_3b,Progen3_3b,single_sequence,official_zero_shot_paired_complete_case,0.479761821035037,3.0404691391692387,2.8095077901011156,-5.615130497688953,0.1,0.2,2.206228006693281,0.7669838955730373,0.13658686700252623,1048
P84126_THETH_Chan_2017,P84126_THETH,Prokaryote,OrganismalFitness,progen3_3b,Progen3_3b,single_sequence,official_zero_shot_paired_complete_case,0.654459355925198,1.0090862186201939,0.828655303475971,-1.771009280580211,0.1,0.4342105263157895,0.29203707311842103,1.2478858496501515,0.017354440812570444,1519
PABP_YEAST_Melamed_2013,PABP_YEAST,Eukaryote,OrganismalFitness,progen3_3b,Progen3_3b,single_sequence,official_zero_shot_paired_complete_case,0.6646119635052676,2.304644261456997,2.276724221430497,-39.04419825813803,0.1,0.25210084033613445,0.9498938532773108,0.800731620326948,4.0886889220106095,1187
PAI1_HUMAN_Huttinger_2021,PAI1_HUMAN,Human,Activity,progen3_3b,Progen3_3b,single_sequence,official_zero_shot_paired_complete_case,0.399195621547867,1.8704119312513043,1.652482634983349,-1.3655445290002084,0.1,0.19439252336448598,0.5075193476990654,0.6070208238194342,0.05301080995026483,5345
PA_I34A1_Wu_2015,PA_I34A1,Virus,OrganismalFitness,progen3_3b,Progen3_3b,single_sequence,official_zero_shot_paired_complete_case,0.5039556166942061,0.8066612670629679,0.6363586134228022,-1.6098188531426811,0.1,0.31868131868131866,0.8327037789972527,0.7700356309428515,6.709257846027896,1820
PHOT_CHLRE_Chen_2023,PHOT_CHLRE,Eukaryote,Activity,progen3_3b,Progen3_3b,single_sequence,official_zero_shot_paired_complete_case,0.6127553815044223,2.6278469053008613,2.607183374228482,-54.521320880054034,0.1,0.22065727699530516,1.2910527092275677,0.654535312223913,0.304293502984966,2122
PIN1_HUMAN_Tsuboyama_2023_1I6C,PIN1_HUMAN,Human,Stability,progen3_3b,Progen3_3b,single_sequence,official_zero_shot_paired_complete_case,0.6270473910696343,1.8447711636417048,1.7089088929543965,-4.427338474833564,0.1,0.2028985507246377,-0.06602821917194736,0.8101904703350732,0.3143905798546123,686
PITX2_HUMAN_Tsuboyama_2023_2L7M,PITX2_HUMAN,Human,Stability,progen3_3b,Progen3_3b,single_sequence,official_zero_shot_paired_complete_case,0.4925475788812652,1.3902753713695766,1.2049157734909648,-0.8966010004514908,0.1,0.1276595744680851,-0.01767759925625524,0.7044752837830464,0.06353046310255735,938
PKN1_HUMAN_Tsuboyama_2023_1URF,PKN1_HUMAN,Human,Stability,progen3_3b,Progen3_3b,single_sequence,official_zero_shot_paired_complete_case,0.3031432097197885,2.3215118534952746,2.211935036560767,-7.589024206827695,0.1,0.183206106870229,0.156525294100123,0.5956572105318227,0.0,1301
POLG_CXB3N_Mattenberger_2021,POLG_CXB3N,Virus,OrganismalFitness,progen3_3b,Progen3_3b,single_sequence,official_zero_shot_paired_complete_case,0.38461972855597043,2.4134721269502917,2.2069830476496293,-4.185477339305427,0.1,0.3155216284987277,-1.5862174369369213,0.9168015526865527,0.23758821829907484,15711
POLG_DEN26_Suphatrakul_2023,POLG_DEN26,Virus,OrganismalFitness,progen3_3b,Progen3_3b,single_sequence,official_zero_shot_paired_complete_case,0.40247571593676407,4.1733831418093175,3.54109538192066,-1.5308133140127356,0.1,0.25857988165680473,-2.367269669603376,0.7463579838192124,0.45157021964830735,16897
POLG_HCVJF_Qi_2014,POLG_HCVJF,Virus,OrganismalFitness,progen3_3b,Progen3_3b,single_sequence,official_zero_shot_paired_complete_case,0.46982453341986413,0.41058804816994965,0.2747043246226994,-0.17280728995230832,0.1,0.3312883435582822,-0.30124260158282207,1.1443984009577395,0.3190167924452967,1630
POLG_PESV_Tsuboyama_2023_2MXD,POLG_PESV,Virus,Stability,progen3_3b,Progen3_3b,single_sequence,official_zero_shot_paired_complete_case,0.15544222578140704,2.203580311532229,1.99582027759176,-2.7940638287885147,0.1,0.16,-0.7693204524454558,0.24011800952334866,0.0,995
PPARG_HUMAN_Majithia_2016,PPARG_HUMAN,Human,Activity,progen3_3b,Progen3_3b,single_sequence,official_zero_shot_paired_complete_case,0.5346934088851225,2.502894579861208,2.058226681476608,0.015546513719988497,0.1,0.21085594989561587,1.5311064718162841,0.80877870176267,0.08641945764800216,9576
PPM1D_HUMAN_Miller_2022,PPM1D_HUMAN,Human,OrganismalFitness,progen3_3b,Progen3_3b,single_sequence,official_zero_shot_paired_complete_case,0.5464503628782587,1.4369900787593322,1.4090168784510078,-22.526506884233804,0.1,0.2217997465145754,0.2067854207858048,0.7197951371494805,1.4682980166010233,7889
PR40A_HUMAN_Tsuboyama_2023_1UZC,PR40A_HUMAN,Human,Stability,progen3_3b,Progen3_3b,single_sequence,official_zero_shot_paired_complete_case,0.5197418065897952,2.1548754322811594,2.014236020990259,-5.621426599113799,0.1,0.28205128205128205,0.08581497585833163,0.7286998715154271,0.0,1163
PRKN_HUMAN_Clausen_2023,PRKN_HUMAN,Human,Expression,progen3_3b,Progen3_3b,single_sequence,official_zero_shot_paired_complete_case,0.5986235709707176,1.5421880013103408,1.4972838711824628,-14.301559766097865,0.1,0.16666666666666666,0.9898772702227423,0.7518667526767422,0.01434372319662936,8756
PSAE_PICP2_Tsuboyama_2023_1PSE,PSAE_PICP2,Prokaryote,Stability,progen3_3b,Progen3_3b,single_sequence,official_zero_shot_paired_complete_case,0.30220541710939414,1.3392662075542316,1.2040385752110891,-3.0375552024881998,0.1,0.08196721311475409,0.03824812568152245,0.5154232703728613,1.761368000491628,1219
PTEN_HUMAN_Matreyek_2021,PTEN_HUMAN,Human,Expression,progen3_3b,Progen3_3b,single_sequence,official_zero_shot_paired_complete_case,0.3264288884284463,1.0574391192272694,1.0133000579328564,-10.532761365379205,0.1,0.18271119842829076,0.8920545725184509,0.5626574127230911,0.03884367034038336,5083
PTEN_HUMAN_Mighell_2018,PTEN_HUMAN,Human,Activity,progen3_3b,Progen3_3b,single_sequence,official_zero_shot_paired_complete_case,0.3283899025367879,1.5371312411826163,1.0431006905632225,-0.17055616522143846,0.1,0.15151515151515152,-0.20605305521763073,0.5029871829070418,0.38174362713627746,7260
Q2N0S5_9HIV1_Haddox_2018,Q2N0S5_9HIV1,Virus,OrganismalFitness,progen3_3b,Progen3_3b,single_sequence,official_zero_shot_paired_complete_case,0.5009372961568849,3.018024307753406,2.368749134534606,-0.8403270258810325,0.1,0.23959151610369206,-0.4272820473637078,0.9090281575288152,0.09433740592903417,12729
Q53Z42_HUMAN_McShan_2019_binding-TAPBPR,Q53Z42_HUMAN,Human,Binding,progen3_3b,Progen3_3b,single_sequence,official_zero_shot_paired_complete_case,0.25587125783198456,1.1130643199718941,0.884196088104067,-0.08469684713132297,0.1,0.09850746268656717,0.4663134328358209,0.33905542260799176,1.1696177232447365,3344
Q53Z42_HUMAN_McShan_2019_expression,Q53Z42_HUMAN,Human,Expression,progen3_3b,Progen3_3b,single_sequence,official_zero_shot_paired_complete_case,0.47149612231975846,2.006990613890373,1.5983116347278705,-0.17626795030932874,0.1,0.2208955223880597,0.3632985074626866,0.7466723100763952,0.8024800495590556,3344
Q59976_STRSQ_Romero_2015,Q59976_STRSQ,Prokaryote,Activity,progen3_3b,Progen3_3b,single_sequence,official_zero_shot_paired_complete_case,0.6781662595965395,0.8780495326435472,0.6822192226242081,0.009948349297622339,0.1,0.2866666666666667,-0.24673333333333336,0.7895161296761667,0.9802255479611718,2999
Q6WV12_9MAXI_Somermeyer_2022,Q6WV12_9MAXI,Eukaryote,Activity,progen3_3b,Progen3_3b,single_sequence,official_zero_shot_paired_complete_case,0.0328438946225051,15191.58541133929,14513.593626393726,-10.459075836400961,0.1,0.1826086956521739,14322.935975808647,-0.04184004530774448,0.5569333558201004,1141
Q837P4_ENTFA_Meier_2023,Q837P4_ENTFA,Prokaryote,Activity,progen3_3b,Progen3_3b,single_sequence,official_zero_shot_paired_complete_case,0.3501245966676652,1.4399047246786352,0.9849135485616929,-0.2943852475952782,0.1,0.3142857142857143,-0.3800195209142857,0.6313830951566809,0.0,697
Q837P5_ENTFA_Meier_2023,Q837P5_ENTFA,Prokaryote,Activity,progen3_3b,Progen3_3b,single_sequence,official_zero_shot_paired_complete_case,0.38538225089561456,1.4629429827471432,0.998096225692994,-0.3360261251491483,0.1,0.24,-0.5047715657822223,0.674756618988401,0.09813268509868416,747
Q8WTC7_9CNID_Somermeyer_2022,Q8WTC7_9CNID,Eukaryote,Activity,progen3_3b,Progen3_3b,single_sequence,official_zero_shot_paired_complete_case,0.2654066725576602,8176.749989807783,7591.30610386503,-6.242613093969848,0.1,0.15702479338842976,8637.506078912525,0.3449855565321462,1.0095670177260743,1201
R1AB_SARS2_Flynn_2022,R1AB_SARS2,Virus,OrganismalFitness,progen3_3b,Progen3_3b,single_sequence,official_zero_shot_paired_complete_case,0.14697030407273914,3.0679923999017187,3.0386231645207054,-53.056404221561344,0.1,0.1343804537521815,0.7220234558595058,0.19310454066322658,0.020525034678098596,5725
RAD_ANTMA_Tsuboyama_2023_2CJJ,RAD_ANTMA,Eukaryote,Stability,progen3_3b,Progen3_3b,single_sequence,official_zero_shot_paired_complete_case,0.2981271708612793,1.5595599176937676,1.4210152228205977,-4.027687727945154,0.1,0.10256410256410256,0.0539617537441068,0.5513083563041302,0.5719244986710419,774
RASH_HUMAN_Bandaru_2017,RASH_HUMAN,Human,Activity,progen3_3b,Progen3_3b,single_sequence,official_zero_shot_paired_complete_case,0.38192186012267454,0.4991997791729918,0.42954931426324183,-1.7045205728027382,0.1,0.10828025477707007,0.035209030917197445,0.5283335810385789,7.755002625470137,3134
RASK_HUMAN_Weng_2022_abundance,RASK_HUMAN,Human,Expression,progen3_3b,Progen3_3b,single_sequence,official_zero_shot_paired_complete_case,0.1848220623821011,0.3997438895546195,0.3386112060717764,-0.19151156571820782,0.1,0.0781758957654723,-0.34769367844450944,-0.04360800686110224,1.3179808512120437,3066
RASK_HUMAN_Weng_2022_binding-DARPin_K55,RASK_HUMAN,Human,Binding,progen3_3b,Progen3_3b,single_sequence,official_zero_shot_paired_complete_case,0.45880725118783466,0.4237558492756341,0.3927651310185461,-0.5068820599495352,0.1,0.15857605177993528,-0.042029395160107154,0.5661616180173837,0.23711975649976372,3084
RBP1_HUMAN_Tsuboyama_2023_2KWH,RBP1_HUMAN,Human,Stability,progen3_3b,Progen3_3b,single_sequence,official_zero_shot_paired_complete_case,0.2868943744380837,2.682167857031227,2.5852631030541224,-12.758371084747338,0.1,0.30612244897959184,0.09769490174323377,0.5724806656251928,0.0,975
RCD1_ARATH_Tsuboyama_2023_5OAO,RCD1_ARATH,Eukaryote,Stability,progen3_3b,Progen3_3b,single_sequence,official_zero_shot_paired_complete_case,0.35341175419994325,2.646468367483391,2.5716182927476017,-16.20230897519861,0.1,0.16161616161616163,-0.05724874585925308,0.3665144145975496,0.5075280053553287,988
RCRO_LAMBD_Tsuboyama_2023_1ORC,RCRO_LAMBD,Virus,Stability,progen3_3b,Progen3_3b,single_sequence,official_zero_shot_paired_complete_case,0.2723089993289185,1.9366270194785367,1.7621547847424888,-1.2515488883917114,0.1,0.1,-0.6705293490468808,0.29901592356015694,0.18330266645202425,1195
RD23A_HUMAN_Tsuboyama_2023_1IFY,RD23A_HUMAN,Human,Stability,progen3_3b,Progen3_3b,single_sequence,official_zero_shot_paired_complete_case,0.5514510905885206,1.7883674713921927,1.6136659603679815,-1.8148185284111884,0.1,0.3,-0.07061113321783533,0.8093709554889109,0.46386022482034545,798
RDRP_I33A0_Li_2023,RDRP_I33A0,Virus,OrganismalFitness,progen3_3b,Progen3_3b,single_sequence,official_zero_shot_paired_complete_case,0.44822657018068823,1.3939746678384808,1.2597762660233196,-3.7285567596992655,0.1,0.3630308076602831,-0.7253876888526446,1.053111347492983,0.1520266392930751,12003
REV_HV1H2_Fernandes_2016,REV_HV1H2,Virus,OrganismalFitness,progen3_3b,Progen3_3b,single_sequence,official_zero_shot_paired_complete_case,0.24252765709752502,0.39334881779434333,0.3496907658688462,-2.258618041561851,0.1,0.13023255813953488,-0.03049982263101871,0.41415131207512873,0.6376213194784504,2147
RFAH_ECOLI_Tsuboyama_2023_2LCL,RFAH_ECOLI,Prokaryote,Stability,progen3_3b,Progen3_3b,single_sequence,official_zero_shot_paired_complete_case,0.27220662555054,1.8560109717326678,1.7382136624972484,-6.678545478952068,0.1,0.1134020618556701,0.10931358881764626,0.5709234263430658,0.6740237045611098,969
RL20_AQUAE_Tsuboyama_2023_1GYZ,RL20_AQUAE,Prokaryote,Stability,progen3_3b,Progen3_3b,single_sequence,official_zero_shot_paired_complete_case,0.3146553468325699,1.6507531005398253,1.5686815133442376,-4.177851812222931,0.1,0.10619469026548672,-0.11639111463351352,0.3825305732446884,0.4027819683989566,1121
RL40A_YEAST_Mavor_2016,RL40A_YEAST,Eukaryote,OrganismalFitness,progen3_3b,Progen3_3b,single_sequence,official_zero_shot_paired_complete_case,0.4625385019857099,0.26667282805297915,0.24113679578930572,-0.996172217854999,0.1,0.20634920634920634,-0.010082665190476191,0.7419596085260991,1.0480018282972379,1253
RL40A_YEAST_Roscoe_2013,RL40A_YEAST,Eukaryote,OrganismalFitness,progen3_3b,Progen3_3b,single_sequence,official_zero_shot_paired_complete_case,0.5286242156613662,0.34054749778792387,0.3068449435081046,0.028334524144111417,0.1,0.20833333333333334,-0.019288787474500232,0.7103119060541916,0.016614722868483135,1195
RL40A_YEAST_Roscoe_2014,RL40A_YEAST,Eukaryote,Activity,progen3_3b,Progen3_3b,single_sequence,official_zero_shot_paired_complete_case,0.3624530409308408,1.1542661356214003,1.0851481808630434,-5.987413188351224,0.1,0.13768115942028986,0.9698879735,0.5732619114766833,0.5368448131499876,1380
RNC_ECOLI_Weeks_2023,RNC_ECOLI,Prokaryote,Activity,progen3_3b,Progen3_3b,single_sequence,official_zero_shot_paired_complete_case,0.4372916593847909,0.6384108343080603,0.4093567720797288,-0.04037828935896037,0.1,0.1588785046728972,-0.008781275735981307,0.586644239296754,0.33285210360160816,4277
RPC1_BP434_Tsuboyama_2023_1R69,RPC1_BP434,Virus,Stability,progen3_3b,Progen3_3b,single_sequence,official_zero_shot_paired_complete_case,0.6062930909728538,1.4087082735580472,1.2409588683343453,-0.3124751578011937,0.1,0.2743362831858407,-0.0670406380690704,0.863803068945102,0.17790219277013034,1124
RS15_GEOSE_Tsuboyama_2023_1A32,RS15_GEOSE,Prokaryote,Stability,progen3_3b,Progen3_3b,single_sequence,official_zero_shot_paired_complete_case,0.29255158961851424,1.2867968981892448,1.1636146034450832,-2.8341575214153782,0.1,0.09166666666666666,0.0883360876096336,0.5974275155189709,0.8933236396342046,1195
S22A1_HUMAN_Yee_2023_abundance,S22A1_HUMAN,Human,Expression,progen3_3b,Progen3_3b,single_sequence,official_zero_shot_paired_complete_case,0.6028390471966354,1.356497564469869,1.1495054066867285,-0.0019914299917971334,0.1,0.24872579001019368,0.236953569764526,0.789934281158665,0.32895848576931375,9803
S22A1_HUMAN_Yee_2023_activity,S22A1_HUMAN,Human,Activity,progen3_3b,Progen3_3b,single_sequence,official_zero_shot_paired_complete_case,0.5613136974335711,1.1375190944403513,0.9990406650976819,-0.6080398458836425,0.1,0.18514851485148515,0.33194899738910894,0.7040472866116988,0.18954660081070368,10094
SAV1_MOUSE_Tsuboyama_2023_2YSB,SAV1_MOUSE,Eukaryote,Stability,progen3_3b,Progen3_3b,single_sequence,official_zero_shot_paired_complete_case,0.597387835710874,1.9327416806392301,1.7716484453019716,-4.181707068626255,0.1,0.20588235294117646,-0.07098432048505836,0.6943778471420332,1.0043851155578583,679
SBI_STAAM_Tsuboyama_2023_2JVG,SBI_STAAM,Prokaryote,Stability,progen3_3b,Progen3_3b,single_sequence,official_zero_shot_paired_complete_case,0.30552306924789546,2.302765802527208,2.20340594363899,-10.440355272477296,0.1,0.20388349514563106,-0.11590660551432544,0.7264938564701147,0.5357175511220172,1025
SC6A4_HUMAN_Young_2021,SC6A4_HUMAN,Human,Activity,progen3_3b,Progen3_3b,single_sequence,official_zero_shot_paired_complete_case,0.5055721027952919,1.3700205708782942,1.1625423728970974,-0.07219335079140654,0.1,0.27979274611398963,0.5397603676856649,0.7759945964535138,0.5851001735903227,11576
SCIN_STAAR_Tsuboyama_2023_2QFF,SCIN_STAAR,Prokaryote,Stability,progen3_3b,Progen3_3b,single_sequence,official_zero_shot_paired_complete_case,0.28120322660109015,2.4010520678991734,2.2449171871245004,-6.489464985760817,0.1,0.28688524590163933,-0.08727478998423464,0.563462061671452,1.4975046123005755,1212
SDA_BACSU_Tsuboyama_2023_1PV0,SDA_BACSU,Prokaryote,Stability,progen3_3b,Progen3_3b,single_sequence,official_zero_shot_paired_complete_case,0.4420748939734426,1.4419135999191557,1.3202994377573476,-1.168962526701454,0.1,0.15476190476190477,-0.13189017655531524,0.5661943450517007,0.7259915560434099,834
SERC_HUMAN_Xie_2023,SERC_HUMAN,Human,OrganismalFitness,progen3_3b,Progen3_3b,single_sequence,official_zero_shot_paired_complete_case,0.5202387193466541,1.5534243047300973,1.5267123487523422,-25.716349482600755,0.1,0.140625,0.9782592170055802,0.534264089099916,0.2404892251173515,1914
SHOC2_HUMAN_Kwon_2022,SHOC2_HUMAN,Human,OrganismalFitness,progen3_3b,Progen3_3b,single_sequence,official_zero_shot_paired_complete_case,0.24169820137699416,1.7673187282158405,1.654627033401371,-6.823483107261446,0.1,0.122040072859745,-0.26938665841651904,0.1458467269520423,3.9886351811810545,10972
SOX30_HUMAN_Tsuboyama_2023_7JJK,SOX30_HUMAN,Human,Stability,progen3_3b,Progen3_3b,single_sequence,official_zero_shot_paired_complete_case,0.3422375293109657,1.6287009936535286,1.498612701276251,-2.4872972949376577,0.1,0.13861386138613863,-0.012525078261566812,0.5844325023994721,0.747808175375334,1010
SPA_STAAU_Tsuboyama_2023_1LP1,SPA_STAAU,Prokaryote,Stability,progen3_3b,Progen3_3b,single_sequence,official_zero_shot_paired_complete_case,0.17822586201060825,2.5117636610365133,2.3938177218197803,-9.78204410891438,0.1,0.0673076923076923,-0.3300958074680613,0.18286728058729787,0.9738749811515546,1035
SPG1_STRSG_Olson_2014,SPG1_STRSG,Prokaryote,Binding,progen3_3b,Progen3_3b,single_sequence,official_zero_shot_paired_complete_case,0.26660541356214906,2.2023492981547377,2.040168435317743,-0.4152396853913136,0.1,0.23809523809523808,0.4687431488153651,0.6077616183303977,0.19124195826009643,1045
SPG2_STRSG_Tsuboyama_2023_5UBS,SPG2_STRSG,Prokaryote,Stability,progen3_3b,Progen3_3b,single_sequence,official_zero_shot_paired_complete_case,0.2211577822750684,2.07488558678821,1.8898055917377659,-2.6766734917818162,0.1,0.1553398058252427,-0.5416379557483476,0.1731877106319255,0.05139246379064546,1029
SPIKE_SARS2_Starr_2020_binding,SPIKE_SARS2,Virus,Binding,progen3_3b,Progen3_3b,single_sequence,official_zero_shot_paired_complete_case,0.3336404908272572,1.7074146888962105,0.9783358376257232,-0.46577640080978067,0.1,0.1942257217847769,-0.3744356955380577,0.43895509549381595,0.0,3802
SPIKE_SARS2_Starr_2020_expression,SPIKE_SARS2,Virus,Expression,progen3_3b,Progen3_3b,single_sequence,official_zero_shot_paired_complete_case,0.372459347369216,1.4668632220013673,1.0883146866603477,-1.0331568692710884,0.1,0.15789473684210525,-0.5268157894736842,0.5343225089350172,0.3985471253158213,3798
SPTN1_CHICK_Tsuboyama_2023_1TUD,SPTN1_CHICK,Eukaryote,Stability,progen3_3b,Progen3_3b,single_sequence,official_zero_shot_paired_complete_case,0.3624097697555308,1.8485752764406072,1.62160421056276,-0.8128168613904561,0.1,0.1320754716981132,-0.9747630601923183,0.2791840159034754,0.15968893265181863,1051
SQSTM_MOUSE_Tsuboyama_2023_2RRU,SQSTM_MOUSE,Eukaryote,Stability,progen3_3b,Progen3_3b,single_sequence,official_zero_shot_paired_complete_case,0.5482058738218513,1.7940849026567596,1.6414048140314004,-3.883907741512882,0.1,0.323943661971831,-0.11725161386009027,0.9854326682581591,0.4382730522522596,707
SR43C_ARATH_Tsuboyama_2023_2N88,SR43C_ARATH,Eukaryote,Stability,progen3_3b,Progen3_3b,single_sequence,official_zero_shot_paired_complete_case,0.32752885846754726,2.0480990144091584,1.836424664008611,-2.590795159273763,0.1,0.16853932584269662,-0.5085138632796048,0.4371481982994776,0.03808890654455654,889
SRBS1_HUMAN_Tsuboyama_2023_2O2W,SRBS1_HUMAN,Human,Stability,progen3_3b,Progen3_3b,single_sequence,official_zero_shot_paired_complete_case,0.5121286208286691,1.521426936128248,1.3639629817041605,-0.570018871197435,0.1,0.13114754098360656,-0.23681529398426265,0.6496274850712399,0.0,1211
SRC_HUMAN_Ahler_2019,SRC_HUMAN,Human,Activity,progen3_3b,Progen3_3b,single_sequence,official_zero_shot_paired_complete_case,0.344935439228514,0.9805413909254375,0.7912842615189799,-0.011790444293234392,0.1,0.07692307692307693,-0.039331223857988165,0.3910272913588388,2.7872107770568686,3372
SRC_HUMAN_Chakraborty_2023_binding-DAS_25uM,SRC_HUMAN,Human,Activity,progen3_3b,Progen3_3b,single_sequence,official_zero_shot_paired_complete_case,0.26828796150404444,0.7484012356214699,0.5188106498408028,-0.21503251447363758,0.1,0.06043956043956044,0.1760073223708791,0.20189722475989297,1.533967438477322,3637
SRC_HUMAN_Nguyen_2022,SRC_HUMAN,Human,OrganismalFitness,progen3_3b,Progen3_3b,single_sequence,official_zero_shot_paired_complete_case,0.2841129932837656,0.5924515425907969,0.4800621630907356,-0.08996761131257713,0.1,0.08011869436201781,-0.30252401185464045,0.2809309775984623,3.223096677014482,3366
SUMO1_HUMAN_Weile_2017,SUMO1_HUMAN,Human,OrganismalFitness,progen3_3b,Progen3_3b,single_sequence,official_zero_shot_paired_complete_case,0.39891094772005103,1.1629561920815885,1.1133841195288234,-9.207965002233772,0.1,0.17647058823529413,0.6790296311352941,0.6945054499733403,1.5182372370352701,1700
SYUA_HUMAN_Newberry_2020,SYUA_HUMAN,Human,OrganismalFitness,progen3_3b,Progen3_3b,single_sequence,official_zero_shot_paired_complete_case,0.21522950528951307,2.0398815161489114,2.03573732068674,-194.20985981100108,0.1,0.04,-0.023199183593571617,0.33412822873842035,0.3511662666805572,2497
TADBP_HUMAN_Bolognesi_2019,TADBP_HUMAN,Human,OrganismalFitness,progen3_3b,Progen3_3b,single_sequence,official_zero_shot_paired_complete_case,0.03437900251948598,0.6988482367407809,0.6917691100814534,-51.645905922611995,0.1,0.0,0.0029478003057647056,-0.010339615612717864,3.124300379707208,1196
TAT_HV1BR_Fernandes_2016,TAT_HV1BR,Virus,OrganismalFitness,progen3_3b,Progen3_3b,single_sequence,official_zero_shot_paired_complete_case,0.27981501652476876,0.7491112298709691,0.7233121993822427,-13.40092762172709,0.1,0.12025316455696203,-0.029222912562930657,0.4415653010414552,1.7535836771561457,1577
TCRG1_MOUSE_Tsuboyama_2023_1E0L,TCRG1_MOUSE,Eukaryote,Stability,progen3_3b,Progen3_3b,single_sequence,official_zero_shot_paired_complete_case,0.6244005197207778,1.6717568008520256,1.5307510698408615,-3.1397306970315455,0.1,0.2222222222222222,-0.2543401758811431,0.7430277523727673,0.0,621
THO1_YEAST_Tsuboyama_2023_2WQG,THO1_YEAST,Eukaryote,Stability,progen3_3b,Progen3_3b,single_sequence,official_zero_shot_paired_complete_case,0.44385049424059025,2.127028722843423,1.9632389471929355,-5.214886413268281,0.1,0.3333333333333333,0.051736386752909744,0.7729879220312172,0.025704834881280888,656
TNKS2_HUMAN_Tsuboyama_2023_5JRT,TNKS2_HUMAN,Human,Stability,progen3_3b,Progen3_3b,single_sequence,official_zero_shot_paired_complete_case,0.4364749455328524,1.8320096946284516,1.6236237509147682,-2.6326758907333527,0.1,0.11607142857142858,-0.44774416888976043,0.5534228104324821,0.28153159999472027,1118
TPK1_HUMAN_Weile_2017,TPK1_HUMAN,Human,OrganismalFitness,progen3_3b,Progen3_3b,single_sequence,official_zero_shot_paired_complete_case,0.26825084163840307,1.2571509227805486,1.141545873885885,-4.571010377850914,0.1,0.14106583072100312,0.6492615925360501,0.43111380537886795,0.14046530418308836,3181
TPMT_HUMAN_Matreyek_2018,TPMT_HUMAN,Human,Expression,progen3_3b,Progen3_3b,single_sequence,official_zero_shot_paired_complete_case,0.498583779551788,2.1693627392415613,2.143344725408717,-36.29062533435605,0.1,0.19726027397260273,0.9715989802547944,0.5962067890862489,1.0400994091835423,3648
TPOR_HUMAN_Bridgford_2020,TPOR_HUMAN,Human,OrganismalFitness,progen3_3b,Progen3_3b,single_sequence,official_zero_shot_paired_complete_case,0.38688039059003626,2.0517598729588613,2.0151864580698793,-26.71936751665741,0.1,0.3684210526315789,-0.028942406452877694,0.8256598147273524,0.0,562
TRPC_SACS2_Chan_2017,TRPC_SACS2,Prokaryote,OrganismalFitness,progen3_3b,Progen3_3b,single_sequence,official_zero_shot_paired_complete_case,0.6086640886272765,1.4266335761664208,1.3003397612725478,-4.474201629806667,0.1,0.40789473684210525,0.10767405325,1.076083426197751,0.5427776354458935,1519
TRPC_THEMA_Chan_2017,TRPC_THEMA,Prokaryote,OrganismalFitness,progen3_3b,Progen3_3b,single_sequence,official_zero_shot_paired_complete_case,0.4348083008750944,1.1989598739578737,1.0398572001955233,-2.904566907569806,0.1,0.34210526315789475,-0.09153494493421055,0.9830381735696494,0.8271724400148858,1519
UBC9_HUMAN_Weile_2017,UBC9_HUMAN,Human,OrganismalFitness,progen3_3b,Progen3_3b,single_sequence,official_zero_shot_paired_complete_case,0.46551603765074384,0.9500592205240637,0.8215476055622317,-2.6295699034782762,0.1,0.12062256809338522,0.7358056172840467,0.5797423675491954,4.896918910033254,2563
UBE4B_HUMAN_Tsuboyama_2023_3L1X,UBE4B_HUMAN,Human,Stability,progen3_3b,Progen3_3b,single_sequence,official_zero_shot_paired_complete_case,0.47403744829178796,1.1631162813824352,0.9967217234876307,-0.14003287010617438,0.1,0.23214285714285715,-0.28553216093207884,0.76017842521972,0.5620589761448594,1118
UBE4B_MOUSE_Starita_2013,UBE4B_MOUSE,Eukaryote,Activity,progen3_3b,Progen3_3b,single_sequence,official_zero_shot_paired_complete_case,0.33625031564003505,1.1573024438508652,0.8468183055661846,-0.056026183284504594,0.1,0.1,-0.03954605394444445,0.45947980301421276,1.7795991066470929,899
UBR5_HUMAN_Tsuboyama_2023_1I2T,UBR5_HUMAN,Human,Stability,progen3_3b,Progen3_3b,single_sequence,official_zero_shot_paired_complete_case,0.3788108979243124,2.0987475999752867,1.9393743687022813,-4.628096972155031,0.1,0.10909090909090909,0.0018414839820406015,0.5769951497284794,0.466373245899227,1094
VG08_BPP22_Tsuboyama_2023_2GP8,VG08_BPP22,Virus,Stability,progen3_3b,Progen3_3b,single_sequence,official_zero_shot_paired_complete_case,0.5448244673125939,1.8107804633796711,1.753852202514381,-10.217437719655939,0.1,0.1232876712328767,-0.030344279545721633,0.5800209808668666,2.8130927277263273,723
VILI_CHICK_Tsuboyama_2023_1YU5,VILI_CHICK,Eukaryote,Stability,progen3_3b,Progen3_3b,single_sequence,official_zero_shot_paired_complete_case,0.4076066399177223,1.5889765908265858,1.4407126619031672,-2.3402408298961555,0.1,0.08264462809917356,-0.50806635691706,0.295176399048198,0.29754537355352156,1202
VKOR1_HUMAN_Chiasson_2020_abundance,VKOR1_HUMAN,Human,Expression,progen3_3b,Progen3_3b,single_sequence,official_zero_shot_paired_complete_case,0.46967137030803097,2.1191348842066913,2.091362696766053,-34.92545331702622,0.1,0.18888888888888888,0.8968306222397607,0.6289286674417492,0.0,2695
VKOR1_HUMAN_Chiasson_2020_activity,VKOR1_HUMAN,Human,Activity,progen3_3b,Progen3_3b,single_sequence,official_zero_shot_paired_complete_case,0.4287056318937706,2.1836377250100583,2.14132757941663,-21.323489406566726,0.1,0.08571428571428572,0.8207382177319421,0.2234108446708071,0.0,697
VRPI_BPT7_Tsuboyama_2023_2WNM,VRPI_BPT7,Virus,Stability,progen3_3b,Progen3_3b,single_sequence,official_zero_shot_paired_complete_case,0.47357944320006473,2.420105187972352,2.238182611240905,-5.5808306335169515,0.1,0.22857142857142856,-0.18955058048278736,0.5316400294248104,0.220891906072008,1047
YAIA_ECOLI_Tsuboyama_2023_2KVT,YAIA_ECOLI,Prokaryote,Stability,progen3_3b,Progen3_3b,single_sequence,official_zero_shot_paired_complete_case,0.35323535836713366,1.520016462825619,1.3484087566422627,-0.4924315007707629,0.1,0.1935483870967742,-0.8620910695935,0.24121493889783502,0.02456909868091525,928
YNZC_BACSU_Tsuboyama_2023_2JVD,YNZC_BACSU,Prokaryote,Stability,progen3_3b,Progen3_3b,single_sequence,official_zero_shot_paired_complete_case,0.44728028344891635,1.5598036652752085,1.4120413873900517,-2.559067783611356,0.1,0.2222222222222222,-0.08982443956835484,0.6530425898310487,1.155837142432507,714
A0A140D2T1_ZIKV_Sourisseau_2019,A0A140D2T1_ZIKV,Virus,OrganismalFitness,prosst_2048,ProSST-2048,sequence_structure,official_zero_shot_paired_complete_case,0.2797153149351677,7.633797327512331,6.184051854667167,-281.85323513867155,0.1,0.1315240083507307,0.20877154425120295,0.0660966057930449,8.764846867025039,9576
A0A192B1T2_9HIV1_Haddox_2018,A0A192B1T2_9HIV1,Virus,OrganismalFitness,prosst_2048,ProSST-2048,sequence_structure,official_zero_shot_paired_complete_case,0.4465928272328365,4.529135704174864,3.393149359794721,-3.604336795293108,0.1,0.15023847376788554,-1.8576887888751987,0.3541598410268601,0.3829324384005697,12577
A0A1I9GEU1_NEIME_Kennouche_2019,A0A1I9GEU1_NEIME,Prokaryote,Activity,prosst_2048,ProSST-2048,sequence_structure,official_zero_shot_paired_complete_case,0.07635309556297629,7.503825754683163,6.253524398129829,-22.75088513829862,0.1,0.13978494623655913,0.1293870967741936,0.08217653963979278,1.3547883797826947,922
A0A247D711_LISMN_Stadelmann_2021,A0A247D711_LISMN,Prokaryote,Activity,prosst_2048,ProSST-2048,sequence_structure,official_zero_shot_paired_complete_case,0.5087562024030642,5.93619027044129,5.086860184735415,-19.824906037145936,0.1,0.15060240963855423,0.10022351894770627,0.4517777559506347,0.05756653055574187,1653
A0A2Z5U3Z0_9INFA_Doud_2016,A0A2Z5U3Z0_9INFA,Virus,OrganismalFitness,prosst_2048,ProSST-2048,sequence_structure,official_zero_shot_paired_complete_case,0.4826859725779439,5.309476072495866,3.9726267986311945,-17.00509050284237,0.1,0.15764925373134328,-1.5798687726781717,0.3901692091588302,0.17319686178738536,10715
A0A2Z5U3Z0_9INFA_Wu_2014,A0A2Z5U3Z0_9INFA,Virus,OrganismalFitness,prosst_2048,ProSST-2048,sequence_structure,official_zero_shot_paired_complete_case,0.3700451405408432,6.588069303414209,5.358913002227254,-43.474634893413544,0.1,0.1574468085106383,0.49118884695744686,0.09359804326750565,13.955747825645037,2350
A4D664_9INFA_Soh_2019,A4D664_9INFA,Virus,OrganismalFitness,prosst_2048,ProSST-2048,sequence_structure,official_zero_shot_paired_complete_case,0.2958951247875435,7.278336200397586,6.113343554996825,-281.6999368828012,0.1,0.13444213444213443,0.43695164447831064,0.15081280384525403,21.039226378118737,14421
A4GRB6_PSEAI_Chen_2020,A4GRB6_PSEAI,Prokaryote,OrganismalFitness,prosst_2048,ProSST-2048,sequence_structure,official_zero_shot_paired_complete_case,0.650218907497959,5.383312021258581,4.535305651894091,-5.599543735234813,0.1,0.19760479041916168,-0.7054906004916496,0.5838189466003229,0.2954291760993713,5004
A4_HUMAN_Seuma_2022,A4_HUMAN,Human,Stability,prosst_2048,ProSST-2048,sequence_structure,official_zero_shot_paired_complete_case,0.43309521257479366,5.4721076458251074,4.33989451795929,-9.97793503369757,0.1,0.0625,-0.9806436735720776,0.03811010349328326,0.5581058502294173,796
AACC1_PSEAI_Dandage_2018,AACC1_PSEAI,Prokaryote,OrganismalFitness,prosst_2048,ProSST-2048,sequence_structure,official_zero_shot_paired_complete_case,0.3716531174318071,6.901122167932381,6.113682004281825,-12.743673889859348,0.1,0.19337016574585636,1.5590312721102213,0.36637206845233133,0.38243370237042656,1801
ACE2_HUMAN_Chan_2020,ACE2_HUMAN,Human,Binding,prosst_2048,ProSST-2048,sequence_structure,official_zero_shot_paired_complete_case,0.22481687665751984,5.893892923188131,4.961028916309531,-26.3514463518345,0.1,0.09865470852017937,-0.11352697885426008,0.2594732735873998,0.5421850868199422,2223
ADRB2_HUMAN_Jones_2020,ADRB2_HUMAN,Human,Activity,prosst_2048,ProSST-2048,sequence_structure,official_zero_shot_paired_complete_case,0.521150246030148,9.319516935700443,8.258409893051638,-158.0002374385717,0.1,0.16153846153846155,2.276893241436187,0.45405435902737123,1.7865857120990576,7800
AMFR_HUMAN_Tsuboyama_2023_4G3O,AMFR_HUMAN,Human,Stability,prosst_2048,ProSST-2048,sequence_structure,official_zero_shot_paired_complete_case,0.7209712482342527,5.079305013656564,4.529910700777938,-26.020266627392253,0.1,0.3170731707317073,0.1274591471328454,0.8647683344659335,0.1489896801764587,820
AMIE_PSEAE_Wrenbeck_2017,AMIE_PSEAE,Prokaryote,Activity,prosst_2048,ProSST-2048,sequence_structure,official_zero_shot_paired_complete_case,0.4859319101256916,6.912016237791196,5.666914239020567,-324.052089486824,0.1,0.18138041733547353,-0.1813833065810594,0.3134296548394798,0.0,6227
ANCSZ_Hobbs_2022,ANCSZ,Eukaryote,Activity,prosst_2048,ProSST-2048,sequence_structure,official_zero_shot_paired_complete_case,0.5911614545732226,8.722422390960885,7.224059156057796,-2182.3483748898875,0.1,0.16274089935760172,-0.0025822436275219052,0.5749957212218682,0.22813051586152647,4670
ARGR_ECOLI_Tsuboyama_2023_1AOY,ARGR_ECOLI,Prokaryote,Stability,prosst_2048,ProSST-2048,sequence_structure,official_zero_shot_paired_complete_case,0.6192969020746423,5.966552569199728,5.198106821738549,-28.497149151563157,0.1,0.29457364341085274,-0.09986198510237099,0.7069598230288295,0.4362991661847919,1287
BBC1_YEAST_Tsuboyama_2023_1TG0,BBC1_YEAST,Eukaryote,Stability,prosst_2048,ProSST-2048,sequence_structure,official_zero_shot_paired_complete_case,0.5855551614989961,5.660439955490939,4.6700833800668695,-22.698106188106877,0.1,0.27522935779816515,0.13351031602631458,0.8671355622504117,0.24430625780857304,1084
BCHB_CHLTE_Tsuboyama_2023_2KRU,BCHB_CHLTE,Prokaryote,Stability,prosst_2048,ProSST-2048,sequence_structure,official_zero_shot_paired_complete_case,0.5892347300645984,5.382336012009523,4.769080659489266,-18.686875022365125,0.1,0.34831460674157305,0.11609855348399206,0.7896783631664626,0.0,890
BLAT_ECOLX_Deng_2012,BLAT_ECOLX,Prokaryote,OrganismalFitness,prosst_2048,ProSST-2048,sequence_structure,official_zero_shot_paired_complete_case,0.4978837050530413,6.106183780246649,4.653868901738714,-14.986091941079541,0.1,0.276,-1.672463595918,0.685730430621785,0.8527695097589457,4996
BLAT_ECOLX_Firnberg_2014,BLAT_ECOLX,Prokaryote,OrganismalFitness,prosst_2048,ProSST-2048,sequence_structure,official_zero_shot_paired_complete_case,0.7664785522501604,8.750365906705694,7.5329267774325706,-379.02668900430524,0.1,0.2776617954070981,0.9172772442588727,0.9081235072875854,2.8656497260758442,4783
BLAT_ECOLX_Jacquier_2013,BLAT_ECOLX,Prokaryote,OrganismalFitness,prosst_2048,ProSST-2048,sequence_structure,official_zero_shot_paired_complete_case,0.6709304923167628,5.495633882167078,4.543520686308983,-6.929887914156743,0.1,0.23232323232323232,-0.5202266523333332,0.5318094048889801,0.0,989
BLAT_ECOLX_Stiffler_2015,BLAT_ECOLX,Prokaryote,OrganismalFitness,prosst_2048,ProSST-2048,sequence_structure,official_zero_shot_paired_complete_case,0.7603065684167988,7.046857817304166,5.851810457148747,-36.44868938007286,0.1,0.288,-0.276854530904,0.849936402508863,0.10672072708380417,4996
BRCA1_HUMAN_Findlay_2018,BRCA1_HUMAN,Human,OrganismalFitness,prosst_2048,ProSST-2048,sequence_structure,official_zero_shot_paired_complete_case,0.4965533237787145,6.046714545429594,4.660961165200465,-44.71794700114965,0.1,0.15217391304347827,-0.23103111310869567,0.41514533075721444,0.6573751786278111,1837
C6KNH7_9INFA_Lee_2018,C6KNH7_9INFA,Virus,OrganismalFitness,prosst_2048,ProSST-2048,sequence_structure,official_zero_shot_paired_complete_case,0.4453203312060327,5.49836845511352,4.163543430552402,-28.906008197057698,0.1,0.1533457249070632,-1.2277858139688045,0.3395066534703467,0.5963304741050363,10754
CALM1_HUMAN_Weile_2017,CALM1_HUMAN,Human,OrganismalFitness,prosst_2048,ProSST-2048,sequence_structure,official_zero_shot_paired_complete_case,0.20586874461411334,10.064084959193732,8.863511270519739,-759.5711958717612,0.1,0.08241758241758242,0.8613404555714285,0.32704353620707743,0.21894213532279164,1813
CAPSD_AAV2S_Sinai_2021,CAPSD_AAV2S,Virus,OrganismalFitness,prosst_2048,ProSST-2048,sequence_structure,official_zero_shot_paired_complete_case,0.41009286978695836,4.4118745577408855,3.7473452132810405,-3.176710264590775,0.1,0.037037037037037035,-0.8388949691453789,0.004167348632772305,1.2201464342505022,532
CAR11_HUMAN_Meitlis_2020_gof,CAR11_HUMAN,Human,OrganismalFitness,prosst_2048,ProSST-2048,sequence_structure,official_zero_shot_paired_complete_case,0.3542097965836676,7.020361088982561,5.469512090788583,-122.96076431844662,0.1,0.08823529411764706,-0.2845647443116246,0.09957406940662605,1.612594792149226,2374
CAR11_HUMAN_Meitlis_2020_lof,CAR11_HUMAN,Human,OrganismalFitness,prosst_2048,ProSST-2048,sequence_structure,official_zero_shot_paired_complete_case,0.4684050334465019,6.659031049130114,5.1823482213846495,-86.9392666193214,0.1,0.09166666666666666,-0.5028292303090278,0.21431639102762853,0.001906656336882432,2395
CAS9_STRP1_Spencer_2017_positive,CAS9_STRP1,Prokaryote,Activity,prosst_2048,ProSST-2048,sequence_structure,official_zero_shot_paired_complete_case,0.16963297069574867,6.276004622712363,5.082843490732294,-102.84515421658699,0.1,0.10344827586206896,-0.20625717172963676,0.07414149115641117,1.88673148566506,8117
CASP3_HUMAN_Roychowdhury_2020,CASP3_HUMAN,Human,Activity,prosst_2048,ProSST-2048,sequence_structure,official_zero_shot_paired_complete_case,0.549745793027801,6.674659508259462,5.442763926178674,-95.7083150421935,0.1,0.2229299363057325,0.4003990541466008,0.6650133156366715,0.304348764331783,1567
CASP7_HUMAN_Roychowdhury_2020,CASP7_HUMAN,Human,Activity,prosst_2048,ProSST-2048,sequence_structure,official_zero_shot_paired_complete_case,0.517884714386591,6.0851340661495,4.813267574052402,-55.80923037844987,0.1,0.14285714285714285,-0.0249457431907464,0.43580422509310024,3.6667474918774854,1680
CATR_CHLRE_Tsuboyama_2023_2AMI,CATR_CHLRE,Eukaryote,Stability,prosst_2048,ProSST-2048,sequence_structure,official_zero_shot_paired_complete_case,0.5250119477445738,8.840615473874402,7.715434668038924,-115.77082678546422,0.1,0.17164179104477612,0.0833878931787863,0.6121909235878034,0.00934513196012491,1340
CBPA2_HUMAN_Tsuboyama_2023_1O6X,CBPA2_HUMAN,Human,Stability,prosst_2048,ProSST-2048,sequence_structure,official_zero_shot_paired_complete_case,0.7270121567003213,5.268784617410093,4.463939468089619,-19.68384822242382,0.1,0.3161764705882353,0.07528281161991153,0.7626527443210129,0.0,1357
CBS_HUMAN_Sun_2020,CBS_HUMAN,Human,OrganismalFitness,prosst_2048,ProSST-2048,sequence_structure,official_zero_shot_paired_complete_case,0.29480007232634786,7.9681971237587295,6.7161959182951385,-286.71246072581386,0.1,0.11357340720221606,0.5750271931608171,0.2532422271521903,1.1042190095313893,7217
CBX4_HUMAN_Tsuboyama_2023_2K28,CBX4_HUMAN,Human,Stability,prosst_2048,ProSST-2048,sequence_structure,official_zero_shot_paired_complete_case,0.7001550067230687,6.38819278005878,5.683251552969554,-42.8499926710919,0.1,0.358695652173913,0.08305861005608828,0.8984882584330518,0.5554768081477206,917
CCDB_ECOLI_Adkar_2012,CCDB_ECOLI,Prokaryote,Activity,prosst_2048,ProSST-2048,sequence_structure,official_zero_shot_paired_complete_case,0.4152040695164323,30.675766471529908,22.365228353714457,-0.678940523515358,0.1,0.15254237288135594,-20.677966101694917,0.2689812652455509,0.0,1176
CCR5_HUMAN_Gill_2023,CCR5_HUMAN,Human,Binding,prosst_2048,ProSST-2048,sequence_structure,official_zero_shot_paired_complete_case,0.36274200980624977,7.704229355739555,6.421713946536819,-212.0061977057796,0.1,0.16612377850162866,0.0814128664495114,0.40759375667990727,5.9862382736984205,6137
CD19_HUMAN_Klesmith_2019_FMC_singles,CD19_HUMAN,Human,Binding,prosst_2048,ProSST-2048,sequence_structure,official_zero_shot_paired_complete_case,0.28669152227583794,5.214545448207282,3.963878809884019,-1.9543206197006495,0.1,0.23076923076923078,-0.29321294707381534,0.44187132522121436,0.0,3761
CP2C9_HUMAN_Amorosi_2021_abundance,CP2C9_HUMAN,Human,Expression,prosst_2048,ProSST-2048,sequence_structure,official_zero_shot_paired_complete_case,0.6321776053199702,8.69238026560616,7.4332025219186,-704.1075588545878,0.1,0.19937205651491366,0.8963004135478808,0.6406832588441629,0.45421501338448794,6370
CP2C9_HUMAN_Amorosi_2021_activity,CP2C9_HUMAN,Human,Binding,prosst_2048,ProSST-2048,sequence_structure,official_zero_shot_paired_complete_case,0.6523470048887561,8.390652291020968,7.126383645195793,-527.9249894345404,0.1,0.2552845528455285,0.8156395000292681,0.7537869888068566,0.12592360586662102,6142
CSN4_MOUSE_Tsuboyama_2023_1UFM,CSN4_MOUSE,Eukaryote,Stability,prosst_2048,ProSST-2048,sequence_structure,official_zero_shot_paired_complete_case,0.7253111820379676,5.621148640807496,4.769630467932519,-26.451243653325374,0.1,0.3382352941176471,0.06454741755070231,0.8300767746567896,0.07987760568349063,1353
CUE1_YEAST_Tsuboyama_2023_2MYX,CUE1_YEAST,Eukaryote,Stability,prosst_2048,ProSST-2048,sequence_structure,official_zero_shot_paired_complete_case,0.6780246896230755,5.307932299224438,4.561340148953701,-24.913838658223835,0.1,0.3541666666666667,-0.14605607706833643,0.9250154673160716,0.0,955
D7PM05_CLYGR_Somermeyer_2022,D7PM05_CLYGR,Eukaryote,Activity,prosst_2048,ProSST-2048,sequence_structure,official_zero_shot_paired_complete_case,0.41972587756987034,24491.332305417945,21776.351342483853,-3.7738006566862436,0.1,0.07692307692307693,20361.73559656239,-0.1258478285654372,0.0,1169
DLG4_HUMAN_Faure_2021,DLG4_HUMAN,Human,OrganismalFitness,prosst_2048,ProSST-2048,sequence_structure,official_zero_shot_paired_complete_case,0.6895709018136286,9.037439610484729,7.579193738986044,-536.6452099193737,0.1,0.265625,-0.04172485994667987,0.8297475484004595,0.0,1280
DLG4_RAT_McLaughlin_2012,DLG4_RAT,Eukaryote,Binding,prosst_2048,ProSST-2048,sequence_structure,official_zero_shot_paired_complete_case,0.5245617595155244,9.207514024226025,7.745520860845338,-513.497332444006,0.1,0.10759493670886076,-0.023059013607594936,0.3662492569603776,0.2682730547215164,1576
DN7A_SACS2_Tsuboyama_2023_1JIC,DN7A_SACS2,Prokaryote,Stability,prosst_2048,ProSST-2048,sequence_structure,official_zero_shot_paired_complete_case,0.6964119983561198,5.158464357174983,4.749115811658623,-19.922903997403953,0.1,0.44554455445544555,0.018810004811157143,0.7719948746456132,0.0,1008
DNJA1_HUMAN_Tsuboyama_2023_2LO1,DNJA1_HUMAN,Human,Stability,prosst_2048,ProSST-2048,sequence_structure,official_zero_shot_paired_complete_case,0.6543682590099219,7.363515383467148,6.544758032405589,-35.986433367143654,0.1,0.19672131147540983,-0.05559731121602815,0.7918856421609969,0.03947149688627292,1216
DOCK1_MOUSE_Tsuboyama_2023_2M0Y,DOCK1_MOUSE,Eukaryote,Stability,prosst_2048,ProSST-2048,sequence_structure,official_zero_shot_paired_complete_case,0.7224758019493235,6.782953223691193,5.532800316605017,-47.25750529003992,0.1,0.3524590163934426,0.3012750075413911,0.9938356995168697,0.0,1213
DYR_ECOLI_Nguyen_2023,DYR_ECOLI,Prokaryote,OrganismalFitness,prosst_2048,ProSST-2048,sequence_structure,official_zero_shot_paired_complete_case,0.46539456899486653,8.650048621528892,7.332607667355379,-913.8763483115217,0.1,0.1917808219178082,0.9408561643835617,0.2696737427863325,0.41960813326492236,2916
DYR_ECOLI_Thompson_2019,DYR_ECOLI,Prokaryote,OrganismalFitness,prosst_2048,ProSST-2048,sequence_structure,official_zero_shot_paired_complete_case,0.4801004259082532,6.565385402557097,5.438877798936611,-77.31461600543093,0.1,0.19831223628691982,-0.1677285400843882,0.3006556377931084,0.0,2363
ENVZ_ECOLI_Ghose_2023,ENVZ_ECOLI,Prokaryote,Activity,prosst_2048,ProSST-2048,sequence_structure,official_zero_shot_paired_complete_case,0.25034699963553314,10.186054658775308,9.49458381471403,-80.54820889491799,0.1,0.09734513274336283,3.3067356160770927,0.17557993520235063,0.0,1121
ENV_HV1BR_Haddox_2016,ENV_HV1BR,Virus,OrganismalFitness,prosst_2048,ProSST-2048,sequence_structure,official_zero_shot_paired_complete_case,0.2916699020380875,6.73553508434429,5.5136180079519965,-9873.600048260721,0.1,0.1320901320901321,0.0532685915764904,0.1686173270639154,2.6682092479373596,12863
EPHB2_HUMAN_Tsuboyama_2023_1F0M,EPHB2_HUMAN,Human,Stability,prosst_2048,ProSST-2048,sequence_structure,official_zero_shot_paired_complete_case,0.7489882217881839,6.604259500678628,5.553850926073154,-25.356319251849232,0.1,0.31451612903225806,0.02210826442601498,0.8229959749583825,0.0,1239
ESTA_BACSU_Nutschel_2020,ESTA_BACSU,Prokaryote,Stability,prosst_2048,ProSST-2048,sequence_structure,official_zero_shot_paired_complete_case,0.334715424314859,51.25291013015591,51.16289414068173,-437.46297826775435,0.1,0.20642201834862386,47.25967889908257,0.48504002527667117,0.0,2172
FECA_ECOLI_Tsuboyama_2023_2D1U,FECA_ECOLI,Prokaryote,Stability,prosst_2048,ProSST-2048,sequence_structure,official_zero_shot_paired_complete_case,0.6474206050171855,4.934506844679296,4.348567142586908,-29.5596773334769,0.1,0.22950819672131148,0.0636079602956753,0.8089561383049043,2.238196223760951,1219
FKBP3_HUMAN_Tsuboyama_2023_2KFV,FKBP3_HUMAN,Human,Stability,prosst_2048,ProSST-2048,sequence_structure,official_zero_shot_paired_complete_case,0.5973186655593061,5.348477832264591,4.638058398633067,-39.84590853733927,0.1,0.16129032258064516,0.12790337654957176,0.6630968719733412,0.35793390441276696,1237
GAL4_YEAST_Kitzman_2015,GAL4_YEAST,Eukaryote,OrganismalFitness,prosst_2048,ProSST-2048,sequence_structure,official_zero_shot_paired_complete_case,0.5861382367381414,5.267033414271044,4.12720215999731,0.00937639388199496,0.1,0.21666666666666667,-0.9920833333333334,0.741214784244795,0.15873311863011527,1195
GDIA_HUMAN_Silverstein_2021,GDIA_HUMAN,Human,OrganismalFitness,prosst_2048,ProSST-2048,sequence_structure,official_zero_shot_paired_complete_case,0.4063119200601648,7.004215250556088,6.007429455628964,-656.7200351727734,0.1,0.1206896551724138,0.814109087025862,0.311138928132637,0.004870150770439456,1154
GFP_AEQVI_Sarkisyan_2016,GFP_AEQVI,Eukaryote,Activity,prosst_2048,ProSST-2048,sequence_structure,official_zero_shot_paired_complete_case,0.4519788686659732,8.234195808616084,7.5612267202282,-174.31014202816186,0.1,0.1559633027522936,3.5784339029427765,0.23429955930284366,0.2528349949452262,1084
GRB2_HUMAN_Faure_2021,GRB2_HUMAN,Human,OrganismalFitness,prosst_2048,ProSST-2048,sequence_structure,official_zero_shot_paired_complete_case,0.7977238609420098,8.254563075183082,6.920503334195474,-334.3544921253118,0.1,0.3269230769230769,0.01975520056381477,0.993404372487278,0.0,1034
HCP_LAMBD_Tsuboyama_2023_2L6Q,HCP_LAMBD,Virus,Stability,prosst_2048,ProSST-2048,sequence_structure,official_zero_shot_paired_complete_case,0.6974339807579761,5.536036838750432,4.876163199351061,-30.863969493441363,0.1,0.34615384615384615,0.06210729656028447,0.8036219301428289,0.24073915089941425,1040
HECD1_HUMAN_Tsuboyama_2023_3DKM,HECD1_HUMAN,Human,Stability,prosst_2048,ProSST-2048,sequence_structure,official_zero_shot_paired_complete_case,0.5298312427718651,4.9512418767233255,4.3053901791196845,-22.803520450922683,0.1,0.232,-0.22202375771913896,0.6940286676789833,0.023495450574298696,1244
HEM3_HUMAN_Loggerenberg_2023,HEM3_HUMAN,Human,Activity,prosst_2048,ProSST-2048,sequence_structure,official_zero_shot_paired_complete_case,0.3818887723967479,8.427513151271768,7.118466481050383,-371.75867479241236,0.1,0.1265377855887522,0.7065829887680141,0.30557672244456446,0.4100583128204159,5689
HMDH_HUMAN_Jiang_2019,HMDH_HUMAN,Human,OrganismalFitness,prosst_2048,ProSST-2048,sequence_structure,official_zero_shot_paired_complete_case,0.3218347930699687,7.253356940558413,6.07861482731174,-753.5335594315148,0.1,0.11921708185053381,0.47676162514827997,-0.011918821960200858,0.0,16853
HSP82_YEAST_Cote-Hammarlof_2020_growth-H2O2,HSP82_YEAST,Eukaryote,OrganismalFitness,prosst_2048,ProSST-2048,sequence_structure,official_zero_shot_paired_complete_case,0.2273746823493883,7.600548321750562,6.129231772505754,-214022.97364343033,0.1,0.13716814159292035,-0.0068774339115044185,0.10191650083511798,0.19908862645895561,2252
HSP82_YEAST_Flynn_2019,HSP82_YEAST,Eukaryote,OrganismalFitness,prosst_2048,ProSST-2048,sequence_structure,official_zero_shot_paired_complete_case,0.3390322593237806,7.299182494840151,6.059215978414152,-385.8138310288243,0.1,0.11353383458646617,-0.10394545118522565,0.21098217233643293,1.566599326849906,13294
HSP82_YEAST_Mishra_2016,HSP82_YEAST,Eukaryote,OrganismalFitness,prosst_2048,ProSST-2048,sequence_structure,official_zero_shot_paired_complete_case,0.42684054016117917,8.373993903381017,7.013025855869105,-551.7561255746505,0.1,0.10392609699769054,-0.051445121787528865,0.3889077494247752,1.1805038783197728,4323
HXK4_HUMAN_Gersing_2022_activity,HXK4_HUMAN,Human,OrganismalFitness,prosst_2048,ProSST-2048,sequence_structure,official_zero_shot_paired_complete_case,0.47967827125656837,8.463161526082523,7.150891371377331,-121.71787818132067,0.1,0.13885647607934656,0.9378994398669778,0.36654390013333676,1.2335850511328594,8570
HXK4_HUMAN_Gersing_2023_abundance,HXK4_HUMAN,Human,Expression,prosst_2048,ProSST-2048,sequence_structure,official_zero_shot_paired_complete_case,0.397706736059121,8.559436499215316,7.184844468095822,-579.6665997259385,0.1,0.15357142857142858,0.8555932114435749,0.4570032730333623,0.4926593630931032,8396
I6TAH8_I68A0_Doud_2015,I6TAH8_I68A0,Virus,OrganismalFitness,prosst_2048,ProSST-2048,sequence_structure,official_zero_shot_paired_complete_case,0.27051635501939447,5.511525180345417,4.195668295859148,-24.806389451546725,0.1,0.15100316789862725,-1.9221012097693135,0.2139972052818179,0.0,9462
IF1_ECOLI_Kelsic_2016,IF1_ECOLI,Prokaryote,OrganismalFitness,prosst_2048,ProSST-2048,sequence_structure,official_zero_shot_paired_complete_case,0.4360728468375753,7.784253583880566,6.619833273650031,-741.3879134824294,0.1,0.10948905109489052,0.9033400243284672,0.3878797804252139,0.22926606183510603,1367
ILF3_HUMAN_Tsuboyama_2023_2L33,ILF3_HUMAN,Human,Stability,prosst_2048,ProSST-2048,sequence_structure,official_zero_shot_paired_complete_case,0.526323764482053,7.093303734779284,6.173747957370556,-74.75036813635612,0.1,0.13533834586466165,0.04442627886833262,0.4563159493056015,0.48696696879631,1329
ISDH_STAAW_Tsuboyama_2023_2LHR,ISDH_STAAW,Prokaryote,Stability,prosst_2048,ProSST-2048,sequence_structure,official_zero_shot_paired_complete_case,0.6262343611968201,4.6604485494785575,4.214429791978719,-33.02465521102518,0.1,0.3829787234042553,0.0030302011503208167,0.8741567985719043,0.19384176593913377,940
KCNE1_HUMAN_Muhammad_2023_expression,KCNE1_HUMAN,Human,Expression,prosst_2048,ProSST-2048,sequence_structure,official_zero_shot_paired_complete_case,0.28769721479103905,6.488028548129342,5.766568514035204,-294.25943749853764,0.1,0.17094017094017094,1.1086740159658122,0.3904651838283103,0.010848226352844745,2339
KCNE1_HUMAN_Muhammad_2023_function,KCNE1_HUMAN,Human,Activity,prosst_2048,ProSST-2048,sequence_structure,official_zero_shot_paired_complete_case,0.33783456267703943,6.304696445973045,5.566291186953546,-250.2053326823758,0.1,0.16810344827586207,0.8647885755129311,0.25880714418767103,0.08251328190978674,2315
KCNJ2_MOUSE_Coyote-Maestas_2022_function,KCNJ2_MOUSE,Eukaryote,Activity,prosst_2048,ProSST-2048,sequence_structure,official_zero_shot_paired_complete_case,0.2210169248654163,6.73331010126584,5.535585189429664,-122.65255723781694,0.1,0.10903873744619799,0.03894010849928264,0.0556830856462239,0.1239102813386047,6963
KCNJ2_MOUSE_Coyote-Maestas_2022_surface,KCNJ2_MOUSE,Eukaryote,Expression,prosst_2048,ProSST-2048,sequence_structure,official_zero_shot_paired_complete_case,0.3708982971838983,5.78503269459384,4.835698745757093,-6.200950787314155,0.1,0.1199421965317919,-0.13139888253757223,0.2911802533324104,0.7773339333320723,6917
KKA2_KLEPN_Melnikov_2014,KKA2_KLEPN,Prokaryote,OrganismalFitness,prosst_2048,ProSST-2048,sequence_structure,official_zero_shot_paired_complete_case,0.5497873065733294,8.118893694085424,7.385578019307025,-69.15182806322441,0.1,0.1975806451612903,1.7170042338709677,0.5805764167200158,0.27580544117205485,4960
LGK_LIPST_Klesmith_2015,LGK_LIPST,Eukaryote,Activity,prosst_2048,ProSST-2048,sequence_structure,official_zero_shot_paired_complete_case,0.45546765324036553,7.209173643266536,5.919750539851884,-200.6710365374563,0.1,0.17743979721166034,-0.5110515842839036,0.3177795600938801,0.2501727485083078,7890
MAFG_MOUSE_Tsuboyama_2023_1K1V,MAFG_MOUSE,Eukaryote,Stability,prosst_2048,ProSST-2048,sequence_structure,official_zero_shot_paired_complete_case,0.7104912784646932,6.568073376158018,5.77084462635808,-82.95128207034269,0.1,0.2727272727272727,0.11316056819567791,0.8396253797613591,0.5042025273986962,762
MBD11_ARATH_Tsuboyama_2023_6ACV,MBD11_ARATH,Eukaryote,Stability,prosst_2048,ProSST-2048,sequence_structure,official_zero_shot_paired_complete_case,0.6180957199235732,4.672528001967008,4.262244204486785,-17.523504250389554,0.1,0.23275862068965517,-0.09350365362613032,0.6207629196304614,0.0,1155
MET_HUMAN_Estevam_2023,MET_HUMAN,Human,Activity,prosst_2048,ProSST-2048,sequence_structure,official_zero_shot_paired_complete_case,0.5861510410695481,6.264823422321742,5.284731029350098,-3.327888041842436,0.1,0.1574074074074074,-0.5126375990210319,0.6077642160358698,0.001963292174602817,5393
MK01_HUMAN_Brenan_2016,MK01_HUMAN,Human,OrganismalFitness,prosst_2048,ProSST-2048,sequence_structure,official_zero_shot_paired_complete_case,0.21297104538559147,4.904962857653551,4.1596797928697855,-17.48236153794298,0.1,0.0881057268722467,-8.174320004358295,-0.013034599716885803,0.0,6809
MLAC_ECOLI_MacRae_2023,MLAC_ECOLI,Prokaryote,OrganismalFitness,prosst_2048,ProSST-2048,sequence_structure,official_zero_shot_paired_complete_case,0.32895431539321723,6.191116800955132,5.41057391461498,-358.6027047665022,0.1,0.12967581047381546,-0.14820147432294264,0.24438450451554386,0.28656322536314255,4007
MSH2_HUMAN_Jia_2020,MSH2_HUMAN,Human,OrganismalFitness,prosst_2048,ProSST-2048,sequence_structure,official_zero_shot_paired_complete_case,0.3559402018080935,9.274322547274446,8.557432419319525,-19.39971197710977,0.1,0.11761194029850747,3.4959940298507464,0.30912607986845275,0.25811051152018577,16749
MTH3_HAEAE_RockahShmuel_2015,MTH3_HAEAE,Prokaryote,OrganismalFitness,prosst_2048,ProSST-2048,sequence_structure,official_zero_shot_paired_complete_case,0.5311522129935425,7.219454717904696,6.15508123990184,-386.84704499367376,0.1,0.15168539325842698,0.5697191011235955,0.3776988171395421,0.0,1777
MTHR_HUMAN_Weile_2021,MTHR_HUMAN,Human,OrganismalFitness,prosst_2048,ProSST-2048,sequence_structure,official_zero_shot_paired_complete_case,0.3847239972292757,7.362614060891214,6.260540604745101,-688.7214414784643,0.1,0.12830793905372895,0.7561858861267041,0.36203730406007334,0.005350521170165614,12464
MYO3_YEAST_Tsuboyama_2023_2BTT,MYO3_YEAST,Eukaryote,Stability,prosst_2048,ProSST-2048,sequence_structure,official_zero_shot_paired_complete_case,0.664266272475454,4.658361757337781,4.022596258522146,-18.97440209475141,0.1,0.4105263157894737,0.18655595307784173,1.1026965917592744,0.09995165699270563,947
NCAP_I34A1_Doud_2015,NCAP_I34A1,Virus,OrganismalFitness,prosst_2048,ProSST-2048,sequence_structure,official_zero_shot_paired_complete_case,0.28301873503367364,5.204765283149078,3.912485138565655,-17.033377908838105,0.1,0.14255543822597677,-2.5139589607091573,0.18947599658646994,0.39740944871740336,9462
NKX31_HUMAN_Tsuboyama_2023_2L9R,NKX31_HUMAN,Human,Stability,prosst_2048,ProSST-2048,sequence_structure,official_zero_shot_paired_complete_case,0.6306280281134711,8.31502719482716,7.074676515249237,-257.13020379843175,0.1,0.30434782608695654,0.07650604558474088,0.826437841537331,2.679452959368168,1149
NPC1_HUMAN_Erwood_2022_HEK293T,NPC1_HUMAN,Human,Activity,prosst_2048,ProSST-2048,sequence_structure,official_zero_shot_paired_complete_case,0.6677074668058961,8.123965959489237,6.655291510377743,-422.7529190698312,0.1,0.28125,0.76003588909375,0.6242552940455942,0.0,637
NUD15_HUMAN_Suiter_2020,NUD15_HUMAN,Human,Expression,prosst_2048,ProSST-2048,sequence_structure,official_zero_shot_paired_complete_case,0.6608127954150484,8.289381452521752,7.1284962566672805,-493.86404197273754,0.1,0.18596491228070175,0.7463836326265277,0.5926201110341154,0.11213577721992882,2844
NUSA_ECOLI_Tsuboyama_2023_1WCL,NUSA_ECOLI,Prokaryote,Stability,prosst_2048,ProSST-2048,sequence_structure,official_zero_shot_paired_complete_case,0.7144834487033255,6.137570544016668,5.191614633203031,-32.101335349901035,0.1,0.2824427480916031,-0.071231882120006,0.7624247299844777,0.5446589705875334,1306
NUSG_MYCTU_Tsuboyama_2023_2MI6,NUSG_MYCTU,Prokaryote,Stability,prosst_2048,ProSST-2048,sequence_structure,official_zero_shot_paired_complete_case,0.7087466190457127,5.175124469500187,4.481399430815806,-11.935705850442632,0.1,0.18627450980392157,-0.09067845017202376,0.7697951660447583,0.08583263996688659,1019
OBSCN_HUMAN_Tsuboyama_2023_1V1C,OBSCN_HUMAN,Human,Stability,prosst_2048,ProSST-2048,sequence_structure,official_zero_shot_paired_complete_case,0.696008483301056,5.4721966050711695,4.673764100153892,-18.999286884301483,0.1,0.39344262295081966,-0.05312884763510847,0.7938839581960573,0.0,1213
ODP2_GEOSE_Tsuboyama_2023_1W4G,ODP2_GEOSE,Prokaryote,Stability,prosst_2048,ProSST-2048,sequence_structure,official_zero_shot_paired_complete_case,0.583479931242528,5.148449472076049,4.55454069904615,-41.82670923854039,0.1,0.40298507462686567,-0.12585083655373286,0.8213329155618608,0.0,669
OTC_HUMAN_Lo_2023,OTC_HUMAN,Human,Activity,prosst_2048,ProSST-2048,sequence_structure,official_zero_shot_paired_complete_case,0.6201602361437515,7.1024578942072285,5.973333412354463,-327.09614867171456,0.1,0.33121019108280253,0.7379490445859873,0.711253707498714,0.06375759213470306,1570
OTU7A_HUMAN_Tsuboyama_2023_2L2D,OTU7A_HUMAN,Human,Stability,prosst_2048,ProSST-2048,sequence_structure,official_zero_shot_paired_complete_case,0.7238016859701358,5.345346074483356,4.507824304041393,-38.90599684070329,0.1,0.359375,0.22508261523107817,1.0239109369600738,0.0,635
OXDA_RHOTO_Vanella_2023_activity,OXDA_RHOTO,Eukaryote,Activity,prosst_2048,ProSST-2048,sequence_structure,official_zero_shot_paired_complete_case,0.3551116499580914,7.7682956344640095,6.444861814258935,-8717.413552417642,0.1,0.1453125,-0.062352949196000894,0.3048586977831775,0.07702593876929012,6396
OXDA_RHOTO_Vanella_2023_expression,OXDA_RHOTO,Eukaryote,Expression,prosst_2048,ProSST-2048,sequence_structure,official_zero_shot_paired_complete_case,0.40148081087275506,7.876616528098692,6.549463858286441,-3266.519538529361,0.1,0.14918759231905465,-0.027009276540879885,0.3708717187894207,0.20565289403468132,6769
P53_HUMAN_Giacomelli_2018_Null_Etoposide,P53_HUMAN,Human,OrganismalFitness,prosst_2048,ProSST-2048,sequence_structure,official_zero_shot_paired_complete_case,0.42476316861788666,6.070640525976047,5.0444909178018005,-37.499816600372675,0.1,0.07898259705488621,0.25840251097624733,0.21634979002239366,0.9335154620923583,7467
P53_HUMAN_Giacomelli_2018_Null_Nutlin,P53_HUMAN,Human,OrganismalFitness,prosst_2048,ProSST-2048,sequence_structure,official_zero_shot_paired_complete_case,0.4029944461572987,6.14078926618804,5.029896864658627,-37.47775777253351,0.1,0.0856760374832664,0.14684061118015765,0.1199569343496223,2.210073714416849,7467
P53_HUMAN_Giacomelli_2018_WT_Nutlin,P53_HUMAN,Human,OrganismalFitness,prosst_2048,ProSST-2048,sequence_structure,official_zero_shot_paired_complete_case,0.38662244174556304,6.046960722829836,4.996624147895015,-33.11810799683685,0.1,0.05622489959839357,0.030729398790707168,0.04886304326618859,2.185231215830709,7467
P53_HUMAN_Kotler_2018,P53_HUMAN,Human,OrganismalFitness,prosst_2048,ProSST-2048,sequence_structure,official_zero_shot_paired_complete_case,0.6121551552817851,8.691847035582068,7.6179255778206105,-53.060662819240676,0.1,0.17142857142857143,1.9414771803296493,0.5430262296397181,0.13658686700252623,1048
P84126_THETH_Chan_2017,P84126_THETH,Prokaryote,OrganismalFitness,prosst_2048,ProSST-2048,sequence_structure,official_zero_shot_paired_complete_case,0.6925017442859565,10.386300260349174,9.310629020767696,-292.56425753380734,0.1,0.3618421052631579,0.126511566375,0.9748273866421004,0.017354440812570444,1519
PABP_YEAST_Melamed_2013,PABP_YEAST,Eukaryote,OrganismalFitness,prosst_2048,ProSST-2048,sequence_structure,official_zero_shot_paired_complete_case,0.6544333627387248,9.394957519758764,8.042710163093819,-664.4592214330619,0.1,0.17647058823529413,0.8893024745126051,0.6343609608621283,4.643042540863748,1187
PAI1_HUMAN_Huttinger_2021,PAI1_HUMAN,Human,Activity,prosst_2048,ProSST-2048,sequence_structure,official_zero_shot_paired_complete_case,0.4244794347121516,6.748380212077064,5.5090337259838735,-29.793261201321762,0.1,0.2205607476635514,0.4347789533140187,0.5472066716791633,0.0,5345
PA_I34A1_Wu_2015,PA_I34A1,Virus,OrganismalFitness,prosst_2048,ProSST-2048,sequence_structure,official_zero_shot_paired_complete_case,0.26275586470820417,5.7363970171119885,4.860919431936222,-130.97946340935178,0.1,0.0989010989010989,0.517402674837912,0.13858490121943307,4.456072488352535,1820
PHOT_CHLRE_Chen_2023,PHOT_CHLRE,Eukaryote,Activity,prosst_2048,ProSST-2048,sequence_structure,official_zero_shot_paired_complete_case,0.6331349209270228,8.466807460517357,7.623915092091047,-575.366906516476,0.1,0.22065727699530516,1.253901273281044,0.549192371215862,0.304293502984966,2122
PIN1_HUMAN_Tsuboyama_2023_1I6C,PIN1_HUMAN,Human,Stability,prosst_2048,ProSST-2048,sequence_structure,official_zero_shot_paired_complete_case,0.733846795340072,6.798731910600857,5.929088227633826,-72.71531691046798,0.1,0.34782608695652173,0.018792362683592752,0.9173059407739559,0.3143905798546123,686
PITX2_HUMAN_Tsuboyama_2023_2L7M,PITX2_HUMAN,Human,Stability,prosst_2048,ProSST-2048,sequence_structure,official_zero_shot_paired_complete_case,0.6592938669928965,8.074479462553711,7.044473600175396,-62.97398219502992,0.1,0.2872340425531915,0.17689393770504103,0.8972128931207632,0.0,938
PKN1_HUMAN_Tsuboyama_2023_1URF,PKN1_HUMAN,Human,Stability,prosst_2048,ProSST-2048,sequence_structure,official_zero_shot_paired_complete_case,0.5840059169711297,5.305181874214086,4.766482832455832,-43.85414369541685,0.1,0.2824427480916031,0.21866592602129464,0.6741042707661659,0.2752833411664747,1301
POLG_CXB3N_Mattenberger_2021,POLG_CXB3N,Virus,OrganismalFitness,prosst_2048,ProSST-2048,sequence_structure,official_zero_shot_paired_complete_case,0.20632268022893893,4.738210916411097,3.229855601317674,-18.986324923536003,0.1,0.14567430025445294,-2.355605378768291,0.19086701644407286,0.9744792050787674,15711
POLG_DEN26_Suphatrakul_2023,POLG_DEN26,Virus,OrganismalFitness,prosst_2048,ProSST-2048,sequence_structure,official_zero_shot_paired_complete_case,0.39846069366663833,4.519325013115991,3.4896858713220618,-1.9677734571834629,0.1,0.11715976331360947,-4.125929246471454,0.07597407838281246,0.5225159923246422,16897
POLG_HCVJF_Qi_2014,POLG_HCVJF,Virus,OrganismalFitness,prosst_2048,ProSST-2048,sequence_structure,official_zero_shot_paired_complete_case,0.4840974045872193,7.20101238137717,5.601677513681803,-359.7457019459785,0.1,0.18404907975460122,-0.5761703894478527,0.4192520552575261,0.5531628318968395,1630
POLG_PESV_Tsuboyama_2023_2MXD,POLG_PESV,Virus,Stability,prosst_2048,ProSST-2048,sequence_structure,official_zero_shot_paired_complete_case,0.7305600631700843,4.7259774803372165,4.219302565608285,-16.451395531263532,0.1,0.3,-0.18578222523394688,0.7559315573825869,0.0,995
PPARG_HUMAN_Majithia_2016,PPARG_HUMAN,Human,Activity,prosst_2048,ProSST-2048,sequence_structure,official_zero_shot_paired_complete_case,0.4619873829931179,5.823704800564329,5.032512209378139,-4.329773967276146,0.1,0.09498956158663883,0.2605250521920668,0.3050954119390299,0.36153461181182556,9576
PPM1D_HUMAN_Miller_2022,PPM1D_HUMAN,Human,OrganismalFitness,prosst_2048,ProSST-2048,sequence_structure,official_zero_shot_paired_complete_case,0.5079764526821824,7.558986571562782,6.252427015338578,-649.994108199348,0.1,0.1432192648922687,0.10610444866920152,0.379956811475293,1.4581718233830854,7889
PR40A_HUMAN_Tsuboyama_2023_1UZC,PR40A_HUMAN,Human,Stability,prosst_2048,ProSST-2048,sequence_structure,official_zero_shot_paired_complete_case,0.7007976618044123,5.323423301491945,4.674431825068318,-39.4100355037797,0.1,0.15384615384615385,-0.007403529829009338,0.6173843432718382,0.40175558052755067,1163
PRKN_HUMAN_Clausen_2023,PRKN_HUMAN,Human,Expression,prosst_2048,ProSST-2048,sequence_structure,official_zero_shot_paired_complete_case,0.6333706108560373,7.578364390579316,6.363710371033136,-368.49794763621213,0.1,0.18036529680365296,0.9025961899401103,0.5304805023884274,0.04287531448069569,8756
PSAE_PICP2_Tsuboyama_2023_1PSE,PSAE_PICP2,Prokaryote,Stability,prosst_2048,ProSST-2048,sequence_structure,official_zero_shot_paired_complete_case,0.6371439860026683,6.175899005045413,5.199239245965907,-84.85884109714374,0.1,0.22950819672131148,0.19656714650644075,0.7529570727797044,0.0,1219
PTEN_HUMAN_Matreyek_2021,PTEN_HUMAN,Human,Expression,prosst_2048,ProSST-2048,sequence_structure,official_zero_shot_paired_complete_case,0.4965235249307171,8.167584367577874,6.909654318582538,-687.0338712344156,0.1,0.13948919449901767,0.8759025720161894,0.5107848625383977,0.03884367034038336,5083
PTEN_HUMAN_Mighell_2018,PTEN_HUMAN,Human,Activity,prosst_2048,ProSST-2048,sequence_structure,official_zero_shot_paired_complete_case,0.512559088033888,6.44127592625194,5.305485911943737,-19.554843046337343,0.1,0.1721763085399449,-0.2589895159476583,0.46572742056521993,0.3031324046846511,7260
Q2N0S5_9HIV1_Haddox_2018,Q2N0S5_9HIV1,Virus,OrganismalFitness,prosst_2048,ProSST-2048,sequence_structure,official_zero_shot_paired_complete_case,0.49501187716189304,4.595181460079042,3.542412608626793,-3.266334167519547,0.1,0.1586802827965436,-1.49958017135271,0.42703561944609475,0.0,12729
Q53Z42_HUMAN_McShan_2019_binding-TAPBPR,Q53Z42_HUMAN,Human,Binding,prosst_2048,ProSST-2048,sequence_structure,official_zero_shot_paired_complete_case,0.4354648967195266,6.861402104081248,5.804888572729946,-40.218634264669376,0.1,0.22686567164179106,0.8708507462686568,0.7175786318118763,0.0,3344
Q53Z42_HUMAN_McShan_2019_expression,Q53Z42_HUMAN,Human,Expression,prosst_2048,ProSST-2048,sequence_structure,official_zero_shot_paired_complete_case,0.5966814402189595,5.7858781307143134,4.768423570120734,-8.775841345142068,0.1,0.3611940298507463,0.506731343283582,0.8241820671120504,0.0,3344
Q59976_STRSQ_Romero_2015,Q59976_STRSQ,Prokaryote,Activity,prosst_2048,ProSST-2048,sequence_structure,official_zero_shot_paired_complete_case,0.5687602985324397,6.448692438556307,5.444404628149466,-52.40269183389583,0.1,0.21333333333333335,-0.4528733333333334,0.5559164829053969,0.9802255479611718,2999
Q6WV12_9MAXI_Somermeyer_2022,Q6WV12_9MAXI,Eukaryote,Activity,prosst_2048,ProSST-2048,sequence_structure,official_zero_shot_paired_complete_case,0.3547426391556664,15192.439606853843,14514.807189160392,-10.460364519063676,0.1,0.1391304347826087,12822.430887587778,-0.3761960826969118,0.4075699525695247,1141
Q837P4_ENTFA_Meier_2023,Q837P4_ENTFA,Prokaryote,Activity,prosst_2048,ProSST-2048,sequence_structure,official_zero_shot_paired_complete_case,0.6306120850780528,6.04081634653872,4.665508525544387,-21.781761764608323,0.1,0.12857142857142856,-0.4584923023904762,0.5693794721472966,0.10285950067222563,697
Q837P5_ENTFA_Meier_2023,Q837P5_ENTFA,Prokaryote,Activity,prosst_2048,ProSST-2048,sequence_structure,official_zero_shot_paired_complete_case,0.573325948487215,5.688814491362727,4.591206379871517,-19.202433887907247,0.1,0.18666666666666668,-0.7109476715977776,0.5118576229431556,0.22830548050957783,747
Q8WTC7_9CNID_Somermeyer_2022,Q8WTC7_9CNID,Eukaryote,Activity,prosst_2048,ProSST-2048,sequence_structure,official_zero_shot_paired_complete_case,0.32306128228598524,8178.075786783633,7593.118548600795,-6.244961952138033,0.1,0.10743801652892562,6851.4903562478685,-0.24284505907652507,1.1980890059192366,1201
R1AB_SARS2_Flynn_2022,R1AB_SARS2,Virus,OrganismalFitness,prosst_2048,ProSST-2048,sequence_structure,official_zero_shot_paired_complete_case,0.42985625382435305,7.427301517764143,6.362615623470891,-315.8113296994909,0.1,0.15357766143106458,0.7118096946445744,0.168627720461698,0.018502765062847724,5725
RAD_ANTMA_Tsuboyama_2023_2CJJ,RAD_ANTMA,Eukaryote,Stability,prosst_2048,ProSST-2048,sequence_structure,official_zero_shot_paired_complete_case,0.5120283046181985,5.000411759012599,4.521614262150425,-50.68633064830147,0.1,0.2948717948717949,0.24860003417285442,0.831148710641761,0.5719244986710419,774
RASH_HUMAN_Bandaru_2017,RASH_HUMAN,Human,Activity,prosst_2048,ProSST-2048,sequence_structure,official_zero_shot_paired_complete_case,0.6194400162596025,8.531922988191825,7.272129685572815,-789.0150662090982,0.1,0.18471337579617833,0.07120106063694266,0.6469042032574823,7.896718585902575,3134
RASK_HUMAN_Weng_2022_abundance,RASK_HUMAN,Human,Expression,prosst_2048,ProSST-2048,sequence_structure,official_zero_shot_paired_complete_case,0.311373473850809,8.21377210335305,6.8867182085900565,-502.0601225847544,0.1,0.1986970684039088,-0.1340425173311609,0.539800227612513,0.3674416581808002,3066
RASK_HUMAN_Weng_2022_binding-DARPin_K55,RASK_HUMAN,Human,Binding,prosst_2048,ProSST-2048,sequence_structure,official_zero_shot_paired_complete_case,0.622514719493112,8.221499222002498,6.9644910127649835,-566.2178515020059,0.1,0.22330097087378642,-0.016948482857523282,0.6388169104082018,0.00609572175651704,3084
RBP1_HUMAN_Tsuboyama_2023_2KWH,RBP1_HUMAN,Human,Stability,prosst_2048,ProSST-2048,sequence_structure,official_zero_shot_paired_complete_case,0.6086717582750505,5.3056720147316545,4.752121871627374,-52.83638747885339,0.1,0.24489795918367346,0.24196231954409791,0.7719911919593295,0.8317568739928521,975
RCD1_ARATH_Tsuboyama_2023_5OAO,RCD1_ARATH,Eukaryote,Stability,prosst_2048,ProSST-2048,sequence_structure,official_zero_shot_paired_complete_case,0.5196948499129148,5.54771986873464,4.908392708656411,-74.59313831189947,0.1,0.2222222222222222,0.2130124370377254,0.7900699265968533,0.0,988
RCRO_LAMBD_Tsuboyama_2023_1ORC,RCRO_LAMBD,Virus,Stability,prosst_2048,ProSST-2048,sequence_structure,official_zero_shot_paired_complete_case,0.7008555743833004,5.656919352804793,4.9828766242092435,-18.210973921228028,0.1,0.36666666666666664,0.002067957494157883,0.8201504266446891,0.16966481212972867,1195
RD23A_HUMAN_Tsuboyama_2023_1IFY,RD23A_HUMAN,Human,Stability,prosst_2048,ProSST-2048,sequence_structure,official_zero_shot_paired_complete_case,0.6611342568981127,6.440695630984541,5.434424671562432,-35.50920948874958,0.1,0.3625,-0.05716112909791231,0.821988965162606,0.19199998422786282,798
RDRP_I33A0_Li_2023,RDRP_I33A0,Virus,OrganismalFitness,prosst_2048,ProSST-2048,sequence_structure,official_zero_shot_paired_complete_case,0.294246046463453,5.912372801076339,4.5722750045416145,-84.06334646150414,0.1,0.12156536219816819,-1.3142795137877308,0.13447220353298026,0.7356186006860557,12003
REV_HV1H2_Fernandes_2016,REV_HV1H2,Virus,OrganismalFitness,prosst_2048,ProSST-2048,sequence_structure,official_zero_shot_paired_complete_case,0.329666887515298,5.0894413514946875,4.5650470420820435,-544.5291821967394,0.1,0.09302325581395349,-0.06239806968054412,0.2677632380719241,1.1894975362796414,2147
RFAH_ECOLI_Tsuboyama_2023_2LCL,RFAH_ECOLI,Prokaryote,Stability,prosst_2048,ProSST-2048,sequence_structure,official_zero_shot_paired_complete_case,0.52387887949806,5.578799946526211,4.741154408587071,-68.37443491159853,0.1,0.36082474226804123,0.44319179360715594,1.069402591543748,0.0,969
RL20_AQUAE_Tsuboyama_2023_1GYZ,RL20_AQUAE,Prokaryote,Stability,prosst_2048,ProSST-2048,sequence_structure,official_zero_shot_paired_complete_case,0.6383454898462507,6.71823087140038,5.851794118319129,-84.76206354301328,0.1,0.23008849557522124,0.03103879594199568,0.5857561145182928,0.2286823317256027,1121
RL40A_YEAST_Mavor_2016,RL40A_YEAST,Eukaryote,OrganismalFitness,prosst_2048,ProSST-2048,sequence_structure,official_zero_shot_paired_complete_case,0.6279038919242179,8.675933162150692,6.932940001813463,-2111.8704485173407,0.1,0.1349206349206349,-0.02156916076984126,0.6811029942985461,0.984693404322619,1253
RL40A_YEAST_Roscoe_2013,RL40A_YEAST,Eukaryote,OrganismalFitness,prosst_2048,ProSST-2048,sequence_structure,official_zero_shot_paired_complete_case,0.7285078644647089,8.003628728270042,6.377186654646149,-535.7045211410738,0.1,0.21666666666666667,-0.022993325061633946,0.6995889457548169,0.016614722868483135,1195
RL40A_YEAST_Roscoe_2014,RL40A_YEAST,Eukaryote,Activity,prosst_2048,ProSST-2048,sequence_structure,official_zero_shot_paired_complete_case,0.7075924740561197,9.772553835430298,8.272308346565604,-499.86497129965784,0.1,0.18115942028985507,0.9895857430507244,0.618371546213281,0.5017286447956258,1380
RNC_ECOLI_Weeks_2023,RNC_ECOLI,Prokaryote,Activity,prosst_2048,ProSST-2048,sequence_structure,official_zero_shot_paired_complete_case,0.5515141599318643,7.914797320148046,6.603283365805354,-158.90806919809458,0.1,0.14485981308411214,-0.04375296082009346,0.5307699579065163,0.251587773521491,4277
RPC1_BP434_Tsuboyama_2023_1R69,RPC1_BP434,Virus,Stability,prosst_2048,ProSST-2048,sequence_structure,official_zero_shot_paired_complete_case,0.7030260455123065,6.943266130101822,6.052117762378277,-30.88427783615993,0.1,0.2743362831858407,-0.0693768697427432,0.8619031267483908,0.17790219277013034,1124
RS15_GEOSE_Tsuboyama_2023_1A32,RS15_GEOSE,Prokaryote,Stability,prosst_2048,ProSST-2048,sequence_structure,official_zero_shot_paired_complete_case,0.6325138377126535,6.364345451606352,5.603046482030195,-92.79019312980462,0.1,0.25833333333333336,0.18273244915833237,0.7410691126361946,0.35680703853806023,1195
S22A1_HUMAN_Yee_2023_abundance,S22A1_HUMAN,Human,Expression,prosst_2048,ProSST-2048,sequence_structure,official_zero_shot_paired_complete_case,0.6375447559042091,6.452567267999113,5.599921269949263,-21.67206363525932,0.1,0.21406727828746178,0.00046969098674822283,0.6154266090416979,0.0,9803
S22A1_HUMAN_Yee_2023_activity,S22A1_HUMAN,Human,Activity,prosst_2048,ProSST-2048,sequence_structure,official_zero_shot_paired_complete_case,0.5754768605082025,7.263963080843663,6.314032643346229,-64.57324432074017,0.1,0.17425742574257425,0.16293930295643566,0.5156384256247664,0.41450573610881586,10094
SAV1_MOUSE_Tsuboyama_2023_2YSB,SAV1_MOUSE,Eukaryote,Stability,prosst_2048,ProSST-2048,sequence_structure,official_zero_shot_paired_complete_case,0.6531015234302826,5.798093176448757,5.0749131628167845,-45.63324244292519,0.1,0.45588235294117646,0.18655995865309932,0.9977072594496478,0.0,679
SBI_STAAM_Tsuboyama_2023_2JVG,SBI_STAAM,Prokaryote,Stability,prosst_2048,ProSST-2048,sequence_structure,official_zero_shot_paired_complete_case,0.656585544144915,5.322702423483547,4.494098969638751,-60.12295502107055,0.1,0.33980582524271846,0.046517471440057426,0.9650663620860854,0.0,1025
SC6A4_HUMAN_Young_2021,SC6A4_HUMAN,Human,Activity,prosst_2048,ProSST-2048,sequence_structure,official_zero_shot_paired_complete_case,0.49200810324926425,6.955357997754682,5.870643199853792,-26.634900809471596,0.1,0.15889464594127806,0.17439150666753023,0.4998471713816192,0.6818660516243115,11576
SCIN_STAAR_Tsuboyama_2023_2QFF,SCIN_STAAR,Prokaryote,Stability,prosst_2048,ProSST-2048,sequence_structure,official_zero_shot_paired_complete_case,0.5541480783080484,3.9005763128190676,3.4901713800456653,-18.765381297732404,0.1,0.39344262295081966,0.16524965654125987,0.8512862225817431,0.0,1212
SDA_BACSU_Tsuboyama_2023_1PV0,SDA_BACSU,Prokaryote,Stability,prosst_2048,ProSST-2048,sequence_structure,official_zero_shot_paired_complete_case,0.7238682075164964,6.287074960727525,5.5943784692751475,-40.23546056087467,0.1,0.30952380952380953,0.060735468606014704,0.7629380713621817,0.08539531406205708,834
SERC_HUMAN_Xie_2023,SERC_HUMAN,Human,OrganismalFitness,prosst_2048,ProSST-2048,sequence_structure,official_zero_shot_paired_complete_case,0.48240307660210746,7.534253146486268,6.546622127641732,-627.4595652304222,0.1,0.140625,0.9303205252692424,0.37475529197616514,0.22398383040931455,1914
SHOC2_HUMAN_Kwon_2022,SHOC2_HUMAN,Human,OrganismalFitness,prosst_2048,ProSST-2048,sequence_structure,official_zero_shot_paired_complete_case,0.35568755341799363,7.752915623165646,6.20994343796274,-149.5568447973291,0.1,0.16848816029143898,-0.16632739094286259,0.3089535940975844,2.6469430506266693,10972
SOX30_HUMAN_Tsuboyama_2023_7JJK,SOX30_HUMAN,Human,Stability,prosst_2048,ProSST-2048,sequence_structure,official_zero_shot_paired_complete_case,0.39477564393648107,6.9848013714936235,6.193145977078456,-63.13784610211218,0.1,0.19801980198019803,0.00622308693100223,0.6059287124229303,0.740334740536587,1010
SPA_STAAU_Tsuboyama_2023_1LP1,SPA_STAAU,Prokaryote,Stability,prosst_2048,ProSST-2048,sequence_structure,official_zero_shot_paired_complete_case,0.5921690122430179,6.188470179230899,5.3933860537304374,-64.45007721409365,0.1,0.3942307692307692,0.2438098753094865,0.933128164228485,0.0,1035
SPG1_STRSG_Olson_2014,SPG1_STRSG,Prokaryote,Binding,prosst_2048,ProSST-2048,sequence_structure,official_zero_shot_paired_complete_case,0.7104165687948498,9.157188774095905,8.473069752652625,-23.467068176389464,0.1,0.37142857142857144,0.7939018085633417,0.7834018994970706,0.19124195826009643,1045
SPG2_STRSG_Tsuboyama_2023_5UBS,SPG2_STRSG,Prokaryote,Stability,prosst_2048,ProSST-2048,sequence_structure,official_zero_shot_paired_complete_case,0.534114399684654,5.390629554270015,4.81086310156232,-23.81679722695767,0.1,0.1941747572815534,-0.030550077652719845,0.6454996876055182,0.11775772525996411,1029
SPIKE_SARS2_Starr_2020_binding,SPIKE_SARS2,Virus,Binding,prosst_2048,ProSST-2048,sequence_structure,official_zero_shot_paired_complete_case,0.5489299521248474,5.927643831061152,4.752330507169203,-16.666637583342773,0.1,0.2073490813648294,-0.5576115485564305,0.3090688773050254,0.0,3802
SPIKE_SARS2_Starr_2020_expression,SPIKE_SARS2,Virus,Expression,prosst_2048,ProSST-2048,sequence_structure,official_zero_shot_paired_complete_case,0.6046232911535658,5.931595660761024,4.658829691468445,-32.245642162479,0.1,0.16842105263157894,-0.6280263157894737,0.43593918133779974,0.19441323186137618,3798
SPTN1_CHICK_Tsuboyama_2023_1TUD,SPTN1_CHICK,Eukaryote,Stability,prosst_2048,ProSST-2048,sequence_structure,official_zero_shot_paired_complete_case,0.7122650216472142,4.498084649022092,3.90455553925065,-9.733340318532566,0.1,0.330188679245283,-0.1428175259055999,0.8851311287929404,0.1265639292549345,1051
SQSTM_MOUSE_Tsuboyama_2023_2RRU,SQSTM_MOUSE,Eukaryote,Stability,prosst_2048,ProSST-2048,sequence_structure,official_zero_shot_paired_complete_case,0.6650397166283106,6.9195083216161635,5.598439040393287,-71.64938465102091,0.1,0.22535211267605634,-0.39259668230650807,0.6462621956376364,0.5459555066637715,707
SR43C_ARATH_Tsuboyama_2023_2N88,SR43C_ARATH,Eukaryote,Stability,prosst_2048,ProSST-2048,sequence_structure,official_zero_shot_paired_complete_case,0.7775690295773459,5.188092136297814,4.616076938809642,-22.041146978224987,0.1,0.3595505617977528,0.05279245748409983,0.956479260891613,0.03808890654455654,889
SRBS1_HUMAN_Tsuboyama_2023_2O2W,SRBS1_HUMAN,Human,Stability,prosst_2048,ProSST-2048,sequence_structure,official_zero_shot_paired_complete_case,0.7079667188999508,5.848669039591673,4.996775663993397,-22.201537410434334,0.1,0.27049180327868855,-0.16901225768966913,0.7054681367234208,0.27464785553893833,1211
SRC_HUMAN_Ahler_2019,SRC_HUMAN,Human,Activity,prosst_2048,ProSST-2048,sequence_structure,official_zero_shot_paired_complete_case,0.6242121623722443,8.71368816361728,7.328011011804374,-78.90293628502754,0.1,0.2603550295857988,0.32805229565384614,0.7679037636771783,0.2533500116222169,3372
SRC_HUMAN_Chakraborty_2023_binding-DAS_25uM,SRC_HUMAN,Human,Activity,prosst_2048,ProSST-2048,sequence_structure,official_zero_shot_paired_complete_case,0.5398859759313656,9.258707480225782,7.801414210963349,-184.96004156599903,0.1,0.2032967032967033,0.44006329633516483,0.5908129033181412,1.2985770197269146,3637
SRC_HUMAN_Nguyen_2022,SRC_HUMAN,Human,OrganismalFitness,prosst_2048,ProSST-2048,sequence_structure,official_zero_shot_paired_complete_case,0.5293087494118872,8.820592939274654,7.30427678062051,-240.60364629428454,0.1,0.21364985163204747,-0.10599218680241332,0.6272583748277714,0.0,3366
SUMO1_HUMAN_Weile_2017,SUMO1_HUMAN,Human,OrganismalFitness,prosst_2048,ProSST-2048,sequence_structure,official_zero_shot_paired_complete_case,0.4964133238149095,6.6145881897333405,5.4453488697878,-329.2311856569841,0.1,0.20588235294117646,0.6136514813235294,0.5148919991714503,0.6573006479270733,1700
SYUA_HUMAN_Newberry_2020,SYUA_HUMAN,Human,OrganismalFitness,prosst_2048,ProSST-2048,sequence_structure,official_zero_shot_paired_complete_case,0.5142226054032591,8.375715715961187,6.573810367573042,-3290.059398973394,0.1,0.148,-0.008672436619306922,0.4336262179753237,0.4692806207117728,2497
TADBP_HUMAN_Bolognesi_2019,TADBP_HUMAN,Human,OrganismalFitness,prosst_2048,ProSST-2048,sequence_structure,official_zero_shot_paired_complete_case,0.6273667053403368,5.951681594835066,5.119315126638325,-3817.371977284623,0.1,0.65,0.14847688943728599,1.500607413359696,0.0,1196
TAT_HV1BR_Fernandes_2016,TAT_HV1BR,Virus,OrganismalFitness,prosst_2048,ProSST-2048,sequence_structure,official_zero_shot_paired_complete_case,0.4189359466086355,6.315051382895895,4.999111737893516,-1022.4146501934604,0.1,0.12025316455696203,-0.06205350160684176,0.2752517635490443,0.0,1577
TCRG1_MOUSE_Tsuboyama_2023_1E0L,TCRG1_MOUSE,Eukaryote,Stability,prosst_2048,ProSST-2048,sequence_structure,official_zero_shot_paired_complete_case,0.6647758892050707,6.070143542343934,5.206665078784621,-53.578778871824994,0.1,0.1746031746031746,-0.2776154811600147,0.7147002468977517,0.0,621
THO1_YEAST_Tsuboyama_2023_2WQG,THO1_YEAST,Eukaryote,Stability,prosst_2048,ProSST-2048,sequence_structure,official_zero_shot_paired_complete_case,0.4383467276061446,6.339566159747848,5.421018943647038,-54.208451175208936,0.1,0.22727272727272727,-0.06472467215765114,0.6364906481189511,0.0,656
TNKS2_HUMAN_Tsuboyama_2023_5JRT,TNKS2_HUMAN,Human,Stability,prosst_2048,ProSST-2048,sequence_structure,official_zero_shot_paired_complete_case,0.6664166162004094,6.970344089250604,5.793884472949044,-51.587139940454904,0.1,0.29464285714285715,-0.1530836767516128,0.8599771498433723,0.22739660652233404,1118
TPK1_HUMAN_Weile_2017,TPK1_HUMAN,Human,OrganismalFitness,prosst_2048,ProSST-2048,sequence_structure,official_zero_shot_paired_complete_case,0.2490661206935292,6.990061511816288,5.976173527081834,-171.23488741806904,0.1,0.14106583072100312,0.5186126344388715,0.1858206014226819,0.2388631999762702,3181
TPMT_HUMAN_Matreyek_2018,TPMT_HUMAN,Human,Expression,prosst_2048,ProSST-2048,sequence_structure,official_zero_shot_paired_complete_case,0.5570859317777682,7.339342030751664,6.406087230494107,-425.8247237101,0.1,0.16986301369863013,0.9508122836958903,0.5376936856529182,0.5442383196272487,3648
TPOR_HUMAN_Bridgford_2020,TPOR_HUMAN,Human,OrganismalFitness,prosst_2048,ProSST-2048,sequence_structure,official_zero_shot_paired_complete_case,0.5203389431185365,8.419621409554356,6.936773426496997,-465.78337560288696,0.1,0.2807017543859649,-0.051964103549673964,0.7665849872657351,0.0,562
TRPC_SACS2_Chan_2017,TRPC_SACS2,Prokaryote,OrganismalFitness,prosst_2048,ProSST-2048,sequence_structure,official_zero_shot_paired_complete_case,0.6013435128609343,9.719182248881287,8.50858327419097,-253.07115347684524,0.1,0.34210526315789475,0.04671317983552631,0.9761066486422176,0.5427776354458935,1519
TRPC_THEMA_Chan_2017,TRPC_THEMA,Prokaryote,OrganismalFitness,prosst_2048,ProSST-2048,sequence_structure,official_zero_shot_paired_complete_case,0.47845605689658444,9.626008093978045,8.442325717100776,-250.6842372380548,0.1,0.3157894736842105,-0.13681791399342103,0.9084076170170743,0.8271724400148858,1519
UBC9_HUMAN_Weile_2017,UBC9_HUMAN,Human,OrganismalFitness,prosst_2048,ProSST-2048,sequence_structure,official_zero_shot_paired_complete_case,0.4028073613038143,7.682485992359072,6.382657274433891,-236.3325823885502,0.1,0.14396887159533073,0.5862242019455253,0.2797884464800791,2.9457437712778236,2563
UBE4B_HUMAN_Tsuboyama_2023_3L1X,UBE4B_HUMAN,Human,Stability,prosst_2048,ProSST-2048,sequence_structure,official_zero_shot_paired_complete_case,0.7318756796062644,6.141703303935725,5.166595135050368,-30.786943377547235,0.1,0.4107142857142857,-0.01191332395438568,1.0113563940783195,0.0,1118
UBE4B_MOUSE_Starita_2013,UBE4B_MOUSE,Eukaryote,Activity,prosst_2048,ProSST-2048,sequence_structure,official_zero_shot_paired_complete_case,0.4285260563734443,5.506188245830766,4.403634590224105,-22.904686685833372,0.1,0.14444444444444443,-0.04088109442222221,0.45829434846822564,0.0,899
UBR5_HUMAN_Tsuboyama_2023_1I2T,UBR5_HUMAN,Human,Stability,prosst_2048,ProSST-2048,sequence_structure,official_zero_shot_paired_complete_case,0.6194664157978094,5.92037621506776,5.157958996368736,-43.7857402663856,0.1,0.12727272727272726,0.035520290688941525,0.6150646581291459,0.4398167379116888,1094
VG08_BPP22_Tsuboyama_2023_2GP8,VG08_BPP22,Virus,Stability,prosst_2048,ProSST-2048,sequence_structure,official_zero_shot_paired_complete_case,0.6033747881604967,6.107820250028,5.224016314427418,-126.62464925673355,0.1,0.2602739726027397,0.05029311235897242,0.729169005567436,0.0,723
VILI_CHICK_Tsuboyama_2023_1YU5,VILI_CHICK,Eukaryote,Stability,prosst_2048,ProSST-2048,sequence_structure,official_zero_shot_paired_complete_case,0.7277168093397687,5.158489220716619,4.639534023314366,-34.20366153830755,0.1,0.30578512396694213,-0.04776996759862543,0.8246069018117131,0.0,1202
VKOR1_HUMAN_Chiasson_2020_abundance,VKOR1_HUMAN,Human,Expression,prosst_2048,ProSST-2048,sequence_structure,official_zero_shot_paired_complete_case,0.5970875775112215,7.570609611182819,6.7015780128799705,-457.5078326063144,0.1,0.24444444444444444,0.9304475463842303,0.7240111477011512,0.163206931226988,2695
VKOR1_HUMAN_Chiasson_2020_activity,VKOR1_HUMAN,Human,Activity,prosst_2048,ProSST-2048,sequence_structure,official_zero_shot_paired_complete_case,0.30116948059535426,8.307819194217146,7.267780101879112,-322.12828513347125,0.1,0.14285714285714285,0.76407807877333,0.10081434038137391,0.0,697
VRPI_BPT7_Tsuboyama_2023_2WNM,VRPI_BPT7,Virus,Stability,prosst_2048,ProSST-2048,sequence_structure,official_zero_shot_paired_complete_case,0.6632384032528577,5.476526713162496,4.609319916438539,-32.69943730069223,0.1,0.24761904761904763,-0.0038411151913256576,0.7284921754853689,0.043490405331820664,1047
YAIA_ECOLI_Tsuboyama_2023_2KVT,YAIA_ECOLI,Prokaryote,Stability,prosst_2048,ProSST-2048,sequence_structure,official_zero_shot_paired_complete_case,0.6865258963942423,4.050977254459796,3.636992437768891,-9.600282346287235,0.1,0.3870967741935484,-0.009177450068359651,0.9267094178205096,0.0007945398795715669,928
YNZC_BACSU_Tsuboyama_2023_2JVD,YNZC_BACSU,Prokaryote,Stability,prosst_2048,ProSST-2048,sequence_structure,official_zero_shot_paired_complete_case,0.6849330687462853,6.323072308014089,5.651541027584734,-57.486102738422716,0.1,0.3333333333333333,0.126920848139878,0.9151913797491624,0.0,714
A0A140D2T1_ZIKV_Sourisseau_2019,A0A140D2T1_ZIKV,Virus,OrganismalFitness,s3f_msa,S3F_MSA,structure_msa,official_zero_shot_paired_complete_case,0.418495406551375,0.8755971329114908,0.6588840277828386,-2.7212475435101195,0.1,0.2776617954070981,0.4250614717859289,0.5426112422160076,7.703093853777564,9576
A0A192B1T2_9HIV1_Haddox_2018,A0A192B1T2_9HIV1,Virus,OrganismalFitness,s3f_msa,S3F_MSA,structure_msa,official_zero_shot_paired_complete_case,0.5524481935323178,3.167949800292229,2.685878561312157,-1.2526462625851913,0.1,0.2766295707472178,-0.6253658626868045,0.9379983495692994,0.0,12577
A0A1I9GEU1_NEIME_Kennouche_2019,A0A1I9GEU1_NEIME,Prokaryote,Activity,s3f_msa,S3F_MSA,structure_msa,official_zero_shot_paired_complete_case,0.05755662625740773,1.738210570410838,1.3205357819956616,-0.27443911119590814,0.1,0.0967741935483871,0.18054838709677415,0.11540411472307223,1.711345820099425,922
A0A247D711_LISMN_Stadelmann_2021,A0A247D711_LISMN,Prokaryote,Activity,s3f_msa,S3F_MSA,structure_msa,official_zero_shot_paired_complete_case,0.5124188705317325,1.2164543909842649,0.8513840583632818,0.12550146598342782,0.1,0.1686746987951807,0.17323979487788427,0.5079088350211801,0.037608068275842725,1653
A0A2Z5U3Z0_9INFA_Doud_2016,A0A2Z5U3Z0_9INFA,Virus,OrganismalFitness,s3f_msa,S3F_MSA,structure_msa,official_zero_shot_paired_complete_case,0.6112545724916826,2.3068214779053644,2.0895197352383574,-2.3987556720686367,0.1,0.3246268656716418,-0.7874440420942164,1.023461216991862,0.0,10715
A0A2Z5U3Z0_9INFA_Wu_2014,A0A2Z5U3Z0_9INFA,Virus,OrganismalFitness,s3f_msa,S3F_MSA,structure_msa,official_zero_shot_paired_complete_case,0.5443237515205993,1.2119461246936087,0.7938456324429787,-0.5050908030424384,0.1,0.2297872340425532,0.8031001568297873,0.4093377194111695,8.87693850755473,2350
A4D664_9INFA_Soh_2019,A4D664_9INFA,Virus,OrganismalFitness,s3f_msa,S3F_MSA,structure_msa,official_zero_shot_paired_complete_case,0.4095483802114048,0.8157658115260956,0.6240751653581101,-2.551341911437252,0.1,0.26126126126126126,0.685234855862653,0.7243718016485595,0.0,14421
A4GRB6_PSEAI_Chen_2020,A4GRB6_PSEAI,Prokaryote,OrganismalFitness,s3f_msa,S3F_MSA,structure_msa,official_zero_shot_paired_complete_case,0.7386179066490216,2.4713420159813233,2.0154606124468994,-0.3908506943029322,0.1,0.2375249500998004,0.00631109718050317,0.9234961666280237,0.0,5004
A4_HUMAN_Seuma_2022,A4_HUMAN,Human,Stability,s3f_msa,S3F_MSA,structure_msa,official_zero_shot_paired_complete_case,0.5087351246895208,2.3866012281009827,2.023304874813264,-1.0881952889331492,0.1,0.0875,-0.4017612448317429,0.3886165931268275,1.0988668594335438,796
AACC1_PSEAI_Dandage_2018,AACC1_PSEAI,Prokaryote,OrganismalFitness,s3f_msa,S3F_MSA,structure_msa,official_zero_shot_paired_complete_case,0.5414233219196709,1.8232196817850626,1.447548617615847,0.04072878816791403,0.1,0.19337016574585636,1.8713610915793923,0.5341539867025268,0.38243370237042656,1801
ACE2_HUMAN_Chan_2020,ACE2_HUMAN,Human,Binding,s3f_msa,S3F_MSA,structure_msa,official_zero_shot_paired_complete_case,0.26677629396065256,1.3048399084259403,1.0132498367327933,-0.3405724065722211,0.1,0.15246636771300448,-0.12742019058071746,0.24714533219419116,0.18208949426958712,2223
ADRB2_HUMAN_Jones_2020,ADRB2_HUMAN,Human,Activity,s3f_msa,S3F_MSA,structure_msa,official_zero_shot_paired_complete_case,0.5442220754257113,2.1200135620630305,1.9450596980157002,-7.227885653293082,0.1,0.18205128205128204,2.3244088661435196,0.5183441373144075,1.716050776808578,7800
AMFR_HUMAN_Tsuboyama_2023_4G3O,AMFR_HUMAN,Human,Stability,s3f_msa,S3F_MSA,structure_msa,official_zero_shot_paired_complete_case,0.5763381345984357,2.127022185216175,1.9784464011507492,-3.7383275948982977,0.1,0.13414634146341464,-0.027822589988252558,0.7058547942560568,0.1489896801764587,820
AMIE_PSEAE_Wrenbeck_2017,AMIE_PSEAE,Prokaryote,Activity,s3f_msa,S3F_MSA,structure_msa,official_zero_shot_paired_complete_case,0.5844665627637712,0.7842692264193083,0.627236853541031,-3.1847913678261346,0.1,0.13162118780096307,-0.027051043338683786,0.7159876498486717,0.8145987054173618,6227
ANCSZ_Hobbs_2022,ANCSZ,Eukaryote,Activity,s3f_msa,S3F_MSA,structure_msa,official_zero_shot_paired_complete_case,0.5891934941104475,0.8350624100578912,0.7001034474657071,-19.01182417437985,0.1,0.22483940042826553,0.011466317033722109,0.6502543386674402,0.22813051586152647,4670
ARGR_ECOLI_Tsuboyama_2023_1AOY,ARGR_ECOLI,Prokaryote,Stability,s3f_msa,S3F_MSA,structure_msa,official_zero_shot_paired_complete_case,0.576867691327763,1.2296787929640072,1.0435956609549462,-0.25290016932090187,0.1,0.2558139534883721,-0.04925632496221254,0.7530242470500296,0.47561326182821057,1287
BBC1_YEAST_Tsuboyama_2023_1TG0,BBC1_YEAST,Eukaryote,Stability,s3f_msa,S3F_MSA,structure_msa,official_zero_shot_paired_complete_case,0.5172684384136822,1.7599798500690753,1.5429456977359444,-1.2910188193358039,0.1,0.1926605504587156,0.018215626151879796,0.7679802610363721,0.49887532918960137,1084
BCHB_CHLTE_Tsuboyama_2023_2KRU,BCHB_CHLTE,Prokaryote,Stability,s3f_msa,S3F_MSA,structure_msa,official_zero_shot_paired_complete_case,0.4165390885553675,1.4888050574800797,1.219843888787061,-0.5062977998308775,0.1,0.2247191011235955,-0.07850048260360334,0.629258452491147,0.06139297242909117,890
BLAT_ECOLX_Deng_2012,BLAT_ECOLX,Prokaryote,OrganismalFitness,s3f_msa,S3F_MSA,structure_msa,official_zero_shot_paired_complete_case,0.5688803089892333,2.9997168724266245,2.746477636040232,-2.858007748564091,0.1,0.384,-1.18192807038,1.0069276280378467,0.0,4996
BLAT_ECOLX_Firnberg_2014,BLAT_ECOLX,Prokaryote,OrganismalFitness,s3f_msa,S3F_MSA,structure_msa,official_zero_shot_paired_complete_case,0.7951192473502282,0.8291427046152642,0.6762453642065649,-2.41208811281218,0.1,0.42588726513569936,1.070004592901879,1.2483731261969544,0.0,4783
BLAT_ECOLX_Jacquier_2013,BLAT_ECOLX,Prokaryote,OrganismalFitness,s3f_msa,S3F_MSA,structure_msa,official_zero_shot_paired_complete_case,0.7535747928554382,2.0993011845479637,1.6017728745854398,-0.15712683538495087,0.1,0.31313131313131315,-0.03617956045454547,0.7798389102824693,0.0,989
BLAT_ECOLX_Stiffler_2015,BLAT_ECOLX,Prokaryote,OrganismalFitness,s3f_msa,S3F_MSA,structure_msa,official_zero_shot_paired_complete_case,0.7878229918870903,1.4657617633839997,1.2790278810796638,-0.6202140042350428,0.1,0.394,-0.08547875447999999,1.0161282700838825,0.006269734821073218,4996
BRCA1_HUMAN_Findlay_2018,BRCA1_HUMAN,Human,OrganismalFitness,s3f_msa,S3F_MSA,structure_msa,official_zero_shot_paired_complete_case,0.5600847091697562,1.0233015070196103,0.7884353062874251,-0.3093477722132132,0.1,0.21195652173913043,-0.0719643182173913,0.5930156249846189,0.35918426142107523,1837
C6KNH7_9INFA_Lee_2018,C6KNH7_9INFA,Virus,OrganismalFitness,s3f_msa,S3F_MSA,structure_msa,official_zero_shot_paired_complete_case,0.5908809840909428,1.7933959347357877,1.6025186457029932,-2.1815820762384295,0.1,0.3299256505576208,-0.5451735508533576,1.0184280107972674,0.5963304741050363,10754
CALM1_HUMAN_Weile_2017,CALM1_HUMAN,Human,OrganismalFitness,s3f_msa,S3F_MSA,structure_msa,official_zero_shot_paired_complete_case,0.22580169433739536,1.1840746267261706,0.9542776088378379,-9.528086265792389,0.1,0.07142857142857142,0.8749143860219779,0.36423996643212186,0.2830040196237928,1813
CAPSD_AAV2S_Sinai_2021,CAPSD_AAV2S,Virus,OrganismalFitness,s3f_msa,S3F_MSA,structure_msa,official_zero_shot_paired_complete_case,0.3800034708517199,2.6472183523834416,2.115368597769152,-0.5037220503396711,0.1,0.35185185185185186,1.126624098606377,0.9146491727411515,0.0,532
CAR11_HUMAN_Meitlis_2020_gof,CAR11_HUMAN,Human,OrganismalFitness,s3f_msa,S3F_MSA,structure_msa,official_zero_shot_paired_complete_case,0.3203048064145594,1.0491149592510365,0.8122534263024643,-1.7682894891772563,0.1,0.06722689075630252,-0.17598743594467786,0.2717695478829034,5.361141842800602,2374
CAR11_HUMAN_Meitlis_2020_lof,CAR11_HUMAN,Human,OrganismalFitness,s3f_msa,S3F_MSA,structure_msa,official_zero_shot_paired_complete_case,0.487814902356389,1.0834211350254315,0.8684812689118651,-1.3278520063016583,0.1,0.07916666666666666,-0.19926552391354166,0.6418105907802217,1.7455067142881577,2395
CAS9_STRP1_Spencer_2017_positive,CAS9_STRP1,Prokaryote,Activity,s3f_msa,S3F_MSA,structure_msa,official_zero_shot_paired_complete_case,0.19813611181067217,1.047834251325087,0.8253051144863822,-1.8947089700678785,0.1,0.10467980295566502,-0.16665741384465318,0.13844022095289038,0.6051308848673838,8117
CASP3_HUMAN_Roychowdhury_2020,CASP3_HUMAN,Human,Activity,s3f_msa,S3F_MSA,structure_msa,official_zero_shot_paired_complete_case,0.6458157126445265,0.7438252612839941,0.5829044693800918,-0.2010122340718079,0.1,0.16560509554140126,0.3800299141467057,0.6350026598705357,0.6949962770727227,1567
CASP7_HUMAN_Roychowdhury_2020,CASP7_HUMAN,Human,Activity,s3f_msa,S3F_MSA,structure_msa,official_zero_shot_paired_complete_case,0.6551655275322046,0.8634534055395454,0.6838453367411261,-0.1438166585629539,0.1,0.25,0.294306485051974,0.831237525078832,4.005691478128713,1680
CATR_CHLRE_Tsuboyama_2023_2AMI,CATR_CHLRE,Eukaryote,Stability,s3f_msa,S3F_MSA,structure_msa,official_zero_shot_paired_complete_case,0.44173859369957874,1.1676186509773203,0.9988167231791053,-1.0369079350395838,0.1,0.1044776119402985,0.02439652172994468,0.5400846305272421,0.30594474991271475,1340
CBPA2_HUMAN_Tsuboyama_2023_1O6X,CBPA2_HUMAN,Human,Stability,s3f_msa,S3F_MSA,structure_msa,official_zero_shot_paired_complete_case,0.515028181622665,1.611879772112526,1.361704384556623,-0.9358680042959784,0.1,0.1323529411764706,-0.04627877523522653,0.6577222819876677,0.14838289614119007,1357
CBS_HUMAN_Sun_2020,CBS_HUMAN,Human,OrganismalFitness,s3f_msa,S3F_MSA,structure_msa,official_zero_shot_paired_complete_case,0.377559415347605,0.9905550341611401,0.8149387078451575,-3.4462691779751697,0.1,0.16897506925207756,0.6647127379506494,0.4441579590867798,1.3181447008431213,7217
CBX4_HUMAN_Tsuboyama_2023_2K28,CBX4_HUMAN,Human,Stability,s3f_msa,S3F_MSA,structure_msa,official_zero_shot_paired_complete_case,0.6755014616266853,1.9180160786609715,1.7851609021689891,-2.952919634577221,0.1,0.29347826086956524,0.06378869715884515,0.8785132716541735,0.5554768081477206,917
CCDB_ECOLI_Adkar_2012,CCDB_ECOLI,Prokaryote,Activity,s3f_msa,S3F_MSA,structure_msa,official_zero_shot_paired_complete_case,0.5297767274992614,35.62905198671751,27.04591838095238,-1.2649206917620286,0.1,0.13559322033898305,-14.94915254237288,0.5109654157634458,0.0,1176
CCR5_HUMAN_Gill_2023,CCR5_HUMAN,Human,Binding,s3f_msa,S3F_MSA,structure_msa,official_zero_shot_paired_complete_case,0.31800355157188026,0.905182445405393,0.7176102992232903,-1.940397732806713,0.1,0.13680781758957655,0.05354777415852334,0.35480670542280235,2.8036812167954626,6137
CD19_HUMAN_Klesmith_2019_FMC_singles,CD19_HUMAN,Human,Binding,s3f_msa,S3F_MSA,structure_msa,official_zero_shot_paired_complete_case,0.26386653206260297,3.381955930347116,2.753061324881724,-0.2426836943862567,0.1,0.1989389920424403,-0.26898255623198863,0.44985812459688285,0.8862896320287912,3761
CP2C9_HUMAN_Amorosi_2021_abundance,CP2C9_HUMAN,Human,Expression,s3f_msa,S3F_MSA,structure_msa,official_zero_shot_paired_complete_case,0.6711766955584273,1.0195095226889237,0.8181970220598117,-8.699749294887987,0.1,0.3092621664050236,0.9695150264505494,0.8643424441346814,0.5404424529974292,6370
CP2C9_HUMAN_Amorosi_2021_activity,CP2C9_HUMAN,Human,Binding,s3f_msa,S3F_MSA,structure_msa,official_zero_shot_paired_complete_case,0.7045209135182139,0.9079952621878555,0.7112687153459786,-5.193980051848911,0.1,0.3934959349593496,0.9323537256146341,1.0736949967752296,0.06515785859417601,6142
CSN4_MOUSE_Tsuboyama_2023_1UFM,CSN4_MOUSE,Eukaryote,Stability,s3f_msa,S3F_MSA,structure_msa,official_zero_shot_paired_complete_case,0.4782039664172931,1.6259547072764216,1.4040478208795686,-1.2968295808850625,0.1,0.13970588235294118,-0.0685585797672735,0.7060105500876361,0.1138295309508175,1353
CUE1_YEAST_Tsuboyama_2023_2MYX,CUE1_YEAST,Eukaryote,Stability,s3f_msa,S3F_MSA,structure_msa,official_zero_shot_paired_complete_case,0.6499912168197282,1.669070940450607,1.4845583121820076,-1.5623036327385367,0.1,0.3229166666666667,-0.12123331137447817,0.9488216996764878,0.0,955
D7PM05_CLYGR_Somermeyer_2022,D7PM05_CLYGR,Eukaryote,Activity,s3f_msa,S3F_MSA,structure_msa,official_zero_shot_paired_complete_case,0.5413953263676663,24487.89757603001,21771.807291407324,-3.7724617696511142,0.1,0.3162393162393162,27074.22336801424,0.4729817400192228,0.0508709031664123,1169
DLG4_HUMAN_Faure_2021,DLG4_HUMAN,Human,OrganismalFitness,s3f_msa,S3F_MSA,structure_msa,official_zero_shot_paired_complete_case,0.5415646549167974,1.5006774255018103,1.426780773881197,-13.824486652148073,0.1,0.2265625,-0.0623787475169571,0.7767562829502556,0.01020802939684685,1280
DLG4_RAT_McLaughlin_2012,DLG4_RAT,Eukaryote,Binding,s3f_msa,S3F_MSA,structure_msa,official_zero_shot_paired_complete_case,0.5991741955782395,0.7691256415087238,0.5937011232677666,-2.589987447161459,0.1,0.17088607594936708,0.043474928291139234,0.5301543426889113,0.11194056571667312,1576
DN7A_SACS2_Tsuboyama_2023_1JIC,DN7A_SACS2,Prokaryote,Stability,s3f_msa,S3F_MSA,structure_msa,official_zero_shot_paired_complete_case,0.4798059016119314,1.3203363768734764,1.0240079357641405,-0.37072480428855137,0.1,0.21782178217821782,-0.26112304265648073,0.5237703320113426,0.08368742822238665,1008
DNJA1_HUMAN_Tsuboyama_2023_2LO1,DNJA1_HUMAN,Human,Stability,s3f_msa,S3F_MSA,structure_msa,official_zero_shot_paired_complete_case,0.5715987801534215,1.9906149881359132,1.7385299302462471,-1.7030034279674862,0.1,0.14754098360655737,-0.11577737666814034,0.7421819461726576,0.03947149688627292,1216
DOCK1_MOUSE_Tsuboyama_2023_2M0Y,DOCK1_MOUSE,Eukaryote,Stability,s3f_msa,S3F_MSA,structure_msa,official_zero_shot_paired_complete_case,0.5504309937508952,1.6797608359170986,1.5080938194153837,-1.959525766544019,0.1,0.21311475409836064,0.1480096457636126,0.8368689640617007,0.0,1213
DYR_ECOLI_Nguyen_2023,DYR_ECOLI,Prokaryote,OrganismalFitness,s3f_msa,S3F_MSA,structure_msa,official_zero_shot_paired_complete_case,0.5043231955205847,1.1865348153498583,0.9853526471193417,-16.21417741451927,0.1,0.1267123287671233,0.9897602739726027,0.4406784272333384,0.34967344438743514,2916
DYR_ECOLI_Thompson_2019,DYR_ECOLI,Prokaryote,OrganismalFitness,s3f_msa,S3F_MSA,structure_msa,official_zero_shot_paired_complete_case,0.49453649492452517,0.9393686309272575,0.7347124464663564,-0.6032250098284795,0.1,0.12658227848101267,-0.06802361181434599,0.4350489976738876,1.5903960305129332,2363
ENVZ_ECOLI_Ghose_2023,ENVZ_ECOLI,Prokaryote,Activity,s3f_msa,S3F_MSA,structure_msa,official_zero_shot_paired_complete_case,0.1875585385404368,3.334035608503135,3.1207821934262077,-7.736608805863741,0.1,0.08849557522123894,3.365814677225928,0.22795623288075725,0.514122881535656,1121
ENV_HV1BR_Haddox_2016,ENV_HV1BR,Virus,OrganismalFitness,s3f_msa,S3F_MSA,structure_msa,official_zero_shot_paired_complete_case,0.3656367572915192,0.7962595644516387,0.6258318088768772,-137.00176250979763,0.1,0.21756021756021757,0.07437269210327249,0.4799713642986655,0.0,12863
EPHB2_HUMAN_Tsuboyama_2023_1F0M,EPHB2_HUMAN,Human,Stability,s3f_msa,S3F_MSA,structure_msa,official_zero_shot_paired_complete_case,0.6810808490084045,1.9020578252322786,1.634425967173837,-1.1861700091129177,0.1,0.29838709677419356,0.02599643475320807,0.8260184556260218,0.05339922816569927,1239
ESTA_BACSU_Nutschel_2020,ESTA_BACSU,Prokaryote,Stability,s3f_msa,S3F_MSA,structure_msa,official_zero_shot_paired_complete_case,0.45676742646669893,46.12576830980562,46.07246315976059,-354.1265127549148,0.1,0.3211009174311927,48.254128440366976,0.8913249302395856,0.0,2172
FECA_ECOLI_Tsuboyama_2023_2D1U,FECA_ECOLI,Prokaryote,Stability,s3f_msa,S3F_MSA,structure_msa,official_zero_shot_paired_complete_case,0.5142492996605713,1.2590552511392021,1.0908054135047716,-0.9895315487554233,0.1,0.21311475409836064,-0.021623520983827086,0.7134721254006806,0.0,1219
FKBP3_HUMAN_Tsuboyama_2023_2KFV,FKBP3_HUMAN,Human,Stability,s3f_msa,S3F_MSA,structure_msa,official_zero_shot_paired_complete_case,0.6228816075344886,0.8535837385480299,0.6836858274610386,-0.04035228635906818,0.1,0.1935483870967742,0.22201495289850243,0.7755540362048943,0.0,1237
GAL4_YEAST_Kitzman_2015,GAL4_YEAST,Eukaryote,OrganismalFitness,s3f_msa,S3F_MSA,structure_msa,official_zero_shot_paired_complete_case,0.6354977325023685,6.906562605293078,5.219633457740587,-0.7033364162940925,0.1,0.21666666666666667,-0.7574166666666667,0.7855592745287637,0.2702242376679344,1195
GDIA_HUMAN_Silverstein_2021,GDIA_HUMAN,Human,OrganismalFitness,s3f_msa,S3F_MSA,structure_msa,official_zero_shot_paired_complete_case,0.46042263890417423,1.1029542088654283,0.9255875982071058,-15.309365576302667,0.1,0.15517241379310345,0.8562182666465517,0.4653224039792293,0.00125787754046669,1154
GFP_AEQVI_Sarkisyan_2016,GFP_AEQVI,Eukaryote,Activity,s3f_msa,S3F_MSA,structure_msa,official_zero_shot_paired_complete_case,0.5616144590923678,2.580341963929191,2.5218224674399554,-16.21548220273091,0.1,0.25688073394495414,3.6884728348193727,0.41124064863172505,0.1698046493340658,1084
GRB2_HUMAN_Faure_2021,GRB2_HUMAN,Human,OrganismalFitness,s3f_msa,S3F_MSA,structure_msa,official_zero_shot_paired_complete_case,0.6731894682062725,1.4432774870157379,1.3570384105350475,-9.252165820833754,0.1,0.3269230769230769,0.027958391538968105,1.0116030905104523,0.0,1034
HCP_LAMBD_Tsuboyama_2023_2L6Q,HCP_LAMBD,Virus,Stability,s3f_msa,S3F_MSA,structure_msa,official_zero_shot_paired_complete_case,0.6414731906542643,1.0281352288585557,0.8546502220172386,-0.09901195235230631,0.1,0.2692307692307692,0.060872917707580854,0.8023632961982846,0.3240552550378317,1040
HECD1_HUMAN_Tsuboyama_2023_3DKM,HECD1_HUMAN,Human,Stability,s3f_msa,S3F_MSA,structure_msa,official_zero_shot_paired_complete_case,0.708494316711141,2.4472611561380533,2.335450757556006,-4.815318966471087,0.1,0.312,0.002428087518354239,0.9152004070521953,0.0,1244
HEM3_HUMAN_Loggerenberg_2023,HEM3_HUMAN,Human,Activity,s3f_msa,S3F_MSA,structure_msa,official_zero_shot_paired_complete_case,0.42388647900169146,1.0389871889666717,0.8679246695262787,-4.6656437946529,0.1,0.18629173989455183,0.7858276095905097,0.48712169735300137,0.35139991261731623,5689
HMDH_HUMAN_Jiang_2019,HMDH_HUMAN,Human,OrganismalFitness,s3f_msa,S3F_MSA,structure_msa,official_zero_shot_paired_complete_case,0.4930205561186845,0.9613942516536492,0.7827816503886548,-12.2557255346099,0.1,0.12099644128113879,0.5907545077105576,0.41977712023405295,0.012497241733164575,16853
HSP82_YEAST_Cote-Hammarlof_2020_growth-H2O2,HSP82_YEAST,Eukaryote,OrganismalFitness,s3f_msa,S3F_MSA,structure_msa,official_zero_shot_paired_complete_case,0.32079573289057206,0.8896533143722392,0.7353743051896092,-2931.338998091417,0.1,0.13716814159292035,-0.0008646495884955749,0.4679003438744684,0.18645421381643643,2252
HSP82_YEAST_Flynn_2019,HSP82_YEAST,Eukaryote,OrganismalFitness,s3f_msa,S3F_MSA,structure_msa,official_zero_shot_paired_complete_case,0.3761627338831682,0.8243719910075571,0.6682376295355243,-3.9340097770387423,0.1,0.11578947368421053,-0.011013417763549298,0.46138672182114754,0.0,13294
HSP82_YEAST_Mishra_2016,HSP82_YEAST,Eukaryote,OrganismalFitness,s3f_msa,S3F_MSA,structure_msa,official_zero_shot_paired_complete_case,0.5194333720818589,0.7850235919667257,0.6360393466990516,-3.8577336703804894,0.1,0.19861431870669746,-0.014367771413394917,0.4930058565705895,0.7468004226568157,4323
HXK4_HUMAN_Gersing_2022_activity,HXK4_HUMAN,Human,OrganismalFitness,s3f_msa,S3F_MSA,structure_msa,official_zero_shot_paired_complete_case,0.5223696827473311,1.1233050501778084,0.878645725098483,-1.1619119435685237,0.1,0.15635939323220538,1.0804551496277712,0.5531414366016522,1.4120262185857266,8570
HXK4_HUMAN_Gersing_2023_abundance,HXK4_HUMAN,Human,Expression,s3f_msa,S3F_MSA,structure_msa,official_zero_shot_paired_complete_case,0.39306823610590136,1.1040781357227794,0.87262927019052,-8.66131219966064,0.1,0.16547619047619047,0.8647629754717081,0.4828185273860073,0.17695703229819415,8396
I6TAH8_I68A0_Doud_2015,I6TAH8_I68A0,Virus,OrganismalFitness,s3f_msa,S3F_MSA,structure_msa,official_zero_shot_paired_complete_case,0.3509843394483298,2.4105198378656865,2.189185760676234,-3.936340116048787,0.1,0.2967265047518479,-1.2546336259428374,0.8292052505871028,0.4240155095273832,9462
IF1_ECOLI_Kelsic_2016,IF1_ECOLI,Prokaryote,OrganismalFitness,s3f_msa,S3F_MSA,structure_msa,official_zero_shot_paired_complete_case,0.5915443409578737,1.1307881120188195,0.9606778124879298,-14.666046465001818,0.1,0.2116788321167883,0.9502810218832116,0.5521847826845664,0.0,1367
ILF3_HUMAN_Tsuboyama_2023_2L33,ILF3_HUMAN,Human,Stability,s3f_msa,S3F_MSA,structure_msa,official_zero_shot_paired_complete_case,0.44750553297837925,0.8876960778567397,0.7155880613465971,-0.18635929271509077,0.1,0.16541353383458646,0.05314825781563557,0.467017799102434,0.0,1329
ISDH_STAAW_Tsuboyama_2023_2LHR,ISDH_STAAW,Prokaryote,Stability,s3f_msa,S3F_MSA,structure_msa,official_zero_shot_paired_complete_case,0.3598826732632857,1.4062157293737192,1.2040528118317884,-2.097720289483156,0.1,0.2553191489361702,-0.16302277453015218,0.6663231741921493,0.2696848537919655,940
KCNE1_HUMAN_Muhammad_2023_expression,KCNE1_HUMAN,Human,Expression,s3f_msa,S3F_MSA,structure_msa,official_zero_shot_paired_complete_case,0.09443976619376558,1.3641635604971465,1.1219436736100896,-12.053025087096142,0.1,0.04700854700854701,0.9954081999871794,0.09048815456410615,0.08601166299355952,2339
KCNE1_HUMAN_Muhammad_2023_function,KCNE1_HUMAN,Human,Activity,s3f_msa,S3F_MSA,structure_msa,official_zero_shot_paired_complete_case,0.5565258612704135,1.0838141673232344,0.9033587677118792,-6.423524382292376,0.1,0.23275862068965517,1.0606485313275862,0.7511820357251547,0.3500064222501464,2315
KCNJ2_MOUSE_Coyote-Maestas_2022_function,KCNJ2_MOUSE,Eukaryote,Activity,s3f_msa,S3F_MSA,structure_msa,official_zero_shot_paired_complete_case,0.3797110497187382,0.9345925143489585,0.7431829654875772,-1.3822671724607103,0.1,0.14634146341463414,0.273244295964132,0.44263142329487076,0.7540013382029682,6963
KCNJ2_MOUSE_Coyote-Maestas_2022_surface,KCNJ2_MOUSE,Eukaryote,Expression,s3f_msa,S3F_MSA,structure_msa,official_zero_shot_paired_complete_case,0.36237671612400363,2.088168671923229,1.5457047771419694,0.06176990548041572,0.1,0.14017341040462428,0.24833182546387284,0.46732302373209744,0.7351940251949121,6917
KKA2_KLEPN_Melnikov_2014,KKA2_KLEPN,Prokaryote,OrganismalFitness,s3f_msa,S3F_MSA,structure_msa,official_zero_shot_paired_complete_case,0.6536814204453308,1.4340903899008723,1.1923246675403225,-1.1887609601629774,0.1,0.24193548387096775,2.0013620967741934,0.873927626103845,0.27580544117205485,4960
LGK_LIPST_Klesmith_2015,LGK_LIPST,Eukaryote,Activity,s3f_msa,S3F_MSA,structure_msa,official_zero_shot_paired_complete_case,0.5535069313091827,1.0438380423363889,0.8684398256020279,-3.2280371927886975,0.1,0.449936628643853,-0.16344828897338404,1.0025108339393733,0.12863212974482274,7890
MAFG_MOUSE_Tsuboyama_2023_1K1V,MAFG_MOUSE,Eukaryote,Stability,s3f_msa,S3F_MSA,structure_msa,official_zero_shot_paired_complete_case,0.580686906415086,1.206337351257148,1.0725881407589415,-1.831971580737092,0.1,0.22077922077922077,0.05116274674971527,0.7531381275130408,0.5669397040892228,762
MBD11_ARATH_Tsuboyama_2023_6ACV,MBD11_ARATH,Eukaryote,Stability,s3f_msa,S3F_MSA,structure_msa,official_zero_shot_paired_complete_case,0.6675504504251214,1.5130847198010393,1.3062563237276659,-0.9424319584522243,0.1,0.15517241379310345,-0.03768793396676366,0.6721751199002578,0.0,1155
MET_HUMAN_Estevam_2023,MET_HUMAN,Human,Activity,s3f_msa,S3F_MSA,structure_msa,official_zero_shot_paired_complete_case,0.5988180935322307,3.431497597800456,2.4756804924626925,-0.2984515422696161,0.1,0.18333333333333332,-0.24711268466230032,0.6959369793132222,0.001963292174602817,5393
MK01_HUMAN_Brenan_2016,MK01_HUMAN,Human,OrganismalFitness,s3f_msa,S3F_MSA,structure_msa,official_zero_shot_paired_complete_case,0.20806158273842082,8.27241659913506,8.15944851708107,-51.57155340878941,0.1,0.08957415565345081,-8.090633093857562,0.06031547198924834,0.0,6809
MLAC_ECOLI_MacRae_2023,MLAC_ECOLI,Prokaryote,OrganismalFitness,s3f_msa,S3F_MSA,structure_msa,official_zero_shot_paired_complete_case,0.40543245033686576,0.8639204519313652,0.7035657400188421,-6.002167017437525,0.1,0.12718204488778054,-0.05683760256234413,0.5242291315345278,0.5850568371565444,4007
MSH2_HUMAN_Jia_2020,MSH2_HUMAN,Human,OrganismalFitness,s3f_msa,S3F_MSA,structure_msa,official_zero_shot_paired_complete_case,0.39858822149658824,3.3829885958326362,3.0457666387844045,-1.714317903762292,0.1,0.15343283582089554,3.768179104477612,0.44168047390637755,0.12175024128310642,16749
MTH3_HAEAE_RockahShmuel_2015,MTH3_HAEAE,Prokaryote,OrganismalFitness,s3f_msa,S3F_MSA,structure_msa,official_zero_shot_paired_complete_case,0.6965715541535298,0.8460359390067697,0.646904698368036,-4.326345294579456,0.1,0.34831460674157305,0.8108426966292134,1.035455936860576,0.0,1777
MTHR_HUMAN_Weile_2021,MTHR_HUMAN,Human,OrganismalFitness,s3f_msa,S3F_MSA,structure_msa,official_zero_shot_paired_complete_case,0.30754471893770546,1.0918532678038695,0.8913209594833119,-14.1683454834785,0.1,0.11146752205292702,0.7755352044907778,0.43105659575023786,0.00820413246092058,12464
MYO3_YEAST_Tsuboyama_2023_2BTT,MYO3_YEAST,Eukaryote,Stability,s3f_msa,S3F_MSA,structure_msa,official_zero_shot_paired_complete_case,0.5279798071294683,1.9464894666067867,1.746449592738191,-2.4874780300853554,0.1,0.3473684210526316,0.10240508619408242,1.0219615123924004,0.09995165699270563,947
NCAP_I34A1_Doud_2015,NCAP_I34A1,Virus,OrganismalFitness,s3f_msa,S3F_MSA,structure_msa,official_zero_shot_paired_complete_case,0.39623629879574845,2.9861514095338375,2.7669182782945203,-4.936062082928373,0.1,0.25976768743400214,-1.7819314354122981,0.7867378866796159,0.0,9462
NKX31_HUMAN_Tsuboyama_2023_2L9R,NKX31_HUMAN,Human,Stability,s3f_msa,S3F_MSA,structure_msa,official_zero_shot_paired_complete_case,0.6781274456793673,1.0940384813078512,0.9512645782360568,-3.468653414018295,0.1,0.2782608695652174,0.07263941125162468,0.8189666677088263,2.679452959368168,1149
NPC1_HUMAN_Erwood_2022_HEK293T,NPC1_HUMAN,Human,Activity,s3f_msa,S3F_MSA,structure_msa,official_zero_shot_paired_complete_case,0.7264551138052394,0.8891275153085474,0.6770445906323914,-4.075801310827556,0.1,0.40625,0.9151866459401041,1.0173906969233253,0.047766301236249045,637
NUD15_HUMAN_Suiter_2020,NUD15_HUMAN,Human,Expression,s3f_msa,S3F_MSA,structure_msa,official_zero_shot_paired_complete_case,0.6616182692640035,0.8931378619935023,0.7080160070902771,-4.744849407895335,0.1,0.2912280701754386,0.8424451262654116,0.850412540342057,0.16150420258800305,2844
NUSA_ECOLI_Tsuboyama_2023_1WCL,NUSA_ECOLI,Prokaryote,Stability,s3f_msa,S3F_MSA,structure_msa,official_zero_shot_paired_complete_case,0.6038058838487225,1.549488749653551,1.3210624947119056,-1.1097421277205513,0.1,0.16793893129770993,-0.17043630857753717,0.6694302198974791,0.5589070520086171,1306
NUSG_MYCTU_Tsuboyama_2023_2MI6,NUSG_MYCTU,Prokaryote,Stability,s3f_msa,S3F_MSA,structure_msa,official_zero_shot_paired_complete_case,0.618487691449425,1.9330576083141704,1.6298397845449035,-0.8048375828792618,0.1,0.17647058823529413,-0.09159968343924003,0.7691549244602895,0.15618656621402158,1019
OBSCN_HUMAN_Tsuboyama_2023_1V1C,OBSCN_HUMAN,Human,Stability,s3f_msa,S3F_MSA,structure_msa,official_zero_shot_paired_complete_case,0.7033660389145269,2.0625644341536273,1.860739787418932,-1.8412285830264792,0.1,0.4262295081967213,0.14276529673288782,0.9539749949570389,0.01321306236602309,1213
ODP2_GEOSE_Tsuboyama_2023_1W4G,ODP2_GEOSE,Prokaryote,Stability,s3f_msa,S3F_MSA,structure_msa,official_zero_shot_paired_complete_case,0.5771754529893429,1.079561481554762,0.932724765328016,-0.8830270403602372,0.1,0.373134328358209,-0.08317408122620794,0.8755794865113955,0.0,669
OTC_HUMAN_Lo_2023,OTC_HUMAN,Human,Activity,s3f_msa,S3F_MSA,structure_msa,official_zero_shot_paired_complete_case,0.6206617739396341,0.8859751133088332,0.6893722675159236,-4.105365541218851,0.1,0.34394904458598724,0.8843057324840765,1.084507708026408,0.25758067222419945,1570
OTU7A_HUMAN_Tsuboyama_2023_2L2D,OTU7A_HUMAN,Human,Stability,s3f_msa,S3F_MSA,structure_msa,official_zero_shot_paired_complete_case,0.3717272640783005,1.1052806632091363,0.9249605170308568,-0.7062067353948804,0.1,0.171875,-0.14983060500628914,0.5808392398424173,0.3096520509031686,635
OXDA_RHOTO_Vanella_2023_activity,OXDA_RHOTO,Eukaryote,Activity,s3f_msa,S3F_MSA,structure_msa,official_zero_shot_paired_complete_case,0.3954315627569404,0.8916513411031285,0.7173911627753974,-113.86193015954804,0.1,0.246875,-0.026277186970695192,0.7384778976294535,0.0,6396
OXDA_RHOTO_Vanella_2023_expression,OXDA_RHOTO,Eukaryote,Expression,s3f_msa,S3F_MSA,structure_msa,official_zero_shot_paired_complete_case,0.3444220818620529,0.8821571473844134,0.7101288637350628,-39.98554389526031,0.1,0.19202363367799113,0.005082978429667469,0.6037717936599667,0.20565289403468132,6769
P53_HUMAN_Giacomelli_2018_Null_Etoposide,P53_HUMAN,Human,OrganismalFitness,s3f_msa,S3F_MSA,structure_msa,official_zero_shot_paired_complete_case,0.47769625435134466,0.8740662364366623,0.7006795864655244,0.20186139760777022,0.1,0.10307898259705489,0.46574111037465404,0.42827126793876047,0.6655398541014959,7467
P53_HUMAN_Giacomelli_2018_Null_Nutlin,P53_HUMAN,Human,OrganismalFitness,s3f_msa,S3F_MSA,structure_msa,official_zero_shot_paired_complete_case,0.4358364063316843,1.013586368599198,0.7794037764407687,-0.048293495094254846,0.1,0.07362784471218206,0.223304968974965,0.19719648340225537,2.9199408003577,7467
P53_HUMAN_Giacomelli_2018_WT_Nutlin,P53_HUMAN,Human,OrganismalFitness,s3f_msa,S3F_MSA,structure_msa,official_zero_shot_paired_complete_case,0.48544028570890124,0.9531399951860858,0.7458930634863407,0.15233542990568572,0.1,0.060240963855421686,0.3527194587867014,0.35988982530686836,2.1567711780378107,7467
P53_HUMAN_Kotler_2018,P53_HUMAN,Human,OrganismalFitness,s3f_msa,S3F_MSA,structure_msa,official_zero_shot_paired_complete_case,0.6864540634523519,1.5742887516371398,1.3456698690001672,-0.7734788006090916,0.1,0.2761904761904762,2.3590264529251073,0.8962389534186976,0.13658686700252623,1048
P84126_THETH_Chan_2017,P84126_THETH,Prokaryote,OrganismalFitness,s3f_msa,S3F_MSA,structure_msa,official_zero_shot_paired_complete_case,0.6084573569540757,0.8487572225904311,0.6609464997801185,-0.9604167134243697,0.1,0.4276315789473684,0.23602693681578946,1.1554889615054433,0.017354440812570444,1519
PABP_YEAST_Melamed_2013,PABP_YEAST,Eukaryote,OrganismalFitness,s3f_msa,S3F_MSA,structure_msa,official_zero_shot_paired_complete_case,0.695616273960808,0.533727335398905,0.41807563579780965,-1.1476855667513775,0.1,0.24369747899159663,0.9416183402184874,0.7780088734102174,4.0886889220106095,1187
PAI1_HUMAN_Huttinger_2021,PAI1_HUMAN,Human,Activity,s3f_msa,S3F_MSA,structure_msa,official_zero_shot_paired_complete_case,0.46230402232719,1.1549146325290705,0.9178643504849392,0.09810419499940315,0.1,0.2205607476635514,0.6013153121495328,0.6841488918648975,0.3946960417223471,5345
PA_I34A1_Wu_2015,PA_I34A1,Virus,OrganismalFitness,s3f_msa,S3F_MSA,structure_msa,official_zero_shot_paired_complete_case,0.5072293622964551,0.8635147367080498,0.6548628560337912,-1.9906628981946417,0.1,0.29120879120879123,0.8399432353434065,0.7845340260714315,5.522539505428918,1820
PHOT_CHLRE_Chen_2023,PHOT_CHLRE,Eukaryote,Activity,s3f_msa,S3F_MSA,structure_msa,official_zero_shot_paired_complete_case,0.6307351985306355,0.8641020688928668,0.8133801241843363,-5.003296024605475,0.1,0.24413145539906103,1.2971585230684388,0.6718483546638034,0.304293502984966,2122
PIN1_HUMAN_Tsuboyama_2023_1I6C,PIN1_HUMAN,Human,Stability,s3f_msa,S3F_MSA,structure_msa,official_zero_shot_paired_complete_case,0.7109875634459037,1.0227595357398178,0.8765179379977548,-0.6682033118935127,0.1,0.391304347826087,0.00984247399060072,0.9060035950843423,0.3143905798546123,686
PITX2_HUMAN_Tsuboyama_2023_2L7M,PITX2_HUMAN,Human,Stability,s3f_msa,S3F_MSA,structure_msa,official_zero_shot_paired_complete_case,0.6256876678136366,1.6537964505134253,1.4770085086709197,-1.6837275693051934,0.1,0.3404255319148936,0.22532348327294224,0.9451859675994113,0.0,938
PKN1_HUMAN_Tsuboyama_2023_1URF,PKN1_HUMAN,Human,Stability,s3f_msa,S3F_MSA,structure_msa,official_zero_shot_paired_complete_case,0.34487950124805145,0.9439554890909939,0.7723552093376203,-0.42005461707873404,0.1,0.16030534351145037,0.10555475787488222,0.531311409695576,0.2752833411664747,1301
POLG_CXB3N_Mattenberger_2021,POLG_CXB3N,Virus,OrganismalFitness,s3f_msa,S3F_MSA,structure_msa,official_zero_shot_paired_complete_case,0.48701171692575523,2.741900642648486,2.561133397722229,-5.692796071903138,0.1,0.3797709923664122,-1.3698677180467362,1.120932296502083,0.23758821829907484,15711
POLG_DEN26_Suphatrakul_2023,POLG_DEN26,Virus,OrganismalFitness,s3f_msa,S3F_MSA,structure_msa,official_zero_shot_paired_complete_case,0.5277056899351652,4.893677365679524,4.338259144012349,-2.4797998302756206,0.1,0.39349112426035504,-1.5465174950413836,1.0592207205394981,0.3976203345446216,16897
POLG_HCVJF_Qi_2014,POLG_HCVJF,Virus,OrganismalFitness,s3f_msa,S3F_MSA,structure_msa,official_zero_shot_paired_complete_case,0.6281221671703914,1.0161271853210752,0.8413277386349693,-6.183071531520884,0.1,0.3312883435582822,-0.2566164790429448,1.2621037443639451,0.3190167924452967,1630
POLG_PESV_Tsuboyama_2023_2MXD,POLG_PESV,Virus,Stability,s3f_msa,S3F_MSA,structure_msa,official_zero_shot_paired_complete_case,0.5286300597067907,2.139543753739178,1.924801943167634,-2.5767551453947797,0.1,0.26,-0.14008016801254836,0.7963294939367778,0.0,995
PPARG_HUMAN_Majithia_2016,PPARG_HUMAN,Human,Activity,s3f_msa,S3F_MSA,structure_msa,official_zero_shot_paired_complete_case,0.6946208612320296,2.038640331138398,1.5711623933792818,0.34688251724332864,0.1,0.24112734864300625,1.49017745302714,0.7925536393506392,0.0,9576
PPM1D_HUMAN_Miller_2022,PPM1D_HUMAN,Human,OrganismalFitness,s3f_msa,S3F_MSA,structure_msa,official_zero_shot_paired_complete_case,0.6408861026902428,0.7827603136735682,0.6447618802129548,-5.9808371618844065,0.1,0.1888466413181242,0.1812963079847909,0.6337592434238518,0.6075715930762854,7889
PR40A_HUMAN_Tsuboyama_2023_1UZC,PR40A_HUMAN,Human,Stability,s3f_msa,S3F_MSA,structure_msa,official_zero_shot_paired_complete_case,0.6198046591132733,1.37898816652188,1.2372645798989197,-1.7116167522595758,0.1,0.24786324786324787,0.11845338125285368,0.7676745505314736,0.3094833946926396,1163
PRKN_HUMAN_Clausen_2023,PRKN_HUMAN,Human,Expression,s3f_msa,S3F_MSA,structure_msa,official_zero_shot_paired_complete_case,0.6744599587837145,0.9783465886970499,0.7841941295573561,-5.158097111169724,0.1,0.22945205479452055,1.0000195586745773,0.777592410544671,0.002380360526403876,8756
PSAE_PICP2_Tsuboyama_2023_1PSE,PSAE_PICP2,Prokaryote,Stability,s3f_msa,S3F_MSA,structure_msa,official_zero_shot_paired_complete_case,0.5318667693215829,0.9576820833683769,0.814635251056134,-1.0645593717425625,0.1,0.10655737704918032,0.0508788115536645,0.5343737087130159,1.7666105581261853,1219
PTEN_HUMAN_Matreyek_2021,PTEN_HUMAN,Human,Expression,s3f_msa,S3F_MSA,structure_msa,official_zero_shot_paired_complete_case,0.46696444472720877,1.1032437441442886,0.8603146248888246,-11.553519662757996,0.1,0.16895874263261296,0.8943929941349832,0.5701673117377402,0.03884367034038336,5083
PTEN_HUMAN_Mighell_2018,PTEN_HUMAN,Human,Activity,s3f_msa,S3F_MSA,structure_msa,official_zero_shot_paired_complete_case,0.5607864572655369,1.4393926180999912,1.1226750693618455,-0.026428967554483318,0.1,0.16391184573002754,-0.14465824803719005,0.5462004218168282,0.38174362713627746,7260
Q2N0S5_9HIV1_Haddox_2018,Q2N0S5_9HIV1,Virus,OrganismalFitness,s3f_msa,S3F_MSA,structure_msa,official_zero_shot_paired_complete_case,0.566179503160452,3.0934611923532995,2.5689318422828973,-0.9334764271002125,0.1,0.21916732128829536,-0.5024855495805184,0.875224566815304,0.09672116368710183,12729
Q53Z42_HUMAN_McShan_2019_binding-TAPBPR,Q53Z42_HUMAN,Human,Binding,s3f_msa,S3F_MSA,structure_msa,official_zero_shot_paired_complete_case,0.3724114719862813,1.1059666870319476,0.8780176958732057,-0.07090746644208434,0.1,0.18208955223880596,0.7160149253731344,0.5726996555618359,0.0,3344
Q53Z42_HUMAN_McShan_2019_expression,Q53Z42_HUMAN,Human,Expression,s3f_msa,S3F_MSA,structure_msa,official_zero_shot_paired_complete_case,0.6028422508772379,1.8276337306611865,1.4250097598684208,0.024574936295519767,0.1,0.3164179104477612,0.6925970149253731,0.92462213000123,0.0,3344
Q59976_STRSQ_Romero_2015,Q59976_STRSQ,Prokaryote,Activity,s3f_msa,S3F_MSA,structure_msa,official_zero_shot_paired_complete_case,0.6659807084326754,1.225521595936673,1.0323481937312438,-0.9286870190832268,0.1,0.28,-0.29673,0.7328594707402531,0.9802255479611718,2999
Q6WV12_9MAXI_Somermeyer_2022,Q6WV12_9MAXI,Eukaryote,Activity,s3f_msa,S3F_MSA,structure_msa,official_zero_shot_paired_complete_case,0.3421716318361059,15188.237042891737,14510.126919299511,-10.454025016692208,0.1,0.17391304347826086,15849.67856704271,0.29836246844951025,0.0,1141
Q837P4_ENTFA_Meier_2023,Q837P4_ENTFA,Prokaryote,Activity,s3f_msa,S3F_MSA,structure_msa,official_zero_shot_paired_complete_case,0.5568898834583064,1.5370833017862469,1.2298860798433764,-0.4749960261739665,0.1,0.2857142857142857,-0.2863976745285714,0.7053564341863875,0.0,697
Q837P5_ENTFA_Meier_2023,Q837P5_ENTFA,Prokaryote,Activity,s3f_msa,S3F_MSA,structure_msa,official_zero_shot_paired_complete_case,0.4126281905013929,1.8199563912585395,1.4780461160771976,-1.0676742247642217,0.1,0.26666666666666666,-0.6176072976711111,0.5856055150327665,0.11806343977735136,747
Q8WTC7_9CNID_Somermeyer_2022,Q8WTC7_9CNID,Eukaryote,Activity,s3f_msa,S3F_MSA,structure_msa,official_zero_shot_paired_complete_case,0.29629638429633914,8174.279037581301,7588.688673674273,-6.238236429174808,0.1,0.2066115702479339,8514.99700487875,0.3046641956991747,0.9002328766429523,1201
R1AB_SARS2_Flynn_2022,R1AB_SARS2,Virus,OrganismalFitness,s3f_msa,S3F_MSA,structure_msa,official_zero_shot_paired_complete_case,0.564889833315778,0.9385892180746966,0.7771448893894836,-4.0592916613260694,0.1,0.1762652705061082,0.9492661475585651,0.7376814491871896,0.020525034678098596,5725
RAD_ANTMA_Tsuboyama_2023_2CJJ,RAD_ANTMA,Eukaryote,Stability,s3f_msa,S3F_MSA,structure_msa,official_zero_shot_paired_complete_case,0.31289898800702765,0.9486524702291095,0.7978778373364354,-0.860280568961951,0.1,0.19230769230769232,0.14882988566901353,0.6877046067988193,0.5719244986710419,774
RASH_HUMAN_Bandaru_2017,RASH_HUMAN,Human,Activity,s3f_msa,S3F_MSA,structure_msa,official_zero_shot_paired_complete_case,0.5118269235300443,0.8325017082791688,0.6593741458152521,-6.521626898669452,0.1,0.10191082802547771,0.0557424066210191,0.5959778665210671,4.366995507178132,3134
RASK_HUMAN_Weng_2022_abundance,RASK_HUMAN,Human,Expression,s3f_msa,S3F_MSA,structure_msa,official_zero_shot_paired_complete_case,0.15177527282970038,1.7508487293812067,1.6311764398310018,-21.857664039294583,0.1,0.1270358306188925,-0.23051682176387028,0.27636190446997366,1.291630742439884,3066
RASK_HUMAN_Weng_2022_binding-DARPin_K55,RASK_HUMAN,Human,Binding,s3f_msa,S3F_MSA,structure_msa,official_zero_shot_paired_complete_case,0.5571727124478307,1.5820231952815773,1.5026591778593097,-20.002623345578638,0.1,0.18122977346278318,-0.017868842837099216,0.6361507783866003,0.20613641154406073,3084
RBP1_HUMAN_Tsuboyama_2023_2KWH,RBP1_HUMAN,Human,Stability,s3f_msa,S3F_MSA,structure_msa,official_zero_shot_paired_complete_case,0.557146606212988,0.8812887874954036,0.7377552520855447,-0.4853595778472868,0.1,0.2857142857142857,0.24232047986568106,0.7724864995995457,0.0,975
RCD1_ARATH_Tsuboyama_2023_5OAO,RCD1_ARATH,Eukaryote,Stability,s3f_msa,S3F_MSA,structure_msa,official_zero_shot_paired_complete_case,0.4091912331438496,0.95908735263949,0.8021888246187454,-1.2592779163060417,0.1,0.1111111111111111,0.10428528935901539,0.6196718612526539,0.9305643918481041,988
RCRO_LAMBD_Tsuboyama_2023_1ORC,RCRO_LAMBD,Virus,Stability,s3f_msa,S3F_MSA,structure_msa,official_zero_shot_paired_complete_case,0.5838365080745804,1.9632557317405814,1.6925588383370833,-1.3138923801863767,0.1,0.19166666666666668,-0.14223153494228907,0.7083458690663282,0.18330266645202425,1195
RD23A_HUMAN_Tsuboyama_2023_1IFY,RD23A_HUMAN,Human,Stability,s3f_msa,S3F_MSA,structure_msa,official_zero_shot_paired_complete_case,0.5530772320505773,1.5395012782823096,1.310280773396683,-1.0859168147351825,0.1,0.3375,-0.0068989258937726065,0.8691420337116063,0.46386022482034545,798
RDRP_I33A0_Li_2023,RDRP_I33A0,Virus,OrganismalFitness,s3f_msa,S3F_MSA,structure_msa,official_zero_shot_paired_complete_case,0.48557236095869727,1.5841830660115752,1.422572249838812,-5.107023295222051,0.1,0.38884263114071604,-0.7087957441362975,1.0789938767546805,0.3999406193444547,12003
REV_HV1H2_Fernandes_2016,REV_HV1H2,Virus,OrganismalFitness,s3f_msa,S3F_MSA,structure_msa,official_zero_shot_paired_complete_case,0.32701259848158815,0.8319183530409672,0.6319847955438875,-13.576027199644697,0.1,0.12558139534883722,-0.036528540533810175,0.38648419917302923,1.284588293229033,2147
RFAH_ECOLI_Tsuboyama_2023_2LCL,RFAH_ECOLI,Prokaryote,Stability,s3f_msa,S3F_MSA,structure_msa,official_zero_shot_paired_complete_case,0.3706070295546011,1.0395148486403398,0.8574887312249855,-1.4086809451974052,0.1,0.16494845360824742,0.16372905496234028,0.6521655552053368,0.0,969
RL20_AQUAE_Tsuboyama_2023_1GYZ,RL20_AQUAE,Prokaryote,Stability,s3f_msa,S3F_MSA,structure_msa,official_zero_shot_paired_complete_case,0.39066216931626124,1.0460498744715725,0.8671188007072133,-1.079170750918867,0.1,0.12389380530973451,-0.03290818792520458,0.4976080558340259,0.33088105192520545,1121
RL40A_YEAST_Mavor_2016,RL40A_YEAST,Eukaryote,OrganismalFitness,s3f_msa,S3F_MSA,structure_msa,official_zero_shot_paired_complete_case,0.47854251709814244,0.8573615828658239,0.6820811041803672,-19.633291447634747,0.1,0.19047619047619047,-0.014028961436507937,0.7210517322627914,0.984693404322619,1253
RL40A_YEAST_Roscoe_2013,RL40A_YEAST,Eukaryote,OrganismalFitness,s3f_msa,S3F_MSA,structure_msa,official_zero_shot_paired_complete_case,0.559758828285928,0.8413410296595507,0.6669075090742946,-4.930694075007388,0.1,0.18333333333333332,-0.03008326780315483,0.6790667691662426,0.019463607148889183,1195
RL40A_YEAST_Roscoe_2014,RL40A_YEAST,Eukaryote,Activity,s3f_msa,S3F_MSA,structure_msa,official_zero_shot_paired_complete_case,0.48914947706673445,1.0769342089508407,0.8913966695775363,-5.082510423017258,0.1,0.12318840579710146,0.9826161228913044,0.6024104995153464,0.5368448131499876,1380
RNC_ECOLI_Weeks_2023,RNC_ECOLI,Prokaryote,Activity,s3f_msa,S3F_MSA,structure_msa,official_zero_shot_paired_complete_case,0.5936518916010372,0.8605456090130219,0.6928314105957447,-0.8903341021400613,0.1,0.14018691588785046,-0.025837686591121498,0.5593932018550217,0.30144460634067227,4277
RPC1_BP434_Tsuboyama_2023_1R69,RPC1_BP434,Virus,Stability,s3f_msa,S3F_MSA,structure_msa,official_zero_shot_paired_complete_case,0.6372850302475258,1.8668684944222036,1.6018897759687427,-1.3050291101198987,0.1,0.26548672566371684,-0.05977598763907061,0.8697110514674916,0.17790219277013034,1124
RS15_GEOSE_Tsuboyama_2023_1A32,RS15_GEOSE,Prokaryote,Stability,s3f_msa,S3F_MSA,structure_msa,official_zero_shot_paired_complete_case,0.40600826018957253,0.919885827788822,0.7619584814483975,-0.9593760557254591,0.1,0.1,0.09314043367550903,0.6047382204093301,0.9458482514848948,1195
S22A1_HUMAN_Yee_2023_abundance,S22A1_HUMAN,Human,Expression,s3f_msa,S3F_MSA,structure_msa,official_zero_shot_paired_complete_case,0.650189470869213,1.3418384086988577,1.0410896209331837,0.019547838673145357,0.1,0.2793068297655454,0.3034931058481141,0.8390355543858404,0.32895848576931375,9803
S22A1_HUMAN_Yee_2023_activity,S22A1_HUMAN,Human,Activity,s3f_msa,S3F_MSA,structure_msa,official_zero_shot_paired_complete_case,0.6128050827797256,0.8403517556778316,0.6728512749845452,0.12238984775606576,0.1,0.2089108910891089,0.37392072490792083,0.7508365870835922,0.41450573610881586,10094
SAV1_MOUSE_Tsuboyama_2023_2YSB,SAV1_MOUSE,Eukaryote,Stability,s3f_msa,S3F_MSA,structure_msa,official_zero_shot_paired_complete_case,0.582583385618754,1.2335773833947532,1.0762356343335637,-1.110853191657451,0.1,0.38235294117647056,0.10572500089830375,0.902501804637275,0.0,679
SBI_STAAM_Tsuboyama_2023_2JVG,SBI_STAAM,Prokaryote,Stability,s3f_msa,S3F_MSA,structure_msa,official_zero_shot_paired_complete_case,0.5553788132042503,0.9802285753627674,0.8101732452114022,-1.0729779681980367,0.1,0.2524271844660194,-0.15905515722485322,0.6631161954219191,0.5497981356450498,1025
SC6A4_HUMAN_Young_2021,SC6A4_HUMAN,Human,Activity,s3f_msa,S3F_MSA,structure_msa,official_zero_shot_paired_complete_case,0.5581182925801482,1.2537838867277755,0.9369571021174153,0.10202488491685624,0.1,0.21243523316062177,0.4228579919166667,0.6876392561449874,0.6189629544610291,11576
SCIN_STAAR_Tsuboyama_2023_2QFF,SCIN_STAAR,Prokaryote,Stability,s3f_msa,S3F_MSA,structure_msa,official_zero_shot_paired_complete_case,0.46090765632041975,1.0206028484184921,0.8376583758882207,-0.35319751264086285,0.1,0.1557377049180328,-0.041301737324112485,0.6158615639313189,0.0,1212
SDA_BACSU_Tsuboyama_2023_1PV0,SDA_BACSU,Prokaryote,Stability,s3f_msa,S3F_MSA,structure_msa,official_zero_shot_paired_complete_case,0.6735160803140853,1.95004484889861,1.8194775501581069,-2.9670052222990044,0.1,0.2261904761904762,-0.02374978393104316,0.6766466360317438,0.5987481049013881,834
SERC_HUMAN_Xie_2023,SERC_HUMAN,Human,OrganismalFitness,s3f_msa,S3F_MSA,structure_msa,official_zero_shot_paired_complete_case,0.5656060441835987,1.1346601732363053,0.941448888422201,-13.253730624125303,0.1,0.13541666666666666,0.9697419643206997,0.5059242099468412,0.22054105591943143,1914
SHOC2_HUMAN_Kwon_2022,SHOC2_HUMAN,Human,OrganismalFitness,s3f_msa,S3F_MSA,structure_msa,official_zero_shot_paired_complete_case,0.41927413780993944,0.9564687486124255,0.7544657806892652,-1.2914583031517917,0.1,0.15391621129326047,-0.126601245407727,0.3718262236130243,4.401292484596811,10972
SOX30_HUMAN_Tsuboyama_2023_7JJK,SOX30_HUMAN,Human,Stability,s3f_msa,S3F_MSA,structure_msa,official_zero_shot_paired_complete_case,0.3553360822608569,1.0844488632512361,0.9105600383332959,-0.5460531001418194,0.1,0.16831683168316833,0.0013399119950393491,0.6003297776510972,0.740334740536587,1010
SPA_STAAU_Tsuboyama_2023_1LP1,SPA_STAAU,Prokaryote,Stability,s3f_msa,S3F_MSA,structure_msa,official_zero_shot_paired_complete_case,0.515136156856786,1.2046794552582152,1.0356342554664026,-1.4801992166515188,0.1,0.17307692307692307,-0.028603441891906813,0.5770050899804735,0.9738749811515546,1035
SPG1_STRSG_Olson_2014,SPG1_STRSG,Prokaryote,Binding,s3f_msa,S3F_MSA,structure_msa,official_zero_shot_paired_complete_case,0.44380870334398287,3.08402627398165,2.5867861398135097,-1.7751964823542505,0.1,0.24761904761904763,0.5950665623889025,0.6759974755429566,0.4289881869060339,1045
SPG2_STRSG_Tsuboyama_2023_5UBS,SPG2_STRSG,Prokaryote,Stability,s3f_msa,S3F_MSA,structure_msa,official_zero_shot_paired_complete_case,0.43062897598215727,1.5669303087697728,1.2980884790055451,-1.0968439861618808,0.1,0.14563106796116504,-0.07651005760131156,0.6030266611035584,0.18331966725825427,1029
SPIKE_SARS2_Starr_2020_binding,SPIKE_SARS2,Virus,Binding,s3f_msa,S3F_MSA,structure_msa,official_zero_shot_paired_complete_case,0.4023439360579886,1.675314473167244,1.1789571522882691,-0.41117989142831246,0.1,0.2440944881889764,-0.4058530183727034,0.41667772005722303,0.0,3802
SPIKE_SARS2_Starr_2020_expression,SPIKE_SARS2,Virus,Expression,s3f_msa,S3F_MSA,structure_msa,official_zero_shot_paired_complete_case,0.5783967175136521,1.3993645436644078,1.1635567609268034,-0.8503478509894302,0.1,0.29210526315789476,-0.2118684210526316,0.8404721877398792,0.24301653982672028,3798
SPTN1_CHICK_Tsuboyama_2023_1TUD,SPTN1_CHICK,Eukaryote,Stability,s3f_msa,S3F_MSA,structure_msa,official_zero_shot_paired_complete_case,0.6191708576865568,2.2868183241593494,2.01079551191485,-1.7742332874711093,0.1,0.32075471698113206,-0.31877353783870155,0.7569736556984793,0.1265639292549345,1051
SQSTM_MOUSE_Tsuboyama_2023_2RRU,SQSTM_MOUSE,Eukaryote,Stability,s3f_msa,S3F_MSA,structure_msa,official_zero_shot_paired_complete_case,0.6880339883579205,1.1528362191225188,1.0160127523491869,-1.0165857457692935,0.1,0.4225352112676056,0.008873437791712202,1.140793698035797,0.41199154852488507,707
SR43C_ARATH_Tsuboyama_2023_2N88,SR43C_ARATH,Eukaryote,Stability,s3f_msa,S3F_MSA,structure_msa,official_zero_shot_paired_complete_case,0.6563397110222372,1.868762706279516,1.6891604366355095,-1.989489628409709,0.1,0.30337078651685395,-0.05109287062082813,0.8603626204107786,0.03808890654455654,889
SRBS1_HUMAN_Tsuboyama_2023_2O2W,SRBS1_HUMAN,Human,Stability,s3f_msa,S3F_MSA,structure_msa,official_zero_shot_paired_complete_case,0.6526808472454481,1.581682553199915,1.3442770415370549,-0.6968416627448606,0.1,0.319672131147541,-0.00301225601952258,0.8421810152920052,0.06725846667104729,1211
SRC_HUMAN_Ahler_2019,SRC_HUMAN,Human,Activity,s3f_msa,S3F_MSA,structure_msa,official_zero_shot_paired_complete_case,0.5518771360810752,1.0751674406065106,0.847936535826216,-0.21649665694865217,0.1,0.09171597633136094,0.06870723976923078,0.5018573990910065,2.7491269393322177,3372
SRC_HUMAN_Chakraborty_2023_binding-DAS_25uM,SRC_HUMAN,Human,Activity,s3f_msa,S3F_MSA,structure_msa,official_zero_shot_paired_complete_case,0.46666429739957016,0.9633670549576709,0.7407548608152322,-1.0132721634610706,0.1,0.08516483516483517,0.27312618974450553,0.34493905652898244,0.302182348211993,3637
SRC_HUMAN_Nguyen_2022,SRC_HUMAN,Human,OrganismalFitness,s3f_msa,S3F_MSA,structure_msa,official_zero_shot_paired_complete_case,0.4622161978511948,1.0051012697368003,0.7907631730993253,-2.1370942520506726,0.1,0.0830860534124629,-0.2567526466480799,0.36158904799193536,2.3916877726408905,3366
SUMO1_HUMAN_Weile_2017,SUMO1_HUMAN,Human,OrganismalFitness,s3f_msa,S3F_MSA,structure_msa,official_zero_shot_paired_complete_case,0.5455916245686466,0.9000356538391904,0.7313593438582353,-5.11409087267311,0.1,0.17058823529411765,0.6771933874588236,0.689460736040725,1.2092486300488308,1700
SYUA_HUMAN_Newberry_2020,SYUA_HUMAN,Human,OrganismalFitness,s3f_msa,S3F_MSA,structure_msa,official_zero_shot_paired_complete_case,0.15505726259329142,0.8617376444293512,0.6989135156446972,-33.8370999497639,0.1,0.02,-0.05161294522851304,0.13951396621001028,0.3511662666805572,2497
TADBP_HUMAN_Bolognesi_2019,TADBP_HUMAN,Human,OrganismalFitness,s3f_msa,S3F_MSA,structure_msa,official_zero_shot_paired_complete_case,-0.023876921323117414,0.9174119112045326,0.7215325374392119,-89.72513118731821,0.1,0.008333333333333333,0.0016814932999333861,-0.02348697205977587,1.998017722704358,1196
TAT_HV1BR_Fernandes_2016,TAT_HV1BR,Virus,OrganismalFitness,s3f_msa,S3F_MSA,structure_msa,official_zero_shot_paired_complete_case,0.2760215531465702,0.7744691973857101,0.6157920868185127,-14.392393285588836,0.1,0.18354430379746836,-0.012114394108252607,0.5282338107549419,1.7535836771561457,1577
TCRG1_MOUSE_Tsuboyama_2023_1E0L,TCRG1_MOUSE,Eukaryote,Stability,s3f_msa,S3F_MSA,structure_msa,official_zero_shot_paired_complete_case,0.6054136244811937,1.3252576780570506,1.2032328411267663,-1.6015162956504976,0.1,0.2698412698412698,-0.18452294505326303,0.827999698597787,0.0,621
THO1_YEAST_Tsuboyama_2023_2WQG,THO1_YEAST,Eukaryote,Stability,s3f_msa,S3F_MSA,structure_msa,official_zero_shot_paired_complete_case,0.3937563390064519,1.583656097104568,1.398683028720448,-2.4451508351174303,0.1,0.3181818181818182,-0.08511321365251129,0.612594417403474,0.0,656
TNKS2_HUMAN_Tsuboyama_2023_5JRT,TNKS2_HUMAN,Human,Stability,s3f_msa,S3F_MSA,structure_msa,official_zero_shot_paired_complete_case,0.6693147224523772,1.552479152562469,1.4026681647762582,-1.6086911838302713,0.1,0.16964285714285715,-0.17879124949243025,0.833231901702933,0.28153159999472027,1118
TPK1_HUMAN_Weile_2017,TPK1_HUMAN,Human,OrganismalFitness,s3f_msa,S3F_MSA,structure_msa,official_zero_shot_paired_complete_case,0.2703007040501533,1.0336688645779,0.8271266108755109,-2.7663614880810194,0.1,0.11912225705329153,0.6237568795924765,0.3832287487735288,0.14046530418308836,3181
TPMT_HUMAN_Matreyek_2018,TPMT_HUMAN,Human,Expression,s3f_msa,S3F_MSA,structure_msa,official_zero_shot_paired_complete_case,0.5661783248037934,1.1013723211159039,0.9172392016143092,-8.611775732662347,0.1,0.2,0.9728694121534246,0.599782966420579,0.9404486418496815,3648
TPOR_HUMAN_Bridgford_2020,TPOR_HUMAN,Human,OrganismalFitness,s3f_msa,S3F_MSA,structure_msa,official_zero_shot_paired_complete_case,0.38414487498817346,0.8870806950302851,0.670834885331875,-4.181512007777385,0.1,0.3157894736842105,-0.039942257149702544,0.7974336470696731,0.0,562
TRPC_SACS2_Chan_2017,TRPC_SACS2,Prokaryote,OrganismalFitness,s3f_msa,S3F_MSA,structure_msa,official_zero_shot_paired_complete_case,0.6314279134602035,0.9098601635300507,0.7322957386589861,-1.2266154025511264,0.1,0.4868421052631579,0.2359081651118421,1.2863893578315793,0.5427776354458935,1519
TRPC_THEMA_Chan_2017,TRPC_THEMA,Prokaryote,OrganismalFitness,s3f_msa,S3F_MSA,structure_msa,official_zero_shot_paired_complete_case,0.4568362556990497,1.093599457682448,0.875060392544437,-2.248479603531411,0.1,0.3618421052631579,-0.02783413950657894,1.0880230422891723,0.8271724400148858,1519
UBC9_HUMAN_Weile_2017,UBC9_HUMAN,Human,OrganismalFitness,s3f_msa,S3F_MSA,structure_msa,official_zero_shot_paired_complete_case,0.5224497854775924,0.9343199769720448,0.7416885931783067,-2.510306838113349,0.1,0.16342412451361868,0.7619923470428016,0.6322543206774596,2.9457437712778236,2563
UBE4B_HUMAN_Tsuboyama_2023_3L1X,UBE4B_HUMAN,Human,Stability,s3f_msa,S3F_MSA,structure_msa,official_zero_shot_paired_complete_case,0.5865157787458527,2.1943487177678396,2.0157446657919684,-3.057722971849519,0.1,0.35714285714285715,0.0006087435888879929,1.0228514633731505,0.0,1118
UBE4B_MOUSE_Starita_2013,UBE4B_MOUSE,Eukaryote,Activity,s3f_msa,S3F_MSA,structure_msa,official_zero_shot_paired_complete_case,0.4773458206617055,1.2058412459855126,0.9892796197130145,-0.1464660950071346,0.1,0.13333333333333333,-0.05117503605555556,0.44915380171441216,2.511690835336288,899
UBR5_HUMAN_Tsuboyama_2023_1I2T,UBR5_HUMAN,Human,Stability,s3f_msa,S3F_MSA,structure_msa,official_zero_shot_paired_complete_case,0.4921797740626827,1.0512567062505505,0.8732973158148323,-0.41207806007298187,0.1,0.1,-0.008055192981683362,0.565808244263329,0.3073504340096791,1094
VG08_BPP22_Tsuboyama_2023_2GP8,VG08_BPP22,Virus,Stability,s3f_msa,S3F_MSA,structure_msa,official_zero_shot_paired_complete_case,0.526269527225222,0.7514835446491485,0.5959487869906612,-0.9319728409684205,0.1,0.2191780821917808,-0.025376813915872876,0.5892088733440386,2.5292705155089883,723
VILI_CHICK_Tsuboyama_2023_1YU5,VILI_CHICK,Eukaryote,Stability,s3f_msa,S3F_MSA,structure_msa,official_zero_shot_paired_complete_case,0.6855433185432417,1.6483194780493864,1.5140695282948737,-2.594393030437818,0.1,0.3305785123966942,0.05133647817546216,0.9385986180860316,0.0,1202
VKOR1_HUMAN_Chiasson_2020_abundance,VKOR1_HUMAN,Human,Expression,s3f_msa,S3F_MSA,structure_msa,official_zero_shot_paired_complete_case,0.50266126903249,1.0687987930344531,0.8268555845875668,-8.138543109451955,0.1,0.2111111111111111,0.9265369063435994,0.7129502501345876,0.3792198408422713,2695
VKOR1_HUMAN_Chiasson_2020_activity,VKOR1_HUMAN,Human,Activity,s3f_msa,S3F_MSA,structure_msa,official_zero_shot_paired_complete_case,0.43157424309002673,1.102536401804808,0.896240066749045,-4.690976309025063,0.1,0.2,0.8345217744613642,0.25323456029805935,0.0,697
VRPI_BPT7_Tsuboyama_2023_2WNM,VRPI_BPT7,Virus,Stability,s3f_msa,S3F_MSA,structure_msa,official_zero_shot_paired_complete_case,0.4622451443657588,1.0974725074592007,0.8827450248355548,-0.3533169701024643,0.1,0.1619047619047619,-0.08978498396317493,0.6373916223609861,0.0,1047
YAIA_ECOLI_Tsuboyama_2023_2KVT,YAIA_ECOLI,Prokaryote,Stability,s3f_msa,S3F_MSA,structure_msa,official_zero_shot_paired_complete_case,0.41208793005280364,2.2484774353934656,1.9419022979112806,-2.2656895076103423,0.1,0.25806451612903225,-0.48537905169556994,0.5439818340455789,0.024166451168948725,928
YNZC_BACSU_Tsuboyama_2023_2JVD,YNZC_BACSU,Prokaryote,Stability,s3f_msa,S3F_MSA,structure_msa,official_zero_shot_paired_complete_case,0.4405606273933969,1.90128336342363,1.7656138929333527,-4.287983391314936,0.1,0.19444444444444445,-0.08360095500901106,0.6605697613029481,1.155837142432507,714
A0A140D2T1_ZIKV_Sourisseau_2019,A0A140D2T1_ZIKV,Virus,OrganismalFitness,saprot_650m,SaProt_650M_AF2,sequence_structure,official_zero_shot_paired_complete_case,0.19896802344271736,3.976690040873354,3.011820296008445,-75.75795269550741,0.1,0.15970772442588727,0.24350382790397498,0.14261631110517814,7.2138149384762835,9576
A0A192B1T2_9HIV1_Haddox_2018,A0A192B1T2_9HIV1,Virus,OrganismalFitness,saprot_650m,SaProt_650M_AF2,sequence_structure,official_zero_shot_paired_complete_case,0.17332131016468935,3.0476628411976896,2.4408659398840475,-1.0848281223329121,0.1,0.13672496025437203,-2.267868335693959,0.15982878561917407,0.18793883825665006,12577
A0A1I9GEU1_NEIME_Kennouche_2019,A0A1I9GEU1_NEIME,Prokaryote,Activity,saprot_650m,SaProt_650M_AF2,sequence_structure,official_zero_shot_paired_complete_case,0.04037679182614125,6.648006073055895,5.702705639941773,-17.642198707012227,0.1,0.13978494623655913,0.05118279569892469,0.03138541866865107,0.9365315645477688,922
A0A247D711_LISMN_Stadelmann_2021,A0A247D711_LISMN,Prokaryote,Activity,saprot_650m,SaProt_650M_AF2,sequence_structure,official_zero_shot_paired_complete_case,0.4266653891223641,4.114665067179295,3.19363041054918,-9.005444885414457,0.1,0.13253012048192772,-0.1195717073804319,0.2828107267344259,0.037608068275842725,1653
A0A2Z5U3Z0_9INFA_Doud_2016,A0A2Z5U3Z0_9INFA,Virus,OrganismalFitness,saprot_650m,SaProt_650M_AF2,sequence_structure,official_zero_shot_paired_complete_case,0.1990073396655296,2.4197554792062568,1.9092668954834278,-2.739684261643286,0.1,0.17817164179104478,-1.8214978893031717,0.19706343833615164,0.0,10715
A0A2Z5U3Z0_9INFA_Wu_2014,A0A2Z5U3Z0_9INFA,Virus,OrganismalFitness,saprot_650m,SaProt_650M_AF2,sequence_structure,official_zero_shot_paired_complete_case,0.22932646144450125,2.788405699778703,2.0269747948702106,-6.967241782368946,0.1,0.12340425531914893,0.4838069656638298,0.08612555754734515,9.638908427612376,2350
A4D664_9INFA_Soh_2019,A4D664_9INFA,Virus,OrganismalFitness,saprot_650m,SaProt_650M_AF2,sequence_structure,official_zero_shot_paired_complete_case,0.14803139472013296,3.660566020894991,2.7920410356130176,-70.50855043171073,0.1,0.11781011781011781,0.4434598697789103,0.16584745383256866,0.0,14421
A4GRB6_PSEAI_Chen_2020,A4GRB6_PSEAI,Prokaryote,OrganismalFitness,saprot_650m,SaProt_650M_AF2,sequence_structure,official_zero_shot_paired_complete_case,0.7221847901961398,3.979064329420485,3.1969853289232515,-2.6055932075283965,0.1,0.2714570858283433,-0.06295571262464217,0.8904415146487639,0.0,5004
A4_HUMAN_Seuma_2022,A4_HUMAN,Human,Stability,saprot_650m,SaProt_650M_AF2,sequence_structure,official_zero_shot_paired_complete_case,0.4454973668084748,3.4803693061562955,2.3768600598992307,-3.4408085645098945,0.1,0.0625,-0.761352003956943,0.17088862553261389,1.0827843528783074,796
AACC1_PSEAI_Dandage_2018,AACC1_PSEAI,Prokaryote,OrganismalFitness,saprot_650m,SaProt_650M_AF2,sequence_structure,official_zero_shot_paired_complete_case,0.4607664322533676,5.529086190877457,4.729443264880698,-7.822062505941018,0.1,0.1712707182320442,1.4972567910072376,0.3331871456806774,0.38243370237042656,1801
ACE2_HUMAN_Chan_2020,ACE2_HUMAN,Human,Binding,saprot_650m,SaProt_650M_AF2,sequence_structure,official_zero_shot_paired_complete_case,0.28862925176390297,4.525885196262658,3.6463691519719723,-15.128087857947868,0.1,0.11210762331838565,-0.10717910399327353,0.26510596894959876,0.18208949426958712,2223
ADRB2_HUMAN_Jones_2020,ADRB2_HUMAN,Human,Activity,saprot_650m,SaProt_650M_AF2,sequence_structure,official_zero_shot_paired_complete_case,0.554271812747566,8.080507621210714,6.882425755183572,-118.53312058005626,0.1,0.17051282051282052,2.3080257007369607,0.49617732212224674,1.024138276795975,7800
AMFR_HUMAN_Tsuboyama_2023_4G3O,AMFR_HUMAN,Human,Stability,saprot_650m,SaProt_650M_AF2,sequence_structure,official_zero_shot_paired_complete_case,0.6313018848891223,5.085687011041175,4.210237084847617,-26.08820962566981,0.1,0.13414634146341464,0.1055055840978677,0.8423013110619625,0.1489896801764587,820
AMIE_PSEAE_Wrenbeck_2017,AMIE_PSEAE,Prokaryote,Activity,saprot_650m,SaProt_650M_AF2,sequence_structure,official_zero_shot_paired_complete_case,0.606676831280669,5.150941669076228,4.049347420203569,-179.5164259361157,0.1,0.23434991974317818,-0.05384430176565008,0.6461005104682057,0.0,6227
ANCSZ_Hobbs_2022,ANCSZ,Eukaryote,Activity,saprot_650m,SaProt_650M_AF2,sequence_structure,official_zero_shot_paired_complete_case,0.5846770988688669,7.3701270759885595,6.131681516521609,-1557.8300220962287,0.1,0.20770877944325483,0.005837348339331604,0.6200997618535388,0.22813051586152647,4670
ARGR_ECOLI_Tsuboyama_2023_1AOY,ARGR_ECOLI,Prokaryote,Stability,saprot_650m,SaProt_650M_AF2,sequence_structure,official_zero_shot_paired_complete_case,0.6042789732187258,4.300297272293132,3.4397486674043565,-14.322515125464722,0.1,0.29457364341085274,-0.04230277203834588,0.7593538040492211,0.4362991661847919,1287
BBC1_YEAST_Tsuboyama_2023_1TG0,BBC1_YEAST,Eukaryote,Stability,saprot_650m,SaProt_650M_AF2,sequence_structure,official_zero_shot_paired_complete_case,0.6210977201491126,4.833748602711979,3.822817982454804,-16.281497963497856,0.1,0.23853211009174313,0.18057713693257704,0.9076137907727344,0.49887532918960137,1084
BCHB_CHLTE_Tsuboyama_2023_2KRU,BCHB_CHLTE,Prokaryote,Stability,saprot_650m,SaProt_650M_AF2,sequence_structure,official_zero_shot_paired_complete_case,0.49580806995652615,4.4356732244211265,3.6708569881628077,-12.370703532737338,0.1,0.24719101123595505,0.00678088783576713,0.6995611122740768,0.06139297242909117,890
BLAT_ECOLX_Deng_2012,BLAT_ECOLX,Prokaryote,OrganismalFitness,saprot_650m,SaProt_650M_AF2,sequence_structure,official_zero_shot_paired_complete_case,0.5387017117473513,4.475582118169615,3.6679304069260503,-7.588189601697708,0.1,0.33,-1.4267979620139999,0.8465895509166155,0.0,4996
BLAT_ECOLX_Firnberg_2014,BLAT_ECOLX,Prokaryote,OrganismalFitness,saprot_650m,SaProt_650M_AF2,sequence_structure,official_zero_shot_paired_complete_case,0.7541681124079884,7.156646116071006,6.315558019361418,-253.20304896558545,0.1,0.40083507306889354,1.0332436325678496,1.1664761846502725,2.6722746221161278,4783
BLAT_ECOLX_Jacquier_2013,BLAT_ECOLX,Prokaryote,OrganismalFitness,saprot_650m,SaProt_650M_AF2,sequence_structure,official_zero_shot_paired_complete_case,0.7092568402367825,3.806728461122609,3.1717202885981597,-2.8048300434716236,0.1,0.2222222222222222,-0.1478128754141414,0.7226371289694277,0.0,989
BLAT_ECOLX_Stiffler_2015,BLAT_ECOLX,Prokaryote,OrganismalFitness,saprot_650m,SaProt_650M_AF2,sequence_structure,official_zero_shot_paired_complete_case,0.7484252553926307,5.48886670251046,4.71413559951574,-21.720138432696192,0.1,0.346,-0.120189196962,0.9859855144633471,0.006269734821073218,4996
BRCA1_HUMAN_Findlay_2018,BRCA1_HUMAN,Human,OrganismalFitness,saprot_650m,SaProt_650M_AF2,sequence_structure,official_zero_shot_paired_complete_case,0.5394096013947607,3.9677614029638653,2.9769143747131013,-18.685157008615292,0.1,0.14673913043478262,-0.25718999898369566,0.3858941678704107,0.0,1837
C6KNH7_9INFA_Lee_2018,C6KNH7_9INFA,Virus,OrganismalFitness,saprot_650m,SaProt_650M_AF2,sequence_structure,official_zero_shot_paired_complete_case,0.3127106170093685,2.3867712655698097,1.7833561173315466,-4.635239401030321,0.1,0.1812267657992565,-1.2766902667503117,0.2908666285897274,0.0,10754
CALM1_HUMAN_Weile_2017,CALM1_HUMAN,Human,OrganismalFitness,saprot_650m,SaProt_650M_AF2,sequence_structure,official_zero_shot_paired_complete_case,0.2871085556561968,11.938033787846805,11.753745726931758,-1069.1801533680132,0.1,0.06043956043956044,0.912098426032967,0.46613481220231134,0.2830040196237928,1813
CAPSD_AAV2S_Sinai_2021,CAPSD_AAV2S,Virus,OrganismalFitness,saprot_650m,SaProt_650M_AF2,sequence_structure,official_zero_shot_paired_complete_case,0.08071925608532733,2.4191715888877656,1.9604695863886408,-0.255802620773409,0.1,0.16666666666666666,-0.2432948628048293,0.2800654969424576,0.0,532
CAR11_HUMAN_Meitlis_2020_gof,CAR11_HUMAN,Human,OrganismalFitness,saprot_650m,SaProt_650M_AF2,sequence_structure,official_zero_shot_paired_complete_case,0.4082767667990159,5.501040768330449,4.1345043105295405,-75.1123395484532,0.1,0.16806722689075632,-0.10790458667051818,0.3797438473301819,3.1748638116966053,2374
CAR11_HUMAN_Meitlis_2020_lof,CAR11_HUMAN,Human,OrganismalFitness,saprot_650m,SaProt_650M_AF2,sequence_structure,official_zero_shot_paired_complete_case,0.5794433499588174,5.155022487684859,3.850179728242592,-51.70136792237492,0.1,0.20833333333333334,-0.19096710099479167,0.6534968615369698,0.0,2395
CAS9_STRP1_Spencer_2017_positive,CAS9_STRP1,Prokaryote,Activity,saprot_650m,SaProt_650M_AF2,sequence_structure,official_zero_shot_paired_complete_case,0.17660001105407686,4.190509912990402,3.161432031713857,-45.297066162442874,0.1,0.1268472906403941,-0.13744975422504754,0.1858651425729469,0.6051308848673838,8117
CASP3_HUMAN_Roychowdhury_2020,CASP3_HUMAN,Human,Activity,saprot_650m,SaProt_650M_AF2,sequence_structure,official_zero_shot_paired_complete_case,0.6516138673486105,5.931696794452358,4.976765597073581,-75.37715397136076,0.1,0.1464968152866242,0.3962056758487871,0.6588350463237049,0.67030275775636,1567
CASP7_HUMAN_Roychowdhury_2020,CASP7_HUMAN,Human,Activity,saprot_650m,SaProt_650M_AF2,sequence_structure,official_zero_shot_paired_complete_case,0.6433773209042581,5.430550574469211,4.361839024632443,-44.2445558316472,0.1,0.2261904761904762,0.28775912128222664,0.8231278067037113,3.6586581374059266,1680
CATR_CHLRE_Tsuboyama_2023_2AMI,CATR_CHLRE,Eukaryote,Stability,saprot_650m,SaProt_650M_AF2,sequence_structure,official_zero_shot_paired_complete_case,0.30444427171698485,9.35253691683125,8.695440558842591,-129.68574414715155,0.1,0.08208955223880597,-0.02041990903852045,0.48530464132624934,0.30594474991271475,1340
CBPA2_HUMAN_Tsuboyama_2023_1O6X,CBPA2_HUMAN,Human,Stability,saprot_650m,SaProt_650M_AF2,sequence_structure,official_zero_shot_paired_complete_case,0.5224257756824652,3.5804749250611176,2.739525322840552,-8.551943053813355,0.1,0.15441176470588236,-0.0360003287577359,0.6665945102042743,0.10500921548268474,1357
CBS_HUMAN_Sun_2020,CBS_HUMAN,Human,OrganismalFitness,saprot_650m,SaProt_650M_AF2,sequence_structure,official_zero_shot_paired_complete_case,0.3860292771454407,8.435000229433772,7.342116429851717,-321.41016804409395,0.1,0.14681440443213298,0.6433749648353908,0.39873573879810237,0.9730154321360303,7217
CBX4_HUMAN_Tsuboyama_2023_2K28,CBX4_HUMAN,Human,Stability,saprot_650m,SaProt_650M_AF2,sequence_structure,official_zero_shot_paired_complete_case,0.5340895894786907,6.891590862213168,6.366968364522757,-50.033161169743906,0.1,0.2391304347826087,-0.03751822442872469,0.7734995941086934,0.5554768081477206,917
CCDB_ECOLI_Adkar_2012,CCDB_ECOLI,Prokaryote,Activity,saprot_650m,SaProt_650M_AF2,sequence_structure,official_zero_shot_paired_complete_case,0.4378666632384986,31.86882708950754,23.38873107750547,-0.8120769054538715,0.1,0.13559322033898305,-18.415254237288135,0.3645578454057254,0.0,1176
CCR5_HUMAN_Gill_2023,CCR5_HUMAN,Human,Binding,saprot_650m,SaProt_650M_AF2,sequence_structure,official_zero_shot_paired_complete_case,0.348415030216179,6.224222181078607,5.027078668561836,-138.02855446354323,0.1,0.1742671009771987,0.08595819761129207,0.4162043374923394,3.4951296249916406,6137
CD19_HUMAN_Klesmith_2019_FMC_singles,CD19_HUMAN,Human,Binding,saprot_650m,SaProt_650M_AF2,sequence_structure,official_zero_shot_paired_complete_case,0.3120692332120331,3.7271793161697544,2.8792935484030524,-0.5093337605643391,0.1,0.35278514588859416,0.8967902687357777,0.8341191021190223,0.0,3761
CP2C9_HUMAN_Amorosi_2021_abundance,CP2C9_HUMAN,Human,Expression,saprot_650m,SaProt_650M_AF2,sequence_structure,official_zero_shot_paired_complete_case,0.6365745550534462,7.380331446093541,6.6030697205331315,-507.31118768312695,0.1,0.29199372056514916,0.966619325522763,0.8554965309395287,0.5404424529974292,6370
CP2C9_HUMAN_Amorosi_2021_activity,CP2C9_HUMAN,Human,Binding,saprot_650m,SaProt_650M_AF2,sequence_structure,official_zero_shot_paired_complete_case,0.6728811721271017,7.231566794355426,6.473694169442514,-391.8868031290719,0.1,0.38699186991869916,0.933047008993496,1.0755952527515422,0.06515785859417601,6142
CSN4_MOUSE_Tsuboyama_2023_1UFM,CSN4_MOUSE,Eukaryote,Stability,saprot_650m,SaProt_650M_AF2,sequence_structure,official_zero_shot_paired_complete_case,0.5084236779955946,5.015507464581831,3.9854460309661577,-20.854538886599308,0.1,0.125,-0.15052533394329515,0.6296104934732559,0.12261232171174981,1353
CUE1_YEAST_Tsuboyama_2023_2MYX,CUE1_YEAST,Eukaryote,Stability,saprot_650m,SaProt_650M_AF2,sequence_structure,official_zero_shot_paired_complete_case,0.6415312851370265,3.9695507222114745,3.117345404595362,-13.493180862957036,0.1,0.3645833333333333,-0.07872247033253624,0.9895916514281403,0.0,955
D7PM05_CLYGR_Somermeyer_2022,D7PM05_CLYGR,Eukaryote,Activity,saprot_650m,SaProt_650M_AF2,sequence_structure,official_zero_shot_paired_complete_case,0.2763267754454429,24490.02272294915,21774.35896075327,-3.773290148035363,0.1,0.24786324786324787,23446.44743524652,0.1493432365748831,0.0508709031664123,1169
DLG4_HUMAN_Faure_2021,DLG4_HUMAN,Human,OrganismalFitness,saprot_650m,SaProt_650M_AF2,sequence_structure,official_zero_shot_paired_complete_case,0.463304448297321,10.354441474549018,9.867877904393733,-704.762078965723,0.1,0.21875,-0.07012321314873177,0.7568864626722592,0.01020802939684685,1280
DLG4_RAT_McLaughlin_2012,DLG4_RAT,Eukaryote,Binding,saprot_650m,SaProt_650M_AF2,sequence_structure,official_zero_shot_paired_complete_case,0.5042094288514408,10.477509435256506,9.958384456399635,-665.2150979273619,0.1,0.0949367088607595,0.03344380803797468,0.5054428709479073,0.24484535269762642,1576
DN7A_SACS2_Tsuboyama_2023_1JIC,DN7A_SACS2,Prokaryote,Stability,saprot_650m,SaProt_650M_AF2,sequence_structure,official_zero_shot_paired_complete_case,0.5555164066270168,4.264271136075621,3.5024607584277847,-13.29784931168293,0.1,0.21782178217821782,-0.3441758551280018,0.4501250565544801,0.07294830361910647,1008
DNJA1_HUMAN_Tsuboyama_2023_2LO1,DNJA1_HUMAN,Human,Stability,saprot_650m,SaProt_650M_AF2,sequence_structure,official_zero_shot_paired_complete_case,0.32497960450900526,7.854189076471289,7.188829100888394,-41.07990599777403,0.1,0.16393442622950818,-0.12164526983091435,0.7373355576607232,0.03947149688627292,1216
DOCK1_MOUSE_Tsuboyama_2023_2M0Y,DOCK1_MOUSE,Eukaryote,Stability,saprot_650m,SaProt_650M_AF2,sequence_structure,official_zero_shot_paired_complete_case,0.6289247238678541,5.512402137508254,4.5263486941208235,-30.871977314848102,0.1,0.27049180327868855,0.2882447152896921,0.9804907244158322,0.0,1213
DYR_ECOLI_Nguyen_2023,DYR_ECOLI,Prokaryote,OrganismalFitness,saprot_650m,SaProt_650M_AF2,sequence_structure,official_zero_shot_paired_complete_case,0.5110295801554133,7.780969480630907,6.880559115042432,-739.2743927814455,0.1,0.22945205479452055,0.995821917808219,0.46187438601983677,0.34967344438743514,2916
DYR_ECOLI_Thompson_2019,DYR_ECOLI,Prokaryote,OrganismalFitness,saprot_650m,SaProt_650M_AF2,sequence_structure,official_zero_shot_paired_complete_case,0.4905511521648058,5.973125171970884,5.197518188101626,-63.82247428527705,0.1,0.14345991561181434,-0.1088622953586498,0.38000209086741676,1.440893840636773,2363
ENVZ_ECOLI_Ghose_2023,ENVZ_ECOLI,Prokaryote,Activity,saprot_650m,SaProt_650M_AF2,sequence_structure,official_zero_shot_paired_complete_case,0.14782485080247734,8.512900856613408,7.832583961371656,-55.958372724441034,0.1,0.07079646017699115,3.2206297065457807,0.09924309670519986,0.6448138610106765,1121
ENV_HV1BR_Haddox_2016,ENV_HV1BR,Virus,OrganismalFitness,saprot_650m,SaProt_650M_AF2,sequence_structure,official_zero_shot_paired_complete_case,0.16655261421016193,3.4079318328321366,2.4721594283972617,-2526.8838045206626,0.1,0.128982128982129,0.049559600476577315,0.11389766007028122,0.30087518960836285,12863
EPHB2_HUMAN_Tsuboyama_2023_1F0M,EPHB2_HUMAN,Human,Stability,saprot_650m,SaProt_650M_AF2,sequence_structure,official_zero_shot_paired_complete_case,0.643085128599075,6.5260637188025585,5.779730697233827,-24.735885745622845,0.1,0.3387096774193548,0.07046750404819867,0.8605881724600041,0.0433738595259228,1239
ESTA_BACSU_Nutschel_2020,ESTA_BACSU,Prokaryote,Stability,saprot_650m,SaProt_650M_AF2,sequence_structure,official_zero_shot_paired_complete_case,0.3909193693103222,50.07967301377162,49.97253771909506,-417.618907010969,0.1,0.22477064220183487,47.521146788990826,0.5918634008146841,0.0,2172
FECA_ECOLI_Tsuboyama_2023_2D1U,FECA_ECOLI,Prokaryote,Stability,saprot_650m,SaProt_650M_AF2,sequence_structure,official_zero_shot_paired_complete_case,0.6083766565305566,5.159915116187236,4.075104174462287,-32.415377169325744,0.1,0.2786885245901639,0.09503193407630632,0.8441601154378624,0.0,1219
FKBP3_HUMAN_Tsuboyama_2023_2KFV,FKBP3_HUMAN,Human,Stability,saprot_650m,SaProt_650M_AF2,sequence_structure,official_zero_shot_paired_complete_case,0.5810491694991528,4.038268823209372,3.3009336051487055,-22.28512707889385,0.1,0.21774193548387097,0.24574688873919395,0.803912143782163,0.0,1237
GAL4_YEAST_Kitzman_2015,GAL4_YEAST,Eukaryote,OrganismalFitness,saprot_650m,SaProt_650M_AF2,sequence_structure,official_zero_shot_paired_complete_case,0.5580315623427377,4.7047163290076375,3.7107366585311126,0.2096064068827238,0.1,0.175,-1.7310833333333333,0.6015674334499674,0.15873311863011527,1195
GDIA_HUMAN_Silverstein_2021,GDIA_HUMAN,Human,OrganismalFitness,saprot_650m,SaProt_650M_AF2,sequence_structure,official_zero_shot_paired_complete_case,0.4610243907192467,7.9713482023746005,7.222209233740729,-850.8942042192546,0.1,0.13793103448275862,0.8643916042068964,0.4952492181720731,0.011357780324655587,1154
GFP_AEQVI_Sarkisyan_2016,GFP_AEQVI,Eukaryote,Activity,saprot_650m,SaProt_650M_AF2,sequence_structure,official_zero_shot_paired_complete_case,0.45939250923969466,6.030607307250811,5.507054456619249,-93.03440052348876,0.1,0.23853211009174313,3.627306760317741,0.31288644191852744,0.3953360027266598,1084
GRB2_HUMAN_Faure_2021,GRB2_HUMAN,Human,OrganismalFitness,saprot_650m,SaProt_650M_AF2,sequence_structure,official_zero_shot_paired_complete_case,0.647616099002315,7.249013599145435,6.106777262248486,-257.6269488588778,0.1,0.25961538461538464,-0.009907572357383628,0.9275977318990714,0.057986068076586135,1034
HCP_LAMBD_Tsuboyama_2023_2L6Q,HCP_LAMBD,Virus,Stability,saprot_650m,SaProt_650M_AF2,sequence_structure,official_zero_shot_paired_complete_case,0.7681202446207316,3.901932185243327,3.0163032265269787,-14.82928757627705,0.1,0.4230769230769231,0.12516640125394002,0.867920123121565,0.1236321698355655,1040
HECD1_HUMAN_Tsuboyama_2023_3DKM,HECD1_HUMAN,Human,Stability,saprot_650m,SaProt_650M_AF2,sequence_structure,official_zero_shot_paired_complete_case,0.7078195022252848,4.831422367042273,3.8809770925702742,-21.665375456406554,0.1,0.28,-0.07343543213164873,0.840445545588654,0.0,1244
HEM3_HUMAN_Loggerenberg_2023,HEM3_HUMAN,Human,Activity,saprot_650m,SaProt_650M_AF2,sequence_structure,official_zero_shot_paired_complete_case,0.4312551358035283,8.05840226361628,6.901309403379955,-339.82133019488026,0.1,0.16695957820738136,0.7598440343268893,0.427594785995425,0.34976597482468874,5689
HMDH_HUMAN_Jiang_2019,HMDH_HUMAN,Human,OrganismalFitness,saprot_650m,SaProt_650M_AF2,sequence_structure,official_zero_shot_paired_complete_case,0.5294447895807176,6.868031704674164,5.393306969061872,-675.4957051154354,0.1,0.1553973902728351,0.6136840450771056,0.5066122630520478,0.003029634359554743,16853
HSP82_YEAST_Cote-Hammarlof_2020_growth-H2O2,HSP82_YEAST,Eukaryote,OrganismalFitness,saprot_650m,SaProt_650M_AF2,sequence_structure,official_zero_shot_paired_complete_case,0.36742181518324213,9.175362731341277,8.470507456362725,-311901.64578039007,0.1,0.1415929203539823,-0.0010968188141592897,0.453768756762866,0.15808390962772495,2252
HSP82_YEAST_Flynn_2019,HSP82_YEAST,Eukaryote,OrganismalFitness,saprot_650m,SaProt_650M_AF2,sequence_structure,official_zero_shot_paired_complete_case,0.38574843348841076,8.206544654050331,7.380988233641024,-487.96100392336126,0.1,0.10902255639097744,-0.02125153649420271,0.43380020064079516,0.9117129470449609,13294
HSP82_YEAST_Mishra_2016,HSP82_YEAST,Eukaryote,OrganismalFitness,saprot_650m,SaProt_650M_AF2,sequence_structure,official_zero_shot_paired_complete_case,0.4580060803015877,8.749847796038214,7.9888586963932156,-602.4888914692959,0.1,0.17090069284064666,-0.02583552326327945,0.460809077438721,1.1278482532401566,4323
HXK4_HUMAN_Gersing_2022_activity,HXK4_HUMAN,Human,OrganismalFitness,saprot_650m,SaProt_650M_AF2,sequence_structure,official_zero_shot_paired_complete_case,0.5203327971822195,7.337428216524003,6.415982865489732,-91.24233944811574,0.1,0.17036172695449242,1.1151067626219369,0.5984984807369903,1.4120262185857266,8570
HXK4_HUMAN_Gersing_2023_abundance,HXK4_HUMAN,Human,Expression,saprot_650m,SaProt_650M_AF2,sequence_structure,official_zero_shot_paired_complete_case,0.42389078550688164,7.430338774357137,6.457677070934467,-436.57623536245546,0.1,0.175,0.8794528927989671,0.524174439169456,0.17695703229819415,8396
I6TAH8_I68A0_Doud_2015,I6TAH8_I68A0,Virus,OrganismalFitness,saprot_650m,SaProt_650M_AF2,sequence_structure,official_zero_shot_paired_complete_case,0.05578759100105931,2.45163752795377,1.9649329242656526,-4.106180661124666,0.1,0.1235480464625132,-2.027639998527726,0.11672160192782792,0.23820757204830104,9462
IF1_ECOLI_Kelsic_2016,IF1_ECOLI,Prokaryote,OrganismalFitness,saprot_650m,SaProt_650M_AF2,sequence_structure,official_zero_shot_paired_complete_case,0.616253778042684,8.529716242182628,7.774990531344523,-890.38661733735,0.1,0.1897810218978102,0.9501843065620439,0.5518462553440588,0.0,1367
ILF3_HUMAN_Tsuboyama_2023_2L33,ILF3_HUMAN,Human,Stability,saprot_650m,SaProt_650M_AF2,sequence_structure,official_zero_shot_paired_complete_case,0.3193874396072043,8.752323678273564,8.238109553849412,-114.3278976201139,0.1,0.21804511278195488,0.07636832259646423,0.4955087696790128,0.3998939119655157,1329
ISDH_STAAW_Tsuboyama_2023_2LHR,ISDH_STAAW,Prokaryote,Stability,saprot_650m,SaProt_650M_AF2,sequence_structure,official_zero_shot_paired_complete_case,0.6088843709381697,2.987453809739416,2.307896068535484,-12.981079195443698,0.1,0.3829787234042553,-0.019755762996383323,0.8456376498231982,0.19384176593913377,940
KCNE1_HUMAN_Muhammad_2023_expression,KCNE1_HUMAN,Human,Expression,saprot_650m,SaProt_650M_AF2,sequence_structure,official_zero_shot_paired_complete_case,0.10951975559707507,6.134257294893958,4.726011445269154,-262.93820561833854,0.1,0.05128205128205128,1.0536461367735042,0.24472748190832336,1.0120784741723918,2339
KCNE1_HUMAN_Muhammad_2023_function,KCNE1_HUMAN,Human,Activity,saprot_650m,SaProt_650M_AF2,sequence_structure,official_zero_shot_paired_complete_case,0.6417179813554067,5.830797733759971,4.533344175653356,-213.86043197302243,0.1,0.2974137931034483,1.061158537762931,0.7524641475393936,0.0,2315
KCNJ2_MOUSE_Coyote-Maestas_2022_function,KCNJ2_MOUSE,Eukaryote,Activity,saprot_650m,SaProt_650M_AF2,sequence_structure,official_zero_shot_paired_complete_case,0.3712849469055406,6.886548363145156,5.7709530611906885,-128.34482972702145,0.1,0.13629842180774748,0.2579839772266858,0.4174293343721998,0.7540013382029682,6963
KCNJ2_MOUSE_Coyote-Maestas_2022_surface,KCNJ2_MOUSE,Eukaryote,Expression,saprot_650m,SaProt_650M_AF2,sequence_structure,official_zero_shot_paired_complete_case,0.3514003605673003,6.080923924452023,5.0315209159677385,-6.9564135397532425,0.1,0.16907514450867053,0.2571507818800578,0.47141380538985855,0.8142985818870956,6917
KKA2_KLEPN_Melnikov_2014,KKA2_KLEPN,Prokaryote,OrganismalFitness,saprot_650m,SaProt_650M_AF2,sequence_structure,official_zero_shot_paired_complete_case,0.6407381036250904,7.201354150182269,6.404798266123632,-54.19168094564681,0.1,0.23588709677419356,1.9671055443548386,0.8385876464776855,0.0,4960
LGK_LIPST_Klesmith_2015,LGK_LIPST,Eukaryote,Activity,saprot_650m,SaProt_650M_AF2,sequence_structure,official_zero_shot_paired_complete_case,0.41099416049359694,5.326988114308414,4.280807074160749,-109.11234547001037,0.1,0.26869455006337134,-0.37976717363751583,0.5763920155875822,0.12863212974482274,7890
MAFG_MOUSE_Tsuboyama_2023_1K1V,MAFG_MOUSE,Eukaryote,Stability,saprot_650m,SaProt_650M_AF2,sequence_structure,official_zero_shot_paired_complete_case,0.6355233983677151,4.244548997811715,3.4477662337271204,-34.060204399333585,0.1,0.35064935064935066,0.15296501386189296,0.8951527685090264,0.13642438909433158,762
MBD11_ARATH_Tsuboyama_2023_6ACV,MBD11_ARATH,Eukaryote,Stability,saprot_650m,SaProt_650M_AF2,sequence_structure,official_zero_shot_paired_complete_case,0.6346879095849131,5.312094181613458,4.697512638884159,-22.94147242786803,0.1,0.2413793103448276,0.1500673691481305,0.8451176763049634,0.0,1155
MET_HUMAN_Estevam_2023,MET_HUMAN,Human,Activity,saprot_650m,SaProt_650M_AF2,sequence_structure,official_zero_shot_paired_complete_case,0.5747173108166237,4.920708238003127,3.9861795823845307,-1.6700142472804602,0.1,0.18518518518518517,-0.5496150812425427,0.5954851167491457,0.001963292174602817,5393
MK01_HUMAN_Brenan_2016,MK01_HUMAN,Human,OrganismalFitness,saprot_650m,SaProt_650M_AF2,sequence_structure,official_zero_shot_paired_complete_case,0.14992384009040619,4.07066078984411,3.356265248841894,-11.729631828854917,0.1,0.09838472834067548,-8.089066015740087,0.061688987770845805,0.0,6809
MLAC_ECOLI_MacRae_2023,MLAC_ECOLI,Prokaryote,OrganismalFitness,saprot_650m,SaProt_650M_AF2,sequence_structure,official_zero_shot_paired_complete_case,0.22995934725759665,6.2642956833552095,5.278098132458321,-367.1539397723384,0.1,0.12468827930174564,-0.14503538117830422,0.2540821468997275,0.28656322536314255,4007
MSH2_HUMAN_Jia_2020,MSH2_HUMAN,Human,OrganismalFitness,saprot_650m,SaProt_650M_AF2,sequence_structure,official_zero_shot_paired_complete_case,0.3935792810355604,9.99605651131768,9.230018789337013,-22.698292152758892,0.1,0.15402985074626865,3.763534328358209,0.4394184634534043,0.12175024128310642,16749
MTH3_HAEAE_RockahShmuel_2015,MTH3_HAEAE,Prokaryote,OrganismalFitness,saprot_650m,SaProt_650M_AF2,sequence_structure,official_zero_shot_paired_complete_case,0.5796614377068444,5.662475262549131,4.674442601828366,-237.59664296435298,0.1,0.21910112359550563,0.6907865168539326,0.7079566440265012,0.0,1777
MTHR_HUMAN_Weile_2021,MTHR_HUMAN,Human,OrganismalFitness,saprot_650m,SaProt_650M_AF2,sequence_structure,official_zero_shot_paired_complete_case,0.3317571735756018,7.065490549984783,5.9657979266416605,-634.1763146283622,0.1,0.132317562149158,0.7728234161988774,0.42138360864035784,0.00820413246092058,12464
MYO3_YEAST_Tsuboyama_2023_2BTT,MYO3_YEAST,Eukaryote,Stability,saprot_650m,SaProt_650M_AF2,sequence_structure,official_zero_shot_paired_complete_case,0.5629669482604818,4.067471112213037,3.2866105894708797,-14.2284716453077,0.1,0.3894736842105263,0.021417645584603705,0.9442614519241205,0.09995165699270563,947
NCAP_I34A1_Doud_2015,NCAP_I34A1,Virus,OrganismalFitness,saprot_650m,SaProt_650M_AF2,sequence_structure,official_zero_shot_paired_complete_case,0.1345101376543921,2.633354791038988,2.1421834074139037,-3.616294811367906,0.1,0.13938753959873285,-2.546357854605666,0.16304171107554058,0.4288697653896344,9462
NKX31_HUMAN_Tsuboyama_2023_2L9R,NKX31_HUMAN,Human,Stability,saprot_650m,SaProt_650M_AF2,sequence_structure,official_zero_shot_paired_complete_case,0.45832791376257176,6.997328817545578,6.003458089033986,-181.7999370304885,0.1,0.1565217391304348,-0.051252111096888674,0.5795814505921505,3.229764211830286,1149
NPC1_HUMAN_Erwood_2022_HEK293T,NPC1_HUMAN,Human,Activity,saprot_650m,SaProt_650M_AF2,sequence_structure,official_zero_shot_paired_complete_case,0.6998556792217915,6.5440942363344385,5.413691119390792,-273.9638513461309,0.1,0.390625,0.8614765407682292,0.8812950421901623,0.0,637
NUD15_HUMAN_Suiter_2020,NUD15_HUMAN,Human,Expression,saprot_650m,SaProt_650M_AF2,sequence_structure,official_zero_shot_paired_complete_case,0.6793941034199538,7.247057866359314,6.281335517040827,-377.23795447055704,0.1,0.2982456140350877,0.8490310406810573,0.8680866240160617,0.11213577721992882,2844
NUSA_ECOLI_Tsuboyama_2023_1WCL,NUSA_ECOLI,Prokaryote,Stability,saprot_650m,SaProt_650M_AF2,sequence_structure,official_zero_shot_paired_complete_case,0.6711497338313296,4.414703921004844,3.48226215890928,-16.125989953560453,0.1,0.29770992366412213,0.009080480773963744,0.8377097662267993,0.5446589705875334,1306
NUSG_MYCTU_Tsuboyama_2023_2MI6,NUSG_MYCTU,Prokaryote,Stability,saprot_650m,SaProt_650M_AF2,sequence_structure,official_zero_shot_paired_complete_case,0.47099620103733447,6.79351841911643,6.023574974066342,-21.291436008913614,0.1,0.13725490196078433,-0.08026414383071084,0.7770329333186781,0.08622026947170378,1019
OBSCN_HUMAN_Tsuboyama_2023_1V1C,OBSCN_HUMAN,Human,Stability,saprot_650m,SaProt_650M_AF2,sequence_structure,official_zero_shot_paired_complete_case,0.7608365294549451,3.3829086839960345,2.631722826084155,-6.643137549177685,0.1,0.4672131147540984,0.06225376407824829,0.8881783639475691,0.01321306236602309,1213
ODP2_GEOSE_Tsuboyama_2023_1W4G,ODP2_GEOSE,Prokaryote,Stability,saprot_650m,SaProt_650M_AF2,sequence_structure,official_zero_shot_paired_complete_case,0.556353072584501,4.611297903881339,3.795901139668515,-33.35643991305015,0.1,0.2835820895522388,-0.1406269062631731,0.8025510023705492,0.0,669
OTC_HUMAN_Lo_2023,OTC_HUMAN,Human,Activity,saprot_650m,SaProt_650M_AF2,sequence_structure,official_zero_shot_paired_complete_case,0.6156784441421967,7.1671370836796395,6.282256593928876,-333.0990335180172,0.1,0.3821656050955414,0.8728152866242037,1.055203581603222,0.25758067222419945,1570
OTU7A_HUMAN_Tsuboyama_2023_2L2D,OTU7A_HUMAN,Human,Stability,saprot_650m,SaProt_650M_AF2,sequence_structure,official_zero_shot_paired_complete_case,0.64212727307664,3.385945520142351,2.3784221155122145,-15.01203164762212,0.1,0.359375,0.15859386031395467,0.9453346587970408,0.0,635
OXDA_RHOTO_Vanella_2023_activity,OXDA_RHOTO,Eukaryote,Activity,saprot_650m,SaProt_650M_AF2,sequence_structure,official_zero_shot_paired_complete_case,0.3960275777114148,6.0367840391714145,4.925154859762899,-5263.986415352825,0.1,0.221875,-0.037995665576860384,0.5976255080143372,0.08033214058611308,6396
OXDA_RHOTO_Vanella_2023_expression,OXDA_RHOTO,Eukaryote,Expression,saprot_650m,SaProt_650M_AF2,sequence_structure,official_zero_shot_paired_complete_case,0.4079388877510429,6.151842025517713,5.0357855459298415,-1992.1920097814766,0.1,0.1831610044313146,-0.00783487072182475,0.5100243135495766,0.20565289403468132,6769
P53_HUMAN_Giacomelli_2018_Null_Etoposide,P53_HUMAN,Human,OrganismalFitness,saprot_650m,SaProt_650M_AF2,sequence_structure,official_zero_shot_paired_complete_case,0.47719933268494985,5.62989353624695,4.539870188306069,-32.11234905315976,0.1,0.12449799196787148,0.4574878738155452,0.4198356071680474,0.9296640917624716,7467
P53_HUMAN_Giacomelli_2018_Null_Nutlin,P53_HUMAN,Human,OrganismalFitness,saprot_650m,SaProt_650M_AF2,sequence_structure,official_zero_shot_paired_complete_case,0.4688242491615141,5.694752568707845,4.562428390211472,-32.091091066522495,0.1,0.1459170013386881,0.37602570939730484,0.35146549789997245,1.081758182394506,7467
P53_HUMAN_Giacomelli_2018_WT_Nutlin,P53_HUMAN,Human,OrganismalFitness,saprot_650m,SaProt_650M_AF2,sequence_structure,official_zero_shot_paired_complete_case,0.482442510816754,5.617855115727574,4.490135391260358,-28.447722594163682,0.1,0.08969210174029452,0.39536222808551036,0.4010806723549935,1.822945149029728,7467
P53_HUMAN_Kotler_2018,P53_HUMAN,Human,OrganismalFitness,saprot_650m,SaProt_650M_AF2,sequence_structure,official_zero_shot_paired_complete_case,0.704884217180213,7.732329950319715,7.167474992885617,-41.78366373389725,0.1,0.2857142857142857,2.3835907313325286,0.9170183350471662,0.13658686700252623,1048
P84126_THETH_Chan_2017,P84126_THETH,Prokaryote,OrganismalFitness,saprot_650m,SaProt_650M_AF2,sequence_structure,official_zero_shot_paired_complete_case,0.622029606958825,9.323270988720266,8.765850789754289,-235.547327366008,0.1,0.39473684210526316,0.21975448655263155,1.1286451816817065,0.017354440812570444,1519
PABP_YEAST_Melamed_2013,PABP_YEAST,Eukaryote,OrganismalFitness,saprot_650m,SaProt_650M_AF2,sequence_structure,official_zero_shot_paired_complete_case,0.7025406200487666,7.718346956543274,6.896916591714422,-448.13862015051046,0.1,0.18487394957983194,0.9178829847394959,0.7128367841760977,4.0886889220106095,1187
PAI1_HUMAN_Huttinger_2021,PAI1_HUMAN,Human,Activity,saprot_650m,SaProt_650M_AF2,sequence_structure,official_zero_shot_paired_complete_case,0.46789844341627973,4.540598851832479,3.5905680245341234,-12.940645041309905,0.1,0.23177570093457944,0.5527369611046729,0.6442030968951898,0.3946960417223471,5345
PA_I34A1_Wu_2015,PA_I34A1,Virus,OrganismalFitness,saprot_650m,SaProt_650M_AF2,sequence_structure,official_zero_shot_paired_complete_case,0.2018306225529374,2.8339441520721773,2.0944269788043752,-31.21146895454452,0.1,0.1043956043956044,0.4856583294038461,0.07501078167304784,5.522539505428918,1820
PHOT_CHLRE_Chen_2023,PHOT_CHLRE,Eukaryote,Activity,saprot_650m,SaProt_650M_AF2,sequence_structure,official_zero_shot_paired_complete_case,0.6454616061039607,7.258937359270827,6.414679138715458,-422.64859122518783,0.1,0.19248826291079812,1.2926126302483172,0.6589584701417542,0.304293502984966,2122
PIN1_HUMAN_Tsuboyama_2023_1I6C,PIN1_HUMAN,Human,Stability,saprot_650m,SaProt_650M_AF2,sequence_structure,official_zero_shot_paired_complete_case,0.6946160553460994,5.425318610353146,4.37693953404121,-45.941006795394784,0.1,0.34782608695652173,-0.019312874353902408,0.869184832639989,0.3143905798546123,686
PITX2_HUMAN_Tsuboyama_2023_2L7M,PITX2_HUMAN,Human,Stability,saprot_650m,SaProt_650M_AF2,sequence_structure,official_zero_shot_paired_complete_case,0.4232460309047141,9.10064507725744,8.629206269794073,-80.26783146906318,0.1,0.06382978723404255,-0.17870759778486467,0.5449630682104574,0.06353046310255735,938
PKN1_HUMAN_Tsuboyama_2023_1URF,PKN1_HUMAN,Human,Stability,saprot_650m,SaProt_650M_AF2,sequence_structure,official_zero_shot_paired_complete_case,0.32375913491680514,6.121721006514046,5.225777950471447,-58.7240268175172,0.1,0.1984732824427481,0.12514833463417752,0.556046570068462,0.23173833127418447,1301
POLG_CXB3N_Mattenberger_2021,POLG_CXB3N,Virus,OrganismalFitness,saprot_650m,SaProt_650M_AF2,sequence_structure,official_zero_shot_paired_complete_case,0.10950443675108827,2.6543890365006413,2.1626005513207436,-5.27239377955986,0.1,0.10941475826972011,-2.581929557333827,-0.022674850635827287,0.7760134360377463,15711
POLG_DEN26_Suphatrakul_2023,POLG_DEN26,Virus,OrganismalFitness,saprot_650m,SaProt_650M_AF2,sequence_structure,official_zero_shot_paired_complete_case,0.16097621474970786,3.9682583121281603,3.2321228918391323,-1.2881445925830683,0.1,0.11952662721893491,-4.27571709080512,0.018876410709044708,0.5805232067305474,16897
POLG_HCVJF_Qi_2014,POLG_HCVJF,Virus,OrganismalFitness,saprot_650m,SaProt_650M_AF2,sequence_structure,official_zero_shot_paired_complete_case,0.17316199757679215,1.3476535699929462,1.0273322818308808,-11.634864313648873,0.1,0.09202453987730061,-0.6966008462208589,0.10160607876996408,0.5531628318968395,1630
POLG_PESV_Tsuboyama_2023_2MXD,POLG_PESV,Virus,Stability,saprot_650m,SaProt_650M_AF2,sequence_structure,official_zero_shot_paired_complete_case,0.699635531905485,2.7585796140741157,2.102723521096466,-4.94590424626043,0.1,0.37,-0.2190561623977544,0.7265193496139124,0.0,995
PPARG_HUMAN_Majithia_2016,PPARG_HUMAN,Human,Activity,saprot_650m,SaProt_650M_AF2,sequence_structure,official_zero_shot_paired_complete_case,0.6565428263036033,5.514723661137167,4.580622042411253,-3.7792263082397195,0.1,0.19832985386221294,1.1886722338204594,0.6730310819108073,0.0,9576
PPM1D_HUMAN_Miller_2022,PPM1D_HUMAN,Human,OrganismalFitness,saprot_650m,SaProt_650M_AF2,sequence_structure,official_zero_shot_paired_complete_case,0.6328171828480184,7.286414058361431,5.776008421884244,-603.8916703333708,0.1,0.21419518377693283,0.19617379847908745,0.6839766912049465,0.4725556835037774,7889
PR40A_HUMAN_Tsuboyama_2023_1UZC,PR40A_HUMAN,Human,Stability,saprot_650m,SaProt_650M_AF2,sequence_structure,official_zero_shot_paired_complete_case,0.636031483422893,6.552542638711961,5.775915203356168,-60.22473878083343,0.1,0.2222222222222222,0.1037788189921605,0.7501511345772279,0.3094833946926396,1163
PRKN_HUMAN_Clausen_2023,PRKN_HUMAN,Human,Expression,saprot_650m,SaProt_650M_AF2,sequence_structure,official_zero_shot_paired_complete_case,0.6715164235241023,7.6096305878492805,6.4271279126735426,-371.55312601398094,0.1,0.2762557077625571,0.9902072922266649,0.7527038451339446,0.002380360526403876,8756
PSAE_PICP2_Tsuboyama_2023_1PSE,PSAE_PICP2,Prokaryote,Stability,saprot_650m,SaProt_650M_AF2,sequence_structure,official_zero_shot_paired_complete_case,0.539392106341774,5.7482418946337654,4.818468174388295,-73.3797514421876,0.1,0.14754098360655737,0.09515961199774334,0.6008103683657593,1.5324809237336912,1219
PTEN_HUMAN_Matreyek_2021,PTEN_HUMAN,Human,Expression,saprot_650m,SaProt_650M_AF2,sequence_structure,official_zero_shot_paired_complete_case,0.4988364029121468,7.784336524534605,6.4918345019229085,-623.9794902225325,0.1,0.1944990176817289,0.9070788927024869,0.6109083895991869,0.04189372327942894,5083
PTEN_HUMAN_Mighell_2018,PTEN_HUMAN,Human,Activity,saprot_650m,SaProt_650M_AF2,sequence_structure,official_zero_shot_paired_complete_case,0.5391356840405332,6.156513506002706,5.050276151078596,-17.777597730293497,0.1,0.19559228650137742,-0.22660784028374642,0.48851952874223903,0.17449280257440733,7260
Q2N0S5_9HIV1_Haddox_2018,Q2N0S5_9HIV1,Virus,OrganismalFitness,saprot_650m,SaProt_650M_AF2,sequence_structure,official_zero_shot_paired_complete_case,0.23248394514140394,2.91696154329131,2.2958147764165693,-0.7191388080413879,0.1,0.12254516889238021,-2.1379864854202673,0.1400752371031967,0.18272903086544334,12729
Q53Z42_HUMAN_McShan_2019_binding-TAPBPR,Q53Z42_HUMAN,Human,Binding,saprot_650m,SaProt_650M_AF2,sequence_structure,official_zero_shot_paired_complete_case,0.3301724545371352,7.706037003709213,7.150775151267585,-50.99122321085714,0.1,0.19402985074626866,0.7802835820895522,0.6328354635175591,0.0,3344
Q53Z42_HUMAN_McShan_2019_expression,Q53Z42_HUMAN,Human,Expression,saprot_650m,SaProt_650M_AF2,sequence_structure,official_zero_shot_paired_complete_case,0.5131343309833892,6.590765763086293,6.0672289926698655,-11.684908391940507,0.1,0.3044776119402985,0.4737164179104477,0.80634111159042,0.0,3344
Q59976_STRSQ_Romero_2015,Q59976_STRSQ,Prokaryote,Activity,saprot_650m,SaProt_650M_AF2,sequence_structure,official_zero_shot_paired_complete_case,0.6341210974179814,5.251931839134154,4.311822702641332,-34.42076871682835,0.1,0.25666666666666665,-0.35964999999999997,0.66155797770243,0.0,2999
Q6WV12_9MAXI_Somermeyer_2022,Q6WV12_9MAXI,Eukaryote,Activity,saprot_650m,SaProt_650M_AF2,sequence_structure,official_zero_shot_paired_complete_case,0.10738301546631397,15190.439004062024,14512.41036082524,-10.457346422136165,0.1,0.14782608695652175,14678.770852139041,0.03745028176189784,0.6360510873557347,1141
Q837P4_ENTFA_Meier_2023,Q837P4_ENTFA,Prokaryote,Activity,saprot_650m,SaProt_650M_AF2,sequence_structure,official_zero_shot_paired_complete_case,0.5893811901581005,5.19934658550264,4.028457895637838,-15.87693499087991,0.1,0.3,-0.22961494059999993,0.7502221208833418,0.0,697
Q837P5_ENTFA_Meier_2023,Q837P5_ENTFA,Prokaryote,Activity,saprot_650m,SaProt_650M_AF2,sequence_structure,official_zero_shot_paired_complete_case,0.3414931391923733,5.021755957677178,4.08694620466499,-14.742415009846466,0.1,0.21333333333333335,-1.0055327622977777,0.2791070074675819,0.09813268509868416,747
Q8WTC7_9CNID_Somermeyer_2022,Q8WTC7_9CNID,Eukaryote,Activity,saprot_650m,SaProt_650M_AF2,sequence_structure,official_zero_shot_paired_complete_case,0.13927227268507714,8176.61827201217,7591.21198637858,-6.242379755944679,0.1,0.1322314049586777,7602.8730566075465,0.004457218112367506,2.1810334758532446,1201
R1AB_SARS2_Flynn_2022,R1AB_SARS2,Virus,OrganismalFitness,saprot_650m,SaProt_650M_AF2,sequence_structure,official_zero_shot_paired_complete_case,0.2411276092529898,4.211781337991798,3.3146157667344065,-100.8756110126973,0.1,0.10645724258289703,0.708155912365649,0.15987159526796932,0.025461392870822625,5725
RAD_ANTMA_Tsuboyama_2023_2CJJ,RAD_ANTMA,Eukaryote,Stability,saprot_650m,SaProt_650M_AF2,sequence_structure,official_zero_shot_paired_complete_case,0.21110295685176145,6.606951326068386,5.795275155781891,-89.23320442472388,0.1,0.07692307692307693,0.03753179360381615,0.5276862514577241,0.6154150740190327,774
RASH_HUMAN_Bandaru_2017,RASH_HUMAN,Human,Activity,saprot_650m,SaProt_650M_AF2,sequence_structure,official_zero_shot_paired_complete_case,0.3728163769563334,10.756434761286217,10.340411035736198,-1254.6777977142071,0.1,0.08280254777070063,0.04139583706050955,0.5487151338343582,4.366995507178132,3134
RASK_HUMAN_Weng_2022_abundance,RASK_HUMAN,Human,Expression,saprot_650m,SaProt_650M_AF2,sequence_structure,official_zero_shot_paired_complete_case,0.2184985889710346,10.496292873136078,9.992730151774525,-820.4979324803313,0.1,0.10749185667752444,-0.28701333894407727,0.12208924257451009,0.6329149572159926,3066
RASK_HUMAN_Weng_2022_binding-DARPin_K55,RASK_HUMAN,Human,Binding,saprot_650m,SaProt_650M_AF2,sequence_structure,official_zero_shot_paired_complete_case,0.4734308314948028,10.550649089356897,10.069275034654439,-933.1276086318967,0.1,0.18122977346278318,-0.02313417056241981,0.6208979869091054,0.00609572175651704,3084
RBP1_HUMAN_Tsuboyama_2023_2KWH,RBP1_HUMAN,Human,Stability,saprot_650m,SaProt_650M_AF2,sequence_structure,official_zero_shot_paired_complete_case,0.5937001898024554,3.3702235851990827,2.5909685842838264,-20.722636685062813,0.1,0.30612244897959184,0.19168109613036888,0.7024562026948491,1.4487447984092328,975
RCD1_ARATH_Tsuboyama_2023_5OAO,RCD1_ARATH,Eukaryote,Stability,saprot_650m,SaProt_650M_AF2,sequence_structure,official_zero_shot_paired_complete_case,0.45547524871714695,5.197284613435593,4.216132592791677,-65.3447145311203,0.1,0.15151515151515152,0.1395836736327689,0.6749917746177819,0.9228086292379132,988
RCRO_LAMBD_Tsuboyama_2023_1ORC,RCRO_LAMBD,Virus,Stability,saprot_650m,SaProt_650M_AF2,sequence_structure,official_zero_shot_paired_complete_case,0.6770510379242599,3.6919796366520323,3.0588562643204873,-7.182914280488863,0.1,0.31666666666666665,0.007742815332915838,0.824547358049433,0.16966481212972867,1195
RD23A_HUMAN_Tsuboyama_2023_1IFY,RD23A_HUMAN,Human,Stability,saprot_650m,SaProt_650M_AF2,sequence_structure,official_zero_shot_paired_complete_case,0.5172264592067809,7.130475289788631,6.446529349058034,-43.74802125677837,0.1,0.25,-0.07027717788519026,0.8096842529110028,0.46386022482034545,798
RDRP_I33A0_Li_2023,RDRP_I33A0,Virus,OrganismalFitness,saprot_650m,SaProt_650M_AF2,sequence_structure,official_zero_shot_paired_complete_case,0.14920588182712657,2.441244422162448,1.8243004059333767,-13.502449817954338,0.1,0.11906744379683597,-1.3326103445801558,0.1058771067865019,0.5605031143233707,12003
REV_HV1H2_Fernandes_2016,REV_HV1H2,Virus,OrganismalFitness,saprot_650m,SaProt_650M_AF2,sequence_structure,official_zero_shot_paired_complete_case,0.2736352986971214,2.947843311786305,2.1038736642804063,-182.01494272021918,0.1,0.07906976744186046,-0.07252691154550757,0.22127975419292245,2.4521423118535797,2147
RFAH_ECOLI_Tsuboyama_2023_2LCL,RFAH_ECOLI,Prokaryote,Stability,saprot_650m,SaProt_650M_AF2,sequence_structure,official_zero_shot_paired_complete_case,0.4578307308448238,4.621842233325927,3.5903202703220813,-46.61547443657686,0.1,0.27835051546391754,0.4297912280315395,1.0493955870567029,0.0,969
RL20_AQUAE_Tsuboyama_2023_1GYZ,RL20_AQUAE,Prokaryote,Stability,saprot_650m,SaProt_650M_AF2,sequence_structure,official_zero_shot_paired_complete_case,0.4748535579181799,6.827472421515657,5.973755329955148,-87.57380112801098,0.1,0.13274336283185842,-0.014783975493162621,0.522591472477781,0.33088105192520545,1121
RL40A_YEAST_Mavor_2016,RL40A_YEAST,Eukaryote,OrganismalFitness,saprot_650m,SaProt_650M_AF2,sequence_structure,official_zero_shot_paired_complete_case,0.33843410825193143,10.329894632229424,10.10257450206534,-2994.2443451383615,0.1,0.1111111111111111,-0.022080104714285714,0.6783959616527652,0.8288498998470396,1253
RL40A_YEAST_Roscoe_2013,RL40A_YEAST,Eukaryote,OrganismalFitness,saprot_650m,SaProt_650M_AF2,sequence_structure,official_zero_shot_paired_complete_case,0.38088305396787053,10.122405277943757,9.899602921624227,-857.4773235702363,0.1,0.19166666666666668,-0.038768255622025787,0.6539276587126859,0.016614722868483135,1195
RL40A_YEAST_Roscoe_2014,RL40A_YEAST,Eukaryote,Activity,saprot_650m,SaProt_650M_AF2,sequence_structure,official_zero_shot_paired_complete_case,0.30236606655570014,11.272621434147355,11.073860830871421,-665.4297275508972,0.1,0.13768115942028986,0.9584361940797101,0.5470363235793791,0.48760211962545985,1380
RNC_ECOLI_Weeks_2023,RNC_ECOLI,Prokaryote,Activity,saprot_650m,SaProt_650M_AF2,sequence_structure,official_zero_shot_paired_complete_case,0.6082338227165837,6.520192731348322,5.426873604059407,-107.52046598106033,0.1,0.1658878504672897,-0.009798487198598129,0.5850190399573763,0.30144460634067227,4277
RPC1_BP434_Tsuboyama_2023_1R69,RPC1_BP434,Virus,Stability,saprot_650m,SaProt_650M_AF2,sequence_structure,official_zero_shot_paired_complete_case,0.6998840632985068,4.478215367261569,3.682574589441289,-12.263523561638142,0.1,0.26548672566371684,-0.08654326256700054,0.8479425446453105,0.17790219277013034,1124
RS15_GEOSE_Tsuboyama_2023_1A32,RS15_GEOSE,Prokaryote,Stability,saprot_650m,SaProt_650M_AF2,sequence_structure,official_zero_shot_paired_complete_case,0.43262973886237566,5.991523609018012,5.223670231223787,-82.12362807576434,0.1,0.15,0.09465204118124088,0.607038411992728,0.6945859465386401,1195
S22A1_HUMAN_Yee_2023_abundance,S22A1_HUMAN,Human,Expression,saprot_650m,SaProt_650M_AF2,sequence_structure,official_zero_shot_paired_complete_case,0.6300773914449654,4.515966210788526,3.6636523144199367,-10.105224382653427,0.1,0.2691131498470948,0.2027745149704383,0.7647126579423134,0.32895848576931375,9803
S22A1_HUMAN_Yee_2023_activity,S22A1_HUMAN,Human,Activity,saprot_650m,SaProt_650M_AF2,sequence_structure,official_zero_shot_paired_complete_case,0.5418080948913959,5.232810397391481,4.315721589444457,-33.02901773567347,0.1,0.20594059405940593,0.2655212932950495,0.6299949187380652,0.31385070810419924,10094
SAV1_MOUSE_Tsuboyama_2023_2YSB,SAV1_MOUSE,Eukaryote,Stability,saprot_650m,SaProt_650M_AF2,sequence_structure,official_zero_shot_paired_complete_case,0.6237664247342948,5.867905664314081,4.848568233875974,-46.76298704951889,0.1,0.17647058823529413,-0.053171313920789255,0.715357574708309,1.0043851155578583,679
SBI_STAAM_Tsuboyama_2023_2JVG,SBI_STAAM,Prokaryote,Stability,saprot_650m,SaProt_650M_AF2,sequence_structure,official_zero_shot_paired_complete_case,0.682898692679361,4.130400768984026,3.147475768050988,-35.80648585233268,0.1,0.30097087378640774,0.0716201515586218,1.0019378001503083,0.2650883342030191,1025
SC6A4_HUMAN_Young_2021,SC6A4_HUMAN,Human,Activity,saprot_650m,SaProt_650M_AF2,sequence_structure,official_zero_shot_paired_complete_case,0.5781977990411015,6.344382356494885,5.264327946718788,-21.993105432060823,0.1,0.22107081174438686,0.4627959487582038,0.717824543182559,1.1479290173976127,11576
SCIN_STAAR_Tsuboyama_2023_2QFF,SCIN_STAAR,Prokaryote,Stability,saprot_650m,SaProt_650M_AF2,sequence_structure,official_zero_shot_paired_complete_case,0.619846406296201,3.0019983877031517,2.24115115393594,-10.707618115821473,0.1,0.36885245901639346,0.25031159229703687,0.9482387379566847,0.0,1212
SDA_BACSU_Tsuboyama_2023_1PV0,SDA_BACSU,Prokaryote,Stability,saprot_650m,SaProt_650M_AF2,sequence_structure,official_zero_shot_paired_complete_case,0.6688556713341434,5.162644559021214,4.257233611789282,-26.80468783834135,0.1,0.2619047619047619,0.04957717523139765,0.7515412284550544,0.6972200695121383,834
SERC_HUMAN_Xie_2023,SERC_HUMAN,Human,OrganismalFitness,saprot_650m,SaProt_650M_AF2,sequence_structure,official_zero_shot_paired_complete_case,0.561615645243951,7.076515588631864,6.227608789671526,-553.4161334749595,0.1,0.15104166666666666,0.9758802056316621,0.5263482860428679,0.22398383040931455,1914
SHOC2_HUMAN_Kwon_2022,SHOC2_HUMAN,Human,OrganismalFitness,saprot_650m,SaProt_650M_AF2,sequence_structure,official_zero_shot_paired_complete_case,0.322381029786417,6.107214636576062,4.800468750009695,-92.4236340352776,0.1,0.12386156648451731,-0.27765050178657213,0.13276794582238446,3.6175888056199663,10972
SOX30_HUMAN_Tsuboyama_2023_7JJK,SOX30_HUMAN,Human,Stability,saprot_650m,SaProt_650M_AF2,sequence_structure,official_zero_shot_paired_complete_case,0.33275094761478163,5.103015511457298,4.308825912470675,-33.23418767122964,0.1,0.1782178217821782,0.006404485704806919,0.6061367000366328,0.740334740536587,1010
SPA_STAAU_Tsuboyama_2023_1LP1,SPA_STAAU,Prokaryote,Stability,saprot_650m,SaProt_650M_AF2,sequence_structure,official_zero_shot_paired_complete_case,0.580667478632326,4.152492584373498,3.170715086372809,-28.46872115401374,0.1,0.34615384615384615,0.06627740604804691,0.7010418279886019,0.5124048171270761,1035
SPG1_STRSG_Olson_2014,SPG1_STRSG,Prokaryote,Binding,saprot_650m,SaProt_650M_AF2,sequence_structure,official_zero_shot_paired_complete_case,0.34916520979199905,7.343521785394496,6.725843963887861,-14.73498643737446,0.1,0.1619047619047619,0.19092701579503488,0.45769425197408076,0.19124195826009643,1045
SPG2_STRSG_Tsuboyama_2023_5UBS,SPG2_STRSG,Prokaryote,Stability,saprot_650m,SaProt_650M_AF2,sequence_structure,official_zero_shot_paired_complete_case,0.3843408921121997,3.795467690981822,2.980370890908595,-11.302612748117719,0.1,0.1941747572815534,-0.06466096150042151,0.6139767740775044,0.0,1029
SPIKE_SARS2_Starr_2020_binding,SPIKE_SARS2,Virus,Binding,saprot_650m,SaProt_650M_AF2,sequence_structure,official_zero_shot_paired_complete_case,0.357308130020555,2.983671069942917,2.244851756390253,-3.4760155353956153,0.1,0.1889763779527559,-0.7681364829396327,0.15978998977209954,0.09927111159464232,3802
SPIKE_SARS2_Starr_2020_expression,SPIKE_SARS2,Virus,Expression,saprot_650m,SaProt_650M_AF2,sequence_structure,official_zero_shot_paired_complete_case,0.4980184679402102,2.7547599433471706,2.0104855984029166,-6.170660601009305,0.1,0.3368421052631579,-0.49971052631578944,0.5606706179899142,0.0,3798
SPTN1_CHICK_Tsuboyama_2023_1TUD,SPTN1_CHICK,Eukaryote,Stability,saprot_650m,SaProt_650M_AF2,sequence_structure,official_zero_shot_paired_complete_case,0.5953602347625782,3.0779750521640716,2.4208485654513727,-4.025853698625039,0.1,0.2358490566037736,-0.21923454698288208,0.8294728297949266,0.1265639292549345,1051
SQSTM_MOUSE_Tsuboyama_2023_2RRU,SQSTM_MOUSE,Eukaryote,Stability,saprot_650m,SaProt_650M_AF2,sequence_structure,official_zero_shot_paired_complete_case,0.6815427476940261,5.39855095613449,4.443379486269606,-43.22174522445612,0.1,0.29577464788732394,-0.14412202599414395,0.9523336538670998,0.4382730522522596,707
SR43C_ARATH_Tsuboyama_2023_2N88,SR43C_ARATH,Eukaryote,Stability,saprot_650m,SaProt_650M_AF2,sequence_structure,official_zero_shot_paired_complete_case,0.757153788057088,3.6045428740968766,2.943177470586203,-10.122159658083326,0.1,0.38202247191011235,0.04437880391926078,0.9486947919047592,0.20304835210709227,889
SRBS1_HUMAN_Tsuboyama_2023_2O2W,SRBS1_HUMAN,Human,Stability,saprot_650m,SaProt_650M_AF2,sequence_structure,official_zero_shot_paired_complete_case,0.5657484162949737,7.8420854698405105,7.092057034807835,-40.71246096397881,0.1,0.18032786885245902,-0.09238365350748723,0.7685772749947294,0.29293867474097496,1211
SRC_HUMAN_Ahler_2019,SRC_HUMAN,Human,Activity,saprot_650m,SaProt_650M_AF2,sequence_structure,official_zero_shot_paired_complete_case,0.5055592128254218,9.687534171925517,9.114331714591156,-97.76093808203997,0.1,0.08579881656804733,0.02991606692899409,0.46206388740451265,3.207614390225683,3372
SRC_HUMAN_Chakraborty_2023_binding-DAS_25uM,SRC_HUMAN,Human,Activity,saprot_650m,SaProt_650M_AF2,sequence_structure,official_zero_shot_paired_complete_case,0.4308081674976362,10.207052859697743,9.600136831164324,-225.00582670143734,0.1,0.07692307692307693,0.2565060560357143,0.3204600398945866,0.302182348211993,3637
SRC_HUMAN_Nguyen_2022,SRC_HUMAN,Human,OrganismalFitness,saprot_650m,SaProt_650M_AF2,sequence_structure,official_zero_shot_paired_complete_case,0.42952085030574666,9.695803097699509,9.088214732147476,-290.9278294894022,0.1,0.09198813056379822,-0.24970309095555193,0.374011739705949,2.9545327523872857,3366
SUMO1_HUMAN_Weile_2017,SUMO1_HUMAN,Human,OrganismalFitness,saprot_650m,SaProt_650M_AF2,sequence_structure,official_zero_shot_paired_complete_case,0.47912942449013257,9.284813091445335,8.679663635555219,-649.6670174490407,0.1,0.19411764705882353,0.6793050162764706,0.6952620158236844,0.9502781280402712,1700
SYUA_HUMAN_Newberry_2020,SYUA_HUMAN,Human,OrganismalFitness,saprot_650m,SaProt_650M_AF2,sequence_structure,official_zero_shot_paired_complete_case,-0.01075583519093393,4.087143477548864,3.1091853320987823,-782.6671306446789,0.1,0.052,-0.04910905495772445,0.1566638517043104,0.6663895321674977,2497
TADBP_HUMAN_Bolognesi_2019,TADBP_HUMAN,Human,OrganismalFitness,saprot_650m,SaProt_650M_AF2,sequence_structure,official_zero_shot_paired_complete_case,0.05425104721754568,3.471731834536846,2.8322000248551533,-1298.2454346169025,0.1,0.14166666666666666,0.02394184548950311,0.20762979782746757,0.0,1196
TAT_HV1BR_Fernandes_2016,TAT_HV1BR,Virus,OrganismalFitness,saprot_650m,SaProt_650M_AF2,sequence_structure,official_zero_shot_paired_complete_case,0.1573746186431203,2.01854572632915,1.5291888664847169,-103.56227804137791,0.1,0.08860759493670886,-0.14676713945710063,-0.1538914591291535,4.04271862491589,1577
TCRG1_MOUSE_Tsuboyama_2023_1E0L,TCRG1_MOUSE,Eukaryote,Stability,saprot_650m,SaProt_650M_AF2,sequence_structure,official_zero_shot_paired_complete_case,0.7273519845546922,4.869512470901625,3.811853289497574,-34.12342488366066,0.1,0.2857142857142857,-0.1809921179656434,0.8322969364839287,0.0,621
THO1_YEAST_Tsuboyama_2023_2WQG,THO1_YEAST,Eukaryote,Stability,saprot_650m,SaProt_650M_AF2,sequence_structure,official_zero_shot_paired_complete_case,0.4357366509982155,3.9125541350929836,3.15509059992427,-20.02844726921304,0.1,0.3333333333333333,-0.050992265972139975,0.6525856074651281,0.025704834881280888,656
TNKS2_HUMAN_Tsuboyama_2023_5JRT,TNKS2_HUMAN,Human,Stability,saprot_650m,SaProt_650M_AF2,sequence_structure,official_zero_shot_paired_complete_case,0.7238079368372456,4.939504797975303,4.072618029805733,-25.40814766623092,0.1,0.24107142857142858,-0.1295476651668422,0.8844631826718036,0.23650727641216693,1118
TPK1_HUMAN_Weile_2017,TPK1_HUMAN,Human,OrganismalFitness,saprot_650m,SaProt_650M_AF2,sequence_structure,official_zero_shot_paired_complete_case,0.26828450246699725,7.491052825883043,6.4674952366591745,-196.8084545242385,0.1,0.14106583072100312,0.58494079569279,0.31035161509057874,0.37201298952758316,3181
TPMT_HUMAN_Matreyek_2018,TPMT_HUMAN,Human,Expression,saprot_650m,SaProt_650M_AF2,sequence_structure,official_zero_shot_paired_complete_case,0.5677789180194182,6.576797491649452,5.582824044036994,-341.73957380006317,0.1,0.19726027397260273,0.9569125953506848,0.5548656381957884,1.485789330433734,3648
TPOR_HUMAN_Bridgford_2020,TPOR_HUMAN,Human,OrganismalFitness,saprot_650m,SaProt_650M_AF2,sequence_structure,official_zero_shot_paired_complete_case,0.3890073746378992,3.893080063296125,3.045518492346454,-98.79687068770042,0.1,0.2807017543859649,-0.09672448710483753,0.6517276018818803,0.0,562
TRPC_SACS2_Chan_2017,TRPC_SACS2,Prokaryote,OrganismalFitness,saprot_650m,SaProt_650M_AF2,sequence_structure,official_zero_shot_paired_complete_case,0.625896759336309,7.995188551259884,7.257817821082659,-170.9306590685669,0.1,0.5131578947368421,0.2783742100065789,1.356034329865336,0.5427776354458935,1519
TRPC_THEMA_Chan_2017,TRPC_THEMA,Prokaryote,OrganismalFitness,saprot_650m,SaProt_650M_AF2,sequence_structure,official_zero_shot_paired_complete_case,0.5037707112200329,8.420204896715678,7.65762345403227,-191.57898408340074,0.1,0.3815789473684211,0.011894086651315784,1.1534988644494508,0.8271724400148858,1519
UBC9_HUMAN_Weile_2017,UBC9_HUMAN,Human,OrganismalFitness,saprot_650m,SaProt_650M_AF2,sequence_structure,official_zero_shot_paired_complete_case,0.36999091029095665,10.818249536733711,10.46989365365733,-469.6172049470074,0.1,0.14396887159533073,0.7727393123657588,0.6538050887385816,4.346445718866041,2563
UBE4B_HUMAN_Tsuboyama_2023_3L1X,UBE4B_HUMAN,Human,Stability,saprot_650m,SaProt_650M_AF2,sequence_structure,official_zero_shot_paired_complete_case,0.6363901468924403,5.509668169447707,4.757083200203956,-24.581263433724505,0.1,0.30357142857142855,-0.14251208779295838,0.8914686970222468,0.0,1118
UBE4B_MOUSE_Starita_2013,UBE4B_MOUSE,Eukaryote,Activity,saprot_650m,SaProt_650M_AF2,sequence_structure,official_zero_shot_paired_complete_case,0.4401290146516114,5.551447870199709,4.533758245123807,-23.299284054786717,0.1,0.16666666666666666,-0.001701389633333313,0.49308412445294564,1.9716924397518698,899
UBR5_HUMAN_Tsuboyama_2023_1I2T,UBR5_HUMAN,Human,Stability,saprot_650m,SaProt_650M_AF2,sequence_structure,official_zero_shot_paired_complete_case,0.5444912098255127,5.276270965999381,4.4820722935829,-34.57093889155893,0.1,0.13636363636363635,0.07111007613308389,0.655294279318963,0.3073504340096791,1094
VG08_BPP22_Tsuboyama_2023_2GP8,VG08_BPP22,Virus,Stability,saprot_650m,SaProt_650M_AF2,sequence_structure,official_zero_shot_paired_complete_case,0.6193339938113367,3.8016718677600005,2.7347338501309193,-48.443741208548104,0.1,0.2602739726027397,0.058961446582503706,0.7452020752928566,0.0,723
VILI_CHICK_Tsuboyama_2023_1YU5,VILI_CHICK,Eukaryote,Stability,saprot_650m,SaProt_650M_AF2,sequence_structure,official_zero_shot_paired_complete_case,0.6795182676212443,5.1556748727390485,4.2496045531171935,-34.16525947024178,0.1,0.3305785123966942,0.04004334734408106,0.9256093179903143,0.0759110075738422,1202
VKOR1_HUMAN_Chiasson_2020_abundance,VKOR1_HUMAN,Human,Expression,saprot_650m,SaProt_650M_AF2,sequence_structure,official_zero_shot_paired_complete_case,0.4936533461189797,7.911960913653295,6.780582776670608,-499.7873174259523,0.1,0.15555555555555556,0.922723864067753,0.7021653991659698,0.3792198408422713,2695
VKOR1_HUMAN_Chiasson_2020_activity,VKOR1_HUMAN,Human,Activity,saprot_650m,SaProt_650M_AF2,sequence_structure,official_zero_shot_paired_complete_case,0.42699393453973694,8.311141382505062,7.162970268394895,-322.3867663587298,0.1,0.15714285714285714,0.8359344493390533,0.25629118890655406,0.0,697
VRPI_BPT7_Tsuboyama_2023_2WNM,VRPI_BPT7,Virus,Stability,saprot_650m,SaProt_650M_AF2,sequence_structure,official_zero_shot_paired_complete_case,0.6619159909292098,3.4622721717148655,2.387419763285928,-12.468977847898307,0.1,0.38095238095238093,0.14877850249065136,0.8902690629718921,0.0,1047
YAIA_ECOLI_Tsuboyama_2023_2KVT,YAIA_ECOLI,Prokaryote,Stability,saprot_650m,SaProt_650M_AF2,sequence_structure,official_zero_shot_paired_complete_case,0.5770998720805346,3.8556494395058674,3.109522432453246,-8.60268990475162,0.1,0.3333333333333333,-0.11927257463719586,0.8382249589954073,0.024166451168948725,928
YNZC_BACSU_Tsuboyama_2023_2JVD,YNZC_BACSU,Prokaryote,Stability,saprot_650m,SaProt_650M_AF2,sequence_structure,official_zero_shot_paired_complete_case,0.494580298012358,5.93696082892651,5.159300420810073,-50.561406236972516,0.1,0.20833333333333334,-0.06812392693026309,0.6792888957546004,1.155837142432507,714
A0A140D2T1_ZIKV_Sourisseau_2019,A0A140D2T1_ZIKV,Virus,OrganismalFitness,siterm,SiteRM,structure_msa,official_zero_shot_paired_complete_case,0.4146157128132659,401.6691791925458,401.6651634412998,-783098.4463424217,0.1,0.3068893528183716,0.4708816816010938,0.6435590804707118,0.0,9576
A0A192B1T2_9HIV1_Haddox_2018,A0A192B1T2_9HIV1,Virus,OrganismalFitness,siterm,SiteRM,structure_msa,official_zero_shot_paired_complete_case,0.5148157804820874,457.7117124845785,457.7038084677748,-47023.097418275116,0.1,0.28139904610492844,-0.573209631290143,0.9627084443851172,0.0,12577
A0A1I9GEU1_NEIME_Kennouche_2019,A0A1I9GEU1_NEIME,Prokaryote,Activity,siterm,SiteRM,structure_msa,official_zero_shot_paired_complete_case,0.06104460135470862,115.56717344889304,115.52604907717733,-5632.564883408894,0.1,0.11827956989247312,0.38897849462365586,0.2507726131287658,1.9600917210854134,922
A0A247D711_LISMN_Stadelmann_2021,A0A247D711_LISMN,Prokaryote,Activity,siterm,SiteRM,structure_msa,official_zero_shot_paired_complete_case,0.44870652737045275,43.8025574892685,43.754334240926056,-1132.878085027427,0.1,0.13253012048192772,0.13167038191385405,0.4759524530190168,0.008874397187585306,1653
A0A2Z5U3Z0_9INFA_Doud_2016,A0A2Z5U3Z0_9INFA,Virus,OrganismalFitness,siterm,SiteRM,structure_msa,official_zero_shot_paired_complete_case,0.5476640498628684,313.7432922049879,313.73863652809825,-62868.62524693138,0.1,0.3180970149253731,-0.8259455091735075,0.9926915167918272,0.0,10715
A0A2Z5U3Z0_9INFA_Wu_2014,A0A2Z5U3Z0_9INFA,Virus,OrganismalFitness,siterm,SiteRM,structure_msa,official_zero_shot_paired_complete_case,0.5296055806730786,314.9124536472571,314.90820239937347,-101618.19373428225,0.1,0.2425531914893617,0.8542342235148938,0.4610994001968771,8.87693850755473,2350
A4D664_9INFA_Soh_2019,A4D664_9INFA,Virus,OrganismalFitness,siterm,SiteRM,structure_msa,official_zero_shot_paired_complete_case,0.47161794284037384,162.2855229144286,162.27527072547235,-140545.82680001296,0.1,0.27373527373527373,0.7106995511527097,0.7831977892314338,21.039226378118737,14421
A4GRB6_PSEAI_Chen_2020,A4GRB6_PSEAI,Prokaryote,OrganismalFitness,siterm,SiteRM,structure_msa,official_zero_shot_paired_complete_case,0.6151143319957739,232.95579431771412,232.94903391977252,-12357.388405995129,0.1,0.21756487025948104,-0.1146750124565212,0.8657606687809822,0.7175803605953127,5004
A4_HUMAN_Seuma_2022,A4_HUMAN,Human,Stability,siterm,SiteRM,structure_msa,official_zero_shot_paired_complete_case,0.4914386092056837,485.8455654075683,485.8410278816141,-86537.20409572843,0.1,0.0125,-0.6282952290697212,0.25145293491952153,1.053680922601523,796
AACC1_PSEAI_Dandage_2018,AACC1_PSEAI,Prokaryote,OrganismalFitness,siterm,SiteRM,structure_msa,official_zero_shot_paired_complete_case,0.34378334144931977,160.55867557094,160.54383672790553,-7438.281019287047,0.1,0.1712707182320442,1.5407869709416022,0.356571326875982,0.45889206441051517,1801
ACE2_HUMAN_Chan_2020,ACE2_HUMAN,Human,Binding,siterm,SiteRM,structure_msa,official_zero_shot_paired_complete_case,0.23571220059995687,670.8060450477508,670.801623458585,-354297.85517702723,0.1,0.19730941704035873,-0.039959276970852005,0.3247525146375151,0.17155648703378218,2223
ADRB2_HUMAN_Jones_2020,ADRB2_HUMAN,Human,Activity,siterm,SiteRM,structure_msa,official_zero_shot_paired_complete_case,0.4772659810656675,363.9681277452408,363.9622530762491,-242513.4822097476,0.1,0.1782051282051282,2.304621049391216,0.49157074730584105,1.024138276795975,7800
AMFR_HUMAN_Tsuboyama_2023_4G3O,AMFR_HUMAN,Human,Stability,siterm,SiteRM,structure_msa,official_zero_shot_paired_complete_case,0.30458977264479176,42.916680488635066,42.87083542980692,-1928.0047172726424,0.1,0.12195121951219512,-0.15006433526010618,0.5807540009320179,0.1489896801764587,820
AMIE_PSEAE_Wrenbeck_2017,AMIE_PSEAE,Prokaryote,Activity,siterm,SiteRM,structure_msa,official_zero_shot_paired_complete_case,0.5243571273158718,284.0199704548264,284.0136834247611,-548833.2661595098,0.1,0.12038523274478331,-0.02245714285714286,0.7279703119846931,0.7326954093875663,6227
ANCSZ_Hobbs_2022,ANCSZ,Eukaryote,Activity,siterm,SiteRM,structure_msa,official_zero_shot_paired_complete_case,0.5359251265304567,431.1556006803587,431.1476127493551,-5334783.408268594,0.1,0.19271948608137046,0.008776944276845843,0.6358472773065811,0.22813051586152647,4670
ARGR_ECOLI_Tsuboyama_2023_1AOY,ARGR_ECOLI,Prokaryote,Stability,siterm,SiteRM,structure_msa,official_zero_shot_paired_complete_case,0.3515305890043871,56.60583737694568,56.55714478163033,-2653.9450701005153,0.1,0.13953488372093023,-0.19929494429599762,0.6164497500193651,1.0228588155407332,1287
BBC1_YEAST_Tsuboyama_2023_1TG0,BBC1_YEAST,Eukaryote,Stability,siterm,SiteRM,structure_msa,official_zero_shot_paired_complete_case,0.28154711957989853,59.89633913216655,59.85915162110147,-2652.467811041705,0.1,0.07339449541284404,-0.4908545791253504,0.3301716369069322,0.49887532918960137,1084
BCHB_CHLTE_Tsuboyama_2023_2KRU,BCHB_CHLTE,Prokaryote,Stability,siterm,SiteRM,structure_msa,official_zero_shot_paired_complete_case,0.27260730134303524,44.204603089488366,44.14853827209279,-1326.9146485220367,0.1,0.15730337078651685,-0.152263111562166,0.5684513971911266,0.08655923475434779,890
BLAT_ECOLX_Deng_2012,BLAT_ECOLX,Prokaryote,OrganismalFitness,siterm,SiteRM,structure_msa,official_zero_shot_paired_complete_case,0.43554344325706684,246.1395291127363,246.13258337875567,-25974.58245829273,0.1,0.296,-1.4088610421560002,0.8583344462172102,0.460190194128769,4996
BLAT_ECOLX_Firnberg_2014,BLAT_ECOLX,Prokaryote,OrganismalFitness,siterm,SiteRM,structure_msa,official_zero_shot_paired_complete_case,0.6375622787529703,249.32352286941125,249.31842599855034,-308522.45023636793,0.1,0.3465553235908142,1.001056993736952,1.09477002531803,3.029840338539336,4783
BLAT_ECOLX_Jacquier_2013,BLAT_ECOLX,Prokaryote,OrganismalFitness,siterm,SiteRM,structure_msa,official_zero_shot_paired_complete_case,0.6332900659076736,246.39737814525597,246.392524413113,-15939.561989962365,0.1,0.2727272727272727,-0.17175467437373737,0.7103691644390964,0.0,989
BLAT_ECOLX_Stiffler_2015,BLAT_ECOLX,Prokaryote,OrganismalFitness,siterm,SiteRM,structure_msa,official_zero_shot_paired_complete_case,0.644675200930299,247.60093642019723,247.5967150768075,-46231.7972691157,0.1,0.32,-0.12902608671600002,0.978311506607107,0.191973705575951,4996
BRCA1_HUMAN_Findlay_2018,BRCA1_HUMAN,Human,OrganismalFitness,siterm,SiteRM,structure_msa,official_zero_shot_paired_complete_case,0.5116488976186446,1494.6982828227574,1494.6969803248567,-2793538.7624135073,0.1,0.15760869565217392,-0.08910038450543478,0.573853881299286,0.35918426142107523,1837
C6KNH7_9INFA_Lee_2018,C6KNH7_9INFA,Virus,OrganismalFitness,siterm,SiteRM,structure_msa,official_zero_shot_paired_complete_case,0.5116467460201405,322.70706700257364,322.7024397022896,-103015.72088136965,0.1,0.31970260223048325,-0.5991647094150477,0.9647287841132075,0.0,10754
CALM1_HUMAN_Weile_2017,CALM1_HUMAN,Human,OrganismalFitness,siterm,SiteRM,structure_msa,official_zero_shot_paired_complete_case,0.2147777424885176,120.11598344227117,120.10368595762972,-108340.01201144657,0.1,0.06043956043956044,0.884283227967033,0.3899132581119539,0.2830040196237928,1813
CAPSD_AAV2S_Sinai_2021,CAPSD_AAV2S,Virus,OrganismalFitness,siterm,SiteRM,structure_msa,official_zero_shot_paired_complete_case,0.5845192209065928,410.55581173513514,410.5501599235089,-36167.66230971679,0.1,0.4444444444444444,1.452572286245431,1.0656372274059607,0.23632624819148648,532
CAR11_HUMAN_Meitlis_2020_gof,CAR11_HUMAN,Human,OrganismalFitness,siterm,SiteRM,structure_msa,official_zero_shot_paired_complete_case,0.22602746691975412,610.8645793919811,610.8595114834014,-938544.2835818644,0.1,0.0546218487394958,-0.1899011344415266,0.2497034642225639,7.009060917635728,2374
CAR11_HUMAN_Meitlis_2020_lof,CAR11_HUMAN,Human,OrganismalFitness,siterm,SiteRM,structure_msa,official_zero_shot_paired_complete_case,0.3655404722715017,610.5593457872347,610.5548582766238,-739291.8846878033,0.1,0.058333333333333334,-0.1834230997170139,0.6641207165012868,1.7455067142881577,2395
CAS9_STRP1_Spencer_2017_positive,CAS9_STRP1,Prokaryote,Activity,siterm,SiteRM,structure_msa,official_zero_shot_paired_complete_case,0.18928373417680983,1121.9669146674287,1121.9652392676296,-3318789.4115608186,0.1,0.09236453201970443,-0.15827486614447733,0.15205109128056207,0.6051308848673838,8117
CASP3_HUMAN_Roychowdhury_2020,CASP3_HUMAN,Human,Activity,siterm,SiteRM,structure_msa,official_zero_shot_paired_complete_case,0.5500337493886713,227.81679326952192,227.81177359808402,-112660.89537095671,0.1,0.21656050955414013,0.3978823002767734,0.6613052830915631,0.67030275775636,1567
CASP7_HUMAN_Roychowdhury_2020,CASP7_HUMAN,Human,Activity,siterm,SiteRM,structure_msa,official_zero_shot_paired_complete_case,0.567198196083747,228.47088568269368,228.46493394128365,-80082.00008174035,0.1,0.14285714285714285,0.24269790275664638,0.7673139242414682,3.6586581374059266,1680
CATR_CHLRE_Tsuboyama_2023_2AMI,CATR_CHLRE,Eukaryote,Stability,siterm,SiteRM,structure_msa,official_zero_shot_paired_complete_case,0.3545688761260087,58.77455981006922,58.74439571652737,-5160.1695128424,0.1,0.15671641791044777,0.05364991209423867,0.5758416147575893,0.00934513196012491,1340
CBPA2_HUMAN_Tsuboyama_2023_1O6X,CBPA2_HUMAN,Human,Stability,siterm,SiteRM,structure_msa,official_zero_shot_paired_complete_case,0.37716149186457565,62.533845953687546,62.49936724301366,-2912.6724688728445,0.1,0.16911764705882354,-0.08311984466213584,0.6259215252862339,0.14838289614119007,1357
CBS_HUMAN_Sun_2020,CBS_HUMAN,Human,OrganismalFitness,siterm,SiteRM,structure_msa,official_zero_shot_paired_complete_case,0.3896758857624788,406.46338133650545,406.45432530294397,-748653.4043250836,0.1,0.15512465373961218,0.6507846428169984,0.41450889486882975,0.8550770083424509,7217
CBX4_HUMAN_Tsuboyama_2023_2K28,CBX4_HUMAN,Human,Stability,siterm,SiteRM,structure_msa,official_zero_shot_paired_complete_case,0.528359410922163,39.47327368417764,39.43470060538227,-1673.2480022487746,0.1,0.17391304347826086,-0.16170433045296534,0.6447695972902081,0.5554768081477206,917
CCDB_ECOLI_Adkar_2012,CCDB_ECOLI,Prokaryote,Activity,siterm,SiteRM,structure_msa,official_zero_shot_paired_complete_case,0.3827060755435368,71.68188100881002,67.93700936662285,-8.167760348188631,0.1,0.1016949152542373,-16.076271186440678,0.46335610804320904,0.0,1176
CCR5_HUMAN_Gill_2023,CCR5_HUMAN,Human,Binding,siterm,SiteRM,structure_msa,official_zero_shot_paired_complete_case,0.33227021420417663,323.9850686625444,323.97971686960796,-376688.7687535402,0.1,0.13192182410423453,0.0724416395222584,0.3905988509856175,2.8036812167954626,6137
CD19_HUMAN_Klesmith_2019_FMC_singles,CD19_HUMAN,Human,Binding,siterm,SiteRM,structure_msa,official_zero_shot_paired_complete_case,0.25947206825491703,471.4698311453699,471.4585131660903,-24149.855949620833,0.1,0.15649867374005305,-0.5647668918517393,0.3523619611019716,0.9244545644388455,3761
CP2C9_HUMAN_Amorosi_2021_abundance,CP2C9_HUMAN,Human,Expression,siterm,SiteRM,structure_msa,official_zero_shot_paired_complete_case,0.5444410610655789,415.02198150481075,415.01828452270706,-1607384.8293392388,0.1,0.24960753532182103,0.9525106533893251,0.8123967453941113,0.2722228088459998,6370
CP2C9_HUMAN_Amorosi_2021_activity,CP2C9_HUMAN,Human,Binding,siterm,SiteRM,structure_msa,official_zero_shot_paired_complete_case,0.6122821449679089,414.9283255640689,414.9247779148065,-1293446.496007894,0.1,0.26504065040650404,0.8975457801073171,0.9782881133994499,0.07008730052622068,6142
CSN4_MOUSE_Tsuboyama_2023_1UFM,CSN4_MOUSE,Eukaryote,Stability,siterm,SiteRM,structure_msa,official_zero_shot_paired_complete_case,0.4138628518230615,59.74900443327461,59.71891340386958,-3100.5103297801365,0.1,0.16176470588235295,-0.13918707851103737,0.6401787215999005,0.1138295309508175,1353
CUE1_YEAST_Tsuboyama_2023_2MYX,CUE1_YEAST,Eukaryote,Stability,siterm,SiteRM,structure_msa,official_zero_shot_paired_complete_case,0.4381211792304722,45.970961833097995,45.91775599396821,-1942.7847987115633,0.1,0.3020833333333333,-0.0974976333946327,0.971585362363761,0.0,955
D7PM05_CLYGR_Somermeyer_2022,D7PM05_CLYGR,Eukaryote,Activity,siterm,SiteRM,structure_msa,official_zero_shot_paired_complete_case,0.562117229191235,24665.485424979175,21971.771626701695,-3.8419331804479846,0.1,0.28205128205128205,28923.360559054985,0.6379456198901392,0.0,1169
DLG4_HUMAN_Faure_2021,DLG4_HUMAN,Human,OrganismalFitness,siterm,SiteRM,structure_msa,official_zero_shot_paired_complete_case,0.4873486302005796,510.9451877518063,510.9408628203661,-1718515.0423925545,0.1,0.2265625,-0.06397033815686219,0.7726727707397677,0.0,1280
DLG4_RAT_McLaughlin_2012,DLG4_RAT,Eukaryote,Binding,siterm,SiteRM,structure_msa,official_zero_shot_paired_complete_case,0.4745291676741625,493.14897105843,493.14448420616793,-1475891.1132004664,0.1,0.1518987341772152,0.043040248734177215,0.5290835179637395,0.11194056571667312,1576
DN7A_SACS2_Tsuboyama_2023_1JIC,DN7A_SACS2,Prokaryote,Stability,siterm,SiteRM,structure_msa,official_zero_shot_paired_complete_case,0.23835565033158096,47.50780468434565,47.45837689652903,-1773.6430752834935,0.1,0.1782178217821782,-0.24610716150944173,0.5370853380947357,0.06142246273648113,1008
DNJA1_HUMAN_Tsuboyama_2023_2LO1,DNJA1_HUMAN,Human,Stability,siterm,SiteRM,structure_msa,official_zero_shot_paired_complete_case,0.45544861270617737,50.89382071085686,50.8460574969031,-1765.860119029564,0.1,0.09836065573770492,-0.17856954505545036,0.6903208718364229,0.03947149688627292,1216
DOCK1_MOUSE_Tsuboyama_2023_2M0Y,DOCK1_MOUSE,Eukaryote,Stability,siterm,SiteRM,structure_msa,official_zero_shot_paired_complete_case,0.46904808178847607,59.773223368039275,59.74200758275112,-3746.4908033742518,0.1,0.2459016393442623,0.09956759535442448,0.7872570333339356,0.0,1213
DYR_ECOLI_Nguyen_2023,DYR_ECOLI,Prokaryote,OrganismalFitness,siterm,SiteRM,structure_msa,official_zero_shot_paired_complete_case,0.44238853853983634,131.47322593106713,131.46046374069,-211347.87550777636,0.1,0.11986301369863013,0.9822260273972603,0.4143331677246962,0.4895428221424095,2916
DYR_ECOLI_Thompson_2019,DYR_ECOLI,Prokaryote,OrganismalFitness,siterm,SiteRM,structure_msa,official_zero_shot_paired_complete_case,0.41609881459364517,128.12411735655863,128.1076255146366,-29824.253629390543,0.1,0.1308016877637131,-0.0780481687763713,0.4215367880487629,1.8425483751938874,2363
ENVZ_ECOLI_Ghose_2023,ENVZ_ECOLI,Prokaryote,Activity,siterm,SiteRM,structure_msa,official_zero_shot_paired_complete_case,0.14829387467180058,59.65151819882274,59.60598959207812,-2795.697054654504,0.1,0.12389380530973451,3.3934241169040837,0.25243326760671614,0.0,1121
ENV_HV1BR_Haddox_2016,ENV_HV1BR,Virus,OrganismalFitness,siterm,SiteRM,structure_msa,official_zero_shot_paired_complete_case,0.33433403267924877,425.51323867421155,425.5022826889545,-39409547.75038437,0.1,0.1895881895881896,0.06579779542488608,0.3534637836368732,2.378738187857753,12863
EPHB2_HUMAN_Tsuboyama_2023_1F0M,EPHB2_HUMAN,Human,Stability,siterm,SiteRM,structure_msa,official_zero_shot_paired_complete_case,0.5796145125517708,63.01191708909935,62.99161728350132,-2398.2852604180607,0.1,0.24193548387096775,-0.07499575512474374,0.7475118790612475,0.0,1239
ESTA_BACSU_Nutschel_2020,ESTA_BACSU,Prokaryote,Stability,siterm,SiteRM,structure_msa,official_zero_shot_paired_complete_case,0.2621879520742718,234.6208444252009,234.6071299760038,-9187.170749788413,0.1,0.13761467889908258,47.403577981651374,0.5438303637087302,1.8303154646569515,2172
FECA_ECOLI_Tsuboyama_2023_2D1U,FECA_ECOLI,Prokaryote,Stability,siterm,SiteRM,structure_msa,official_zero_shot_paired_complete_case,0.4311344504496459,64.0552428328994,64.02504574324891,-5148.565859230916,0.1,0.1721311475409836,0.01372184195698709,0.753069197286334,0.0,1219
FKBP3_HUMAN_Tsuboyama_2023_2KFV,FKBP3_HUMAN,Human,Stability,siterm,SiteRM,structure_msa,official_zero_shot_paired_complete_case,0.4182296834424978,49.87992426957658,49.84497922397327,-3551.5461723124345,0.1,0.16129032258064516,0.1720745272473485,0.7158785014075293,0.0,1237
GAL4_YEAST_Kitzman_2015,GAL4_YEAST,Eukaryote,OrganismalFitness,siterm,SiteRM,structure_msa,official_zero_shot_paired_complete_case,0.3603964142978885,700.2343008277967,700.2165929701567,-17508.07839626633,0.1,0.125,-2.295083333333333,0.4949894823697472,0.3155765572765387,1195
GDIA_HUMAN_Silverstein_2021,GDIA_HUMAN,Human,OrganismalFitness,siterm,SiteRM,structure_msa,official_zero_shot_paired_complete_case,0.46415876462707384,290.7304926990375,290.72355585945866,-1133190.4043302296,0.1,0.13793103448275862,0.8683106622758622,0.509598915804769,0.00125787754046669,1154
GFP_AEQVI_Sarkisyan_2016,GFP_AEQVI,Eukaryote,Activity,siterm,SiteRM,structure_msa,official_zero_shot_paired_complete_case,0.44415520931359004,102.39491287382721,102.37820046231374,-27108.494693609926,0.1,0.24770642201834864,3.677655958336987,0.39384725998927933,0.1698046493340658,1084
GRB2_HUMAN_Faure_2021,GRB2_HUMAN,Human,OrganismalFitness,siterm,SiteRM,structure_msa,official_zero_shot_paired_complete_case,0.5366218519954662,179.1176690365471,179.10915858277008,-157902.88125989022,0.1,0.22115384615384615,-0.0441048302274949,0.8517313702565161,0.1806872519264209,1034
HCP_LAMBD_Tsuboyama_2023_2L6Q,HCP_LAMBD,Virus,Stability,siterm,SiteRM,structure_msa,official_zero_shot_paired_complete_case,0.4493788470019495,48.68171959033736,48.64133413705398,-2462.9605816722915,0.1,0.2692307692307692,-0.007049239358900726,0.7331064936507526,0.1236321698355655,1040
HECD1_HUMAN_Tsuboyama_2023_3DKM,HECD1_HUMAN,Human,Stability,siterm,SiteRM,structure_msa,official_zero_shot_paired_complete_case,0.57741438757542,55.21499445690004,55.18556172090998,-2959.240338492214,0.1,0.152,-0.1563914707249496,0.7587018141981721,0.4954342188622839,1244
HEM3_HUMAN_Loggerenberg_2023,HEM3_HUMAN,Human,Activity,siterm,SiteRM,structure_msa,official_zero_shot_paired_complete_case,0.42346096383844994,303.39822796272324,303.3861791920232,-483118.93821817293,0.1,0.16520210896309315,0.7649151638224956,0.4392124588100816,0.34976597482468874,5689
HMDH_HUMAN_Jiang_2019,HMDH_HUMAN,Human,OrganismalFitness,siterm,SiteRM,structure_msa,official_zero_shot_paired_complete_case,0.4666430419252255,574.350374456701,574.3431390621225,-4731013.49003728,0.1,0.1269276393831554,0.5970829181494662,0.44374308236790877,0.011361128848331547,16853
HSP82_YEAST_Cote-Hammarlof_2020_growth-H2O2,HSP82_YEAST,Eukaryote,OrganismalFitness,siterm,SiteRM,structure_msa,official_zero_shot_paired_complete_case,0.3624437239596506,496.89051047490125,496.8844682958358,-914732225.2170424,0.1,0.13274336283185842,-0.0009247674756637151,0.4642411114458234,0.18875586182129367,2252
HSP82_YEAST_Flynn_2019,HSP82_YEAST,Eukaryote,OrganismalFitness,siterm,SiteRM,structure_msa,official_zero_shot_paired_complete_case,0.42024626880861343,486.2433733687588,486.2369689405256,-1716566.721542557,0.1,0.08345864661654136,-0.0009353548507152905,0.4885419740033104,1.566599326849906,13294
HSP82_YEAST_Mishra_2016,HSP82_YEAST,Eukaryote,OrganismalFitness,siterm,SiteRM,structure_msa,official_zero_shot_paired_complete_case,0.5474061394538291,486.7218426767852,486.7145815822829,-1867367.1899974695,0.1,0.15704387990762125,-0.007061754799076212,0.5135181772367668,0.9157856121610634,4323
HXK4_HUMAN_Gersing_2022_activity,HXK4_HUMAN,Human,OrganismalFitness,siterm,SiteRM,structure_msa,official_zero_shot_paired_complete_case,0.49292762843812327,397.47987306552915,397.47440222270035,-270689.405660364,0.1,0.12018669778296383,1.0280917079591598,0.4846005887270869,3.673783590594431,8570
HXK4_HUMAN_Gersing_2023_abundance,HXK4_HUMAN,Human,Expression,siterm,SiteRM,structure_msa,official_zero_shot_paired_complete_case,0.35283597541881556,398.466382452554,398.4604675877486,-1258402.365882797,0.1,0.18928571428571428,0.8889590340496513,0.5509366822921444,0.44299213910855034,8396
I6TAH8_I68A0_Doud_2015,I6TAH8_I68A0,Virus,OrganismalFitness,siterm,SiteRM,structure_msa,official_zero_shot_paired_complete_case,0.40107658754445674,165.236865578565,165.22562798384863,-23194.16955441241,0.1,0.28616684266103487,-1.2878042741266267,0.7986317064553125,0.4240155095273832,9462
IF1_ECOLI_Kelsic_2016,IF1_ECOLI,Prokaryote,OrganismalFitness,siterm,SiteRM,structure_msa,official_zero_shot_paired_complete_case,0.3725778065910694,63.80437245119192,63.77302900752663,-49875.71305568247,0.1,0.17518248175182483,0.9205413625109489,0.4480886821563806,0.0,1367
ILF3_HUMAN_Tsuboyama_2023_2L33,ILF3_HUMAN,Human,Stability,siterm,SiteRM,structure_msa,official_zero_shot_paired_complete_case,0.2860740301622996,55.988881049881066,55.94517751892908,-4718.448057670803,0.1,0.05263157894736842,-0.034915124052282295,0.3589642150424789,1.720621100902298,1329
ISDH_STAAW_Tsuboyama_2023_2LHR,ISDH_STAAW,Prokaryote,Stability,siterm,SiteRM,structure_msa,official_zero_shot_paired_complete_case,0.06539949899772818,46.07406274787997,46.036811072236056,-3324.4568445419277,0.1,0.20212765957446807,-0.4289280227225868,0.3335134112417178,0.2696848537919655,940
KCNE1_HUMAN_Muhammad_2023_expression,KCNE1_HUMAN,Human,Expression,siterm,SiteRM,structure_msa,official_zero_shot_paired_complete_case,0.11536610873550501,107.34961653612768,107.32282004965015,-80830.24696060817,0.1,0.038461538461538464,1.0003562322863249,0.10359269115333605,1.166749004203124,2339
KCNE1_HUMAN_Muhammad_2023_function,KCNE1_HUMAN,Human,Activity,siterm,SiteRM,structure_msa,official_zero_shot_paired_complete_case,0.5102863955781949,107.14227890902076,107.11931569687083,-72546.46656425226,0.1,0.21982758620689655,1.0457131494094827,0.7136357847755419,0.4551907675034596,2315
KCNJ2_MOUSE_Coyote-Maestas_2022_function,KCNJ2_MOUSE,Eukaryote,Activity,siterm,SiteRM,structure_msa,official_zero_shot_paired_complete_case,0.3583870362418185,338.3108857725094,338.3029322499684,-312159.40411549096,0.1,0.14347202295552366,0.26089047609469157,0.4222293548819537,0.7540013382029682,6963
KCNJ2_MOUSE_Coyote-Maestas_2022_surface,KCNJ2_MOUSE,Eukaryote,Expression,siterm,SiteRM,structure_msa,official_zero_shot_paired_complete_case,0.33257211114015783,337.512593509086,337.50317905558774,-24509.83868577121,0.1,0.1069364161849711,0.1927989823887283,0.44156342983749514,0.7773339333320723,6917
KKA2_KLEPN_Melnikov_2014,KKA2_KLEPN,Prokaryote,OrganismalFitness,siterm,SiteRM,structure_msa,official_zero_shot_paired_complete_case,0.48737239460549264,228.3465685601046,228.33983186909745,-55491.49635243863,0.1,0.1310483870967742,1.640368548387097,0.501516985097043,0.7822826483664445,4960
LGK_LIPST_Klesmith_2015,LGK_LIPST,Eukaryote,Activity,siterm,SiteRM,structure_msa,official_zero_shot_paired_complete_case,0.46176967685507614,365.4181210695866,365.40942662692225,-518145.6782925826,0.1,0.3257287705956908,-0.23657604562737644,0.8584590868970429,0.2200338268376218,7890
MAFG_MOUSE_Tsuboyama_2023_1K1V,MAFG_MOUSE,Eukaryote,Stability,siterm,SiteRM,structure_msa,official_zero_shot_paired_complete_case,0.2053651191827643,29.655833812225065,29.53388152836794,-1710.4791772092108,0.1,0.18181818181818182,-0.002518722646067912,0.678252225453722,0.5669397040892228,762
MBD11_ARATH_Tsuboyama_2023_6ACV,MBD11_ARATH,Eukaryote,Stability,siterm,SiteRM,structure_msa,official_zero_shot_paired_complete_case,0.4295930655972154,59.80242558159416,59.77939208439232,-3033.288858659566,0.1,0.1810344827586207,-0.00936847904315563,0.6982603427899652,0.0,1155
MET_HUMAN_Estevam_2023,MET_HUMAN,Human,Activity,siterm,SiteRM,structure_msa,official_zero_shot_paired_complete_case,0.5506873125148948,237.75707661674087,237.74396039461305,-6232.403672107287,0.1,0.19814814814814816,-0.2381920922659123,0.6988992372375306,0.001963292174602817,5393
MK01_HUMAN_Brenan_2016,MK01_HUMAN,Human,OrganismalFitness,siterm,SiteRM,structure_msa,official_zero_shot_paired_complete_case,0.1829249697402409,282.5752434980904,282.5649914617406,-61340.478036797926,0.1,0.06754772393538913,-8.240053472842877,-0.07064880243972164,1.0264695959245793,6809
MLAC_ECOLI_MacRae_2023,MLAC_ECOLI,Prokaryote,OrganismalFitness,siterm,SiteRM,structure_msa,official_zero_shot_paired_complete_case,0.3303593847318708,178.33095995999676,178.31933429156953,-298357.52368453715,0.1,0.1371571072319202,-0.06511638663965087,0.4988714797883839,0.48186941214883644,4007
MSH2_HUMAN_Jia_2020,MSH2_HUMAN,Human,OrganismalFitness,siterm,SiteRM,structure_msa,official_zero_shot_paired_complete_case,0.3473288494250904,791.4630551731507,791.4590328582997,-148565.51572653858,0.1,0.1474626865671642,3.7302626865671638,0.42321514178962494,0.1899303764016463,16749
MTH3_HAEAE_RockahShmuel_2015,MTH3_HAEAE,Prokaryote,OrganismalFitness,siterm,SiteRM,structure_msa,official_zero_shot_paired_complete_case,0.5266645711521569,270.8823725284359,270.8756014364653,-546024.8235117949,0.1,0.25842696629213485,0.7146067415730336,0.7729354461611045,0.49101906141337254,1777
MTHR_HUMAN_Weile_2021,MTHR_HUMAN,Human,OrganismalFitness,siterm,SiteRM,structure_msa,official_zero_shot_paired_complete_case,0.2892140177231699,493.581917406228,493.5749997936728,-3099759.479245954,0.1,0.14033680834001605,0.7810598235765838,0.4507629900007075,0.005350521170165614,12464
MYO3_YEAST_Tsuboyama_2023_2BTT,MYO3_YEAST,Eukaryote,Stability,siterm,SiteRM,structure_msa,official_zero_shot_paired_complete_case,0.254643391611261,54.701084348926116,54.66014734905909,-2753.223855898555,0.1,0.14736842105263157,-0.415549752796336,0.5250310993984209,0.27609746615997827,947
NCAP_I34A1_Doud_2015,NCAP_I34A1,Virus,OrganismalFitness,siterm,SiteRM,structure_msa,official_zero_shot_paired_complete_case,0.42397986803807125,156.2359047511539,156.2243197114153,-16248.368180819836,0.1,0.26187961985216474,-1.817690926505794,0.7575616870133409,0.0,9462
NKX31_HUMAN_Tsuboyama_2023_2L9R,NKX31_HUMAN,Human,Stability,siterm,SiteRM,structure_msa,official_zero_shot_paired_complete_case,0.5297339661235194,56.23016740108015,56.19041450594001,-11803.571560800574,0.1,0.22608695652173913,0.018510060933087078,0.7143770555000357,2.679452959368168,1149
NPC1_HUMAN_Erwood_2022_HEK293T,NPC1_HUMAN,Human,Activity,siterm,SiteRM,structure_msa,official_zero_shot_paired_complete_case,0.7150374488417058,977.096928923957,977.0941079636559,-6129876.6955894735,0.1,0.421875,0.9408768803854166,1.0824869998610098,0.047766301236249045,637
NUD15_HUMAN_Suiter_2020,NUD15_HUMAN,Human,Expression,siterm,SiteRM,structure_msa,official_zero_shot_paired_complete_case,0.4667694880765661,144.81415155423247,144.80128186100248,-151029.15088796944,0.1,0.2,0.8035781844998802,0.7461084851170517,0.17587313380600497,2844
NUSA_ECOLI_Tsuboyama_2023_1WCL,NUSA_ECOLI,Prokaryote,Stability,siterm,SiteRM,structure_msa,official_zero_shot_paired_complete_case,0.41792681425842715,62.968150182151284,62.94581000848556,-3483.1303190286776,0.1,0.15267175572519084,-0.2519625779060016,0.5930072643283862,0.5589070520086171,1306
NUSG_MYCTU_Tsuboyama_2023_2MI6,NUSG_MYCTU,Prokaryote,Stability,siterm,SiteRM,structure_msa,official_zero_shot_paired_complete_case,0.4965847896099159,50.02162548409412,49.986210751015534,-1207.5486362985962,0.1,0.18627450980392157,-0.13687366462521386,0.7376902710644119,0.08583263996688659,1019
OBSCN_HUMAN_Tsuboyama_2023_1V1C,OBSCN_HUMAN,Human,Stability,siterm,SiteRM,structure_msa,official_zero_shot_paired_complete_case,0.4452868715173748,59.69430703222602,59.66433739896481,-2378.8903917531998,0.1,0.2540983606557377,-0.20715129722332326,0.668011825986108,0.35697217378638907,1213
ODP2_GEOSE_Tsuboyama_2023_1W4G,ODP2_GEOSE,Prokaryote,Stability,siterm,SiteRM,structure_msa,official_zero_shot_paired_complete_case,0.3682675609893926,34.895401659940944,34.84193822506034,-1966.4250578434496,0.1,0.1791044776119403,-0.28387779030098975,0.6204643093944067,0.0,669
OTC_HUMAN_Lo_2023,OTC_HUMAN,Human,Activity,siterm,SiteRM,structure_msa,official_zero_shot_paired_complete_case,0.5134311057262599,285.2536419649129,285.2460160271424,-529231.1181885216,0.1,0.27388535031847133,0.8270636942675158,0.9385231270035863,0.25758067222419945,1570
OTU7A_HUMAN_Tsuboyama_2023_2L2D,OTU7A_HUMAN,Human,Stability,siterm,SiteRM,structure_msa,official_zero_shot_paired_complete_case,0.186082052671218,38.28343723588948,38.22711271345095,-2045.9552802661262,0.1,0.1875,-0.15806404492648776,0.5711089769398474,0.47388671806708993,635
OXDA_RHOTO_Vanella_2023_activity,OXDA_RHOTO,Eukaryote,Activity,siterm,SiteRM,structure_msa,official_zero_shot_paired_complete_case,0.31743107882769717,308.45611598010896,308.4506801913979,-13745885.297020009,0.1,0.1671875,-0.04807766105784831,0.47644312561541036,0.07702593876929012,6396
OXDA_RHOTO_Vanella_2023_expression,OXDA_RHOTO,Eukaryote,Expression,siterm,SiteRM,structure_msa,official_zero_shot_paired_complete_case,0.24569703665132933,308.52631438274295,308.52069430156973,-5013293.4214886725,0.1,0.0915805022156573,-0.03671754799316827,0.30041680216930056,0.7997520933158029,6769
P53_HUMAN_Giacomelli_2018_Null_Etoposide,P53_HUMAN,Human,OrganismalFitness,siterm,SiteRM,structure_msa,official_zero_shot_paired_complete_case,0.4243600549930477,305.60818659117393,305.5967044280738,-97569.7391081997,0.1,0.12717536813922356,0.5071888667594359,0.47063515876693396,0.867625812887292,7467
P53_HUMAN_Giacomelli_2018_Null_Nutlin,P53_HUMAN,Human,OrganismalFitness,siterm,SiteRM,structure_msa,official_zero_shot_paired_complete_case,0.3990468768540652,305.59066171328544,305.5780606528952,-95287.7272450159,0.1,0.11646586345381527,0.3554881347776946,0.3307197145310677,1.9397986941012446,7467
P53_HUMAN_Giacomelli_2018_WT_Nutlin,P53_HUMAN,Human,OrganismalFitness,siterm,SiteRM,structure_msa,official_zero_shot_paired_complete_case,0.5108511468502059,305.5411104350414,305.5301170633744,-87105.37677466031,0.1,0.07630522088353414,0.41788634522001933,0.42283787712939186,1.4713132753148852,7467
P53_HUMAN_Kotler_2018,P53_HUMAN,Human,OrganismalFitness,siterm,SiteRM,structure_msa,official_zero_shot_paired_complete_case,0.5933332313022284,301.8796957482445,301.8721418298748,-65210.62521206055,0.1,0.29523809523809524,2.388005942471138,0.9207532445648712,0.13658686700252623,1048
P84126_THETH_Chan_2017,P84126_THETH,Prokaryote,OrganismalFitness,siterm,SiteRM,structure_msa,official_zero_shot_paired_complete_case,0.5319951088136269,185.87289751953838,185.85638258158076,-94017.55424684688,0.1,0.34210526315789475,0.0631172753618421,0.870249258424251,0.10257789962665931,1519
PABP_YEAST_Melamed_2013,PABP_YEAST,Eukaryote,OrganismalFitness,siterm,SiteRM,structure_msa,official_zero_shot_paired_complete_case,0.6164248231682208,447.4699111985614,447.46447971815707,-1509590.6385102437,0.1,0.20168067226890757,0.9485818348067226,0.7971291048762033,4.52726624640921,1187
PAI1_HUMAN_Huttinger_2021,PAI1_HUMAN,Human,Activity,siterm,SiteRM,structure_msa,official_zero_shot_paired_complete_case,0.3888548494838823,359.297646405111,359.2917186002673,-87289.17094271214,0.1,0.16448598130841122,0.4982104667009346,0.5993661660603565,0.3461840703677255,5345
PA_I34A1_Wu_2015,PA_I34A1,Virus,OrganismalFitness,siterm,SiteRM,structure_msa,official_zero_shot_paired_complete_case,0.6060852077494339,189.96927971672497,189.96271188885945,-144741.04618121887,0.1,0.2967032967032967,0.8197876470659341,0.7441686078793567,6.709257846027896,1820
PHOT_CHLRE_Chen_2023,PHOT_CHLRE,Eukaryote,Activity,siterm,SiteRM,structure_msa,official_zero_shot_paired_complete_case,0.35633844656305347,98.490408014198,98.47704410877084,-77990.54834868055,0.1,0.20657276995305165,1.2809591977043606,0.6259151482419937,0.304293502984966,2122
PIN1_HUMAN_Tsuboyama_2023_1I6C,PIN1_HUMAN,Human,Stability,siterm,SiteRM,structure_msa,official_zero_shot_paired_complete_case,0.5391151274066324,32.56908952113117,32.489249011136984,-1690.6602329562495,0.1,0.2898550724637681,-0.12960338869717575,0.7299047184225878,0.3143905798546123,686
PITX2_HUMAN_Tsuboyama_2023_2L7M,PITX2_HUMAN,Human,Stability,siterm,SiteRM,structure_msa,official_zero_shot_paired_complete_case,0.5196076208275451,43.08162190614193,43.03195991589371,-1820.2032075524319,0.1,0.14893617021276595,0.059407229488864705,0.780833552009591,0.06353046310255735,938
PKN1_HUMAN_Tsuboyama_2023_1URF,PKN1_HUMAN,Human,Stability,siterm,SiteRM,structure_msa,official_zero_shot_paired_complete_case,0.22816148568398695,63.11205958047847,63.09257148997321,-6346.850965312835,0.1,0.10687022900763359,0.07347491574713519,0.4908134419424321,0.38294567690083153,1301
POLG_CXB3N_Mattenberger_2021,POLG_CXB3N,Virus,OrganismalFitness,siterm,SiteRM,structure_msa,official_zero_shot_paired_complete_case,0.47547883397319335,518.7862658095528,518.780853790514,-239595.8510796903,0.1,0.38231552162849874,-1.3825179199172537,1.1089965513091065,0.23758821829907484,15711
POLG_DEN26_Suphatrakul_2023,POLG_DEN26,Virus,OrganismalFitness,siterm,SiteRM,structure_msa,official_zero_shot_paired_complete_case,0.6047125567234845,507.4402920373808,507.43547408010363,-37414.66705874178,0.1,0.4366863905325444,-1.0347328799884314,1.2543080322024298,0.3976203345446216,16897
POLG_HCVJF_Qi_2014,POLG_HCVJF,Virus,OrganismalFitness,siterm,SiteRM,structure_msa,official_zero_shot_paired_complete_case,0.6194061302476668,69.52468464272603,69.48985454126941,-33626.3082871936,0.1,0.3558282208588957,-0.24675634442944785,1.2881107210999587,0.3190167924452967,1630
POLG_PESV_Tsuboyama_2023_2MXD,POLG_PESV,Virus,Stability,siterm,SiteRM,structure_msa,official_zero_shot_paired_complete_case,0.24904277027424582,46.441544235624484,46.38529346773708,-1684.2338361146863,0.1,0.16,-0.6547650092572006,0.3413782986048108,0.0,995
PPARG_HUMAN_Majithia_2016,PPARG_HUMAN,Human,Activity,siterm,SiteRM,structure_msa,official_zero_shot_paired_complete_case,0.6992594966040471,416.00351494103785,415.9977812892953,-27194.940723957803,0.1,0.302713987473904,1.8785386221294362,0.9465075916688249,0.0,9576
PPM1D_HUMAN_Miller_2022,PPM1D_HUMAN,Human,OrganismalFitness,siterm,SiteRM,structure_msa,official_zero_shot_paired_complete_case,0.5857210785725181,454.3741568653725,454.3634385664631,-2352214.7577257818,0.1,0.18631178707224336,0.19100294930291506,0.6665230185853673,1.5999385284342187,7889
PR40A_HUMAN_Tsuboyama_2023_1UZC,PR40A_HUMAN,Human,Stability,siterm,SiteRM,structure_msa,official_zero_shot_paired_complete_case,0.4333253853935797,57.723787705302044,57.700924474773515,-4750.348336363448,0.1,0.13675213675213677,-0.018990469096772832,0.6035479675886285,0.4423801934815558,1163
PRKN_HUMAN_Clausen_2023,PRKN_HUMAN,Human,Expression,siterm,SiteRM,structure_msa,official_zero_shot_paired_complete_case,0.6247320607193014,320.1357897471329,320.1237439211327,-659369.5124772215,0.1,0.1780821917808219,0.9885884992721149,0.7485978177905561,0.014842744020748522,8756
PSAE_PICP2_Tsuboyama_2023_1PSE,PSAE_PICP2,Prokaryote,Stability,siterm,SiteRM,structure_msa,official_zero_shot_paired_complete_case,0.32149931397254844,49.902505005263706,49.83220394203137,-5604.693460209915,0.1,0.11475409836065574,0.049886632789848784,0.5328850941851565,1.681357829624743,1219
PTEN_HUMAN_Matreyek_2021,PTEN_HUMAN,Human,Expression,siterm,SiteRM,structure_msa,official_zero_shot_paired_complete_case,0.449278630542539,330.33509560510265,330.32837185121446,-1125463.9992632656,0.1,0.1925343811394892,0.9077790548641999,0.6131569777456395,0.04189372327942894,5083
PTEN_HUMAN_Mighell_2018,PTEN_HUMAN,Human,Activity,siterm,SiteRM,structure_msa,official_zero_shot_paired_complete_case,0.5080151953296351,328.698201223818,328.69296477440173,-53525.02748757265,0.1,0.14049586776859505,-0.20915415732920103,0.5008044467346311,0.30670748070642084,7260
Q2N0S5_9HIV1_Haddox_2018,Q2N0S5_9HIV1,Virus,OrganismalFitness,siterm,SiteRM,structure_msa,official_zero_shot_paired_complete_case,0.5212816282334165,432.9858875973845,432.9775812822444,-37877.87049116397,0.1,0.22545168892380205,-0.3880357067824038,0.9266691874663401,0.09433740592903417,12729
Q53Z42_HUMAN_McShan_2019_binding-TAPBPR,Q53Z42_HUMAN,Human,Binding,siterm,SiteRM,structure_msa,official_zero_shot_paired_complete_case,0.3510135957623567,302.22187371498785,302.21695769120043,-79967.62756321978,0.1,0.14328358208955225,0.5814477611940299,0.44678594340930394,1.300614908248147,3344
Q53Z42_HUMAN_McShan_2019_expression,Q53Z42_HUMAN,Human,Expression,siterm,SiteRM,structure_msa,official_zero_shot_paired_complete_case,0.553936460910062,301.0996566167719,301.09457282277936,-26474.008097054175,0.1,0.2507462686567164,0.39598507462686566,0.764335823906581,0.8024800495590556,3344
Q59976_STRSQ_Romero_2015,Q59976_STRSQ,Prokaryote,Activity,siterm,SiteRM,structure_msa,official_zero_shot_paired_complete_case,0.6270067171764866,378.6958247498741,378.6921349935959,-184161.3524320602,0.1,0.21333333333333335,-0.31270333333333333,0.7147583500241453,1.6726160795268084,2999
Q6WV12_9MAXI_Somermeyer_2022,Q6WV12_9MAXI,Eukaryote,Activity,siterm,SiteRM,structure_msa,official_zero_shot_paired_complete_case,0.3756108280403945,15377.855857316463,14708.654310300843,-10.741807761053208,0.1,0.08695652173913043,16038.909891834091,0.34052869394506513,0.6463333342085968,1141
Q837P4_ENTFA_Meier_2023,Q837P4_ENTFA,Prokaryote,Activity,siterm,SiteRM,structure_msa,official_zero_shot_paired_complete_case,0.46485479841031485,473.7020407029228,473.6973118523057,-140088.81197976717,0.1,0.2571428571428571,-0.39716798430476186,0.6178335963463715,0.0,697
Q837P5_ENTFA_Meier_2023,Q837P5_ENTFA,Prokaryote,Activity,siterm,SiteRM,structure_msa,official_zero_shot_paired_complete_case,0.3589880158330272,474.73240658006233,474.72641956876595,-140687.27611571868,0.1,0.30666666666666664,-0.5029258669422222,0.6762148989711787,0.11806343977735136,747
Q8WTC7_9CNID_Somermeyer_2022,Q8WTC7_9CNID,Eukaryote,Activity,siterm,SiteRM,structure_msa,official_zero_shot_paired_complete_case,0.3423567946176079,8375.61049415296,7805.357668986206,-6.59918105683671,0.1,0.14049586776859505,8698.79321933602,0.3651569676943545,0.45863795748553887,1201
R1AB_SARS2_Flynn_2022,R1AB_SARS2,Virus,OrganismalFitness,siterm,SiteRM,structure_msa,official_zero_shot_paired_complete_case,0.5877148346215252,156.32341280304672,156.309382795238,-140340.67329823118,0.1,0.16753926701570682,0.958828493184443,0.7605971811750614,0.020525034678098596,5725
RAD_ANTMA_Tsuboyama_2023_2CJJ,RAD_ANTMA,Eukaryote,Stability,siterm,SiteRM,structure_msa,official_zero_shot_paired_complete_case,0.13626696454191167,48.025110333419114,47.98227392362836,-4766.612047135512,0.1,0.1282051282051282,-0.06763556118798589,0.3764823373825437,0.5719244986710419,774
RASH_HUMAN_Bandaru_2017,RASH_HUMAN,Human,Activity,siterm,SiteRM,structure_msa,official_zero_shot_paired_complete_case,0.437165842731274,161.34275829087383,161.3311390743047,-282513.3257090668,0.1,0.09872611464968153,0.05259270048407643,0.5856016076834304,4.366995507178132,3134
RASK_HUMAN_Weng_2022_abundance,RASK_HUMAN,Human,Expression,siterm,SiteRM,structure_msa,official_zero_shot_paired_complete_case,0.1908437421391009,152.8180737818675,152.8040666874106,-174133.18475910078,0.1,0.10749185667752444,-0.26356611723794054,0.18611558414740406,0.266536618402163,3066
RASK_HUMAN_Weng_2022_binding-DARPin_K55,RASK_HUMAN,Human,Binding,siterm,SiteRM,structure_msa,official_zero_shot_paired_complete_case,0.5003416043235717,152.8871007218118,152.87450737523318,-196149.55461210798,0.1,0.20388349514563106,-0.020536523535176935,0.6284229446146122,0.0,3084
RBP1_HUMAN_Tsuboyama_2023_2KWH,RBP1_HUMAN,Human,Stability,siterm,SiteRM,structure_msa,official_zero_shot_paired_complete_case,0.295811308394033,44.048712329214254,44.019123243844234,-3709.7487181190363,0.1,0.17346938775510204,0.07165464008091697,0.536469025649085,0.0,975
RCD1_ARATH_Tsuboyama_2023_5OAO,RCD1_ARATH,Eukaryote,Stability,siterm,SiteRM,structure_msa,official_zero_shot_paired_complete_case,0.25160634172530993,51.80783826653623,51.76911248037946,-6591.410945270471,0.1,0.13131313131313133,0.10172379758324086,0.6156574706215593,0.9576154018858511,988
RCRO_LAMBD_Tsuboyama_2023_1ORC,RCRO_LAMBD,Virus,Stability,siterm,SiteRM,structure_msa,official_zero_shot_paired_complete_case,0.2685130779771713,57.91997292345544,57.88080206677915,-2012.9380541438288,0.1,0.09166666666666666,-0.5048786885878981,0.4273635600796459,0.35298688538396306,1195
RD23A_HUMAN_Tsuboyama_2023_1IFY,RD23A_HUMAN,Human,Stability,siterm,SiteRM,structure_msa,official_zero_shot_paired_complete_case,0.44202106200169394,44.16001264725003,44.1137782413404,-1715.3081134445686,0.1,0.3375,-0.17003476920615518,0.716097497019387,0.6089176745885786,798
RDRP_I33A0_Li_2023,RDRP_I33A0,Virus,OrganismalFitness,siterm,SiteRM,structure_msa,official_zero_shot_paired_complete_case,0.545584976588734,248.82754910900695,248.82029428150489,-150665.1764805237,0.1,0.4079933388842631,-0.657397480685665,1.159172365804897,0.3999406193444547,12003
REV_HV1H2_Fernandes_2016,REV_HV1H2,Virus,OrganismalFitness,siterm,SiteRM,structure_msa,official_zero_shot_paired_complete_case,0.24336118655656924,60.82437160858276,60.77952859643978,-77916.14318535077,0.1,0.13953488372093023,-0.04049684198640859,0.3682727906963165,1.284588293229033,2147
RFAH_ECOLI_Tsuboyama_2023_2LCL,RFAH_ECOLI,Prokaryote,Stability,siterm,SiteRM,structure_msa,official_zero_shot_paired_complete_case,0.11427038306791443,48.581898705354796,48.53429073036462,-5259.98242229764,0.1,0.13402061855670103,-0.05694661049937414,0.3226974440154787,0.3810337553295861,969
RL20_AQUAE_Tsuboyama_2023_1GYZ,RL20_AQUAE,Prokaryote,Stability,siterm,SiteRM,structure_msa,official_zero_shot_paired_complete_case,0.2633842491663765,51.583736916879005,51.55099760006053,-5055.0455204831605,0.1,0.07964601769911504,-0.04439711755994368,0.4817710799140115,0.2286823317256027,1121
RL40A_YEAST_Mavor_2016,RL40A_YEAST,Eukaryote,OrganismalFitness,siterm,SiteRM,structure_msa,official_zero_shot_paired_complete_case,0.3785223855971721,107.08708555916516,107.0762395198506,-321894.3269502235,0.1,0.1984126984126984,-0.016100214888888888,0.7100780221831501,0.8586450002306557,1253
RL40A_YEAST_Roscoe_2013,RL40A_YEAST,Eukaryote,OrganismalFitness,siterm,SiteRM,structure_msa,official_zero_shot_paired_complete_case,0.41962591395566723,106.88899911029802,106.8793425254263,-95724.44761433033,0.1,0.15,-0.03298014671663625,0.6706816153243049,0.016614722868483135,1195
RL40A_YEAST_Roscoe_2014,RL40A_YEAST,Eukaryote,Activity,siterm,SiteRM,structure_msa,official_zero_shot_paired_complete_case,0.41839717229516465,108.08237225860462,108.07183075456646,-61264.256085256115,0.1,0.10869565217391304,0.9627423591811596,0.556897822585226,0.5368448131499876,1380
RNC_ECOLI_Weeks_2023,RNC_ECOLI,Prokaryote,Activity,siterm,SiteRM,structure_msa,official_zero_shot_paired_complete_case,0.5823466233571186,180.55856408138592,180.54442577133963,-83218.85752309911,0.1,0.18457943925233644,-0.01569015591588785,0.5756059174562399,0.30144460634067227,4277
RPC1_BP434_Tsuboyama_2023_1R69,RPC1_BP434,Virus,Stability,siterm,SiteRM,structure_msa,official_zero_shot_paired_complete_case,0.612516127260378,53.98217940542777,53.95849892986288,-1926.3020785536828,0.1,0.21238938053097345,-0.15869242679956969,0.7892671816119019,0.38139505395984297,1124
RS15_GEOSE_Tsuboyama_2023_1A32,RS15_GEOSE,Prokaryote,Stability,siterm,SiteRM,structure_msa,official_zero_shot_paired_complete_case,0.3071407259496149,42.923074043437026,42.849713534521,-4265.10534597748,0.1,0.09166666666666666,0.11027990500947456,0.6308191095004374,0.35680703853806023,1195
S22A1_HUMAN_Yee_2023_abundance,S22A1_HUMAN,Human,Expression,siterm,SiteRM,structure_msa,official_zero_shot_paired_complete_case,0.5457924142149986,463.6621039144808,463.65929972706283,-117064.5671303349,0.1,0.2324159021406728,0.16527978741488275,0.7370443126149414,0.0,9803
S22A1_HUMAN_Yee_2023_activity,S22A1_HUMAN,Human,Activity,siterm,SiteRM,structure_msa,official_zero_shot_paired_complete_case,0.5497765439268425,464.27677474389066,464.2741207383881,-267874.70847041154,0.1,0.18514851485148515,0.33986525563861386,0.7128721839353359,0.28853123147201215,10094
SAV1_MOUSE_Tsuboyama_2023_2YSB,SAV1_MOUSE,Eukaryote,Stability,siterm,SiteRM,structure_msa,official_zero_shot_paired_complete_case,0.35593767136653554,38.71652203313849,38.6635270682121,-2078.3036064061685,0.1,0.3382352941176471,-0.0788399195822868,0.6851257128470668,0.8450789077602907,679
SBI_STAAM_Tsuboyama_2023_2JVG,SBI_STAAM,Prokaryote,Stability,siterm,SiteRM,structure_msa,official_zero_shot_paired_complete_case,0.37014904034731133,55.359298234819946,55.32517223282855,-6610.821510422812,0.1,0.20388349514563106,-0.17391927687703046,0.6412834084626836,0.3667303940327575,1025
SC6A4_HUMAN_Young_2021,SC6A4_HUMAN,Human,Activity,siterm,SiteRM,structure_msa,official_zero_shot_paired_complete_case,0.49426871721889,513.6845728831066,513.6802540128409,-150733.26217513395,0.1,0.21243523316062177,0.3745058390222798,0.6510944819645607,0.5851001735903227,11576
SCIN_STAAR_Tsuboyama_2023_2QFF,SCIN_STAAR,Prokaryote,Stability,siterm,SiteRM,structure_msa,official_zero_shot_paired_complete_case,0.05654544771577957,65.57365860257282,65.5336666001818,-5585.071229667643,0.1,0.09836065573770492,-0.2626860388113847,0.36353054532693996,1.6175839362425677,1212
SDA_BACSU_Tsuboyama_2023_1PV0,SDA_BACSU,Prokaryote,Stability,siterm,SiteRM,structure_msa,official_zero_shot_paired_complete_case,0.5774414396784432,37.32538013519204,37.25165474743985,-1452.3896110905168,0.1,0.17857142857142858,-0.052635540829757285,0.6471433399114793,0.7259915560434099,834
SERC_HUMAN_Xie_2023,SERC_HUMAN,Human,OrganismalFitness,siterm,SiteRM,structure_msa,official_zero_shot_paired_complete_case,0.4849975078147636,309.59469084540814,309.59001588666644,-1061166.482294052,0.1,0.11979166666666667,0.967734790335998,0.4992456399583495,0.22398383040931455,1914
SHOC2_HUMAN_Kwon_2022,SHOC2_HUMAN,Human,OrganismalFitness,siterm,SiteRM,structure_msa,official_zero_shot_paired_complete_case,0.3045692596838304,483.4808124123516,483.4765043671094,-585501.6650280341,0.1,0.151183970856102,-0.08647992176447826,0.43532428221173725,5.013494822700688,10972
SOX30_HUMAN_Tsuboyama_2023_7JJK,SOX30_HUMAN,Human,Stability,siterm,SiteRM,structure_msa,official_zero_shot_paired_complete_case,0.20716850632988942,48.9298129233858,48.89272853929423,-3146.4102935420224,0.1,0.13861386138613863,-0.05568072033586608,0.5349512472367525,0.747808175375334,1010
SPA_STAAU_Tsuboyama_2023_1LP1,SPA_STAAU,Prokaryote,Stability,siterm,SiteRM,structure_msa,official_zero_shot_paired_complete_case,0.3516362861413741,53.78579734237733,53.75122661036315,-4943.0036252431255,0.1,0.11538461538461539,-0.004229764102712872,0.6088685434789717,1.2221656552525666,1035
SPG1_STRSG_Olson_2014,SPG1_STRSG,Prokaryote,Binding,siterm,SiteRM,structure_msa,official_zero_shot_paired_complete_case,0.2359244272678462,130.62500434571274,130.6071778405362,-4977.634376820183,0.1,0.12380952380952381,0.25735348108805145,0.4935756984347613,0.3365340965596406,1045
SPG2_STRSG_Tsuboyama_2023_5UBS,SPG2_STRSG,Prokaryote,Stability,siterm,SiteRM,structure_msa,official_zero_shot_paired_complete_case,-0.006117646981079353,52.43358221088902,52.39056297084865,-2346.9336213902943,0.1,0.009708737864077669,-0.5355198507392889,0.17884163903838224,1.0583375701882418,1029
SPIKE_SARS2_Starr_2020_binding,SPIKE_SARS2,Virus,Binding,siterm,SiteRM,structure_msa,official_zero_shot_paired_complete_case,0.3579908530243521,702.8268591734416,702.8247203425447,-248361.71500723847,0.1,0.2230971128608924,-0.25076115485564304,0.5266501607045311,0.007090793685331601,3802
SPIKE_SARS2_Starr_2020_expression,SPIKE_SARS2,Virus,Expression,siterm,SiteRM,structure_msa,official_zero_shot_paired_complete_case,0.4227362847826765,702.743091013817,702.741559591475,-466642.0667308192,0.1,0.20789473684210527,-0.2987368421052632,0.7560303353221945,0.24301653982672028,3798
SPTN1_CHICK_Tsuboyama_2023_1TUD,SPTN1_CHICK,Eukaryote,Stability,siterm,SiteRM,structure_msa,official_zero_shot_paired_complete_case,0.536490489645153,53.47063377568156,53.434570804545395,-1515.7371171462173,0.1,0.22641509433962265,-0.14540809962463644,0.8832442857231915,0.1265639292549345,1051
SQSTM_MOUSE_Tsuboyama_2023_2RRU,SQSTM_MOUSE,Eukaryote,Stability,siterm,SiteRM,structure_msa,official_zero_shot_paired_complete_case,0.5182973983355439,37.07313137554596,37.00970129810698,-2084.4510888700756,0.1,0.323943661971831,-0.18139673451933383,0.9064186114128672,0.41199154852488507,707
SR43C_ARATH_Tsuboyama_2023_2N88,SR43C_ARATH,Eukaryote,Stability,siterm,SiteRM,structure_msa,official_zero_shot_paired_complete_case,0.4799305340400624,45.29771234697625,45.26275308379268,-1755.472169567572,0.1,0.25842696629213485,-0.2462437447381242,0.6798053968911378,0.269915296585039,889
SRBS1_HUMAN_Tsuboyama_2023_2O2W,SRBS1_HUMAN,Human,Stability,siterm,SiteRM,structure_msa,official_zero_shot_paired_complete_case,0.40251605597463874,62.538135162058914,62.514286441880934,-2651.726794959487,0.1,0.12295081967213115,-0.24439850974946623,0.6433821643143903,0.5341967188347906,1211
SRC_HUMAN_Ahler_2019,SRC_HUMAN,Human,Activity,siterm,SiteRM,structure_msa,official_zero_shot_paired_complete_case,0.5186398512109013,395.2763222271044,395.2698335236858,-164421.14580639583,0.1,0.07988165680473373,0.10492525430473375,0.5390112637244879,1.0812277526259402,3372
SRC_HUMAN_Chakraborty_2023_binding-DAS_25uM,SRC_HUMAN,Human,Activity,siterm,SiteRM,structure_msa,official_zero_shot_paired_complete_case,0.43386694877134885,415.25625761414915,415.24951121960675,-374067.62176850706,0.1,0.06868131868131869,0.25242160666483515,0.3144442456871542,1.166028142091228,3637
SRC_HUMAN_Nguyen_2022,SRC_HUMAN,Human,OrganismalFitness,siterm,SiteRM,structure_msa,official_zero_shot_paired_complete_case,0.4371808719505599,414.74586607683204,414.7393048967299,-534159.8516311796,0.1,0.08902077151335312,-0.2157809545093255,0.43378915855786815,1.2862649182888555,3366
SUMO1_HUMAN_Weile_2017,SUMO1_HUMAN,Human,OrganismalFitness,siterm,SiteRM,structure_msa,official_zero_shot_paired_complete_case,0.5288993379053275,89.72363553565778,89.70601230389343,-60760.17822686058,0.1,0.12941176470588237,0.6862998867588234,0.7144790299004821,0.9502781280402712,1700
SYUA_HUMAN_Newberry_2020,SYUA_HUMAN,Human,OrganismalFitness,siterm,SiteRM,structure_msa,official_zero_shot_paired_complete_case,0.13772944358999106,123.12744888802574,123.1163748999678,-711215.1775862464,0.1,0.04,-0.023211882018559216,0.3340412534675645,0.3511662666805572,2497
TADBP_HUMAN_Bolognesi_2019,TADBP_HUMAN,Human,OrganismalFitness,siterm,SiteRM,structure_msa,official_zero_shot_paired_complete_case,0.08383169479652727,302.14016284670055,302.1362762929476,-9840467.461495483,0.1,0.008333333333333333,0.007835489548643444,0.04040652444862657,2.558006383391028,1196
TAT_HV1BR_Fernandes_2016,TAT_HV1BR,Virus,OrganismalFitness,siterm,SiteRM,structure_msa,official_zero_shot_paired_complete_case,0.32275589131841287,52.80990355082028,52.73037552214474,-71568.60183416301,0.1,0.12025316455696203,-0.034487196125258184,0.41489743893143255,1.7535836771561457,1577
TCRG1_MOUSE_Tsuboyama_2023_1E0L,TCRG1_MOUSE,Eukaryote,Stability,siterm,SiteRM,structure_msa,official_zero_shot_paired_complete_case,0.4201685935720381,33.21778848829319,33.13225216049325,-1633.433756667389,0.1,0.19047619047619047,-0.3482959962328891,0.6286776296338963,0.5412181689556586,621
THO1_YEAST_Tsuboyama_2023_2WQG,THO1_YEAST,Eukaryote,Stability,siterm,SiteRM,structure_msa,official_zero_shot_paired_complete_case,0.32625135280429923,40.57274256166902,40.513992666235815,-2260.2845591576797,0.1,0.19696969696969696,-0.08318888126515123,0.6148498161387494,0.4009797438251356,656
TNKS2_HUMAN_Tsuboyama_2023_5JRT,TNKS2_HUMAN,Human,Stability,siterm,SiteRM,structure_msa,official_zero_shot_paired_complete_case,0.578503956416166,57.30501181982995,57.278142139220925,-3553.318396736571,0.1,0.17857142857142858,-0.24499105366536691,0.764359970178939,0.36734037813733755,1118
TPK1_HUMAN_Weile_2017,TPK1_HUMAN,Human,OrganismalFitness,siterm,SiteRM,structure_msa,official_zero_shot_paired_complete_case,0.2689521935029032,210.646231722806,210.63388285473928,-156409.72145941915,0.1,0.13166144200626959,0.6344012814043887,0.4032135956691226,0.7307896644648775,3181
TPMT_HUMAN_Matreyek_2018,TPMT_HUMAN,Human,Expression,siterm,SiteRM,structure_msa,official_zero_shot_paired_complete_case,0.5106958975508963,218.15904263492402,218.14897684416812,-377120.8984122549,0.1,0.21095890410958903,0.9734481879917808,0.6014121801053259,0.9404486418496815,3648
TPOR_HUMAN_Bridgford_2020,TPOR_HUMAN,Human,OrganismalFitness,siterm,SiteRM,structure_msa,official_zero_shot_paired_complete_case,0.32851919322094836,505.50662262320384,505.50445734659456,-1682610.8844961151,0.1,0.21052631578947367,-0.11980476863905616,0.5925024438204765,0.0,562
TRPC_SACS2_Chan_2017,TRPC_SACS2,Prokaryote,OrganismalFitness,siterm,SiteRM,structure_msa,official_zero_shot_paired_complete_case,0.5814042980279325,214.47778982613673,214.46141543188918,-123724.88211217258,0.1,0.46710526315789475,0.2469437399473684,1.3044878716607284,0.5427776354458935,1519
TRPC_THEMA_Chan_2017,TRPC_THEMA,Prokaryote,OrganismalFitness,siterm,SiteRM,structure_msa,official_zero_shot_paired_complete_case,0.38762403575590615,210.5184411799389,210.50010188731127,-120376.09624208689,0.1,0.2631578947368421,-0.2297241591644737,0.755289459608724,0.8271724400148858,1519
UBC9_HUMAN_Weile_2017,UBC9_HUMAN,Human,OrganismalFitness,siterm,SiteRM,structure_msa,official_zero_shot_paired_complete_case,0.4492992924431033,128.6765144061924,128.6623452285731,-66580.31786549212,0.1,0.14785992217898833,0.7574079562568093,0.6230612936636459,4.896918910033254,2563
UBE4B_HUMAN_Tsuboyama_2023_3L1X,UBE4B_HUMAN,Human,Stability,siterm,SiteRM,structure_msa,official_zero_shot_paired_complete_case,0.39247777090617975,57.6817969448616,57.64824618155585,-2802.8105529228224,0.1,0.13392857142857142,-0.451915567690758,0.607440965244235,0.5620589761448594,1118
UBE4B_MOUSE_Starita_2013,UBE4B_MOUSE,Eukaryote,Activity,siterm,SiteRM,structure_msa,official_zero_shot_paired_complete_case,0.48131946988161317,1000.0146887318086,1000.0122957957104,-788484.4873771158,0.1,0.1,0.05741060550000002,0.5455728575809639,2.8984277356534967,899
UBR5_HUMAN_Tsuboyama_2023_1I2T,UBR5_HUMAN,Human,Stability,siterm,SiteRM,structure_msa,official_zero_shot_paired_complete_case,0.4118174894694263,49.08714538112635,49.04285805694999,-3077.7661313747635,0.1,0.08181818181818182,-0.02759458796107973,0.5437215008764366,0.3073504340096791,1094
VG08_BPP22_Tsuboyama_2023_2GP8,VG08_BPP22,Virus,Stability,siterm,SiteRM,structure_msa,official_zero_shot_paired_complete_case,0.345025531871387,41.283324204910464,41.21730942724994,-5829.5750096877055,0.1,0.1643835616438356,-0.05227779641301371,0.5394524476067674,2.762448271892752,723
VILI_CHICK_Tsuboyama_2023_1YU5,VILI_CHICK,Eukaryote,Stability,siterm,SiteRM,structure_msa,official_zero_shot_paired_complete_case,0.1913225051795401,54.963648867205954,54.922411479138546,-3995.6295498153445,0.1,0.2231404958677686,-0.40182975803961724,0.4173691801796181,0.0,1202
VKOR1_HUMAN_Chiasson_2020_abundance,VKOR1_HUMAN,Human,Expression,siterm,SiteRM,structure_msa,official_zero_shot_paired_complete_case,0.43634317906951453,147.49253441376723,147.4787034715875,-174029.40550281556,0.1,0.17037037037037037,0.9218344852923284,0.6996498703955795,0.06544357912576308,2695
VKOR1_HUMAN_Chiasson_2020_activity,VKOR1_HUMAN,Human,Activity,siterm,SiteRM,structure_msa,official_zero_shot_paired_complete_case,0.414664518198774,147.61341773598548,147.59948510721225,-102011.30827307841,0.1,0.17142857142857143,0.8560019614470512,0.29971160543648,0.0,697
VRPI_BPT7_Tsuboyama_2023_2WNM,VRPI_BPT7,Virus,Stability,siterm,SiteRM,structure_msa,official_zero_shot_paired_complete_case,0.002252976313825285,45.318914499945166,45.25621837914573,-2306.6568331401795,0.1,0.08571428571428572,-0.5504941490510599,0.149039627404873,0.3391546831545641,1047
YAIA_ECOLI_Tsuboyama_2023_2KVT,YAIA_ECOLI,Prokaryote,Stability,siterm,SiteRM,structure_msa,official_zero_shot_paired_complete_case,0.11383362409215199,39.896341584145944,39.81437864329524,-1027.1677344701543,0.1,0.17204301075268819,-0.7928323541290192,0.2968788021324385,0.02456909868091525,928
YNZC_BACSU_Tsuboyama_2023_2JVD,YNZC_BACSU,Prokaryote,Stability,siterm,SiteRM,structure_msa,official_zero_shot_paired_complete_case,0.2909281297038082,31.695946595741656,31.567659268540428,-1468.6158905329319,0.1,0.16666666666666666,-0.20184816623529792,0.5175522882961509,1.155837142432507,714
A0A140D2T1_ZIKV_Sourisseau_2019,A0A140D2T1_ZIKV,Virus,OrganismalFitness,tranception_l,Tranception_L,msa_retrieval,official_zero_shot_paired_complete_case,0.3513386987842804,0.48886073351918435,0.18242057591225982,-0.1599792204540207,0.1,0.2860125260960334,0.4087449972053009,0.5066639420291131,7.854248114695532,9576
A0A192B1T2_9HIV1_Haddox_2018,A0A192B1T2_9HIV1,Virus,OrganismalFitness,tranception_l,Tranception_L,msa_retrieval,official_zero_shot_paired_complete_case,0.5131545618191674,3.3432962355551457,2.7330371405743716,-1.5089160827104822,0.1,0.2861685214626391,-0.5289590666120827,0.9836730658611685,0.0,12577
A0A1I9GEU1_NEIME_Kennouche_2019,A0A1I9GEU1_NEIME,Prokaryote,Activity,tranception_l,Tranception_L,msa_retrieval,official_zero_shot_paired_complete_case,0.05732689997678015,1.539348082482314,1.142083757977258,0.0004880568422934717,0.1,0.0967741935483871,0.1568279569892473,0.09999847566596536,1.711345820099425,922
A0A247D711_LISMN_Stadelmann_2021,A0A247D711_LISMN,Prokaryote,Activity,tranception_l,Tranception_L,msa_retrieval,official_zero_shot_paired_complete_case,0.3108091442886202,1.3604067790391323,0.8617676537149876,-0.09371709377706239,0.1,0.15060240963855423,0.09952316225607057,0.45123935849972413,0.04593624765982672,1653
A0A2Z5U3Z0_9INFA_Doud_2016,A0A2Z5U3Z0_9INFA,Virus,OrganismalFitness,tranception_l,Tranception_L,msa_retrieval,official_zero_shot_paired_complete_case,0.5374599499803095,2.401975197009662,2.0957397325048355,-2.6849280276217904,0.1,0.30970149253731344,-0.828080846551306,0.9909849924454829,0.0,10715
A0A2Z5U3Z0_9INFA_Wu_2014,A0A2Z5U3Z0_9INFA,Virus,OrganismalFitness,tranception_l,Tranception_L,msa_retrieval,official_zero_shot_paired_complete_case,0.5413423614030918,1.0683212280313379,0.4103243558325844,-0.16949882425853158,0.1,0.25957446808510637,0.8654034351319149,0.4724057015303608,8.87693850755473,2350
A4D664_9INFA_Soh_2019,A4D664_9INFA,Virus,OrganismalFitness,tranception_l,Tranception_L,msa_retrieval,official_zero_shot_paired_complete_case,0.3932669813393488,0.5797237370625913,0.3866862082778844,-0.7935093807813405,0.1,0.24462924462924462,0.6631262027571753,0.6732986064564402,21.039226378118737,14421
A4GRB6_PSEAI_Chen_2020,A4GRB6_PSEAI,Prokaryote,OrganismalFitness,tranception_l,Tranception_L,msa_retrieval,official_zero_shot_paired_complete_case,0.6519774443551252,2.825894347147511,2.1288943491376098,-0.8185558671808058,0.1,0.21357285429141717,-0.1509809743215198,0.8484351858029765,0.2896094642804053,5004
A4_HUMAN_Seuma_2022,A4_HUMAN,Human,Stability,tranception_l,Tranception_L,msa_retrieval,official_zero_shot_paired_complete_case,0.44722497456863636,1.9434259630462671,1.4740463175749288,-0.38467353856403474,0.1,0.075,-0.3015785444524325,0.44927603775424835,0.64292445435149,796
AACC1_PSEAI_Dandage_2018,AACC1_PSEAI,Prokaryote,OrganismalFitness,tranception_l,Tranception_L,msa_retrieval,official_zero_shot_paired_complete_case,0.4656798669478437,2.05981057171952,1.6069668209062116,-0.22438493113736357,0.1,0.20994475138121546,1.9256800878961327,0.5633338626904728,0.38243370237042656,1801
ACE2_HUMAN_Chan_2020,ACE2_HUMAN,Human,Binding,tranception_l,Tranception_L,msa_retrieval,official_zero_shot_paired_complete_case,0.19644038258643848,1.1947322529925857,0.8879884408134306,-0.12387235833223365,0.1,0.17488789237668162,0.007821318831838587,0.36714993838557725,0.18208949426958712,2223
ADRB2_HUMAN_Jones_2020,ADRB2_HUMAN,Human,Activity,tranception_l,Tranception_L,msa_retrieval,official_zero_shot_paired_complete_case,0.5327330532891426,2.09196284737872,1.9597848788490522,-7.011593467251753,0.1,0.17435897435897435,2.320773601275829,0.5134255368793299,1.024138276795975,7800
AMFR_HUMAN_Tsuboyama_2023_4G3O,AMFR_HUMAN,Human,Stability,tranception_l,Tranception_L,msa_retrieval,official_zero_shot_paired_complete_case,0.4077707367771005,1.162454688251011,0.8418027205173422,-0.4152498277332506,0.1,0.18292682926829268,-0.08283125306069455,0.6495595624205395,0.1489896801764587,820
AMIE_PSEAE_Wrenbeck_2017,AMIE_PSEAE,Prokaryote,Activity,tranception_l,Tranception_L,msa_retrieval,official_zero_shot_paired_complete_case,0.4384433662440363,0.4685310829075393,0.3475816524851985,-0.49355176096122855,0.1,0.10593900481540931,-0.034768699839486356,0.6958570286690058,0.7712995107009729,6227
ANCSZ_Hobbs_2022,ANCSZ,Eukaryote,Activity,tranception_l,Tranception_L,msa_retrieval,official_zero_shot_paired_complete_case,0.5379890251964525,0.20575942495866012,0.13292577054781,-0.21497763710341644,0.1,0.16916488222698073,0.005944189951118269,0.6206721160030214,0.22813051586152647,4670
ARGR_ECOLI_Tsuboyama_2023_1AOY,ARGR_ECOLI,Prokaryote,Stability,tranception_l,Tranception_L,msa_retrieval,official_zero_shot_paired_complete_case,0.4393553006373346,1.3150964201531508,0.8816221695154702,-0.4330069362719646,0.1,0.18604651162790697,-0.18577640714474578,0.6287551645867653,0.920405838533941,1287
BBC1_YEAST_Tsuboyama_2023_1TG0,BBC1_YEAST,Eukaryote,Stability,tranception_l,Tranception_L,msa_retrieval,official_zero_shot_paired_complete_case,0.40709401668738715,1.4163222057120395,1.092359602487593,-0.48367026872048946,0.1,0.23853211009174313,-0.24160618097833758,0.5445292974574728,0.24430625780857304,1084
BCHB_CHLTE_Tsuboyama_2023_2KRU,BCHB_CHLTE,Prokaryote,Stability,tranception_l,Tranception_L,msa_retrieval,official_zero_shot_paired_complete_case,0.34859315551167275,1.419107157843683,0.9485424918203765,-0.3685653877002426,0.1,0.23595505617977527,-0.16145930120360386,0.560870414517766,0.06139297242909117,890
BLAT_ECOLX_Deng_2012,BLAT_ECOLX,Prokaryote,OrganismalFitness,tranception_l,Tranception_L,msa_retrieval,official_zero_shot_paired_complete_case,0.47321508719295685,3.0884703604319004,2.7227016415751897,-3.0896810532387864,0.1,0.314,-1.289130410256,0.9367327301518058,0.460190194128769,4996
BLAT_ECOLX_Firnberg_2014,BLAT_ECOLX,Prokaryote,OrganismalFitness,tranception_l,Tranception_L,msa_retrieval,official_zero_shot_paired_complete_case,0.6368483107994167,0.697589298001863,0.5407604494502478,-1.4152455388139584,0.1,0.32150313152400833,0.9846002087682673,1.0581072084498029,2.6722746221161278,4783
BLAT_ECOLX_Jacquier_2013,BLAT_ECOLX,Prokaryote,OrganismalFitness,tranception_l,Tranception_L,msa_retrieval,official_zero_shot_paired_complete_case,0.6471692234251707,2.4755123878508596,1.5939897456016896,-0.6090208501308363,0.1,0.2828282828282828,-0.16338005080808085,0.714660386875294,0.2562038999457509,989
BLAT_ECOLX_Stiffler_2015,BLAT_ECOLX,Prokaryote,OrganismalFitness,tranception_l,Tranception_L,msa_retrieval,official_zero_shot_paired_complete_case,0.6286183910926524,1.6745211857303408,1.2369200921867738,-1.1145935255382877,0.1,0.324,-0.160898813748,0.9506330400365979,0.10672072708380417,4996
BRCA1_HUMAN_Findlay_2018,BRCA1_HUMAN,Human,OrganismalFitness,tranception_l,Tranception_L,msa_retrieval,official_zero_shot_paired_complete_case,0.5136295014656945,1.0738917118285818,0.7087447488259319,-0.44201164417432204,0.1,0.22282608695652173,-0.05271751070652173,0.6145376234459317,0.35918426142107523,1837
C6KNH7_9INFA_Lee_2018,C6KNH7_9INFA,Virus,OrganismalFitness,tranception_l,Tranception_L,msa_retrieval,official_zero_shot_paired_complete_case,0.43268897311942484,1.8486776638506968,1.605552390885661,-2.380750784031214,0.1,0.2853159851301115,-0.7288734575721927,0.835721375201289,0.0,10754
CALM1_HUMAN_Weile_2017,CALM1_HUMAN,Human,OrganismalFitness,tranception_l,Tranception_L,msa_retrieval,official_zero_shot_paired_complete_case,0.265850788279341,0.8637207164589051,0.7961237182316439,-4.601933613870952,0.1,0.04945054945054945,0.9057237657472527,0.4486664298947877,0.2830040196237928,1813
CAPSD_AAV2S_Sinai_2021,CAPSD_AAV2S,Virus,OrganismalFitness,tranception_l,Tranception_L,msa_retrieval,official_zero_shot_paired_complete_case,0.5174744130788864,2.30787338621854,1.8240192835633315,-0.14290990422144234,0.1,0.3888888888888889,1.6437402530290048,1.1541914225617924,0.23632624819148648,532
CAR11_HUMAN_Meitlis_2020_gof,CAR11_HUMAN,Human,OrganismalFitness,tranception_l,Tranception_L,msa_retrieval,official_zero_shot_paired_complete_case,0.18197886850754608,0.7150752826681411,0.5495718407135816,-0.2860826440724109,0.1,0.07142857142857142,-0.22505919346253503,0.19394541600350587,5.361141842800602,2374
CAR11_HUMAN_Meitlis_2020_lof,CAR11_HUMAN,Human,OrganismalFitness,tranception_l,Tranception_L,msa_retrieval,official_zero_shot_paired_complete_case,0.2711525958205914,0.9588983466574703,0.7453812215986535,-0.8235005527621018,0.1,0.05,-0.28264957879687497,0.5243848278728582,1.4167518348721095,2395
CAS9_STRP1_Spencer_2017_positive,CAS9_STRP1,Prokaryote,Activity,tranception_l,Tranception_L,msa_retrieval,official_zero_shot_paired_complete_case,0.18877152893509594,0.6622416332289597,0.47684112477100526,-0.1562525039842404,0.1,0.12315270935960591,-0.13731798852571153,0.18607909254513252,0.6051308848673838,8117
CASP3_HUMAN_Roychowdhury_2020,CASP3_HUMAN,Human,Activity,tranception_l,Tranception_L,msa_retrieval,official_zero_shot_paired_complete_case,0.5822714159592813,0.6685210337289066,0.5608301181514651,0.029857040018384406,0.1,0.16560509554140126,0.39998216805019504,0.6643991009406663,0.67030275775636,1567
CASP7_HUMAN_Roychowdhury_2020,CASP7_HUMAN,Human,Activity,tranception_l,Tranception_L,msa_retrieval,official_zero_shot_paired_complete_case,0.5860831107558803,0.8726638991877845,0.7032388808219199,-0.16834908906287827,0.1,0.19047619047619047,0.2796536791069033,0.8130882158608408,3.6586581374059266,1680
CATR_CHLRE_Tsuboyama_2023_2AMI,CATR_CHLRE,Eukaryote,Stability,tranception_l,Tranception_L,msa_retrieval,official_zero_shot_paired_complete_case,0.41057155391698874,0.8651997867573585,0.6114518949093922,-0.1184128810812679,0.1,0.05970149253731343,-0.03042392349397546,0.47307654117548925,0.30594474991271475,1340
CBPA2_HUMAN_Tsuboyama_2023_1O6X,CBPA2_HUMAN,Human,Stability,tranception_l,Tranception_L,msa_retrieval,official_zero_shot_paired_complete_case,0.46441460343580127,1.37687107294551,0.8952907523537567,-0.41252779720011734,0.1,0.16911764705882354,-0.0726812065469442,0.6349320289485694,0.10475096943846766,1357
CBS_HUMAN_Sun_2020,CBS_HUMAN,Human,OrganismalFitness,tranception_l,Tranception_L,msa_retrieval,official_zero_shot_paired_complete_case,0.32700837779501485,0.6625044158437781,0.4700179643563867,-0.9889143774347524,0.1,0.19390581717451524,0.6783992457335124,0.4732927506199854,0.9730154321360303,7217
CBX4_HUMAN_Tsuboyama_2023_2K28,CBX4_HUMAN,Human,Stability,tranception_l,Tranception_L,msa_retrieval,official_zero_shot_paired_complete_case,0.5362613705548666,1.1275602040247106,0.821781609065293,-0.36613298356915913,0.1,0.25,0.016679318502561175,0.829680190734795,0.5554768081477206,917
CCDB_ECOLI_Adkar_2012,CCDB_ECOLI,Prokaryote,Activity,tranception_l,Tranception_L,msa_retrieval,official_zero_shot_paired_complete_case,0.45775302063542916,35.87602364202512,26.974204423861643,-1.2964292440014962,0.1,0.1694915254237288,-16.093220338983052,0.46264017860380696,0.0,1176
CCR5_HUMAN_Gill_2023,CCR5_HUMAN,Human,Binding,tranception_l,Tranception_L,msa_retrieval,official_zero_shot_paired_complete_case,0.3760083779261397,0.5328410744368854,0.36581146382606716,-0.018894514533626117,0.1,0.17100977198697068,0.10944353963083603,0.4606944809316723,2.8036812167954626,6137
CD19_HUMAN_Klesmith_2019_FMC_singles,CD19_HUMAN,Human,Binding,tranception_l,Tranception_L,msa_retrieval,official_zero_shot_paired_complete_case,0.2020609574936857,3.441115932458365,2.8057510625885222,-0.2865400801155744,0.1,0.15649867374005305,-0.7219598797163833,0.3005481515133289,0.8862896320287912,3761
CP2C9_HUMAN_Amorosi_2021_abundance,CP2C9_HUMAN,Human,Expression,tranception_l,Tranception_L,msa_retrieval,official_zero_shot_paired_complete_case,0.6241988047999101,0.769746561072197,0.701429111179793,-4.529341975364307,0.1,0.28885400313971743,0.9668920296436422,0.8563295993541946,0.5404424529974292,6370
CP2C9_HUMAN_Amorosi_2021_activity,CP2C9_HUMAN,Human,Binding,tranception_l,Tranception_L,msa_retrieval,official_zero_shot_paired_complete_case,0.6383351109877751,0.6600771260830717,0.5530827290235635,-2.273346680740242,0.1,0.3723577235772358,0.9311820379073171,1.070483457834463,0.06515785859417601,6142
CSN4_MOUSE_Tsuboyama_2023_1UFM,CSN4_MOUSE,Eukaryote,Stability,tranception_l,Tranception_L,msa_retrieval,official_zero_shot_paired_complete_case,0.5006969308002774,1.2984300697048485,0.9367763420076647,-0.46470112298021293,0.1,0.15441176470588236,-0.007359223616880112,0.7630536076254869,0.1138295309508175,1353
CUE1_YEAST_Tsuboyama_2023_2MYX,CUE1_YEAST,Eukaryote,Stability,tranception_l,Tranception_L,msa_retrieval,official_zero_shot_paired_complete_case,0.3981976776306934,1.460912714035615,1.1451905695388918,-0.963041757422868,0.1,0.2708333333333333,-0.39043693358206993,0.6906424112934353,0.0,955
D7PM05_CLYGR_Somermeyer_2022,D7PM05_CLYGR,Eukaryote,Activity,tranception_l,Tranception_L,msa_retrieval,official_zero_shot_paired_complete_case,0.410936379802652,24488.519297272,21772.41915507275,-3.772704108015674,0.1,0.27350427350427353,25532.851369878317,0.33547398431085446,0.0,1169
DLG4_HUMAN_Faure_2021,DLG4_HUMAN,Human,OrganismalFitness,tranception_l,Tranception_L,msa_retrieval,official_zero_shot_paired_complete_case,0.6102281702974328,0.5200759745081901,0.3792969657704217,-0.7804859350697639,0.1,0.1953125,-0.05636889244247835,0.7921756476817294,0.01020802939684685,1280
DLG4_RAT_McLaughlin_2012,DLG4_RAT,Eukaryote,Binding,tranception_l,Tranception_L,msa_retrieval,official_zero_shot_paired_complete_case,0.4433152663101515,0.431855884401713,0.23967822392739313,-0.13181653030042795,0.1,0.12025316455696203,0.020114507594936708,0.47260639576742375,0.24484535269762642,1576
DN7A_SACS2_Tsuboyama_2023_1JIC,DN7A_SACS2,Prokaryote,Stability,tranception_l,Tranception_L,msa_retrieval,official_zero_shot_paired_complete_case,0.21133876603024063,1.3759570114303894,0.8944261058617765,-0.4886439108994902,0.1,0.15841584158415842,-0.6136967254957741,0.2111332855483609,0.06142246273648113,1008
DNJA1_HUMAN_Tsuboyama_2023_2LO1,DNJA1_HUMAN,Human,Stability,tranception_l,Tranception_L,msa_retrieval,official_zero_shot_paired_complete_case,0.5620904550703886,1.4870787357366988,1.0239642645358422,-0.5084814852271387,0.1,0.13934426229508196,-0.12330207899225756,0.7359671719960114,0.03947149688627292,1216
DOCK1_MOUSE_Tsuboyama_2023_2M0Y,DOCK1_MOUSE,Eukaryote,Stability,tranception_l,Tranception_L,msa_retrieval,official_zero_shot_paired_complete_case,0.5162842820257612,1.1343400116199815,0.8851905265417563,-0.34962689822562365,0.1,0.26229508196721313,0.06329293748191857,0.7501063388785498,0.0,1213
DYR_ECOLI_Nguyen_2023,DYR_ECOLI,Prokaryote,OrganismalFitness,tranception_l,Tranception_L,msa_retrieval,official_zero_shot_paired_complete_case,0.3564728755012464,0.9567583421691538,0.9229738709586617,-10.1925699740762,0.1,0.05821917808219178,0.9869520547945205,0.43085883050738993,0.4545754777036659,2916
DYR_ECOLI_Thompson_2019,DYR_ECOLI,Prokaryote,OrganismalFitness,tranception_l,Tranception_L,msa_retrieval,official_zero_shot_paired_complete_case,0.42266611858505565,0.806248223011878,0.5276748932037607,-0.1810272364925809,0.1,0.16877637130801687,-0.0455303670886076,0.4653678874796676,1.2245352699803913,2363
ENVZ_ECOLI_Ghose_2023,ENVZ_ECOLI,Prokaryote,Activity,tranception_l,Tranception_L,msa_retrieval,official_zero_shot_paired_complete_case,0.21471479823961181,3.394744170762953,3.2123298362397175,-8.057670641782824,0.1,0.08849557522123894,3.369093991106437,0.23086349505870135,0.514122881535656,1121
ENV_HV1BR_Haddox_2016,ENV_HV1BR,Virus,OrganismalFitness,tranception_l,Tranception_L,msa_retrieval,official_zero_shot_paired_complete_case,0.3624784318845721,0.08509173156342668,0.052528220624325946,-0.5759775688968858,0.1,0.22066822066822067,0.07418555070197841,0.47721042072029607,0.325931260613953,12863
EPHB2_HUMAN_Tsuboyama_2023_1F0M,EPHB2_HUMAN,Human,Stability,tranception_l,Tranception_L,msa_retrieval,official_zero_shot_paired_complete_case,0.5698512641612545,1.5712176239636024,1.068658627063539,-0.4917951260914384,0.1,0.27419354838709675,-0.004387933382889566,0.8023990774708245,0.0,1239
ESTA_BACSU_Nutschel_2020,ESTA_BACSU,Prokaryote,Stability,tranception_l,Tranception_L,msa_retrieval,official_zero_shot_paired_complete_case,0.3259792248222681,46.16838020104352,46.10373078065542,-354.7829615380702,0.1,0.16055045871559634,47.35802752293578,0.5252206072334237,1.8303154646569515,2172
FECA_ECOLI_Tsuboyama_2023_2D1U,FECA_ECOLI,Prokaryote,Stability,tranception_l,Tranception_L,msa_retrieval,official_zero_shot_paired_complete_case,0.2808046796273994,1.061089980050822,0.8523891593105337,-0.41307651934042977,0.1,0.19672131147540983,-0.06738858749032348,0.6622019593157007,0.0,1219
FKBP3_HUMAN_Tsuboyama_2023_2KFV,FKBP3_HUMAN,Human,Stability,tranception_l,Tranception_L,msa_retrieval,official_zero_shot_paired_complete_case,0.3419165260012536,0.8790262387332292,0.6021230965997711,-0.10329547753865631,0.1,0.1693548387096774,0.14526143694276558,0.6838386162316797,0.0,1237
GAL4_YEAST_Kitzman_2015,GAL4_YEAST,Eukaryote,OrganismalFitness,tranception_l,Tranception_L,msa_retrieval,official_zero_shot_paired_complete_case,0.5568594636611156,7.214353998164118,5.427782573314331,-0.8585379057535063,0.1,0.16666666666666666,-0.6848333333333333,0.799275201743727,0.32313527721130614,1195
GDIA_HUMAN_Silverstein_2021,GDIA_HUMAN,Human,OrganismalFitness,tranception_l,Tranception_L,msa_retrieval,official_zero_shot_paired_complete_case,0.4372482102023842,0.7926325783546757,0.7460897035012576,-7.422983307355226,0.1,0.12931034482758622,0.8490347822844828,0.43901995407138955,0.00125787754046669,1154
GFP_AEQVI_Sarkisyan_2016,GFP_AEQVI,Eukaryote,Activity,tranception_l,Tranception_L,msa_retrieval,official_zero_shot_paired_complete_case,0.4127679883587454,3.534116209260275,3.480262820955376,-31.29433253519663,0.1,0.2018348623853211,3.686819687922109,0.40858241115309746,0.1698046493340658,1084
GRB2_HUMAN_Faure_2021,GRB2_HUMAN,Human,OrganismalFitness,tranception_l,Tranception_L,msa_retrieval,official_zero_shot_paired_complete_case,0.49005143498643383,0.5824613330302573,0.42989868392726577,-0.6697449817689851,0.1,0.21153846153846154,-0.04750500456902765,0.8441881088282974,0.1806872519264209,1034
HCP_LAMBD_Tsuboyama_2023_2L6Q,HCP_LAMBD,Virus,Stability,tranception_l,Tranception_L,msa_retrieval,official_zero_shot_paired_complete_case,0.5311857508402624,1.0923715418608624,0.7486113168352476,-0.2406311742464462,0.1,0.25961538461538464,-0.015147929805652976,0.7248486669063029,0.3240552550378317,1040
HECD1_HUMAN_Tsuboyama_2023_3DKM,HECD1_HUMAN,Human,Stability,tranception_l,Tranception_L,msa_retrieval,official_zero_shot_paired_complete_case,0.543934258848145,1.3394494576193254,1.0005967193398084,-0.7420698640430354,0.1,0.256,-0.1847388150744303,0.7307687337204772,0.301699792157606,1244
HEM3_HUMAN_Loggerenberg_2023,HEM3_HUMAN,Human,Activity,tranception_l,Tranception_L,msa_retrieval,official_zero_shot_paired_complete_case,0.43752834331541857,0.7369909837043285,0.5982161079840908,-1.8507112575758264,0.1,0.15817223198594024,0.813906537771529,0.5514489445424013,0.6955829902099729,5689
HMDH_HUMAN_Jiang_2019,HMDH_HUMAN,Human,OrganismalFitness,tranception_l,Tranception_L,msa_retrieval,official_zero_shot_paired_complete_case,0.32963088425439047,0.5574610902672525,0.4921232925119574,-3.4568660409179897,0.1,0.1221826809015421,0.5972858244365361,0.44451149719175453,0.010225015963498098,16853
HSP82_YEAST_Cote-Hammarlof_2020_growth-H2O2,HSP82_YEAST,Eukaryote,OrganismalFitness,tranception_l,Tranception_L,msa_retrieval,official_zero_shot_paired_complete_case,0.36071793181974793,0.01575396182726695,0.011379576071837675,0.08049911456422798,0.1,0.13274336283185842,-0.0010051110796460141,0.4593507878670194,0.18645421381643643,2252
HSP82_YEAST_Flynn_2019,HSP82_YEAST,Eukaryote,OrganismalFitness,tranception_l,Tranception_L,msa_retrieval,official_zero_shot_paired_complete_case,0.4106946453766334,0.4059311596936211,0.2626323242127142,-0.19635020766298883,0.1,0.1255639097744361,-0.0031960591859164053,0.48245052598768856,0.0,13294
HSP82_YEAST_Mishra_2016,HSP82_YEAST,Eukaryote,OrganismalFitness,tranception_l,Tranception_L,msa_retrieval,official_zero_shot_paired_complete_case,0.5281493288657365,0.3941432588734556,0.2018113126334937,-0.22454990675754738,0.1,0.17321016166281755,-0.01207307994457275,0.499448416138025,0.7468004226568157,4323
HXK4_HUMAN_Gersing_2022_activity,HXK4_HUMAN,Human,OrganismalFitness,tranception_l,Tranception_L,msa_retrieval,official_zero_shot_paired_complete_case,0.44631512840444354,1.0174515944487028,0.7497196759045913,-0.7736588548430849,0.1,0.15519253208868145,1.0602937787969662,0.5267513177129379,1.2335850511328594,8570
HXK4_HUMAN_Gersing_2023_abundance,HXK4_HUMAN,Human,Expression,tranception_l,Tranception_L,msa_retrieval,official_zero_shot_paired_complete_case,0.3594586910785599,0.795040052543018,0.7315280786873307,-4.009732229540092,0.1,0.1869047619047619,0.8759066432305304,0.5141908306135236,0.19049765554339468,8396
I6TAH8_I68A0_Doud_2015,I6TAH8_I68A0,Virus,OrganismalFitness,tranception_l,Tranception_L,msa_retrieval,official_zero_shot_paired_complete_case,0.3479254555456503,2.3898742177323316,2.175195216686878,-3.852144694276994,0.1,0.25976768743400214,-1.3392464518126708,0.7512172067142945,0.4240155095273832,9462
IF1_ECOLI_Kelsic_2016,IF1_ECOLI,Prokaryote,OrganismalFitness,tranception_l,Tranception_L,msa_retrieval,official_zero_shot_paired_complete_case,0.49507342795750664,0.9313450111853222,0.8957211537166404,-9.627182218853827,0.1,0.20437956204379562,0.9519361313722629,0.5579780717603021,0.0,1367
ILF3_HUMAN_Tsuboyama_2023_2L33,ILF3_HUMAN,Human,Stability,tranception_l,Tranception_L,msa_retrieval,official_zero_shot_paired_complete_case,0.4011416843068676,0.8200106661423726,0.47222128142576486,-0.012340559491940573,0.1,0.18045112781954886,0.06196076830189789,0.4778307309068789,0.0,1329
ISDH_STAAW_Tsuboyama_2023_2LHR,ISDH_STAAW,Prokaryote,Stability,tranception_l,Tranception_L,msa_retrieval,official_zero_shot_paired_complete_case,0.05872170809744182,1.0305083815895535,0.7342203447594716,-0.6635710508621191,0.1,0.20212765957446807,-0.4757419444942206,0.274920621842081,0.2696848537919655,940
KCNE1_HUMAN_Muhammad_2023_expression,KCNE1_HUMAN,Human,Expression,tranception_l,Tranception_L,msa_retrieval,official_zero_shot_paired_complete_case,0.11457817935815337,1.0975980516022037,1.0325381825173396,-7.450160124153697,0.1,0.07264957264957266,1.01820487391453,0.15086363910678058,0.8196950952367287,2339
KCNE1_HUMAN_Muhammad_2023_function,KCNE1_HUMAN,Human,Activity,tranception_l,Tranception_L,msa_retrieval,official_zero_shot_paired_complete_case,0.6182945850491898,0.9063687745015119,0.8333131856486136,-4.191709242928827,0.1,0.19827586206896552,1.0524442734870691,0.7305572451825038,0.4782127152835231,2315
KCNJ2_MOUSE_Coyote-Maestas_2022_function,KCNJ2_MOUSE,Eukaryote,Activity,tranception_l,Tranception_L,msa_retrieval,official_zero_shot_paired_complete_case,0.28944735347136474,0.6028799348759171,0.4625343320248855,0.008694468537261746,0.1,0.1449067431850789,0.2710341464878049,0.438981408862465,1.4020400329853757,6963
KCNJ2_MOUSE_Coyote-Maestas_2022_surface,KCNJ2_MOUSE,Eukaryote,Expression,tranception_l,Tranception_L,msa_retrieval,official_zero_shot_paired_complete_case,0.3295421827307251,2.2732901592505503,1.524329289202369,-0.11195689274222542,0.1,0.07803468208092486,0.11886490021531791,0.40726819432830097,0.7773339333320723,6917
KKA2_KLEPN_Melnikov_2014,KKA2_KLEPN,Prokaryote,OrganismalFitness,tranception_l,Tranception_L,msa_retrieval,official_zero_shot_paired_complete_case,0.5880436832746689,1.5166077045359114,1.1736699746679677,-1.4478894387792112,0.1,0.20967741935483872,1.879364818548387,0.7480719569702808,0.20993606612497878,4960
LGK_LIPST_Klesmith_2015,LGK_LIPST,Eukaryote,Activity,tranception_l,Tranception_L,msa_retrieval,official_zero_shot_paired_complete_case,0.5272263449278312,0.8282390951282297,0.666443201669662,-1.6618526505348332,0.1,0.4435994930291508,-0.1740929024081115,0.9815423914214662,0.12863212974482274,7890
MAFG_MOUSE_Tsuboyama_2023_1K1V,MAFG_MOUSE,Eukaryote,Stability,tranception_l,Tranception_L,msa_retrieval,official_zero_shot_paired_complete_case,0.4680798144755649,0.749973580147162,0.5389951067453796,-0.09456931739017294,0.1,0.19480519480519481,0.030797162120775944,0.724728041256659,0.5669397040892228,762
MBD11_ARATH_Tsuboyama_2023_6ACV,MBD11_ARATH,Eukaryote,Stability,tranception_l,Tranception_L,msa_retrieval,official_zero_shot_paired_complete_case,0.3935628954591132,1.2940376542450827,0.9303863281615568,-0.4207352349518949,0.1,0.1724137931034483,-0.07999127977217171,0.6332092497134508,0.0,1155
MET_HUMAN_Estevam_2023,MET_HUMAN,Human,Activity,tranception_l,Tranception_L,msa_retrieval,official_zero_shot_paired_complete_case,0.5633139374855411,3.790626163154244,2.50537959238967,-0.5844562785349516,0.1,0.19814814814814816,-0.28258092525183837,0.6841590533550561,0.01235087338416866,5393
MK01_HUMAN_Brenan_2016,MK01_HUMAN,Human,OrganismalFitness,tranception_l,Tranception_L,msa_retrieval,official_zero_shot_paired_complete_case,0.09327336230898357,8.214548915896202,8.135024392574065,-50.838622831927196,0.1,0.0881057268722467,-8.317046311546257,-0.13813164062744815,1.0264695959245793,6809
MLAC_ECOLI_MacRae_2023,MLAC_ECOLI,Prokaryote,OrganismalFitness,tranception_l,Tranception_L,msa_retrieval,official_zero_shot_paired_complete_case,0.31513452498512523,0.3658940276166493,0.23772700467896862,-0.25601722719778275,0.1,0.11471321695760599,-0.07205907888029925,0.47760623475057756,0.5261589005538428,4007
MSH2_HUMAN_Jia_2020,MSH2_HUMAN,Human,OrganismalFitness,tranception_l,Tranception_L,msa_retrieval,official_zero_shot_paired_complete_case,0.3456807250400656,3.5276234783627913,3.253489217269081,-1.9513729505157644,0.1,0.15164179104477613,3.760417910447761,0.4379007649232602,0.12175024128310642,16749
MTH3_HAEAE_RockahShmuel_2015,MTH3_HAEAE,Prokaryote,OrganismalFitness,tranception_l,Tranception_L,msa_retrieval,official_zero_shot_paired_complete_case,0.6383303390101286,0.5709119865556745,0.4435199170493081,-1.425437098268925,0.1,0.2752808988764045,0.7489325842696629,0.8665723520673377,0.0,1777
MTHR_HUMAN_Weile_2021,MTHR_HUMAN,Human,OrganismalFitness,tranception_l,Tranception_L,msa_retrieval,official_zero_shot_paired_complete_case,0.2542790648659246,0.7248715296450452,0.6698165380500058,-5.685466862521561,0.1,0.12429831595829992,0.7757793103448276,0.43192732477680756,0.005350521170165614,12464
MYO3_YEAST_Tsuboyama_2023_2BTT,MYO3_YEAST,Eukaryote,Stability,tranception_l,Tranception_L,msa_retrieval,official_zero_shot_paired_complete_case,0.30438628887198277,1.3810901727919158,1.0996997871151644,-0.7557045502217077,0.1,0.22105263157894736,-0.5524562963722748,0.39368176134922456,0.09995165699270563,947
NCAP_I34A1_Doud_2015,NCAP_I34A1,Virus,OrganismalFitness,tranception_l,Tranception_L,msa_retrieval,official_zero_shot_paired_complete_case,0.4244669082915764,2.985574749687857,2.745941115432216,-4.9337696619099045,0.1,0.2703273495248152,-1.6680513163463833,0.879652774176173,0.07460156896117073,9462
NKX31_HUMAN_Tsuboyama_2023_2L9R,NKX31_HUMAN,Human,Stability,tranception_l,Tranception_L,msa_retrieval,official_zero_shot_paired_complete_case,0.5920532967747983,0.5312024568709801,0.3820875216892507,-0.053492932536572946,0.1,0.19130434782608696,0.04157686953186099,0.7589471187290032,3.229764211830286,1149
NPC1_HUMAN_Erwood_2022_HEK293T,NPC1_HUMAN,Human,Activity,tranception_l,Tranception_L,msa_retrieval,official_zero_shot_paired_complete_case,0.6956769029798728,0.6497286849639697,0.5315843606225684,-1.710444973262252,0.1,0.421875,0.9046876170104168,0.9907872819481404,0.047766301236249045,637
NUD15_HUMAN_Suiter_2020,NUD15_HUMAN,Human,Expression,tranception_l,Tranception_L,msa_retrieval,official_zero_shot_paired_complete_case,0.6042086346113152,0.675532576637406,0.574807518577098,-2.2865045831068294,0.1,0.3017543859649123,0.8524874091318427,0.8773621993351471,0.0,2844
NUSA_ECOLI_Tsuboyama_2023_1WCL,NUSA_ECOLI,Prokaryote,Stability,tranception_l,Tranception_L,msa_retrieval,official_zero_shot_paired_complete_case,0.46559415713011143,1.3391012802943465,0.967640994190451,-0.5757211739479586,0.1,0.16030534351145037,-0.29968905191376405,0.5482683325385658,0.5589070520086171,1306
NUSG_MYCTU_Tsuboyama_2023_2MI6,NUSG_MYCTU,Prokaryote,Stability,tranception_l,Tranception_L,msa_retrieval,official_zero_shot_paired_complete_case,0.4898735648700349,1.7547684889759139,1.2682910867035775,-0.4872644121513723,0.1,0.18627450980392157,-0.07138909294360189,0.7832009440108806,0.08622026947170378,1019
OBSCN_HUMAN_Tsuboyama_2023_1V1C,OBSCN_HUMAN,Human,Stability,tranception_l,Tranception_L,msa_retrieval,official_zero_shot_paired_complete_case,0.5559802408623119,1.5564240744661941,1.0988143583527616,-0.6178826032750633,0.1,0.32786885245901637,-0.1098480596420249,0.7475311818854213,0.01321306236602309,1213
ODP2_GEOSE_Tsuboyama_2023_1W4G,ODP2_GEOSE,Prokaryote,Stability,tranception_l,Tranception_L,msa_retrieval,official_zero_shot_paired_complete_case,0.4069828350794562,1.0389353699139587,0.7639395590371527,-0.7439693935685399,0.1,0.208955223880597,-0.3313644328082311,0.560103874254605,0.0,669
OTC_HUMAN_Lo_2023,OTC_HUMAN,Human,Activity,tranception_l,Tranception_L,msa_retrieval,official_zero_shot_paired_complete_case,0.6143743471312912,0.6140155565372363,0.4794088381838414,-1.4521246656707918,0.1,0.3248407643312102,0.845923566878981,0.9866215296305562,0.25758067222419945,1570
OTU7A_HUMAN_Tsuboyama_2023_2L2D,OTU7A_HUMAN,Human,Stability,tranception_l,Tranception_L,msa_retrieval,official_zero_shot_paired_complete_case,0.3079132428843989,0.993452136430618,0.7521724295764101,-0.37841631203928006,0.1,0.125,-0.1723229708844634,0.5542578066362892,0.593512736745302,635
OXDA_RHOTO_Vanella_2023_activity,OXDA_RHOTO,Eukaryote,Activity,tranception_l,Tranception_L,msa_retrieval,official_zero_shot_paired_complete_case,0.3050766805274918,0.11378266982966866,0.09815928884061978,-0.8704160291303846,0.1,0.1359375,-0.0606853029713759,0.324903275553493,0.07702593876929012,6396
OXDA_RHOTO_Vanella_2023_expression,OXDA_RHOTO,Eukaryote,Expression,tranception_l,Tranception_L,msa_retrieval,official_zero_shot_paired_complete_case,0.2672541453865268,0.15197472841124912,0.12134688084319863,-0.216414365019298,0.1,0.1137370753323486,-0.04225019550443523,0.260265244705078,0.20565289403468132,6769
P53_HUMAN_Giacomelli_2018_Null_Etoposide,P53_HUMAN,Human,OrganismalFitness,tranception_l,Tranception_L,msa_retrieval,official_zero_shot_paired_complete_case,0.3995283558072163,0.9716361380355898,0.8056648765686373,0.013727451465363583,0.1,0.07898259705488621,0.43193921942762165,0.39372224182086724,0.6655398541014959,7467
P53_HUMAN_Giacomelli_2018_Null_Nutlin,P53_HUMAN,Human,OrganismalFitness,tranception_l,Tranception_L,msa_retrieval,official_zero_shot_paired_complete_case,0.37911143805867714,0.9843804395405177,0.7727995644811605,0.011248127212511672,0.1,0.06559571619812583,0.24138292584303953,0.2154577135564417,2.9872793298406775,7467
P53_HUMAN_Giacomelli_2018_WT_Nutlin,P53_HUMAN,Human,OrganismalFitness,tranception_l,Tranception_L,msa_retrieval,official_zero_shot_paired_complete_case,0.433362523724138,1.0270201155060705,0.828221690124872,0.015833577253727582,0.1,0.0642570281124498,0.43603231921905605,0.4403660079666744,2.1567711780378107,7467
P53_HUMAN_Kotler_2018,P53_HUMAN,Human,OrganismalFitness,tranception_l,Tranception_L,msa_retrieval,official_zero_shot_paired_complete_case,0.5643987807060543,1.7742029064952434,1.4484843149110394,-1.2524947602563619,0.1,0.3142857142857143,2.4189987734020906,0.9469706587701383,0.13658686700252623,1048
P84126_THETH_Chan_2017,P84126_THETH,Prokaryote,OrganismalFitness,tranception_l,Tranception_L,msa_retrieval,official_zero_shot_paired_complete_case,0.5466794430936556,0.7378847980794485,0.6360513418598557,-0.48169411732773804,0.1,0.3092105263157895,-0.030295452710526326,0.7161513404981141,0.10257789962665931,1519
PABP_YEAST_Melamed_2013,PABP_YEAST,Eukaryote,OrganismalFitness,tranception_l,Tranception_L,msa_retrieval,official_zero_shot_paired_complete_case,0.6545439002831708,0.7603679340743262,0.6702209738802566,-3.3589249688691423,0.1,0.19327731092436976,0.9287615717226889,0.7427070021400678,4.643042540863748,1187
PAI1_HUMAN_Huttinger_2021,PAI1_HUMAN,Human,Activity,tranception_l,Tranception_L,msa_retrieval,official_zero_shot_paired_complete_case,0.411526176919929,1.2321094648863196,0.9283326588428966,-0.02649109664261684,0.1,0.19813084112149532,0.4820250209869158,0.5860569350535553,0.3946960417223471,5345
PA_I34A1_Wu_2015,PA_I34A1,Virus,OrganismalFitness,tranception_l,Tranception_L,msa_retrieval,official_zero_shot_paired_complete_case,0.5719783345617796,0.6776351465969245,0.4599048902711508,-0.8417038765471894,0.1,0.31868131868131866,0.8374310824505495,0.779502959714716,6.709257846027896,1820
PHOT_CHLRE_Chen_2023,PHOT_CHLRE,Eukaryote,Activity,tranception_l,Tranception_L,msa_retrieval,official_zero_shot_paired_complete_case,0.5610731010770613,1.144115023561221,1.0928345274857796,-9.524441199827095,0.1,0.2300469483568075,1.2935007003129229,0.661476593870846,0.304293502984966,2122
PIN1_HUMAN_Tsuboyama_2023_1I6C,PIN1_HUMAN,Human,Stability,tranception_l,Tranception_L,msa_retrieval,official_zero_shot_paired_complete_case,0.6760286439687093,0.8938031741991375,0.6551927416877925,-0.27404770440652215,0.1,0.2608695652173913,0.016030586499437515,0.9138182382760348,0.3143905798546123,686
PITX2_HUMAN_Tsuboyama_2023_2L7M,PITX2_HUMAN,Human,Stability,tranception_l,Tranception_L,msa_retrieval,official_zero_shot_paired_complete_case,0.5214985862216497,1.1396805556062135,0.8386583618283812,-0.2745022135617885,0.1,0.1276595744680851,-0.008370118776072556,0.7136950369120187,0.06353046310255735,938
PKN1_HUMAN_Tsuboyama_2023_1URF,PKN1_HUMAN,Human,Stability,tranception_l,Tranception_L,msa_retrieval,official_zero_shot_paired_complete_case,0.3080069948647469,0.798169438420885,0.5158919067032892,-0.015294901688431617,0.1,0.16793893129770993,0.05856598554638018,0.47199223415407404,0.23173833127418447,1301
POLG_CXB3N_Mattenberger_2021,POLG_CXB3N,Virus,OrganismalFitness,tranception_l,Tranception_L,msa_retrieval,official_zero_shot_paired_complete_case,0.4131941765169663,2.7634647035869904,2.569367674338382,-5.798482899271122,0.1,0.3422391857506361,-1.4895482273466503,1.008011089537107,0.23758821829907484,15711
POLG_DEN26_Suphatrakul_2023,POLG_DEN26,Virus,OrganismalFitness,tranception_l,Tranception_L,msa_retrieval,official_zero_shot_paired_complete_case,0.5418406870982354,5.045753326537683,4.35063937472199,-2.699436916995293,0.1,0.40473372781065087,-1.3846188908160595,1.120934891953251,0.4944227046903552,16897
POLG_HCVJF_Qi_2014,POLG_HCVJF,Virus,OrganismalFitness,tranception_l,Tranception_L,msa_retrieval,official_zero_shot_paired_complete_case,0.5783550147387686,0.82291971787604,0.7523367822699591,-3.711172293395914,0.1,0.3619631901840491,-0.23408793444785275,1.321524772387112,0.3190167924452967,1630
POLG_PESV_Tsuboyama_2023_2MXD,POLG_PESV,Virus,Stability,tranception_l,Tranception_L,msa_retrieval,official_zero_shot_paired_complete_case,0.12192564480544342,1.4949542947279741,1.0530858977955322,-0.7462350315282806,0.1,0.13,-0.8281401035861161,0.18812488975176309,0.0,995
PPARG_HUMAN_Majithia_2016,PPARG_HUMAN,Human,Activity,tranception_l,Tranception_L,msa_retrieval,official_zero_shot_paired_complete_case,0.6372939661428602,2.5613311873398,2.001568914154163,-0.030959395490668395,0.1,0.3079331941544885,1.8333684759916495,0.9286012635444739,0.0,9576
PPM1D_HUMAN_Miller_2022,PPM1D_HUMAN,Human,OrganismalFitness,tranception_l,Tranception_L,msa_retrieval,official_zero_shot_paired_complete_case,0.5914184369371395,0.28950670376605814,0.23009882765227357,0.045079625651675004,0.1,0.20405576679340937,0.1938736844106464,0.6762128913781692,0.6075715930762854,7889
PR40A_HUMAN_Tsuboyama_2023_1UZC,PR40A_HUMAN,Human,Stability,tranception_l,Tranception_L,msa_retrieval,official_zero_shot_paired_complete_case,0.46559108634182916,0.9329263436906476,0.6217016188853806,-0.24108618963201134,0.1,0.13675213675213677,-0.03543443177877165,0.5839116477520497,0.0,1163
PRKN_HUMAN_Clausen_2023,PRKN_HUMAN,Human,Expression,tranception_l,Tranception_L,msa_retrieval,official_zero_shot_paired_complete_case,0.6397568943279495,0.8113752294816716,0.7153581248792643,-3.235498703620321,0.1,0.182648401826484,0.9952085649676521,0.7653894468154425,0.01434372319662936,8756
PSAE_PICP2_Tsuboyama_2023_1PSE,PSAE_PICP2,Prokaryote,Stability,tranception_l,Tranception_L,msa_retrieval,official_zero_shot_paired_complete_case,0.22758920791471168,0.6687195680783565,0.49660012944724397,-0.006636595840877835,0.1,0.09836065573770492,-0.00815617468310801,0.445800619498652,1.745239704997278,1219
PTEN_HUMAN_Matreyek_2021,PTEN_HUMAN,Human,Expression,tranception_l,Tranception_L,msa_retrieval,official_zero_shot_paired_complete_case,0.41241299745947113,0.8030014049943432,0.7441930739870135,-5.6505133637016085,0.1,0.1944990176817289,0.9111360590209097,0.6239380798490459,0.03884367034038336,5083
PTEN_HUMAN_Mighell_2018,PTEN_HUMAN,Human,Activity,tranception_l,Tranception_L,msa_retrieval,official_zero_shot_paired_complete_case,0.4181640252054254,1.6727091720424354,1.1062879208454288,-0.38615320829038136,0.1,0.174931129476584,-0.18065828695454533,0.5208614989674558,0.38174362713627746,7260
Q2N0S5_9HIV1_Haddox_2018,Q2N0S5_9HIV1,Virus,OrganismalFitness,tranception_l,Tranception_L,msa_retrieval,official_zero_shot_paired_complete_case,0.5006723787660569,3.2990680378946102,2.6138846943162024,-1.1990346965864966,0.1,0.23016496465043204,-0.4708777073346426,0.8894321307068961,0.09433740592903417,12729
Q53Z42_HUMAN_McShan_2019_binding-TAPBPR,Q53Z42_HUMAN,Human,Binding,tranception_l,Tranception_L,msa_retrieval,official_zero_shot_paired_complete_case,0.29403327144362906,1.073596234280113,0.8317426903319561,-0.009136266210396204,0.1,0.09850746268656717,0.48307462686567165,0.3547387742880376,1.539216923790073,3344
Q53Z42_HUMAN_McShan_2019_expression,Q53Z42_HUMAN,Human,Expression,tranception_l,Tranception_L,msa_retrieval,official_zero_shot_paired_complete_case,0.5329102756261508,2.099064430169962,1.6553231403075548,-0.2866698362688347,0.1,0.20597014925373133,0.4584179104477612,0.7980739418753787,0.7835663783573269,3344
Q59976_STRSQ_Romero_2015,Q59976_STRSQ,Prokaryote,Activity,tranception_l,Tranception_L,msa_retrieval,official_zero_shot_paired_complete_case,0.6567565651215967,1.2803066607341191,0.9589137295840976,-1.1049793020634096,0.1,0.2733333333333333,-0.26238,0.7717851904772082,1.5309649887809742,2999
Q6WV12_9MAXI_Somermeyer_2022,Q6WV12_9MAXI,Eukaryote,Activity,tranception_l,Tranception_L,msa_retrieval,official_zero_shot_paired_complete_case,0.26675087038559514,15188.835475324806,14510.715873839734,-10.45492763561714,0.1,0.16521739130434782,15731.826941851616,0.2721017095170036,0.0,1141
Q837P4_ENTFA_Meier_2023,Q837P4_ENTFA,Prokaryote,Activity,tranception_l,Tranception_L,msa_retrieval,official_zero_shot_paired_complete_case,0.5117730634340005,1.718028262192286,1.1993929935666086,-0.8427085408641308,0.1,0.2857142857142857,-0.3846943187904761,0.6276894016274369,0.0,697
Q837P5_ENTFA_Meier_2023,Q837P5_ENTFA,Prokaryote,Activity,tranception_l,Tranception_L,msa_retrieval,official_zero_shot_paired_complete_case,0.4765601160582765,1.8442886635806666,1.3596301368931567,-1.1233321905045601,0.1,0.26666666666666666,-0.4979020298888888,0.6801842144699156,0.09813268509868416,747
Q8WTC7_9CNID_Somermeyer_2022,Q8WTC7_9CNID,Eukaryote,Activity,tranception_l,Tranception_L,msa_retrieval,official_zero_shot_paired_complete_case,0.29138556793515086,8174.943591255357,7589.358808487241,-6.2394133873189075,0.1,0.2231404958677686,8774.06723288935,0.38993187262093243,1.0095670177260743,1201
R1AB_SARS2_Flynn_2022,R1AB_SARS2,Virus,OrganismalFitness,tranception_l,Tranception_L,msa_retrieval,official_zero_shot_paired_complete_case,0.4007406810053493,0.7995615053453574,0.6863537860050001,-2.6714899906285408,0.1,0.16404886561954624,0.9211538315701245,0.6703115460322486,0.020525034678098596,5725
RAD_ANTMA_Tsuboyama_2023_2CJJ,RAD_ANTMA,Eukaryote,Stability,tranception_l,Tranception_L,msa_retrieval,official_zero_shot_paired_complete_case,0.2901836067037458,0.7263161382428187,0.5415170140114312,-0.09047459934202573,0.1,0.2564102564102564,0.08959296832312558,0.6025369825091533,0.5719244986710419,774
RASH_HUMAN_Bandaru_2017,RASH_HUMAN,Human,Activity,tranception_l,Tranception_L,msa_retrieval,official_zero_shot_paired_complete_case,0.4498986905628458,0.30573355978245076,0.22932401578857545,-0.014443225593020248,0.1,0.11146496815286625,0.05801896296496815,0.6034776575670371,4.366995507178132,3134
RASK_HUMAN_Weng_2022_abundance,RASK_HUMAN,Human,Expression,tranception_l,Tranception_L,msa_retrieval,official_zero_shot_paired_complete_case,0.2801064875760242,0.46210754650667785,0.35197987117727875,-0.5922846788045011,0.1,0.14332247557003258,-0.22221246854770704,0.299038252321492,0.0,3066
RASK_HUMAN_Weng_2022_binding-DARPin_K55,RASK_HUMAN,Human,Binding,tranception_l,Tranception_L,msa_retrieval,official_zero_shot_paired_complete_case,0.4876738498875023,0.38836098251449785,0.23483048897805964,-0.26566576415966003,0.1,0.21035598705501618,-0.01216165132738273,0.6526835768297465,0.08718507251394188,3084
RBP1_HUMAN_Tsuboyama_2023_2KWH,RBP1_HUMAN,Human,Stability,tranception_l,Tranception_L,msa_retrieval,official_zero_shot_paired_complete_case,0.37134834835612435,0.7578811056904674,0.5308868388311725,-0.09849294410294496,0.1,0.23469387755102042,0.12203959920278211,0.6061474732636583,0.0,975
RCD1_ARATH_Tsuboyama_2023_5OAO,RCD1_ARATH,Eukaryote,Stability,tranception_l,Tranception_L,msa_retrieval,official_zero_shot_paired_complete_case,0.2510564787039378,0.6776222343367984,0.5191413624431679,-0.1277910004297509,0.1,0.16161616161616163,0.12662049257154576,0.6546757723984804,0.0,988
RCRO_LAMBD_Tsuboyama_2023_1ORC,RCRO_LAMBD,Virus,Stability,tranception_l,Tranception_L,msa_retrieval,official_zero_shot_paired_complete_case,0.39602481980718446,1.598791054807337,1.0796542748743116,-0.5345209686369019,0.1,0.11666666666666667,-0.4172740497867372,0.49524043003668805,0.2152485057248777,1195
RD23A_HUMAN_Tsuboyama_2023_1IFY,RD23A_HUMAN,Human,Stability,tranception_l,Tranception_L,msa_retrieval,official_zero_shot_paired_complete_case,0.5438981087846966,1.283376450251768,0.9108276471766693,-0.44958941435665234,0.1,0.275,-0.07693600492979555,0.8034373296152816,0.3416056805974751,798
RDRP_I33A0_Li_2023,RDRP_I33A0,Virus,OrganismalFitness,tranception_l,Tranception_L,msa_retrieval,official_zero_shot_paired_complete_case,0.4739678582603954,1.5255540716584703,1.3958864633565773,-4.6633585003786875,0.1,0.38634471273938387,-0.6909536785656638,1.1068265263997863,0.3999406193444547,12003
REV_HV1H2_Fernandes_2016,REV_HV1H2,Virus,OrganismalFitness,tranception_l,Tranception_L,msa_retrieval,official_zero_shot_paired_complete_case,0.23647057607810174,0.2167549919491226,0.1638279062464861,0.010499596447962944,0.1,0.12093023255813953,-0.05282258390525917,0.31170724910527964,1.284588293229033,2147
RFAH_ECOLI_Tsuboyama_2023_2LCL,RFAH_ECOLI,Prokaryote,Stability,tranception_l,Tranception_L,msa_retrieval,official_zero_shot_paired_complete_case,0.21572333107626354,0.6817425048173743,0.547504309554949,-0.03599730665389611,0.1,0.10309278350515463,0.018324610205879156,0.4350771523119391,0.6740237045611098,969
RL20_AQUAE_Tsuboyama_2023_1GYZ,RL20_AQUAE,Prokaryote,Stability,tranception_l,Tranception_L,msa_retrieval,official_zero_shot_paired_complete_case,0.30508989095597694,0.7732989879237115,0.4428915787813867,-0.1362666424233303,0.1,0.09734513274336283,-0.12238552975217433,0.37426753996770235,0.4027819683989566,1121
RL40A_YEAST_Mavor_2016,RL40A_YEAST,Eukaryote,OrganismalFitness,tranception_l,Tranception_L,msa_retrieval,official_zero_shot_paired_complete_case,0.3975499319500174,0.20741085645012808,0.14113874851609998,-0.20754533165369682,0.1,0.16666666666666666,-0.030256642492063487,0.6350758383113045,0.9851131781664817,1253
RL40A_YEAST_Roscoe_2013,RL40A_YEAST,Eukaryote,OrganismalFitness,tranception_l,Tranception_L,msa_retrieval,official_zero_shot_paired_complete_case,0.4492643603986832,0.4007455937882668,0.24810380580469665,-0.3455470761651669,0.1,0.15833333333333333,-0.05426485118994194,0.6090720255488175,0.016614722868483135,1195
RL40A_YEAST_Roscoe_2014,RL40A_YEAST,Eukaryote,Activity,tranception_l,Tranception_L,msa_retrieval,official_zero_shot_paired_complete_case,0.40814351450891784,0.8828514930918547,0.8024493014296216,-3.0877076546002096,0.1,0.11594202898550725,0.9379743382391305,0.5001768636479108,0.5368448131499876,1380
RNC_ECOLI_Weeks_2023,RNC_ECOLI,Prokaryote,Activity,tranception_l,Tranception_L,msa_retrieval,official_zero_shot_paired_complete_case,0.5446327610098288,0.6986641377064541,0.38249030644215815,-0.24602766961937683,0.1,0.16822429906542055,-0.020905785733644863,0.567272902694047,0.30144460634067227,4277
RPC1_BP434_Tsuboyama_2023_1R69,RPC1_BP434,Virus,Stability,tranception_l,Tranception_L,msa_retrieval,official_zero_shot_paired_complete_case,0.6436108753772359,1.600389594254856,1.1840633566198484,-0.6939492668270699,0.1,0.23893805309734514,-0.2438482395344316,0.7200141517290211,0.17790219277013034,1124
RS15_GEOSE_Tsuboyama_2023_1A32,RS15_GEOSE,Prokaryote,Stability,tranception_l,Tranception_L,msa_retrieval,official_zero_shot_paired_complete_case,0.36527408315418775,0.6632132998035067,0.48456383890774996,-0.01848912038872852,0.1,0.1,0.08166752383705446,0.5872800571312112,0.35680703853806023,1195
S22A1_HUMAN_Yee_2023_abundance,S22A1_HUMAN,Human,Expression,tranception_l,Tranception_L,msa_retrieval,official_zero_shot_paired_complete_case,0.631299706960125,1.5815495041789704,1.1374260065212705,-0.36204529719571665,0.1,0.27217125382262997,0.2740744323374108,0.81732674168514,0.17787848712047674,9803
S22A1_HUMAN_Yee_2023_activity,S22A1_HUMAN,Human,Activity,tranception_l,Tranception_L,msa_retrieval,official_zero_shot_paired_complete_case,0.5905333971066979,0.9378773295171594,0.7465468071497243,-0.09312918973946371,0.1,0.21485148514851485,0.3534079670613861,0.7279693465117448,0.4835004622517616,10094
SAV1_MOUSE_Tsuboyama_2023_2YSB,SAV1_MOUSE,Eukaryote,Stability,tranception_l,Tranception_L,msa_retrieval,official_zero_shot_paired_complete_case,0.5109689510326528,0.9803303879973271,0.7092334633542496,-0.33312282038640517,0.1,0.36764705882352944,0.07955311707337642,0.8716771939483312,0.0,679
SBI_STAAM_Tsuboyama_2023_2JVG,SBI_STAAM,Prokaryote,Stability,tranception_l,Tranception_L,msa_retrieval,official_zero_shot_paired_complete_case,0.3137782925937812,0.8710005859739837,0.6817339237914909,-0.6367293231236539,0.1,0.20388349514563106,-0.2883245345081406,0.47324213354529454,0.5456591897388162,1025
SC6A4_HUMAN_Young_2021,SC6A4_HUMAN,Human,Activity,tranception_l,Tranception_L,msa_retrieval,official_zero_shot_paired_complete_case,0.5301774742686411,1.4010282688335405,1.0498385702361814,-0.12127652474919115,0.1,0.25129533678756477,0.48339657179576856,0.7333945865377803,0.6189629544610291,11576
SCIN_STAAR_Tsuboyama_2023_2QFF,SCIN_STAAR,Prokaryote,Stability,tranception_l,Tranception_L,msa_retrieval,official_zero_shot_paired_complete_case,0.15596286567415296,1.0323853227972104,0.7441478651196867,-0.3846221728059429,0.1,0.1721311475409836,-0.18823669047741967,0.44838696817777907,1.6175839362425677,1212
SDA_BACSU_Tsuboyama_2023_1PV0,SDA_BACSU,Prokaryote,Stability,tranception_l,Tranception_L,msa_retrieval,official_zero_shot_paired_complete_case,0.5050502577546778,1.057022199354985,0.6886130724646364,-0.16557920164599116,0.1,0.17857142857142858,-0.06784905215739753,0.6316045838628764,0.7259915560434099,834
SERC_HUMAN_Xie_2023,SERC_HUMAN,Human,OrganismalFitness,tranception_l,Tranception_L,msa_retrieval,official_zero_shot_paired_complete_case,0.5437600374810352,0.8854425077145681,0.8365409688955452,-7.679958709336779,0.1,0.15104166666666666,0.9738951967365789,0.5197434670612379,0.22398383040931455,1914
SHOC2_HUMAN_Kwon_2022,SHOC2_HUMAN,Human,OrganismalFitness,tranception_l,Tranception_L,msa_retrieval,official_zero_shot_paired_complete_case,0.3667666133516411,0.7182067815134632,0.5557530246138717,-0.2920204654109364,0.1,0.13570127504553733,-0.09036825092028601,0.4291704136409502,4.401292484596811,10972
SOX30_HUMAN_Tsuboyama_2023_7JJK,SOX30_HUMAN,Human,Stability,tranception_l,Tranception_L,msa_retrieval,official_zero_shot_paired_complete_case,0.2336275689957058,0.9445406181495741,0.6515460025964961,-0.1728636525544327,0.1,0.09900990099009901,-0.05370394733808924,0.537217769165296,1.1010274438881131,1010
SPA_STAAU_Tsuboyama_2023_1LP1,SPA_STAAU,Prokaryote,Stability,tranception_l,Tranception_L,msa_retrieval,official_zero_shot_paired_complete_case,0.2958029103264997,0.8612240787476805,0.65667688184802,-0.2675814805803771,0.1,0.22115384615384615,-0.047644781844100814,0.5521125458448151,0.0,1035
SPG1_STRSG_Olson_2014,SPG1_STRSG,Prokaryote,Binding,tranception_l,Tranception_L,msa_retrieval,official_zero_shot_paired_complete_case,0.2951395210897581,1.9531065499194569,1.3924759862071439,-0.11303666453324723,0.1,0.19047619047619047,0.2526524474402782,0.491036350805795,0.19124195826009643,1045
SPG2_STRSG_Tsuboyama_2023_5UBS,SPG2_STRSG,Prokaryote,Stability,tranception_l,Tranception_L,msa_retrieval,official_zero_shot_paired_complete_case,0.11102472775917492,1.272937287306145,0.8984391224308136,-0.3838237263297253,0.1,0.13592233009708737,-0.45173463090687505,0.2562701293552865,0.0,1029
SPIKE_SARS2_Starr_2020_binding,SPIKE_SARS2,Virus,Binding,tranception_l,Tranception_L,msa_retrieval,official_zero_shot_paired_complete_case,0.3171861493579695,1.7201281409987106,0.9941349992391121,-0.4876860831065757,0.1,0.2204724409448819,-0.3639632545931759,0.44638088730601355,0.007090793685331601,3802
SPIKE_SARS2_Starr_2020_expression,SPIKE_SARS2,Virus,Expression,tranception_l,Tranception_L,msa_retrieval,official_zero_shot_paired_complete_case,0.36694675670705224,1.4828223380754613,1.1046470565671143,-1.077638039473797,0.1,0.2026315789473684,-0.4801315789473684,0.5797026501616069,0.26245786301285795,3798
SPTN1_CHICK_Tsuboyama_2023_1TUD,SPTN1_CHICK,Eukaryote,Stability,tranception_l,Tranception_L,msa_retrieval,official_zero_shot_paired_complete_case,0.4894172539951862,1.867387472123166,1.388898891868934,-0.8499011959648324,0.1,0.2830188679245283,-0.33175920530246594,0.7475155513102433,0.1265639292549345,1051
SQSTM_MOUSE_Tsuboyama_2023_2RRU,SQSTM_MOUSE,Eukaryote,Stability,tranception_l,Tranception_L,msa_retrieval,official_zero_shot_paired_complete_case,0.5889990613723658,1.0576168353913296,0.849871385908258,-0.6972201491172287,0.1,0.39436619718309857,-0.10490248104554763,1.000644348775245,0.4135119504889902,707
SR43C_ARATH_Tsuboyama_2023_2N88,SR43C_ARATH,Eukaryote,Stability,tranception_l,Tranception_L,msa_retrieval,official_zero_shot_paired_complete_case,0.5415725213212605,1.4070139789936111,1.0359295475943526,-0.6946716272622817,0.1,0.25842696629213485,-0.07608635765249522,0.837238180692412,0.269915296585039,889
SRBS1_HUMAN_Tsuboyama_2023_2O2W,SRBS1_HUMAN,Human,Stability,tranception_l,Tranception_L,msa_retrieval,official_zero_shot_paired_complete_case,0.5768156179029057,1.5016251989482514,1.0357904565501606,-0.5294164810844526,0.1,0.28688524590163933,-0.0625724397582757,0.793128942490351,0.23784195555550816,1211
SRC_HUMAN_Ahler_2019,SRC_HUMAN,Human,Activity,tranception_l,Tranception_L,msa_retrieval,official_zero_shot_paired_complete_case,0.4923322493492349,1.0516269110781085,0.8518853866292128,-0.16381002489671914,0.1,0.10946745562130178,0.03944996256213018,0.4718441327417067,2.7491269393322177,3372
SRC_HUMAN_Chakraborty_2023_binding-DAS_25uM,SRC_HUMAN,Human,Activity,tranception_l,Tranception_L,msa_retrieval,official_zero_shot_paired_complete_case,0.40054194749941335,0.6790247493656614,0.49034037959579346,-0.00020752126145695549,0.1,0.07692307692307693,0.22777369025,0.27814148383856546,1.3595325637720697,3637
SRC_HUMAN_Nguyen_2022,SRC_HUMAN,Human,OrganismalFitness,tranception_l,Tranception_L,msa_retrieval,official_zero_shot_paired_complete_case,0.3985565969791305,0.7186813988584971,0.6023567691778747,-0.6039127238059057,0.1,0.08902077151335312,-0.2819952676406772,0.3171066277768432,2.9545327523872857,3366
SUMO1_HUMAN_Weile_2017,SUMO1_HUMAN,Human,OrganismalFitness,tranception_l,Tranception_L,msa_retrieval,official_zero_shot_paired_complete_case,0.4095912301106991,0.6189473276819607,0.5252638632868734,-1.8914776918427512,0.1,0.18823529411764706,0.6672921001705882,0.6622589204136202,0.745066194941931,1700
SYUA_HUMAN_Newberry_2020,SYUA_HUMAN,Human,OrganismalFitness,tranception_l,Tranception_L,msa_retrieval,official_zero_shot_paired_complete_case,0.15921329605503814,0.13742476234211268,0.09166571145791312,0.11402421271627239,0.1,0.024,-0.03319850915707863,0.26563988864020843,0.3511662666805572,2497
TADBP_HUMAN_Bolognesi_2019,TADBP_HUMAN,Human,OrganismalFitness,tranception_l,Tranception_L,msa_retrieval,official_zero_shot_paired_complete_case,0.12117197059407304,0.09968922643163043,0.07195480227592027,-0.07126103309813003,0.1,0.008333333333333333,0.009906838912996709,0.061912184840721876,2.2289168963129615,1196
TAT_HV1BR_Fernandes_2016,TAT_HV1BR,Virus,OrganismalFitness,tranception_l,Tranception_L,msa_retrieval,official_zero_shot_paired_complete_case,0.23724545105633496,0.19210732678090048,0.15327017731559534,0.05292208379642016,0.1,0.12658227848101267,-0.030145580543483586,0.43689124004390517,1.7535836771561457,1577
TCRG1_MOUSE_Tsuboyama_2023_1E0L,TCRG1_MOUSE,Eukaryote,Stability,tranception_l,Tranception_L,msa_retrieval,official_zero_shot_paired_complete_case,0.538656412553672,1.054455265326725,0.776340662141061,-0.6469568165558501,0.1,0.25396825396825395,-0.2062546290377807,0.8015508769957971,0.0,621
THO1_YEAST_Tsuboyama_2023_2WQG,THO1_YEAST,Eukaryote,Stability,tranception_l,Tranception_L,msa_retrieval,official_zero_shot_paired_complete_case,0.28016993000631674,0.9943794092708963,0.7379297059883618,-0.35828446012250015,0.1,0.25757575757575757,-0.21573086388111942,0.4595050212755965,0.025704834881280888,656
TNKS2_HUMAN_Tsuboyama_2023_5JRT,TNKS2_HUMAN,Human,Stability,tranception_l,Tranception_L,msa_retrieval,official_zero_shot_paired_complete_case,0.558232951729433,1.321587288118587,0.9863679679369773,-0.8904396686368028,0.1,0.17857142857142858,-0.28947191167170255,0.7180836609811355,0.28153159999472027,1118
TPK1_HUMAN_Weile_2017,TPK1_HUMAN,Human,OrganismalFitness,tranception_l,Tranception_L,msa_retrieval,official_zero_shot_paired_complete_case,0.30484797496925553,0.6965948218321959,0.5135021561461504,-0.7104863550386611,0.1,0.13793103448275862,0.7127698310877744,0.5503504188111693,0.7307896644648775,3181
TPMT_HUMAN_Matreyek_2018,TPMT_HUMAN,Human,Expression,tranception_l,Tranception_L,msa_retrieval,official_zero_shot_paired_complete_case,0.478333125935816,0.8664714124593653,0.8015485889166538,-4.948997554461645,0.1,0.17534246575342466,0.9572792124356165,0.5558976397622829,0.9404486418496815,3648
TPOR_HUMAN_Bridgford_2020,TPOR_HUMAN,Human,OrganismalFitness,tranception_l,Tranception_L,msa_retrieval,official_zero_shot_paired_complete_case,0.4511607826957317,0.5054178045251693,0.4568674607990027,-0.682020662732949,0.1,0.2631578947368421,-0.06385117036705486,0.736082178619225,0.0,562
TRPC_SACS2_Chan_2017,TRPC_SACS2,Prokaryote,OrganismalFitness,tranception_l,Tranception_L,msa_retrieval,official_zero_shot_paired_complete_case,0.5914799782848699,0.7943803744984919,0.6926940378067755,-0.6972777576218514,0.1,0.40789473684210525,0.10959531525657894,1.079234325676367,0.5427776354458935,1519
TRPC_THEMA_Chan_2017,TRPC_THEMA,Prokaryote,OrganismalFitness,tranception_l,Tranception_L,msa_retrieval,official_zero_shot_paired_complete_case,0.4375289577871305,0.8901398358155422,0.8124235254113908,-1.1521872102445632,0.1,0.3223684210526316,-0.11439211984868422,0.9453674174216542,0.8271724400148858,1519
UBC9_HUMAN_Weile_2017,UBC9_HUMAN,Human,OrganismalFitness,tranception_l,Tranception_L,msa_retrieval,official_zero_shot_paired_complete_case,0.47486963776536784,0.6965583135799955,0.5213727154881317,-0.9510516681024856,0.1,0.15953307392996108,0.7649932410583657,0.6382719795199314,4.346445718866041,2563
UBE4B_HUMAN_Tsuboyama_2023_3L1X,UBE4B_HUMAN,Human,Stability,tranception_l,Tranception_L,msa_retrieval,official_zero_shot_paired_complete_case,0.4303847786075501,1.4879314482081332,1.1598198999591447,-0.8656791112826843,0.1,0.2767857142857143,-0.20475024485910415,0.834335006776164,0.0,1118
UBE4B_MOUSE_Starita_2013,UBE4B_MOUSE,Eukaryote,Activity,tranception_l,Tranception_L,msa_retrieval,official_zero_shot_paired_complete_case,0.3897106656262631,1.2507683524761506,0.9182745087625154,-0.2334873894659395,0.1,0.15555555555555556,0.14255643342222224,0.6211784369340705,0.0,899
UBR5_HUMAN_Tsuboyama_2023_1I2T,UBR5_HUMAN,Human,Stability,tranception_l,Tranception_L,msa_retrieval,official_zero_shot_paired_complete_case,0.45049271292155546,0.9601636861242725,0.6473700112140323,-0.1779631375518551,0.1,0.08181818181818182,0.02887985759693698,0.6075585126299845,0.3073504340096791,1094
VG08_BPP22_Tsuboyama_2023_2GP8,VG08_BPP22,Virus,Stability,tranception_l,Tranception_L,msa_retrieval,official_zero_shot_paired_complete_case,0.46411760936767027,0.5369204380551698,0.38400768407223745,0.013761531702313423,0.1,0.1643835616438356,-0.028205256335158732,0.5839773474991256,2.5292705155089883,723
VILI_CHICK_Tsuboyama_2023_1YU5,VILI_CHICK,Eukaryote,Stability,tranception_l,Tranception_L,msa_retrieval,official_zero_shot_paired_complete_case,0.41322222739731035,1.0886849111452257,0.776765460468103,-0.5680040845616048,0.1,0.2231404958677686,-0.17131151563321795,0.6825100585473427,0.0759110075738422,1202
VKOR1_HUMAN_Chiasson_2020_abundance,VKOR1_HUMAN,Human,Expression,tranception_l,Tranception_L,msa_retrieval,official_zero_shot_paired_complete_case,0.5478064140136698,0.8039784695754348,0.7346113331385086,-4.170992318392787,0.1,0.18518518518518517,0.9292824434620806,0.7207157577029647,0.06544357912576308,2695
VKOR1_HUMAN_Chiasson_2020_activity,VKOR1_HUMAN,Human,Activity,tranception_l,Tranception_L,msa_retrieval,official_zero_shot_paired_complete_case,0.40075513214205405,0.8961967697687102,0.8073837736579764,-2.7601714851652215,0.1,0.14285714285714285,0.8470131671977201,0.2802623987631622,0.11007085745580658,697
VRPI_BPT7_Tsuboyama_2023_2WNM,VRPI_BPT7,Virus,Stability,tranception_l,Tranception_L,msa_retrieval,official_zero_shot_paired_complete_case,-0.05725976041942472,1.1458709732920689,0.8288290371780281,-0.475311286495657,0.1,0.09523809523809523,-0.6706352096614661,0.021690030150728838,0.26366751697203256,1047
YAIA_ECOLI_Tsuboyama_2023_2KVT,YAIA_ECOLI,Prokaryote,Stability,tranception_l,Tranception_L,msa_retrieval,official_zero_shot_paired_complete_case,0.28814946697019456,1.5846782435818496,1.119605568796409,-0.6221089280124144,0.1,0.3010752688172043,-0.6108299434599943,0.4431558046426047,0.02456909868091525,928
YNZC_BACSU_Tsuboyama_2023_2JVD,YNZC_BACSU,Prokaryote,Stability,tranception_l,Tranception_L,msa_retrieval,official_zero_shot_paired_complete_case,0.29910956958230284,0.9284973234979648,0.6513594943582197,-0.26112373280963386,0.1,0.18055555555555555,-0.09577024676213507,0.6458512631940696,0.7177165271769149,714
A0A140D2T1_ZIKV_Sourisseau_2019,A0A140D2T1_ZIKV,Virus,OrganismalFitness,venusrem,VenusREM,structure_msa,official_zero_shot_paired_complete_case,0.3868750229677319,2.073102164725815,1.7919380097417066,-19.860336488905784,0.1,0.21711899791231734,0.31723286748541335,0.30505090475643654,7.2138149384762835,9576
A0A192B1T2_9HIV1_Haddox_2018,A0A192B1T2_9HIV1,Virus,OrganismalFitness,venusrem,VenusREM,structure_msa,official_zero_shot_paired_complete_case,0.5616360230931883,2.0429776092351744,1.6095055034750374,0.06316387191801331,0.1,0.2655007949125596,-0.8492084125834657,0.8319483056216272,0.3829324384005697,12577
A0A1I9GEU1_NEIME_Kennouche_2019,A0A1I9GEU1_NEIME,Prokaryote,Activity,venusrem,VenusREM,structure_msa,official_zero_shot_paired_complete_case,0.07046081462268838,2.367604756109271,1.9343701438190104,-1.3644641042632935,0.1,0.15053763440860216,0.15593548387096773,0.09941884373407964,1.711345820099425,922
A0A247D711_LISMN_Stadelmann_2021,A0A247D711_LISMN,Prokaryote,Activity,venusrem,VenusREM,structure_msa,official_zero_shot_paired_complete_case,0.5562673208489662,1.5107728328036516,1.3524470542192426,-0.34885652826277136,0.1,0.18072289156626506,0.1946752272507282,0.5243872699194758,0.037608068275842725,1653
A0A2Z5U3Z0_9INFA_Doud_2016,A0A2Z5U3Z0_9INFA,Virus,OrganismalFitness,venusrem,VenusREM,structure_msa,official_zero_shot_paired_complete_case,0.5572903280092084,1.201642765637026,0.9634733461881285,0.0777626112551697,0.1,0.2490671641791045,-1.134303225222015,0.7462574144850243,0.0,10715
A0A2Z5U3Z0_9INFA_Wu_2014,A0A2Z5U3Z0_9INFA,Virus,OrganismalFitness,venusrem,VenusREM,structure_msa,official_zero_shot_paired_complete_case,0.43818527963359577,2.1772551712062875,1.8155361824323997,-3.857521536164577,0.1,0.19574468085106383,0.6464966367659575,0.2508120643839481,13.955747825645037,2350
A4D664_9INFA_Soh_2019,A4D664_9INFA,Virus,OrganismalFitness,venusrem,VenusREM,structure_msa,official_zero_shot_paired_complete_case,0.3177769984507737,2.4267389237982386,2.279349797255139,-30.427338149680992,0.1,0.167013167013167,0.48113953891202094,0.2528912500886614,21.039226378118737,14421
A4GRB6_PSEAI_Chen_2020,A4GRB6_PSEAI,Prokaryote,OrganismalFitness,venusrem,VenusREM,structure_msa,official_zero_shot_paired_complete_case,0.6602408152096942,1.7399537290196216,1.390582462547983,0.3105699573333003,0.1,0.20958083832335328,-0.6654250279072874,0.6029385445990095,0.2954291760993713,5004
A4_HUMAN_Seuma_2022,A4_HUMAN,Human,Stability,venusrem,VenusREM,structure_msa,official_zero_shot_paired_complete_case,0.43560371874285847,1.4520269893924884,1.1735727754600243,0.22703332633764073,0.1,0.025,-0.7544881938371106,0.1750445816839325,1.053680922601523,796
AACC1_PSEAI_Dandage_2018,AACC1_PSEAI,Prokaryote,OrganismalFitness,venusrem,VenusREM,structure_msa,official_zero_shot_paired_complete_case,0.3598862710792511,2.6332307875303482,2.232496589694758,-1.00097313931983,0.1,0.19337016574585636,1.5547908250574036,0.36409412284352155,0.38243370237042656,1801
ACE2_HUMAN_Chan_2020,ACE2_HUMAN,Human,Binding,venusrem,VenusREM,structure_msa,official_zero_shot_paired_complete_case,0.2526544938884999,1.4790796228869891,1.1862708564189195,-0.7224987741120701,0.1,0.13004484304932734,-0.060397019984304925,0.3066173776339165,0.18208949426958712,2223
ADRB2_HUMAN_Jones_2020,ADRB2_HUMAN,Human,Activity,venusrem,VenusREM,structure_msa,official_zero_shot_paired_complete_case,0.5259954027375717,3.4494965606501156,3.3184728867969255,-20.78323624941058,0.1,0.15512820512820513,2.2864659194614405,0.46700642167302486,1.7865857120990576,7800
AMFR_HUMAN_Tsuboyama_2023_4G3O,AMFR_HUMAN,Human,Stability,venusrem,VenusREM,structure_msa,official_zero_shot_paired_complete_case,0.7121837175727433,0.8539079170844633,0.7086839599250749,0.23633458208234126,0.1,0.21951219512195122,0.09012132950439025,0.8265572422083729,0.1489896801764587,820
AMIE_PSEAE_Wrenbeck_2017,AMIE_PSEAE,Prokaryote,Activity,venusrem,VenusREM,structure_msa,official_zero_shot_paired_complete_case,0.5053121692927987,1.2918928176827993,1.0411323824813743,-10.355242940317426,0.1,0.1781701444622793,-0.17788780096308185,0.3225472800433979,0.0,6227
ANCSZ_Hobbs_2022,ANCSZ,Eukaryote,Activity,venusrem,VenusREM,structure_msa,official_zero_shot_paired_complete_case,0.598312034773939,2.0314868302355915,1.724943554338812,-117.4341184531941,0.1,0.1777301927194861,0.0013428475744658008,0.5960225683368391,0.22813051586152647,4670
ARGR_ECOLI_Tsuboyama_2023_1AOY,ARGR_ECOLI,Prokaryote,Stability,venusrem,VenusREM,structure_msa,official_zero_shot_paired_complete_case,0.5982014581987535,0.9527701923996132,0.7595629254687688,0.2478414011748986,0.1,0.31007751937984496,-0.09991022670115945,0.706915910520705,0.47561326182821057,1287
BBC1_YEAST_Tsuboyama_2023_1TG0,BBC1_YEAST,Eukaryote,Stability,venusrem,VenusREM,structure_msa,official_zero_shot_paired_complete_case,0.5696399796376023,1.020277405357622,0.8189803774608985,0.2300725502713865,0.1,0.26605504587155965,0.04940399118230647,0.7948027602541013,0.24430625780857304,1084
BCHB_CHLTE_Tsuboyama_2023_2KRU,BCHB_CHLTE,Prokaryote,Stability,venusrem,VenusREM,structure_msa,official_zero_shot_paired_complete_case,0.5850265226890903,1.059989398257781,0.8746475027160782,0.23644871203614826,0.1,0.30337078651685395,0.03372960788039453,0.7217765936520382,0.01794377970739179,890
BLAT_ECOLX_Deng_2012,BLAT_ECOLX,Prokaryote,OrganismalFitness,venusrem,VenusREM,structure_msa,official_zero_shot_paired_complete_case,0.49056585038902484,1.8473153883856166,1.473973504239763,-0.4631358775688348,0.1,0.27,-1.6562412504180002,0.6963526417336108,0.8527695097589457,4996
BLAT_ECOLX_Firnberg_2014,BLAT_ECOLX,Prokaryote,OrganismalFitness,venusrem,VenusREM,structure_msa,official_zero_shot_paired_complete_case,0.7627989843721013,2.1639664505310297,2.0155674078331813,-22.24142308707013,0.1,0.2839248434237996,0.9134461377870564,0.8995884771923294,2.8656497260758442,4783
BLAT_ECOLX_Jacquier_2013,BLAT_ECOLX,Prokaryote,OrganismalFitness,venusrem,VenusREM,structure_msa,official_zero_shot_paired_complete_case,0.6689770568438173,1.4312797664379304,1.0782658315603972,0.46212602979047124,0.1,0.21212121212121213,-0.48781924492929285,0.548415213217072,0.0,989
BLAT_ECOLX_Stiffler_2015,BLAT_ECOLX,Prokaryote,OrganismalFitness,venusrem,VenusREM,structure_msa,official_zero_shot_paired_complete_case,0.7556575828853845,0.8334194321425339,0.6849379176474651,0.47619112831483834,0.1,0.278,-0.29986384803199995,0.8299549740512924,0.1552506787869548,4996
BRCA1_HUMAN_Findlay_2018,BRCA1_HUMAN,Human,OrganismalFitness,venusrem,VenusREM,structure_msa,official_zero_shot_paired_complete_case,0.543277678416605,1.1737540316820607,1.0054075504626483,-0.7226695621158801,0.1,0.19021739130434784,-0.10151377858152175,0.5599730832472282,0.0,1837
C6KNH7_9INFA_Lee_2018,C6KNH7_9INFA,Virus,OrganismalFitness,venusrem,VenusREM,structure_msa,official_zero_shot_paired_complete_case,0.5046863374192042,1.0047230027904894,0.8016278250439486,0.0014186281362286168,0.1,0.21189591078066913,-0.9942145812711769,0.571814959230708,0.0,10754
CALM1_HUMAN_Weile_2017,CALM1_HUMAN,Human,OrganismalFitness,venusrem,VenusREM,structure_msa,official_zero_shot_paired_complete_case,0.20241663423255069,2.760702621340123,2.556476338085186,-56.230895371374096,0.1,0.07142857142857142,0.8569394917362636,0.3149836435463612,0.21894213532279164,1813
CAPSD_AAV2S_Sinai_2021,CAPSD_AAV2S,Virus,OrganismalFitness,venusrem,VenusREM,structure_msa,official_zero_shot_paired_complete_case,0.5376177748406378,1.9076257915950432,1.555134299004688,0.21913778317922739,0.1,0.3148148148148148,0.7590541675013197,0.7443807958778691,0.0,532
CAR11_HUMAN_Meitlis_2020_gof,CAR11_HUMAN,Human,OrganismalFitness,venusrem,VenusREM,structure_msa,official_zero_shot_paired_complete_case,0.3701361942031422,1.7910730865231126,1.5020052564771358,-7.068484342133971,0.1,0.058823529411764705,-0.24270201011974787,0.16596523025704435,7.035248535958741,2374
CAR11_HUMAN_Meitlis_2020_lof,CAR11_HUMAN,Human,OrganismalFitness,venusrem,VenusREM,structure_msa,official_zero_shot_paired_complete_case,0.4950285172329055,1.459625964655592,1.233778340589702,-3.2251673989373177,0.1,0.07916666666666666,-0.36261925224027775,0.411767374491837,1.5832135849593145,2395
CAS9_STRP1_Spencer_2017_positive,CAS9_STRP1,Prokaryote,Activity,venusrem,VenusREM,structure_msa,official_zero_shot_paired_complete_case,0.1818408841538079,1.3979243116847881,1.1047977935659221,-4.1521327173312015,0.1,0.1022167487684729,-0.20513243399256328,0.07596774494457927,1.88673148566506,8117
CASP3_HUMAN_Roychowdhury_2020,CASP3_HUMAN,Human,Activity,venusrem,VenusREM,structure_msa,official_zero_shot_paired_complete_case,0.5554543976413489,1.385529327117314,1.1846989225080105,-3.167129816215218,0.1,0.2229299363057325,0.41670461457137437,0.6890369396573384,0.67030275775636,1567
CASP7_HUMAN_Roychowdhury_2020,CASP7_HUMAN,Human,Activity,venusrem,VenusREM,structure_msa,official_zero_shot_paired_complete_case,0.5384840166114004,1.149398623987975,0.9226219324918405,-1.0268422542996305,0.1,0.1488095238095238,0.03650483212897739,0.5119183493968018,3.6667474918774854,1680
CATR_CHLRE_Tsuboyama_2023_2AMI,CATR_CHLRE,Eukaryote,Stability,venusrem,VenusREM,structure_msa,official_zero_shot_paired_complete_case,0.5234784022058311,1.6535509728040068,1.400415920803667,-3.0851172601417653,0.1,0.17164179104477612,0.08900482973564598,0.6190566136628806,0.00934513196012491,1340
CBPA2_HUMAN_Tsuboyama_2023_1O6X,CBPA2_HUMAN,Human,Stability,venusrem,VenusREM,structure_msa,official_zero_shot_paired_complete_case,0.7113690098936175,0.7945301278566973,0.6724414745714586,0.5296391232172838,0.1,0.21323529411764705,0.002700304335553353,0.7000004193251486,0.0,1357
CBS_HUMAN_Sun_2020,CBS_HUMAN,Human,OrganismalFitness,venusrem,VenusREM,structure_msa,official_zero_shot_paired_complete_case,0.32789797697175377,2.2107396452360857,1.9733694746830919,-21.146940125155464,0.1,0.12880886426592797,0.5948176382126319,0.2953706137414954,1.1042190095313893,7217
CBX4_HUMAN_Tsuboyama_2023_2K28,CBX4_HUMAN,Human,Stability,venusrem,VenusREM,structure_msa,official_zero_shot_paired_complete_case,0.7256371197433938,0.9703958567165313,0.8010536422418826,-0.011838884241599734,0.1,0.33695652173913043,0.09573995702715785,0.9116336078405068,0.5554768081477206,917
CCDB_ECOLI_Adkar_2012,CCDB_ECOLI,Prokaryote,Activity,venusrem,VenusREM,structure_msa,official_zero_shot_paired_complete_case,0.40558381581572517,34.772308399543554,25.873356464160544,-1.1573048073196976,0.1,0.16101694915254236,-20.60169491525424,0.27220294772286013,0.0,1176
CCR5_HUMAN_Gill_2023,CCR5_HUMAN,Human,Binding,venusrem,VenusREM,structure_msa,official_zero_shot_paired_complete_case,0.3636922999447772,1.575935464182549,1.3080879722662762,-7.912728783345429,0.1,0.16612377850162866,0.08445439739413681,0.4133555696391968,5.9862382736984205,6137
CD19_HUMAN_Klesmith_2019_FMC_singles,CD19_HUMAN,Human,Binding,venusrem,VenusREM,structure_msa,official_zero_shot_paired_complete_case,0.2914346588786572,2.9449256209444754,2.214244512682611,0.057734321346571305,0.1,0.21220159151193635,-0.2952322910864136,0.44120571088571475,0.6893704568467434,3761
CP2C9_HUMAN_Amorosi_2021_abundance,CP2C9_HUMAN,Human,Expression,venusrem,VenusREM,structure_msa,official_zero_shot_paired_complete_case,0.6338782077024885,2.3334092847261885,2.1608286530776906,-49.8112383318508,0.1,0.2260596546310832,0.9056286460502355,0.6691795493927556,0.45421501338448794,6370
CP2C9_HUMAN_Amorosi_2021_activity,CP2C9_HUMAN,Human,Binding,venusrem,VenusREM,structure_msa,official_zero_shot_paired_complete_case,0.6605471002663309,2.1658456602855676,1.9862491098328876,-34.241764765334885,0.1,0.28292682926829266,0.8357270150048781,0.8088458890279107,0.07008730052622068,6142
CSN4_MOUSE_Tsuboyama_2023_1UFM,CSN4_MOUSE,Eukaryote,Stability,venusrem,VenusREM,structure_msa,official_zero_shot_paired_complete_case,0.7189717094065148,0.8252626632312003,0.6771463938586603,0.408307206829187,0.1,0.3161764705882353,0.10123487736823218,0.864272639007815,0.07987760568349063,1353
CUE1_YEAST_Tsuboyama_2023_2MYX,CUE1_YEAST,Eukaryote,Stability,venusrem,VenusREM,structure_msa,official_zero_shot_paired_complete_case,0.6888331817115311,0.781288924738529,0.6283917002722019,0.438558725836242,0.1,0.34375,-0.15850480633037012,0.9130765341182608,0.0,955
D7PM05_CLYGR_Somermeyer_2022,D7PM05_CLYGR,Eukaryote,Activity,venusrem,VenusREM,structure_msa,official_zero_shot_paired_complete_case,0.48641078170925084,24489.161476645408,21773.335937987744,-3.7729544271373205,0.1,0.1452991452991453,22777.33351769832,0.08965073325539999,0.0,1169
DLG4_HUMAN_Faure_2021,DLG4_HUMAN,Human,OrganismalFitness,venusrem,VenusREM,structure_msa,official_zero_shot_paired_complete_case,0.6809841822044975,1.9635934417895178,1.7497149048404925,-24.38096382663855,0.1,0.3046875,-0.038683126742664185,0.8375516623278856,0.0,1280
DLG4_RAT_McLaughlin_2012,DLG4_RAT,Eukaryote,Binding,venusrem,VenusREM,structure_msa,official_zero_shot_paired_complete_case,0.5444431540646852,2.150616108616282,1.9373510966825094,-27.068818886145348,0.1,0.10759493670886076,0.005922250443037976,0.43764404333828544,0.2682730547215164,1576
DN7A_SACS2_Tsuboyama_2023_1JIC,DN7A_SACS2,Prokaryote,Stability,venusrem,VenusREM,structure_msa,official_zero_shot_paired_complete_case,0.6735036536682694,0.9035482150074665,0.7688708314993957,0.358075784965736,0.1,0.38613861386138615,-0.0920854777590684,0.6736607169239056,0.08504765207614542,1008
DNJA1_HUMAN_Tsuboyama_2023_2LO1,DNJA1_HUMAN,Human,Stability,venusrem,VenusREM,structure_msa,official_zero_shot_paired_complete_case,0.6420321704166073,1.2439187695907623,0.9841532944375484,-0.05549480224180714,0.1,0.21311475409836064,-0.030446677525573233,0.8126579600618339,0.03947149688627292,1216
DOCK1_MOUSE_Tsuboyama_2023_2M0Y,DOCK1_MOUSE,Eukaryote,Stability,venusrem,VenusREM,structure_msa,official_zero_shot_paired_complete_case,0.7072529612598958,1.0959952158635258,0.8606668161406021,-0.2599245534239194,0.1,0.3524590163934426,0.26224848482551083,0.9538666824093991,0.0,1213
DYR_ECOLI_Nguyen_2023,DYR_ECOLI,Prokaryote,OrganismalFitness,venusrem,VenusREM,structure_msa,official_zero_shot_paired_complete_case,0.48517410724625243,2.451724504539032,2.2747000656631586,-72.49683518358195,0.1,0.19863013698630136,0.9713013698630137,0.3761325414371648,0.41960813326492236,2916
DYR_ECOLI_Thompson_2019,DYR_ECOLI,Prokaryote,OrganismalFitness,venusrem,VenusREM,structure_msa,official_zero_shot_paired_complete_case,0.4768290852791178,1.1896764234596773,1.0057632310502629,-1.5714618312666935,0.1,0.17721518987341772,-0.15651255696202532,0.3157737837296655,0.8118022557129415,2363
ENVZ_ECOLI_Ghose_2023,ENVZ_ECOLI,Prokaryote,Activity,venusrem,VenusREM,structure_msa,official_zero_shot_paired_complete_case,0.24633660234768548,4.662949707640265,4.52920825197472,-16.089284697792756,0.1,0.11504424778761062,3.272925062930684,0.1456053289403012,0.0,1121
ENV_HV1BR_Haddox_2016,ENV_HV1BR,Virus,OrganismalFitness,venusrem,VenusREM,structure_msa,official_zero_shot_paired_complete_case,0.3229147528200317,1.9324502207611673,1.7263990657266042,-811.8154311398491,0.1,0.1522921522921523,0.0579261037352937,0.23733076084769852,0.325931260613953,12863
EPHB2_HUMAN_Tsuboyama_2023_1F0M,EPHB2_HUMAN,Human,Stability,venusrem,VenusREM,structure_msa,official_zero_shot_paired_complete_case,0.7531889739089572,0.8251873657493672,0.6801900415790704,0.5885267184341996,0.1,0.3225806451612903,0.052367634369673885,0.8465181854001458,0.0,1239
ESTA_BACSU_Nutschel_2020,ESTA_BACSU,Prokaryote,Stability,venusrem,VenusREM,structure_msa,official_zero_shot_paired_complete_case,0.3421845288342145,47.209708757692994,47.15220106850671,-371.013339377978,0.1,0.22018348623853212,47.38857798165137,0.5377020753226017,0.0,2172
FECA_ECOLI_Tsuboyama_2023_2D1U,FECA_ECOLI,Prokaryote,Stability,venusrem,VenusREM,structure_msa,official_zero_shot_paired_complete_case,0.665578175959963,0.8913702674960489,0.7149087255841582,0.0028108595356645116,0.1,0.22131147540983606,0.028457130219659094,0.7695769997262148,1.9139689180874204,1219
FKBP3_HUMAN_Tsuboyama_2023_2KFV,FKBP3_HUMAN,Human,Stability,venusrem,VenusREM,structure_msa,official_zero_shot_paired_complete_case,0.5737945949257698,1.1283647716277723,0.9759331125633701,-0.8179720320167219,0.1,0.1935483870967742,0.15912247069467106,0.7004016429020414,1.0840553869545528,1237
GAL4_YEAST_Kitzman_2015,GAL4_YEAST,Eukaryote,OrganismalFitness,venusrem,VenusREM,structure_msa,official_zero_shot_paired_complete_case,0.5761699254735542,5.853504912979282,4.324755941554592,-0.22351275200366905,0.1,0.19166666666666668,-1.05275,0.7297507256770644,0.15873311863011527,1195
GDIA_HUMAN_Silverstein_2021,GDIA_HUMAN,Human,OrganismalFitness,venusrem,VenusREM,structure_msa,official_zero_shot_paired_complete_case,0.4358217309969541,2.382826558575457,2.2601544859622122,-75.12143504920022,0.1,0.1206896551724138,0.8624646644310345,0.4881936954792619,0.00125787754046669,1154
GFP_AEQVI_Sarkisyan_2016,GFP_AEQVI,Eukaryote,Activity,venusrem,VenusREM,structure_msa,official_zero_shot_paired_complete_case,0.4979123172392605,4.9694745374309,4.929736566532685,-62.85363132965922,0.1,0.2018348623853211,3.6123809388364907,0.28888592621938725,0.2528349949452262,1084
GRB2_HUMAN_Faure_2021,GRB2_HUMAN,Human,OrganismalFitness,venusrem,VenusREM,structure_msa,official_zero_shot_paired_complete_case,0.7853986554051836,1.3907681516138266,1.1684680050808194,-8.519747315686617,0.1,0.3269230769230769,0.013538947849539155,0.9796136621831358,0.0,1034
HCP_LAMBD_Tsuboyama_2023_2L6Q,HCP_LAMBD,Virus,Stability,venusrem,VenusREM,structure_msa,official_zero_shot_paired_complete_case,0.7324018563114568,0.9105261242158535,0.7898724915062844,0.1380407067372421,0.1,0.38461538461538464,0.10938582301447658,0.8518294623060279,0.24073915089941425,1040
HECD1_HUMAN_Tsuboyama_2023_3DKM,HECD1_HUMAN,Human,Stability,venusrem,VenusREM,structure_msa,official_zero_shot_paired_complete_case,0.6822914071716814,0.8885359033124226,0.7369233698778946,0.23341049569295924,0.1,0.28,-0.026387842653799058,0.8868055885953072,0.0,1244
HEM3_HUMAN_Loggerenberg_2023,HEM3_HUMAN,Human,Activity,venusrem,VenusREM,structure_msa,official_zero_shot_paired_complete_case,0.42362131361924804,2.357145702201506,2.1477956807504537,-28.160954686347946,0.1,0.1634446397188049,0.7673467477240773,0.4447830809396167,0.6143511232294758,5689
HMDH_HUMAN_Jiang_2019,HMDH_HUMAN,Human,OrganismalFitness,venusrem,VenusREM,structure_msa,official_zero_shot_paired_complete_case,0.3882950650984642,2.1920247523416188,2.013066323078984,-67.91144693276716,0.1,0.12040332147093713,0.5341332740213524,0.20535007640253589,0.0,16853
HSP82_YEAST_Cote-Hammarlof_2020_growth-H2O2,HSP82_YEAST,Eukaryote,OrganismalFitness,venusrem,VenusREM,structure_msa,official_zero_shot_paired_complete_case,0.269881015219822,1.877109595002781,1.5744739153244793,-13053.247230774734,0.1,0.11946902654867257,-0.006023571006637161,0.15388909964532857,0.18875586182129367,2252
HSP82_YEAST_Flynn_2019,HSP82_YEAST,Eukaryote,OrganismalFitness,venusrem,VenusREM,structure_msa,official_zero_shot_paired_complete_case,0.37100203587126424,1.5949833509535754,1.3540021928276893,-17.469955900485687,0.1,0.11654135338345864,-0.06572628942018378,0.31396336871286434,1.0558093171988119,13294
HSP82_YEAST_Mishra_2016,HSP82_YEAST,Eukaryote,OrganismalFitness,venusrem,VenusREM,structure_msa,official_zero_shot_paired_complete_case,0.46587228802004416,1.8411285982191756,1.580957227883778,-25.720004763239785,0.1,0.13625866050808313,-0.03655762943187067,0.4307057678574231,1.0914728685395259,4323
HXK4_HUMAN_Gersing_2022_activity,HXK4_HUMAN,Human,OrganismalFitness,venusrem,VenusREM,structure_msa,official_zero_shot_paired_complete_case,0.5074059033941518,2.4980883942456527,2.273216474084128,-9.691981076604547,0.1,0.1423570595099183,1.0107868209824973,0.4619494491541707,1.2335850511328594,8570
HXK4_HUMAN_Gersing_2023_abundance,HXK4_HUMAN,Human,Expression,venusrem,VenusREM,structure_msa,official_zero_shot_paired_complete_case,0.39885576634499537,2.5234571058682778,2.3081804320552903,-49.469424330347096,0.1,0.15476190476190477,0.8628837611932684,0.47752805377815805,0.4926593630931032,8396
I6TAH8_I68A0_Doud_2015,I6TAH8_I68A0,Virus,OrganismalFitness,venusrem,VenusREM,structure_msa,official_zero_shot_paired_complete_case,0.29675864753109804,1.229248170075521,0.9867723745420046,-0.28369779772262094,0.1,0.19957761351636746,-1.7754272401887794,0.3491873003655455,0.4240155095273832,9462
IF1_ECOLI_Kelsic_2016,IF1_ECOLI,Prokaryote,OrganismalFitness,venusrem,VenusREM,structure_msa,official_zero_shot_paired_complete_case,0.4233235668756226,2.265581248526251,2.1075712343890696,-61.88632634681797,0.1,0.11678832116788321,0.9005419707956206,0.37808590692476296,0.22926606183510603,1367
ILF3_HUMAN_Tsuboyama_2023_2L33,ILF3_HUMAN,Human,Stability,venusrem,VenusREM,structure_msa,official_zero_shot_paired_complete_case,0.5191680195211846,1.3965777010444946,1.2129397997687457,-1.9364177543345757,0.1,0.09774436090225563,-0.011866320219006401,0.38724504879714533,1.0258599316761436,1329
ISDH_STAAW_Tsuboyama_2023_2LHR,ISDH_STAAW,Prokaryote,Stability,venusrem,VenusREM,structure_msa,official_zero_shot_paired_complete_case,0.6241609454447578,0.7290947112989659,0.6172219017697969,0.1672661988227272,0.1,0.40425531914893614,0.003651911658963779,0.8749349378843541,0.19384176593913377,940
KCNE1_HUMAN_Muhammad_2023_expression,KCNE1_HUMAN,Human,Expression,venusrem,VenusREM,structure_msa,official_zero_shot_paired_complete_case,0.2580080484413599,2.241878347163826,2.138749271175795,-34.25351038716581,0.1,0.09401709401709402,1.0438676574529913,0.21882982556828273,0.015499840350186393,2339
KCNE1_HUMAN_Muhammad_2023_function,KCNE1_HUMAN,Human,Activity,venusrem,VenusREM,structure_msa,official_zero_shot_paired_complete_case,0.4754091068439224,2.0294143733675516,1.9389797692792874,-25.028069385639995,0.1,0.19827586206896552,1.0126844977370688,0.6306046275530646,0.4551907675034596,2315
KCNJ2_MOUSE_Coyote-Maestas_2022_function,KCNJ2_MOUSE,Eukaryote,Activity,venusrem,VenusREM,structure_msa,official_zero_shot_paired_complete_case,0.2972815849739016,1.6982675993389533,1.4347804949368141,-6.8660756293094725,0.1,0.133428981348637,0.1639899154318508,0.26220015834301763,0.1239102813386047,6963
KCNJ2_MOUSE_Coyote-Maestas_2022_surface,KCNJ2_MOUSE,Eukaryote,Expression,venusrem,VenusREM,structure_msa,official_zero_shot_paired_complete_case,0.3857446103737058,1.9480456223374198,1.5952450877399973,0.18346189856450046,0.1,0.13872832369942195,0.032785462356936426,0.3673391858511532,0.7773339333320723,6917
KKA2_KLEPN_Melnikov_2014,KKA2_KLEPN,Prokaryote,OrganismalFitness,venusrem,VenusREM,structure_msa,official_zero_shot_paired_complete_case,0.5402991981807492,2.6510423450554,2.488639496348443,-6.479604122233681,0.1,0.19959677419354838,1.7193723790322581,0.5830194588781201,0.27580544117205485,4960
LGK_LIPST_Klesmith_2015,LGK_LIPST,Eukaryote,Activity,venusrem,VenusREM,structure_msa,official_zero_shot_paired_complete_case,0.4738077479144286,1.2278495773661795,0.9514934772722561,-4.850094588350128,0.1,0.20405576679340937,-0.47013738910012676,0.3983749668823118,0.2200338268376218,7890
MAFG_MOUSE_Tsuboyama_2023_1K1V,MAFG_MOUSE,Eukaryote,Stability,venusrem,VenusREM,structure_msa,official_zero_shot_paired_complete_case,0.6181383546540944,1.4774972259854917,1.3465495985362061,-3.2481974056388507,0.1,0.18181818181818182,0.05617195982729941,0.7601260032948405,0.5990174587874293,762
MBD11_ARATH_Tsuboyama_2023_6ACV,MBD11_ARATH,Eukaryote,Stability,venusrem,VenusREM,structure_msa,official_zero_shot_paired_complete_case,0.6368670405353404,0.8746189149555472,0.736979369155672,0.3509815324784368,0.1,0.2413793103448276,-0.07833930788348216,0.6347308911094536,0.0,1155
MET_HUMAN_Estevam_2023,MET_HUMAN,Human,Activity,venusrem,VenusREM,structure_msa,official_zero_shot_paired_complete_case,0.5849467545654968,2.467701515198101,1.8505639660539528,0.32850373147284506,0.1,0.16111111111111112,-0.47118117267222515,0.6215306366958908,0.001963292174602817,5393
MK01_HUMAN_Brenan_2016,MK01_HUMAN,Human,OrganismalFitness,venusrem,VenusREM,structure_msa,official_zero_shot_paired_complete_case,0.22618293290705413,6.661391714274176,6.5020918784804405,-33.08913334496225,0.1,0.07342143906020558,-8.225536113800294,-0.057924598375002447,0.0,6809
MLAC_ECOLI_MacRae_2023,MLAC_ECOLI,Prokaryote,OrganismalFitness,venusrem,VenusREM,structure_msa,official_zero_shot_paired_complete_case,0.35425175146223065,1.2448281605941485,1.0841019476727909,-13.537969839909323,0.1,0.1172069825436409,-0.1121914617880299,0.3546820251064726,0.28656322536314255,4007
MSH2_HUMAN_Jia_2020,MSH2_HUMAN,Human,OrganismalFitness,venusrem,VenusREM,structure_msa,official_zero_shot_paired_complete_case,0.3796092357525349,4.492895095293625,4.188579128980138,-3.787537629659977,0.1,0.1271641791044776,3.5750805970149253,0.34764131440641827,0.25811051152018577,16749
MTH3_HAEAE_RockahShmuel_2015,MTH3_HAEAE,Prokaryote,OrganismalFitness,venusrem,VenusREM,structure_msa,official_zero_shot_paired_complete_case,0.5503720638768654,1.898288386659613,1.7211891485105826,-25.814893415231364,0.1,0.16292134831460675,0.5959550561797752,0.449267450622702,0.0,1777
MTHR_HUMAN_Weile_2021,MTHR_HUMAN,Human,OrganismalFitness,venusrem,VenusREM,structure_msa,official_zero_shot_paired_complete_case,0.3766893420818688,2.3149693919573453,2.1630997516209876,-67.18677681769137,0.1,0.11948676824378508,0.7620557337610264,0.3829751334154645,0.005350521170165614,12464
MYO3_YEAST_Tsuboyama_2023_2BTT,MYO3_YEAST,Eukaryote,Stability,venusrem,VenusREM,structure_msa,official_zero_shot_paired_complete_case,0.632064884315224,0.8537395057329502,0.6830036983557547,0.3290994911607831,0.1,0.4,0.11788886640384666,1.0368167868586913,0.09995165699270563,947
NCAP_I34A1_Doud_2015,NCAP_I34A1,Virus,OrganismalFitness,venusrem,VenusREM,structure_msa,official_zero_shot_paired_complete_case,0.307921968763517,1.5396112631291683,1.2517970748899687,-0.577963468982222,0.1,0.2016895459345301,-2.2512869824480446,0.40379029050201193,0.07460156896117073,9462
NKX31_HUMAN_Tsuboyama_2023_2L9R,NKX31_HUMAN,Human,Stability,venusrem,VenusREM,structure_msa,official_zero_shot_paired_complete_case,0.6438238450302055,1.6382319962286531,1.3732081408882058,-9.019874549414583,0.1,0.3217391304347826,0.08802792939062463,0.848700613066651,2.679452959368168,1149
NPC1_HUMAN_Erwood_2022_HEK293T,NPC1_HUMAN,Human,Activity,venusrem,VenusREM,structure_msa,official_zero_shot_paired_complete_case,0.7106592635916923,2.2867058557960713,2.0944505690540365,-32.57353884072693,0.1,0.34375,0.7922942701796876,0.7059945771930323,0.0,637
NUD15_HUMAN_Suiter_2020,NUD15_HUMAN,Human,Expression,venusrem,VenusREM,structure_msa,official_zero_shot_paired_complete_case,0.6580092387516272,2.123452030318208,1.9604159522220976,-31.47330989750578,0.1,0.17543859649122806,0.7419825738810579,0.5808093470896499,0.11213577721992882,2844
NUSA_ECOLI_Tsuboyama_2023_1WCL,NUSA_ECOLI,Prokaryote,Stability,venusrem,VenusREM,structure_msa,official_zero_shot_paired_complete_case,0.7064697577008624,0.801322545144647,0.653969568473302,0.4357556176406949,0.1,0.22137404580152673,-0.11561504736081554,0.7208198252935938,0.5446589705875334,1306
NUSG_MYCTU_Tsuboyama_2023_2MI6,NUSG_MYCTU,Prokaryote,Stability,venusrem,VenusREM,structure_msa,official_zero_shot_paired_complete_case,0.7149186036212233,0.916616614583231,0.745247735615846,0.5941888438417455,0.1,0.17647058823529413,-0.0772932398123164,0.7790976615083023,0.08583263996688659,1019
OBSCN_HUMAN_Tsuboyama_2023_1V1C,OBSCN_HUMAN,Human,Stability,venusrem,VenusREM,structure_msa,official_zero_shot_paired_complete_case,0.7083132730385295,0.866401909554821,0.6834563533759783,0.4986628044944448,0.1,0.4098360655737705,-0.02966111556875375,0.8130625485977898,0.0,1213
ODP2_GEOSE_Tsuboyama_2023_1W4G,ODP2_GEOSE,Prokaryote,Stability,venusrem,VenusREM,structure_msa,official_zero_shot_paired_complete_case,0.6084242331213352,0.857573910518294,0.6978517143555965,-0.18824204574179482,0.1,0.373134328358209,-0.1155046062589342,0.8344840445884163,0.0,669
OTC_HUMAN_Lo_2023,OTC_HUMAN,Human,Activity,venusrem,VenusREM,structure_msa,official_zero_shot_paired_complete_case,0.6462867611936226,1.9020020545069434,1.7483027678720513,-22.52912410376373,0.1,0.3821656050955414,0.7936114649681529,0.8532097833369732,0.06375759213470306,1570
OTU7A_HUMAN_Tsuboyama_2023_2L2D,OTU7A_HUMAN,Human,Stability,venusrem,VenusREM,structure_msa,official_zero_shot_paired_complete_case,0.7197079570160567,0.7509235288526964,0.6047320605933011,0.21245036869672862,0.1,0.328125,0.1738236070098571,0.9633331431155007,0.0,635
OXDA_RHOTO_Vanella_2023_activity,OXDA_RHOTO,Eukaryote,Activity,venusrem,VenusREM,structure_msa,official_zero_shot_paired_complete_case,0.3530299072042365,1.606234806389796,1.3098036794960288,-371.7383179202511,0.1,0.1578125,-0.05996024344853642,0.33361826064988664,0.07702593876929012,6396
OXDA_RHOTO_Vanella_2023_expression,OXDA_RHOTO,Eukaryote,Expression,venusrem,VenusREM,structure_msa,official_zero_shot_paired_complete_case,0.3985874399040344,1.6292373288894735,1.3413784696580708,-138.8001033255847,0.1,0.14771048744460857,-0.027569185463990408,0.3668083449245176,0.20565289403468132,6769
P53_HUMAN_Giacomelli_2018_Null_Etoposide,P53_HUMAN,Human,OrganismalFitness,venusrem,VenusREM,structure_msa,official_zero_shot_paired_complete_case,0.4714178548444373,1.574637760678202,1.391669901064677,-1.5903052797814907,0.1,0.09504685408299866,0.36537854286096416,0.32569035103908867,0.9335154620923583,7467
P53_HUMAN_Giacomelli_2018_Null_Nutlin,P53_HUMAN,Human,OrganismalFitness,venusrem,VenusREM,structure_msa,official_zero_shot_paired_complete_case,0.4563190175283852,1.6426938880408368,1.371128267443916,-1.7534338739331212,0.1,0.10040160642570281,0.2677823166149439,0.24212473983237034,2.210073714416849,7467
P53_HUMAN_Giacomelli_2018_WT_Nutlin,P53_HUMAN,Human,OrganismalFitness,venusrem,VenusREM,structure_msa,official_zero_shot_paired_complete_case,0.47074519320535296,1.5593724448989748,1.3325163877938357,-1.2688738806112743,0.1,0.06157965194109773,0.20642621176873185,0.21857764363626833,1.4713132753148852,7467
P53_HUMAN_Kotler_2018,P53_HUMAN,Human,OrganismalFitness,venusrem,VenusREM,structure_msa,official_zero_shot_paired_complete_case,0.6448144049682532,3.1932205379243763,3.0510335591776467,-6.29650768796252,0.1,0.19047619047619047,2.197646806497635,0.7597248981484787,0.13658686700252623,1048
P84126_THETH_Chan_2017,P84126_THETH,Prokaryote,OrganismalFitness,venusrem,VenusREM,structure_msa,official_zero_shot_paired_complete_case,0.6886756055839391,2.087564590084471,1.9123130732227327,-10.859360575147676,0.1,0.40131578947368424,0.17940402136842107,1.0620812047960213,0.017354440812570444,1519
PABP_YEAST_Melamed_2013,PABP_YEAST,Eukaryote,OrganismalFitness,venusrem,VenusREM,structure_msa,official_zero_shot_paired_complete_case,0.6702984692050868,2.779323431276779,2.6057777182350805,-57.238473579560456,0.1,0.24369747899159663,0.9531922319243697,0.8097882459041089,0.0,1187
PAI1_HUMAN_Huttinger_2021,PAI1_HUMAN,Human,Activity,venusrem,VenusREM,structure_msa,official_zero_shot_paired_complete_case,0.4594609926646995,1.585048780008929,1.2851937511661211,-0.6987984798802369,0.1,0.25794392523364484,0.5399125381738318,0.6336576222551156,0.0,5345
PA_I34A1_Wu_2015,PA_I34A1,Virus,OrganismalFitness,venusrem,VenusREM,structure_msa,official_zero_shot_paired_complete_case,0.3210550157593741,2.192492177239012,2.0694129296176227,-18.27986820036851,0.1,0.17032967032967034,0.6262256350467033,0.3565236801454252,8.444298653179088,1820
PHOT_CHLRE_Chen_2023,PHOT_CHLRE,Eukaryote,Activity,venusrem,VenusREM,structure_msa,official_zero_shot_paired_complete_case,0.6267137958400789,2.5480000981764106,2.4663103080364825,-51.19856332701045,0.1,0.215962441314554,1.2520754167570967,0.5440151528610128,0.304293502984966,2122
PIN1_HUMAN_Tsuboyama_2023_1I6C,PIN1_HUMAN,Human,Stability,venusrem,VenusREM,structure_msa,official_zero_shot_paired_complete_case,0.7570201262176097,1.0581901753290504,0.896096155039798,-0.785785755538406,0.1,0.36231884057971014,0.03889242008648763,0.9426892505492472,0.3143905798546123,686
PITX2_HUMAN_Tsuboyama_2023_2L7M,PITX2_HUMAN,Human,Stability,venusrem,VenusREM,structure_msa,official_zero_shot_paired_complete_case,0.6690610922063442,1.3694218311367692,1.1333788940860288,-0.8401312921701158,0.1,0.2872340425531915,0.18881349727767796,0.9090201052765963,0.0,938
PKN1_HUMAN_Tsuboyama_2023_1URF,PKN1_HUMAN,Human,Stability,venusrem,VenusREM,structure_msa,official_zero_shot_paired_complete_case,0.5745144315405404,0.9728180411250502,0.8556822852346767,-0.5082219184270353,0.1,0.22900763358778625,0.1873783028152619,0.6346064094417649,0.2752833411664747,1301
POLG_CXB3N_Mattenberger_2021,POLG_CXB3N,Virus,OrganismalFitness,venusrem,VenusREM,structure_msa,official_zero_shot_paired_complete_case,0.35433707453389623,1.6162829403417915,1.3558044996489194,-1.3256210177381944,0.1,0.2480916030534351,-1.8649929578916917,0.6537706842298023,0.9744792050787674,15711
POLG_DEN26_Suphatrakul_2023,POLG_DEN26,Virus,OrganismalFitness,venusrem,VenusREM,structure_msa,official_zero_shot_paired_complete_case,0.4881625275386489,3.4950551515313206,2.921953092008498,-0.7749726364008189,0.1,0.2603550295857988,-2.8462217018854767,0.5637861329953161,0.4915487458618309,16897
POLG_HCVJF_Qi_2014,POLG_HCVJF,Virus,OrganismalFitness,venusrem,VenusREM,structure_msa,official_zero_shot_paired_complete_case,0.5995486095050971,1.428212481819889,1.108313431505357,-13.190565371383114,0.1,0.37423312883435583,-0.3120444636748466,1.1159075347429548,0.0,1630
POLG_PESV_Tsuboyama_2023_2MXD,POLG_PESV,Virus,Stability,venusrem,VenusREM,structure_msa,official_zero_shot_paired_complete_case,0.7001441232001807,0.771768704046833,0.635488627712521,0.5346055571679889,0.1,0.27,-0.23754966423671417,0.7101721792811663,0.0,995
PPARG_HUMAN_Majithia_2016,PPARG_HUMAN,Human,Activity,venusrem,VenusREM,structure_msa,official_zero_shot_paired_complete_case,0.5384261309564883,2.202184465468766,1.8435319851576137,0.2378903248404346,0.1,0.11586638830897704,0.5294822546972859,0.4117152998795113,0.36153461181182556,9576
PPM1D_HUMAN_Miller_2022,PPM1D_HUMAN,Human,OrganismalFitness,venusrem,VenusREM,structure_msa,official_zero_shot_paired_complete_case,0.5754407147477419,1.8741650585692307,1.6517818691071684,-39.01894025544693,0.1,0.17490494296577946,0.15823693282636248,0.5559246806441291,0.6075715930762854,7889
PR40A_HUMAN_Tsuboyama_2023_1UZC,PR40A_HUMAN,Human,Stability,venusrem,VenusREM,structure_msa,official_zero_shot_paired_complete_case,0.7169811277574203,0.8696110158769332,0.7545180011381636,-0.07834392166735893,0.1,0.17094017094017094,0.007880849777155856,0.6356359637756291,0.4614060760995036,1163
PRKN_HUMAN_Clausen_2023,PRKN_HUMAN,Human,Expression,venusrem,VenusREM,structure_msa,official_zero_shot_paired_complete_case,0.6801710525774752,2.4329290847817444,2.3101806744107956,-37.08201885611894,0.1,0.19406392694063926,0.9555125031461557,0.664701391060214,0.01434372319662936,8756
PSAE_PICP2_Tsuboyama_2023_1PSE,PSAE_PICP2,Prokaryote,Stability,venusrem,VenusREM,structure_msa,official_zero_shot_paired_complete_case,0.6241357448623132,1.3953064658179692,1.236750521406827,-3.3825195791013174,0.1,0.12295081967213115,0.14899940443343335,0.6815888531707373,1.602509025685369,1219
PTEN_HUMAN_Matreyek_2021,PTEN_HUMAN,Human,Expression,venusrem,VenusREM,structure_msa,official_zero_shot_paired_complete_case,0.515784362702075,2.3270173697649916,2.1452687171845732,-54.8498241793674,0.1,0.14734774066797643,0.8759327171138421,0.5108816742671118,0.03884367034038336,5083
PTEN_HUMAN_Mighell_2018,PTEN_HUMAN,Human,Activity,venusrem,VenusREM,structure_msa,official_zero_shot_paired_complete_case,0.5236070950584123,1.1737057364812997,0.960346665897519,0.3175217547890046,0.1,0.16115702479338842,-0.27867458681542684,0.4518719218767907,0.3031324046846511,7260
Q2N0S5_9HIV1_Haddox_2018,Q2N0S5_9HIV1,Virus,OrganismalFitness,venusrem,VenusREM,structure_msa,official_zero_shot_paired_complete_case,0.5910893582336403,1.9959176753188743,1.5952444110835182,0.19511323611694686,0.1,0.21916732128829536,-0.819352635795758,0.7327944275629799,0.06377224806796891,12729
Q53Z42_HUMAN_McShan_2019_binding-TAPBPR,Q53Z42_HUMAN,Human,Binding,venusrem,VenusREM,structure_msa,official_zero_shot_paired_complete_case,0.45370777962405573,1.9242851406892152,1.6899883522656547,-2.241952948966806,0.1,0.23582089552238805,0.8451492537313433,0.693529894863489,0.0,3344
Q53Z42_HUMAN_McShan_2019_expression,Q53Z42_HUMAN,Human,Expression,venusrem,VenusREM,structure_msa,official_zero_shot_paired_complete_case,0.635875329820551,1.600237646058796,1.3429100875734714,0.2522015728931436,0.1,0.3880597014925373,0.6917313432835821,0.9241543291783301,0.0,3344
Q59976_STRSQ_Romero_2015,Q59976_STRSQ,Prokaryote,Activity,venusrem,VenusREM,structure_msa,official_zero_shot_paired_complete_case,0.6023761596903311,0.9862707026670094,0.785840037250805,-0.2491427886357931,0.1,0.23,-0.3785866666666666,0.6400987817950412,0.9802255479611718,2999
Q6WV12_9MAXI_Somermeyer_2022,Q6WV12_9MAXI,Eukaryote,Activity,venusrem,VenusREM,structure_msa,official_zero_shot_paired_complete_case,0.38531198204917816,15189.674965140108,14511.676723721945,-10.456193902652286,0.1,0.1826086956521739,14018.060051016706,-0.10977524053567715,0.4075699525695247,1141
Q837P4_ENTFA_Meier_2023,Q837P4_ENTFA,Prokaryote,Activity,venusrem,VenusREM,structure_msa,official_zero_shot_paired_complete_case,0.6280073044781469,0.9144420956322797,0.7071754054966257,0.4779543737135983,0.1,0.12857142857142856,-0.40290866754285715,0.6132977158459568,0.10285950067222563,697
Q837P5_ENTFA_Meier_2023,Q837P5_ENTFA,Prokaryote,Activity,venusrem,VenusREM,structure_msa,official_zero_shot_paired_complete_case,0.5306661982189198,1.050970819197911,0.8154159163458178,0.3104885763005706,0.1,0.17333333333333334,-0.6772720995044443,0.5384645707441815,0.22830548050957783,747
Q8WTC7_9CNID_Somermeyer_2022,Q8WTC7_9CNID,Eukaryote,Activity,venusrem,VenusREM,structure_msa,official_zero_shot_paired_complete_case,0.3495518525850744,8175.708014680881,7590.27756377223,-6.240767338169915,0.1,0.14049586776859505,7677.6673756022665,0.02907424136740452,1.1980890059192366,1201
R1AB_SARS2_Flynn_2022,R1AB_SARS2,Virus,OrganismalFitness,venusrem,VenusREM,structure_msa,official_zero_shot_paired_complete_case,0.4419458022424532,2.6496869078296243,2.5550483120427914,-39.32066761501143,0.1,0.16404886561954624,0.7307126799782792,0.21392787615838982,0.018502765062847724,5725
RAD_ANTMA_Tsuboyama_2023_2CJJ,RAD_ANTMA,Eukaryote,Stability,venusrem,VenusREM,structure_msa,official_zero_shot_paired_complete_case,0.564436102557334,0.9043368560872471,0.7730363419912086,-0.6905367941533216,0.1,0.3076923076923077,0.2150427982455169,0.7829019383633998,0.5719244986710419,774
RASH_HUMAN_Bandaru_2017,RASH_HUMAN,Human,Activity,venusrem,VenusREM,structure_msa,official_zero_shot_paired_complete_case,0.5889076480187673,1.8041095947156398,1.5601463649137852,-34.32379475552071,0.1,0.18471337579617833,0.0810413041910828,0.6793214859193675,4.366995507178132,3134
RASK_HUMAN_Weng_2022_abundance,RASK_HUMAN,Human,Expression,venusrem,VenusREM,structure_msa,official_zero_shot_paired_complete_case,0.2984368691051672,1.6375665321099266,1.321057000869671,-18.99551076212251,0.1,0.20846905537459284,-0.12413453860516237,0.5668555281576398,0.3674416581808002,3066
RASK_HUMAN_Weng_2022_binding-DARPin_K55,RASK_HUMAN,Human,Binding,venusrem,VenusREM,structure_msa,official_zero_shot_paired_complete_case,0.6039637540199561,1.6403641738292511,1.396370564420565,-21.58023209516607,0.1,0.24271844660194175,-0.017987277354807894,0.6358076929992158,0.00609572175651704,3084
RBP1_HUMAN_Tsuboyama_2023_2KWH,RBP1_HUMAN,Human,Stability,venusrem,VenusREM,structure_msa,official_zero_shot_paired_complete_case,0.6134179848831279,1.0130807347866941,0.8840190456963184,-0.9628324307353269,0.1,0.2653061224489796,0.22661437835973589,0.7507661927840887,0.8317568739928521,975
RCD1_ARATH_Tsuboyama_2023_5OAO,RCD1_ARATH,Eukaryote,Stability,venusrem,VenusREM,structure_msa,official_zero_shot_paired_complete_case,0.5580656881007773,1.0989466792128308,0.9454702613212661,-1.9662419402847506,0.1,0.20202020202020202,0.22582102175191132,0.8101436441705363,0.0,988
RCRO_LAMBD_Tsuboyama_2023_1ORC,RCRO_LAMBD,Virus,Stability,venusrem,VenusREM,structure_msa,official_zero_shot_paired_complete_case,0.6826807312897031,0.9121800733768156,0.7427757963003409,0.5004826591355291,0.1,0.3333333333333333,0.00010537820826757397,0.8186298023856118,0.16966481212972867,1195
RD23A_HUMAN_Tsuboyama_2023_1IFY,RD23A_HUMAN,Human,Stability,venusrem,VenusREM,structure_msa,official_zero_shot_paired_complete_case,0.6747509607998481,0.9335750320258791,0.7578859923259794,0.23292940678837148,0.1,0.3625,-0.03971875932186132,0.8383523795232285,0.19199998422786282,798
RDRP_I33A0_Li_2023,RDRP_I33A0,Virus,OrganismalFitness,venusrem,VenusREM,structure_msa,official_zero_shot_paired_complete_case,0.3205823102173708,1.0213979916885048,0.7933651290133353,-1.5386851495790497,0.1,0.15487094088259784,-1.2245081575134489,0.27451062551145683,0.7348730823953289,12003
REV_HV1H2_Fernandes_2016,REV_HV1H2,Virus,OrganismalFitness,venusrem,VenusREM,structure_msa,official_zero_shot_paired_complete_case,0.3297788209507633,1.4744280048637075,1.3831747082189663,-44.78517742773331,0.1,0.12558139534883722,-0.05318273093818634,0.3100544551311681,1.284588293229033,2147
RFAH_ECOLI_Tsuboyama_2023_2LCL,RFAH_ECOLI,Prokaryote,Stability,venusrem,VenusREM,structure_msa,official_zero_shot_paired_complete_case,0.490269413415963,1.1253549553061384,0.9072624848814842,-1.8229093858306529,0.1,0.31958762886597936,0.357274362359472,0.9411281226201683,0.0,969
RL20_AQUAE_Tsuboyama_2023_1GYZ,RL20_AQUAE,Prokaryote,Stability,venusrem,VenusREM,structure_msa,official_zero_shot_paired_complete_case,0.6113260113101527,1.1115718558447965,0.9804298861514255,-1.3477965392446443,0.1,0.1592920353982301,-0.0012317014747498167,0.541272676394469,0.2286823317256027,1121
RL40A_YEAST_Mavor_2016,RL40A_YEAST,Eukaryote,OrganismalFitness,venusrem,VenusREM,structure_msa,official_zero_shot_paired_complete_case,0.6156384027949435,1.8746401582454415,1.5747424571269872,-97.6452791278157,0.1,0.12698412698412698,-0.018466406103174602,0.6975417020390762,0.984693404322619,1253
RL40A_YEAST_Roscoe_2013,RL40A_YEAST,Eukaryote,OrganismalFitness,venusrem,VenusREM,structure_msa,official_zero_shot_paired_complete_case,0.7103924416304949,1.6129209331932495,1.3696006141228432,-20.79653914315703,0.1,0.18333333333333332,-0.022304766660971084,0.7015820108055677,0.016614722868483135,1195
RL40A_YEAST_Roscoe_2014,RL40A_YEAST,Eukaryote,Activity,venusrem,VenusREM,structure_msa,official_zero_shot_paired_complete_case,0.7046948213286599,2.6989220089455843,2.54619828149839,-37.2019196128684,0.1,0.18115942028985507,0.9999833589637681,0.6421830064276476,0.5368448131499876,1380
RNC_ECOLI_Weeks_2023,RNC_ECOLI,Prokaryote,Activity,venusrem,VenusREM,structure_msa,official_zero_shot_paired_complete_case,0.5787580992145154,1.533255568905622,1.2957326378981193,-5.000948295063955,0.1,0.14485981308411214,-0.018335720425233643,0.5713790975167464,0.30144460634067227,4277
RPC1_BP434_Tsuboyama_2023_1R69,RPC1_BP434,Virus,Stability,venusrem,VenusREM,structure_msa,official_zero_shot_paired_complete_case,0.7270551490510612,0.9089707496770137,0.723311735742847,0.4535520797430769,0.1,0.2831858407079646,-0.05270270928371198,0.8754634005037079,0.17790219277013034,1124
RS15_GEOSE_Tsuboyama_2023_1A32,RS15_GEOSE,Prokaryote,Stability,venusrem,VenusREM,structure_msa,official_zero_shot_paired_complete_case,0.618524051387203,1.4445916683685078,1.3155490223068684,-3.8321471614101927,0.1,0.15,0.16376143752888642,0.7122011947983103,0.35680703853806023,1195
S22A1_HUMAN_Yee_2023_abundance,S22A1_HUMAN,Human,Expression,venusrem,VenusREM,structure_msa,official_zero_shot_paired_complete_case,0.6397456463316608,1.1557141907794695,0.9588809021369036,0.2726777690371066,0.1,0.20998980632008155,0.002663270447502534,0.6170453090024658,0.0,9803
S22A1_HUMAN_Yee_2023_activity,S22A1_HUMAN,Human,Activity,venusrem,VenusREM,structure_msa,official_zero_shot_paired_complete_case,0.5793640788992636,1.3796516335712672,1.2071590054354715,-1.3654746273387204,0.1,0.18217821782178217,0.1692420215029703,0.5226645789259715,0.41450573610881586,10094
SAV1_MOUSE_Tsuboyama_2023_2YSB,SAV1_MOUSE,Eukaryote,Stability,venusrem,VenusREM,structure_msa,official_zero_shot_paired_complete_case,0.6564883977493926,0.9826752211436512,0.781424793021014,-0.339507788282553,0.1,0.47058823529411764,0.19148106780198648,1.003503222578896,0.0,679
SBI_STAAM_Tsuboyama_2023_2JVG,SBI_STAAM,Prokaryote,Stability,venusrem,VenusREM,structure_msa,official_zero_shot_paired_complete_case,0.7035010496897731,0.8194116162287347,0.6466792301766704,-0.44858572615310144,0.1,0.3106796116504854,0.0418583803149378,0.9582229736891479,0.0,1025
SC6A4_HUMAN_Young_2021,SC6A4_HUMAN,Human,Activity,venusrem,VenusREM,structure_msa,official_zero_shot_paired_complete_case,0.5339920215989461,1.5552630048936604,1.3103197116557483,-0.38174091071626837,0.1,0.18825561312607944,0.34167247182556126,0.6262788756686432,0.5851001735903227,11576
SCIN_STAAR_Tsuboyama_2023_2QFF,SCIN_STAAR,Prokaryote,Stability,venusrem,VenusREM,structure_msa,official_zero_shot_paired_complete_case,0.5134975581519203,0.7903308038872503,0.6365783297496416,0.18854310042783562,0.1,0.28688524590163933,0.05189088949928458,0.7220813378483845,0.0,1212
SDA_BACSU_Tsuboyama_2023_1PV0,SDA_BACSU,Prokaryote,Stability,venusrem,VenusREM,structure_msa,official_zero_shot_paired_complete_case,0.7409939963578591,1.0632198013310254,0.9298750224405076,-0.1792874728350362,0.1,0.25,0.01816728523643152,0.7194598366163082,0.08539531406205708,834
SERC_HUMAN_Xie_2023,SERC_HUMAN,Human,OrganismalFitness,venusrem,VenusREM,structure_msa,official_zero_shot_paired_complete_case,0.4900863208661547,2.1964990931644546,2.0701540737557225,-52.414477062854615,0.1,0.109375,0.9333593182851678,0.3848664193582858,0.22398383040931455,1914
SHOC2_HUMAN_Kwon_2022,SHOC2_HUMAN,Human,OrganismalFitness,venusrem,VenusREM,structure_msa,official_zero_shot_paired_complete_case,0.34982093963705646,1.5449562946299096,1.2178538982092522,-4.978645267640724,0.1,0.16757741347905283,-0.15964049999127108,0.3195366096845791,2.6469430506266693,10972
SOX30_HUMAN_Tsuboyama_2023_7JJK,SOX30_HUMAN,Human,Stability,venusrem,VenusREM,structure_msa,official_zero_shot_paired_complete_case,0.378917788788875,1.3528937721685554,1.0635889171466475,-1.4062106540629395,0.1,0.19801980198019803,-0.0018252511636545022,0.596700675212595,0.740334740536587,1010
SPA_STAAU_Tsuboyama_2023_1LP1,SPA_STAAU,Prokaryote,Stability,venusrem,VenusREM,structure_msa,official_zero_shot_paired_complete_case,0.6123670855400736,1.1039915656145176,0.9164172123281673,-1.0829318897046116,0.1,0.3557692307692308,0.21601517239672366,0.8967924404437865,0.0,1035
SPG1_STRSG_Olson_2014,SPG1_STRSG,Prokaryote,Binding,venusrem,VenusREM,structure_msa,official_zero_shot_paired_complete_case,0.7078823110708996,2.209140314286286,1.996317120725757,-0.423981017502296,0.1,0.3333333333333333,0.8198757217021034,0.7974321744718376,0.19124195826009643,1045
SPG2_STRSG_Tsuboyama_2023_5UBS,SPG2_STRSG,Prokaryote,Stability,venusrem,VenusREM,structure_msa,official_zero_shot_paired_complete_case,0.4774170380414101,1.046661104234139,0.8076720267661868,0.0644243137822813,0.1,0.1262135922330097,-0.1168186292564736,0.565776274265252,0.4030832309007747,1029
SPIKE_SARS2_Starr_2020_binding,SPIKE_SARS2,Virus,Binding,venusrem,VenusREM,structure_msa,official_zero_shot_paired_complete_case,0.5473574145271194,1.250727164992099,1.052555116985046,0.21347077621822474,0.1,0.2020997375328084,-0.5516272965879265,0.31331218691199547,0.0,3802
SPIKE_SARS2_Starr_2020_expression,SPIKE_SARS2,Virus,Expression,venusrem,VenusREM,structure_msa,official_zero_shot_paired_complete_case,0.6103019513448634,0.9398746383541552,0.7876105424163843,0.16529789272970385,0.1,0.16052631578947368,-0.6216578947368421,0.4421297079312804,0.19441323186137618,3798
SPTN1_CHICK_Tsuboyama_2023_1TUD,SPTN1_CHICK,Eukaryote,Stability,venusrem,VenusREM,structure_msa,official_zero_shot_paired_complete_case,0.7215679919994665,0.974879652932738,0.7660071724162748,0.49582458586402745,0.1,0.330188679245283,-0.15216914311759572,0.8783198830840316,0.1265639292549345,1051
SQSTM_MOUSE_Tsuboyama_2023_2RRU,SQSTM_MOUSE,Eukaryote,Stability,venusrem,VenusREM,structure_msa,official_zero_shot_paired_complete_case,0.6816582340041274,0.9883039951131061,0.7596106819848562,-0.48204902541455286,0.1,0.23943661971830985,-0.33068295935126923,0.7225276134092677,0.5459555066637715,707
SR43C_ARATH_Tsuboyama_2023_2N88,SR43C_ARATH,Eukaryote,Stability,venusrem,VenusREM,structure_msa,official_zero_shot_paired_complete_case,0.7637436604967349,0.7225621791862027,0.5752859140039692,0.5530703315621605,0.1,0.4157303370786517,0.08870181233912111,0.9897032648338507,0.03808890654455654,889
SRBS1_HUMAN_Tsuboyama_2023_2O2W,SRBS1_HUMAN,Human,Stability,venusrem,VenusREM,structure_msa,official_zero_shot_paired_complete_case,0.712995276706561,0.8809889114282927,0.70252900626716,0.4735664553139902,0.1,0.27049180327868855,-0.1951349290435257,0.683954247803207,0.27464785553893833,1211
SRC_HUMAN_Ahler_2019,SRC_HUMAN,Human,Activity,venusrem,VenusREM,structure_msa,official_zero_shot_paired_complete_case,0.6284802643118759,1.8587815833941952,1.584294505091796,-2.635929328835077,0.1,0.22189349112426035,0.29676663020118343,0.7358096968404338,0.5887208836393779,3372
SRC_HUMAN_Chakraborty_2023_binding-DAS_25uM,SRC_HUMAN,Human,Activity,venusrem,VenusREM,structure_msa,official_zero_shot_paired_complete_case,0.5417709523117125,2.300202136420508,2.01504102893427,-10.477595450228808,0.1,0.17857142857142858,0.4198792129203297,0.5610847120581373,0.302182348211993,3637
SRC_HUMAN_Nguyen_2022,SRC_HUMAN,Human,OrganismalFitness,venusrem,VenusREM,structure_msa,official_zero_shot_paired_complete_case,0.5308641772062802,1.8509326547070348,1.5427087935509785,-9.638714605118262,0.1,0.18991097922848665,-0.13255397553787807,0.5804513238269287,2.1461540096083667,3366
SUMO1_HUMAN_Weile_2017,SUMO1_HUMAN,Human,OrganismalFitness,venusrem,VenusREM,structure_msa,official_zero_shot_paired_complete_case,0.5266818553550079,1.6990870483928142,1.5294469671367086,-20.78932217780421,0.1,0.18235294117647058,0.5970935510823528,0.46940238226859443,0.6573006479270733,1700
SYUA_HUMAN_Newberry_2020,SYUA_HUMAN,Human,OrganismalFitness,venusrem,VenusREM,structure_msa,official_zero_shot_paired_complete_case,0.5007697202400102,1.7024936508140527,1.3776235370800616,-134.97618930073972,0.1,0.14,-0.010524405619534697,0.42094153420006514,0.3511662666805572,2497
TADBP_HUMAN_Bolognesi_2019,TADBP_HUMAN,Human,OrganismalFitness,venusrem,VenusREM,structure_msa,official_zero_shot_paired_complete_case,0.603555852309718,1.4478474380983242,1.2684893793955148,-224.96670864735032,0.1,0.6,0.13754033272481656,1.387059270026235,0.0,1196
TAT_HV1BR_Fernandes_2016,TAT_HV1BR,Virus,OrganismalFitness,venusrem,VenusREM,structure_msa,official_zero_shot_paired_complete_case,0.42354391596489294,1.6871176855004049,1.458393406698979,-72.04468297009076,0.1,0.11392405063291139,-0.040697472295370546,0.38343735768601955,0.0,1577
TCRG1_MOUSE_Tsuboyama_2023_1E0L,TCRG1_MOUSE,Eukaryote,Stability,venusrem,VenusREM,structure_msa,official_zero_shot_paired_complete_case,0.7054952505077199,0.8883853280213191,0.7092907454478109,-0.16903805133066996,0.1,0.20634920634920634,-0.22062384236626775,0.7840626436790946,0.0,621
THO1_YEAST_Tsuboyama_2023_2WQG,THO1_YEAST,Eukaryote,Stability,venusrem,VenusREM,structure_msa,official_zero_shot_paired_complete_case,0.46259686511954523,1.1852929611480107,0.917839178536682,-0.9299137363609462,0.1,0.21212121212121213,-0.06656755580189894,0.6343307107464897,0.0,656
TNKS2_HUMAN_Tsuboyama_2023_5JRT,TNKS2_HUMAN,Human,Stability,venusrem,VenusREM,structure_msa,official_zero_shot_paired_complete_case,0.6673427455224266,0.9309001616115841,0.7137914392947051,0.06205509647336338,0.1,0.33035714285714285,-0.14146784079573174,0.8720618541494077,0.22739660652233404,1118
TPK1_HUMAN_Weile_2017,TPK1_HUMAN,Human,OrganismalFitness,venusrem,VenusREM,structure_msa,official_zero_shot_paired_complete_case,0.2632115125736089,1.8799843656544977,1.67317769984779,-11.458553046051248,0.1,0.13166144200626959,0.5574335216802508,0.25870675337176047,0.37201298952758316,3181
TPMT_HUMAN_Matreyek_2018,TPMT_HUMAN,Human,Expression,venusrem,VenusREM,structure_msa,official_zero_shot_paired_complete_case,0.5817521825288011,2.1450903489109168,2.0282205906817627,-35.460824987717075,0.1,0.17534246575342466,0.9509988539068494,0.5382188678058634,0.5442383196272487,3648
TPOR_HUMAN_Bridgford_2020,TPOR_HUMAN,Human,OrganismalFitness,venusrem,VenusREM,structure_msa,official_zero_shot_paired_complete_case,0.5140998191553863,1.667062396770919,1.4118361041895509,-17.299278366029007,0.1,0.2982456140350877,-0.04743505358787469,0.7782067562401679,0.0,562
TRPC_SACS2_Chan_2017,TRPC_SACS2,Prokaryote,OrganismalFitness,venusrem,VenusREM,structure_msa,official_zero_shot_paired_complete_case,0.6196634972412259,1.8939998096324109,1.6699446772282722,-8.648410432618839,0.1,0.42105263157894735,0.17142570592763154,1.180637125013948,0.5427776354458935,1519
TRPC_THEMA_Chan_2017,TRPC_THEMA,Prokaryote,OrganismalFitness,venusrem,VenusREM,structure_msa,official_zero_shot_paired_complete_case,0.46264228081110587,1.8368224368250765,1.5672389657493873,-8.164270996485683,0.1,0.3223684210526316,-0.10942516708552633,0.9535534188430744,0.8271724400148858,1519
UBC9_HUMAN_Weile_2017,UBC9_HUMAN,Human,OrganismalFitness,venusrem,VenusREM,structure_msa,official_zero_shot_paired_complete_case,0.4109728850356253,2.057850106516412,1.823284088030136,-16.028691822742218,0.1,0.13618677042801555,0.617531125918288,0.3425678671787716,2.9457437712778236,2563
UBE4B_HUMAN_Tsuboyama_2023_3L1X,UBE4B_HUMAN,Human,Stability,venusrem,VenusREM,structure_msa,official_zero_shot_paired_complete_case,0.7126404825535464,0.7970691989670307,0.6307765163307205,0.4646187499522504,0.1,0.4107142857142857,-0.04147624287364254,0.9842180800291453,0.0,1118
UBE4B_MOUSE_Starita_2013,UBE4B_MOUSE,Eukaryote,Activity,venusrem,VenusREM,structure_msa,official_zero_shot_paired_complete_case,0.45412596466381366,1.2916907816342853,1.0200871905942681,-0.3155218511369755,0.1,0.17777777777777778,0.054410011766666676,0.5429084683425481,0.0,899
UBR5_HUMAN_Tsuboyama_2023_1I2T,UBR5_HUMAN,Human,Stability,venusrem,VenusREM,structure_msa,official_zero_shot_paired_complete_case,0.5957436472602882,1.2370849044213517,1.1058895339800698,-0.9554204896518006,0.1,0.1,-0.025739319144446698,0.5458186408498025,0.5942593254046857,1094
VG08_BPP22_Tsuboyama_2023_2GP8,VG08_BPP22,Virus,Stability,venusrem,VenusREM,structure_msa,official_zero_shot_paired_complete_case,0.6139248986850409,1.0676298309263361,0.9048025282994533,-2.8994509923432763,0.1,0.273972602739726,0.04615148456664821,0.7215085940675177,0.0,723
VILI_CHICK_Tsuboyama_2023_1YU5,VILI_CHICK,Eukaryote,Stability,venusrem,VenusREM,structure_msa,official_zero_shot_paired_complete_case,0.7114523738713554,0.7321780570591533,0.6240225823881131,0.2907877955797896,0.1,0.3305785123966942,-0.07850342675906784,0.7892574376130737,0.0,1202
VKOR1_HUMAN_Chiasson_2020_abundance,VKOR1_HUMAN,Human,Expression,venusrem,VenusREM,structure_msa,official_zero_shot_paired_complete_case,0.5925302710191034,2.119104126470557,1.9982203246134962,-34.924410459770804,0.1,0.2518518518518518,0.9482446140846152,0.7743485709295482,0.163206931226988,2695
VKOR1_HUMAN_Chiasson_2020_activity,VKOR1_HUMAN,Human,Activity,venusrem,VenusREM,structure_msa,official_zero_shot_paired_complete_case,0.3158730421995481,2.3239335321557157,2.1500858580522815,-24.284147088293444,0.1,0.12857142857142856,0.7531470966415391,0.07716278882434884,0.0,697
VRPI_BPT7_Tsuboyama_2023_2WNM,VRPI_BPT7,Virus,Stability,venusrem,VenusREM,structure_msa,official_zero_shot_paired_complete_case,0.5978014044309329,0.8480815475644694,0.7044467354514745,0.1918584124172984,0.1,0.20952380952380953,-0.08471600808419157,0.642764739873015,0.220891906072008,1047
YAIA_ECOLI_Tsuboyama_2023_2KVT,YAIA_ECOLI,Prokaryote,Stability,venusrem,VenusREM,structure_msa,official_zero_shot_paired_complete_case,0.5952500603920662,1.0398999617794262,0.8112562964887516,0.301476617646835,0.1,0.34408602150537637,-0.16288389921362037,0.8031741384535944,0.0007945398795715669,928
YNZC_BACSU_Tsuboyama_2023_2JVD,YNZC_BACSU,Prokaryote,Stability,venusrem,VenusREM,structure_msa,official_zero_shot_paired_complete_case,0.662548523170584,1.1567867114272716,1.022828697874542,-0.957505398126326,0.1,0.2777777777777778,0.049068429894238465,0.8210305449227724,0.15611110018548502,714
A0A140D2T1_ZIKV_Sourisseau_2019,A0A140D2T1_ZIKV,Virus,OrganismalFitness,xtrimopglm_100b,xTrimoPGLM-100B-int4,single_sequence,official_zero_shot_paired_complete_case,0.3032502784480773,12.70120691942529,12.361481925157554,-782.0146396636188,0.1,0.2620041753653445,0.39967358275412146,0.4866784447462969,4.521144722921834,9576
A0A192B1T2_9HIV1_Haddox_2018,A0A192B1T2_9HIV1,Virus,OrganismalFitness,xtrimopglm_100b,xTrimoPGLM-100B-int4,single_sequence,official_zero_shot_paired_complete_case,0.3336170185858289,9.290219234618988,8.537507896168423,-18.372619225277553,0.1,0.24721780604133545,-0.9516025404125595,0.7834369669093402,0.18793883825665006,12577
A0A1I9GEU1_NEIME_Kennouche_2019,A0A1I9GEU1_NEIME,Prokaryote,Activity,xtrimopglm_100b,xTrimoPGLM-100B-int4,single_sequence,official_zero_shot_paired_complete_case,0.06547103382488939,10.263143626443469,9.741392060520852,-43.42987905748013,0.1,0.10752688172043011,0.2632903225806452,0.16914227997440393,1.711345820099425,922
A0A247D711_LISMN_Stadelmann_2021,A0A247D711_LISMN,Prokaryote,Activity,xtrimopglm_100b,xTrimoPGLM-100B-int4,single_sequence,official_zero_shot_paired_complete_case,0.14032093854792618,1.834624775548794,1.4636159458486013,-0.9891243469572308,0.1,0.13855421686746988,-0.44906955134914284,0.029510085229949416,0.04807765242938039,1653
A0A2Z5U3Z0_9INFA_Doud_2016,A0A2Z5U3Z0_9INFA,Virus,OrganismalFitness,xtrimopglm_100b,xTrimoPGLM-100B-int4,single_sequence,official_zero_shot_paired_complete_case,0.4826524175413465,8.325786734361845,7.755148601146911,-43.27336554778168,0.1,0.30597014925373134,-0.8813364737136195,0.9484240251354706,0.0,10715
A0A2Z5U3Z0_9INFA_Wu_2014,A0A2Z5U3Z0_9INFA,Virus,OrganismalFitness,xtrimopglm_100b,xTrimoPGLM-100B-int4,single_sequence,official_zero_shot_paired_complete_case,0.47510214452305527,8.022572240001125,7.564398053511649,-64.95129781407945,0.1,0.2723404255319149,0.8813311865702128,0.48852894849720935,8.87693850755473,2350
A4D664_9INFA_Soh_2019,A4D664_9INFA,Virus,OrganismalFitness,xtrimopglm_100b,xTrimoPGLM-100B-int4,single_sequence,official_zero_shot_paired_complete_case,0.10184986317823867,13.252631589164702,12.972534360769526,-936.2722017222443,0.1,0.13582813582813583,0.45108255970574984,0.18345662833384216,22.904735679991173,14421
A4GRB6_PSEAI_Chen_2020,A4GRB6_PSEAI,Prokaryote,OrganismalFitness,xtrimopglm_100b,xTrimoPGLM-100B-int4,single_sequence,official_zero_shot_paired_complete_case,0.7221853574492783,5.529638619234506,4.712818288334125,-5.963190955795305,0.1,0.249500998003992,-0.05891226903219156,0.892371076889644,0.0,5004
A4_HUMAN_Seuma_2022,A4_HUMAN,Human,Stability,xtrimopglm_100b,xTrimoPGLM-100B-int4,single_sequence,official_zero_shot_paired_complete_case,0.2709476298584026,11.117742661420422,10.749857085942384,-44.3152757215903,0.1,0.075,-0.708924121225628,0.20263309076894825,1.1183638445302275,796
AACC1_PSEAI_Dandage_2018,AACC1_PSEAI,Prokaryote,OrganismalFitness,xtrimopglm_100b,xTrimoPGLM-100B-int4,single_sequence,official_zero_shot_paired_complete_case,0.5145306696012754,6.892043464650632,6.060197631074048,-12.707536965711453,0.1,0.2154696132596685,1.7584864213538676,0.4735183140521089,0.38243370237042656,1801
ACE2_HUMAN_Chan_2020,ACE2_HUMAN,Human,Binding,xtrimopglm_100b,xTrimoPGLM-100B-int4,single_sequence,official_zero_shot_paired_complete_case,0.18513321473822245,10.119841578925215,9.239316083848468,-79.63493524501573,0.1,0.11659192825112108,-0.04087149061210761,0.32394307499685454,0.18208949426958712,2223
ADRB2_HUMAN_Jones_2020,ADRB2_HUMAN,Human,Activity,xtrimopglm_100b,xTrimoPGLM-100B-int4,single_sequence,official_zero_shot_paired_complete_case,0.481924823841363,12.932998229635315,12.173607688686584,-305.202974615686,0.1,0.16538461538461538,2.307699505499949,0.4957359721537902,0.9306914300049423,7800
AMFR_HUMAN_Tsuboyama_2023_4G3O,AMFR_HUMAN,Human,Stability,xtrimopglm_100b,xTrimoPGLM-100B-int4,single_sequence,official_zero_shot_paired_complete_case,0.40390461122839594,10.023782024957077,9.23073456386977,-104.23113920525526,0.1,0.14634146341463414,0.03877076665683207,0.7740056679848611,0.21589333003889832,820
AMIE_PSEAE_Wrenbeck_2017,AMIE_PSEAE,Prokaryote,Activity,xtrimopglm_100b,xTrimoPGLM-100B-int4,single_sequence,official_zero_shot_paired_complete_case,0.5621371738311451,10.382470683443456,9.695768705777324,-732.4067278731814,0.1,0.11235955056179775,-0.017908988764044943,0.7398336499170537,0.8951978088352177,6227
ANCSZ_Hobbs_2022,ANCSZ,Eukaryote,Activity,xtrimopglm_100b,xTrimoPGLM-100B-int4,single_sequence,official_zero_shot_paired_complete_case,0.4012881376787719,9.909292942155746,8.897734795143602,-2816.9555874333423,0.1,0.18629550321199143,-0.003335829257803924,0.5709587373607148,0.22813051586152647,4670
ARGR_ECOLI_Tsuboyama_2023_1AOY,ARGR_ECOLI,Prokaryote,Stability,xtrimopglm_100b,xTrimoPGLM-100B-int4,single_sequence,official_zero_shot_paired_complete_case,0.36018236350828303,9.163215340581193,8.72808721374147,-68.57110272065341,0.1,0.12403100775193798,-0.1591684390721094,0.6529753945026641,0.47561326182821057,1287
BBC1_YEAST_Tsuboyama_2023_1TG0,BBC1_YEAST,Eukaryote,Stability,xtrimopglm_100b,xTrimoPGLM-100B-int4,single_sequence,official_zero_shot_paired_complete_case,0.4776355067564764,5.80794670687624,4.738225026128922,-23.949308363586898,0.1,0.2018348623853211,-0.06247897566629031,0.6985815961165764,0.26514896330206156,1084
BCHB_CHLTE_Tsuboyama_2023_2KRU,BCHB_CHLTE,Prokaryote,Stability,xtrimopglm_100b,xTrimoPGLM-100B-int4,single_sequence,official_zero_shot_paired_complete_case,0.32139754312362373,5.842973854682122,4.76610085102784,-22.20080515926628,0.1,0.1797752808988764,-0.0913717814780305,0.6186478520625741,0.08655923475434779,890
BLAT_ECOLX_Deng_2012,BLAT_ECOLX,Prokaryote,OrganismalFitness,xtrimopglm_100b,xTrimoPGLM-100B-int4,single_sequence,official_zero_shot_paired_complete_case,0.28015984261258353,9.574315918462977,9.247451036494356,-38.302309464313375,0.1,0.206,-1.76437609496,0.6255471501806422,0.460190194128769,4996
BLAT_ECOLX_Firnberg_2014,BLAT_ECOLX,Prokaryote,OrganismalFitness,xtrimopglm_100b,xTrimoPGLM-100B-int4,single_sequence,official_zero_shot_paired_complete_case,0.2538586028387934,12.635219773676239,12.41332899982792,-791.3686249865129,0.1,0.2150313152400835,0.8203778705636744,0.6922487784633874,2.6722746221161278,4783
BLAT_ECOLX_Jacquier_2013,BLAT_ECOLX,Prokaryote,OrganismalFitness,xtrimopglm_100b,xTrimoPGLM-100B-int4,single_sequence,official_zero_shot_paired_complete_case,0.37980726950017746,7.940084249924933,7.692857262031504,-15.55318943629062,0.1,0.16161616161616163,-0.6380538264242425,0.4714338418456243,0.2562038999457509,989
BLAT_ECOLX_Stiffler_2015,BLAT_ECOLX,Prokaryote,OrganismalFitness,xtrimopglm_100b,xTrimoPGLM-100B-int4,single_sequence,official_zero_shot_paired_complete_case,0.2701288645290392,10.976745024189356,10.711280701528581,-89.8641895961726,0.1,0.19,-0.48753076557799996,0.6669839016836109,0.10672072708380417,4996
BRCA1_HUMAN_Findlay_2018,BRCA1_HUMAN,Human,OrganismalFitness,xtrimopglm_100b,xTrimoPGLM-100B-int4,single_sequence,official_zero_shot_paired_complete_case,0.39654547880770036,8.271483270436217,7.647509575667056,-84.54892913188138,0.1,0.14130434782608695,-0.21145330139673915,0.43703746187052456,0.6410225756069385,1837
C6KNH7_9INFA_Lee_2018,C6KNH7_9INFA,Virus,OrganismalFitness,xtrimopglm_100b,xTrimoPGLM-100B-int4,single_sequence,official_zero_shot_paired_complete_case,0.3385088964983925,10.754743874459319,10.340103941223811,-113.41709408531973,0.1,0.23698884758364314,-0.8510412710854623,0.7142141268645219,0.5963304741050363,10754
CALM1_HUMAN_Weile_2017,CALM1_HUMAN,Human,OrganismalFitness,xtrimopglm_100b,xTrimoPGLM-100B-int4,single_sequence,official_zero_shot_paired_complete_case,0.23994920094367633,13.304790536555654,13.13803530777276,-1328.2521409983367,0.1,0.038461538461538464,0.8943514233076922,0.41750297701063815,0.2830040196237928,1813
CAPSD_AAV2S_Sinai_2021,CAPSD_AAV2S,Virus,OrganismalFitness,xtrimopglm_100b,xTrimoPGLM-100B-int4,single_sequence,official_zero_shot_paired_complete_case,0.2261112481698467,2.4305331639544177,1.948806528346705,-0.26762600709877193,0.1,0.1111111111111111,-0.38370026572214677,0.21502590029837307,0.746856421436028,532
CAR11_HUMAN_Meitlis_2020_gof,CAR11_HUMAN,Human,OrganismalFitness,xtrimopglm_100b,xTrimoPGLM-100B-int4,single_sequence,official_zero_shot_paired_complete_case,0.1863331567025071,15.29522932158212,14.92507919575342,-587.4063216239606,0.1,0.046218487394957986,-0.19385004313165266,0.24344079081886041,5.361141842800602,2374
CAR11_HUMAN_Meitlis_2020_lof,CAR11_HUMAN,Human,OrganismalFitness,xtrimopglm_100b,xTrimoPGLM-100B-int4,single_sequence,official_zero_shot_paired_complete_case,0.3015290984867494,14.976797884525684,14.626823511939712,-443.8347407922799,0.1,0.0625,-0.22298662726006943,0.6084052993085163,1.8713208083818005,2395
CAS9_STRP1_Spencer_2017_positive,CAS9_STRP1,Prokaryote,Activity,xtrimopglm_100b,xTrimoPGLM-100B-int4,single_sequence,official_zero_shot_paired_complete_case,0.16723174984391914,5.988496990182067,5.07869183435807,-93.54866415864987,0.1,0.11945812807881774,-0.17503139210982713,0.12484326494730362,0.6051308848673838,8117
CASP3_HUMAN_Roychowdhury_2020,CASP3_HUMAN,Human,Activity,xtrimopglm_100b,xTrimoPGLM-100B-int4,single_sequence,official_zero_shot_paired_complete_case,0.6229229191914021,9.004389876103058,8.54220225844264,-175.00060731311592,0.1,0.22929936305732485,0.4858208780878604,0.7908686513665943,0.67030275775636,1567
CASP7_HUMAN_Roychowdhury_2020,CASP7_HUMAN,Human,Activity,xtrimopglm_100b,xTrimoPGLM-100B-int4,single_sequence,official_zero_shot_paired_complete_case,0.5923244639978037,8.694531165503491,8.154048141759093,-114.9767517423987,0.1,0.17261904761904762,0.1916118490480917,0.7040375395709009,3.7495179075810556,1680
CATR_CHLRE_Tsuboyama_2023_2AMI,CATR_CHLRE,Eukaryote,Stability,xtrimopglm_100b,xTrimoPGLM-100B-int4,single_sequence,official_zero_shot_paired_complete_case,0.16553007466117978,9.159785803988052,8.690659110960395,-124.35451733461875,0.1,0.05223880597014925,-0.09971429362443278,0.3883815830453096,0.8914626019890165,1340
CBPA2_HUMAN_Tsuboyama_2023_1O6X,CBPA2_HUMAN,Human,Stability,xtrimopglm_100b,xTrimoPGLM-100B-int4,single_sequence,official_zero_shot_paired_complete_case,0.400211311554137,8.113692964103146,7.479025475012523,-48.05096884697837,0.1,0.1323529411764706,-0.10278027090945956,0.6089508878573172,0.10475096943846766,1357
CBS_HUMAN_Sun_2020,CBS_HUMAN,Human,OrganismalFitness,xtrimopglm_100b,xTrimoPGLM-100B-int4,single_sequence,official_zero_shot_paired_complete_case,0.3575996082906363,11.87356747110445,11.149888939209264,-637.8530630139115,0.1,0.1523545706371191,0.6532771256299041,0.4198147017485826,0.8550770083424509,7217
CBX4_HUMAN_Tsuboyama_2023_2K28,CBX4_HUMAN,Human,Stability,xtrimopglm_100b,xTrimoPGLM-100B-int4,single_sequence,official_zero_shot_paired_complete_case,0.38095823311812177,10.97765903798426,10.595153670140736,-128.48902867732414,0.1,0.14130434782608695,-0.09934623702859816,0.7094093337721514,0.6512416255803507,917
CCDB_ECOLI_Adkar_2012,CCDB_ECOLI,Prokaryote,Activity,xtrimopglm_100b,xTrimoPGLM-100B-int4,single_sequence,official_zero_shot_paired_complete_case,0.3217540117188433,29.645881801749816,21.249819214652184,-0.568098037109779,0.1,0.059322033898305086,-18.550847457627118,0.35883040989050896,0.0,1176
CCR5_HUMAN_Gill_2023,CCR5_HUMAN,Human,Binding,xtrimopglm_100b,xTrimoPGLM-100B-int4,single_sequence,official_zero_shot_paired_complete_case,0.3148538884211234,9.902332535204113,9.113468096607324,-350.89155664297806,0.1,0.15798045602605862,0.06349755700325732,0.37365536709373104,6.6113834098757875,6137
CD19_HUMAN_Klesmith_2019_FMC_singles,CD19_HUMAN,Human,Binding,xtrimopglm_100b,xTrimoPGLM-100B-int4,single_sequence,official_zero_shot_paired_complete_case,0.24540103835511393,5.753123098217413,4.681961508009193,-2.5961023590007044,0.1,0.14588859416445624,-0.9406317611415526,0.22846972498510354,0.5371235537440581,3761
CP2C9_HUMAN_Amorosi_2021_abundance,CP2C9_HUMAN,Human,Expression,xtrimopglm_100b,xTrimoPGLM-100B-int4,single_sequence,official_zero_shot_paired_complete_case,0.4908100964407994,10.877238962436634,10.224186486145728,-1103.1174543505626,0.1,0.2653061224489796,0.947025501367347,0.7956404643213537,0.5404424529974292,6370
CP2C9_HUMAN_Amorosi_2021_activity,CP2C9_HUMAN,Human,Binding,xtrimopglm_100b,xTrimoPGLM-100B-int4,single_sequence,official_zero_shot_paired_complete_case,0.5115712436132672,10.755323202297724,10.11656857937739,-868.0596149756128,0.1,0.3056910569105691,0.8794303698146341,0.9286346560664079,0.06515785859417601,6142
CSN4_MOUSE_Tsuboyama_2023_1UFM,CSN4_MOUSE,Eukaryote,Stability,xtrimopglm_100b,xTrimoPGLM-100B-int4,single_sequence,official_zero_shot_paired_complete_case,0.28355267257922395,10.784262810777946,10.35464948157063,-100.03987760242559,0.1,0.022058823529411766,-0.17854306999356126,0.6034955564848972,0.56738952396616,1353
CUE1_YEAST_Tsuboyama_2023_2MYX,CUE1_YEAST,Eukaryote,Stability,xtrimopglm_100b,xTrimoPGLM-100B-int4,single_sequence,official_zero_shot_paired_complete_case,0.5658803476122718,5.046766937839004,4.19218613353366,-22.426504895391762,0.1,0.2604166666666667,-0.4000847521698838,0.6813896868426113,0.0,955
D7PM05_CLYGR_Somermeyer_2022,D7PM05_CLYGR,Eukaryote,Activity,xtrimopglm_100b,xTrimoPGLM-100B-int4,single_sequence,official_zero_shot_paired_complete_case,0.38124289960556335,24489.55654481471,21774.022438553784,-3.7731084264957246,0.1,0.18803418803418803,24904.578215003592,0.27942493735585644,0.0508709031664123,1169
DLG4_HUMAN_Faure_2021,DLG4_HUMAN,Human,OrganismalFitness,xtrimopglm_100b,xTrimoPGLM-100B-int4,single_sequence,official_zero_shot_paired_complete_case,0.13482716844544584,16.885089048931512,16.66682013965406,-1875.7726894427926,0.1,0.140625,-0.17087135865787295,0.49839896465887684,0.01020802939684685,1280
DLG4_RAT_McLaughlin_2012,DLG4_RAT,Eukaryote,Binding,xtrimopglm_100b,xTrimoPGLM-100B-int4,single_sequence,official_zero_shot_paired_complete_case,0.22378018844105224,16.939537552197486,16.709208630407403,-1740.411664907148,0.1,0.13924050632911392,0.030108400822784806,0.49722615944782306,0.11297522763570922,1576
DN7A_SACS2_Tsuboyama_2023_1JIC,DN7A_SACS2,Prokaryote,Stability,xtrimopglm_100b,xTrimoPGLM-100B-int4,single_sequence,official_zero_shot_paired_complete_case,0.13461539199457156,2.437329920277225,1.8775343793781607,-3.6709985649049974,0.1,0.18811881188118812,-0.783069885799754,0.06094531870662243,0.06142246273648113,1008
DNJA1_HUMAN_Tsuboyama_2023_2LO1,DNJA1_HUMAN,Human,Stability,xtrimopglm_100b,xTrimoPGLM-100B-int4,single_sequence,official_zero_shot_paired_complete_case,0.14414237128716073,10.876164410310075,10.534786497713167,-79.69071895404747,0.1,0.13114754098360656,-0.3465701578058357,0.5515664301576495,0.21508002957605613,1216
DOCK1_MOUSE_Tsuboyama_2023_2M0Y,DOCK1_MOUSE,Eukaryote,Stability,xtrimopglm_100b,xTrimoPGLM-100B-int4,single_sequence,official_zero_shot_paired_complete_case,0.34460379698745414,11.922487509173223,11.642500807025277,-148.09427755504007,0.1,0.14754098360655737,0.012462564050592564,0.6980484068909505,0.7049072385776332,1213
DYR_ECOLI_Nguyen_2023,DYR_ECOLI,Prokaryote,OrganismalFitness,xtrimopglm_100b,xTrimoPGLM-100B-int4,single_sequence,official_zero_shot_paired_complete_case,0.36538383877588193,11.417125133758661,10.95625570282197,-1592.8183587136239,0.1,0.05821917808219178,0.9900000000000001,0.4415166854904321,0.4895428221424095,2916
DYR_ECOLI_Thompson_2019,DYR_ECOLI,Prokaryote,OrganismalFitness,xtrimopglm_100b,xTrimoPGLM-100B-int4,single_sequence,official_zero_shot_paired_complete_case,0.37805144592240486,9.96551735527078,9.515541345457782,-179.43553516288543,0.1,0.1350210970464135,-0.020315375527426165,0.4993554495196762,0.8118022557129415,2363
ENVZ_ECOLI_Ghose_2023,ENVZ_ECOLI,Prokaryote,Activity,xtrimopglm_100b,xTrimoPGLM-100B-int4,single_sequence,official_zero_shot_paired_complete_case,0.02139878106583876,13.327439955929018,12.996386552586557,-138.60336650096298,0.1,0.07964601769911504,3.45118115641395,0.3036375324607434,0.51167744736372,1121
ENV_HV1BR_Haddox_2016,ENV_HV1BR,Virus,OrganismalFitness,xtrimopglm_100b,xTrimoPGLM-100B-int4,single_sequence,official_zero_shot_paired_complete_case,0.24805520355171773,11.105329002907812,10.54693865623112,-26842.439855606364,0.1,0.23543123543123542,0.08008720155403483,0.5642789416840677,0.0,12863
EPHB2_HUMAN_Tsuboyama_2023_1F0M,EPHB2_HUMAN,Human,Stability,xtrimopglm_100b,xTrimoPGLM-100B-int4,single_sequence,official_zero_shot_paired_complete_case,0.4597094176370019,11.37117697362345,10.909803687532651,-77.13530964128533,0.1,0.1935483870967742,-0.1286063607355882,0.7058375167253286,0.0433738595259228,1239
ESTA_BACSU_Nutschel_2020,ESTA_BACSU,Prokaryote,Stability,xtrimopglm_100b,xTrimoPGLM-100B-int4,single_sequence,official_zero_shot_paired_complete_case,0.36162976568404587,53.20620568482085,53.098753998903064,-471.5202753315936,0.1,0.23394495412844038,47.70284403669725,0.6660962763420665,0.8252761693319279,2172
FECA_ECOLI_Tsuboyama_2023_2D1U,FECA_ECOLI,Prokaryote,Stability,xtrimopglm_100b,xTrimoPGLM-100B-int4,single_sequence,official_zero_shot_paired_complete_case,0.35911176737203826,7.894342022187913,7.369557019490824,-77.21555467226165,0.1,0.18032786885245902,-0.09022689923060523,0.6366164172110349,1.4745754994439741,1219
FKBP3_HUMAN_Tsuboyama_2023_2KFV,FKBP3_HUMAN,Human,Stability,xtrimopglm_100b,xTrimoPGLM-100B-int4,single_sequence,official_zero_shot_paired_complete_case,0.17276421270455206,9.633666291983312,9.20022815210561,-131.51692723340562,0.1,0.10483870967741936,-0.01620760359640961,0.4908936979264021,1.0206658732635339,1237
GAL4_YEAST_Kitzman_2015,GAL4_YEAST,Eukaryote,OrganismalFitness,xtrimopglm_100b,xTrimoPGLM-100B-int4,single_sequence,official_zero_shot_paired_complete_case,0.6498702959752375,5.2873004161461585,4.303280243805761,0.0017380912712351426,0.1,0.25833333333333336,-0.5712500000000001,0.820738816891827,0.2135338381571789,1195
GDIA_HUMAN_Silverstein_2021,GDIA_HUMAN,Human,OrganismalFitness,xtrimopglm_100b,xTrimoPGLM-100B-int4,single_sequence,official_zero_shot_paired_complete_case,0.35466952403273205,12.270729921618365,11.906003949175402,-2017.6586999553454,0.1,0.12931034482758622,0.8495437294310346,0.44088347268620026,0.0009963573522784206,1154
GFP_AEQVI_Sarkisyan_2016,GFP_AEQVI,Eukaryote,Activity,xtrimopglm_100b,xTrimoPGLM-100B-int4,single_sequence,official_zero_shot_paired_complete_case,0.3416205304691514,12.291386206042512,12.110065431191,-389.63071687635767,0.1,0.14678899082568808,3.6400215466637693,0.3333316435238396,0.4450534314318228,1084
GRB2_HUMAN_Faure_2021,GRB2_HUMAN,Human,OrganismalFitness,xtrimopglm_100b,xTrimoPGLM-100B-int4,single_sequence,official_zero_shot_paired_complete_case,0.39108136814022504,12.435012943486212,12.142176823534717,-760.0416592623327,0.1,0.17307692307692307,-0.07840528069071219,0.7756360766154612,0.19261666201348862,1034
HCP_LAMBD_Tsuboyama_2023_2L6Q,HCP_LAMBD,Virus,Stability,xtrimopglm_100b,xTrimoPGLM-100B-int4,single_sequence,official_zero_shot_paired_complete_case,0.6103121491772578,6.625468954741553,6.00955025140736,-44.63890137076997,0.1,0.25961538461538464,0.11511873883964271,0.8576750278250459,0.3240552550378317,1040
HECD1_HUMAN_Tsuboyama_2023_3DKM,HECD1_HUMAN,Human,Stability,xtrimopglm_100b,xTrimoPGLM-100B-int4,single_sequence,official_zero_shot_paired_complete_case,0.43359233542278025,11.116955035946123,10.232106857291674,-119.00092804817206,0.1,0.4,0.10496688426360959,1.0162407170812262,0.0,1244
HEM3_HUMAN_Loggerenberg_2023,HEM3_HUMAN,Human,Activity,xtrimopglm_100b,xTrimoPGLM-100B-int4,single_sequence,official_zero_shot_paired_complete_case,0.3755178320464435,11.466881894650387,10.887999479241808,-689.1119696876973,0.1,0.1704745166959578,0.7977236146959579,0.5143747768171175,0.34976597482468874,5689
HMDH_HUMAN_Jiang_2019,HMDH_HUMAN,Human,OrganismalFitness,xtrimopglm_100b,xTrimoPGLM-100B-int4,single_sequence,official_zero_shot_paired_complete_case,-0.10809560014023803,11.72502851673064,10.943766749326608,-1970.6429781308457,0.1,0.08659549228944247,0.4936581850533808,0.05206917609826693,0.011361128848331547,16853
HSP82_YEAST_Cote-Hammarlof_2020_growth-H2O2,HSP82_YEAST,Eukaryote,OrganismalFitness,xtrimopglm_100b,xTrimoPGLM-100B-int4,single_sequence,official_zero_shot_paired_complete_case,0.38837237259577573,12.469149896096479,11.911719745527035,-576030.5430453117,0.1,0.168141592920354,-0.000650785311946903,0.48091775238529716,0.18261176299794607,2252
HSP82_YEAST_Flynn_2019,HSP82_YEAST,Eukaryote,OrganismalFitness,xtrimopglm_100b,xTrimoPGLM-100B-int4,single_sequence,official_zero_shot_paired_complete_case,0.32861075961004604,10.612419567678907,9.73968550412084,-816.6781143696147,0.1,0.09022556390977443,-0.01679953398726872,0.4457960823729343,0.44784399741228514,13294
HSP82_YEAST_Mishra_2016,HSP82_YEAST,Eukaryote,OrganismalFitness,xtrimopglm_100b,xTrimoPGLM-100B-int4,single_sequence,official_zero_shot_paired_complete_case,0.4975356027181289,12.073269481258027,11.438897009408834,-1147.9948236387215,0.1,0.19168591224018475,-0.006287527482678982,0.5156918923842699,0.7468004226568157,4323
HXK4_HUMAN_Gersing_2022_activity,HXK4_HUMAN,Human,OrganismalFitness,xtrimopglm_100b,xTrimoPGLM-100B-int4,single_sequence,official_zero_shot_paired_complete_case,0.41051370982028834,13.519810510220706,13.124908187259217,-312.17262129206375,0.1,0.12368728121353559,1.0369891559183197,0.49624685580976036,3.673783590594431,8570
HXK4_HUMAN_Gersing_2023_abundance,HXK4_HUMAN,Human,Expression,xtrimopglm_100b,xTrimoPGLM-100B-int4,single_sequence,official_zero_shot_paired_complete_case,0.2791627903096275,13.572112760539675,13.157063104267513,-1458.927924886953,0.1,0.1880952380952381,0.8756731376157494,0.5135334519918003,0.0,8396
I6TAH8_I68A0_Doud_2015,I6TAH8_I68A0,Virus,OrganismalFitness,xtrimopglm_100b,xTrimoPGLM-100B-int4,single_sequence,official_zero_shot_paired_complete_case,0.20008372916139067,7.1989750393468785,6.528504971646636,-43.027597830061104,0.1,0.20696937697993664,-1.7659823770680803,0.35789267560691734,0.23820757204830104,9462
IF1_ECOLI_Kelsic_2016,IF1_ECOLI,Prokaryote,OrganismalFitness,xtrimopglm_100b,xTrimoPGLM-100B-int4,single_sequence,official_zero_shot_paired_complete_case,0.5032469103542573,11.502167323636744,10.984427126610928,-1619.9003058629546,0.1,0.1897810218978102,0.9452852798029195,0.5346984603533834,0.31852231491594896,1367
ILF3_HUMAN_Tsuboyama_2023_2L33,ILF3_HUMAN,Human,Stability,xtrimopglm_100b,xTrimoPGLM-100B-int4,single_sequence,official_zero_shot_paired_complete_case,0.171042896801618,12.320363087319304,11.972566581678347,-227.52548965561044,0.1,0.17293233082706766,0.05992904392197105,0.4753378093722238,0.0,1329
ISDH_STAAW_Tsuboyama_2023_2LHR,ISDH_STAAW,Prokaryote,Stability,xtrimopglm_100b,xTrimoPGLM-100B-int4,single_sequence,official_zero_shot_paired_complete_case,0.29838732112113403,2.3063361131029376,1.830635702741346,-7.332656824272673,0.1,0.2872340425531915,-0.2501213387871229,0.5573097089795056,0.19384176593913377,940
KCNE1_HUMAN_Muhammad_2023_expression,KCNE1_HUMAN,Human,Expression,xtrimopglm_100b,xTrimoPGLM-100B-int4,single_sequence,official_zero_shot_paired_complete_case,0.0652665039560531,10.12056229483209,9.378657841042573,-717.4351437014079,0.1,0.01282051282051282,0.9720713387606837,0.028682019654030548,1.522394734734624,2339
KCNE1_HUMAN_Muhammad_2023_function,KCNE1_HUMAN,Human,Activity,xtrimopglm_100b,xTrimoPGLM-100B-int4,single_sequence,official_zero_shot_paired_complete_case,0.5138191715568873,9.851469270573071,9.164955378702276,-612.3417187961927,0.1,0.21120689655172414,1.0170302115086207,0.6415293739516886,0.3741070121725424,2315
KCNJ2_MOUSE_Coyote-Maestas_2022_function,KCNJ2_MOUSE,Eukaryote,Activity,xtrimopglm_100b,xTrimoPGLM-100B-int4,single_sequence,official_zero_shot_paired_complete_case,0.33433954323254117,11.993277853938103,11.29129909274925,-391.3030281469727,0.1,0.13199426111908177,0.2737543734949785,0.4434738053912752,0.7540013382029682,6963
KCNJ2_MOUSE_Coyote-Maestas_2022_surface,KCNJ2_MOUSE,Eukaryote,Expression,xtrimopglm_100b,xTrimoPGLM-100B-int4,single_sequence,official_zero_shot_paired_complete_case,0.26536371728635905,11.255307002835504,10.495685216263427,-26.25793165368388,0.1,0.09826589595375723,0.22064661397254337,0.4544808970659405,0.7764544985990026,6917
KKA2_KLEPN_Melnikov_2014,KKA2_KLEPN,Prokaryote,OrganismalFitness,xtrimopglm_100b,xTrimoPGLM-100B-int4,single_sequence,official_zero_shot_paired_complete_case,0.6659748902584347,8.278877904132985,7.47256779162926,-71.94377549492252,0.1,0.2540322580645161,2.02401189516129,0.8972937665063561,0.0,4960
LGK_LIPST_Klesmith_2015,LGK_LIPST,Eukaryote,Activity,xtrimopglm_100b,xTrimoPGLM-100B-int4,single_sequence,official_zero_shot_paired_complete_case,0.5974936768182821,8.65622132502414,7.752170055046107,-289.7563860220557,0.1,0.4372623574144487,-0.1608065906210393,1.0077146208491052,0.12863212974482274,7890
MAFG_MOUSE_Tsuboyama_2023_1K1V,MAFG_MOUSE,Eukaryote,Stability,xtrimopglm_100b,xTrimoPGLM-100B-int4,single_sequence,official_zero_shot_paired_complete_case,0.1741469175451321,11.999076138332473,11.615396203393434,-279.18634067634946,0.1,0.09090909090909091,-0.23290872473450774,0.3568570899249543,0.7739289735687184,762
MBD11_ARATH_Tsuboyama_2023_6ACV,MBD11_ARATH,Eukaryote,Stability,xtrimopglm_100b,xTrimoPGLM-100B-int4,single_sequence,official_zero_shot_paired_complete_case,0.536234114664264,7.232037196336113,6.653003403954854,-43.375230934238154,0.1,0.21551724137931033,0.09978509949593024,0.7988023706320211,0.5562683611360411,1155
MET_HUMAN_Estevam_2023,MET_HUMAN,Human,Activity,xtrimopglm_100b,xTrimoPGLM-100B-int4,single_sequence,official_zero_shot_paired_complete_case,0.45968696547718935,10.991542962463853,10.493123804845895,-12.32219148607212,0.1,0.2037037037037037,-0.194501861550503,0.7134074365140706,0.10854956714953037,5393
MK01_HUMAN_Brenan_2016,MK01_HUMAN,Human,OrganismalFitness,xtrimopglm_100b,xTrimoPGLM-100B-int4,single_sequence,official_zero_shot_paired_complete_case,-0.08492750187636441,6.847428786307685,6.233486018743841,-35.01978064439302,0.1,0.09544787077826726,-8.281386695419972,-0.10687662853265562,1.0264695959245793,6809
MLAC_ECOLI_MacRae_2023,MLAC_ECOLI,Prokaryote,OrganismalFitness,xtrimopglm_100b,xTrimoPGLM-100B-int4,single_sequence,official_zero_shot_paired_complete_case,0.38396088099087256,10.628976265326743,10.105374537301937,-1058.9071681182998,0.1,0.10224438902743142,-0.054427723947630915,0.5316105129175602,0.474831875324476,4007
MSH2_HUMAN_Jia_2020,MSH2_HUMAN,Human,OrganismalFitness,xtrimopglm_100b,xTrimoPGLM-100B-int4,single_sequence,official_zero_shot_paired_complete_case,0.1335576552639534,14.174957771884328,13.483184571373789,-46.65442035181097,0.1,0.15223880597014924,3.4933432835820892,0.30783516387729554,0.12175024128310642,16749
MTH3_HAEAE_RockahShmuel_2015,MTH3_HAEAE,Prokaryote,OrganismalFitness,xtrimopglm_100b,xTrimoPGLM-100B-int4,single_sequence,official_zero_shot_paired_complete_case,0.7529651422716904,8.013775935680336,7.039227305387069,-476.8879548601911,0.1,0.34269662921348315,0.8016853932584269,1.0104758784927923,0.5182978981585599,1777
MTHR_HUMAN_Weile_2021,MTHR_HUMAN,Human,OrganismalFitness,xtrimopglm_100b,xTrimoPGLM-100B-int4,single_sequence,official_zero_shot_paired_complete_case,0.31954309723811636,13.255812319731339,12.540507347673538,-2234.745413645065,0.1,0.13712910986367283,0.7941897353648756,0.497597570657814,0.005350521170165614,12464
MYO3_YEAST_Tsuboyama_2023_2BTT,MYO3_YEAST,Eukaryote,Stability,xtrimopglm_100b,xTrimoPGLM-100B-int4,single_sequence,official_zero_shot_paired_complete_case,0.46934260779951287,5.449248452214258,4.537712147984284,-26.332577213395687,0.1,0.29473684210526313,0.03946032009800989,0.9615717520169607,0.09995165699270563,947
NCAP_I34A1_Doud_2015,NCAP_I34A1,Virus,OrganismalFitness,xtrimopglm_100b,xTrimoPGLM-100B-int4,single_sequence,official_zero_shot_paired_complete_case,0.2520165963689326,7.613345595859688,6.996041580422085,-37.58565477635795,0.1,0.18479408658922913,-2.374995718766094,0.3028562257011158,0.0,9462
NKX31_HUMAN_Tsuboyama_2023_2L9R,NKX31_HUMAN,Human,Stability,xtrimopglm_100b,xTrimoPGLM-100B-int4,single_sequence,official_zero_shot_paired_complete_case,0.31651619262070463,10.871024790130692,10.0827853038732,-440.2172146005277,0.1,0.043478260869565216,-0.18262432600667577,0.3257419174817936,3.3808449614093963,1149
NPC1_HUMAN_Erwood_2022_HEK293T,NPC1_HUMAN,Human,Activity,xtrimopglm_100b,xTrimoPGLM-100B-int4,single_sequence,official_zero_shot_paired_complete_case,0.4330993386202978,9.431552111268175,8.4136001364858,-570.1403590787777,0.1,0.34375,0.8525250324609375,0.8586128787493773,0.047766301236249045,637
NUD15_HUMAN_Suiter_2020,NUD15_HUMAN,Human,Expression,xtrimopglm_100b,xTrimoPGLM-100B-int4,single_sequence,official_zero_shot_paired_complete_case,0.46286121205234665,11.324401784736814,10.88894839871887,-922.575039307311,0.1,0.2807017543859649,0.8473275303606077,0.8635150517114428,0.11213577721992882,2844
NUSA_ECOLI_Tsuboyama_2023_1WCL,NUSA_ECOLI,Prokaryote,Stability,xtrimopglm_100b,xTrimoPGLM-100B-int4,single_sequence,official_zero_shot_paired_complete_case,0.40158117276733185,7.526149818922635,6.781369081367479,-48.77350668172748,0.1,0.13740458015267176,-0.26441228561368224,0.5813368730933971,0.7736363425629744,1306
NUSG_MYCTU_Tsuboyama_2023_2MI6,NUSG_MYCTU,Prokaryote,Stability,xtrimopglm_100b,xTrimoPGLM-100B-int4,single_sequence,official_zero_shot_paired_complete_case,0.3803723324289282,10.591394293174357,10.069939335649394,-53.18197159953574,0.1,0.11764705882352941,-0.26034158693438364,0.6518821472988184,0.15618656621402158,1019
OBSCN_HUMAN_Tsuboyama_2023_1V1C,OBSCN_HUMAN,Human,Stability,xtrimopglm_100b,xTrimoPGLM-100B-int4,single_sequence,official_zero_shot_paired_complete_case,0.32335432062787767,11.327567456556144,10.932486213080171,-84.6967673637834,0.1,0.1557377049180328,-0.2792543854524102,0.6090868479807477,0.35697217378638907,1213
ODP2_GEOSE_Tsuboyama_2023_1W4G,ODP2_GEOSE,Prokaryote,Stability,xtrimopglm_100b,xTrimoPGLM-100B-int4,single_sequence,official_zero_shot_paired_complete_case,0.27466709475101464,6.741228706148086,5.978249488648498,-72.42431747552497,0.1,0.14925373134328357,-0.43444986440080374,0.42907162646928076,1.3237154421506254,669
OTC_HUMAN_Lo_2023,OTC_HUMAN,Human,Activity,xtrimopglm_100b,xTrimoPGLM-100B-int4,single_sequence,official_zero_shot_paired_complete_case,0.5271541053502818,9.41637051195463,9.01340742477186,-575.7012254307268,0.1,0.27388535031847133,0.8593312101910827,1.0208150917817784,0.25758067222419945,1570
OTU7A_HUMAN_Tsuboyama_2023_2L2D,OTU7A_HUMAN,Human,Stability,xtrimopglm_100b,xTrimoPGLM-100B-int4,single_sequence,official_zero_shot_paired_complete_case,0.25951816678697076,10.60537016787047,10.325746344013295,-156.08624956916339,0.1,0.0625,-0.19776043750225625,0.5241958592406132,0.7484239784326717,635
OXDA_RHOTO_Vanella_2023_activity,OXDA_RHOTO,Eukaryote,Activity,xtrimopglm_100b,xTrimoPGLM-100B-int4,single_sequence,official_zero_shot_paired_complete_case,0.4048141574538604,5.954757440908903,4.866745790571924,-5121.879343427747,0.1,0.215625,-0.04072337789034209,0.5648392726634153,0.0,6396
OXDA_RHOTO_Vanella_2023_expression,OXDA_RHOTO,Eukaryote,Expression,xtrimopglm_100b,xTrimoPGLM-100B-int4,single_sequence,official_zero_shot_paired_complete_case,0.3296833064222968,6.0671972805395935,4.9770503617880895,-1937.719692468315,0.1,0.16691285081240767,-0.014103943665485971,0.4645283657176904,0.20565289403468132,6769
P53_HUMAN_Giacomelli_2018_Null_Etoposide,P53_HUMAN,Human,OrganismalFitness,xtrimopglm_100b,xTrimoPGLM-100B-int4,single_sequence,official_zero_shot_paired_complete_case,0.3256741994136903,10.093539905899181,9.478211584506232,-105.43308140642897,0.1,0.08969210174029452,0.39760441584248885,0.35862852390803446,0.6655398541014959,7467
P53_HUMAN_Giacomelli_2018_Null_Nutlin,P53_HUMAN,Human,OrganismalFitness,xtrimopglm_100b,xTrimoPGLM-100B-int4,single_sequence,official_zero_shot_paired_complete_case,0.3157988889313786,10.119868225374837,9.468258039179293,-103.49874706548331,0.1,0.07764390896921017,0.24163965212047614,0.2157170425101011,2.7300027788195145,7467
P53_HUMAN_Giacomelli_2018_WT_Nutlin,P53_HUMAN,Human,OrganismalFitness,xtrimopglm_100b,xTrimoPGLM-100B-int4,single_sequence,official_zero_shot_paired_complete_case,0.33991540789313257,10.044173412327392,9.411992376787397,-93.13238198977491,0.1,0.06291834002677377,0.3627458975888644,0.36957487892623586,2.1567711780378107,7467
P53_HUMAN_Kotler_2018,P53_HUMAN,Human,OrganismalFitness,xtrimopglm_100b,xTrimoPGLM-100B-int4,single_sequence,official_zero_shot_paired_complete_case,0.5395688882571603,10.830370579650912,10.573129086799543,-82.93514609260058,0.1,0.22857142857142856,2.161167025100438,0.7288659701228766,0.13658686700252623,1048
P84126_THETH_Chan_2017,P84126_THETH,Prokaryote,OrganismalFitness,xtrimopglm_100b,xTrimoPGLM-100B-int4,single_sequence,official_zero_shot_paired_complete_case,0.6365703679316371,11.447812242313441,10.982740149555822,-355.63702322252425,0.1,0.4276315789473684,0.2809481884210527,1.2295931171794365,0.0,1519
PABP_YEAST_Melamed_2013,PABP_YEAST,Eukaryote,OrganismalFitness,xtrimopglm_100b,xTrimoPGLM-100B-int4,single_sequence,official_zero_shot_paired_complete_case,0.6649630781752575,9.77772050672677,9.008154744427406,-719.7871639257676,0.1,0.19327731092436976,0.9357046418235293,0.7617711524356564,4.671765604501519,1187
PAI1_HUMAN_Huttinger_2021,PAI1_HUMAN,Human,Activity,xtrimopglm_100b,xTrimoPGLM-100B-int4,single_sequence,official_zero_shot_paired_complete_case,0.2677833532619377,9.639981684443685,9.075257735925492,-61.8360702858389,0.1,0.1588785046728972,0.44556858965420565,0.5560789489749653,0.3946960417223471,5345
PA_I34A1_Wu_2015,PA_I34A1,Virus,OrganismalFitness,xtrimopglm_100b,xTrimoPGLM-100B-int4,single_sequence,official_zero_shot_paired_complete_case,0.3338119096521306,9.097918703420378,8.8212169953994,-330.9801059881588,0.1,0.24175824175824176,0.698110190554945,0.5004862430186074,6.709257846027896,1820
PHOT_CHLRE_Chen_2023,PHOT_CHLRE,Eukaryote,Activity,xtrimopglm_100b,xTrimoPGLM-100B-int4,single_sequence,official_zero_shot_paired_complete_case,0.5828857863330621,10.903283881569454,10.382413844945239,-954.8160271923423,0.1,0.17370892018779344,1.2526724940105816,0.545708166126547,0.304293502984966,2122
PIN1_HUMAN_Tsuboyama_2023_1I6C,PIN1_HUMAN,Human,Stability,xtrimopglm_100b,xTrimoPGLM-100B-int4,single_sequence,official_zero_shot_paired_complete_case,0.45877325782467515,9.975250031615971,9.608263876990717,-157.6899724374162,0.1,0.11594202898550725,-0.15171989076804873,0.7019749462852212,0.5933909126516091,686
PITX2_HUMAN_Tsuboyama_2023_2L7M,PITX2_HUMAN,Human,Stability,xtrimopglm_100b,xTrimoPGLM-100B-int4,single_sequence,official_zero_shot_paired_complete_case,0.215808417909961,11.588399883844103,11.274107537790194,-130.7714311718744,0.1,0.06382978723404255,-0.3462121880103688,0.3790372869921103,0.06353046310255735,938
PKN1_HUMAN_Tsuboyama_2023_1URF,PKN1_HUMAN,Human,Stability,xtrimopglm_100b,xTrimoPGLM-100B-int4,single_sequence,official_zero_shot_paired_complete_case,0.15657412053409303,10.45897887786625,9.79353734110988,-173.3333949398229,0.1,0.0916030534351145,-0.09603347940816288,0.27682406214592575,0.38294567690083153,1301
POLG_CXB3N_Mattenberger_2021,POLG_CXB3N,Virus,OrganismalFitness,xtrimopglm_100b,xTrimoPGLM-100B-int4,single_sequence,official_zero_shot_paired_complete_case,0.41270747963447,8.43962497374064,7.7004797230340065,-62.4089355635247,0.1,0.36259541984732824,-1.4756671992937211,1.0211081464498868,0.23758821829907484,15711
POLG_DEN26_Suphatrakul_2023,POLG_DEN26,Virus,OrganismalFitness,xtrimopglm_100b,xTrimoPGLM-100B-int4,single_sequence,official_zero_shot_paired_complete_case,0.24269475339851354,8.259039840297685,7.317172297818581,-8.911576056602616,0.1,0.2964497041420118,-2.513341478385847,0.690676832711992,0.0,16897
POLG_HCVJF_Qi_2014,POLG_HCVJF,Virus,OrganismalFitness,xtrimopglm_100b,xTrimoPGLM-100B-int4,single_sequence,official_zero_shot_paired_complete_case,0.4964315590704524,11.170428587488809,10.749123380643503,-867.0679523921083,0.1,0.2822085889570552,-0.3382688353496932,1.0467384360644505,0.3190167924452967,1630
POLG_PESV_Tsuboyama_2023_2MXD,POLG_PESV,Virus,Stability,xtrimopglm_100b,xTrimoPGLM-100B-int4,single_sequence,official_zero_shot_paired_complete_case,0.11998669304496624,1.4631083117838641,1.1450507995129209,-0.6726297656619848,0.1,0.16,-0.7776426848643052,0.23276164445607783,0.0,995
PPARG_HUMAN_Majithia_2016,PPARG_HUMAN,Human,Activity,xtrimopglm_100b,xTrimoPGLM-100B-int4,single_sequence,official_zero_shot_paired_complete_case,0.41938691632138697,12.356126502318874,11.706126040590735,-22.99245989913164,0.1,0.23173277661795408,1.639446764091858,0.8517269095602897,0.0,9576
PPM1D_HUMAN_Miller_2022,PPM1D_HUMAN,Human,OrganismalFitness,xtrimopglm_100b,xTrimoPGLM-100B-int4,single_sequence,official_zero_shot_paired_complete_case,0.503425614294819,12.615697694071432,11.82495933546997,-1812.3116740768878,0.1,0.1850443599493029,0.1882414030418251,0.6572017015786769,1.2488971635456978,7889
PR40A_HUMAN_Tsuboyama_2023_1UZC,PR40A_HUMAN,Human,Stability,xtrimopglm_100b,xTrimoPGLM-100B-int4,single_sequence,official_zero_shot_paired_complete_case,0.19379288630927186,13.539269542836873,13.333269474594932,-260.3952540892021,0.1,0.1282051282051282,-0.07413107092401801,0.5377026166595292,0.2895302229043684,1163
PRKN_HUMAN_Clausen_2023,PRKN_HUMAN,Human,Expression,xtrimopglm_100b,xTrimoPGLM-100B-int4,single_sequence,official_zero_shot_paired_complete_case,0.5105993878665931,12.880411331477806,12.258059071950083,-1066.3836050655175,0.1,0.1678082191780822,0.9789570269770971,0.7241678321711631,0.01434372319662936,8756
PSAE_PICP2_Tsuboyama_2023_1PSE,PSAE_PICP2,Prokaryote,Stability,xtrimopglm_100b,xTrimoPGLM-100B-int4,single_sequence,official_zero_shot_paired_complete_case,0.2993467849836335,7.99802762360797,7.243840777883512,-142.99600757623222,0.1,0.08196721311475409,0.03870661964147655,0.5161111713788238,1.8688972300070084,1219
PTEN_HUMAN_Matreyek_2021,PTEN_HUMAN,Human,Expression,xtrimopglm_100b,xTrimoPGLM-100B-int4,single_sequence,official_zero_shot_paired_complete_case,0.2953236619447107,15.361690500951646,15.159086569416587,-2432.8879583513576,0.1,0.1925343811394892,0.9051090104784716,0.6045820639834305,0.43116126120969345,5083
PTEN_HUMAN_Mighell_2018,PTEN_HUMAN,Human,Activity,xtrimopglm_100b,xTrimoPGLM-100B-int4,single_sequence,official_zero_shot_paired_complete_case,0.2853659170293605,13.812045863637083,13.568824645362499,-93.51187550570252,0.1,0.15151515151515152,-0.2695316945633608,0.4583072216254124,0.0,7260
Q2N0S5_9HIV1_Haddox_2018,Q2N0S5_9HIV1,Virus,OrganismalFitness,xtrimopglm_100b,xTrimoPGLM-100B-int4,single_sequence,official_zero_shot_paired_complete_case,0.15166895605719954,11.268800186896152,10.648972783379728,-24.656942078396312,0.1,0.15710919088766692,-1.736174750306363,0.3206875628233141,0.15347538629954885,12729
Q53Z42_HUMAN_McShan_2019_binding-TAPBPR,Q53Z42_HUMAN,Human,Binding,xtrimopglm_100b,xTrimoPGLM-100B-int4,single_sequence,official_zero_shot_paired_complete_case,0.18305503441348675,10.14666577370965,9.636254309375891,-89.13937975357842,0.1,0.11044776119402985,0.488044776119403,0.3593893140115062,0.39299155501023164,3344
Q53Z42_HUMAN_McShan_2019_expression,Q53Z42_HUMAN,Human,Expression,xtrimopglm_100b,xTrimoPGLM-100B-int4,single_sequence,official_zero_shot_paired_complete_case,0.43559811047176983,9.00689821730147,8.519391979281412,-22.69005620926724,0.1,0.20597014925373133,0.21144776119402992,0.6646135933146099,0.7835663783573269,3344
Q59976_STRSQ_Romero_2015,Q59976_STRSQ,Prokaryote,Activity,xtrimopglm_100b,xTrimoPGLM-100B-int4,single_sequence,official_zero_shot_paired_complete_case,0.6406952041098932,8.156114049981321,7.27068464656606,-84.42527787340357,0.1,0.29,-0.24966999999999998,0.7861882733842447,0.9802255479611718,2999
Q6WV12_9MAXI_Somermeyer_2022,Q6WV12_9MAXI,Eukaryote,Activity,xtrimopglm_100b,xTrimoPGLM-100B-int4,single_sequence,official_zero_shot_paired_complete_case,0.0974001967306198,15189.61653398559,14511.57538180834,-10.456105764183212,0.1,0.12173913043478261,14789.760547809648,0.062182003851194295,0.6735946599083773,1141
Q837P4_ENTFA_Meier_2023,Q837P4_ENTFA,Prokaryote,Activity,xtrimopglm_100b,xTrimoPGLM-100B-int4,single_sequence,official_zero_shot_paired_complete_case,0.4258836074261175,9.650927793277278,9.125917030383544,-57.147918584263216,0.1,0.21428571428571427,-0.4468624346738095,0.5785685682897852,0.0,697
Q837P5_ENTFA_Meier_2023,Q837P5_ENTFA,Prokaryote,Activity,xtrimopglm_100b,xTrimoPGLM-100B-int4,single_sequence,official_zero_shot_paired_complete_case,0.3733785759293062,9.961965214723374,9.290850923691348,-60.95126691547821,0.1,0.25333333333333335,-0.6165754028399999,0.5864208114093635,0.2037108100416349,747
Q8WTC7_9CNID_Somermeyer_2022,Q8WTC7_9CNID,Eukaryote,Activity,xtrimopglm_100b,xTrimoPGLM-100B-int4,single_sequence,official_zero_shot_paired_complete_case,0.2675549745505247,8178.83301164609,7593.811754428871,-6.246303666116675,0.1,0.1322314049586777,8425.892681405327,0.2753373265926524,1.0095670177260743,1201
R1AB_SARS2_Flynn_2022,R1AB_SARS2,Virus,OrganismalFitness,xtrimopglm_100b,xTrimoPGLM-100B-int4,single_sequence,official_zero_shot_paired_complete_case,0.23035840964742305,13.598433233908956,13.402629760823661,-1060.9800081556757,0.1,0.1343804537521815,0.8619674351645544,0.5284740042383684,0.0,5725
RAD_ANTMA_Tsuboyama_2023_2CJJ,RAD_ANTMA,Eukaryote,Stability,xtrimopglm_100b,xTrimoPGLM-100B-int4,single_sequence,official_zero_shot_paired_complete_case,0.18227956497867112,7.196742638210491,6.40968890363767,-106.06218693339557,0.1,0.1282051282051282,-0.02039365002559589,0.4444041928888129,0.7165791682988939,774
RASH_HUMAN_Bandaru_2017,RASH_HUMAN,Human,Activity,xtrimopglm_100b,xTrimoPGLM-100B-int4,single_sequence,official_zero_shot_paired_complete_case,0.241249670692889,14.283039851529416,14.033809499604079,-2213.0265073079127,0.1,0.07643312101910828,0.010900347277070063,0.44825208057929355,8.170722420546868,3134
RASK_HUMAN_Weng_2022_abundance,RASK_HUMAN,Human,Expression,xtrimopglm_100b,xTrimoPGLM-100B-int4,single_sequence,official_zero_shot_paired_complete_case,0.0950169180905842,13.594749247018068,13.390152102345285,-1377.0881475856734,0.1,0.08794788273615635,-0.28976143210210337,0.11458514023713759,0.266536618402163,3066
RASK_HUMAN_Weng_2022_binding-DARPin_K55,RASK_HUMAN,Human,Binding,xtrimopglm_100b,xTrimoPGLM-100B-int4,single_sequence,official_zero_shot_paired_complete_case,0.3541418098553919,13.647267804131246,13.456755781322304,-1561.929103456379,0.1,0.18122977346278318,-0.03184534446986095,0.595663143787103,0.0,3084
RBP1_HUMAN_Tsuboyama_2023_2KWH,RBP1_HUMAN,Human,Stability,xtrimopglm_100b,xTrimoPGLM-100B-int4,single_sequence,official_zero_shot_paired_complete_case,0.2744047308224206,8.81824749826212,8.159402963440039,-147.71667921652727,0.1,0.1836734693877551,0.10857760300131455,0.5875305881165891,0.0,975
RCD1_ARATH_Tsuboyama_2023_5OAO,RCD1_ARATH,Eukaryote,Stability,xtrimopglm_100b,xTrimoPGLM-100B-int4,single_sequence,official_zero_shot_paired_complete_case,0.3574227885888478,6.371529185682616,5.4919506680086,-98.71045149150814,0.1,0.08080808080808081,0.08327483416902458,0.5867441059237385,0.9305643918481041,988
RCRO_LAMBD_Tsuboyama_2023_1ORC,RCRO_LAMBD,Virus,Stability,xtrimopglm_100b,xTrimoPGLM-100B-int4,single_sequence,official_zero_shot_paired_complete_case,0.4568476094487285,4.546079117001605,3.7810198250187503,-11.406903007298506,0.1,0.1,-0.6171422844409561,0.3403807061930663,0.18330266645202425,1195
RD23A_HUMAN_Tsuboyama_2023_1IFY,RD23A_HUMAN,Human,Stability,xtrimopglm_100b,xTrimoPGLM-100B-int4,single_sequence,official_zero_shot_paired_complete_case,0.410422028763137,9.843005301957934,9.485185833174423,-84.26922492778647,0.1,0.175,-0.14185398162067683,0.7425350688740451,0.3416056805974751,798
RDRP_I33A0_Li_2023,RDRP_I33A0,Virus,OrganismalFitness,xtrimopglm_100b,xTrimoPGLM-100B-int4,single_sequence,official_zero_shot_paired_complete_case,0.30917158010514245,10.335401160134964,9.949000303223515,-258.9402423541199,0.1,0.2248126561199001,-1.0898925922308746,0.48450356889882223,0.5767760300286721,12003
REV_HV1H2_Fernandes_2016,REV_HV1H2,Virus,OrganismalFitness,xtrimopglm_100b,xTrimoPGLM-100B-int4,single_sequence,official_zero_shot_paired_complete_case,0.20102751112655864,10.139270032938848,9.583135863249396,-2164.165698632692,0.1,0.11627906976744186,-0.054406271675942836,0.30443935748061246,1.1894975362796414,2147
RFAH_ECOLI_Tsuboyama_2023_2LCL,RFAH_ECOLI,Prokaryote,Stability,xtrimopglm_100b,xTrimoPGLM-100B-int4,single_sequence,official_zero_shot_paired_complete_case,0.3695717495797647,7.516672683881436,6.753851986026055,-124.94158676750651,0.1,0.08247422680412371,0.11752506427449882,0.5831831347399595,0.8243555422408777,969
RL20_AQUAE_Tsuboyama_2023_1GYZ,RL20_AQUAE,Prokaryote,Stability,xtrimopglm_100b,xTrimoPGLM-100B-int4,single_sequence,official_zero_shot_paired_complete_case,0.3377947448574948,8.485792066378504,7.6361674913561925,-135.82647705336754,0.1,0.11504424778761062,-0.052026546049447064,0.4712542537941621,0.4027819683989566,1121
RL40A_YEAST_Mavor_2016,RL40A_YEAST,Eukaryote,OrganismalFitness,xtrimopglm_100b,xTrimoPGLM-100B-int4,single_sequence,official_zero_shot_paired_complete_case,0.2623321130969586,12.026247658465211,11.83446984157335,-4058.7637357664426,0.1,0.15079365079365079,-0.04385334695238096,0.5630391242073038,1.0531187766708978,1253
RL40A_YEAST_Roscoe_2013,RL40A_YEAST,Eukaryote,OrganismalFitness,xtrimopglm_100b,xTrimoPGLM-100B-int4,single_sequence,official_zero_shot_paired_complete_case,0.30368472839118604,11.85951519705819,11.668553798604375,-1177.4068458114148,0.1,0.23333333333333334,-0.05661727251727467,0.6022628300940325,0.016614722868483135,1195
RL40A_YEAST_Roscoe_2014,RL40A_YEAST,Eukaryote,Activity,xtrimopglm_100b,xTrimoPGLM-100B-int4,single_sequence,official_zero_shot_paired_complete_case,0.20375034106532705,12.959630434794178,12.78638659290592,-879.8252399270774,0.1,0.10869565217391304,0.9434797916231884,0.5127848389100179,0.5368448131499876,1380
RNC_ECOLI_Weeks_2023,RNC_ECOLI,Prokaryote,Activity,xtrimopglm_100b,xTrimoPGLM-100B-int4,single_sequence,official_zero_shot_paired_complete_case,0.5194628767355125,9.983271530188395,9.316087495742181,-253.4113896705644,0.1,0.18457943925233644,-0.026142437605140185,0.5589063009844951,0.30144460634067227,4277
RPC1_BP434_Tsuboyama_2023_1R69,RPC1_BP434,Virus,Stability,xtrimopglm_100b,xTrimoPGLM-100B-int4,single_sequence,official_zero_shot_paired_complete_case,0.5086879063397721,5.808258119855827,5.033720191148315,-21.312116959821914,0.1,0.23008849557522124,-0.11515196264418948,0.8246764974111112,0.17790219277013034,1124
RS15_GEOSE_Tsuboyama_2023_1A32,RS15_GEOSE,Prokaryote,Stability,xtrimopglm_100b,xTrimoPGLM-100B-int4,single_sequence,official_zero_shot_paired_complete_case,0.3062050323437757,8.558600514015158,7.8478371861578635,-168.61156116039058,0.1,0.06666666666666667,0.04926950939462594,0.5379804606045328,0.9797406758429893,1195
S22A1_HUMAN_Yee_2023_abundance,S22A1_HUMAN,Human,Expression,xtrimopglm_100b,xTrimoPGLM-100B-int4,single_sequence,official_zero_shot_paired_complete_case,0.5503877889206918,8.738635955010256,8.09194733148252,-40.58275553552214,0.1,0.2273190621814475,0.14928304557900102,0.7252398962054024,0.5343866112940143,9803
S22A1_HUMAN_Yee_2023_activity,S22A1_HUMAN,Human,Activity,xtrimopglm_100b,xTrimoPGLM-100B-int4,single_sequence,official_zero_shot_paired_complete_case,0.4917148893518902,9.422009610333127,8.759166136580154,-109.32311120340181,0.1,0.17722772277227722,0.2671741128,0.6318374511524928,0.31385070810419924,10094
SAV1_MOUSE_Tsuboyama_2023_2YSB,SAV1_MOUSE,Eukaryote,Stability,xtrimopglm_100b,xTrimoPGLM-100B-int4,single_sequence,official_zero_shot_paired_complete_case,0.5428540742998922,7.783109389919662,6.804322724604245,-83.02944625282022,0.1,0.058823529411764705,-0.02542028644265939,0.7480420625332471,1.84425878547267,679
SBI_STAAM_Tsuboyama_2023_2JVG,SBI_STAAM,Prokaryote,Stability,xtrimopglm_100b,xTrimoPGLM-100B-int4,single_sequence,official_zero_shot_paired_complete_case,0.49943783087797705,3.995096418902335,3.1964644518503595,-33.43455691939146,0.1,0.2815533980582524,-0.22232404769047082,0.5701852826597427,0.0,1025
SC6A4_HUMAN_Young_2021,SC6A4_HUMAN,Human,Activity,xtrimopglm_100b,xTrimoPGLM-100B-int4,single_sequence,official_zero_shot_paired_complete_case,0.4603686811322365,11.616654467593658,10.65717949660333,-76.08698794663623,0.1,0.20725388601036268,0.3557155949114853,0.6368927311278612,0.7899350640077915,11576
SCIN_STAAR_Tsuboyama_2023_2QFF,SCIN_STAAR,Prokaryote,Stability,xtrimopglm_100b,xTrimoPGLM-100B-int4,single_sequence,official_zero_shot_paired_complete_case,0.23416213700116234,1.4457675549798068,1.1117701154150852,-1.7154673627929018,0.1,0.30327868852459017,-0.00894014676956503,0.6527468943428625,1.4975046123005755,1212
SDA_BACSU_Tsuboyama_2023_1PV0,SDA_BACSU,Prokaryote,Stability,xtrimopglm_100b,xTrimoPGLM-100B-int4,single_sequence,official_zero_shot_paired_complete_case,0.6012762543319797,6.827795757248087,5.931265771965385,-47.633398089816936,0.1,0.16666666666666666,-0.006211365294253088,0.6945600028282849,0.7259915560434099,834
SERC_HUMAN_Xie_2023,SERC_HUMAN,Human,OrganismalFitness,xtrimopglm_100b,xTrimoPGLM-100B-int4,single_sequence,official_zero_shot_paired_complete_case,0.5073701805395151,9.591483741473084,9.256543558944013,-1017.5175442574675,0.1,0.16666666666666666,0.9731243511993672,0.5171785943049036,0.22398383040931455,1914
SHOC2_HUMAN_Kwon_2022,SHOC2_HUMAN,Human,OrganismalFitness,xtrimopglm_100b,xTrimoPGLM-100B-int4,single_sequence,official_zero_shot_paired_complete_case,0.33464232547152034,10.805815113654896,10.161850368721034,-291.4727811387714,0.1,0.11657559198542805,-0.12381192760429739,0.3762407406141953,0.0,10972
SOX30_HUMAN_Tsuboyama_2023_7JJK,SOX30_HUMAN,Human,Stability,xtrimopglm_100b,xTrimoPGLM-100B-int4,single_sequence,official_zero_shot_paired_complete_case,0.13346602439895464,10.869758935756058,10.520140529510613,-154.32668568093237,0.1,0.0594059405940594,-0.1615051013784103,0.4136154739956121,1.0845978588519303,1010
SPA_STAAU_Tsuboyama_2023_1LP1,SPA_STAAU,Prokaryote,Stability,xtrimopglm_100b,xTrimoPGLM-100B-int4,single_sequence,official_zero_shot_paired_complete_case,0.27204335391322154,3.498632658168233,2.49610447506511,-19.91896771856082,0.1,0.3173076923076923,-0.044871251582712796,0.555738352884473,0.0,1035
SPG1_STRSG_Olson_2014,SPG1_STRSG,Prokaryote,Binding,xtrimopglm_100b,xTrimoPGLM-100B-int4,single_sequence,official_zero_shot_paired_complete_case,0.3307538401231944,7.853617471411716,7.217755325599847,-16.996874410869196,0.1,0.18095238095238095,0.412466152002949,0.577362589280979,0.19124195826009643,1045
SPG2_STRSG_Tsuboyama_2023_5UBS,SPG2_STRSG,Prokaryote,Stability,xtrimopglm_100b,xTrimoPGLM-100B-int4,single_sequence,official_zero_shot_paired_complete_case,0.23767020058567925,3.433393538908717,2.7911453816643315,-9.067321250007828,0.1,0.13592233009708737,-0.4501113585782636,0.2577702450801003,0.18331966725825427,1029
SPIKE_SARS2_Starr_2020_binding,SPIKE_SARS2,Virus,Binding,xtrimopglm_100b,xTrimoPGLM-100B-int4,single_sequence,official_zero_shot_paired_complete_case,0.11821267299769897,12.709372638306924,12.443887129078284,-80.2153135431379,0.1,0.14960629921259844,-0.6250393700787402,0.2612572001984194,0.0,3802
SPIKE_SARS2_Starr_2020_expression,SPIKE_SARS2,Virus,Expression,xtrimopglm_100b,xTrimoPGLM-100B-int4,single_sequence,official_zero_shot_paired_complete_case,0.15558519961010786,12.578304569702658,12.360247916734613,-148.49816480402845,0.1,0.15526315789473685,-0.6857894736842106,0.37978957029362587,0.28189918619899557,3798
SPTN1_CHICK_Tsuboyama_2023_1TUD,SPTN1_CHICK,Eukaryote,Stability,xtrimopglm_100b,xTrimoPGLM-100B-int4,single_sequence,official_zero_shot_paired_complete_case,0.33815348444472804,7.804228110086427,7.048592048758716,-31.310193668607745,0.1,0.16037735849056603,-0.43468865628830844,0.6725469372775437,0.18526702155882477,1051
SQSTM_MOUSE_Tsuboyama_2023_2RRU,SQSTM_MOUSE,Eukaryote,Stability,xtrimopglm_100b,xTrimoPGLM-100B-int4,single_sequence,official_zero_shot_paired_complete_case,0.511066435387296,10.224184098173726,9.83814974049846,-157.61300382848842,0.1,0.30985915492957744,-0.14170244990483422,0.9553140913609791,0.36630369013602415,707
SR43C_ARATH_Tsuboyama_2023_2N88,SR43C_ARATH,Eukaryote,Stability,xtrimopglm_100b,xTrimoPGLM-100B-int4,single_sequence,official_zero_shot_paired_complete_case,0.5897593144307366,4.457331854849113,3.616099393263181,-16.007429217998865,0.1,0.3146067415730337,-0.02841203187118754,0.8813473548643397,0.03808890654455654,889
SRBS1_HUMAN_Tsuboyama_2023_2O2W,SRBS1_HUMAN,Human,Stability,xtrimopglm_100b,xTrimoPGLM-100B-int4,single_sequence,official_zero_shot_paired_complete_case,0.3656623487998571,11.681066508644063,10.693337917419903,-91.54813341832883,0.1,0.1557377049180328,-0.08504184999727916,0.7746237754866989,0.29293867474097496,1211
SRC_HUMAN_Ahler_2019,SRC_HUMAN,Human,Activity,xtrimopglm_100b,xTrimoPGLM-100B-int4,single_sequence,official_zero_shot_paired_complete_case,0.1548480637457292,14.927586273779974,14.715904510851074,-233.49732409753366,0.1,0.08284023668639054,-0.009368242887573963,0.4217644964007963,0.5887208836393779,3372
SRC_HUMAN_Chakraborty_2023_binding-DAS_25uM,SRC_HUMAN,Human,Activity,xtrimopglm_100b,xTrimoPGLM-100B-int4,single_sequence,official_zero_shot_paired_complete_case,0.1341041898927085,15.407545497897162,15.203206204431234,-513.9746201007725,0.1,0.04945054945054945,0.19563695986538462,0.2308087985880261,1.103838182129272,3637
SRC_HUMAN_Nguyen_2022,SRC_HUMAN,Human,OrganismalFitness,xtrimopglm_100b,xTrimoPGLM-100B-int4,single_sequence,official_zero_shot_paired_complete_case,0.1482674969963465,14.878502810331327,14.678825138271746,-686.4266843239283,0.1,0.09495548961424333,-0.2324003272373311,0.4045025832210524,2.5157682733355693,3366
SUMO1_HUMAN_Weile_2017,SUMO1_HUMAN,Human,OrganismalFitness,xtrimopglm_100b,xTrimoPGLM-100B-int4,single_sequence,official_zero_shot_paired_complete_case,0.3062986539086829,12.806550977162894,12.53819932099089,-1236.8750988858353,0.1,0.1588235294117647,0.649126817717647,0.612353423308582,1.5672827919946215,1700
SYUA_HUMAN_Newberry_2020,SYUA_HUMAN,Human,OrganismalFitness,xtrimopglm_100b,xTrimoPGLM-100B-int4,single_sequence,official_zero_shot_paired_complete_case,0.13972331154137924,10.906564593273666,10.26787649503821,-5579.431938764101,0.1,0.028,-0.0499072691100741,0.15119664674232342,0.3511662666805572,2497
TADBP_HUMAN_Bolognesi_2019,TADBP_HUMAN,Human,OrganismalFitness,xtrimopglm_100b,xTrimoPGLM-100B-int4,single_sequence,official_zero_shot_paired_complete_case,0.09508070854380597,11.24564674687305,10.739990738976022,-13631.255907430848,0.1,0.008333333333333333,0.008353790577260415,0.04578775375457249,2.558006383391028,1196
TAT_HV1BR_Fernandes_2016,TAT_HV1BR,Virus,OrganismalFitness,xtrimopglm_100b,xTrimoPGLM-100B-int4,single_sequence,official_zero_shot_paired_complete_case,0.2569528532454828,9.868815517358778,9.328041440646174,-2498.3548121379436,0.1,0.1518987341772152,-0.01754291771908783,0.5007339397087194,1.7535836771561457,1577
TCRG1_MOUSE_Tsuboyama_2023_1E0L,TCRG1_MOUSE,Eukaryote,Stability,xtrimopglm_100b,xTrimoPGLM-100B-int4,single_sequence,official_zero_shot_paired_complete_case,0.4708284710245448,10.685931332292563,10.21497767287135,-168.141684198896,0.1,0.1746031746031746,-0.2878546047376531,0.7022385916915274,0.8842549755188951,621
THO1_YEAST_Tsuboyama_2023_2WQG,THO1_YEAST,Eukaryote,Stability,xtrimopglm_100b,xTrimoPGLM-100B-int4,single_sequence,official_zero_shot_paired_complete_case,0.4911485876424784,4.802137436306387,3.855080570201629,-30.677847023776398,0.1,0.2878787878787879,0.015320512757163113,0.7303069815172781,0.025704834881280888,656
TNKS2_HUMAN_Tsuboyama_2023_5JRT,TNKS2_HUMAN,Human,Stability,xtrimopglm_100b,xTrimoPGLM-100B-int4,single_sequence,official_zero_shot_paired_complete_case,0.466411932972087,9.975017937927065,9.359993215165408,-106.69573069735193,0.1,0.14285714285714285,-0.2433328840306885,0.7660850711359811,0.28153159999472027,1118
TPK1_HUMAN_Weile_2017,TPK1_HUMAN,Human,OrganismalFitness,xtrimopglm_100b,xTrimoPGLM-100B-int4,single_sequence,official_zero_shot_paired_complete_case,0.38529881149865053,11.728411270582585,11.165173009540402,-483.88360926334644,0.1,0.12225705329153605,0.6895160202727272,0.5066914272502017,1.2475412214097692,3181
TPMT_HUMAN_Matreyek_2018,TPMT_HUMAN,Human,Expression,xtrimopglm_100b,xTrimoPGLM-100B-int4,single_sequence,official_zero_shot_paired_complete_case,0.46736306086293106,10.041569702604116,9.361730043678175,-797.9848190495562,0.1,0.1863013698630137,0.9595700644027396,0.5623462285374581,0.9404486418496815,3648
TPOR_HUMAN_Bridgford_2020,TPOR_HUMAN,Human,OrganismalFitness,xtrimopglm_100b,xTrimoPGLM-100B-int4,single_sequence,official_zero_shot_paired_complete_case,0.4551679279047173,8.926150064561424,8.323392448587919,-523.636643055028,0.1,0.22807017543859648,-0.14217801280231007,0.5350915790547859,0.0,562
TRPC_SACS2_Chan_2017,TRPC_SACS2,Prokaryote,OrganismalFitness,xtrimopglm_100b,xTrimoPGLM-100B-int4,single_sequence,official_zero_shot_paired_complete_case,0.640924843776399,9.259968295577035,8.392006997996198,-229.6295263299686,0.1,0.4868421052631579,0.24309327692105265,1.2981730525988286,0.5427776354458935,1519
TRPC_THEMA_Chan_2017,TRPC_THEMA,Prokaryote,OrganismalFitness,xtrimopglm_100b,xTrimoPGLM-100B-int4,single_sequence,official_zero_shot_paired_complete_case,0.4629261227700885,8.370038139863443,7.346974732001155,-189.2910864958001,0.1,0.375,-0.01815772020394737,1.1039706838196386,0.8271724400148858,1519
UBC9_HUMAN_Weile_2017,UBC9_HUMAN,Human,OrganismalFitness,xtrimopglm_100b,xTrimoPGLM-100B-int4,single_sequence,official_zero_shot_paired_complete_case,0.25360941741661647,13.494474359983013,13.270542181642316,-731.2607491482571,0.1,0.0933852140077821,0.6823515386536964,0.4725515080027468,4.896918910033254,2563
UBE4B_HUMAN_Tsuboyama_2023_3L1X,UBE4B_HUMAN,Human,Stability,xtrimopglm_100b,xTrimoPGLM-100B-int4,single_sequence,official_zero_shot_paired_complete_case,0.3559399590600466,10.998171882538491,10.620712939851328,-100.93236685809613,0.1,0.21428571428571427,-0.34140375841981124,0.7088891407213799,0.4672293911810499,1118
UBE4B_MOUSE_Starita_2013,UBE4B_MOUSE,Eukaryote,Activity,xtrimopglm_100b,xTrimoPGLM-100B-int4,single_sequence,official_zero_shot_paired_complete_case,0.26431292669259915,7.447529888820806,6.756499518176746,-42.73261587371179,0.1,0.08888888888888889,-0.20410536327777773,0.31335870438024654,3.5528468638418005,899
UBR5_HUMAN_Tsuboyama_2023_1I2T,UBR5_HUMAN,Human,Stability,xtrimopglm_100b,xTrimoPGLM-100B-int4,single_sequence,official_zero_shot_paired_complete_case,0.332818023090367,11.037530004601148,10.63377017959164,-154.66283690733306,0.1,0.10909090909090909,0.003430506507409143,0.5787913329158716,0.3073504340096791,1094
VG08_BPP22_Tsuboyama_2023_2GP8,VG08_BPP22,Virus,Stability,xtrimopglm_100b,xTrimoPGLM-100B-int4,single_sequence,official_zero_shot_paired_complete_case,0.6677516601409387,3.876395250151343,2.8911998703646047,-50.40651609661994,0.1,0.2328767123287671,0.059043160586709935,0.7453532146344185,2.2146349111988153,723
VILI_CHICK_Tsuboyama_2023_1YU5,VILI_CHICK,Eukaryote,Stability,xtrimopglm_100b,xTrimoPGLM-100B-int4,single_sequence,official_zero_shot_paired_complete_case,0.5421771710162122,8.147981225161772,7.335085460461233,-86.82998758347271,0.1,0.23140495867768596,-0.12046694064812398,0.7409912231226595,0.0759110075738422,1202
VKOR1_HUMAN_Chiasson_2020_abundance,VKOR1_HUMAN,Human,Expression,xtrimopglm_100b,xTrimoPGLM-100B-int4,single_sequence,official_zero_shot_paired_complete_case,0.39497483270792316,11.769360808908086,11.254696795053102,-1107.1302477010497,0.1,0.16666666666666666,0.9266517953316425,0.713275203419745,0.06544357912576308,2695
VKOR1_HUMAN_Chiasson_2020_activity,VKOR1_HUMAN,Human,Activity,xtrimopglm_100b,xTrimoPGLM-100B-int4,single_sequence,official_zero_shot_paired_complete_case,0.3397957340926191,11.859700364446242,11.291021581530265,-657.4887151692693,0.1,0.11428571428571428,0.9358895577562165,0.4725657534071223,0.0,697
VRPI_BPT7_Tsuboyama_2023_2WNM,VRPI_BPT7,Virus,Stability,xtrimopglm_100b,xTrimoPGLM-100B-int4,single_sequence,official_zero_shot_paired_complete_case,0.5401478709268188,2.746083420497557,2.075066700583835,-7.473048272433347,0.1,0.3047619047619048,0.018789989986361933,0.752481160726149,0.220891906072008,1047
YAIA_ECOLI_Tsuboyama_2023_2KVT,YAIA_ECOLI,Prokaryote,Stability,xtrimopglm_100b,xTrimoPGLM-100B-int4,single_sequence,official_zero_shot_paired_complete_case,0.4006225623384435,6.0188816614741905,5.454071125135298,-22.400731474677954,0.1,0.22580645161290322,-0.26887624776324437,0.7179871182495239,0.024166451168948725,928
YNZC_BACSU_Tsuboyama_2023_2JVD,YNZC_BACSU,Prokaryote,Stability,xtrimopglm_100b,xTrimoPGLM-100B-int4,single_sequence,official_zero_shot_paired_complete_case,0.47823490541979385,5.809806306770135,5.080993661720696,-48.37643081564587,0.1,0.2361111111111111,-0.06152362657850934,0.687271817868402,1.155837142432507,714
