assay_id,uniprot_id,taxon,coarse_selection_type,split,model,evaluation_type,target_space,spearman,rmse,mae,r2,top_fraction,top_recall,selected_target_mean,selection_gain_sd,best_variant_regret_sd,test_rows
A0A140D2T1_ZIKV_Sourisseau_2019,A0A140D2T1_ZIKV,Virus,OrganismalFitness,contiguous_position,esm1v_embedding_probe,official_out_of_fold_predictions,ProteinGym_normalized_targets,0.012776292462378358,1.1453865663842482,0.5579329495501255,-0.131854990017243,0.1,0.12839248434237996,0.19453681967409117,0.034735669647026755,8.664598042949786,9576
A0A192B1T2_9HIV1_Haddox_2018,A0A192B1T2_9HIV1,Virus,OrganismalFitness,contiguous_position,esm1v_embedding_probe,official_out_of_fold_predictions,ProteinGym_normalized_targets,0.5283764442608145,0.8750814450611495,0.7001557525401989,0.26931681421071285,0.1,0.2686804451510334,-0.6309513539491256,0.9353521074043851,0.18793883825665006,12577
A0A1I9GEU1_NEIME_Kennouche_2019,A0A1I9GEU1_NEIME,Prokaryote,Activity,contiguous_position,esm1v_embedding_probe,official_out_of_fold_predictions,ProteinGym_normalized_targets,0.026529500312912003,1.0986579332804514,0.8328020296290672,-0.1939337248704689,0.1,0.08602150537634409,-0.16579569892473114,-0.10953497595209236,1.9302162342829188,922
A0A247D711_LISMN_Stadelmann_2021,A0A247D711_LISMN,Prokaryote,Activity,contiguous_position,esm1v_embedding_probe,official_out_of_fold_predictions,ProteinGym_normalized_targets,0.2583460781457573,1.2133455849714632,0.8037504344833031,-0.45317208631823935,0.1,0.18072289156626506,-0.031547431686862616,0.3504791679982336,0.027765664500805996,1653
A0A2Z5U3Z0_9INFA_Doud_2016,A0A2Z5U3Z0_9INFA,Virus,OrganismalFitness,contiguous_position,esm1v_embedding_probe,official_out_of_fold_predictions,ProteinGym_normalized_targets,0.5513498026416754,0.8577049222253481,0.6900629345220257,0.28745166308454095,0.1,0.33115671641791045,-0.7824138847285447,1.0274812309248886,0.0,10715
A0A2Z5U3Z0_9INFA_Wu_2014,A0A2Z5U3Z0_9INFA,Virus,OrganismalFitness,contiguous_position,esm1v_embedding_probe,official_out_of_fold_predictions,ProteinGym_normalized_targets,0.5120970021927266,0.9907799118069822,0.42321580250159574,0.06080964200298333,0.1,0.225531914893617,0.8064943957234042,0.4127736188322692,8.87693850755473,2350
A4D664_9INFA_Soh_2019,A4D664_9INFA,Virus,OrganismalFitness,contiguous_position,esm1v_embedding_probe,official_out_of_fold_predictions,ProteinGym_normalized_targets,0.1540371314213131,1.0503770969798978,0.6890265524932792,-0.005213206958160521,0.1,0.12266112266112267,0.4222697831284758,0.11689623882764279,22.322944740339253,14421
A4GRB6_PSEAI_Chen_2020,A4GRB6_PSEAI,Prokaryote,OrganismalFitness,contiguous_position,esm1v_embedding_probe,official_out_of_fold_predictions,ProteinGym_normalized_targets,0.7080671264175088,0.7111043376364737,0.56481695020071,0.5260965117266434,0.1,0.19760479041916168,-0.3704638255503485,0.7436962887295667,0.0,5004
A4_HUMAN_Seuma_2022,A4_HUMAN,Human,Stability,contiguous_position,esm1v_embedding_probe,official_out_of_fold_predictions,ProteinGym_normalized_targets,0.6210196599816867,0.8589878068171584,0.6734857912724875,0.42762620591938405,0.1,0.175,0.09253054683449716,0.6879044487430561,0.7796109530304286,796
AACC1_PSEAI_Dandage_2018,AACC1_PSEAI,Prokaryote,OrganismalFitness,contiguous_position,esm1v_embedding_probe,official_out_of_fold_predictions,ProteinGym_normalized_targets,0.5067719697522688,0.9028432485049569,0.7108849273665964,0.21309769202704854,0.1,0.23756906077348067,1.8184459823622101,0.5057282713994967,0.0,1801
ACE2_HUMAN_Chan_2020,ACE2_HUMAN,Human,Binding,contiguous_position,esm1v_embedding_probe,official_out_of_fold_predictions,ProteinGym_normalized_targets,0.2502925211695142,1.0482585512691003,0.8250473635204858,0.003124108388805946,0.1,0.16143497757847533,0.0550217280201794,0.40903254189483124,0.07533275796270293,2223
ADRB2_HUMAN_Jones_2020,ADRB2_HUMAN,Human,Activity,contiguous_position,esm1v_embedding_probe,official_out_of_fold_predictions,ProteinGym_normalized_targets,0.5678273528571227,0.8714107090192849,0.6428573473064026,0.2762504970147812,0.1,0.16538461538461538,2.2913632604214578,0.473632641289305,1.024138276795975,7800
AMFR_HUMAN_Tsuboyama_2023_4G3O,AMFR_HUMAN,Human,Stability,contiguous_position,esm1v_embedding_probe,official_out_of_fold_predictions,ProteinGym_normalized_targets,0.6513718716445908,0.7848700638223475,0.6063911016600487,0.4181757728838872,0.1,0.32926829268292684,0.05447016235214467,0.7900722486101937,0.1489896801764587,820
AMIE_PSEAE_Wrenbeck_2017,AMIE_PSEAE,Prokaryote,Activity,contiguous_position,esm1v_embedding_probe,official_out_of_fold_predictions,ProteinGym_normalized_targets,0.6989514194631126,0.7855728759410986,0.5839309625303496,0.4322337275946172,0.1,0.09149277688603531,-0.006131300160513645,0.7705543988419509,0.8951978088352177,6227
ANCSZ_Hobbs_2022,ANCSZ,Eukaryote,Activity,contiguous_position,esm1v_embedding_probe,official_out_of_fold_predictions,ProteinGym_normalized_targets,0.5590375206693611,0.8099458606858851,0.5837665209599894,0.3632158684421606,0.1,0.1905781584582441,0.008121331870412092,0.6323351393389895,0.22813051586152647,4670
ARGR_ECOLI_Tsuboyama_2023_1AOY,ARGR_ECOLI,Prokaryote,Stability,contiguous_position,esm1v_embedding_probe,official_out_of_fold_predictions,ProteinGym_normalized_targets,0.6128761078216756,0.6986203470706195,0.5252473196935975,0.5200441702973939,0.1,0.24031007751937986,-0.17723985567603065,0.6365256654644258,0.47561326182821057,1287
BBC1_YEAST_Tsuboyama_2023_1TG0,BBC1_YEAST,Eukaryote,Stability,contiguous_position,esm1v_embedding_probe,official_out_of_fold_predictions,ProteinGym_normalized_targets,0.6368090896145694,0.7932443781439951,0.6291571153622141,0.3761013447688638,0.1,0.28440366972477066,0.22531308285542143,0.9460874290461501,0.20192196873992366,1084
BCHB_CHLTE_Tsuboyama_2023_2KRU,BCHB_CHLTE,Prokaryote,Stability,contiguous_position,esm1v_embedding_probe,official_out_of_fold_predictions,ProteinGym_normalized_targets,0.42772754359058884,1.0031004114250113,0.7740145523258426,0.022753037914732932,0.1,0.30337078651685395,-0.10969428709787629,0.6035434878582182,0.059257490743450034,890
BLAT_ECOLX_Deng_2012,BLAT_ECOLX,Prokaryote,OrganismalFitness,contiguous_position,esm1v_embedding_probe,official_out_of_fold_predictions,ProteinGym_normalized_targets,0.4825669037062205,0.891735972552017,0.7267819783178083,0.2156160791340922,0.1,0.31,-1.5572948698199998,0.761141629458168,0.23846100693051575,4996
BLAT_ECOLX_Firnberg_2014,BLAT_ECOLX,Prokaryote,OrganismalFitness,contiguous_position,esm1v_embedding_probe,official_out_of_fold_predictions,ProteinGym_normalized_targets,0.7377781712615079,0.7157284399261036,0.557371661156522,0.4883685011384018,0.1,0.348643006263048,0.9558129436325679,0.9939742546671785,0.0,4783
BLAT_ECOLX_Jacquier_2013,BLAT_ECOLX,Prokaryote,OrganismalFitness,contiguous_position,esm1v_embedding_probe,official_out_of_fold_predictions,ProteinGym_normalized_targets,0.6919490275712945,0.6864540172208373,0.5258516772384226,0.5332980397050189,0.1,0.23232323232323232,-0.27067713044444447,0.6596805263640417,0.2562038999457509,989
BLAT_ECOLX_Stiffler_2015,BLAT_ECOLX,Prokaryote,OrganismalFitness,contiguous_position,esm1v_embedding_probe,official_out_of_fold_predictions,ProteinGym_normalized_targets,0.7408567740461481,0.6858720540278962,0.5325600341148178,0.531779240655213,0.1,0.35,-0.250637887658,0.8727030921287012,0.0,4996
BRCA1_HUMAN_Findlay_2018,BRCA1_HUMAN,Human,OrganismalFitness,contiguous_position,esm1v_embedding_probe,official_out_of_fold_predictions,ProteinGym_normalized_targets,0.42536151573526687,0.8657873936943065,0.6424963398981572,0.2601839065684365,0.1,0.11956521739130435,-0.42006181866847825,0.20376905176128648,0.0,1837
C6KNH7_9INFA_Lee_2018,C6KNH7_9INFA,Virus,OrganismalFitness,contiguous_position,esm1v_embedding_probe,official_out_of_fold_predictions,ProteinGym_normalized_targets,0.508790774654173,0.8830369337358661,0.7105898679125716,0.2409191459511767,0.1,0.34386617100371747,-0.6018883441726066,0.9620198761336978,0.0,10754
CALM1_HUMAN_Weile_2017,CALM1_HUMAN,Human,OrganismalFitness,contiguous_position,esm1v_embedding_probe,official_out_of_fold_predictions,ProteinGym_normalized_targets,0.27788406730956244,0.9603854800846285,0.7558563472697517,0.08047596037145144,0.1,0.04945054945054945,0.8996130081373627,0.4319212159800345,0.2830040196237928,1813
CAPSD_AAV2S_Sinai_2021,CAPSD_AAV2S,Virus,OrganismalFitness,contiguous_position,esm1v_embedding_probe,official_out_of_fold_predictions,ProteinGym_normalized_targets,0.24493692016156715,1.0696547634552078,0.8728957237879699,0.07227823612922968,0.1,0.5370370370370371,1.6088253412629503,1.138017886993042,0.0,532
CAR11_HUMAN_Meitlis_2020_gof,CAR11_HUMAN,Human,OrganismalFitness,contiguous_position,esm1v_embedding_probe,official_out_of_fold_predictions,ProteinGym_normalized_targets,0.2640528797371978,1.1331099753414338,0.7191079693485299,-0.02999116576427019,0.1,0.18907563025210083,-0.16943035670728288,0.28216858441891884,1.612594792149226,2374
CAR11_HUMAN_Meitlis_2020_lof,CAR11_HUMAN,Human,OrganismalFitness,contiguous_position,esm1v_embedding_probe,official_out_of_fold_predictions,ProteinGym_normalized_targets,0.5127928396173149,0.9542290682733043,0.74657318712676,0.25003933500383113,0.1,0.22916666666666666,-0.15899993162534723,0.6985146920616186,0.001906656336882432,2395
CAS9_STRP1_Spencer_2017_positive,CAS9_STRP1,Prokaryote,Activity,contiguous_position,esm1v_embedding_probe,official_out_of_fold_predictions,ProteinGym_normalized_targets,-0.0018860355610456293,1.0143889618900792,0.6921088312432523,-0.02081205249011675,0.1,0.07881773399014778,-0.2920496889728494,-0.06516112530915417,1.7987371072287923,8117
CASP3_HUMAN_Roychowdhury_2020,CASP3_HUMAN,Human,Activity,contiguous_position,esm1v_embedding_probe,official_out_of_fold_predictions,ProteinGym_normalized_targets,0.6258261919956241,0.7737250517241987,0.6030954989666879,0.40535933126650026,0.1,0.17834394904458598,0.43104322587080685,0.710162580105286,0.659635453644061,1567
CASP7_HUMAN_Roychowdhury_2020,CASP7_HUMAN,Human,Activity,contiguous_position,esm1v_embedding_probe,official_out_of_fold_predictions,ProteinGym_normalized_targets,0.6369987173525581,0.8102115071462785,0.6156808088311191,0.3600142887148071,0.1,0.20238095238095238,0.23618320501120507,0.7592446667704417,3.7495179075810556,1680
CATR_CHLRE_Tsuboyama_2023_2AMI,CATR_CHLRE,Eukaryote,Stability,contiguous_position,esm1v_embedding_probe,official_out_of_fold_predictions,ProteinGym_normalized_targets,0.7276561640973375,0.6944914611594676,0.526283122103694,0.5415989246744912,0.1,0.373134328358209,0.34875633555867663,0.9365558977410658,0.00934513196012491,1340
CBPA2_HUMAN_Tsuboyama_2023_1O6X,CBPA2_HUMAN,Human,Stability,contiguous_position,esm1v_embedding_probe,official_out_of_fold_predictions,ProteinGym_normalized_targets,0.5698871408481827,0.7173778442853751,0.543159970728961,0.5016573371317508,0.1,0.25735294117647056,-0.1829486889654896,0.539750498254172,0.0,1357
CBS_HUMAN_Sun_2020,CBS_HUMAN,Human,OrganismalFitness,contiguous_position,esm1v_embedding_probe,official_out_of_fold_predictions,ProteinGym_normalized_targets,0.40997792027126495,0.9740918010188173,0.8174305243385271,0.11885716032352722,0.1,0.16204986149584488,0.6056084469571941,0.31834126251730366,0.8550770083424509,7217
CBX4_HUMAN_Tsuboyama_2023_2K28,CBX4_HUMAN,Human,Stability,contiguous_position,esm1v_embedding_probe,official_out_of_fold_predictions,ProteinGym_normalized_targets,0.5721710175897864,0.8257624212649374,0.6423000313596511,0.34393572335556855,0.1,0.30434782608695654,-0.025261094656522588,0.7862052044792395,0.5554768081477206,917
CCDB_ECOLI_Adkar_2012,CCDB_ECOLI,Prokaryote,Activity,contiguous_position,esm1v_embedding_probe,official_out_of_fold_predictions,ProteinGym_normalized_targets,0.4461933294405402,0.9961713215433666,0.7730532044134354,0.12417407343471432,0.1,0.0847457627118644,-15.101694915254237,0.5045220508088273,0.0,1176
CCR5_HUMAN_Gill_2023,CCR5_HUMAN,Human,Binding,contiguous_position,esm1v_embedding_probe,official_out_of_fold_predictions,ProteinGym_normalized_targets,0.39168634538824876,0.9430684852726797,0.6739969693195842,0.14941911542167918,0.1,0.18241042345276873,0.09690418023887079,0.4369401793114691,3.4951296249916406,6137
CD19_HUMAN_Klesmith_2019_FMC_singles,CD19_HUMAN,Human,Binding,contiguous_position,esm1v_embedding_probe,official_out_of_fold_predictions,ProteinGym_normalized_targets,0.20312929685619854,1.0338218995258588,0.7617203064813556,-0.024181766864185716,0.1,0.14323607427055704,-0.9890742202733477,0.21250216569663363,0.5371235537440581,3761
CP2C9_HUMAN_Amorosi_2021_abundance,CP2C9_HUMAN,Human,Expression,contiguous_position,esm1v_embedding_probe,official_out_of_fold_predictions,ProteinGym_normalized_targets,0.6387424638279589,0.774229794025272,0.6124652693272875,0.4146010002586934,0.1,0.3108320251177394,0.9705141036232338,0.8673944685547517,0.6648999181006289,6370
CP2C9_HUMAN_Amorosi_2021_activity,CP2C9_HUMAN,Human,Binding,contiguous_position,esm1v_embedding_probe,official_out_of_fold_predictions,ProteinGym_normalized_targets,0.6708166822646522,0.7601176308207453,0.6101583084707733,0.4346902478133554,0.1,0.3902439024390244,0.9380075893560976,1.0891919619290897,0.06515785859417601,6142
CSN4_MOUSE_Tsuboyama_2023_1UFM,CSN4_MOUSE,Eukaryote,Stability,contiguous_position,esm1v_embedding_probe,official_out_of_fold_predictions,ProteinGym_normalized_targets,0.6787925092552338,0.6733393467466087,0.5255606781501109,0.5747058941868731,0.1,0.21323529411764705,0.006803435823431674,0.7762544229307554,0.07987760568349063,1353
CUE1_YEAST_Tsuboyama_2023_2MYX,CUE1_YEAST,Eukaryote,Stability,contiguous_position,esm1v_embedding_probe,official_out_of_fold_predictions,ProteinGym_normalized_targets,0.5823091869585686,0.836595640982659,0.674671340925864,0.33314722881301084,0.1,0.375,-0.2621865566808259,0.8136407230237581,0.3837974087270067,955
D7PM05_CLYGR_Somermeyer_2022,D7PM05_CLYGR,Eukaryote,Activity,contiguous_position,esm1v_embedding_probe,official_out_of_fold_predictions,ProteinGym_normalized_targets,0.1623439769923471,1.069423803137611,0.8333222135456271,-0.09035195331869628,0.1,0.1111111111111111,22624.858757449678,0.07604826603183659,0.29138286831070914,1169
DLG4_HUMAN_Faure_2021,DLG4_HUMAN,Human,OrganismalFitness,contiguous_position,esm1v_embedding_probe,official_out_of_fold_predictions,ProteinGym_normalized_targets,0.5644028114099979,0.824507589261654,0.6464890251263047,0.3273664620793503,0.1,0.2578125,-0.0746018103754655,0.7453958155154534,0.0,1280
DLG4_RAT_McLaughlin_2012,DLG4_RAT,Eukaryote,Binding,contiguous_position,esm1v_embedding_probe,official_out_of_fold_predictions,ProteinGym_normalized_targets,0.5940302132329117,0.8286780234153954,0.5848183300361802,0.34490927484068923,0.1,0.1962025316455696,0.05998159620253164,0.5708182014938963,0.11194056571667312,1576
DN7A_SACS2_Tsuboyama_2023_1JIC,DN7A_SACS2,Prokaryote,Stability,contiguous_position,esm1v_embedding_probe,official_out_of_fold_predictions,ProteinGym_normalized_targets,0.4970979489788855,0.8858360675689478,0.6483402021122024,0.22965231387509366,0.1,0.22772277227722773,-0.3633817058658947,0.4330946860482373,0.0,1008
DNJA1_HUMAN_Tsuboyama_2023_2LO1,DNJA1_HUMAN,Human,Stability,contiguous_position,esm1v_embedding_probe,official_out_of_fold_predictions,ProteinGym_normalized_targets,0.7223436674936986,0.657242895057653,0.48378035024180016,0.6072334368043034,0.1,0.2786885245901639,-0.019992616896413812,0.8212921389623018,0.0,1216
DOCK1_MOUSE_Tsuboyama_2023_2M0Y,DOCK1_MOUSE,Eukaryote,Stability,contiguous_position,esm1v_embedding_probe,official_out_of_fold_predictions,ProteinGym_normalized_targets,0.6812163268260096,0.7526485252821562,0.565309987132399,0.4449575835100894,0.1,0.3114754098360656,0.17546681839531467,0.8649892301337974,0.0,1213
DYR_ECOLI_Nguyen_2023,DYR_ECOLI,Prokaryote,OrganismalFitness,contiguous_position,esm1v_embedding_probe,official_out_of_fold_predictions,ProteinGym_normalized_targets,0.5476168470292608,0.7987574140545884,0.5714545698309568,0.4151946629087686,0.1,0.1678082191780822,0.9883904109589041,0.43588838004994906,0.20980406663246157,2916
DYR_ECOLI_Thompson_2019,DYR_ECOLI,Prokaryote,OrganismalFitness,contiguous_position,esm1v_embedding_probe,official_out_of_fold_predictions,ProteinGym_normalized_targets,0.4534678908265834,0.9112053222680518,0.6702902251343461,0.21732153632324225,0.1,0.0970464135021097,-0.09782679324894517,0.3948769644792586,1.5903960305129332,2363
ENVZ_ECOLI_Ghose_2023,ENVZ_ECOLI,Prokaryote,Activity,contiguous_position,esm1v_embedding_probe,official_out_of_fold_predictions,ProteinGym_normalized_targets,0.20942372407701057,1.100987034134329,0.8724241016401427,-0.08825160208668725,0.1,0.08849557522123894,3.445186803444378,0.29832326359088485,0.5840779045968639,1121
ENV_HV1BR_Haddox_2016,ENV_HV1BR,Virus,OrganismalFitness,contiguous_position,esm1v_embedding_probe,official_out_of_fold_predictions,ProteinGym_normalized_targets,0.3489327399846222,0.9811568155836093,0.5577007988611705,0.041871437863887806,0.1,0.18492618492618493,0.06617393765834426,0.3590131034391115,0.325931260613953,12863
EPHB2_HUMAN_Tsuboyama_2023_1F0M,EPHB2_HUMAN,Human,Stability,contiguous_position,esm1v_embedding_probe,official_out_of_fold_predictions,ProteinGym_normalized_targets,0.7129028472602783,0.548951505433647,0.42861565410355124,0.7019559825702293,0.1,0.20967741935483872,-0.11890945478849044,0.7133754351534489,0.0,1239
ESTA_BACSU_Nutschel_2020,ESTA_BACSU,Prokaryote,Stability,contiguous_position,esm1v_embedding_probe,official_out_of_fold_predictions,ProteinGym_normalized_targets,0.3568195350617571,0.9795329219741107,0.7793286325831055,0.07510935448982103,0.1,0.2706422018348624,47.46646788990826,0.5695241966670859,0.0,2172
FECA_ECOLI_Tsuboyama_2023_2D1U,FECA_ECOLI,Prokaryote,Stability,contiguous_position,esm1v_embedding_probe,official_out_of_fold_predictions,ProteinGym_normalized_targets,0.5278969423333111,0.8857914134057607,0.7012557773248564,0.23308699724743975,0.1,0.2786885245901639,-0.026567190518263232,0.7079337797268288,0.6674057875077549,1219
FKBP3_HUMAN_Tsuboyama_2023_2KFV,FKBP3_HUMAN,Human,Stability,contiguous_position,esm1v_embedding_probe,official_out_of_fold_predictions,ProteinGym_normalized_targets,0.29790764395467845,0.9997146193400523,0.7269289501848828,0.029317136218590556,0.1,0.14516129032258066,-0.2572232862303813,0.20289575701574186,0.9740410536445977,1237
GAL4_YEAST_Kitzman_2015,GAL4_YEAST,Eukaryote,OrganismalFitness,contiguous_position,esm1v_embedding_probe,official_out_of_fold_predictions,ProteinGym_normalized_targets,0.3924724109885781,0.9529869670363215,0.7807868133648201,0.12115075099694339,0.1,0.041666666666666664,-3.3698333333333332,0.2918961261224657,0.5102135955967992,1195
GDIA_HUMAN_Silverstein_2021,GDIA_HUMAN,Human,OrganismalFitness,contiguous_position,esm1v_embedding_probe,official_out_of_fold_predictions,ProteinGym_normalized_targets,0.49663086680201174,0.8278170064869532,0.6456877226568457,0.33832375885381727,0.1,0.14655172413793102,0.8761311557758622,0.538233785482288,0.00125787754046669,1154
GFP_AEQVI_Sarkisyan_2016,GFP_AEQVI,Eukaryote,Activity,contiguous_position,esm1v_embedding_probe,official_out_of_fold_predictions,ProteinGym_normalized_targets,0.1488633043802325,1.0390263768074262,0.6456107211037732,0.019029031240169303,0.1,0.12844036697247707,3.489321450348928,0.0910079609037732,0.19497568032238127,1084
GRB2_HUMAN_Faure_2021,GRB2_HUMAN,Human,OrganismalFitness,contiguous_position,esm1v_embedding_probe,official_out_of_fold_predictions,ProteinGym_normalized_targets,0.6528995317231443,0.7562996372876437,0.5997980769410028,0.43971483991614835,0.1,0.2692307692307692,0.0043612871907068125,0.9592530904314407,0.0,1034
HCP_LAMBD_Tsuboyama_2023_2L6Q,HCP_LAMBD,Virus,Stability,contiguous_position,esm1v_embedding_probe,official_out_of_fold_predictions,ProteinGym_normalized_targets,0.708383506556212,0.6339310704072828,0.4798717175479808,0.6086163878741156,0.1,0.3942307692307692,0.09003749895248658,0.8321009507707519,0.1236321698355655,1040
HECD1_HUMAN_Tsuboyama_2023_3DKM,HECD1_HUMAN,Human,Stability,contiguous_position,esm1v_embedding_probe,official_out_of_fold_predictions,ProteinGym_normalized_targets,0.4456672486211009,0.921879455802884,0.709183825747934,0.1963365742638875,0.1,0.2,-0.3604460969468051,0.5576292119173353,0.37669080899448804,1244
HEM3_HUMAN_Loggerenberg_2023,HEM3_HUMAN,Human,Activity,contiguous_position,esm1v_embedding_probe,official_out_of_fold_predictions,ProteinGym_normalized_targets,0.3768171222967499,0.9317687343673676,0.7668470138923772,0.1423953260676042,0.1,0.17398945518453426,0.6853705264147628,0.2569801627576519,0.35139991261731623,5689
HMDH_HUMAN_Jiang_2019,HMDH_HUMAN,Human,OrganismalFitness,contiguous_position,esm1v_embedding_probe,official_out_of_fold_predictions,ProteinGym_normalized_targets,0.465017745197868,1.0043598402909357,0.8174748660275981,0.18418134244677398,0.1,0.12930011862396204,0.6143639383155397,0.5091870479470342,0.010225015963498098,16853
HSP82_YEAST_Cote-Hammarlof_2020_growth-H2O2,HSP82_YEAST,Eukaryote,OrganismalFitness,contiguous_position,esm1v_embedding_probe,official_out_of_fold_predictions,ProteinGym_normalized_targets,0.48729706299570164,0.9422579525285274,0.6227657759331305,0.1800105719713193,0.1,0.13716814159292035,-0.0007466782632743319,0.4750809771141636,0.18645421381643643,2252
HSP82_YEAST_Flynn_2019,HSP82_YEAST,Eukaryote,OrganismalFitness,contiguous_position,esm1v_embedding_probe,official_out_of_fold_predictions,ProteinGym_normalized_targets,0.41038034794311495,0.9311501541770296,0.6860986301022793,0.20973574238539894,0.1,0.09699248120300752,-0.00543551146854509,0.47641634144144407,0.9117129470449609,13294
HSP82_YEAST_Mishra_2016,HSP82_YEAST,Eukaryote,OrganismalFitness,contiguous_position,esm1v_embedding_probe,official_out_of_fold_predictions,ProteinGym_normalized_targets,0.6100626620753585,0.8934426580653435,0.6066942920569913,0.36362993687233436,0.1,0.21478060046189376,-0.007083536431870671,0.5134570232783106,0.8865426702564257,4323
HXK4_HUMAN_Gersing_2022_activity,HXK4_HUMAN,Human,OrganismalFitness,contiguous_position,esm1v_embedding_probe,official_out_of_fold_predictions,ProteinGym_normalized_targets,0.48907084237309656,0.9412410825422822,0.6703835900303231,0.15655592515517003,0.1,0.12835472578763127,1.0524261905274213,0.5164530799818257,1.2335850511328594,8570
HXK4_HUMAN_Gersing_2023_abundance,HXK4_HUMAN,Human,Expression,contiguous_position,esm1v_embedding_probe,official_out_of_fold_predictions,ProteinGym_normalized_targets,0.3737300119410799,0.9365361621535659,0.7239922759306885,0.14545305432156963,0.1,0.17976190476190476,0.875337911529096,0.5125897039666552,0.19049765554339468,8396
I6TAH8_I68A0_Doud_2015,I6TAH8_I68A0,Virus,OrganismalFitness,contiguous_position,esm1v_embedding_probe,official_out_of_fold_predictions,ProteinGym_normalized_targets,0.09260285634768353,1.0592960166262082,0.8193723809775361,-0.06977793579700942,0.1,0.09398099260823653,-2.143443418880213,0.00998503883319049,0.4975090521234832,9462
IF1_ECOLI_Kelsic_2016,IF1_ECOLI,Prokaryote,OrganismalFitness,contiguous_position,esm1v_embedding_probe,official_out_of_fold_predictions,ProteinGym_normalized_targets,0.4697715775138211,0.8490468891100523,0.6204507510115581,0.3029469787091985,0.1,0.24087591240875914,0.9425225060729928,0.5250280748144248,0.0,1367
ILF3_HUMAN_Tsuboyama_2023_2L33,ILF3_HUMAN,Human,Stability,contiguous_position,esm1v_embedding_probe,official_out_of_fold_predictions,ProteinGym_normalized_targets,0.5499917744945736,0.713090244048312,0.5248797783157713,0.5154356756281689,0.1,0.3458646616541353,0.3076380415949117,0.7792762277559869,0.0,1329
ISDH_STAAW_Tsuboyama_2023_2LHR,ISDH_STAAW,Prokaryote,Stability,contiguous_position,esm1v_embedding_probe,official_out_of_fold_predictions,ProteinGym_normalized_targets,0.4330533059511231,0.9680126523874685,0.7403826118322978,0.09474185520909872,0.1,0.1702127659574468,-0.4666173591637306,0.28634104735644944,0.24834438124215294,940
KCNE1_HUMAN_Muhammad_2023_expression,KCNE1_HUMAN,Human,Expression,contiguous_position,esm1v_embedding_probe,official_out_of_fold_predictions,ProteinGym_normalized_targets,0.2706397455548149,1.1877369699040883,0.7686363389990211,-0.25666922461299957,0.1,0.19230769230769232,1.1320370211239317,0.45234055921375826,0.010848226352844745,2339
KCNE1_HUMAN_Muhammad_2023_function,KCNE1_HUMAN,Human,Activity,contiguous_position,esm1v_embedding_probe,official_out_of_fold_predictions,ProteinGym_normalized_targets,0.6580608893091769,0.8160401188398839,0.6145525319282894,0.48198289890450596,0.1,0.14655172413793102,0.9941513587284483,0.5840139282380193,0.47972486412745863,2315
KCNJ2_MOUSE_Coyote-Maestas_2022_function,KCNJ2_MOUSE,Eukaryote,Activity,contiguous_position,esm1v_embedding_probe,official_out_of_fold_predictions,ProteinGym_normalized_targets,0.37533840707533944,0.9596534913287924,0.7185089898871043,0.11196047856560709,0.1,0.1563845050215208,0.25882613784791964,0.4188201445661852,0.7540013382029682,6963
KCNJ2_MOUSE_Coyote-Maestas_2022_surface,KCNJ2_MOUSE,Eukaryote,Expression,contiguous_position,esm1v_embedding_probe,official_out_of_fold_predictions,ProteinGym_normalized_targets,0.2978975632203401,0.988193933830812,0.7467999806371648,0.10414544196057629,0.1,0.11849710982658959,0.24266818648988442,0.4646958749700907,0.7351940251949121,6917
KKA2_KLEPN_Melnikov_2014,KKA2_KLEPN,Prokaryote,OrganismalFitness,contiguous_position,esm1v_embedding_probe,official_out_of_fold_predictions,ProteinGym_normalized_targets,0.6861005353826372,0.8005714213055625,0.620355134821331,0.38575996904874776,0.1,0.23387096774193547,1.9196245967741936,0.7896050255884131,0.0,4960
LGK_LIPST_Klesmith_2015,LGK_LIPST,Eukaryote,Activity,contiguous_position,esm1v_embedding_probe,official_out_of_fold_predictions,ProteinGym_normalized_targets,0.5834665577435061,0.8486901001684982,0.6780461131618547,0.2980842956052967,0.1,0.3472750316856781,-0.2327191381495564,0.8660566707117555,0.2200338268376218,7890
MAFG_MOUSE_Tsuboyama_2023_1K1V,MAFG_MOUSE,Eukaryote,Stability,contiguous_position,esm1v_embedding_probe,official_out_of_fold_predictions,ProteinGym_normalized_targets,0.6864747323768581,0.7442625996197852,0.5474510568481628,0.48919174945545074,0.1,0.35064935064935066,0.09676530109361854,0.8167539051117172,0.0,762
MBD11_ARATH_Tsuboyama_2023_6ACV,MBD11_ARATH,Eukaryote,Stability,contiguous_position,esm1v_embedding_probe,official_out_of_fold_predictions,ProteinGym_normalized_targets,0.4660730105441745,0.9015283139341268,0.7067170072128311,0.27811011573935707,0.1,0.22413793103448276,-0.1735136688694339,0.5470652059329211,0.0,1155
MET_HUMAN_Estevam_2023,MET_HUMAN,Human,Activity,contiguous_position,esm1v_embedding_probe,official_out_of_fold_predictions,ProteinGym_normalized_targets,0.5912035964031298,0.7794957051703725,0.588198115989341,0.4184210579784937,0.1,0.16111111111111112,-0.4424522945660047,0.6310706249662998,0.01235087338416866,5393
MK01_HUMAN_Brenan_2016,MK01_HUMAN,Human,OrganismalFitness,contiguous_position,esm1v_embedding_probe,official_out_of_fold_predictions,ProteinGym_normalized_targets,0.24752456325256797,1.0068962082719937,0.7599519231938978,0.03336382145135697,0.1,0.1130690161527166,-8.03237225540969,0.11138004890147017,2.2520621687830964,6809
MLAC_ECOLI_MacRae_2023,MLAC_ECOLI,Prokaryote,OrganismalFitness,contiguous_position,esm1v_embedding_probe,official_out_of_fold_predictions,ProteinGym_normalized_targets,0.49760245132533587,0.8987138572571997,0.6587600773777229,0.22013713265537949,0.1,0.2144638403990025,-0.013064103536159605,0.658305963790462,0.40952893391351264,4007
MSH2_HUMAN_Jia_2020,MSH2_HUMAN,Human,OrganismalFitness,contiguous_position,esm1v_embedding_probe,official_out_of_fold_predictions,ProteinGym_normalized_targets,0.3939548503595881,0.8930681552599066,0.6914627173943656,0.23318912826694116,0.1,0.1528358208955224,3.757361194029851,0.43641214107760173,0.12175024128310642,16749
MTH3_HAEAE_RockahShmuel_2015,MTH3_HAEAE,Prokaryote,OrganismalFitness,contiguous_position,esm1v_embedding_probe,official_out_of_fold_predictions,ProteinGym_normalized_targets,0.7069687033224387,0.718561975831343,0.5804500934918458,0.49146253397714657,0.1,0.3258426966292135,0.7824719101123594,0.9580637314879937,0.0,1777
MTHR_HUMAN_Weile_2021,MTHR_HUMAN,Human,OrganismalFitness,contiguous_position,esm1v_embedding_probe,official_out_of_fold_predictions,ProteinGym_normalized_targets,0.40912799108256065,0.9707810251620819,0.7894232369507971,0.21385313196986477,0.1,0.14113873295910184,0.7797941459502806,0.4462483000446144,0.009987639517642187,12464
MYO3_YEAST_Tsuboyama_2023_2BTT,MYO3_YEAST,Eukaryote,Stability,contiguous_position,esm1v_embedding_probe,official_out_of_fold_predictions,ProteinGym_normalized_targets,0.5920428974297551,0.8576397531547316,0.6692926101639917,0.30465867786621326,0.1,0.3368421052631579,-0.12379599664027831,0.8049422106099072,0.0,947
NCAP_I34A1_Doud_2015,NCAP_I34A1,Virus,OrganismalFitness,contiguous_position,esm1v_embedding_probe,official_out_of_fold_predictions,ProteinGym_normalized_targets,0.10221206072282303,1.0629311793454788,0.8272225484417278,-0.12606283555130982,0.1,0.13621964097148892,-2.6745627332332123,0.05843923988130739,0.2820789789169409,9462
NKX31_HUMAN_Tsuboyama_2023_2L9R,NKX31_HUMAN,Human,Stability,contiguous_position,esm1v_embedding_probe,official_out_of_fold_predictions,ProteinGym_normalized_targets,0.6956960868734582,0.745278109060521,0.5687804744426458,0.5054563334425894,0.1,0.3130434782608696,0.08745499472978806,0.8475935793844575,0.0,1149
NPC1_HUMAN_Erwood_2022_HEK293T,NPC1_HUMAN,Human,Activity,contiguous_position,esm1v_embedding_probe,official_out_of_fold_predictions,ProteinGym_normalized_targets,0.4404451390230738,0.9279807673040348,0.7955258197395919,0.18645990360929132,0.1,0.15625,0.7492788876067709,0.5969982042363075,0.06238227951927034,637
NUD15_HUMAN_Suiter_2020,NUD15_HUMAN,Human,Expression,contiguous_position,esm1v_embedding_probe,official_out_of_fold_predictions,ProteinGym_normalized_targets,0.6475895678268281,0.7671950663700742,0.609426388124796,0.42579759122276817,0.1,0.2771929824561403,0.8428814235012215,0.8515833958020252,0.11213577721992882,2844
NUSA_ECOLI_Tsuboyama_2023_1WCL,NUSA_ECOLI,Prokaryote,Stability,contiguous_position,esm1v_embedding_probe,official_out_of_fold_predictions,ProteinGym_normalized_targets,0.7300747426563472,0.6781267548893366,0.511683976285758,0.5557188878385327,0.1,0.3053435114503817,-0.11098878964631154,0.725156492366415,0.3035194332861154,1306
NUSG_MYCTU_Tsuboyama_2023_2MI6,NUSG_MYCTU,Prokaryote,Stability,contiguous_position,esm1v_embedding_probe,official_out_of_fold_predictions,ProteinGym_normalized_targets,0.6674301639926568,0.7470798593890141,0.5587251814600589,0.4576547483940545,0.1,0.3235294117647059,0.1595980774293885,0.94373313190984,0.08583263996688659,1019
OBSCN_HUMAN_Tsuboyama_2023_1V1C,OBSCN_HUMAN,Human,Stability,contiguous_position,esm1v_embedding_probe,official_out_of_fold_predictions,ProteinGym_normalized_targets,0.6750528817901328,0.6088290938488149,0.46964075351150036,0.6380066394218092,0.1,0.3770491803278688,-0.08956859884838929,0.7641042137842615,0.0,1213
ODP2_GEOSE_Tsuboyama_2023_1W4G,ODP2_GEOSE,Prokaryote,Stability,contiguous_position,esm1v_embedding_probe,official_out_of_fold_predictions,ProteinGym_normalized_targets,0.23471855566024766,1.093375220196747,0.8013484690892868,-0.1295709508624343,0.1,0.19402985074626866,-0.8655721153869806,-0.118929354311961,1.3546056212380835,669
OTC_HUMAN_Lo_2023,OTC_HUMAN,Human,Activity,contiguous_position,esm1v_embedding_probe,official_out_of_fold_predictions,ProteinGym_normalized_targets,0.6576587788441243,0.78894757441474,0.6296588158807325,0.39867865804295965,0.1,0.3885350318471338,0.8898853503184713,1.0987374279525222,0.25758067222419945,1570
OTU7A_HUMAN_Tsuboyama_2023_2L2D,OTU7A_HUMAN,Human,Stability,contiguous_position,esm1v_embedding_probe,official_out_of_fold_predictions,ProteinGym_normalized_targets,0.7426473489813833,0.817108181177425,0.5623443011489764,0.34958553645399615,0.1,0.421875,0.2243336370950318,1.0230257960903228,0.0,635
OXDA_RHOTO_Vanella_2023_activity,OXDA_RHOTO,Eukaryote,Activity,contiguous_position,esm1v_embedding_probe,official_out_of_fold_predictions,ProteinGym_normalized_targets,0.3878140337918521,0.9468000228603897,0.7321134600979838,0.11786685266588492,0.1,0.1796875,-0.04994014591607454,0.4540566493739366,0.0,6396
OXDA_RHOTO_Vanella_2023_expression,OXDA_RHOTO,Eukaryote,Expression,contiguous_position,esm1v_embedding_probe,official_out_of_fold_predictions,ProteinGym_normalized_targets,0.34524232343013017,0.944701530756807,0.7561421526665549,0.13018254811512553,0.1,0.1654357459379616,-0.029744054294725555,0.35102487586082304,0.20565289403468132,6769
P53_HUMAN_Giacomelli_2018_Null_Etoposide,P53_HUMAN,Human,OrganismalFitness,contiguous_position,esm1v_embedding_probe,official_out_of_fold_predictions,ProteinGym_normalized_targets,0.5768095832785582,0.8212883995194669,0.6583228618603649,0.40249847735320454,0.1,0.10441767068273092,0.49689083242052523,0.4601095033266657,0.4427470862845511,7467
P53_HUMAN_Giacomelli_2018_Null_Nutlin,P53_HUMAN,Human,OrganismalFitness,contiguous_position,esm1v_embedding_probe,official_out_of_fold_predictions,ProteinGym_normalized_targets,0.6017435153164333,0.9583816637566378,0.7146951936135477,0.2935115296679368,0.1,0.3293172690763052,0.910113580894271,0.890967921494613,0.6794135401729131,7467
P53_HUMAN_Giacomelli_2018_WT_Nutlin,P53_HUMAN,Human,OrganismalFitness,contiguous_position,esm1v_embedding_probe,official_out_of_fold_predictions,ProteinGym_normalized_targets,0.7096059086152905,0.8369002289249314,0.6271313556330493,0.4738903927854371,0.1,0.18473895582329317,0.7256312189184276,0.7201045000714856,1.4713132753148852,7467
P53_HUMAN_Kotler_2018,P53_HUMAN,Human,OrganismalFitness,contiguous_position,esm1v_embedding_probe,official_out_of_fold_predictions,ProteinGym_normalized_targets,0.6336446679055384,0.7897455785703016,0.6412323645267461,0.39713867274335,0.1,0.21904761904761905,2.3092319288589382,0.8541168360327343,0.2780540656323557,1048
P84126_THETH_Chan_2017,P84126_THETH,Prokaryote,OrganismalFitness,contiguous_position,esm1v_embedding_probe,official_out_of_fold_predictions,ProteinGym_normalized_targets,0.6254231051296076,0.7880560728488029,0.6107390376129888,0.39591960582320096,0.1,0.39473684210526316,0.24328725732894735,1.1674659190104988,0.017354440812570444,1519
PABP_YEAST_Melamed_2013,PABP_YEAST,Eukaryote,OrganismalFitness,contiguous_position,esm1v_embedding_probe,official_out_of_fold_predictions,ProteinGym_normalized_targets,0.635936869457968,0.7917488191273663,0.6111293443109941,0.40162510426707276,0.1,0.2773109243697479,0.8939543390252098,0.647133962277205,4.0886889220106095,1187
PAI1_HUMAN_Huttinger_2021,PAI1_HUMAN,Human,Activity,contiguous_position,esm1v_embedding_probe,official_out_of_fold_predictions,ProteinGym_normalized_targets,0.4269106324514923,0.9015900447967722,0.7042276499882132,0.1921021480760985,0.1,0.205607476635514,0.46807693603364486,0.574587477367581,0.3946960417223471,5345
PA_I34A1_Wu_2015,PA_I34A1,Virus,OrganismalFitness,contiguous_position,esm1v_embedding_probe,official_out_of_fold_predictions,ProteinGym_normalized_targets,0.08183529673808872,1.0366159168150355,0.6823263777418209,-0.0016076255166634912,0.1,0.0989010989010989,0.417654003695055,-0.06118087933510488,5.522539505428918,1820
PHOT_CHLRE_Chen_2023,PHOT_CHLRE,Eukaryote,Activity,contiguous_position,esm1v_embedding_probe,official_out_of_fold_predictions,ProteinGym_normalized_targets,0.6410030341472319,0.7194056541031212,0.5422695994267813,0.4990930392423968,0.1,0.19718309859154928,1.2598621586125438,0.5660944686942961,0.304293502984966,2122
PIN1_HUMAN_Tsuboyama_2023_1I6C,PIN1_HUMAN,Human,Stability,contiguous_position,esm1v_embedding_probe,official_out_of_fold_predictions,ProteinGym_normalized_targets,0.7811891322866897,0.6784518073559984,0.500245787805102,0.5967784236439351,0.1,0.34782608695652173,0.03392353760786419,0.9364143091068535,0.3143905798546123,686
PITX2_HUMAN_Tsuboyama_2023_2L7M,PITX2_HUMAN,Human,Stability,contiguous_position,esm1v_embedding_probe,official_out_of_fold_predictions,ProteinGym_normalized_targets,0.5593119180424045,0.8370731259548847,0.663310301636354,0.3140051157637086,0.1,0.30851063829787234,0.17699246355047882,0.8973104903140846,0.057469559807606894,938
PKN1_HUMAN_Tsuboyama_2023_1URF,PKN1_HUMAN,Human,Stability,contiguous_position,esm1v_embedding_probe,official_out_of_fold_predictions,ProteinGym_normalized_targets,0.5246967606790075,0.7589336807937009,0.5850075779117294,0.44975569025682127,0.1,0.24427480916030533,0.21958188873375936,0.6752605928030626,0.0,1301
POLG_CXB3N_Mattenberger_2021,POLG_CXB3N,Virus,OrganismalFitness,contiguous_position,esm1v_embedding_probe,official_out_of_fold_predictions,ProteinGym_normalized_targets,0.19645698396089123,1.0356256100331234,0.8364684824439895,-0.05540045132687288,0.1,0.21119592875318066,-2.0487031881694207,0.48043601966224686,0.7637626062791483,15711
POLG_DEN26_Suphatrakul_2023,POLG_DEN26,Virus,OrganismalFitness,contiguous_position,esm1v_embedding_probe,official_out_of_fold_predictions,ProteinGym_normalized_targets,0.14264608394225942,1.0121037392265226,0.8917109586202053,-0.009933394723466549,0.1,0.10532544378698225,-4.0157491541218215,0.1179736566879153,0.3682782561405618,16897
POLG_HCVJF_Qi_2014,POLG_HCVJF,Virus,OrganismalFitness,contiguous_position,esm1v_embedding_probe,official_out_of_fold_predictions,ProteinGym_normalized_targets,0.46255426063234356,0.9259941169250682,0.7585723178599387,0.14570463938503586,0.1,0.3987730061349693,-0.24190651152147244,1.3009025841480166,0.7314949949730409,1630
POLG_PESV_Tsuboyama_2023_2MXD,POLG_PESV,Virus,Stability,contiguous_position,esm1v_embedding_probe,official_out_of_fold_predictions,ProteinGym_normalized_targets,0.39409432315878684,0.8781838161733704,0.6733046624864323,0.2704177485519531,0.1,0.14,-0.6546076638913065,0.34151738267443355,0.2968393092437785,995
PPARG_HUMAN_Majithia_2016,PPARG_HUMAN,Human,Activity,contiguous_position,esm1v_embedding_probe,official_out_of_fold_predictions,ProteinGym_normalized_targets,0.7714936321650041,0.7535611653423422,0.5990349329273724,0.5610681320203792,0.1,0.3674321503131524,2.0120386221294364,0.9994295989899639,0.0,9576
PPM1D_HUMAN_Miller_2022,PPM1D_HUMAN,Human,OrganismalFitness,contiguous_position,esm1v_embedding_probe,official_out_of_fold_predictions,ProteinGym_normalized_targets,0.650874138262312,0.8070710964702938,0.6126418409642413,0.3923160347814715,0.1,0.19898605830164764,0.19198426742712293,0.6698353575633651,0.6075715930762854,7889
PR40A_HUMAN_Tsuboyama_2023_1UZC,PR40A_HUMAN,Human,Stability,contiguous_position,esm1v_embedding_probe,official_out_of_fold_predictions,ProteinGym_normalized_targets,0.5182961873186797,0.8970250666864066,0.6609153534372656,0.2451181475313542,0.1,0.23931623931623933,-0.09058158372866038,0.518058475088878,0.3094833946926396,1163
PRKN_HUMAN_Clausen_2023,PRKN_HUMAN,Human,Expression,contiguous_position,esm1v_embedding_probe,official_out_of_fold_predictions,ProteinGym_normalized_targets,0.6700871573218837,0.742783580541871,0.5629863196131145,0.4653524690768631,0.1,0.2328767123287671,1.0003247936095243,0.7783666312289946,0.002380360526403876,8756
PSAE_PICP2_Tsuboyama_2023_1PSE,PSAE_PICP2,Prokaryote,Stability,contiguous_position,esm1v_embedding_probe,official_out_of_fold_predictions,ProteinGym_normalized_targets,0.6199827067156625,0.8001462951187521,0.6207671284241181,0.41858011978936804,0.1,0.18032786885245902,0.12555230742507123,0.6464100219805321,0.7510103232717972,1219
PTEN_HUMAN_Matreyek_2021,PTEN_HUMAN,Human,Expression,contiguous_position,esm1v_embedding_probe,official_out_of_fold_predictions,ProteinGym_normalized_targets,0.475213242551281,0.8973838886663298,0.7092479603212938,0.21171953369179763,0.1,0.21218074656188604,0.9321116375533248,0.6913016705029306,0.04189372327942894,5083
PTEN_HUMAN_Mighell_2018,PTEN_HUMAN,Human,Activity,contiguous_position,esm1v_embedding_probe,official_out_of_fold_predictions,ProteinGym_normalized_targets,0.5064182602168331,0.8548153828244893,0.6763545094842418,0.32905654722519073,0.1,0.1446280991735537,-0.16362260075895313,0.5328522065105004,0.38174362713627746,7260
Q2N0S5_9HIV1_Haddox_2018,Q2N0S5_9HIV1,Virus,OrganismalFitness,contiguous_position,esm1v_embedding_probe,official_out_of_fold_predictions,ProteinGym_normalized_targets,0.5424470520321149,0.8540545519606516,0.6982101943095967,0.28586931430154894,0.1,0.23487824037706206,-0.3780327451633935,0.9311654676996348,0.06377224806796891,12729
Q53Z42_HUMAN_McShan_2019_binding-TAPBPR,Q53Z42_HUMAN,Human,Binding,contiguous_position,esm1v_embedding_probe,official_out_of_fold_predictions,ProteinGym_normalized_targets,0.5240956547544211,0.8894455059759231,0.6771390831270903,0.2820133705418427,0.1,0.2298507462686567,0.8882537313432834,0.7338625036363939,0.0,3344
Q53Z42_HUMAN_McShan_2019_expression,Q53Z42_HUMAN,Human,Expression,contiguous_position,esm1v_embedding_probe,official_out_of_fold_predictions,ProteinGym_normalized_targets,0.5576038186447215,0.8400031451268624,0.6735933892259232,0.3059760152165403,0.1,0.2746268656716418,0.5009552238805971,0.8210607064489082,0.0,3344
Q59976_STRSQ_Romero_2015,Q59976_STRSQ,Prokaryote,Activity,contiguous_position,esm1v_embedding_probe,official_out_of_fold_predictions,ProteinGym_normalized_targets,0.5455535181081912,0.837635756210813,0.6349259393077493,0.3023758516523608,0.1,0.17666666666666667,-0.5466466666666667,0.4496517233090821,0.9802255479611718,2999
Q6WV12_9MAXI_Somermeyer_2022,Q6WV12_9MAXI,Eukaryote,Activity,contiguous_position,esm1v_embedding_probe,official_out_of_fold_predictions,ProteinGym_normalized_targets,-0.06870920061211552,1.2319033314578534,0.8712124837284838,-0.3310703238482935,0.1,0.06086956521739131,13457.920193250508,-0.2345906408276554,1.2357531208464576,1141
Q837P4_ENTFA_Meier_2023,Q837P4_ENTFA,Prokaryote,Activity,contiguous_position,esm1v_embedding_probe,official_out_of_fold_predictions,ProteinGym_normalized_targets,0.6723597542933496,0.7608164100592477,0.5614192999467719,0.5902618785209209,0.1,0.21428571428571427,-0.32456162180476184,0.6752019913980828,0.20437217346765035,697
Q837P5_ENTFA_Meier_2023,Q837P5_ENTFA,Prokaryote,Activity,contiguous_position,esm1v_embedding_probe,official_out_of_fold_predictions,ProteinGym_normalized_targets,0.40677247851062176,1.060561434719488,0.8133056659679184,0.017839303631422276,0.1,0.12,-0.759240557651111,0.473701588212084,0.27235598135233224,747
Q8WTC7_9CNID_Somermeyer_2022,Q8WTC7_9CNID,Eukaryote,Activity,contiguous_position,esm1v_embedding_probe,official_out_of_fold_predictions,ProteinGym_normalized_targets,0.08753609735844108,1.1213562516514002,0.8204372486695837,-0.16707929443020375,0.1,0.05785123966942149,7700.4013837574885,0.036556676062435414,1.9149648695931243,1201
R1AB_SARS2_Flynn_2022,R1AB_SARS2,Virus,OrganismalFitness,contiguous_position,esm1v_embedding_probe,official_out_of_fold_predictions,ProteinGym_normalized_targets,0.24793937587620374,1.0576064881336242,0.8904274961812542,-0.05358479337627564,0.1,0.12390924956369982,0.6913518514932522,0.11960141781092136,0.0020246686449394025,5725
RAD_ANTMA_Tsuboyama_2023_2CJJ,RAD_ANTMA,Eukaryote,Stability,contiguous_position,esm1v_embedding_probe,official_out_of_fold_predictions,ProteinGym_normalized_targets,0.48061452620593703,0.9306547445019343,0.7222235844837984,0.2736465133948621,0.1,0.15384615384615385,0.07864703654690186,0.586799515963176,0.5719244986710419,774
RASH_HUMAN_Bandaru_2017,RASH_HUMAN,Human,Activity,contiguous_position,esm1v_embedding_probe,official_out_of_fold_predictions,ProteinGym_normalized_targets,0.5234695592689614,0.8746512233696037,0.6537816511200895,0.26773000808621106,0.1,0.14012738853503184,0.07254853834394905,0.651343276891004,4.366995507178132,3134
RASK_HUMAN_Weng_2022_abundance,RASK_HUMAN,Human,Expression,contiguous_position,esm1v_embedding_probe,official_out_of_fold_predictions,ProteinGym_normalized_targets,0.34785932539015646,0.9881538387919295,0.7826503404620123,0.08517430588226083,0.1,0.16612377850162866,-0.19241060428929338,0.3804169488865872,0.3674416581808002,3066
RASK_HUMAN_Weng_2022_binding-DARPin_K55,RASK_HUMAN,Human,Binding,contiguous_position,esm1v_embedding_probe,official_out_of_fold_predictions,ProteinGym_normalized_targets,0.5911032090862391,0.8976852672059908,0.6328279274234663,0.33549326632669096,0.1,0.18446601941747573,-0.02083237334373405,0.627565916206508,0.00609572175651704,3084
RBP1_HUMAN_Tsuboyama_2023_2KWH,RBP1_HUMAN,Human,Stability,contiguous_position,esm1v_embedding_probe,official_out_of_fold_predictions,ProteinGym_normalized_targets,0.7325938201563477,0.6444682608730519,0.48174976487567184,0.6124683733599192,0.1,0.37755102040816324,0.3223405152867658,0.8831479339517815,0.0,975
RCD1_ARATH_Tsuboyama_2023_5OAO,RCD1_ARATH,Eukaryote,Stability,contiguous_position,esm1v_embedding_probe,official_out_of_fold_predictions,ProteinGym_normalized_targets,0.6850993379831879,0.7732050287274884,0.5963576004347165,0.42217885560166435,0.1,0.3939393939393939,0.2969798021021743,0.9216642603442273,0.0,988
RCRO_LAMBD_Tsuboyama_2023_1ORC,RCRO_LAMBD,Virus,Stability,contiguous_position,esm1v_embedding_probe,official_out_of_fold_predictions,ProteinGym_normalized_targets,0.5737008674443713,0.8067792360658476,0.5981995470643623,0.3693206960965346,0.1,0.20833333333333334,-0.3006658307578423,0.5855895374271257,0.18330266645202425,1195
RD23A_HUMAN_Tsuboyama_2023_1IFY,RD23A_HUMAN,Human,Stability,contiguous_position,esm1v_embedding_probe,official_out_of_fold_predictions,ProteinGym_normalized_targets,0.7766556125837196,0.6116480384650328,0.4752503023091479,0.6471328825003813,0.1,0.3,0.006398632488404468,0.8816170276823737,0.5336628357965538,798
RDRP_I33A0_Li_2023,RDRP_I33A0,Virus,OrganismalFitness,contiguous_position,esm1v_embedding_probe,official_out_of_fold_predictions,ProteinGym_normalized_targets,0.06421436031928822,1.0032907457440345,0.8309348651463498,0.007213548816206838,0.1,0.09991673605328892,-1.391468543806683,0.014061524597966203,0.4592528059142167,12003
REV_HV1H2_Fernandes_2016,REV_HV1H2,Virus,OrganismalFitness,contiguous_position,esm1v_embedding_probe,official_out_of_fold_predictions,ProteinGym_normalized_targets,0.36170929646169797,0.9815491555255706,0.7528086819906008,0.11507938358299319,0.1,0.13953488372093023,-0.030827751117897158,0.4126463760976003,1.284588293229033,2147
RFAH_ECOLI_Tsuboyama_2023_2LCL,RFAH_ECOLI,Prokaryote,Stability,contiguous_position,esm1v_embedding_probe,official_out_of_fold_predictions,ProteinGym_normalized_targets,0.5215143109391037,0.9030949112157544,0.6914795025696181,0.194546288695445,0.1,0.32989690721649484,0.34892106931388894,0.9286566809857435,0.0,969
RL20_AQUAE_Tsuboyama_2023_1GYZ,RL20_AQUAE,Prokaryote,Stability,contiguous_position,esm1v_embedding_probe,official_out_of_fold_predictions,ProteinGym_normalized_targets,0.5081426857499955,0.7735172432869963,0.5613461218052632,0.43771412421640465,0.1,0.1504424778761062,-0.037594087123643025,0.49114875325940704,0.0,1121
RL40A_YEAST_Mavor_2016,RL40A_YEAST,Eukaryote,OrganismalFitness,contiguous_position,esm1v_embedding_probe,official_out_of_fold_predictions,ProteinGym_normalized_targets,0.43860639355164605,0.9603595032200852,0.7501035597353551,0.14355386859777486,0.1,0.15079365079365079,-0.028512775325396825,0.6443150227686232,1.0480018282972379,1253
RL40A_YEAST_Roscoe_2013,RL40A_YEAST,Eukaryote,OrganismalFitness,contiguous_position,esm1v_embedding_probe,official_out_of_fold_predictions,ProteinGym_normalized_targets,0.4684830373442619,0.9469033895142334,0.7261233338276486,0.17242293458795033,0.1,0.14166666666666666,-0.05660125545652953,0.6023091922384143,0.055033117192675306,1195
RL40A_YEAST_Roscoe_2014,RL40A_YEAST,Eukaryote,Activity,contiguous_position,esm1v_embedding_probe,official_out_of_fold_predictions,ProteinGym_normalized_targets,0.368999753555709,0.9733664932659247,0.7029371864492754,0.08057019445604152,0.1,0.13043478260869565,0.8729831870797101,0.3513413783731507,0.5258076173124127,1380
RNC_ECOLI_Weeks_2023,RNC_ECOLI,Prokaryote,Activity,contiguous_position,esm1v_embedding_probe,official_out_of_fold_predictions,ProteinGym_normalized_targets,0.670987783798095,0.7360528496769154,0.5463320380762919,0.5123116769628857,0.1,0.14953271028037382,-0.01126413129906542,0.5826773795343657,0.27016914305530787,4277
RPC1_BP434_Tsuboyama_2023_1R69,RPC1_BP434,Virus,Stability,contiguous_position,esm1v_embedding_probe,official_out_of_fold_predictions,ProteinGym_normalized_targets,0.8201607666298013,0.5790435015880245,0.44140989920121,0.6729946563493134,0.1,0.37168141592920356,0.03797816028491336,0.9492096870853953,0.0,1124
RS15_GEOSE_Tsuboyama_2023_1A32,RS15_GEOSE,Prokaryote,Stability,contiguous_position,esm1v_embedding_probe,official_out_of_fold_predictions,ProteinGym_normalized_targets,0.6998138774644552,0.6979912593304644,0.5193120423851882,0.5543335409784463,0.1,0.26666666666666666,0.23825264298529533,0.825553399771017,0.45615824766185786,1195
S22A1_HUMAN_Yee_2023_abundance,S22A1_HUMAN,Human,Expression,contiguous_position,esm1v_embedding_probe,official_out_of_fold_predictions,ProteinGym_normalized_targets,0.6527160800274309,0.7973971173198343,0.6205650263779016,0.4025182102094057,0.1,0.2650356778797146,0.26314059686340463,0.809258377001086,0.32895848576931375,9803
S22A1_HUMAN_Yee_2023_activity,S22A1_HUMAN,Human,Activity,contiguous_position,esm1v_embedding_probe,official_out_of_fold_predictions,ProteinGym_normalized_targets,0.6172413361333144,0.7887794326729315,0.644968840481692,0.3960745552178079,0.1,0.19801980198019803,0.3667544785514852,0.7428477890557629,0.4378596034508378,10094
SAV1_MOUSE_Tsuboyama_2023_2YSB,SAV1_MOUSE,Eukaryote,Stability,contiguous_position,esm1v_embedding_probe,official_out_of_fold_predictions,ProteinGym_normalized_targets,0.6156260661367001,0.8941311060583851,0.6481621178398527,0.3234538487311044,0.1,0.029411764705882353,-0.07015230534410591,0.6953577744173766,1.9286631952708535,679
SBI_STAAM_Tsuboyama_2023_2JVG,SBI_STAAM,Prokaryote,Stability,contiguous_position,esm1v_embedding_probe,official_out_of_fold_predictions,ProteinGym_normalized_targets,0.534421166292255,0.9037694289917391,0.6832277903959024,0.23021006145140932,0.1,0.30097087378640774,-0.20062861041728197,0.6020520780742702,0.0,1025
SC6A4_HUMAN_Young_2021,SC6A4_HUMAN,Human,Activity,contiguous_position,esm1v_embedding_probe,official_out_of_fold_predictions,ProteinGym_normalized_targets,0.5499667084083152,0.886404538231089,0.6722243295344137,0.2565703494736713,0.1,0.22625215889464595,0.40371246264205524,0.6731689791868202,1.1479290173976127,11576
SCIN_STAAR_Tsuboyama_2023_2QFF,SCIN_STAAR,Prokaryote,Stability,contiguous_position,esm1v_embedding_probe,official_out_of_fold_predictions,ProteinGym_normalized_targets,0.5740116910224184,0.7886988018309522,0.6066367925882838,0.39744461829370226,0.1,0.3114754098360656,0.022507608253312956,0.688590646607293,0.0,1212
SDA_BACSU_Tsuboyama_2023_1PV0,SDA_BACSU,Prokaryote,Stability,contiguous_position,esm1v_embedding_probe,official_out_of_fold_predictions,ProteinGym_normalized_targets,0.6636730391118236,0.7154603997293171,0.5137946587689448,0.6057361277790884,0.1,0.2261904761904762,-0.02728539291145904,0.6730354404144561,0.5987481049013881,834
SERC_HUMAN_Xie_2023,SERC_HUMAN,Human,OrganismalFitness,contiguous_position,esm1v_embedding_probe,official_out_of_fold_predictions,ProteinGym_normalized_targets,0.5447993153275293,0.7685465868213485,0.5516340272792079,0.43966597677500974,0.1,0.140625,0.9677750609680241,0.4993796344384082,0.09793342982470633,1914
SHOC2_HUMAN_Kwon_2022,SHOC2_HUMAN,Human,OrganismalFitness,contiguous_position,esm1v_embedding_probe,official_out_of_fold_predictions,ProteinGym_normalized_targets,0.4217491570147575,0.9208608900722138,0.716825910370385,0.18007235269869315,0.1,0.13114754098360656,-0.19095320685199343,0.2699795184777679,4.401292484596811,10972
SOX30_HUMAN_Tsuboyama_2023_7JJK,SOX30_HUMAN,Human,Stability,contiguous_position,esm1v_embedding_probe,official_out_of_fold_predictions,ProteinGym_normalized_targets,0.48241778396989016,0.8579533190229246,0.6217275083637623,0.2895520979704137,0.1,0.2079207920792079,0.12958065982657777,0.7473676355234358,0.740334740536587,1010
SPA_STAAU_Tsuboyama_2023_1LP1,SPA_STAAU,Prokaryote,Stability,contiguous_position,esm1v_embedding_probe,official_out_of_fold_predictions,ProteinGym_normalized_targets,0.5326780785615198,0.9411242187494809,0.7309938914588986,0.19553805070405295,0.1,0.38461538461538464,0.14932974466261342,0.8096152797374395,0.0,1035
SPG1_STRSG_Olson_2014,SPG1_STRSG,Prokaryote,Binding,contiguous_position,esm1v_embedding_probe,official_out_of_fold_predictions,ProteinGym_normalized_targets,0.5187481823557524,0.9277229610627891,0.6916815985290239,0.27430187115121973,0.1,0.26666666666666666,0.6034348543692883,0.6805177585256059,0.19124195826009643,1045
SPG2_STRSG_Tsuboyama_2023_5UBS,SPG2_STRSG,Prokaryote,Stability,contiguous_position,esm1v_embedding_probe,official_out_of_fold_predictions,ProteinGym_normalized_targets,0.6623784342687354,0.8734169913085377,0.5675588822220603,0.25833332153585586,0.1,0.3786407766990291,0.2641141112800404,0.917807898351444,0.05139246379064546,1029
SPIKE_SARS2_Starr_2020_binding,SPIKE_SARS2,Virus,Binding,contiguous_position,esm1v_embedding_probe,official_out_of_fold_predictions,ProteinGym_normalized_targets,0.13634773250763804,1.0399496101463737,0.8047050524184995,-0.01293061984946875,0.1,0.23622047244094488,-0.5579265091863517,0.30884554522044805,0.13472508002130032,3802
SPIKE_SARS2_Starr_2020_expression,SPIKE_SARS2,Virus,Expression,contiguous_position,esm1v_embedding_probe,official_out_of_fold_predictions,ProteinGym_normalized_targets,0.06447698827104593,1.04124826035877,0.911061395781698,-0.03714499749428701,0.1,0.039473684210526314,-1.0350263157894737,0.0403082544998991,0.3305024941643396,3798
SPTN1_CHICK_Tsuboyama_2023_1TUD,SPTN1_CHICK,Eukaryote,Stability,contiguous_position,esm1v_embedding_probe,official_out_of_fold_predictions,ProteinGym_normalized_targets,0.6955930644155147,0.7065825910904731,0.5422816019357755,0.5317058260545118,0.1,0.32075471698113206,-0.2748079763379117,0.7889959503800762,0.1265639292549345,1051
SQSTM_MOUSE_Tsuboyama_2023_2RRU,SQSTM_MOUSE,Eukaryote,Stability,contiguous_position,esm1v_embedding_probe,official_out_of_fold_predictions,ProteinGym_normalized_targets,0.724273565302466,0.6982217584350533,0.5534882578981613,0.5455215367975508,0.1,0.4225352112676056,-0.08649540675758628,1.0233182107805994,0.4135119504889902,707
SR43C_ARATH_Tsuboyama_2023_2N88,SR43C_ARATH,Eukaryote,Stability,contiguous_position,esm1v_embedding_probe,official_out_of_fold_predictions,ProteinGym_normalized_targets,0.6408275795164231,0.7066071653702336,0.5652255973872891,0.5097115966792232,0.1,0.34831460674157305,-0.04871743641543019,0.8625604163813078,0.0,889
SRBS1_HUMAN_Tsuboyama_2023_2O2W,SRBS1_HUMAN,Human,Stability,contiguous_position,esm1v_embedding_probe,official_out_of_fold_predictions,ProteinGym_normalized_targets,0.5688589060092105,0.9328844394122142,0.6757704934511886,0.18130963028083025,0.1,0.30327868852459017,0.03333623301547876,0.8721165967233113,0.23784195555550816,1211
SRC_HUMAN_Ahler_2019,SRC_HUMAN,Human,Activity,contiguous_position,esm1v_embedding_probe,official_out_of_fold_predictions,ProteinGym_normalized_targets,0.6059954193482203,0.872201217197653,0.6502125004506671,0.28377064047217004,0.1,0.11242603550295859,0.15520595915680474,0.5905911895075162,0.5887208836393779,3372
SRC_HUMAN_Chakraborty_2023_binding-DAS_25uM,SRC_HUMAN,Human,Activity,contiguous_position,esm1v_embedding_probe,official_out_of_fold_predictions,ProteinGym_normalized_targets,0.5352418650394394,0.9747991644470931,0.636643251470254,0.15738286156926318,0.1,0.12362637362637363,0.3981645804368132,0.5291022467490508,0.302182348211993,3637
SRC_HUMAN_Nguyen_2022,SRC_HUMAN,Human,OrganismalFitness,contiguous_position,esm1v_embedding_probe,official_out_of_fold_predictions,ProteinGym_normalized_targets,0.5382748086882341,0.904411826182203,0.6736438518092335,0.20892349316506653,0.1,0.10979228486646884,-0.18589671060588578,0.4864510234059341,3.078801776815161,3366
SUMO1_HUMAN_Weile_2017,SUMO1_HUMAN,Human,OrganismalFitness,contiguous_position,esm1v_embedding_probe,official_out_of_fold_predictions,ProteinGym_normalized_targets,0.5340009248527522,0.8835758838652192,0.6918685887510588,0.27258405659045704,0.1,0.18823529411764706,0.6742883929235294,0.6814798418957069,1.6343574625048485,1700
SYUA_HUMAN_Newberry_2020,SYUA_HUMAN,Human,OrganismalFitness,contiguous_position,esm1v_embedding_probe,official_out_of_fold_predictions,ProteinGym_normalized_targets,0.5166068909161401,0.8091080743147325,0.48848433065582697,0.5627072740514961,0.1,0.124,-0.013054206480508881,0.4036141794053101,0.17252218760295635,2497
TADBP_HUMAN_Bolognesi_2019,TADBP_HUMAN,Human,OrganismalFitness,contiguous_position,esm1v_embedding_probe,official_out_of_fold_predictions,ProteinGym_normalized_targets,0.7222907817394761,0.7088896275569239,0.49549564597784285,0.6214005246841643,0.1,0.7583333333333333,0.16121443735737004,1.6328542397577606,0.0,1196
TAT_HV1BR_Fernandes_2016,TAT_HV1BR,Virus,OrganismalFitness,contiguous_position,esm1v_embedding_probe,official_out_of_fold_predictions,ProteinGym_normalized_targets,0.4809682978155801,0.9681023640842394,0.7334343391050095,0.2284107793125989,0.1,0.14556962025316456,0.0019640303689729102,0.5995524390620808,0.0,1577
TCRG1_MOUSE_Tsuboyama_2023_1E0L,TCRG1_MOUSE,Eukaryote,Stability,contiguous_position,esm1v_embedding_probe,official_out_of_fold_predictions,ProteinGym_normalized_targets,0.8121732015090543,0.5679399548979873,0.3925916261188406,0.7424100484313392,0.1,0.31746031746031744,-0.12216265488397751,0.903896080622798,0.0,621
THO1_YEAST_Tsuboyama_2023_2WQG,THO1_YEAST,Eukaryote,Stability,contiguous_position,esm1v_embedding_probe,official_out_of_fold_predictions,ProteinGym_normalized_targets,0.4129607336541838,0.9912324729551961,0.7544424973784146,0.05675622887538623,0.1,0.22727272727272727,-0.0977565638945294,0.5977758775645152,0.025704834881280888,656
TNKS2_HUMAN_Tsuboyama_2023_5JRT,TNKS2_HUMAN,Human,Stability,contiguous_position,esm1v_embedding_probe,official_out_of_fold_predictions,ProteinGym_normalized_targets,0.5998578700283358,0.7904835819634403,0.600940304128712,0.38365772620049,0.1,0.1875,-0.3595527475725971,0.6451740415100278,0.23650727641216693,1118
TPK1_HUMAN_Weile_2017,TPK1_HUMAN,Human,OrganismalFitness,contiguous_position,esm1v_embedding_probe,official_out_of_fold_predictions,ProteinGym_normalized_targets,0.34278018729558396,0.9542180813437107,0.7692695862692611,0.09096320803058622,0.1,0.11912225705329153,0.6435551328965518,0.42039993679081494,1.273474049160702,3181
TPMT_HUMAN_Matreyek_2018,TPMT_HUMAN,Human,Expression,contiguous_position,esm1v_embedding_probe,official_out_of_fold_predictions,ProteinGym_normalized_targets,0.600664452029587,0.8036930046948316,0.6123768027055976,0.39597693578797977,0.1,0.22465753424657534,0.9827386691342467,0.6275642376241362,0.0,3648
TPOR_HUMAN_Bridgford_2020,TPOR_HUMAN,Human,OrganismalFitness,contiguous_position,esm1v_embedding_probe,official_out_of_fold_predictions,ProteinGym_normalized_targets,0.5263202246649797,0.9247436922828316,0.7333241224540213,0.182995542030288,0.1,0.2807017543859649,-0.02560204362634065,0.8342313529943699,0.0,562
TRPC_SACS2_Chan_2017,TRPC_SACS2,Prokaryote,OrganismalFitness,contiguous_position,esm1v_embedding_probe,official_out_of_fold_predictions,ProteinGym_normalized_targets,0.6486969464067146,0.7866285988757549,0.601763836557439,0.3929806678920871,0.1,0.47368421052631576,0.18756242737499998,1.207101598376236,0.5452768747530855,1519
TRPC_THEMA_Chan_2017,TRPC_THEMA,Prokaryote,OrganismalFitness,contiguous_position,esm1v_embedding_probe,official_out_of_fold_predictions,ProteinGym_normalized_targets,0.4773015958412456,0.921808955802443,0.7076656661207439,0.17812125358464048,0.1,0.3026315789473684,-0.11156745019078947,0.9500227364748332,0.8271724400148858,1519
UBC9_HUMAN_Weile_2017,UBC9_HUMAN,Human,OrganismalFitness,contiguous_position,esm1v_embedding_probe,official_out_of_fold_predictions,ProteinGym_normalized_targets,0.4704928633726568,0.9512884357865538,0.687387752310831,0.1294876966047931,0.1,0.13229571984435798,0.7384986919766537,0.5851427597834268,4.896918910033254,2563
UBE4B_HUMAN_Tsuboyama_2023_3L1X,UBE4B_HUMAN,Human,Stability,contiguous_position,esm1v_embedding_probe,official_out_of_fold_predictions,ProteinGym_normalized_targets,0.7172759108508491,0.7176322609803104,0.5561762830945438,0.5218860402192494,0.1,0.36607142857142855,-0.07295269609982331,0.9553231703235342,0.0,1118
UBE4B_MOUSE_Starita_2013,UBE4B_MOUSE,Eukaryote,Activity,contiguous_position,esm1v_embedding_probe,official_out_of_fold_predictions,ProteinGym_normalized_targets,0.4857657346890571,0.8873239794248217,0.6425231685209121,0.2746748861962439,0.1,0.1111111111111111,-0.06132675715555555,0.440139540253501,2.0615650834875896,899
UBR5_HUMAN_Tsuboyama_2023_1I2T,UBR5_HUMAN,Human,Stability,contiguous_position,esm1v_embedding_probe,official_out_of_fold_predictions,ProteinGym_normalized_targets,0.6665885523525337,0.6493078841297065,0.5037361527382817,0.5898042093742539,0.1,0.2727272727272727,0.08294770685682293,0.668675180435897,0.28319476788751113,1094
VG08_BPP22_Tsuboyama_2023_2GP8,VG08_BPP22,Virus,Stability,contiguous_position,esm1v_embedding_probe,official_out_of_fold_predictions,ProteinGym_normalized_targets,0.7733161891007666,0.6647900820183381,0.44587571175809126,0.6292698823420227,0.1,0.3698630136986301,0.1261739215757579,0.8695191897690843,2.081062730702402,723
VILI_CHICK_Tsuboyama_2023_1YU5,VILI_CHICK,Eukaryote,Stability,contiguous_position,esm1v_embedding_probe,official_out_of_fold_predictions,ProteinGym_normalized_targets,0.6543280926998065,0.7939571786808162,0.5870491252211315,0.40487789349572634,0.1,0.24793388429752067,-0.08506663855635684,0.7817084656849487,0.0,1202
VKOR1_HUMAN_Chiasson_2020_abundance,VKOR1_HUMAN,Human,Expression,contiguous_position,esm1v_embedding_probe,official_out_of_fold_predictions,ProteinGym_normalized_targets,0.5886945997924963,0.8023243245655968,0.6229833450187559,0.363952258225525,0.1,0.2814814814814815,0.9579929919533923,0.801920990770394,0.0,2695
VKOR1_HUMAN_Chiasson_2020_activity,VKOR1_HUMAN,Human,Activity,contiguous_position,esm1v_embedding_probe,official_out_of_fold_predictions,ProteinGym_normalized_targets,0.38116057865089065,1.0004962969671523,0.7779917971910044,0.025887613744845828,0.1,0.21428571428571427,0.8977907016849276,0.39013061191941634,0.0,697
VRPI_BPT7_Tsuboyama_2023_2WNM,VRPI_BPT7,Virus,Stability,contiguous_position,esm1v_embedding_probe,official_out_of_fold_predictions,ProteinGym_normalized_targets,0.6818317938280971,0.7221149650680442,0.5695683633120343,0.4883805777829422,0.1,0.2857142857142857,-0.013827634449728626,0.7179064590028709,0.22554056837992995,1047
YAIA_ECOLI_Tsuboyama_2023_2KVT,YAIA_ECOLI,Prokaryote,Stability,contiguous_position,esm1v_embedding_probe,official_out_of_fold_predictions,ProteinGym_normalized_targets,0.6123242879171782,0.7643370454022261,0.5764319214853932,0.4526224891722538,0.1,0.23655913978494625,-0.4206337172370507,0.5960182516748658,0.08405320260756945,928
YNZC_BACSU_Tsuboyama_2023_2JVD,YNZC_BACSU,Prokaryote,Stability,contiguous_position,esm1v_embedding_probe,official_out_of_fold_predictions,ProteinGym_normalized_targets,0.6252246062657745,0.7761800122489709,0.57768867645,0.4613194002536388,0.1,0.3194444444444444,0.03612278411209814,0.8053730632198025,0.0,714
A0A140D2T1_ZIKV_Sourisseau_2019,A0A140D2T1_ZIKV,Virus,OrganismalFitness,modulo_position,esm1v_embedding_probe,official_out_of_fold_predictions,ProteinGym_normalized_targets,0.16315243028409,1.0008481440953187,0.4717814317180553,0.024715952268193786,0.1,0.2359081419624217,0.4103588133758427,0.5102193874191244,0.0,9576
A0A192B1T2_9HIV1_Haddox_2018,A0A192B1T2_9HIV1,Virus,OrganismalFitness,modulo_position,esm1v_embedding_probe,official_out_of_fold_predictions,ProteinGym_normalized_targets,0.5160552866066227,0.8631629452194484,0.6919941806833005,0.25908045395272217,0.1,0.26629570747217807,-0.6311232273203498,0.9352706788351511,0.18793883825665006,12577
A0A1I9GEU1_NEIME_Kennouche_2019,A0A1I9GEU1_NEIME,Prokaryote,Activity,modulo_position,esm1v_embedding_probe,official_out_of_fold_predictions,ProteinGym_normalized_targets,0.0706453609748878,1.040797697228887,0.7815966898404121,-0.0754557828924074,0.1,0.13978494623655913,0.27753763440860213,0.17839544033282032,0.741041966122749,922
A0A247D711_LISMN_Stadelmann_2021,A0A247D711_LISMN,Prokaryote,Activity,modulo_position,esm1v_embedding_probe,official_out_of_fold_predictions,ProteinGym_normalized_targets,0.25042592244799305,1.1222494034860309,0.7566388306982771,-0.2262264943325687,0.1,0.1144578313253012,-0.05319710005911284,0.333836039712481,0.047304891874788986,1653
A0A2Z5U3Z0_9INFA_Doud_2016,A0A2Z5U3Z0_9INFA,Virus,OrganismalFitness,modulo_position,esm1v_embedding_probe,official_out_of_fold_predictions,ProteinGym_normalized_targets,0.5925876867304937,0.8160116910746179,0.6566751842659271,0.3346208307192521,0.1,0.3255597014925373,-0.7882815627248134,1.0227918851281763,0.0,10715
A0A2Z5U3Z0_9INFA_Wu_2014,A0A2Z5U3Z0_9INFA,Virus,OrganismalFitness,modulo_position,esm1v_embedding_probe,official_out_of_fold_predictions,ProteinGym_normalized_targets,0.49830753314065035,0.9880233263998892,0.4191555451913915,0.06018359665023898,0.1,0.251063829787234,0.9482113890085108,0.5562300314330398,0.0,2350
A4D664_9INFA_Soh_2019,A4D664_9INFA,Virus,OrganismalFitness,modulo_position,esm1v_embedding_probe,official_out_of_fold_predictions,ProteinGym_normalized_targets,0.1728460396616722,1.0248774585513674,0.7000547121774978,-0.00456914814018794,0.1,0.1392931392931393,0.43255859346171865,0.14066441755555503,26.43111989588886,14421
A4GRB6_PSEAI_Chen_2020,A4GRB6_PSEAI,Prokaryote,OrganismalFitness,modulo_position,esm1v_embedding_probe,official_out_of_fold_predictions,ProteinGym_normalized_targets,0.7277029689092037,0.6714519298082239,0.5273628803726391,0.5506550174688585,0.1,0.2634730538922156,-0.18869525001271184,0.8304376446843785,0.0,5004
A4_HUMAN_Seuma_2022,A4_HUMAN,Human,Stability,modulo_position,esm1v_embedding_probe,official_out_of_fold_predictions,ProteinGym_normalized_targets,0.6166695079050468,0.7964297363727102,0.6216105163543969,0.37743948953551965,0.1,0.325,0.45601828957372376,0.9079919939974245,0.42511153976915006,796
AACC1_PSEAI_Dandage_2018,AACC1_PSEAI,Prokaryote,OrganismalFitness,modulo_position,esm1v_embedding_probe,official_out_of_fold_predictions,ProteinGym_normalized_targets,0.4839255611908403,0.9002597142583427,0.7037636498900056,0.20097804044740308,0.1,0.24861878453038674,1.868615606225249,0.5326791265690023,0.24089038759856207,1801
ACE2_HUMAN_Chan_2020,ACE2_HUMAN,Human,Binding,modulo_position,esm1v_embedding_probe,official_out_of_fold_predictions,ProteinGym_normalized_targets,0.3200318706615076,0.955345516361988,0.7186310463528766,0.10570895961073745,0.1,0.11659192825112108,0.015341166816143515,0.37382256722486923,0.18208949426958712,2223
ADRB2_HUMAN_Jones_2020,ADRB2_HUMAN,Human,Activity,modulo_position,esm1v_embedding_probe,official_out_of_fold_predictions,ProteinGym_normalized_targets,0.5401519125576254,0.8639901443448953,0.6403657002084142,0.25482283688968466,0.1,0.16538461538461538,2.296667195517313,0.4808089925098063,1.024138276795975,7800
AMFR_HUMAN_Tsuboyama_2023_4G3O,AMFR_HUMAN,Human,Stability,modulo_position,esm1v_embedding_probe,official_out_of_fold_predictions,ProteinGym_normalized_targets,0.7315985619601079,0.7078742696372795,0.5425445021346341,0.5089813668554247,0.1,0.45121951219512196,0.17880968054099758,0.9173198785614967,0.0,820
AMIE_PSEAE_Wrenbeck_2017,AMIE_PSEAE,Prokaryote,Activity,modulo_position,esm1v_embedding_probe,official_out_of_fold_predictions,ProteinGym_normalized_targets,0.7012696903231691,0.7468320550871357,0.5535737987628843,0.4435193693041304,0.1,0.13964686998394862,0.0011682182985553805,0.7895943549320175,0.8951978088352177,6227
ANCSZ_Hobbs_2022,ANCSZ,Eukaryote,Activity,modulo_position,esm1v_embedding_probe,official_out_of_fold_predictions,ProteinGym_normalized_targets,0.604266842042543,0.7727756020017901,0.5508163710643011,0.4097891437893211,0.1,0.24411134903640258,0.01557271732657756,0.6722524647509865,0.22813051586152647,4670
ARGR_ECOLI_Tsuboyama_2023_1AOY,ARGR_ECOLI,Prokaryote,Stability,modulo_position,esm1v_embedding_probe,official_out_of_fold_predictions,ProteinGym_normalized_targets,0.6754275431332704,0.6474058791131886,0.4823177593693085,0.5902291093490633,0.1,0.24031007751937986,-0.1528625070956976,0.6587154465760044,0.47561326182821057,1287
BBC1_YEAST_Tsuboyama_2023_1TG0,BBC1_YEAST,Eukaryote,Stability,modulo_position,esm1v_embedding_probe,official_out_of_fold_predictions,ProteinGym_normalized_targets,0.6633979306079745,0.7879369344748053,0.6055018358261163,0.3982549396381131,0.1,0.25688073394495414,0.1782659930015501,0.905626169548552,0.20192196873992366,1084
BCHB_CHLTE_Tsuboyama_2023_2KRU,BCHB_CHLTE,Prokaryote,Stability,modulo_position,esm1v_embedding_probe,official_out_of_fold_predictions,ProteinGym_normalized_targets,0.5684512197296414,0.8613864573856984,0.622161633897191,0.29828962354031563,0.1,0.4044943820224719,-0.03394756423561391,0.6659861533503655,0.01794377970739179,890
BLAT_ECOLX_Deng_2012,BLAT_ECOLX,Prokaryote,OrganismalFitness,modulo_position,esm1v_embedding_probe,official_out_of_fold_predictions,ProteinGym_normalized_targets,0.5257903740561822,0.8626884615353885,0.6985147332245586,0.26190094917171947,0.1,0.346,-1.421883482374,0.8498074974361769,0.460190194128769,4996
BLAT_ECOLX_Firnberg_2014,BLAT_ECOLX,Prokaryote,OrganismalFitness,modulo_position,esm1v_embedding_probe,official_out_of_fold_predictions,ProteinGym_normalized_targets,0.7807156528084654,0.6714039696046484,0.5231251269899269,0.5513132995090735,0.1,0.3883089770354906,0.9825590814196242,1.0535599364078805,2.6722746221161278,4783
BLAT_ECOLX_Jacquier_2013,BLAT_ECOLX,Prokaryote,OrganismalFitness,modulo_position,esm1v_embedding_probe,official_out_of_fold_predictions,ProteinGym_normalized_targets,0.7153534612140433,0.6471607407749249,0.49520368331046516,0.5841524312598181,0.1,0.23232323232323232,-0.3775655267777778,0.6049100783649476,0.0,989
BLAT_ECOLX_Stiffler_2015,BLAT_ECOLX,Prokaryote,OrganismalFitness,modulo_position,esm1v_embedding_probe,official_out_of_fold_predictions,ProteinGym_normalized_targets,0.7770451502112554,0.6472329644715986,0.5011335181482787,0.5834543032083823,0.1,0.34,-0.237103138226,0.8844567493955461,0.0,4996
BRCA1_HUMAN_Findlay_2018,BRCA1_HUMAN,Human,OrganismalFitness,modulo_position,esm1v_embedding_probe,official_out_of_fold_predictions,ProteinGym_normalized_targets,0.46570620230098947,0.8318956994571536,0.6022000661685954,0.3186089913617359,0.1,0.20652173913043478,-0.24475409730978262,0.3998001341736452,0.0,1837
C6KNH7_9INFA_Lee_2018,C6KNH7_9INFA,Virus,OrganismalFitness,modulo_position,esm1v_embedding_probe,official_out_of_fold_predictions,ProteinGym_normalized_targets,0.5605288531056869,0.8349631231837426,0.6732888607853487,0.30441794310953263,0.1,0.34572490706319703,-0.5807329144672886,0.9830609177710344,0.0,10754
CALM1_HUMAN_Weile_2017,CALM1_HUMAN,Human,OrganismalFitness,modulo_position,esm1v_embedding_probe,official_out_of_fold_predictions,ProteinGym_normalized_targets,0.2665830501581448,0.9722836155542648,0.764094269490642,0.06123767960282356,0.1,0.06593406593406594,0.8638989783351648,0.3340546162923342,0.1627323743702025,1813
CAPSD_AAV2S_Sinai_2021,CAPSD_AAV2S,Virus,OrganismalFitness,modulo_position,esm1v_embedding_probe,official_out_of_fold_predictions,ProteinGym_normalized_targets,0.32928506912972005,0.9352383165804754,0.7622334510800375,0.1760365350817733,0.1,0.5370370370370371,1.7856402159812736,1.2199233400127256,0.0,532
CAR11_HUMAN_Meitlis_2020_gof,CAR11_HUMAN,Human,OrganismalFitness,modulo_position,esm1v_embedding_probe,official_out_of_fold_predictions,ProteinGym_normalized_targets,0.4107214566300716,0.9365705838236107,0.6171299794218744,0.14393604995656495,0.1,0.3277310924369748,0.14061851475560228,0.773882871460815,1.612594792149226,2374
CAR11_HUMAN_Meitlis_2020_lof,CAR11_HUMAN,Human,OrganismalFitness,modulo_position,esm1v_embedding_probe,official_out_of_fold_predictions,ProteinGym_normalized_targets,0.6158796830358909,0.7991927314229633,0.5939051259156034,0.36540533064259206,0.1,0.25833333333333336,-0.12570875765381942,0.7453970547286541,0.001906656336882432,2395
CAS9_STRP1_Spencer_2017_positive,CAS9_STRP1,Prokaryote,Activity,modulo_position,esm1v_embedding_probe,official_out_of_fold_predictions,ProteinGym_normalized_targets,0.08264350833540295,0.9957847008480778,0.673456859553711,0.009063487470066911,0.1,0.11083743842364532,-0.22628203034980351,0.04162682333014513,1.7987371072287923,8117
CASP3_HUMAN_Roychowdhury_2020,CASP3_HUMAN,Human,Activity,modulo_position,esm1v_embedding_probe,official_out_of_fold_predictions,ProteinGym_normalized_targets,0.643046195695158,0.7624940531336838,0.5894565697817102,0.42081902927234094,0.1,0.1592356687898089,0.4783234022756968,0.7798223251243017,0.659635453644061,1567
CASP7_HUMAN_Roychowdhury_2020,CASP7_HUMAN,Human,Activity,modulo_position,esm1v_embedding_probe,official_out_of_fold_predictions,ProteinGym_normalized_targets,0.6327277736827025,0.8030122987705242,0.6101279602107142,0.35752831001381824,0.1,0.2261904761904762,0.2569475985363625,0.7849639317511478,3.6586581374059266,1680
CATR_CHLRE_Tsuboyama_2023_2AMI,CATR_CHLRE,Eukaryote,Stability,modulo_position,esm1v_embedding_probe,official_out_of_fold_predictions,ProteinGym_normalized_targets,0.7943248556152629,0.5563297806915163,0.42439416624085075,0.6947936904583925,0.1,0.43283582089552236,0.42871233105089857,1.0342876558153946,0.00934513196012491,1340
CBPA2_HUMAN_Tsuboyama_2023_1O6X,CBPA2_HUMAN,Human,Stability,modulo_position,esm1v_embedding_probe,official_out_of_fold_predictions,ProteinGym_normalized_targets,0.6332396241172766,0.6738262109226439,0.48816820591374355,0.5523368753011908,0.1,0.3014705882352941,-0.04823466647244507,0.6560339807972624,0.07591755695576616,1357
CBS_HUMAN_Sun_2020,CBS_HUMAN,Human,OrganismalFitness,modulo_position,esm1v_embedding_probe,official_out_of_fold_predictions,ProteinGym_normalized_targets,0.3688349711958845,0.9340286659687028,0.785959251101127,0.1280927486256208,0.1,0.15373961218836565,0.6290238732185207,0.36818623200171036,0.8550770083424509,7217
CBX4_HUMAN_Tsuboyama_2023_2K28,CBX4_HUMAN,Human,Stability,modulo_position,esm1v_embedding_probe,official_out_of_fold_predictions,ProteinGym_normalized_targets,0.6237246657054768,0.7575545044676255,0.5877876689442202,0.44316957158917814,0.1,0.33695652173913043,0.005634338092574061,0.8182310815022344,0.5554768081477206,917
CCDB_ECOLI_Adkar_2012,CCDB_ECOLI,Prokaryote,Activity,modulo_position,esm1v_embedding_probe,official_out_of_fold_predictions,ProteinGym_normalized_targets,0.5055024789554163,0.9107863988594435,0.6998243203732143,0.19816530783694652,0.1,0.15254237288135594,-13.703389830508474,0.5635862295594969,0.0,1176
CCR5_HUMAN_Gill_2023,CCR5_HUMAN,Human,Binding,modulo_position,esm1v_embedding_probe,official_out_of_fold_predictions,ProteinGym_normalized_targets,0.36606250915742855,0.9250594894896729,0.6577320370601304,0.14481036290755,0.1,0.15960912052117263,0.0697014115092291,0.3854078200330046,3.4951296249916406,6137
CD19_HUMAN_Klesmith_2019_FMC_singles,CD19_HUMAN,Human,Binding,modulo_position,esm1v_embedding_probe,official_out_of_fold_predictions,ProteinGym_normalized_targets,0.29800249615769925,0.9689112755498429,0.7153211359537323,0.07086276092484389,0.1,0.21485411140583555,-0.22917822362766352,0.46297839248147454,0.0,3761
CP2C9_HUMAN_Amorosi_2021_abundance,CP2C9_HUMAN,Human,Expression,modulo_position,esm1v_embedding_probe,official_out_of_fold_predictions,ProteinGym_normalized_targets,0.6456901665054678,0.7565849644239449,0.5971001792366185,0.42943497756200866,0.1,0.29984301412872844,0.9665478180423863,0.8552780867769613,0.6293422666607941,6370
CP2C9_HUMAN_Amorosi_2021_activity,CP2C9_HUMAN,Human,Binding,modulo_position,esm1v_embedding_probe,official_out_of_fold_predictions,ProteinGym_normalized_targets,0.6880181185451059,0.7363112912119615,0.5889631515115802,0.459325175003385,0.1,0.37398373983739835,0.9404463606292685,1.0958765152127847,0.0,6142
CSN4_MOUSE_Tsuboyama_2023_1UFM,CSN4_MOUSE,Eukaryote,Stability,modulo_position,esm1v_embedding_probe,official_out_of_fold_predictions,ProteinGym_normalized_targets,0.7433610803495323,0.6123677121219568,0.4736500837368663,0.63182703389597,0.1,0.21323529411764705,0.019983149484150604,0.7885390483250694,0.1138295309508175,1353
CUE1_YEAST_Tsuboyama_2023_2MYX,CUE1_YEAST,Eukaryote,Stability,modulo_position,esm1v_embedding_probe,official_out_of_fold_predictions,ProteinGym_normalized_targets,0.6994072903289539,0.7407684466841716,0.5828409356319477,0.4813667361497025,0.1,0.34375,-0.149433618565006,0.9217762417330595,0.3837974087270067,955
D7PM05_CLYGR_Somermeyer_2022,D7PM05_CLYGR,Eukaryote,Activity,modulo_position,esm1v_embedding_probe,official_out_of_fold_predictions,ProteinGym_normalized_targets,0.2510231335486564,0.9846911592625797,0.799697694396698,0.03223107913680179,0.1,0.1623931623931624,25106.255248839923,0.29741680196368164,0.29138286831070914,1169
DLG4_HUMAN_Faure_2021,DLG4_HUMAN,Human,OrganismalFitness,modulo_position,esm1v_embedding_probe,official_out_of_fold_predictions,ProteinGym_normalized_targets,0.6262662128316606,0.7675955737781316,0.6097736058571485,0.41243085700742554,0.1,0.2890625,-0.04901288258078109,0.8110488147748088,0.0,1280
DLG4_RAT_McLaughlin_2012,DLG4_RAT,Eukaryote,Binding,modulo_position,esm1v_embedding_probe,official_out_of_fold_predictions,ProteinGym_normalized_targets,0.6090697982605732,0.8032878660258436,0.5695105632935913,0.3746347094391136,0.1,0.1962025316455696,0.05867988487341772,0.567611460680058,0.11194056571667312,1576
DN7A_SACS2_Tsuboyama_2023_1JIC,DN7A_SACS2,Prokaryote,Stability,modulo_position,esm1v_embedding_probe,official_out_of_fold_predictions,ProteinGym_normalized_targets,0.5841838266215494,0.8175318575121452,0.5946851640194445,0.3747220518669383,0.1,0.2871287128712871,-0.25299488118100566,0.5309778024510039,0.0,1008
DNJA1_HUMAN_Tsuboyama_2023_2LO1,DNJA1_HUMAN,Human,Stability,modulo_position,esm1v_embedding_probe,official_out_of_fold_predictions,ProteinGym_normalized_targets,0.7907739835223654,0.514127587616416,0.38614530521266444,0.7427740822790735,0.1,0.2540983606557377,-0.032351616947789597,0.8110846395742817,0.03947149688627292,1216
DOCK1_MOUSE_Tsuboyama_2023_2M0Y,DOCK1_MOUSE,Eukaryote,Stability,modulo_position,esm1v_embedding_probe,official_out_of_fold_predictions,ProteinGym_normalized_targets,0.7000918343857023,0.7361879578174964,0.5386568750491344,0.4701106437306908,0.1,0.39344262295081966,0.2855533048882956,0.9777343161864905,0.7049072385776332,1213
DYR_ECOLI_Nguyen_2023,DYR_ECOLI,Prokaryote,OrganismalFitness,modulo_position,esm1v_embedding_probe,official_out_of_fold_predictions,ProteinGym_normalized_targets,0.5302012738739886,0.7630505957693995,0.5255909335557065,0.4250656213634483,0.1,0.1643835616438356,0.9873287671232878,0.4321760934828225,0.34967344438743514,2916
DYR_ECOLI_Thompson_2019,DYR_ECOLI,Prokaryote,OrganismalFitness,modulo_position,esm1v_embedding_probe,official_out_of_fold_predictions,ProteinGym_normalized_targets,0.5036887555328468,0.8622452751443304,0.6328197507913331,0.27239212978302985,0.1,0.10126582278481013,0.004174936708860755,0.5323662083966062,1.6805537470703262,2363
ENVZ_ECOLI_Ghose_2023,ENVZ_ECOLI,Prokaryote,Activity,modulo_position,esm1v_embedding_probe,official_out_of_fold_predictions,ProteinGym_normalized_targets,0.169734382229587,1.0339045021643956,0.8092290554130509,-0.06186850136884736,0.1,0.07964601769911504,3.359586729258139,0.22243487132992326,0.6136066083617715,1121
ENV_HV1BR_Haddox_2016,ENV_HV1BR,Virus,OrganismalFitness,modulo_position,esm1v_embedding_probe,official_out_of_fold_predictions,ProteinGym_normalized_targets,0.33608384233180544,0.9791884937068429,0.5561560056266099,0.04267679544954173,0.1,0.19502719502719504,0.06722238201156482,0.3744810634110105,0.325931260613953,12863
EPHB2_HUMAN_Tsuboyama_2023_1F0M,EPHB2_HUMAN,Human,Stability,modulo_position,esm1v_embedding_probe,official_out_of_fold_predictions,ProteinGym_normalized_targets,0.7887938219245614,0.4780615304178299,0.36710597047112997,0.7783830614285936,0.1,0.3870967741935484,0.0634167900078339,0.8551072791125567,0.0,1239
ESTA_BACSU_Nutschel_2020,ESTA_BACSU,Prokaryote,Stability,modulo_position,esm1v_embedding_probe,official_out_of_fold_predictions,ProteinGym_normalized_targets,0.40824011402606913,0.9318862641045284,0.736472550232698,0.13666485871626688,0.1,0.28440366972477066,47.70834862385321,0.668345189511287,0.0,2172
FECA_ECOLI_Tsuboyama_2023_2D1U,FECA_ECOLI,Prokaryote,Stability,modulo_position,esm1v_embedding_probe,official_out_of_fold_predictions,ProteinGym_normalized_targets,0.5857640916613035,0.8515975492692991,0.6636190825282986,0.29397303858522905,0.1,0.3114754098360656,0.009961556779261176,0.7488565857835946,1.2306790891051167,1219
FKBP3_HUMAN_Tsuboyama_2023_2KFV,FKBP3_HUMAN,Human,Stability,modulo_position,esm1v_embedding_probe,official_out_of_fold_predictions,ProteinGym_normalized_targets,0.35084958857973897,0.9547405767785089,0.7084632062592239,0.12980824164667004,0.1,0.20161290322580644,-0.1553074501657387,0.324678499997581,1.0414457599979448,1237
GAL4_YEAST_Kitzman_2015,GAL4_YEAST,Eukaryote,OrganismalFitness,modulo_position,esm1v_embedding_probe,official_out_of_fold_predictions,ProteinGym_normalized_targets,0.4402522029722378,0.9309349023601645,0.7589138138998995,0.14309702691899617,0.1,0.06666666666666667,-3.5119166666666666,0.26504692302084404,0.15873311863011527,1195
GDIA_HUMAN_Silverstein_2021,GDIA_HUMAN,Human,OrganismalFitness,modulo_position,esm1v_embedding_probe,official_out_of_fold_predictions,ProteinGym_normalized_targets,0.4878452611075827,0.8160837877885443,0.6432257762279029,0.34168578992518606,0.1,0.15517241379310345,0.8786580217586208,0.5474859481634345,0.00125787754046669,1154
GFP_AEQVI_Sarkisyan_2016,GFP_AEQVI,Eukaryote,Activity,modulo_position,esm1v_embedding_probe,official_out_of_fold_predictions,ProteinGym_normalized_targets,0.19103678853453213,0.9362765659323774,0.5833581751978966,0.1298888583583382,0.1,0.10091743119266056,3.489121300384035,0.09068612251245722,0.0,1084
GRB2_HUMAN_Faure_2021,GRB2_HUMAN,Human,OrganismalFitness,modulo_position,esm1v_embedding_probe,official_out_of_fold_predictions,ProteinGym_normalized_targets,0.7076363176122014,0.7090478898378691,0.5694412645103482,0.509885674184019,0.1,0.28846153846153844,-0.012014195517978344,0.9229242041222743,0.0,1034
HCP_LAMBD_Tsuboyama_2023_2L6Q,HCP_LAMBD,Virus,Stability,modulo_position,esm1v_embedding_probe,official_out_of_fold_predictions,ProteinGym_normalized_targets,0.7410194287133431,0.6017501439631323,0.449541205373875,0.6491235082355039,0.1,0.375,0.07622666711071104,0.8180187411473618,0.0,1040
HECD1_HUMAN_Tsuboyama_2023_3DKM,HECD1_HUMAN,Human,Stability,modulo_position,esm1v_embedding_probe,official_out_of_fold_predictions,ProteinGym_normalized_targets,0.5823247212242741,0.8276005328898642,0.6488355062459485,0.32883958658399204,0.1,0.288,-0.21921303466719472,0.6967983152425268,0.25495230181377454,1244
HEM3_HUMAN_Loggerenberg_2023,HEM3_HUMAN,Human,Activity,modulo_position,esm1v_embedding_probe,official_out_of_fold_predictions,ProteinGym_normalized_targets,0.4239018974025109,0.8999453852669017,0.7437343159229266,0.19056747323714374,0.1,0.14235500878734622,0.7416509563497364,0.3859154663067396,0.3322608844961259,5689
HMDH_HUMAN_Jiang_2019,HMDH_HUMAN,Human,OrganismalFitness,modulo_position,esm1v_embedding_probe,official_out_of_fold_predictions,ProteinGym_normalized_targets,0.5574321398821973,0.8295444761045455,0.6767578061113385,0.31200636690108574,0.1,0.17793594306049823,0.6360227758007119,0.5912099957384055,0.0,16853
HSP82_YEAST_Cote-Hammarlof_2020_growth-H2O2,HSP82_YEAST,Eukaryote,OrganismalFitness,modulo_position,esm1v_embedding_probe,official_out_of_fold_predictions,ProteinGym_normalized_targets,0.4403410922787776,0.965972908984885,0.6305394955561545,0.13225538278646087,0.1,0.1592920353982301,-0.0006716783097345129,0.4796460454335508,0.18645421381643643,2252
HSP82_YEAST_Flynn_2019,HSP82_YEAST,Eukaryote,OrganismalFitness,modulo_position,esm1v_embedding_probe,official_out_of_fold_predictions,ProteinGym_normalized_targets,0.4170601764081945,0.8850702969926667,0.6615315045968178,0.21707497707893797,0.1,0.1037593984962406,-0.004039702541821644,0.480177336359924,0.9117129470449609,13294
HSP82_YEAST_Mishra_2016,HSP82_YEAST,Eukaryote,OrganismalFitness,modulo_position,esm1v_embedding_probe,official_out_of_fold_predictions,ProteinGym_normalized_targets,0.5894273502955478,0.7538854967807174,0.5487501227865584,0.44079078544296335,0.1,0.20785219399538107,-0.010836579392609699,0.5029200063580722,0.8865426702564257,4323
HXK4_HUMAN_Gersing_2022_activity,HXK4_HUMAN,Human,OrganismalFitness,modulo_position,esm1v_embedding_probe,official_out_of_fold_predictions,ProteinGym_normalized_targets,0.5213161449163525,0.9031150040437395,0.654810617137317,0.18769968346437593,0.1,0.147024504084014,1.0818311927957993,0.5549426009721213,1.2335850511328594,8570
HXK4_HUMAN_Gersing_2023_abundance,HXK4_HUMAN,Human,Expression,modulo_position,esm1v_embedding_probe,official_out_of_fold_predictions,ProteinGym_normalized_targets,0.38193917791351467,0.9191411640943243,0.7185849032019224,0.15698483891389314,0.1,0.18928571428571428,0.8797315569598786,0.5249589507633013,0.19049765554339468,8396
I6TAH8_I68A0_Doud_2015,I6TAH8_I68A0,Virus,OrganismalFitness,modulo_position,esm1v_embedding_probe,official_out_of_fold_predictions,ProteinGym_normalized_targets,0.1559830675448764,1.0190530436142389,0.7959235610122918,-0.036510411360843875,0.1,0.15522703273495247,-1.9376790536897261,0.1996390324797671,0.0,9462
IF1_ECOLI_Kelsic_2016,IF1_ECOLI,Prokaryote,OrganismalFitness,modulo_position,esm1v_embedding_probe,official_out_of_fold_predictions,ProteinGym_normalized_targets,0.5558765908510982,0.8049444302148545,0.59634857813406,0.3663941834082779,0.1,0.25547445255474455,0.9579142335474452,0.5789028953168203,0.0,1367
ILF3_HUMAN_Tsuboyama_2023_2L33,ILF3_HUMAN,Human,Stability,modulo_position,esm1v_embedding_probe,official_out_of_fold_predictions,ProteinGym_normalized_targets,0.6052401939603831,0.6449894729032841,0.4871178501043191,0.6116078757068848,0.1,0.3684210526315789,0.35423099893038873,0.8364456882657132,0.0,1329
ISDH_STAAW_Tsuboyama_2023_2LHR,ISDH_STAAW,Prokaryote,Stability,modulo_position,esm1v_embedding_probe,official_out_of_fold_predictions,ProteinGym_normalized_targets,0.5847447502721763,0.8385472519156132,0.6195813398217553,0.3096229754911928,0.1,0.30851063829787234,-0.16847844987504618,0.659494794419236,0.0,940
KCNE1_HUMAN_Muhammad_2023_expression,KCNE1_HUMAN,Human,Expression,modulo_position,esm1v_embedding_probe,official_out_of_fold_predictions,ProteinGym_normalized_targets,0.5599767413572893,0.8205011457800768,0.5541555948507696,0.33471865172228266,0.1,0.36324786324786323,1.2915105655982906,0.8746957040941492,0.03431000063468231,2339
KCNE1_HUMAN_Muhammad_2023_function,KCNE1_HUMAN,Human,Activity,modulo_position,esm1v_embedding_probe,official_out_of_fold_predictions,ProteinGym_normalized_targets,0.6799793851073936,0.6729964615456804,0.5132791027347732,0.5486480788807412,0.1,0.20689655172413793,1.0516990159181034,0.7286837324822649,0.3500064222501464,2315
KCNJ2_MOUSE_Coyote-Maestas_2022_function,KCNJ2_MOUSE,Eukaryote,Activity,modulo_position,esm1v_embedding_probe,official_out_of_fold_predictions,ProteinGym_normalized_targets,0.35970136884633713,0.9482186195172023,0.7081421799254416,0.10193882291692813,0.1,0.1563845050215208,0.2776120677517934,0.44984470467388066,0.7540013382029682,6963
KCNJ2_MOUSE_Coyote-Maestas_2022_surface,KCNJ2_MOUSE,Eukaryote,Expression,modulo_position,esm1v_embedding_probe,official_out_of_fold_predictions,ProteinGym_normalized_targets,0.3503904935210737,0.9087604070792596,0.6928165431797295,0.1754139221356934,0.1,0.12572254335260116,0.21669361627890177,0.45264725035138786,0.7351940251949121,6917
KKA2_KLEPN_Melnikov_2014,KKA2_KLEPN,Prokaryote,OrganismalFitness,modulo_position,esm1v_embedding_probe,official_out_of_fold_predictions,ProteinGym_normalized_targets,0.6827759617964441,0.7790253215030117,0.6010496845814732,0.3939946417837228,0.1,0.23387096774193547,1.9664501008064517,0.8379114733075854,0.0,4960
LGK_LIPST_Klesmith_2015,LGK_LIPST,Eukaryote,Activity,modulo_position,esm1v_embedding_probe,official_out_of_fold_predictions,ProteinGym_normalized_targets,0.6027049014448138,0.8233349206657046,0.653929060838059,0.3226244534099366,0.1,0.376425855513308,-0.2075206590621039,0.9156942515900003,0.19048586441538082,7890
MAFG_MOUSE_Tsuboyama_2023_1K1V,MAFG_MOUSE,Eukaryote,Stability,modulo_position,esm1v_embedding_probe,official_out_of_fold_predictions,ProteinGym_normalized_targets,0.6716079937499645,0.7632837620425382,0.5532563713663647,0.4419731225705247,0.1,0.38961038961038963,0.12607024427123478,0.8576344385500446,0.0,762
MBD11_ARATH_Tsuboyama_2023_6ACV,MBD11_ARATH,Eukaryote,Stability,modulo_position,esm1v_embedding_probe,official_out_of_fold_predictions,ProteinGym_normalized_targets,0.5670649045352949,0.7904557307028166,0.5936895901368805,0.3858765130686198,0.1,0.3275862068965517,0.07819564561907899,0.7789161928096064,0.0,1155
MET_HUMAN_Estevam_2023,MET_HUMAN,Human,Activity,modulo_position,esm1v_embedding_probe,official_out_of_fold_predictions,ProteinGym_normalized_targets,0.585128137667765,0.7613324723766606,0.5776771710460245,0.4242113998980733,0.1,0.16111111111111112,-0.4437580328991948,0.6306370289053329,0.01235087338416866,5393
MK01_HUMAN_Brenan_2016,MK01_HUMAN,Human,OrganismalFitness,modulo_position,esm1v_embedding_probe,official_out_of_fold_predictions,ProteinGym_normalized_targets,0.27976701945840876,0.9760059473022648,0.7298036191861369,0.048940076691769585,0.1,0.19970631424375918,-7.798767036085169,0.31613082158330774,0.0,6809
MLAC_ECOLI_MacRae_2023,MLAC_ECOLI,Prokaryote,OrganismalFitness,modulo_position,esm1v_embedding_probe,official_out_of_fold_predictions,ProteinGym_normalized_targets,0.5686802559898032,0.7992638561274211,0.5905012205386183,0.36455776342025636,0.1,0.20448877805486285,-0.021818556557356615,0.6314913532309233,0.40952893391351264,4007
MSH2_HUMAN_Jia_2020,MSH2_HUMAN,Human,OrganismalFitness,modulo_position,esm1v_embedding_probe,official_out_of_fold_predictions,ProteinGym_normalized_targets,0.4000332229162973,0.8754368852536529,0.6763718197412337,0.2366274157489272,0.1,0.1635820895522388,3.8026388059701492,0.4584623817914185,0.12175024128310642,16749
MTH3_HAEAE_RockahShmuel_2015,MTH3_HAEAE,Prokaryote,OrganismalFitness,modulo_position,esm1v_embedding_probe,official_out_of_fold_predictions,ProteinGym_normalized_targets,0.7141986731564891,0.7107080745271012,0.5727025708924991,0.4954672701820808,0.1,0.3202247191011236,0.7790449438202248,0.9487153660865538,0.0,1777
MTHR_HUMAN_Weile_2021,MTHR_HUMAN,Human,OrganismalFitness,modulo_position,esm1v_embedding_probe,official_out_of_fold_predictions,ProteinGym_normalized_targets,0.3910579612822888,0.8834419532107228,0.7273331145515979,0.22029403678915171,0.1,0.12750601443464316,0.7694047313552526,0.4091891115537323,0.005350521170165614,12464
MYO3_YEAST_Tsuboyama_2023_2BTT,MYO3_YEAST,Eukaryote,Stability,modulo_position,esm1v_embedding_probe,official_out_of_fold_predictions,ProteinGym_normalized_targets,0.6391421780066773,0.8089865380038165,0.64032464937698,0.36814060968930384,0.1,0.35789473684210527,0.043666151447311854,0.9656068634824033,0.0,947
NCAP_I34A1_Doud_2015,NCAP_I34A1,Virus,OrganismalFitness,modulo_position,esm1v_embedding_probe,official_out_of_fold_predictions,ProteinGym_normalized_targets,0.16156995456957526,1.0315113690219793,0.8144911403810033,-0.06250916712598586,0.1,0.15522703273495247,-2.5176133197783797,0.18649440186586475,0.07460156896117073,9462
NKX31_HUMAN_Tsuboyama_2023_2L9R,NKX31_HUMAN,Human,Stability,modulo_position,esm1v_embedding_probe,official_out_of_fold_predictions,ProteinGym_normalized_targets,0.7561022441808998,0.6609577441849169,0.49442602352301135,0.5749378825739273,0.1,0.4260869565217391,0.164819596483668,0.9970787228142084,0.0,1149
NPC1_HUMAN_Erwood_2022_HEK293T,NPC1_HUMAN,Human,Activity,modulo_position,esm1v_embedding_probe,official_out_of_fold_predictions,ProteinGym_normalized_targets,0.5652242078954599,0.8450138236671002,0.7241130166487284,0.300225029556378,0.1,0.25,0.8198649673802083,0.7758557713751563,0.06238227951927034,637
NUD15_HUMAN_Suiter_2020,NUD15_HUMAN,Human,Expression,modulo_position,esm1v_embedding_probe,official_out_of_fold_predictions,ProteinGym_normalized_targets,0.6743452149570226,0.7303215320500325,0.5811785204566807,0.4691773637975818,0.1,0.29473684210526313,0.8507919673394542,0.872812279884039,0.11213577721992882,2844
NUSA_ECOLI_Tsuboyama_2023_1WCL,NUSA_ECOLI,Prokaryote,Stability,modulo_position,esm1v_embedding_probe,official_out_of_fold_predictions,ProteinGym_normalized_targets,0.7774554716570039,0.5804110753453929,0.41964668681400463,0.670772159182324,0.1,0.3816793893129771,0.047720288934182876,0.8739308317379583,0.0,1306
NUSG_MYCTU_Tsuboyama_2023_2MI6,NUSG_MYCTU,Prokaryote,Stability,modulo_position,esm1v_embedding_probe,official_out_of_fold_predictions,ProteinGym_normalized_targets,0.8117648986827988,0.5836167883333023,0.44090087654553484,0.6817282852062926,0.1,0.4215686274509804,0.2641078682121756,1.0163656739862335,0.08583263996688659,1019
OBSCN_HUMAN_Tsuboyama_2023_1V1C,OBSCN_HUMAN,Human,Stability,modulo_position,esm1v_embedding_probe,official_out_of_fold_predictions,ProteinGym_normalized_targets,0.6970002551321219,0.6039360728675287,0.458522357411047,0.6606189104572872,0.1,0.29508196721311475,-0.2722512669267553,0.6148100231626767,0.1687392679539013,1213
ODP2_GEOSE_Tsuboyama_2023_1W4G,ODP2_GEOSE,Prokaryote,Stability,modulo_position,esm1v_embedding_probe,official_out_of_fold_predictions,ProteinGym_normalized_targets,0.17175344779285548,1.111853779070687,0.8271607227823616,-0.20965736202488872,0.1,0.08955223880597014,-0.9263647741368908,-0.19620311260915976,0.56158172744732,669
OTC_HUMAN_Lo_2023,OTC_HUMAN,Human,Activity,modulo_position,esm1v_embedding_probe,official_out_of_fold_predictions,ProteinGym_normalized_targets,0.7093267326643365,0.7352043662969303,0.5892610754224803,0.4625448961289409,0.1,0.3821656050955414,0.885216560509554,1.086830596096538,0.25758067222419945,1570
OTU7A_HUMAN_Tsuboyama_2023_2L2D,OTU7A_HUMAN,Human,Stability,modulo_position,esm1v_embedding_probe,official_out_of_fold_predictions,ProteinGym_normalized_targets,0.8235140671697924,0.6726381790876014,0.5089026127100786,0.5935416407573095,0.1,0.5,0.3438090310565384,1.1642215787645376,0.0,635
OXDA_RHOTO_Vanella_2023_activity,OXDA_RHOTO,Eukaryote,Activity,modulo_position,esm1v_embedding_probe,official_out_of_fold_predictions,ProteinGym_normalized_targets,0.39169747453952136,0.9365892532299578,0.7216327096998468,0.12466087565448103,0.1,0.1828125,-0.04574260083402382,0.5045098076032797,0.0,6396
OXDA_RHOTO_Vanella_2023_expression,OXDA_RHOTO,Eukaryote,Expression,modulo_position,esm1v_embedding_probe,official_out_of_fold_predictions,ProteinGym_normalized_targets,0.4151455562728181,0.9000013268762925,0.7185343222221826,0.19057964835857277,0.1,0.21565731166912852,-0.0070316433952951765,0.5158534989607759,0.0,6769
P53_HUMAN_Giacomelli_2018_Null_Etoposide,P53_HUMAN,Human,OrganismalFitness,modulo_position,esm1v_embedding_probe,official_out_of_fold_predictions,ProteinGym_normalized_targets,0.5876497254514905,0.7572317390812023,0.5856552137958037,0.4283166146606727,0.1,0.2971887550200803,0.7956266691361065,0.7654484040766383,0.5951842140342982,7467
P53_HUMAN_Giacomelli_2018_Null_Nutlin,P53_HUMAN,Human,OrganismalFitness,modulo_position,esm1v_embedding_probe,official_out_of_fold_predictions,ProteinGym_normalized_targets,0.5938346324401328,0.7978645662455158,0.6092106903183299,0.3640280802452577,0.1,0.46318607764390896,1.231383397913017,1.215494753425124,0.3265644458763899,7467
P53_HUMAN_Giacomelli_2018_WT_Nutlin,P53_HUMAN,Human,OrganismalFitness,modulo_position,esm1v_embedding_probe,official_out_of_fold_predictions,ProteinGym_normalized_targets,0.7636071348385713,0.64609178304502,0.5040893656686608,0.5828236292948001,0.1,0.4109772423025435,1.0801634897203047,1.0625654795143122,0.0,7467
P53_HUMAN_Kotler_2018,P53_HUMAN,Human,OrganismalFitness,modulo_position,esm1v_embedding_probe,official_out_of_fold_predictions,ProteinGym_normalized_targets,0.6368224815781555,0.7769807985392656,0.6369373764019656,0.3988248172930774,0.1,0.2,2.253329142003605,0.80682762513489,0.2780540656323557,1048
P84126_THETH_Chan_2017,P84126_THETH,Prokaryote,OrganismalFitness,modulo_position,esm1v_embedding_probe,official_out_of_fold_predictions,ProteinGym_normalized_targets,0.6486886779349134,0.7784631535760489,0.6025142319247689,0.39889081399538284,0.1,0.40131578947368424,0.27771429692763155,1.2242583415421255,0.017354440812570444,1519
PABP_YEAST_Melamed_2013,PABP_YEAST,Eukaryote,OrganismalFitness,modulo_position,esm1v_embedding_probe,official_out_of_fold_predictions,ProteinGym_normalized_targets,0.7145491210239268,0.6989048462693785,0.5491942666237877,0.5191526193346945,0.1,0.29411764705882354,0.9593783516386554,0.8267739761742627,4.52726624640921,1187
PAI1_HUMAN_Huttinger_2021,PAI1_HUMAN,Human,Activity,modulo_position,esm1v_embedding_probe,official_out_of_fold_predictions,ProteinGym_normalized_targets,0.42953464751517734,0.8975741614755733,0.7017243614691053,0.1953236222999286,0.1,0.21121495327102804,0.46881746447102807,0.5751964111105488,0.3946960417223471,5345
PA_I34A1_Wu_2015,PA_I34A1,Virus,OrganismalFitness,modulo_position,esm1v_embedding_probe,official_out_of_fold_predictions,ProteinGym_normalized_targets,0.10667566197307635,1.0057796947897524,0.6647091204928076,0.004016710067418328,0.1,0.12087912087912088,0.4541531517335164,0.01191564128958113,5.522539505428918,1820
PHOT_CHLRE_Chen_2023,PHOT_CHLRE,Eukaryote,Activity,modulo_position,esm1v_embedding_probe,official_out_of_fold_predictions,ProteinGym_normalized_targets,0.6458598634747997,0.6861307431155123,0.5126721329769982,0.5321990013630258,0.1,0.26291079812206575,1.281449978538068,0.6273067578822653,0.6246422746103337,2122
PIN1_HUMAN_Tsuboyama_2023_1I6C,PIN1_HUMAN,Human,Stability,modulo_position,esm1v_embedding_probe,official_out_of_fold_predictions,ProteinGym_normalized_targets,0.7937806728576382,0.6074103953068865,0.4532693775241545,0.6343921509186954,0.1,0.42028985507246375,0.11036686275106278,1.032950580793504,0.3143905798546123,686
PITX2_HUMAN_Tsuboyama_2023_2L7M,PITX2_HUMAN,Human,Stability,modulo_position,esm1v_embedding_probe,official_out_of_fold_predictions,ProteinGym_normalized_targets,0.6200700974546567,0.8102862784838192,0.6216046957292112,0.3543489584273526,0.1,0.2553191489361702,0.0985323551213037,0.8195899050569236,0.057469559807606894,938
PKN1_HUMAN_Tsuboyama_2023_1URF,PKN1_HUMAN,Human,Stability,modulo_position,esm1v_embedding_probe,official_out_of_fold_predictions,ProteinGym_normalized_targets,0.5766041991531069,0.6774161093928875,0.4956177125177172,0.5471813096924454,0.1,0.29770992366412213,0.21752143015414208,0.67265944580297,0.0,1301
POLG_CXB3N_Mattenberger_2021,POLG_CXB3N,Virus,OrganismalFitness,modulo_position,esm1v_embedding_probe,official_out_of_fold_predictions,ProteinGym_normalized_targets,0.2368197781564623,0.9595769552991165,0.7546110118832982,0.08104695970229214,0.1,0.26908396946564883,-1.837631632588315,0.679586699682043,1.060005118937404,15711
POLG_DEN26_Suphatrakul_2023,POLG_DEN26,Virus,OrganismalFitness,modulo_position,esm1v_embedding_probe,official_out_of_fold_predictions,ProteinGym_normalized_targets,0.22090225527002866,0.9811073092239065,0.8713097301102612,0.04122586094516778,0.1,0.14792899408284024,-3.587518196553499,0.28121112773655815,0.3682782561405618,16897
POLG_HCVJF_Qi_2014,POLG_HCVJF,Virus,OrganismalFitness,modulo_position,esm1v_embedding_probe,official_out_of_fold_predictions,ProteinGym_normalized_targets,0.5665033346474456,0.8088597493084986,0.6250536299273006,0.3620327571985854,0.1,0.4110429447852761,-0.2605653382208589,1.2516882791802113,0.9318568001937229,1630
POLG_PESV_Tsuboyama_2023_2MXD,POLG_PESV,Virus,Stability,modulo_position,esm1v_embedding_probe,official_out_of_fold_predictions,ProteinGym_normalized_targets,0.4842499813313495,0.825878677723073,0.6347407425346433,0.3335508145861966,0.1,0.19,-0.5930270311736792,0.3959510481315945,0.0,995
PPARG_HUMAN_Majithia_2016,PPARG_HUMAN,Human,Activity,modulo_position,esm1v_embedding_probe,official_out_of_fold_predictions,ProteinGym_normalized_targets,0.7977416122547439,0.6246107850653511,0.4802122436365998,0.6105872572490316,0.1,0.3695198329853862,1.9385375782881,0.9702923496994579,0.0,9576
PPM1D_HUMAN_Miller_2022,PPM1D_HUMAN,Human,OrganismalFitness,modulo_position,esm1v_embedding_probe,official_out_of_fold_predictions,ProteinGym_normalized_targets,0.6176696536490006,0.8022393736960761,0.6097381946550703,0.35785664305011355,0.1,0.20152091254752852,0.19269389987325727,0.67223064931779,0.6075715930762854,7889
PR40A_HUMAN_Tsuboyama_2023_1UZC,PR40A_HUMAN,Human,Stability,modulo_position,esm1v_embedding_probe,official_out_of_fold_predictions,ProteinGym_normalized_targets,0.5716995988187392,0.804786921176265,0.6037129060378762,0.36779046186094344,0.1,0.2564102564102564,-0.025524603083232955,0.5957453261393356,0.3094833946926396,1163
PRKN_HUMAN_Clausen_2023,PRKN_HUMAN,Human,Expression,modulo_position,esm1v_embedding_probe,official_out_of_fold_predictions,ProteinGym_normalized_targets,0.6832372972973335,0.7100001668615367,0.5351854801170695,0.49798164212736684,0.1,0.2534246575342466,1.0053117200681576,0.7910158439285321,0.002380360526403876,8756
PSAE_PICP2_Tsuboyama_2023_1PSE,PSAE_PICP2,Prokaryote,Stability,modulo_position,esm1v_embedding_probe,official_out_of_fold_predictions,ProteinGym_normalized_targets,0.6898412289149491,0.7146187418878968,0.5513545562926907,0.5129452454135175,0.1,0.22950819672131148,0.18650419208815844,0.7378591280478158,1.1485205750043235,1219
PTEN_HUMAN_Matreyek_2021,PTEN_HUMAN,Human,Expression,modulo_position,esm1v_embedding_probe,official_out_of_fold_predictions,ProteinGym_normalized_targets,0.5266953312932574,0.8511911528552674,0.6688823027187232,0.2791602845349731,0.1,0.2220039292730845,0.9267722918022312,0.6741542292068351,0.04189372327942894,5083
PTEN_HUMAN_Mighell_2018,PTEN_HUMAN,Human,Activity,modulo_position,esm1v_embedding_probe,official_out_of_fold_predictions,ProteinGym_normalized_targets,0.5115993497733294,0.7958891381640952,0.6219564314381543,0.3701870614357575,0.1,0.16115702479338842,-0.1565221049807162,0.5378499487387818,0.38174362713627746,7260
Q2N0S5_9HIV1_Haddox_2018,Q2N0S5_9HIV1,Virus,OrganismalFitness,modulo_position,esm1v_embedding_probe,official_out_of_fold_predictions,ProteinGym_normalized_targets,0.5360374775666137,0.8496833332660588,0.694393158763366,0.2796123209914434,0.1,0.2356637863315004,-0.3754275803684211,0.9323364759888048,0.06377224806796891,12729
Q53Z42_HUMAN_McShan_2019_binding-TAPBPR,Q53Z42_HUMAN,Human,Binding,modulo_position,esm1v_embedding_probe,official_out_of_fold_predictions,ProteinGym_normalized_targets,0.5675177080753022,0.8229327346496416,0.6311033727781287,0.3299968150958038,0.1,0.24477611940298508,0.9400746268656717,0.7823510139063131,0.0,3344
Q53Z42_HUMAN_McShan_2019_expression,Q53Z42_HUMAN,Human,Expression,modulo_position,esm1v_embedding_probe,official_out_of_fold_predictions,ProteinGym_normalized_targets,0.5300129916699997,0.8535688767120478,0.6857252371180619,0.27598710384348724,0.1,0.2865671641791045,0.44135820895522393,0.788855039451679,0.0,3344
Q59976_STRSQ_Romero_2015,Q59976_STRSQ,Prokaryote,Activity,modulo_position,esm1v_embedding_probe,official_out_of_fold_predictions,ProteinGym_normalized_targets,0.5760248729558781,0.8171593326244783,0.6218752063652051,0.33488751567320507,0.1,0.18666666666666668,-0.4854066666666667,0.5190494256872812,0.9802255479611718,2999
Q6WV12_9MAXI_Somermeyer_2022,Q6WV12_9MAXI,Eukaryote,Activity,modulo_position,esm1v_embedding_probe,official_out_of_fold_predictions,ProteinGym_normalized_targets,0.17209578963363625,1.0419060962027105,0.7087203451356968,-0.06392855315361179,0.1,0.17391304347826086,15219.442460495746,0.15792759164781126,0.25195172909107505,1141
Q837P4_ENTFA_Meier_2023,Q837P4_ENTFA,Prokaryote,Activity,modulo_position,esm1v_embedding_probe,official_out_of_fold_predictions,ProteinGym_normalized_targets,0.6519576892909994,0.6915105027747205,0.5183673525715925,0.5350310368370399,0.1,0.18571428571428572,-0.33413546343809514,0.6676374211583385,0.17207773620418654,697
Q837P5_ENTFA_Meier_2023,Q837P5_ENTFA,Prokaryote,Activity,modulo_position,esm1v_embedding_probe,official_out_of_fold_predictions,ProteinGym_normalized_targets,0.3951875227537726,0.984060523563743,0.7486143530208835,0.03765236456735155,0.1,0.16,-0.9307015640066667,0.3382308667832183,0.26728808217012445,747
Q8WTC7_9CNID_Somermeyer_2022,Q8WTC7_9CNID,Eukaryote,Activity,modulo_position,esm1v_embedding_probe,official_out_of_fold_predictions,ProteinGym_normalized_targets,0.1302826716267411,1.0410547469090858,0.7612324744918152,-0.07609312901651943,0.1,0.05785123966942149,8170.590541198019,0.19130983885006506,1.8777644554844757,1201
R1AB_SARS2_Flynn_2022,R1AB_SARS2,Virus,OrganismalFitness,modulo_position,esm1v_embedding_probe,official_out_of_fold_predictions,ProteinGym_normalized_targets,0.28854618141673066,0.97126529459613,0.8048192603343896,0.05840484485655151,0.1,0.13612565445026178,0.7376366371104544,0.23052082857239267,0.0020246686449394025,5725
RAD_ANTMA_Tsuboyama_2023_2CJJ,RAD_ANTMA,Eukaryote,Stability,modulo_position,esm1v_embedding_probe,official_out_of_fold_predictions,ProteinGym_normalized_targets,0.6492359829931609,0.7546773132951589,0.576968644462584,0.4415141974562332,0.1,0.2564102564102564,0.2243052081859395,0.7962189285979961,0.5719244986710419,774
RASH_HUMAN_Bandaru_2017,RASH_HUMAN,Human,Activity,modulo_position,esm1v_embedding_probe,official_out_of_fold_predictions,ProteinGym_normalized_targets,0.6047880807818556,0.8042785397141379,0.5969791500487619,0.3597316016188564,0.1,0.27070063694267515,0.12567436804140128,0.8263587659359771,4.366995507178132,3134
RASK_HUMAN_Weng_2022_abundance,RASK_HUMAN,Human,Expression,modulo_position,esm1v_embedding_probe,official_out_of_fold_predictions,ProteinGym_normalized_targets,0.5263500055121892,0.8429085199372651,0.6575002495090633,0.2951082034538264,0.1,0.34527687296416937,-0.014883527322210035,0.8651826670081949,0.0,3066
RASK_HUMAN_Weng_2022_binding-DARPin_K55,RASK_HUMAN,Human,Binding,modulo_position,esm1v_embedding_probe,official_out_of_fold_predictions,ProteinGym_normalized_targets,0.619288048351729,0.7653363084641998,0.5567265405486641,0.4359054778704947,0.1,0.22653721682847897,-0.012413904561749992,0.6519528405519599,0.0,3084
RBP1_HUMAN_Tsuboyama_2023_2KWH,RBP1_HUMAN,Human,Stability,modulo_position,esm1v_embedding_probe,official_out_of_fold_predictions,ProteinGym_normalized_targets,0.8052720933424136,0.5290648500282104,0.3841656593662359,0.7284806065972653,0.1,0.5102040816326531,0.4663687039068594,1.0823276250876621,0.0,975
RCD1_ARATH_Tsuboyama_2023_5OAO,RCD1_ARATH,Eukaryote,Stability,modulo_position,esm1v_embedding_probe,official_out_of_fold_predictions,ProteinGym_normalized_targets,0.7762949512428947,0.6381589207870818,0.48787475400843117,0.5985205338054513,0.1,0.47474747474747475,0.415598848056256,1.1075649886819028,0.0,988
RCRO_LAMBD_Tsuboyama_2023_1ORC,RCRO_LAMBD,Virus,Stability,modulo_position,esm1v_embedding_probe,official_out_of_fold_predictions,ProteinGym_normalized_targets,0.6487447663584853,0.7276369453481861,0.5434572655384435,0.5231937058473681,0.1,0.275,-0.18421504520939733,0.6758166639267611,0.18330266645202425,1195
RD23A_HUMAN_Tsuboyama_2023_1IFY,RD23A_HUMAN,Human,Stability,modulo_position,esm1v_embedding_probe,official_out_of_fold_predictions,ProteinGym_normalized_targets,0.782919916959718,0.5664950307247415,0.43695084879197993,0.6915230282368682,0.1,0.3,-0.017334790646156895,0.859351713855577,0.5336628357965538,798
RDRP_I33A0_Li_2023,RDRP_I33A0,Virus,OrganismalFitness,modulo_position,esm1v_embedding_probe,official_out_of_fold_predictions,ProteinGym_normalized_targets,0.05481455941045469,0.9983992318434879,0.8278429182664542,0.005334379433748815,0.1,0.09825145711906745,-1.399369509912114,0.0017364481879647488,0.4592528059142167,12003
REV_HV1H2_Fernandes_2016,REV_HV1H2,Virus,OrganismalFitness,modulo_position,esm1v_embedding_probe,official_out_of_fold_predictions,ProteinGym_normalized_targets,0.3590949510345723,0.928856150225543,0.7065106093509066,0.14866920229882097,0.1,0.12558139534883722,-0.0543591684671345,0.3046555244695419,1.1894975362796414,2147
RFAH_ECOLI_Tsuboyama_2023_2LCL,RFAH_ECOLI,Prokaryote,Stability,modulo_position,esm1v_embedding_probe,official_out_of_fold_predictions,ProteinGym_normalized_targets,0.6382475070897227,0.836793904760882,0.6325983578519712,0.31401621573171923,0.1,0.3402061855670103,0.4483022961737423,1.0770325566525931,0.0,969
RL20_AQUAE_Tsuboyama_2023_1GYZ,RL20_AQUAE,Prokaryote,Stability,modulo_position,esm1v_embedding_probe,official_out_of_fold_predictions,ProteinGym_normalized_targets,0.5058549232684721,0.7621947124448553,0.548822168028992,0.4513404356911307,0.1,0.11504424778761062,-0.06502665327712072,0.45333418711538764,0.0,1121
RL40A_YEAST_Mavor_2016,RL40A_YEAST,Eukaryote,OrganismalFitness,modulo_position,esm1v_embedding_probe,official_out_of_fold_predictions,ProteinGym_normalized_targets,0.5312675034301318,0.8555846953988533,0.6801999200148124,0.2702447176547049,0.1,0.15873015873015872,-0.01860861705555555,0.6967882540437165,1.0531187766708978,1253
RL40A_YEAST_Roscoe_2013,RL40A_YEAST,Eukaryote,OrganismalFitness,modulo_position,esm1v_embedding_probe,official_out_of_fold_predictions,ProteinGym_normalized_targets,0.6695632765638974,0.760840749334413,0.5787876152441841,0.4234702392685715,0.1,0.25833333333333336,-0.0282306144700415,0.6844293623839428,0.019463607148889183,1195
RL40A_YEAST_Roscoe_2014,RL40A_YEAST,Eukaryote,Activity,modulo_position,esm1v_embedding_probe,official_out_of_fold_predictions,ProteinGym_normalized_targets,0.39655972715071114,0.9480812753629869,0.6810664529000362,0.1250747312374788,0.1,0.12318840579710146,0.9235208864782608,0.46707718056263037,0.5258076173124127,1380
RNC_ECOLI_Weeks_2023,RNC_ECOLI,Prokaryote,Activity,modulo_position,esm1v_embedding_probe,official_out_of_fold_predictions,ProteinGym_normalized_targets,0.662803463606065,0.6631977117597493,0.4900045225784723,0.5649221303567677,0.1,0.16355140186915887,-0.009739366299065418,0.5851134974525923,0.22318057101065308,4277
RPC1_BP434_Tsuboyama_2023_1R69,RPC1_BP434,Virus,Stability,modulo_position,esm1v_embedding_probe,official_out_of_fold_predictions,ProteinGym_normalized_targets,0.8506303210452429,0.5401103890798576,0.40965123620177935,0.7208914834628036,0.1,0.46017699115044247,0.09817748708713947,0.9981668356824532,0.0,1124
RS15_GEOSE_Tsuboyama_2023_1A32,RS15_GEOSE,Prokaryote,Stability,modulo_position,esm1v_embedding_probe,official_out_of_fold_predictions,ProteinGym_normalized_targets,0.7646327029840012,0.5769831864229821,0.43519986216402506,0.6774175090231356,0.1,0.36666666666666664,0.2966580351177373,0.9144280520194897,0.4393267718093225,1195
S22A1_HUMAN_Yee_2023_abundance,S22A1_HUMAN,Human,Expression,modulo_position,esm1v_embedding_probe,official_out_of_fold_predictions,ProteinGym_normalized_targets,0.6563134472289769,0.7680711934003379,0.5976161021188993,0.4105909743923096,0.1,0.2742099898063201,0.2769647733751274,0.819459600333784,0.32895848576931375,9803
S22A1_HUMAN_Yee_2023_activity,S22A1_HUMAN,Human,Activity,modulo_position,esm1v_embedding_probe,official_out_of_fold_predictions,ProteinGym_normalized_targets,0.6170211740198306,0.7771681295645552,0.6355388995996856,0.39643174332927966,0.1,0.19306930693069307,0.36228023449108915,0.7378599850719353,0.4378596034508378,10094
SAV1_MOUSE_Tsuboyama_2023_2YSB,SAV1_MOUSE,Eukaryote,Stability,modulo_position,esm1v_embedding_probe,official_out_of_fold_predictions,ProteinGym_normalized_targets,0.6467123698306985,0.8241721987620941,0.5862647939739323,0.35481791076705993,0.1,0.17647058823529413,0.026078379578976695,0.8086959436881425,0.0,679
SBI_STAAM_Tsuboyama_2023_2JVG,SBI_STAAM,Prokaryote,Stability,modulo_position,esm1v_embedding_probe,official_out_of_fold_predictions,ProteinGym_normalized_targets,0.5638839078769076,0.8604557455254386,0.6550064248444682,0.26856785983723563,0.1,0.3106796116504854,-0.1198851280696695,0.7206501040383575,0.0,1025
SC6A4_HUMAN_Young_2021,SC6A4_HUMAN,Human,Activity,modulo_position,esm1v_embedding_probe,official_out_of_fold_predictions,ProteinGym_normalized_targets,0.5425146144790057,0.8611437073365728,0.6529279445468158,0.2588687636448055,0.1,0.23316062176165803,0.41243262930872193,0.679759720292911,1.1479290173976127,11576
SCIN_STAAR_Tsuboyama_2023_2QFF,SCIN_STAAR,Prokaryote,Stability,modulo_position,esm1v_embedding_probe,official_out_of_fold_predictions,ProteinGym_normalized_targets,0.636727110366548,0.7161342802019596,0.5327012006077558,0.49606428089314747,0.1,0.4262295081967213,0.14571615643546734,0.8290221869410463,0.0,1212
SDA_BACSU_Tsuboyama_2023_1PV0,SDA_BACSU,Prokaryote,Stability,modulo_position,esm1v_embedding_probe,official_out_of_fold_predictions,ProteinGym_normalized_targets,0.7263668281252965,0.684889625325684,0.4833758589460432,0.5478912703900869,0.1,0.2261904761904762,0.0032863553961481077,0.7042607722067373,0.7259915560434099,834
SERC_HUMAN_Xie_2023,SERC_HUMAN,Human,OrganismalFitness,modulo_position,esm1v_embedding_probe,official_out_of_fold_predictions,ProteinGym_normalized_targets,0.5364172434719441,0.7346097670272822,0.5377573619768573,0.46273200496914424,0.1,0.125,0.9672046066851472,0.49748153348529395,0.2404892251173515,1914
SHOC2_HUMAN_Kwon_2022,SHOC2_HUMAN,Human,OrganismalFitness,modulo_position,esm1v_embedding_probe,official_out_of_fold_predictions,ProteinGym_normalized_targets,0.4221009108825654,0.9007766009205188,0.6994530225969712,0.18928797163876343,0.1,0.16029143897996356,-0.09519957875936277,0.42152410712915317,4.401292484596811,10972
SOX30_HUMAN_Tsuboyama_2023_7JJK,SOX30_HUMAN,Human,Stability,modulo_position,esm1v_embedding_probe,official_out_of_fold_predictions,ProteinGym_normalized_targets,0.6455218717414527,0.6983199468069479,0.505253313600703,0.52765659163059,0.1,0.26732673267326734,0.19811164126361328,0.825943664428287,0.740334740536587,1010
SPA_STAAU_Tsuboyama_2023_1LP1,SPA_STAAU,Prokaryote,Stability,modulo_position,esm1v_embedding_probe,official_out_of_fold_predictions,ProteinGym_normalized_targets,0.5781475926711821,0.8577904321282744,0.6669514032156522,0.28221537825680665,0.1,0.3269230769230769,0.07405417820795415,0.7112083207201781,0.0,1035
SPG1_STRSG_Olson_2014,SPG1_STRSG,Prokaryote,Binding,modulo_position,esm1v_embedding_probe,official_out_of_fold_predictions,ProteinGym_normalized_targets,0.6168735089008482,0.8251517742816898,0.6230859288734029,0.3271401047621164,0.1,0.24761904761904763,0.5489271069028896,0.6510744212385697,0.19124195826009643,1045
SPG2_STRSG_Tsuboyama_2023_5UBS,SPG2_STRSG,Prokaryote,Stability,modulo_position,esm1v_embedding_probe,official_out_of_fold_predictions,ProteinGym_normalized_targets,0.6850318071825782,0.8695319125442215,0.5555758231636151,0.2613269914791576,0.1,0.4368932038834951,0.3293362205908258,0.9780816491313461,0.05139246379064546,1029
SPIKE_SARS2_Starr_2020_binding,SPIKE_SARS2,Virus,Binding,modulo_position,esm1v_embedding_probe,official_out_of_fold_predictions,ProteinGym_normalized_targets,0.21509294196861387,0.9831020525536337,0.750350374432396,0.050384134600827246,0.1,0.24671916010498687,-0.3265616797900262,0.47290157234957664,0.13472508002130032,3802
SPIKE_SARS2_Starr_2020_expression,SPIKE_SARS2,Virus,Expression,modulo_position,esm1v_embedding_probe,official_out_of_fold_predictions,ProteinGym_normalized_targets,0.1591114472537318,0.9870455591487981,0.8571177523628285,0.030179010479447932,0.1,0.15263157894736842,-0.7051315789473684,0.36098776431755863,0.4374297716880965,3798
SPTN1_CHICK_Tsuboyama_2023_1TUD,SPTN1_CHICK,Eukaryote,Stability,modulo_position,esm1v_embedding_probe,official_out_of_fold_predictions,ProteinGym_normalized_targets,0.6875857399719156,0.7406807864716147,0.5572604752701332,0.45757530436921534,0.1,0.32075471698113206,-0.20220326140852468,0.8418775581061687,0.1265639292549345,1051
SQSTM_MOUSE_Tsuboyama_2023_2RRU,SQSTM_MOUSE,Eukaryote,Stability,modulo_position,esm1v_embedding_probe,official_out_of_fold_predictions,ProteinGym_normalized_targets,0.7541591540575153,0.6750082387000024,0.5422861695452617,0.5844720225139337,0.1,0.5211267605633803,0.07645460817608779,1.2240402861401243,0.12677596090416468,707
SR43C_ARATH_Tsuboyama_2023_2N88,SR43C_ARATH,Eukaryote,Stability,modulo_position,esm1v_embedding_probe,official_out_of_fold_predictions,ProteinGym_normalized_targets,0.6849960050924394,0.6566750986533514,0.5151422953633296,0.5788337559605037,0.1,0.3146067415730337,-0.14766246053173085,0.7710146371664773,0.20304835210709227,889
SRBS1_HUMAN_Tsuboyama_2023_2O2W,SRBS1_HUMAN,Human,Stability,modulo_position,esm1v_embedding_probe,official_out_of_fold_predictions,ProteinGym_normalized_targets,0.6372897202639715,0.822637924418689,0.6189159633758051,0.3386693377289449,0.1,0.32786885245901637,-0.09375583583043125,0.7674471846730234,0.23784195555550816,1211
SRC_HUMAN_Ahler_2019,SRC_HUMAN,Human,Activity,modulo_position,esm1v_embedding_probe,official_out_of_fold_predictions,ProteinGym_normalized_targets,0.6115751116926444,0.843983101739442,0.6186234956921381,0.29466639599869904,0.1,0.1390532544378698,0.19282958690236687,0.6291869874883484,0.5887208836393779,3372
SRC_HUMAN_Chakraborty_2023_binding-DAS_25uM,SRC_HUMAN,Human,Activity,modulo_position,esm1v_embedding_probe,official_out_of_fold_predictions,ProteinGym_normalized_targets,0.5221653134010152,0.9173126326869245,0.6168280789249376,0.16848717504597288,0.1,0.1510989010989011,0.4571993570247253,0.6160518046421352,0.0,3637
SRC_HUMAN_Nguyen_2022,SRC_HUMAN,Human,OrganismalFitness,modulo_position,esm1v_embedding_probe,official_out_of_fold_predictions,ProteinGym_normalized_targets,0.5348954160318032,0.8935189790750209,0.6605013547081957,0.2084669378242372,0.1,0.09495548961424333,-0.1939975982960757,0.4721756797141688,2.042738453976648,3366
SUMO1_HUMAN_Weile_2017,SUMO1_HUMAN,Human,OrganismalFitness,modulo_position,esm1v_embedding_probe,official_out_of_fold_predictions,ProteinGym_normalized_targets,0.528623833637394,0.8673654407092373,0.6853526029372059,0.2607409757434642,0.1,0.18235294117647058,0.6637569391529412,0.652546769315003,1.6343574625048485,1700
SYUA_HUMAN_Newberry_2020,SYUA_HUMAN,Human,OrganismalFitness,modulo_position,esm1v_embedding_probe,official_out_of_fold_predictions,ProteinGym_normalized_targets,0.5523377010333232,0.5711768682012383,0.3794382495045054,0.677238991717632,0.1,0.228,-0.0008077472152713199,0.4874938032688942,0.17252218760295635,2497
TADBP_HUMAN_Bolognesi_2019,TADBP_HUMAN,Human,OrganismalFitness,modulo_position,esm1v_embedding_probe,official_out_of_fold_predictions,ProteinGym_normalized_targets,0.7703733522524632,0.5756619869911684,0.4015620196171823,0.6724615154182018,0.1,0.7583333333333333,0.1659661720195197,1.6821888395486773,0.0,1196
TAT_HV1BR_Fernandes_2016,TAT_HV1BR,Virus,OrganismalFitness,modulo_position,esm1v_embedding_probe,official_out_of_fold_predictions,ProteinGym_normalized_targets,0.4931292290856206,0.8766362568783868,0.6499734002995253,0.24215215946215163,0.1,0.14556962025316456,0.00048431562913088267,0.592056484830689,0.0,1577
TCRG1_MOUSE_Tsuboyama_2023_1E0L,TCRG1_MOUSE,Eukaryote,Stability,modulo_position,esm1v_embedding_probe,official_out_of_fold_predictions,ProteinGym_normalized_targets,0.8009770570234712,0.5321070844432393,0.3693922855421256,0.7288031283736658,0.1,0.38095238095238093,-0.11700998453643872,0.9101672034171939,0.0,621
THO1_YEAST_Tsuboyama_2023_2WQG,THO1_YEAST,Eukaryote,Stability,modulo_position,esm1v_embedding_probe,official_out_of_fold_predictions,ProteinGym_normalized_targets,0.5088223666927666,0.8847921681141614,0.6586627798829269,0.22651473516291076,0.1,0.24242424242424243,-0.08745287493160815,0.6098522356865785,0.025704834881280888,656
TNKS2_HUMAN_Tsuboyama_2023_5JRT,TNKS2_HUMAN,Human,Stability,modulo_position,esm1v_embedding_probe,official_out_of_fold_predictions,ProteinGym_normalized_targets,0.7132798149596785,0.6610792720397353,0.5047816080423256,0.5718017791540141,0.1,0.2767857142857143,-0.2205298111759266,0.7898085804697421,0.18970776708905812,1118
TPK1_HUMAN_Weile_2017,TPK1_HUMAN,Human,OrganismalFitness,modulo_position,esm1v_embedding_probe,official_out_of_fold_predictions,ProteinGym_normalized_targets,0.3492147966576552,0.9508544466918383,0.7677663360764728,0.09651901317736067,0.1,0.13479623824451412,0.6369219760344828,0.40794619569147433,1.1596019508575695,3181
TPMT_HUMAN_Matreyek_2018,TPMT_HUMAN,Human,Expression,modulo_position,esm1v_embedding_probe,official_out_of_fold_predictions,ProteinGym_normalized_targets,0.5773727860955723,0.7888502920919228,0.6005222345244243,0.3845807139327111,0.1,0.23013698630136986,0.9725131376876712,0.5987800786069137,0.0,3648
TPOR_HUMAN_Bridgford_2020,TPOR_HUMAN,Human,OrganismalFitness,modulo_position,esm1v_embedding_probe,official_out_of_fold_predictions,ProteinGym_normalized_targets,0.49055990169808567,0.9333882473820407,0.7155395015448398,0.1591439197403377,0.1,0.2982456140350877,0.012382863135315352,0.9317025256735866,0.0,562
TRPC_SACS2_Chan_2017,TRPC_SACS2,Prokaryote,OrganismalFitness,modulo_position,esm1v_embedding_probe,official_out_of_fold_predictions,ProteinGym_normalized_targets,0.6563221943093296,0.7777060633591368,0.5988325749885254,0.4032006566499582,0.1,0.4868421052631579,0.21717973466447366,1.255674441526652,0.5781418654106012,1519
TRPC_THEMA_Chan_2017,TRPC_THEMA,Prokaryote,OrganismalFitness,modulo_position,esm1v_embedding_probe,official_out_of_fold_predictions,ProteinGym_normalized_targets,0.5116049002894288,0.8881204540401664,0.6726333880194602,0.2310076891672359,0.1,0.34210526315789475,-0.04263478144736842,1.0636302039147234,0.8271724400148858,1519
UBC9_HUMAN_Weile_2017,UBC9_HUMAN,Human,OrganismalFitness,modulo_position,esm1v_embedding_probe,official_out_of_fold_predictions,ProteinGym_normalized_targets,0.5292547198840168,0.903365799579887,0.6654823344099962,0.18943379321960518,0.1,0.1556420233463035,0.7348978762023346,0.5779220846206052,4.896918910033254,2563
UBE4B_HUMAN_Tsuboyama_2023_3L1X,UBE4B_HUMAN,Human,Stability,modulo_position,esm1v_embedding_probe,official_out_of_fold_predictions,ProteinGym_normalized_targets,0.7381612932759163,0.6926642408115891,0.5298151226440967,0.5330632377936735,0.1,0.4017857142857143,-0.05005194362268298,0.9763457159789366,0.0,1118
UBE4B_MOUSE_Starita_2013,UBE4B_MOUSE,Eukaryote,Activity,modulo_position,esm1v_embedding_probe,official_out_of_fold_predictions,ProteinGym_normalized_targets,0.44819762103377847,0.8706248321490139,0.6295951947749611,0.24814330212239466,0.1,0.08888888888888889,-0.07248513582222223,0.43023141316939645,1.7795991066470929,899
UBR5_HUMAN_Tsuboyama_2023_1I2T,UBR5_HUMAN,Human,Stability,modulo_position,esm1v_embedding_probe,official_out_of_fold_predictions,ProteinGym_normalized_targets,0.7225509795797569,0.6042717414909519,0.44835303064232174,0.6464123635390501,0.1,0.38181818181818183,0.16315443748828423,0.7593384522120539,0.0,1094
VG08_BPP22_Tsuboyama_2023_2GP8,VG08_BPP22,Virus,Stability,modulo_position,esm1v_embedding_probe,official_out_of_fold_predictions,ProteinGym_normalized_targets,0.8049612181380273,0.5496426410745819,0.37327559462050486,0.7038692710014214,0.1,0.4794520547945205,0.1914703537748829,0.9902923652458475,0.0,723
VILI_CHICK_Tsuboyama_2023_1YU5,VILI_CHICK,Eukaryote,Stability,modulo_position,esm1v_embedding_probe,official_out_of_fold_predictions,ProteinGym_normalized_targets,0.7097052685831393,0.7043545338437569,0.5255308855805324,0.5198757243990306,0.1,0.35537190082644626,-0.0377741791503411,0.8361040054747007,0.0,1202
VKOR1_HUMAN_Chiasson_2020_abundance,VKOR1_HUMAN,Human,Expression,modulo_position,esm1v_embedding_probe,official_out_of_fold_predictions,ProteinGym_normalized_targets,0.6271310913633213,0.7613698294482532,0.5862881449983117,0.4226201365114872,0.1,0.34074074074074073,0.981039977701504,0.8671073403012465,0.0,2695
VKOR1_HUMAN_Chiasson_2020_activity,VKOR1_HUMAN,Human,Activity,modulo_position,esm1v_embedding_probe,official_out_of_fold_predictions,ProteinGym_normalized_targets,0.4359459258078692,0.9219760409751568,0.710015787692109,0.16229433745357724,0.1,0.17142857142857143,0.9236606257307151,0.4461058056365265,0.0,697
VRPI_BPT7_Tsuboyama_2023_2WNM,VRPI_BPT7,Virus,Stability,modulo_position,esm1v_embedding_probe,official_out_of_fold_predictions,ProteinGym_normalized_targets,0.7312455959145562,0.6267740264450681,0.4858136783673544,0.6124906019029013,0.1,0.34285714285714286,0.04867862480484923,0.7841631317964198,0.22554056837992995,1047
YAIA_ECOLI_Tsuboyama_2023_2KVT,YAIA_ECOLI,Prokaryote,Stability,modulo_position,esm1v_embedding_probe,official_out_of_fold_predictions,ProteinGym_normalized_targets,0.642907238627282,0.73734722181369,0.5487988326909483,0.46151092032160645,0.1,0.25806451612903225,-0.35101338276827343,0.6519727514115066,0.11671515179399954,928
YNZC_BACSU_Tsuboyama_2023_2JVD,YNZC_BACSU,Prokaryote,Stability,modulo_position,esm1v_embedding_probe,official_out_of_fold_predictions,ProteinGym_normalized_targets,0.6675609845150311,0.7088768429260688,0.5389165336459486,0.5223256219408376,0.1,0.3333333333333333,0.01114246458081737,0.7751599010046761,0.0,714
A0A140D2T1_ZIKV_Sourisseau_2019,A0A140D2T1_ZIKV,Virus,OrganismalFitness,random_variant,esm1v_embedding_probe,official_out_of_fold_predictions,ProteinGym_normalized_targets,0.232439226756854,0.96625312951095,0.4177221993243972,0.06705842731428213,0.1,0.3162839248434238,0.493848658826114,0.6941582966563932,0.0,9576
A0A192B1T2_9HIV1_Haddox_2018,A0A192B1T2_9HIV1,Virus,OrganismalFitness,random_variant,esm1v_embedding_probe,official_out_of_fold_predictions,ProteinGym_normalized_targets,0.5165906789602875,0.8606653765387913,0.6901357490345146,0.25968808754784645,0.1,0.26629570747217807,-0.630923733863275,0.9353651929920879,0.18793883825665006,12577
A0A1I9GEU1_NEIME_Kennouche_2019,A0A1I9GEU1_NEIME,Prokaryote,Activity,random_variant,esm1v_embedding_probe,official_out_of_fold_predictions,ProteinGym_normalized_targets,0.03541943579167981,1.0761284115562182,0.8021434256524188,-0.1508441871712385,0.1,0.06451612903225806,-0.1321935483870968,-0.08771148454073288,2.3101544903581233,922
A0A247D711_LISMN_Stadelmann_2021,A0A247D711_LISMN,Prokaryote,Activity,random_variant,esm1v_embedding_probe,official_out_of_fold_predictions,ProteinGym_normalized_targets,0.5680841703695607,0.7765768520509835,0.5349732478004114,0.40086014688340343,0.1,0.18674698795180722,0.20537746351765196,0.5326145872193173,0.047304891874788986,1653
A0A2Z5U3Z0_9INFA_Doud_2016,A0A2Z5U3Z0_9INFA,Virus,OrganismalFitness,random_variant,esm1v_embedding_probe,official_out_of_fold_predictions,ProteinGym_normalized_targets,0.5971225599135535,0.8121938575555451,0.6540238044748287,0.34054796960510947,0.1,0.3302238805970149,-0.7728194275233209,1.0351489535905942,0.0,10715
A0A2Z5U3Z0_9INFA_Wu_2014,A0A2Z5U3Z0_9INFA,Virus,OrganismalFitness,random_variant,esm1v_embedding_probe,official_out_of_fold_predictions,ProteinGym_normalized_targets,0.5083264122499063,0.9970181548560689,0.41892371811593787,0.059264419528497925,0.1,0.251063829787234,0.9441779493829787,0.5521470857981678,0.0,2350
A4D664_9INFA_Soh_2019,A4D664_9INFA,Virus,OrganismalFitness,random_variant,esm1v_embedding_probe,official_out_of_fold_predictions,ProteinGym_normalized_targets,0.21711519167822257,0.9901478194916146,0.6626309040848926,0.026537787917898625,0.1,0.14622314622314622,0.46555026812016553,0.2168784786974468,25.41763726749474,14421
A4GRB6_PSEAI_Chen_2020,A4GRB6_PSEAI,Prokaryote,OrganismalFitness,random_variant,esm1v_embedding_probe,official_out_of_fold_predictions,ProteinGym_normalized_targets,0.7649483490625373,0.624549847418261,0.4912664037739988,0.6102327963630327,0.1,0.27345309381237526,-0.07077943880166529,0.8867079726148516,0.0,5004
A4_HUMAN_Seuma_2022,A4_HUMAN,Human,Stability,random_variant,esm1v_embedding_probe,official_out_of_fold_predictions,ProteinGym_normalized_targets,0.6920963568820642,0.6934899875925287,0.5417853829055277,0.522654852825051,0.1,0.2625,0.34405256355436115,0.8401980661842835,0.42511153976915006,796
AACC1_PSEAI_Dandage_2018,AACC1_PSEAI,Prokaryote,OrganismalFitness,random_variant,esm1v_embedding_probe,official_out_of_fold_predictions,ProteinGym_normalized_targets,0.5888908698110947,0.8264410970888753,0.6449564724990949,0.31960192888339145,0.1,0.30939226519337015,2.430755931640774,0.8346579202823434,0.166289585217656,1801
ACE2_HUMAN_Chan_2020,ACE2_HUMAN,Human,Binding,random_variant,esm1v_embedding_probe,official_out_of_fold_predictions,ProteinGym_normalized_targets,0.4399729220256877,0.9004175743968014,0.6732420508382142,0.19041740123986306,0.1,0.15695067264573992,0.22453627956278027,0.5594488385624771,0.5152388541528913,2223
ADRB2_HUMAN_Jones_2020,ADRB2_HUMAN,Human,Activity,random_variant,esm1v_embedding_probe,official_out_of_fold_predictions,ProteinGym_normalized_targets,0.5392064967789163,0.8641015279621377,0.6412120468686399,0.2539044898788261,0.1,0.17435897435897435,2.3138280878922077,0.5040280909176491,1.024138276795975,7800
AMFR_HUMAN_Tsuboyama_2023_4G3O,AMFR_HUMAN,Human,Stability,random_variant,esm1v_embedding_probe,official_out_of_fold_predictions,ProteinGym_normalized_targets,0.9034964105045207,0.4515335288391586,0.3254189668405854,0.7974358686141534,0.1,0.5975609756097561,0.35360202955026854,1.0962003541257386,0.1489896801764587,820
AMIE_PSEAE_Wrenbeck_2017,AMIE_PSEAE,Prokaryote,Activity,random_variant,esm1v_embedding_probe,official_out_of_fold_predictions,ProteinGym_normalized_targets,0.7209070273552864,0.7302525140148521,0.5404176940690684,0.46731996014900656,0.1,0.14125200642054575,0.009842536115569825,0.8122203173531469,0.7326954093875663,6227
ANCSZ_Hobbs_2022,ANCSZ,Eukaryote,Activity,random_variant,esm1v_embedding_probe,official_out_of_fold_predictions,ProteinGym_normalized_targets,0.632611051147011,0.7300893304156408,0.5223504029373511,0.4679024682476236,0.1,0.26552462526766596,0.021252453926904797,0.7026790069643003,0.22813051586152647,4670
ARGR_ECOLI_Tsuboyama_2023_1AOY,ARGR_ECOLI,Prokaryote,Stability,random_variant,esm1v_embedding_probe,official_out_of_fold_predictions,ProteinGym_normalized_targets,0.8330530165846955,0.4265473562218112,0.3097888268676768,0.8190489292102926,0.1,0.37209302325581395,0.05290855620222364,0.8460210856052386,0.47561326182821057,1287
BBC1_YEAST_Tsuboyama_2023_1TG0,BBC1_YEAST,Eukaryote,Stability,random_variant,esm1v_embedding_probe,official_out_of_fold_predictions,ProteinGym_normalized_targets,0.860501868148015,0.5246405274104462,0.39983089989789666,0.7249066607775602,0.1,0.5321100917431193,0.6193936793973477,1.285003126683909,0.0,1084
BCHB_CHLTE_Tsuboyama_2023_2KRU,BCHB_CHLTE,Prokaryote,Stability,random_variant,esm1v_embedding_probe,official_out_of_fold_predictions,ProteinGym_normalized_targets,0.8692074454261486,0.48178527603894333,0.3427236232423595,0.7685887754093179,0.1,0.47191011235955055,0.2779357567883532,0.9230906873998785,0.0077478905857475775,890
BLAT_ECOLX_Deng_2012,BLAT_ECOLX,Prokaryote,OrganismalFitness,random_variant,esm1v_embedding_probe,official_out_of_fold_predictions,ProteinGym_normalized_targets,0.5967969851173186,0.8041881975915343,0.6568215612710065,0.3538801499726144,0.1,0.394,-1.184445502754,1.0052792413642688,0.23846100693051575,4996
BLAT_ECOLX_Firnberg_2014,BLAT_ECOLX,Prokaryote,OrganismalFitness,random_variant,esm1v_embedding_probe,official_out_of_fold_predictions,ProteinGym_normalized_targets,0.8139487646360477,0.6270491799957689,0.48832002130909263,0.6069408567473794,0.1,0.4133611691022965,1.0286405010438413,1.1562212187862708,2.6722746221161278,4783
BLAT_ECOLX_Jacquier_2013,BLAT_ECOLX,Prokaryote,OrganismalFitness,random_variant,esm1v_embedding_probe,official_out_of_fold_predictions,ProteinGym_normalized_targets,0.7395517372208641,0.6182474355410933,0.4717961661160769,0.6194642545364608,0.1,0.29292929292929293,-0.17138257151515154,0.7105598328461977,0.0,989
BLAT_ECOLX_Stiffler_2015,BLAT_ECOLX,Prokaryote,OrganismalFitness,random_variant,esm1v_embedding_probe,official_out_of_fold_predictions,ProteinGym_normalized_targets,0.8193927269991106,0.591206113969117,0.46221194351485595,0.6505836864879617,0.1,0.374,-0.11529855302599999,0.9902325788753421,0.0,4996
BRCA1_HUMAN_Findlay_2018,BRCA1_HUMAN,Human,OrganismalFitness,random_variant,esm1v_embedding_probe,official_out_of_fold_predictions,ProteinGym_normalized_targets,0.4709651104862986,0.8208070538399882,0.6000534653368537,0.32710760418224216,0.1,0.1793478260869565,-0.264436593125,0.3777909441087125,0.0,1837
C6KNH7_9INFA_Lee_2018,C6KNH7_9INFA,Virus,OrganismalFitness,random_variant,esm1v_embedding_probe,official_out_of_fold_predictions,ProteinGym_normalized_targets,0.572703971685814,0.8261843478083251,0.6652779615850383,0.3175394597204654,0.1,0.3475836431226766,-0.5650533198622166,0.9986557323192329,0.0,10754
CALM1_HUMAN_Weile_2017,CALM1_HUMAN,Human,OrganismalFitness,random_variant,esm1v_embedding_probe,official_out_of_fold_predictions,ProteinGym_normalized_targets,0.2990513278173836,0.9515500447957743,0.7448194733024364,0.09649143616362643,0.1,0.06593406593406594,0.9300208262032966,0.5152472862811811,0.12381753493797708,1813
CAPSD_AAV2S_Sinai_2021,CAPSD_AAV2S,Virus,OrganismalFitness,random_variant,esm1v_embedding_probe,official_out_of_fold_predictions,ProteinGym_normalized_targets,0.6455646063356949,0.7428252814029268,0.5954661228517857,0.4560821416250984,0.1,0.5740740740740741,1.8701480103209118,1.2590696459448987,0.0,532
CAR11_HUMAN_Meitlis_2020_gof,CAR11_HUMAN,Human,OrganismalFitness,random_variant,esm1v_embedding_probe,official_out_of_fold_predictions,ProteinGym_normalized_targets,0.5068258205436353,0.8544555608858344,0.5669813932517355,0.2772991525854581,0.1,0.4117647058823529,0.326607392552521,1.0688473008171782,1.612594792149226,2374
CAR11_HUMAN_Meitlis_2020_lof,CAR11_HUMAN,Human,OrganismalFitness,random_variant,esm1v_embedding_probe,official_out_of_fold_predictions,ProteinGym_normalized_targets,0.6830459868534718,0.7401405975055254,0.5473025452216993,0.4531267891861843,0.1,0.29583333333333334,-0.00999020569791665,0.9083579381369913,0.001906656336882432,2395
CAS9_STRP1_Spencer_2017_positive,CAS9_STRP1,Prokaryote,Activity,random_variant,esm1v_embedding_probe,official_out_of_fold_predictions,ProteinGym_normalized_targets,0.08394772162386492,0.9962525729832291,0.6739485208738706,0.007658152392045481,0.1,0.09852216748768473,-0.25591210276831855,-0.006483976382866808,1.7987371072287923,8117
CASP3_HUMAN_Roychowdhury_2020,CASP3_HUMAN,Human,Activity,random_variant,esm1v_embedding_probe,official_out_of_fold_predictions,ProteinGym_normalized_targets,0.64854075684657,0.7562228536442125,0.5842809103442501,0.4286350115711669,0.1,0.16560509554140126,0.4787549824909421,0.7804581892440078,0.659635453644061,1567
CASP7_HUMAN_Roychowdhury_2020,CASP7_HUMAN,Human,Activity,random_variant,esm1v_embedding_probe,official_out_of_fold_predictions,ProteinGym_normalized_targets,0.6376454721168561,0.7989675550248987,0.6087322816980297,0.3628319527558408,0.1,0.21428571428571427,0.24322440985605517,0.7679660682873567,3.6878800297093393,1680
CATR_CHLRE_Tsuboyama_2023_2AMI,CATR_CHLRE,Eukaryote,Stability,random_variant,esm1v_embedding_probe,official_out_of_fold_predictions,ProteinGym_normalized_targets,0.8877556221977659,0.39636555541047175,0.29610915053410447,0.8444617364833285,0.1,0.6194029850746269,0.5549956827706327,1.1886462364710386,0.0,1340
CBPA2_HUMAN_Tsuboyama_2023_1O6X,CBPA2_HUMAN,Human,Stability,random_variant,esm1v_embedding_probe,official_out_of_fold_predictions,ProteinGym_normalized_targets,0.8357982241760038,0.422345513214797,0.3048063424375829,0.8218934740578269,0.1,0.4411764705882353,0.16014647122389483,0.8359060085134029,0.0,1357
CBS_HUMAN_Sun_2020,CBS_HUMAN,Human,OrganismalFitness,random_variant,esm1v_embedding_probe,official_out_of_fold_predictions,ProteinGym_normalized_targets,0.37583306287355445,0.9316210894854852,0.7834361122959549,0.13270162396580554,0.1,0.1523545706371191,0.6245260033806265,0.3586115105205576,0.8550770083424509,7217
CBX4_HUMAN_Tsuboyama_2023_2K28,CBX4_HUMAN,Human,Stability,random_variant,esm1v_embedding_probe,official_out_of_fold_predictions,ProteinGym_normalized_targets,0.8877890856554851,0.446256327418501,0.3286642223963468,0.801330784782564,0.1,0.532608695652174,0.2587830920652771,1.080642387700599,0.2825494031440456,917
CCDB_ECOLI_Adkar_2012,CCDB_ECOLI,Prokaryote,Activity,random_variant,esm1v_embedding_probe,official_out_of_fold_predictions,ProteinGym_normalized_targets,0.8312988095574155,0.4893316513663364,0.3659882262028912,0.7607808811554735,0.1,0.3559322033898305,-5.161016949152542,0.9244146670181329,0.0,1176
CCR5_HUMAN_Gill_2023,CCR5_HUMAN,Human,Binding,random_variant,esm1v_embedding_probe,official_out_of_fold_predictions,ProteinGym_normalized_targets,0.3840217458383752,0.9156133817946753,0.6522459410247997,0.16278608558619778,0.1,0.1742671009771987,0.0860613463626493,0.416399740341472,3.4951296249916406,6137
CD19_HUMAN_Klesmith_2019_FMC_singles,CD19_HUMAN,Human,Binding,random_variant,esm1v_embedding_probe,official_out_of_fold_predictions,ProteinGym_normalized_targets,0.3753663228763102,0.9170340168396612,0.6797179540529521,0.16177147248756207,0.1,0.30238726790450926,0.8113046505493331,0.8059414104582855,0.0,3761
CP2C9_HUMAN_Amorosi_2021_abundance,CP2C9_HUMAN,Human,Expression,random_variant,esm1v_embedding_probe,official_out_of_fold_predictions,ProteinGym_normalized_targets,0.6566643410410291,0.7425099292123536,0.5872639078018006,0.44876013871318277,0.1,0.30612244897959184,0.9691496538383046,0.8632262879802977,0.6293422666607941,6370
CP2C9_HUMAN_Amorosi_2021_activity,CP2C9_HUMAN,Human,Binding,random_variant,esm1v_embedding_probe,official_out_of_fold_predictions,ProteinGym_normalized_targets,0.6981038929495789,0.7264760404327186,0.5814943141867551,0.47258908642132114,0.1,0.37073170731707317,0.9464940769512196,1.112453011107864,0.0,6142
CSN4_MOUSE_Tsuboyama_2023_1UFM,CSN4_MOUSE,Eukaryote,Stability,random_variant,esm1v_embedding_probe,official_out_of_fold_predictions,ProteinGym_normalized_targets,0.892145079764419,0.38583857725770127,0.2912051255938285,0.8512714798983299,0.1,0.5,0.30669233193675227,1.0557766374115158,0.0,1353
CUE1_YEAST_Tsuboyama_2023_2MYX,CUE1_YEAST,Eukaryote,Stability,random_variant,esm1v_embedding_probe,official_out_of_fold_predictions,ProteinGym_normalized_targets,0.9011383414958354,0.453981493281332,0.3450706001531728,0.7948853235287523,0.1,0.625,0.2532890600724927,1.3080067602294558,0.0,955
D7PM05_CLYGR_Somermeyer_2022,D7PM05_CLYGR,Eukaryote,Activity,random_variant,esm1v_embedding_probe,official_out_of_fold_predictions,ProteinGym_normalized_targets,0.3473328224106191,0.9277823495755868,0.7332757284636355,0.14172966921518004,0.1,0.1452991452991453,25730.81012718267,0.3531341367417142,0.2505198956243926,1169
DLG4_HUMAN_Faure_2021,DLG4_HUMAN,Human,OrganismalFitness,random_variant,esm1v_embedding_probe,official_out_of_fold_predictions,ProteinGym_normalized_targets,0.7208385094694618,0.6763318298700026,0.5375190655811407,0.5426821792090556,0.1,0.3046875,-0.01994199892368688,0.8856353984144908,0.0,1280
DLG4_RAT_McLaughlin_2012,DLG4_RAT,Eukaryote,Binding,random_variant,esm1v_embedding_probe,official_out_of_fold_predictions,ProteinGym_normalized_targets,0.6486721205588989,0.732984847308969,0.5343235664284264,0.4645079963488856,0.1,0.22151898734177214,0.06725908544303796,0.5887461562161516,0.11194056571667312,1576
DN7A_SACS2_Tsuboyama_2023_1JIC,DN7A_SACS2,Prokaryote,Stability,random_variant,esm1v_embedding_probe,official_out_of_fold_predictions,ProteinGym_normalized_targets,0.8260865479704271,0.49160472482060646,0.3454808909601389,0.7586045063700042,0.1,0.42574257425742573,0.09124626170550036,0.8362261503038241,0.0,1008
DNJA1_HUMAN_Tsuboyama_2023_2LO1,DNJA1_HUMAN,Human,Stability,random_variant,esm1v_embedding_probe,official_out_of_fold_predictions,ProteinGym_normalized_targets,0.9055039728494371,0.3549737735123528,0.25941969033146384,0.8744066901604541,0.1,0.5,0.1515497641705985,0.9629717847655347,0.0,1216
DOCK1_MOUSE_Tsuboyama_2023_2M0Y,DOCK1_MOUSE,Eukaryote,Stability,random_variant,esm1v_embedding_probe,official_out_of_fold_predictions,ProteinGym_normalized_targets,0.8552447468473608,0.5131498422334735,0.3864498739243611,0.73688953782466,0.1,0.5491803278688525,0.6007751278831059,1.3005687774489334,0.5505378728424043,1213
DYR_ECOLI_Nguyen_2023,DYR_ECOLI,Prokaryote,OrganismalFitness,random_variant,esm1v_embedding_probe,official_out_of_fold_predictions,ProteinGym_normalized_targets,0.5819144670060242,0.6826095495242873,0.4548107797795816,0.5376496231308079,0.1,0.18835616438356165,0.9928082191780823,0.4513362822163805,0.34967344438743514,2916
DYR_ECOLI_Thompson_2019,DYR_ECOLI,Prokaryote,OrganismalFitness,random_variant,esm1v_embedding_probe,official_out_of_fold_predictions,ProteinGym_normalized_targets,0.6147419323454825,0.7681500577524345,0.5590803847044562,0.4102171831966911,0.1,0.16033755274261605,0.0672935358649789,0.6174444563703083,1.6805537470703262,2363
ENVZ_ECOLI_Ghose_2023,ENVZ_ECOLI,Prokaryote,Activity,random_variant,esm1v_embedding_probe,official_out_of_fold_predictions,ProteinGym_normalized_targets,0.41212617192431145,0.822349467597364,0.6079746987243176,0.3256028302682724,0.1,0.1592920353982301,3.6328217975856734,0.46467029275697513,0.0,1121
ENV_HV1BR_Haddox_2016,ENV_HV1BR,Virus,OrganismalFitness,random_variant,esm1v_embedding_probe,official_out_of_fold_predictions,ProteinGym_normalized_targets,0.33572784791183063,0.9819438536715879,0.5561260140458081,0.04283246036847521,0.1,0.19347319347319347,0.06728981709080732,0.3754759498856439,0.325931260613953,12863
EPHB2_HUMAN_Tsuboyama_2023_1F0M,EPHB2_HUMAN,Human,Stability,random_variant,esm1v_embedding_probe,official_out_of_fold_predictions,ProteinGym_normalized_targets,0.8918816293687223,0.3449600745696637,0.2551606686100888,0.8813796521661634,0.1,0.4596774193548387,0.13671860884690765,0.912088664108579,0.0,1239
ESTA_BACSU_Nutschel_2020,ESTA_BACSU,Prokaryote,Stability,random_variant,esm1v_embedding_probe,official_out_of_fold_predictions,ProteinGym_normalized_targets,0.5687450381539393,0.8422584123540471,0.6554237964296086,0.291594750843545,0.1,0.3394495412844037,48.19178899082569,0.8658559885981539,0.0,2172
FECA_ECOLI_Tsuboyama_2023_2D1U,FECA_ECOLI,Prokaryote,Stability,random_variant,esm1v_embedding_probe,official_out_of_fold_predictions,ProteinGym_normalized_targets,0.8240323700948877,0.5844849204724104,0.44910881991464313,0.6599296055330506,0.1,0.5737704918032787,0.5810017050279606,1.3885873996292706,0.0,1219
FKBP3_HUMAN_Tsuboyama_2023_2KFV,FKBP3_HUMAN,Human,Stability,random_variant,esm1v_embedding_probe,official_out_of_fold_predictions,ProteinGym_normalized_targets,0.7264419577927304,0.6072996737615162,0.45392567553495555,0.6338301868738032,0.1,0.3387096774193548,0.29658291831841743,0.8646578665620556,0.35793390441276696,1237
GAL4_YEAST_Kitzman_2015,GAL4_YEAST,Eukaryote,OrganismalFitness,random_variant,esm1v_embedding_probe,official_out_of_fold_predictions,ProteinGym_normalized_targets,0.6328965462388362,0.7955136531800989,0.6549472609784938,0.36860076418192744,0.1,0.24166666666666667,-0.939,0.7512458354915592,0.15873311863011527,1195
GDIA_HUMAN_Silverstein_2021,GDIA_HUMAN,Human,OrganismalFitness,random_variant,esm1v_embedding_probe,official_out_of_fold_predictions,ProteinGym_normalized_targets,0.49292940066210345,0.8124958414303388,0.6382119366746967,0.34319726090202807,0.1,0.16379310344827586,0.8880796496637933,0.5819833986395059,0.00125787754046669,1154
GFP_AEQVI_Sarkisyan_2016,GFP_AEQVI,Eukaryote,Activity,random_variant,esm1v_embedding_probe,official_out_of_fold_predictions,ProteinGym_normalized_targets,0.2591566941176552,0.9025391962454,0.5464296523406089,0.20293061337492047,0.1,0.10091743119266056,3.5221849975222668,0.1438520928568427,0.2528349949452262,1084
GRB2_HUMAN_Faure_2021,GRB2_HUMAN,Human,OrganismalFitness,random_variant,esm1v_embedding_probe,official_out_of_fold_predictions,ProteinGym_normalized_targets,0.8492456745632027,0.506427548075976,0.39461718923534816,0.7450097604593058,0.1,0.38461538461538464,0.03676369295009641,1.031137586047073,0.0,1034
HCP_LAMBD_Tsuboyama_2023_2L6Q,HCP_LAMBD,Virus,Stability,random_variant,esm1v_embedding_probe,official_out_of_fold_predictions,ProteinGym_normalized_targets,0.8779126481327114,0.3883405394842302,0.2925029074710577,0.8498085221616036,0.1,0.4519230769230769,0.19191161902799975,0.9359768599511324,0.24517607151352297,1040
HECD1_HUMAN_Tsuboyama_2023_3DKM,HECD1_HUMAN,Human,Stability,random_variant,esm1v_embedding_probe,official_out_of_fold_predictions,ProteinGym_normalized_targets,0.8525678421248638,0.5360552468464697,0.3993716410927331,0.714281692747445,0.1,0.504,0.1752608590163289,1.0855074261477755,0.0,1244
HEM3_HUMAN_Loggerenberg_2023,HEM3_HUMAN,Human,Activity,random_variant,esm1v_embedding_probe,official_out_of_fold_predictions,ProteinGym_normalized_targets,0.4222697838535157,0.8995928113794456,0.7440569534746913,0.19100365066986602,0.1,0.15641476274165203,0.7546685566115994,0.4157380572710097,0.3322608844961259,5689
HMDH_HUMAN_Jiang_2019,HMDH_HUMAN,Human,OrganismalFitness,random_variant,esm1v_embedding_probe,official_out_of_fold_predictions,ProteinGym_normalized_targets,0.5647656079634649,0.8199072242153275,0.6717131135683659,0.3278783852429781,0.1,0.17734282325029657,0.6423301897983392,0.6150964434473436,0.0,16853
HSP82_YEAST_Cote-Hammarlof_2020_growth-H2O2,HSP82_YEAST,Eukaryote,OrganismalFitness,random_variant,esm1v_embedding_probe,official_out_of_fold_predictions,ProteinGym_normalized_targets,0.4955560091073845,0.8960172503446786,0.5907007238157548,0.19850382131085287,0.1,0.14601769911504425,-0.0006547961438053062,0.48067362261471724,0.18645421381643643,2252
HSP82_YEAST_Flynn_2019,HSP82_YEAST,Eukaryote,OrganismalFitness,random_variant,esm1v_embedding_probe,official_out_of_fold_predictions,ProteinGym_normalized_targets,0.4176230261158438,0.8849554676707297,0.6615238537051752,0.2176534761064418,0.1,0.10676691729323308,-0.004411054950432657,0.4791767305499083,0.9117129470449609,13294
HSP82_YEAST_Mishra_2016,HSP82_YEAST,Eukaryote,OrganismalFitness,random_variant,esm1v_embedding_probe,official_out_of_fold_predictions,ProteinGym_normalized_targets,0.6077379451669873,0.7086516503949527,0.5163901788066527,0.4980084300763651,0.1,0.20092378752886836,-0.006145162443418015,0.5160915954634077,0.8865426702564257,4323
HXK4_HUMAN_Gersing_2022_activity,HXK4_HUMAN,Human,OrganismalFitness,random_variant,esm1v_embedding_probe,official_out_of_fold_predictions,ProteinGym_normalized_targets,0.5305990269170848,0.8969707097981547,0.6461514424792847,0.19627268928168773,0.1,0.13885647607934656,1.0831559243768962,0.5566766013143682,1.2335850511328594,8570
HXK4_HUMAN_Gersing_2023_abundance,HXK4_HUMAN,Human,Expression,random_variant,esm1v_embedding_probe,official_out_of_fold_predictions,ProteinGym_normalized_targets,0.3962850693795987,0.9105964645675465,0.7068758967116288,0.17125447117901982,0.1,0.18928571428571428,0.8781092842593226,0.5203918340669809,0.19049765554339468,8396
I6TAH8_I68A0_Doud_2015,I6TAH8_I68A0,Virus,OrganismalFitness,random_variant,esm1v_embedding_probe,official_out_of_fold_predictions,ProteinGym_normalized_targets,0.2325230432482553,0.9795819268131563,0.764335924602304,0.04098811610348729,0.1,0.18268215417106654,-1.7672436742282438,0.35673013201790155,0.0,9462
IF1_ECOLI_Kelsic_2016,IF1_ECOLI,Prokaryote,OrganismalFitness,random_variant,esm1v_embedding_probe,official_out_of_fold_predictions,ProteinGym_normalized_targets,0.7192132788235778,0.5632537684693814,0.40267624714689104,0.6836994872237137,0.1,0.27007299270072993,0.9745942822189781,0.6372871559296484,0.0,1367
ILF3_HUMAN_Tsuboyama_2023_2L33,ILF3_HUMAN,Human,Stability,random_variant,esm1v_embedding_probe,official_out_of_fold_predictions,ProteinGym_normalized_targets,0.7585281518817851,0.43392633904888384,0.3138167271446953,0.8129435016604846,0.1,0.5413533834586466,0.48040417377190087,0.9912599080318463,0.0,1329
ISDH_STAAW_Tsuboyama_2023_2LHR,ISDH_STAAW,Prokaryote,Stability,random_variant,esm1v_embedding_probe,official_out_of_fold_predictions,ProteinGym_normalized_targets,0.8473208398928821,0.5341192458687856,0.38759338515898933,0.716099207501122,0.1,0.4787234042553192,0.12796782268246176,1.0305300198165295,0.0,940
KCNE1_HUMAN_Muhammad_2023_expression,KCNE1_HUMAN,Human,Expression,random_variant,esm1v_embedding_probe,official_out_of_fold_predictions,ProteinGym_normalized_targets,0.7388255600765168,0.6319753949603291,0.4381410003045575,0.6012928032965759,0.1,0.5213675213675214,1.447141172542735,1.2868730828593944,0.0,2339
KCNE1_HUMAN_Muhammad_2023_function,KCNE1_HUMAN,Human,Activity,random_variant,esm1v_embedding_probe,official_out_of_fold_predictions,ProteinGym_normalized_targets,0.7423583938552157,0.5610859376502225,0.42763073633258314,0.6855271297596468,0.1,0.23706896551724138,1.072633326547414,0.7813107683796533,0.0,2315
KCNJ2_MOUSE_Coyote-Maestas_2022_function,KCNJ2_MOUSE,Eukaryote,Activity,random_variant,esm1v_embedding_probe,official_out_of_fold_predictions,ProteinGym_normalized_targets,0.36075712435448926,0.9474991295500205,0.7078112016721787,0.10269880475440629,0.1,0.15494978479196556,0.2757755232826399,0.4468116908936067,0.7540013382029682,6963
KCNJ2_MOUSE_Coyote-Maestas_2022_surface,KCNJ2_MOUSE,Eukaryote,Expression,random_variant,esm1v_embedding_probe,official_out_of_fold_predictions,ProteinGym_normalized_targets,0.3535827481105596,0.9069616129452536,0.6970054783677837,0.17823373170478662,0.1,0.13005780346820808,0.2268076722716763,0.4573387799143277,0.5521989042122626,6917
KKA2_KLEPN_Melnikov_2014,KKA2_KLEPN,Prokaryote,OrganismalFitness,random_variant,esm1v_embedding_probe,official_out_of_fold_predictions,ProteinGym_normalized_targets,0.7204852520495986,0.7446830738943245,0.567033399140998,0.44620871568418885,0.1,0.2721774193548387,2.036884173387097,0.9105731544807641,0.0,4960
LGK_LIPST_Klesmith_2015,LGK_LIPST,Eukaryote,Activity,random_variant,esm1v_embedding_probe,official_out_of_fold_predictions,ProteinGym_normalized_targets,0.6051996624478551,0.8225284324788653,0.6623978293534449,0.3239078328957199,0.1,0.3929024081115336,-0.19023916349809883,0.9497364503583569,0.19048586441538082,7890
MAFG_MOUSE_Tsuboyama_2023_1K1V,MAFG_MOUSE,Eukaryote,Stability,random_variant,esm1v_embedding_probe,official_out_of_fold_predictions,ProteinGym_normalized_targets,0.9033142744099567,0.3956734556348196,0.28737599895406823,0.8456681653957868,0.1,0.5454545454545454,0.23949631733983132,1.0158643434761432,0.0,762
MBD11_ARATH_Tsuboyama_2023_6ACV,MBD11_ARATH,Eukaryote,Stability,random_variant,esm1v_embedding_probe,official_out_of_fold_predictions,ProteinGym_normalized_targets,0.8769169050951089,0.46097136441346037,0.33468747855058006,0.7879109250565985,0.1,0.5086206896551724,0.33457086908773487,1.0150649769446938,0.0,1155
MET_HUMAN_Estevam_2023,MET_HUMAN,Human,Activity,random_variant,esm1v_embedding_probe,official_out_of_fold_predictions,ProteinGym_normalized_targets,0.609661764987034,0.7357928063071162,0.5598667800380048,0.4587762113551136,0.1,0.15555555555555556,-0.333687188045782,0.6671882149604618,0.001963292174602817,5393
MK01_HUMAN_Brenan_2016,MK01_HUMAN,Human,OrganismalFitness,random_variant,esm1v_embedding_probe,official_out_of_fold_predictions,ProteinGym_normalized_targets,0.3001642224015177,0.9717284168174032,0.7196586148076839,0.0570750273141567,0.1,0.2143906020558003,-7.743225073762114,0.3648123524788688,0.636959329669065,6809
MLAC_ECOLI_MacRae_2023,MLAC_ECOLI,Prokaryote,OrganismalFitness,random_variant,esm1v_embedding_probe,official_out_of_fold_predictions,ProteinGym_normalized_targets,0.6594361930442163,0.7026991734935296,0.5292472978589069,0.5068041455164558,0.1,0.22443890274314215,-0.0051759344401496364,0.6824671742995768,0.28656322536314255,4007
MSH2_HUMAN_Jia_2020,MSH2_HUMAN,Human,OrganismalFitness,random_variant,esm1v_embedding_probe,official_out_of_fold_predictions,ProteinGym_normalized_targets,0.400064040809463,0.8738473020989657,0.6753668838348209,0.23676382782677674,0.1,0.16298507462686568,3.7993671641791043,0.45686908908161206,0.12175024128310642,16749
MTH3_HAEAE_RockahShmuel_2015,MTH3_HAEAE,Prokaryote,OrganismalFitness,random_variant,esm1v_embedding_probe,official_out_of_fold_predictions,ProteinGym_normalized_targets,0.7175676858387009,0.7058947740221378,0.5681241747643556,0.5020520074682038,0.1,0.33707865168539325,0.7843258426966291,0.9631210439182813,0.0,1777
MTHR_HUMAN_Weile_2021,MTHR_HUMAN,Human,OrganismalFitness,random_variant,esm1v_embedding_probe,official_out_of_fold_predictions,ProteinGym_normalized_targets,0.4019726308065046,0.875191229115374,0.7234328443121697,0.23411459347352337,0.1,0.1339214113873296,0.7740886126704088,0.4258965823105896,0.009987639517642187,12464
MYO3_YEAST_Tsuboyama_2023_2BTT,MYO3_YEAST,Eukaryote,Stability,random_variant,esm1v_embedding_probe,official_out_of_fold_predictions,ProteinGym_normalized_targets,0.8609327657240611,0.5332033306058145,0.40263839530728623,0.716453829469403,0.1,0.5052631578947369,0.44964941181142826,1.355110762383355,0.0,947
NCAP_I34A1_Doud_2015,NCAP_I34A1,Virus,OrganismalFitness,random_variant,esm1v_embedding_probe,official_out_of_fold_predictions,ProteinGym_normalized_targets,0.20190622192512547,0.9944321334966175,0.786742584242213,0.011481588551773503,0.1,0.1816261879619852,-2.364161703988741,0.31169570771457555,0.07460156896117073,9462
NKX31_HUMAN_Tsuboyama_2023_2L9R,NKX31_HUMAN,Human,Stability,random_variant,esm1v_embedding_probe,official_out_of_fold_predictions,ProteinGym_normalized_targets,0.8745989511044097,0.44064548091049766,0.3239341746242907,0.8072618058963198,0.1,0.4956521739130435,0.16986644080451432,1.00683031760131,2.679452959368168,1149
NPC1_HUMAN_Erwood_2022_HEK293T,NPC1_HUMAN,Human,Activity,random_variant,esm1v_embedding_probe,official_out_of_fold_predictions,ProteinGym_normalized_targets,0.6215662300335597,0.7972281611342698,0.6774965271328102,0.36957448843067287,0.1,0.28125,0.8487555926302084,0.8490615218846178,0.06238227951927034,637
NUD15_HUMAN_Suiter_2020,NUD15_HUMAN,Human,Expression,random_variant,esm1v_embedding_probe,official_out_of_fold_predictions,ProteinGym_normalized_targets,0.766270883214386,0.6217395961733637,0.4930297550838151,0.613627656307004,0.1,0.3087719298245614,0.8789769008255156,0.948449896977195,0.11213577721992882,2844
NUSA_ECOLI_Tsuboyama_2023_1WCL,NUSA_ECOLI,Prokaryote,Stability,random_variant,esm1v_embedding_probe,official_out_of_fold_predictions,ProteinGym_normalized_targets,0.9022606495716607,0.3720154277276248,0.27459796292174576,0.8618897422391696,0.1,0.4732824427480916,0.24857294349532072,1.0622106784903833,0.0,1306
NUSG_MYCTU_Tsuboyama_2023_2MI6,NUSG_MYCTU,Prokaryote,Stability,random_variant,esm1v_embedding_probe,official_out_of_fold_predictions,ProteinGym_normalized_targets,0.9235173900898529,0.3469240144772334,0.25692361361040233,0.880241394749681,0.1,0.5686274509803921,0.40386221190621135,1.1134925859500422,0.0,1019
OBSCN_HUMAN_Tsuboyama_2023_1V1C,OBSCN_HUMAN,Human,Stability,random_variant,esm1v_embedding_probe,official_out_of_fold_predictions,ProteinGym_normalized_targets,0.885835038506017,0.3967151499741842,0.2941563400273207,0.8429198026815508,0.1,0.48360655737704916,0.1850375691710853,0.9885212645390474,0.0,1213
ODP2_GEOSE_Tsuboyama_2023_1W4G,ODP2_GEOSE,Prokaryote,Stability,random_variant,esm1v_embedding_probe,official_out_of_fold_predictions,ProteinGym_normalized_targets,0.7827602942832627,0.6330957625637763,0.4323543411010463,0.6033327184783441,0.1,0.4925373134328358,0.008171890187861117,0.9916896659577589,0.0,669
OTC_HUMAN_Lo_2023,OTC_HUMAN,Human,Activity,random_variant,esm1v_embedding_probe,official_out_of_fold_predictions,ProteinGym_normalized_targets,0.7487895995602374,0.6978856513554548,0.555637897629637,0.5138489875539347,0.1,0.4140127388535032,0.9212929936305733,1.1788364564407312,0.25758067222419945,1570
OTU7A_HUMAN_Tsuboyama_2023_2L2D,OTU7A_HUMAN,Human,Stability,random_variant,esm1v_embedding_probe,official_out_of_fold_predictions,ProteinGym_normalized_targets,0.8993098461049608,0.5139961917827186,0.3433392867994961,0.7368511432607698,0.1,0.625,0.41876415912115467,1.2528033998543207,0.0,635
OXDA_RHOTO_Vanella_2023_activity,OXDA_RHOTO,Eukaryote,Activity,random_variant,esm1v_embedding_probe,official_out_of_fold_predictions,ProteinGym_normalized_targets,0.40413855539495525,0.9338077706806251,0.723634545978582,0.1283160917288214,0.1,0.175,-0.04620952706637575,0.498897502643645,0.0,6396
OXDA_RHOTO_Vanella_2023_expression,OXDA_RHOTO,Eukaryote,Expression,random_variant,esm1v_embedding_probe,official_out_of_fold_predictions,ProteinGym_normalized_targets,0.4256723861001765,0.8961885950026461,0.7169618485591903,0.19785238963983498,0.1,0.20531757754800592,-0.007278800625644774,0.5140598282602893,0.20565289403468132,6769
P53_HUMAN_Giacomelli_2018_Null_Etoposide,P53_HUMAN,Human,OrganismalFitness,random_variant,esm1v_embedding_probe,official_out_of_fold_predictions,ProteinGym_normalized_targets,0.6015100038322169,0.7390550737035886,0.5730286734934882,0.45398296141477557,0.1,0.30254350736278446,0.81264575754967,0.7828436714308915,0.5951842140342982,7467
P53_HUMAN_Giacomelli_2018_Null_Nutlin,P53_HUMAN,Human,OrganismalFitness,random_variant,esm1v_embedding_probe,official_out_of_fold_predictions,ProteinGym_normalized_targets,0.6139307221387421,0.7785337613311485,0.5947187326765662,0.394220726466046,0.1,0.4859437751004016,1.2873708047711367,1.2720497573911824,0.3265644458763899,7467
P53_HUMAN_Giacomelli_2018_WT_Nutlin,P53_HUMAN,Human,OrganismalFitness,random_variant,esm1v_embedding_probe,official_out_of_fold_predictions,ProteinGym_normalized_targets,0.7850928587334681,0.6217989247005588,0.4862648480167189,0.6135719310426908,0.1,0.44712182061579653,1.1496567580977757,1.129692606473458,0.0,7467
P53_HUMAN_Kotler_2018,P53_HUMAN,Human,OrganismalFitness,random_variant,esm1v_embedding_probe,official_out_of_fold_predictions,ProteinGym_normalized_targets,0.6917425344038566,0.7216111567307321,0.5865717799679963,0.4811419929679922,0.1,0.21904761904761905,2.3394379742521476,0.8796686936652676,0.2780540656323557,1048
P84126_THETH_Chan_2017,P84126_THETH,Prokaryote,OrganismalFitness,random_variant,esm1v_embedding_probe,official_out_of_fold_predictions,ProteinGym_normalized_targets,0.8071604958890475,0.5849919826550095,0.45968366068001976,0.6589969684642962,0.1,0.46710526315789475,0.3556560810394737,1.3528346811794656,0.0,1519
PABP_YEAST_Melamed_2013,PABP_YEAST,Eukaryote,OrganismalFitness,random_variant,esm1v_embedding_probe,official_out_of_fold_predictions,ProteinGym_normalized_targets,0.7904800931285145,0.5846109581886216,0.4564901020021061,0.6603661640573197,0.1,0.33613445378151263,0.9795794481092437,0.882241764005523,4.0886889220106095,1187
PAI1_HUMAN_Huttinger_2021,PAI1_HUMAN,Human,Activity,random_variant,esm1v_embedding_probe,official_out_of_fold_predictions,ProteinGym_normalized_targets,0.42969005836316254,0.8973682719399589,0.7015276692855323,0.19506195144973637,0.1,0.21121495327102804,0.4742019986224299,0.5796240932486407,0.3946960417223471,5345
PA_I34A1_Wu_2015,PA_I34A1,Virus,OrganismalFitness,random_variant,esm1v_embedding_probe,official_out_of_fold_predictions,ProteinGym_normalized_targets,0.11233088329470742,1.0133012465006406,0.6665045796097857,0.005328049403997115,0.1,0.1043956043956044,0.4358975995824176,-0.024644591374525664,5.522539505428918,1820
PHOT_CHLRE_Chen_2023,PHOT_CHLRE,Eukaryote,Activity,random_variant,esm1v_embedding_probe,official_out_of_fold_predictions,ProteinGym_normalized_targets,0.7233213141051779,0.5650540433747124,0.4228416477075241,0.6813958538635043,0.1,0.29577464788732394,1.306800817080525,0.6991890908539081,0.304293502984966,2122
PIN1_HUMAN_Tsuboyama_2023_1I6C,PIN1_HUMAN,Human,Stability,random_variant,esm1v_embedding_probe,official_out_of_fold_predictions,ProteinGym_normalized_targets,0.9117963962066877,0.4083392775339708,0.28452953548790083,0.8355573788909723,0.1,0.5797101449275363,0.21760699931035207,1.1683785326677578,0.1639159776071768,686
PITX2_HUMAN_Tsuboyama_2023_2L7M,PITX2_HUMAN,Human,Stability,random_variant,esm1v_embedding_probe,official_out_of_fold_predictions,ProteinGym_normalized_targets,0.8927031774885346,0.4457779895855419,0.33031835794396586,0.8019445828012671,0.1,0.5319148936170213,0.44265676960786404,1.1604707861905017,0.0,938
PKN1_HUMAN_Tsuboyama_2023_1URF,PKN1_HUMAN,Human,Stability,random_variant,esm1v_embedding_probe,official_out_of_fold_predictions,ProteinGym_normalized_targets,0.8385851856110466,0.4166275758596437,0.29577507174411993,0.827361901784732,0.1,0.5801526717557252,0.41386165001410585,0.9205216348022278,0.0,1301
POLG_CXB3N_Mattenberger_2021,POLG_CXB3N,Virus,OrganismalFitness,random_variant,esm1v_embedding_probe,official_out_of_fold_predictions,ProteinGym_normalized_targets,0.2834848931023501,0.9385363057415109,0.7376997728403156,0.11973633849595577,0.1,0.30343511450381677,-1.6990235492398853,0.8103664912986042,1.060005118937404,15711
POLG_DEN26_Suphatrakul_2023,POLG_DEN26,Virus,OrganismalFitness,random_variant,esm1v_embedding_probe,official_out_of_fold_predictions,ProteinGym_normalized_targets,0.24017121973687877,0.9727758802002213,0.8621196195507316,0.05380751681459306,0.1,0.1502958579881657,-3.497533198547548,0.31551253273123336,0.3682782561405618,16897
POLG_HCVJF_Qi_2014,POLG_HCVJF,Virus,OrganismalFitness,random_variant,esm1v_embedding_probe,official_out_of_fold_predictions,ProteinGym_normalized_targets,0.7209032972798639,0.675390900347538,0.5031960150748528,0.5455731951524696,0.1,0.558282208588957,-0.11288644171165645,1.6412044243916257,0.8581910845540635,1630
POLG_PESV_Tsuboyama_2023_2MXD,POLG_PESV,Virus,Stability,random_variant,esm1v_embedding_probe,official_out_of_fold_predictions,ProteinGym_normalized_targets,0.8505447895948678,0.45372503158825284,0.3302313799511558,0.7951704046819246,0.1,0.45,0.0336589496829559,0.9499046780831443,0.0,995
PPARG_HUMAN_Majithia_2016,PPARG_HUMAN,Human,Activity,random_variant,esm1v_embedding_probe,official_out_of_fold_predictions,ProteinGym_normalized_targets,0.8165121695748434,0.592361337240908,0.45521203845510494,0.6491300282568047,0.1,0.4091858037578288,2.0107651356993737,0.9989247640972662,0.0,9576
PPM1D_HUMAN_Miller_2022,PPM1D_HUMAN,Human,OrganismalFitness,random_variant,esm1v_embedding_probe,official_out_of_fold_predictions,ProteinGym_normalized_targets,0.6174784596413203,0.8017003554384446,0.6094095744742831,0.35769077681660555,0.1,0.2002534854245881,0.19165270849176172,0.668716214282498,0.6075715930762854,7889
PR40A_HUMAN_Tsuboyama_2023_1UZC,PR40A_HUMAN,Human,Stability,random_variant,esm1v_embedding_probe,official_out_of_fold_predictions,ProteinGym_normalized_targets,0.8077499461385699,0.5166848716746777,0.3890869349295873,0.7340583846555873,0.1,0.4188034188034188,0.19118798152326938,0.8545295198424342,0.2895302229043684,1163
PRKN_HUMAN_Clausen_2023,PRKN_HUMAN,Human,Expression,random_variant,esm1v_embedding_probe,official_out_of_fold_predictions,ProteinGym_normalized_targets,0.6974269010810317,0.6848207674365072,0.51880362271713,0.5312973841300282,0.1,0.2545662100456621,1.0087420159509901,0.7997167025845041,0.002380360526403876,8756
PSAE_PICP2_Tsuboyama_2023_1PSE,PSAE_PICP2,Prokaryote,Stability,random_variant,esm1v_embedding_probe,official_out_of_fold_predictions,ProteinGym_normalized_targets,0.8582993620948353,0.48154727309569634,0.3548357404306153,0.7695954796569211,0.1,0.5163934426229508,0.41302973332396986,1.0777265228286048,0.0,1219
PTEN_HUMAN_Matreyek_2021,PTEN_HUMAN,Human,Expression,random_variant,esm1v_embedding_probe,official_out_of_fold_predictions,ProteinGym_normalized_targets,0.5496504403196476,0.8350631990004048,0.6542377687949223,0.303183111640161,0.1,0.21021611001964635,0.9223661672196467,0.6600038508374112,0.03884367034038336,5083
PTEN_HUMAN_Mighell_2018,PTEN_HUMAN,Human,Activity,random_variant,esm1v_embedding_probe,official_out_of_fold_predictions,ProteinGym_normalized_targets,0.5258817832051949,0.7777771471637417,0.6133222004269043,0.3954234913899024,0.1,0.15151515151515152,-0.1836580294201101,0.5187501056137589,0.38174362713627746,7260
Q2N0S5_9HIV1_Haddox_2018,Q2N0S5_9HIV1,Virus,OrganismalFitness,random_variant,esm1v_embedding_probe,official_out_of_fold_predictions,ProteinGym_normalized_targets,0.537036064699188,0.8482034111205018,0.693414490822168,0.2806033131208838,0.1,0.2356637863315004,-0.3773595176040848,0.9314680800541275,0.06377224806796891,12729
Q53Z42_HUMAN_McShan_2019_binding-TAPBPR,Q53Z42_HUMAN,Human,Binding,random_variant,esm1v_embedding_probe,official_out_of_fold_predictions,ProteinGym_normalized_targets,0.5897703406967748,0.7992417775038059,0.6128841297636244,0.36180181224897734,0.1,0.28955223880597014,0.991955223880597,0.8308953865152529,0.0,3344
Q53Z42_HUMAN_McShan_2019_expression,Q53Z42_HUMAN,Human,Expression,random_variant,esm1v_embedding_probe,official_out_of_fold_predictions,ProteinGym_normalized_targets,0.5590534812477189,0.8338385110492429,0.668388382252823,0.3059067236875481,0.1,0.28955223880597014,0.5071940298507462,0.824432098586359,0.0,3344
Q59976_STRSQ_Romero_2015,Q59976_STRSQ,Prokaryote,Activity,random_variant,esm1v_embedding_probe,official_out_of_fold_predictions,ProteinGym_normalized_targets,0.5808917635863684,0.812828288571606,0.6101195032059253,0.3398292372477676,0.1,0.19,-0.46383,0.5435002926312221,0.9802255479611718,2999
Q6WV12_9MAXI_Somermeyer_2022,Q6WV12_9MAXI,Eukaryote,Activity,random_variant,esm1v_embedding_probe,official_out_of_fold_predictions,ProteinGym_normalized_targets,0.2855859443824069,0.9681744871333126,0.6616559344829973,0.06730119951427438,0.1,0.1565217391304348,15499.359064002881,0.22030112645471503,0.0,1141
Q837P4_ENTFA_Meier_2023,Q837P4_ENTFA,Prokaryote,Activity,random_variant,esm1v_embedding_probe,official_out_of_fold_predictions,ProteinGym_normalized_targets,0.7378312867835002,0.617352868695622,0.44839934904748924,0.6202772970771384,0.1,0.2571428571428571,-0.213603556,0.7628731807275487,0.0,697
Q837P5_ENTFA_Meier_2023,Q837P5_ENTFA,Prokaryote,Activity,random_variant,esm1v_embedding_probe,official_out_of_fold_predictions,ProteinGym_normalized_targets,0.6785848790064992,0.6809845899906968,0.5316063869712181,0.537933970467612,0.1,0.18666666666666668,-0.5267521059888889,0.6573898736129629,0.27223512030819486,747
Q8WTC7_9CNID_Somermeyer_2022,Q8WTC7_9CNID,Eukaryote,Activity,random_variant,esm1v_embedding_probe,official_out_of_fold_predictions,ProteinGym_normalized_targets,0.29142333551768423,0.9566071986499275,0.7011783365685204,0.08747500412789344,0.1,0.0743801652892562,8792.02534916959,0.39584241999978487,1.8777644554844757,1201
R1AB_SARS2_Flynn_2022,R1AB_SARS2,Virus,OrganismalFitness,random_variant,esm1v_embedding_probe,official_out_of_fold_predictions,ProteinGym_normalized_targets,0.40431258750672183,0.8967567190706613,0.7431398917251979,0.19683932593308118,0.1,0.1762652705061082,0.8598045432169333,0.5232907307896155,0.0020246686449394025,5725
RAD_ANTMA_Tsuboyama_2023_2CJJ,RAD_ANTMA,Eukaryote,Stability,random_variant,esm1v_embedding_probe,official_out_of_fold_predictions,ProteinGym_normalized_targets,0.8279152194258137,0.5436285674548803,0.4140795161260982,0.705259071034501,0.1,0.5384615384615384,0.4716438154692192,1.1518289522329261,0.0,774
RASH_HUMAN_Bandaru_2017,RASH_HUMAN,Human,Activity,random_variant,esm1v_embedding_probe,official_out_of_fold_predictions,ProteinGym_normalized_targets,0.7491665287606165,0.6618281384119596,0.47699923254853,0.5632805640333907,0.1,0.3535031847133758,0.1566417202452229,0.9283763028148352,8.302822569076426,3134
RASK_HUMAN_Weng_2022_abundance,RASK_HUMAN,Human,Expression,random_variant,esm1v_embedding_probe,official_out_of_fold_predictions,ProteinGym_normalized_targets,0.6845811459710236,0.7056159787868644,0.5492718904065559,0.5028395360153431,0.1,0.40716612377850164,0.044271974119191204,1.0267161053264624,0.0,3066
RASK_HUMAN_Weng_2022_binding-DARPin_K55,RASK_HUMAN,Human,Binding,random_variant,esm1v_embedding_probe,official_out_of_fold_predictions,ProteinGym_normalized_targets,0.7416531305889102,0.5720811041862444,0.41861425008405706,0.673103201538924,0.1,0.2750809061488673,0.008425483063483,0.7123211311025758,0.0,3084
RBP1_HUMAN_Tsuboyama_2023_2KWH,RBP1_HUMAN,Human,Stability,random_variant,esm1v_embedding_probe,official_out_of_fold_predictions,ProteinGym_normalized_targets,0.8842449461535873,0.4114301785766016,0.28435998915353844,0.8313820940594601,0.1,0.673469387755102,0.5526343427865006,1.201626239284697,0.0,975
RCD1_ARATH_Tsuboyama_2023_5OAO,RCD1_ARATH,Eukaryote,Stability,random_variant,esm1v_embedding_probe,official_out_of_fold_predictions,ProteinGym_normalized_targets,0.8805050676997069,0.48721672346701506,0.35500594554681175,0.7635440831609369,0.1,0.5656565656565656,0.5000538343040476,1.2399235262922161,0.0,988
RCRO_LAMBD_Tsuboyama_2023_1ORC,RCRO_LAMBD,Virus,Stability,random_variant,esm1v_embedding_probe,official_out_of_fold_predictions,ProteinGym_normalized_targets,0.8974081093816575,0.3872406184098249,0.28051622533999165,0.8505740815481823,0.1,0.45,0.11444921178473602,0.9072244433574865,0.01821702821134963,1195
RD23A_HUMAN_Tsuboyama_2023_1IFY,RD23A_HUMAN,Human,Stability,random_variant,esm1v_embedding_probe,official_out_of_fold_predictions,ProteinGym_normalized_targets,0.9317823754443294,0.3260983057878742,0.23815817089047622,0.8943907491111703,0.1,0.5875,0.23316420135347413,1.0943552630084168,0.0,798
RDRP_I33A0_Li_2023,RDRP_I33A0,Virus,OrganismalFitness,random_variant,esm1v_embedding_probe,official_out_of_fold_predictions,ProteinGym_normalized_targets,0.05718330011148663,0.9971307721547448,0.8268777348956233,0.006122554004672542,0.1,0.10491257285595337,-1.3911138845136557,0.014614773761137937,0.4592528059142167,12003
REV_HV1H2_Fernandes_2016,REV_HV1H2,Virus,OrganismalFitness,random_variant,esm1v_embedding_probe,official_out_of_fold_predictions,ProteinGym_normalized_targets,0.5126033867882849,0.8118139136117836,0.6020741650879227,0.34340389300212737,0.1,0.12093023255813953,-0.023831280460143312,0.44475471931841554,1.284588293229033,2147
RFAH_ECOLI_Tsuboyama_2023_2LCL,RFAH_ECOLI,Prokaryote,Stability,random_variant,esm1v_embedding_probe,official_out_of_fold_predictions,ProteinGym_normalized_targets,0.8331189688558661,0.5516207662146009,0.41869423725420024,0.69691952148764,0.1,0.5979381443298969,0.7910840357074956,1.588804672704751,0.0,969
RL20_AQUAE_Tsuboyama_2023_1GYZ,RL20_AQUAE,Prokaryote,Stability,random_variant,esm1v_embedding_probe,official_out_of_fold_predictions,ProteinGym_normalized_targets,0.7630732120112663,0.40975714663120816,0.2928782548420053,0.8330614146125617,0.1,0.35398230088495575,0.09203336781426279,0.6698344052471241,0.0,1121
RL40A_YEAST_Mavor_2016,RL40A_YEAST,Eukaryote,OrganismalFitness,random_variant,esm1v_embedding_probe,official_out_of_fold_predictions,ProteinGym_normalized_targets,0.6846194401688158,0.7197194747953134,0.5338303437669593,0.48346458004707715,0.1,0.2619047619047619,-0.006313477476190476,0.7619291458923596,1.0531187766708978,1253
RL40A_YEAST_Roscoe_2013,RL40A_YEAST,Eukaryote,OrganismalFitness,random_variant,esm1v_embedding_probe,official_out_of_fold_predictions,ProteinGym_normalized_targets,0.803287585827994,0.6115361501156964,0.43916259085182435,0.6267137074075169,0.1,0.3416666666666667,0.0015431493962176598,0.7706109384623427,0.0,1195
RL40A_YEAST_Roscoe_2014,RL40A_YEAST,Eukaryote,Activity,random_variant,esm1v_embedding_probe,official_out_of_fold_predictions,ProteinGym_normalized_targets,0.7050097672032878,0.6409039693907027,0.4588684909022101,0.5908617671375684,0.1,0.1956521739130435,0.9926140316231884,0.625306594926745,0.4129589809391649,1380
RNC_ECOLI_Weeks_2023,RNC_ECOLI,Prokaryote,Activity,random_variant,esm1v_embedding_probe,official_out_of_fold_predictions,ProteinGym_normalized_targets,0.6754737410380744,0.616748413929729,0.4462516259351779,0.6201495027350945,0.1,0.17757009345794392,-0.007863314217289717,0.5881108669435895,0.22318057101065308,4277
RPC1_BP434_Tsuboyama_2023_1R69,RPC1_BP434,Virus,Stability,random_variant,esm1v_embedding_probe,official_out_of_fold_predictions,ProteinGym_normalized_targets,0.9225967894419392,0.3751443526900758,0.27562546857991105,0.8602977125366132,0.1,0.5398230088495575,0.223023867215481,1.0996982498763073,0.0,1124
RS15_GEOSE_Tsuboyama_2023_1A32,RS15_GEOSE,Prokaryote,Stability,random_variant,esm1v_embedding_probe,official_out_of_fold_predictions,ProteinGym_normalized_targets,0.8892996278182168,0.4002659481553197,0.2955364275798075,0.8403624572648887,0.1,0.5916666666666667,0.42800632469994776,1.1142988710284496,0.35625862864741753,1195
S22A1_HUMAN_Yee_2023_abundance,S22A1_HUMAN,Human,Expression,random_variant,esm1v_embedding_probe,official_out_of_fold_predictions,ProteinGym_normalized_targets,0.6561854054126309,0.7679999496250811,0.5980915778765025,0.41055861696103946,0.1,0.27522935779816515,0.27900937919571867,0.820968368728451,0.32895848576931375,9803
S22A1_HUMAN_Yee_2023_activity,S22A1_HUMAN,Human,Activity,random_variant,esm1v_embedding_probe,official_out_of_fold_predictions,ProteinGym_normalized_targets,0.6205028944968046,0.7737160582890632,0.6321074683097988,0.4017409701834991,0.1,0.200990099009901,0.36786456264752476,0.7440852901401627,0.4378596034508378,10094
SAV1_MOUSE_Tsuboyama_2023_2YSB,SAV1_MOUSE,Eukaryote,Stability,random_variant,esm1v_embedding_probe,official_out_of_fold_predictions,ProteinGym_normalized_targets,0.8775312241491797,0.47432129496248066,0.32959622827346097,0.7770858338596495,0.1,0.5441176470588235,0.2977547460264178,1.128669786043086,0.0,679
SBI_STAAM_Tsuboyama_2023_2JVG,SBI_STAAM,Prokaryote,Stability,random_variant,esm1v_embedding_probe,official_out_of_fold_predictions,ProteinGym_normalized_targets,0.8344394745756667,0.5793364534909581,0.4298252214328781,0.6653860469788652,0.1,0.5533980582524272,0.26504735851158284,1.2860484707008768,0.0,1025
SC6A4_HUMAN_Young_2021,SC6A4_HUMAN,Human,Activity,random_variant,esm1v_embedding_probe,official_out_of_fold_predictions,ProteinGym_normalized_targets,0.5426834851760978,0.8608593761906138,0.6524518189054975,0.259043538225161,0.1,0.22020725388601037,0.39188758134283247,0.6642316808263037,1.1479290173976127,11576
SCIN_STAAR_Tsuboyama_2023_2QFF,SCIN_STAAR,Prokaryote,Stability,random_variant,esm1v_embedding_probe,official_out_of_fold_predictions,ProteinGym_normalized_targets,0.8184640585134688,0.5282391707481261,0.3805599425018069,0.7213147767418144,0.1,0.6065573770491803,0.452396385682084,1.1785724220378753,0.0,1212
SDA_BACSU_Tsuboyama_2023_1PV0,SDA_BACSU,Prokaryote,Stability,random_variant,esm1v_embedding_probe,official_out_of_fold_predictions,ProteinGym_normalized_targets,0.8973707709939618,0.345333838711649,0.24071604832038368,0.8817399344734832,0.1,0.47619047619047616,0.19925845612561444,0.9044224968728172,0.01924406128684061,834
SERC_HUMAN_Xie_2023,SERC_HUMAN,Human,OrganismalFitness,random_variant,esm1v_embedding_probe,official_out_of_fold_predictions,ProteinGym_normalized_targets,0.5582222069982269,0.7088839227540256,0.5191616283550888,0.49987927472709015,0.1,0.11979166666666667,0.9746448717251837,0.5222378979965625,0.09793342982470633,1914
SHOC2_HUMAN_Kwon_2022,SHOC2_HUMAN,Human,OrganismalFitness,random_variant,esm1v_embedding_probe,official_out_of_fold_predictions,ProteinGym_normalized_targets,0.4265893578261963,0.898912875555737,0.6977955912249107,0.19233517338367334,0.1,0.15846994535519127,-0.09385446737565788,0.4236529491938805,4.401292484596811,10972
SOX30_HUMAN_Tsuboyama_2023_7JJK,SOX30_HUMAN,Human,Stability,random_variant,esm1v_embedding_probe,official_out_of_fold_predictions,ProteinGym_normalized_targets,0.8756251526315166,0.4415060776226698,0.31476610396,0.8058728637889907,0.1,0.5445544554455446,0.40903757477356883,1.0677864324833237,0.0,1010
SPA_STAAU_Tsuboyama_2023_1LP1,SPA_STAAU,Prokaryote,Stability,random_variant,esm1v_embedding_probe,official_out_of_fold_predictions,ProteinGym_normalized_targets,0.851782758165737,0.544877413656265,0.40482257942006766,0.7039319253208653,0.1,0.6442307692307693,0.5486082125868806,1.3315878357747948,0.0,1035
SPG1_STRSG_Olson_2014,SPG1_STRSG,Prokaryote,Binding,random_variant,esm1v_embedding_probe,official_out_of_fold_predictions,ProteinGym_normalized_targets,0.8057233918177918,0.5201995942193286,0.399249917567378,0.7301821604053216,0.1,0.3238095238095238,0.834331847907166,0.8052409102847053,0.08531388809488864,1045
SPG2_STRSG_Tsuboyama_2023_5UBS,SPG2_STRSG,Prokaryote,Stability,random_variant,esm1v_embedding_probe,official_out_of_fold_predictions,ProteinGym_normalized_targets,0.8634660649042964,0.4392077809272424,0.32621670899752186,0.8077043878243939,0.1,0.5825242718446602,0.49508836023089314,1.1312582829672113,0.05139246379064546,1029
SPIKE_SARS2_Starr_2020_binding,SPIKE_SARS2,Virus,Binding,random_variant,esm1v_embedding_probe,official_out_of_fold_predictions,ProteinGym_normalized_targets,0.34988805585597854,0.9211572972931644,0.6957265011715755,0.15177512711347818,0.1,0.24671916010498687,-0.27755905511811024,0.5076483225084063,0.13472508002130032,3802
SPIKE_SARS2_Starr_2020_expression,SPIKE_SARS2,Virus,Expression,random_variant,esm1v_embedding_probe,official_out_of_fold_predictions,ProteinGym_normalized_targets,0.3173606889435414,0.9332342901828004,0.803015511253207,0.13051489008427763,0.1,0.1631578947368421,-0.5710263157894737,0.49134695241829196,0.4374297716880965,3798
SPTN1_CHICK_Tsuboyama_2023_1TUD,SPTN1_CHICK,Eukaryote,Stability,random_variant,esm1v_embedding_probe,official_out_of_fold_predictions,ProteinGym_normalized_targets,0.867138717374777,0.46752340585578395,0.34563295440146524,0.7821141084579573,0.1,0.44339622641509435,0.05570696549427456,1.0297263425946954,0.0,1051
SQSTM_MOUSE_Tsuboyama_2023_2RRU,SQSTM_MOUSE,Eukaryote,Stability,random_variant,esm1v_embedding_probe,official_out_of_fold_predictions,ProteinGym_normalized_targets,0.9200899930721798,0.4099102589477248,0.31860635522828856,0.8328394575407954,0.1,0.5774647887323944,0.1708591955698362,1.3403279999697042,0.33707662119783804,707
SR43C_ARATH_Tsuboyama_2023_2N88,SR43C_ARATH,Eukaryote,Stability,random_variant,esm1v_embedding_probe,official_out_of_fold_predictions,ProteinGym_normalized_targets,0.8969315557389518,0.4031669228409041,0.29605422255922387,0.8376028624079005,0.1,0.550561797752809,0.1911212962618401,1.0844636789751965,0.0,889
SRBS1_HUMAN_Tsuboyama_2023_2O2W,SRBS1_HUMAN,Human,Stability,random_variant,esm1v_embedding_probe,official_out_of_fold_predictions,ProteinGym_normalized_targets,0.8894074386043813,0.42439918947131405,0.312715527457597,0.8204597534873749,0.1,0.5081967213114754,0.15952871569604138,0.976045135201625,0.027251493534052974,1211
SRC_HUMAN_Ahler_2019,SRC_HUMAN,Human,Activity,random_variant,esm1v_embedding_probe,official_out_of_fold_predictions,ProteinGym_normalized_targets,0.6631006175714436,0.7991797890433764,0.5806267234551242,0.36239262784102544,0.1,0.21005917159763313,0.37624757176331364,0.8173443745861262,0.5887208836393779,3372
SRC_HUMAN_Chakraborty_2023_binding-DAS_25uM,SRC_HUMAN,Human,Activity,random_variant,esm1v_embedding_probe,official_out_of_fold_predictions,ProteinGym_normalized_targets,0.5877626266157462,0.8711041417579845,0.5852271343523041,0.24632676354765937,0.1,0.25,0.626078980717033,0.8647866939040567,0.0,3637
SRC_HUMAN_Nguyen_2022,SRC_HUMAN,Human,OrganismalFitness,random_variant,esm1v_embedding_probe,official_out_of_fold_predictions,ProteinGym_normalized_targets,0.5607071450791404,0.8764201166497214,0.6419260835170795,0.23281390723048778,0.1,0.08605341246290801,-0.19203846907802738,0.47562804740445136,2.042738453976648,3366
SUMO1_HUMAN_Weile_2017,SUMO1_HUMAN,Human,OrganismalFitness,random_variant,esm1v_embedding_probe,official_out_of_fold_predictions,ProteinGym_normalized_targets,0.6430750419758947,0.7696662874288144,0.5911691610946471,0.4105616104300608,0.1,0.2235294117647059,0.7058546349294118,0.7682018074430381,1.2092486300488308,1700
SYUA_HUMAN_Newberry_2020,SYUA_HUMAN,Human,OrganismalFitness,random_variant,esm1v_embedding_probe,official_out_of_fold_predictions,ProteinGym_normalized_targets,0.6025334785249105,0.4692403103906118,0.32961058280322786,0.7801812114716635,0.1,0.284,0.0073907798405225805,0.5436479414390561,0.17252218760295635,2497
TADBP_HUMAN_Bolognesi_2019,TADBP_HUMAN,Human,OrganismalFitness,random_variant,esm1v_embedding_probe,official_out_of_fold_predictions,ProteinGym_normalized_targets,0.7933636094125546,0.5345601577934358,0.37624110967826424,0.7151929785272624,0.1,0.8,0.17038929639230502,1.7281116627431221,0.0,1196
TAT_HV1BR_Fernandes_2016,TAT_HV1BR,Virus,OrganismalFitness,random_variant,esm1v_embedding_probe,official_out_of_fold_predictions,ProteinGym_normalized_targets,0.591670135712398,0.7832346581476295,0.5579446171305643,0.3891202975205944,0.1,0.13291139240506328,-0.006883048340619724,0.5547348162439779,4.153213495264774,1577
TCRG1_MOUSE_Tsuboyama_2023_1E0L,TCRG1_MOUSE,Eukaryote,Stability,random_variant,esm1v_embedding_probe,official_out_of_fold_predictions,ProteinGym_normalized_targets,0.9050494892235106,0.36240199493086045,0.2472934460089694,0.869614288832023,0.1,0.5555555555555556,-0.007812671786296492,1.0430671777773413,0.0,621
THO1_YEAST_Tsuboyama_2023_2WQG,THO1_YEAST,Eukaryote,Stability,random_variant,esm1v_embedding_probe,official_out_of_fold_predictions,ProteinGym_normalized_targets,0.8672551900150394,0.4875288953210944,0.36103180742717983,0.7652563909450738,0.1,0.5,0.36076000010616494,1.1351766329344164,0.0,656
TNKS2_HUMAN_Tsuboyama_2023_5JRT,TNKS2_HUMAN,Human,Stability,random_variant,esm1v_embedding_probe,official_out_of_fold_predictions,ProteinGym_normalized_targets,0.9079402725912746,0.39015850493288,0.2943792431448122,0.8480476633393553,0.1,0.44642857142857145,0.026774632625049737,1.0470953644992833,0.0,1118
TPK1_HUMAN_Weile_2017,TPK1_HUMAN,Human,OrganismalFitness,random_variant,esm1v_embedding_probe,official_out_of_fold_predictions,ProteinGym_normalized_targets,0.37171063619517586,0.9429821039181078,0.7635060164982986,0.11170253133380803,0.1,0.12852664576802508,0.6355827997711598,0.40543189445955624,0.7307896644648775,3181
TPMT_HUMAN_Matreyek_2018,TPMT_HUMAN,Human,Expression,random_variant,esm1v_embedding_probe,official_out_of_fold_predictions,ProteinGym_normalized_targets,0.5976781307179494,0.7466944628388578,0.5657747718576125,0.4439517329842373,0.1,0.2136986301369863,0.9701674405479452,0.5921771044897368,0.0,3648
TPOR_HUMAN_Bridgford_2020,TPOR_HUMAN,Human,OrganismalFitness,random_variant,esm1v_embedding_probe,official_out_of_fold_predictions,ProteinGym_normalized_targets,0.6179347991974434,0.7241166125897813,0.5697547353345196,0.48058857177712233,0.1,0.6491228070175439,0.3156380270771872,1.7098704605302921,0.0,562
TRPC_SACS2_Chan_2017,TRPC_SACS2,Prokaryote,OrganismalFitness,random_variant,esm1v_embedding_probe,official_out_of_fold_predictions,ProteinGym_normalized_targets,0.7687916396355332,0.6370957892351805,0.4811526946714285,0.5952271749144038,0.1,0.5986842105263158,0.3734150395394737,1.5119027638410145,0.5427776354458935,1519
TRPC_THEMA_Chan_2017,TRPC_THEMA,Prokaryote,OrganismalFitness,random_variant,esm1v_embedding_probe,official_out_of_fold_predictions,ProteinGym_normalized_targets,0.7182688946675065,0.7305004835196697,0.5331853906612706,0.47146517937997057,0.1,0.4934210526315789,0.2501361869342105,1.5461440665588382,0.8271724400148858,1519
UBC9_HUMAN_Weile_2017,UBC9_HUMAN,Human,OrganismalFitness,random_variant,esm1v_embedding_probe,official_out_of_fold_predictions,ProteinGym_normalized_targets,0.678151121693848,0.7812036752714346,0.5657671232339622,0.3920052292197166,0.1,0.33852140077821014,0.9789555689182879,1.0673282166026916,0.0,2563
UBE4B_HUMAN_Tsuboyama_2023_3L1X,UBE4B_HUMAN,Human,Stability,random_variant,esm1v_embedding_probe,official_out_of_fold_predictions,ProteinGym_normalized_targets,0.8937321615934618,0.4668334664782206,0.3568274913387656,0.7827921657592564,0.1,0.5803571428571429,0.2905916984113363,1.289051445802926,0.0,1118
UBE4B_MOUSE_Starita_2013,UBE4B_MOUSE,Eukaryote,Activity,random_variant,esm1v_embedding_probe,official_out_of_fold_predictions,ProteinGym_normalized_targets,0.5102803666388627,0.8417286863448421,0.605717667625,0.29741740967588204,0.1,0.12222222222222222,0.09203343039999999,0.5763163337944647,0.0,899
UBR5_HUMAN_Tsuboyama_2023_1I2T,UBR5_HUMAN,Human,Stability,random_variant,esm1v_embedding_probe,official_out_of_fold_predictions,ProteinGym_normalized_targets,0.8602236341678416,0.42827917262865767,0.3111375252166636,0.81719587450105,0.1,0.43636363636363634,0.3044667299746431,0.9190736100739436,0.0,1094
VG08_BPP22_Tsuboyama_2023_2GP8,VG08_BPP22,Virus,Stability,random_variant,esm1v_embedding_probe,official_out_of_fold_predictions,ProteinGym_normalized_targets,0.8983215472026389,0.41046506072592626,0.26891723920885197,0.8332230161862033,0.1,0.7397260273972602,0.36390809936046464,1.309235581667158,0.0,723
VILI_CHICK_Tsuboyama_2023_1YU5,VILI_CHICK,Eukaryote,Stability,random_variant,esm1v_embedding_probe,official_out_of_fold_predictions,ProteinGym_normalized_targets,0.8783929230831132,0.44824884358869993,0.32547152906850246,0.8003588676383032,0.1,0.5041322314049587,0.1332540334921548,1.0328197623376572,0.0,1202
VKOR1_HUMAN_Chiasson_2020_abundance,VKOR1_HUMAN,Human,Expression,random_variant,esm1v_embedding_probe,official_out_of_fold_predictions,ProteinGym_normalized_targets,0.7255383753502195,0.6523419486740005,0.5060450983295808,0.5745411376155736,0.1,0.37037037037037035,1.002852546058907,0.9288022500239977,0.0,2695
VKOR1_HUMAN_Chiasson_2020_activity,VKOR1_HUMAN,Human,Activity,random_variant,esm1v_embedding_probe,official_out_of_fold_predictions,ProteinGym_normalized_targets,0.4467455547907035,0.8623689984997821,0.6654067683515782,0.2607048065729124,0.1,0.14285714285714285,0.883925838398317,0.3601309719144565,0.0,697
VRPI_BPT7_Tsuboyama_2023_2WNM,VRPI_BPT7,Virus,Stability,random_variant,esm1v_embedding_probe,official_out_of_fold_predictions,ProteinGym_normalized_targets,0.8836532058396297,0.4221552799804905,0.2985742840602197,0.8226621490544506,0.1,0.638095238095238,0.38400146909045246,1.1396055505075702,0.043490405331820664,1047
YAIA_ECOLI_Tsuboyama_2023_2KVT,YAIA_ECOLI,Prokaryote,Stability,random_variant,esm1v_embedding_probe,official_out_of_fold_predictions,ProteinGym_normalized_targets,0.8338877030701993,0.5023889226509928,0.3504904620107759,0.7483190415990797,0.1,0.5053763440860215,0.08767390976570882,1.0045497417672307,0.0007945398795715669,928
YNZC_BACSU_Tsuboyama_2023_2JVD,YNZC_BACSU,Prokaryote,Stability,random_variant,esm1v_embedding_probe,official_out_of_fold_predictions,ProteinGym_normalized_targets,0.8897552245625835,0.382069389404849,0.2805476014201681,0.8548829332213831,0.1,0.5694444444444444,0.25896216850657655,1.0748925327445418,0.0,714
A0A140D2T1_ZIKV_Sourisseau_2019,A0A140D2T1_ZIKV,Virus,OrganismalFitness,contiguous_position,kermut,official_out_of_fold_predictions,ProteinGym_normalized_targets,0.3836674396768383,1.048547259881789,0.4458219793370995,0.051444735362911054,0.1,0.2265135699373695,0.3663965352366403,0.41336481253160995,4.521144722921834,9576
A0A192B1T2_9HIV1_Haddox_2018,A0A192B1T2_9HIV1,Virus,OrganismalFitness,contiguous_position,kermut,official_out_of_fold_predictions,ProteinGym_normalized_targets,0.5452252735071307,0.8685057299048583,0.6919436831660096,0.2802568519785006,0.1,0.2591414944356121,-0.8326067930381557,0.8398136667122486,0.0,12577
A0A1I9GEU1_NEIME_Kennouche_2019,A0A1I9GEU1_NEIME,Prokaryote,Activity,contiguous_position,kermut,official_out_of_fold_predictions,ProteinGym_normalized_targets,0.06814539644521575,1.0133164174161438,0.7468515356693601,-0.015653070320433837,0.1,0.07526881720430108,-0.20841935483870971,-0.1372176383375737,1.9600917210854134,922
A0A247D711_LISMN_Stadelmann_2021,A0A247D711_LISMN,Prokaryote,Activity,contiguous_position,kermut,official_out_of_fold_predictions,ProteinGym_normalized_targets,0.5527461251673249,0.8135022335109001,0.5705397731363279,0.346770908282645,0.1,0.19879518072289157,0.20977216915694546,0.5359930061620588,0.0,1653
A0A2Z5U3Z0_9INFA_Doud_2016,A0A2Z5U3Z0_9INFA,Virus,OrganismalFitness,contiguous_position,kermut,official_out_of_fold_predictions,ProteinGym_normalized_targets,0.6341119351315343,0.7944237813783144,0.6368402168763172,0.3887160418178286,0.1,0.314365671641791,-0.7662567315764924,1.0403937455974035,0.0,10715
A0A2Z5U3Z0_9INFA_Wu_2014,A0A2Z5U3Z0_9INFA,Virus,OrganismalFitness,contiguous_position,kermut,official_out_of_fold_predictions,ProteinGym_normalized_targets,0.45098428643361843,1.0132291776611237,0.4519727341460298,0.01776678699028289,0.1,0.1829787234042553,0.6022993081361703,0.20607226243930057,12.5452578381485,2350
A4D664_9INFA_Soh_2019,A4D664_9INFA,Virus,OrganismalFitness,contiguous_position,kermut,official_out_of_fold_predictions,ProteinGym_normalized_targets,0.38190082837871897,0.9974487544183851,0.6523092908256776,0.09353950117619692,0.1,0.21205821205821207,0.5957111335151618,0.5175630682551322,21.039226378118737,14421
A4GRB6_PSEAI_Chen_2020,A4GRB6_PSEAI,Prokaryote,OrganismalFitness,contiguous_position,kermut,official_out_of_fold_predictions,ProteinGym_normalized_targets,0.8248502300850281,0.5620399869863237,0.4404853705513144,0.7039550344707912,0.1,0.2554890219560878,0.04034349123303367,0.9397366856383832,0.3740347826526698,5004
A4_HUMAN_Seuma_2022,A4_HUMAN,Human,Stability,contiguous_position,kermut,official_out_of_fold_predictions,ProteinGym_normalized_targets,0.6479447020857465,0.8328962604969194,0.6508093921500603,0.4618695494160736,0.1,0.1625,0.10007565241886676,0.6924729212704509,0.7898316599624647,796
AACC1_PSEAI_Dandage_2018,AACC1_PSEAI,Prokaryote,OrganismalFitness,contiguous_position,kermut,official_out_of_fold_predictions,ProteinGym_normalized_targets,0.5375013452557912,0.8852959100168641,0.6930215849573015,0.2433883479141956,0.1,0.23204419889502761,1.743167524070055,0.4652890838872656,0.24089038759856207,1801
ACE2_HUMAN_Chan_2020,ACE2_HUMAN,Human,Binding,contiguous_position,kermut,official_out_of_fold_predictions,ProteinGym_normalized_targets,0.407625280703004,0.9609600357126318,0.6877883755121592,0.1622490698293233,0.1,0.13901345291479822,-0.05250352011434977,0.3136215610941595,0.470044917099689,2223
ADRB2_HUMAN_Jones_2020,ADRB2_HUMAN,Human,Activity,contiguous_position,kermut,official_out_of_fold_predictions,ProteinGym_normalized_targets,0.5738735089267631,0.8672641527198651,0.6387305402765506,0.28312194770368615,0.1,0.19743589743589743,2.3334415805499034,0.5305656162509333,0.0991047999714108,7800
AMFR_HUMAN_Tsuboyama_2023_4G3O,AMFR_HUMAN,Human,Stability,contiguous_position,kermut,official_out_of_fold_predictions,ProteinGym_normalized_targets,0.8284707914606015,0.5912452925749349,0.45897232784651226,0.6698345203742141,0.1,0.43902439024390244,0.245129946515769,0.985191274445563,0.0,820
AMIE_PSEAE_Wrenbeck_2017,AMIE_PSEAE,Prokaryote,Activity,contiguous_position,kermut,official_out_of_fold_predictions,ProteinGym_normalized_targets,0.6975717549216005,0.7710092714602721,0.5718083840815279,0.453090041344022,0.1,0.14606741573033707,-0.025528892455858754,0.7199580057199467,1.488344608745266,6227
ANCSZ_Hobbs_2022,ANCSZ,Eukaryote,Activity,contiguous_position,kermut,official_out_of_fold_predictions,ProteinGym_normalized_targets,0.5819190996725121,0.7379701511632714,0.5416992518893433,0.4713626499847311,0.1,0.21841541755888652,0.009137953760885642,0.637781217395442,0.22813051586152647,4670
ARGR_ECOLI_Tsuboyama_2023_1AOY,ARGR_ECOLI,Prokaryote,Stability,contiguous_position,kermut,official_out_of_fold_predictions,ProteinGym_normalized_targets,0.7322721174063388,0.5955124207883826,0.4390340153016318,0.6512610472337418,0.1,0.24806201550387597,-0.04684252056445488,0.7552214421656468,0.47561326182821057,1287
BBC1_YEAST_Tsuboyama_2023_1TG0,BBC1_YEAST,Eukaryote,Stability,contiguous_position,kermut,official_out_of_fold_predictions,ProteinGym_normalized_targets,0.8124594246440314,0.5910802745747409,0.4577264533016697,0.6535879611808381,0.1,0.5229357798165137,0.5271959422248274,1.2057115789938084,0.20192196873992366,1084
BCHB_CHLTE_Tsuboyama_2023_2KRU,BCHB_CHLTE,Prokaryote,Stability,contiguous_position,kermut,official_out_of_fold_predictions,ProteinGym_normalized_targets,0.7019364237624877,0.7018166592741949,0.5165999186770787,0.5216311873671655,0.1,0.38202247191011235,0.1688762985563891,0.8331862927039316,0.0,890
BLAT_ECOLX_Deng_2012,BLAT_ECOLX,Prokaryote,OrganismalFitness,contiguous_position,kermut,official_out_of_fold_predictions,ProteinGym_normalized_targets,0.49985092723377955,0.882098279467625,0.7095737803418887,0.23247936640036804,0.1,0.362,-1.306315006762,0.9254804478010029,0.3036904183463296,4996
BLAT_ECOLX_Firnberg_2014,BLAT_ECOLX,Prokaryote,OrganismalFitness,contiguous_position,kermut,official_out_of_fold_predictions,ProteinGym_normalized_targets,0.8211642431147228,0.5952285242815144,0.4595831520815305,0.6461426707280737,0.1,0.40501043841336115,1.0875661795407097,1.2874972464962795,2.6722746221161278,4783
BLAT_ECOLX_Jacquier_2013,BLAT_ECOLX,Prokaryote,OrganismalFitness,contiguous_position,kermut,official_out_of_fold_predictions,ProteinGym_normalized_targets,0.7404527985013035,0.6271120335510739,0.47553183579595554,0.6105004213917928,0.1,0.23232323232323232,-0.12626988080808083,0.7336759274385937,0.0,989
BLAT_ECOLX_Stiffler_2015,BLAT_ECOLX,Prokaryote,OrganismalFitness,contiguous_position,kermut,official_out_of_fold_predictions,ProteinGym_normalized_targets,0.8038211351136646,0.606290111482838,0.47060589293424737,0.6341311634707305,0.1,0.356,-0.07138311417,1.0283690083400898,0.006269734821073218,4996
BRCA1_HUMAN_Findlay_2018,BRCA1_HUMAN,Human,OrganismalFitness,contiguous_position,kermut,official_out_of_fold_predictions,ProteinGym_normalized_targets,0.5830629316176074,0.7794373223691101,0.580994141011791,0.40039719803023455,0.1,0.1793478260869565,-0.05889281028260869,0.6076323334179813,0.6247758985100972,1837
C6KNH7_9INFA_Lee_2018,C6KNH7_9INFA,Virus,OrganismalFitness,contiguous_position,kermut,official_out_of_fold_predictions,ProteinGym_normalized_targets,0.6403705990824263,0.7839368460163835,0.615668257988567,0.40173657240426175,0.1,0.3420074349442379,-0.5197148196469551,1.043749085850308,0.13084914635992845,10754
CALM1_HUMAN_Weile_2017,CALM1_HUMAN,Human,OrganismalFitness,contiguous_position,kermut,official_out_of_fold_predictions,ProteinGym_normalized_targets,0.19043894086995578,0.9865307652078198,0.7717295883327083,0.02972870389545279,0.1,0.04945054945054945,0.8316235924890109,0.24561087908692827,0.2830040196237928,1813
CAPSD_AAV2S_Sinai_2021,CAPSD_AAV2S,Virus,OrganismalFitness,contiguous_position,kermut,official_out_of_fold_predictions,ProteinGym_normalized_targets,0.5135256017743345,0.9359807840600322,0.7277130871110902,0.28966313986392456,0.1,0.5370370370370371,1.6865198111388917,1.1740080759545235,0.0,532
CAR11_HUMAN_Meitlis_2020_gof,CAR11_HUMAN,Human,OrganismalFitness,contiguous_position,kermut,official_out_of_fold_predictions,ProteinGym_normalized_targets,0.5341555044689507,0.9907786272056708,0.6434816154221504,0.21251437807493057,0.1,0.3403361344537815,0.1788099108732493,0.8344515651139104,0.0,2374
CAR11_HUMAN_Meitlis_2020_lof,CAR11_HUMAN,Human,OrganismalFitness,contiguous_position,kermut,official_out_of_fold_predictions,ProteinGym_normalized_targets,0.7256523651306078,0.7764097456552413,0.5964131838806285,0.5035046820134754,0.1,0.275,-0.14583345201597223,0.717056413438665,0.5180959582052259,2395
CAS9_STRP1_Spencer_2017_positive,CAS9_STRP1,Prokaryote,Activity,contiguous_position,kermut,official_out_of_fold_predictions,ProteinGym_normalized_targets,0.22421798976440724,0.9840794366471445,0.6603684272359912,0.039279465983595885,0.1,0.11083743842364532,-0.15099157613353087,0.16387708016169172,0.9268659679577309,8117
CASP3_HUMAN_Roychowdhury_2020,CASP3_HUMAN,Human,Activity,contiguous_position,kermut,official_out_of_fold_predictions,ProteinGym_normalized_targets,0.6070131532797085,0.8007157013991885,0.6264847101817166,0.3631487870309238,0.1,0.20382165605095542,0.38341409723916275,0.6399887100345499,1.104820331230562,1567
CASP7_HUMAN_Roychowdhury_2020,CASP7_HUMAN,Human,Activity,contiguous_position,kermut,official_out_of_fold_predictions,ProteinGym_normalized_targets,0.6479355277954272,0.8013803092825634,0.6078182689574048,0.3738897724408947,0.1,0.18452380952380953,0.2141778978071359,0.7319883769935408,3.6586581374059266,1680
CATR_CHLRE_Tsuboyama_2023_2AMI,CATR_CHLRE,Eukaryote,Stability,contiguous_position,kermut,official_out_of_fold_predictions,ProteinGym_normalized_targets,0.796833471768823,0.627528228327798,0.4644521100896344,0.625735754152759,0.1,0.3656716417910448,0.35488430018212147,0.9440462272952118,0.30594474991271475,1340
CBPA2_HUMAN_Tsuboyama_2023_1O6X,CBPA2_HUMAN,Human,Stability,contiguous_position,kermut,official_out_of_fold_predictions,ProteinGym_normalized_targets,0.7561784313934717,0.5196701162209644,0.38398050678857776,0.7384904003761474,0.1,0.2867647058823529,0.02957294177141887,0.7231965484907045,0.04814547155301205,1357
CBS_HUMAN_Sun_2020,CBS_HUMAN,Human,OrganismalFitness,contiguous_position,kermut,official_out_of_fold_predictions,ProteinGym_normalized_targets,0.49989356095426896,0.921225985223198,0.7517718992466776,0.2119044049845774,0.1,0.1731301939058172,0.6813867930122641,0.47965241289051813,1.1593498866291991,7217
CBX4_HUMAN_Tsuboyama_2023_2K28,CBX4_HUMAN,Human,Stability,contiguous_position,kermut,official_out_of_fold_predictions,ProteinGym_normalized_targets,0.8125047678993595,0.5778297922495453,0.4308669134902508,0.6787552639727419,0.1,0.40217391304347827,0.16561309418073905,0.98406335873166,0.6038163213939677,917
CCDB_ECOLI_Adkar_2012,CCDB_ECOLI,Prokaryote,Activity,contiguous_position,kermut,official_out_of_fold_predictions,ProteinGym_normalized_targets,0.45731541842284756,0.9694322277397341,0.7536135803454932,0.17056065195265824,0.1,0.1271186440677966,-12.398305084745763,0.6187127963934551,0.0,1176
CCR5_HUMAN_Gill_2023,CCR5_HUMAN,Human,Binding,contiguous_position,kermut,official_out_of_fold_predictions,ProteinGym_normalized_targets,0.3653157439677943,0.941820649445061,0.6764826391195827,0.15166854507464833,0.1,0.1498371335504886,0.04629614549402823,0.3410693709107615,7.255472338058529,6137
CD19_HUMAN_Klesmith_2019_FMC_singles,CD19_HUMAN,Human,Binding,contiguous_position,kermut,official_out_of_fold_predictions,ProteinGym_normalized_targets,0.35799157254266717,0.949164789906892,0.7101869819311752,0.1366859212332181,0.1,0.2917771883289125,0.45777189942917357,0.6894102668066227,0.5371235537440581,3761
CP2C9_HUMAN_Amorosi_2021_abundance,CP2C9_HUMAN,Human,Expression,contiguous_position,kermut,official_out_of_fold_predictions,ProteinGym_normalized_targets,0.7198278695347725,0.6762736640203192,0.5281548753979858,0.5533604611000933,0.1,0.28728414442700156,0.9671930993281004,0.8572493201267556,0.5404424529974292,6370
CP2C9_HUMAN_Amorosi_2021_activity,CP2C9_HUMAN,Human,Binding,contiguous_position,kermut,official_out_of_fold_predictions,ProteinGym_normalized_targets,0.754346523011629,0.6786887865961677,0.5455025124326295,0.5493221508380302,0.1,0.36910569105691055,0.9557452167089432,1.1378099346232908,0.11244233832871206,6142
CSN4_MOUSE_Tsuboyama_2023_1UFM,CSN4_MOUSE,Eukaryote,Stability,contiguous_position,kermut,official_out_of_fold_predictions,ProteinGym_normalized_targets,0.7973935326647463,0.5724473450880359,0.44991994275750175,0.692608065370822,0.1,0.34558823529411764,0.07592660040644147,0.8406831506581731,0.037296979936071846,1353
CUE1_YEAST_Tsuboyama_2023_2MYX,CUE1_YEAST,Eukaryote,Stability,contiguous_position,kermut,official_out_of_fold_predictions,ProteinGym_normalized_targets,0.7200146427670475,0.7029690437394653,0.5624020199594765,0.5291623680280497,0.1,0.4583333333333333,0.061246507921479044,1.1238286683931575,0.3837974087270067,955
D7PM05_CLYGR_Somermeyer_2022,D7PM05_CLYGR,Eukaryote,Activity,contiguous_position,kermut,official_out_of_fold_predictions,ProteinGym_normalized_targets,0.6583313351186805,0.8131176089635119,0.6462516252671514,0.36966162786336443,0.1,0.3076923076923077,30030.805256266616,0.7367421693725932,0.30560146295265855,1169
DLG4_HUMAN_Faure_2021,DLG4_HUMAN,Human,OrganismalFitness,contiguous_position,kermut,official_out_of_fold_predictions,ProteinGym_normalized_targets,0.6230562362394366,0.788148820006955,0.627842391791664,0.3853814523269584,0.1,0.2421875,-0.06106935159786123,0.7801157738205399,0.01020802939684685,1280
DLG4_RAT_McLaughlin_2012,DLG4_RAT,Eukaryote,Binding,contiguous_position,kermut,official_out_of_fold_predictions,ProteinGym_normalized_targets,0.5593865353188068,0.8351936760912334,0.5927041264580964,0.3345672025680396,0.1,0.08227848101265822,0.021363691139240505,0.4756837353940374,0.3908312225121082,1576
DN7A_SACS2_Tsuboyama_2023_1JIC,DN7A_SACS2,Prokaryote,Stability,contiguous_position,kermut,official_out_of_fold_predictions,ProteinGym_normalized_targets,0.6868306183488903,0.6481382835322004,0.4949717963423611,0.5876030793493634,0.1,0.3465346534653465,-0.03246815884892975,0.7265250780753393,0.024212085258375936,1008
DNJA1_HUMAN_Tsuboyama_2023_2LO1,DNJA1_HUMAN,Human,Stability,contiguous_position,kermut,official_out_of_fold_predictions,ProteinGym_normalized_targets,0.7628111914116832,0.6112907403783163,0.4620426562579383,0.6602352315363258,0.1,0.3524590163934426,0.008783933412715658,0.8450591604404734,0.21508002957605613,1216
DOCK1_MOUSE_Tsuboyama_2023_2M0Y,DOCK1_MOUSE,Eukaryote,Stability,contiguous_position,kermut,official_out_of_fold_predictions,ProteinGym_normalized_targets,0.7420980009370218,0.6963159004203705,0.5185115827387469,0.5249335421018826,0.1,0.4016393442622951,0.270060745568623,0.9618676100237472,0.0,1213
DYR_ECOLI_Nguyen_2023,DYR_ECOLI,Prokaryote,OrganismalFitness,contiguous_position,kermut,official_out_of_fold_predictions,ProteinGym_normalized_targets,0.5724603951393896,0.7472661504870625,0.4928931051176954,0.48816245097634703,0.1,0.16095890410958905,0.995513698630137,0.46079662540357447,0.20980406663246157,2916
DYR_ECOLI_Thompson_2019,DYR_ECOLI,Prokaryote,OrganismalFitness,contiguous_position,kermut,official_out_of_fold_predictions,ProteinGym_normalized_targets,0.49230880632906004,0.8571716420524229,0.6318074807820566,0.30739363574539125,0.1,0.11392405063291139,-0.14407130379746835,0.33254348451500343,1.6707854367575385,2363
ENVZ_ECOLI_Ghose_2023,ENVZ_ECOLI,Prokaryote,Activity,contiguous_position,kermut,official_out_of_fold_predictions,ProteinGym_normalized_targets,0.30144749230537016,0.9715485732866219,0.8031062505191704,0.15258930100111223,0.1,0.08849557522123894,3.3868296802346487,0.24658699701095296,0.6025978839609932,1121
ENV_HV1BR_Haddox_2016,ENV_HV1BR,Virus,OrganismalFitness,contiguous_position,kermut,official_out_of_fold_predictions,ProteinGym_normalized_targets,0.32166631047498273,0.9743645567162236,0.5588698623240564,0.05509120280354418,0.1,0.2191142191142191,0.07489620122658487,0.48769482443219186,0.0,12863
EPHB2_HUMAN_Tsuboyama_2023_1F0M,EPHB2_HUMAN,Human,Stability,contiguous_position,kermut,official_out_of_fold_predictions,ProteinGym_normalized_targets,0.7879934554413929,0.5047149759401348,0.38374844617696524,0.7480555298491266,0.1,0.2903225806451613,0.020468728732577032,0.8217214770531177,0.0433738595259228,1239
ESTA_BACSU_Nutschel_2020,ESTA_BACSU,Prokaryote,Stability,contiguous_position,kermut,official_out_of_fold_predictions,ProteinGym_normalized_targets,0.5977587006524826,0.8369993197136919,0.6618194001098596,0.3246910233951066,0.1,0.42660550458715596,48.64082568807339,1.0493110803773829,0.8252761693319279,2172
FECA_ECOLI_Tsuboyama_2023_2D1U,FECA_ECOLI,Prokaryote,Stability,contiguous_position,kermut,official_out_of_fold_predictions,ProteinGym_normalized_targets,0.8246480160531418,0.5980512747596796,0.4604688737513125,0.650409188010123,0.1,0.5081967213114754,0.47103826221256356,1.2653964068745391,0.0,1219
FKBP3_HUMAN_Tsuboyama_2023_2KFV,FKBP3_HUMAN,Human,Stability,contiguous_position,kermut,official_out_of_fold_predictions,ProteinGym_normalized_targets,0.6435228523863388,0.7536890778866007,0.5690236773281326,0.4482914428093766,0.1,0.21774193548387097,0.18186116744514508,0.7275728948785111,0.9740410536445977,1237
GAL4_YEAST_Kitzman_2015,GAL4_YEAST,Eukaryote,OrganismalFitness,contiguous_position,kermut,official_out_of_fold_predictions,ProteinGym_normalized_targets,0.6416190282380706,0.8144826319341072,0.6699238076206109,0.35804569001795616,0.1,0.275,-0.1776666666666667,0.8951134715832986,0.2135338381571789,1195
GDIA_HUMAN_Silverstein_2021,GDIA_HUMAN,Human,OrganismalFitness,contiguous_position,kermut,official_out_of_fold_predictions,ProteinGym_normalized_targets,0.5054734571567275,0.8365971319423968,0.6471390693279376,0.32421337039833753,0.1,0.1896551724137931,0.8981915893362069,0.6190084373671128,0.0011412728709853158,1154
GFP_AEQVI_Sarkisyan_2016,GFP_AEQVI,Eukaryote,Activity,contiguous_position,kermut,official_out_of_fold_predictions,ProteinGym_normalized_targets,0.42655045974597827,0.9003384805197371,0.5892113203859318,0.26342896934204507,0.1,0.1559633027522936,3.669439286006578,0.3806349638681981,0.33289044517137084,1084
GRB2_HUMAN_Faure_2021,GRB2_HUMAN,Human,OrganismalFitness,contiguous_position,kermut,official_out_of_fold_predictions,ProteinGym_normalized_targets,0.7908887952304422,0.6083304823390953,0.46587047872098647,0.6375062750890692,0.1,0.33653846153846156,0.02931325535050351,1.0146088457757652,0.0,1034
HCP_LAMBD_Tsuboyama_2023_2L6Q,HCP_LAMBD,Virus,Stability,contiguous_position,kermut,official_out_of_fold_predictions,ProteinGym_normalized_targets,0.7818352592923854,0.5519251608082889,0.4238449580950673,0.7033263692164442,0.1,0.34615384615384615,0.12413332441625517,0.8668667467028223,0.1236321698355655,1040
HECD1_HUMAN_Tsuboyama_2023_3DKM,HECD1_HUMAN,Human,Stability,contiguous_position,kermut,official_out_of_fold_predictions,ProteinGym_normalized_targets,0.7861594494894106,0.6559933414088701,0.5041236067263665,0.5930652357621905,0.1,0.336,0.07934437153318583,0.9909926479388058,0.2440040388710238,1244
HEM3_HUMAN_Loggerenberg_2023,HEM3_HUMAN,Human,Activity,contiguous_position,kermut,official_out_of_fold_predictions,ProteinGym_normalized_targets,0.48262105993997606,0.8821552687704592,0.7123635499560064,0.23129282126093664,0.1,0.17398945518453426,0.8290492616502636,0.5861400743386823,0.6955829902099729,5689
HMDH_HUMAN_Jiang_2019,HMDH_HUMAN,Human,OrganismalFitness,contiguous_position,kermut,official_out_of_fold_predictions,ProteinGym_normalized_targets,0.6285078212005701,0.8495692059696199,0.680747843220315,0.41626937347013326,0.1,0.1963226571767497,0.6548076512455517,0.6623491258479671,0.0,16853
HSP82_YEAST_Cote-Hammarlof_2020_growth-H2O2,HSP82_YEAST,Eukaryote,OrganismalFitness,contiguous_position,kermut,official_out_of_fold_predictions,ProteinGym_normalized_targets,0.41474468976663115,0.9574419625732298,0.5890111857728686,0.1533702103462542,0.1,0.14601769911504425,-0.001645959497787604,0.42034387288760733,0.1421943273529066,2252
HSP82_YEAST_Flynn_2019,HSP82_YEAST,Eukaryote,OrganismalFitness,contiguous_position,kermut,official_out_of_fold_predictions,ProteinGym_normalized_targets,0.42554701978051346,0.8622915895139769,0.6362797248085927,0.32229420190769564,0.1,0.15714285714285714,-0.01264333506255334,0.4569949239455697,1.8406473760347126,13294
HSP82_YEAST_Mishra_2016,HSP82_YEAST,Eukaryote,OrganismalFitness,contiguous_position,kermut,official_out_of_fold_predictions,ProteinGym_normalized_targets,0.6329379910178814,0.7668614279990584,0.5407919081024053,0.5311756500922957,0.1,0.19399538106235567,-0.010077793521939953,0.5050503682115668,0.5064883457412193,4323
HXK4_HUMAN_Gersing_2022_activity,HXK4_HUMAN,Human,OrganismalFitness,contiguous_position,kermut,official_out_of_fold_predictions,ProteinGym_normalized_targets,0.6324381595535817,0.8414368122345581,0.609093488526981,0.3259415479945611,0.1,0.2975495915985998,1.337114101259043,0.8890938033451368,0.0,8570
HXK4_HUMAN_Gersing_2023_abundance,HXK4_HUMAN,Human,Expression,contiguous_position,kermut,official_out_of_fold_predictions,ProteinGym_normalized_targets,0.4930542607429972,0.8412725875214375,0.6470854073772419,0.31045867448560405,0.1,0.18333333333333332,0.8870906809741688,0.5456767857761435,0.17695703229819415,8396
I6TAH8_I68A0_Doud_2015,I6TAH8_I68A0,Virus,OrganismalFitness,contiguous_position,kermut,official_out_of_fold_predictions,ProteinGym_normalized_targets,0.3884889491498214,0.9476454476661037,0.7237132749279213,0.14384830797725345,0.1,0.28616684266103487,-1.258906633387224,0.8252667993107642,0.0,9462
IF1_ECOLI_Kelsic_2016,IF1_ECOLI,Prokaryote,OrganismalFitness,contiguous_position,kermut,official_out_of_fold_predictions,ProteinGym_normalized_targets,0.5508574057430131,0.7803661092364856,0.5707512717415801,0.4111573427857117,0.1,0.23357664233576642,0.9545139902408758,0.5670012099400515,0.0,1367
ILF3_HUMAN_Tsuboyama_2023_2L33,ILF3_HUMAN,Human,Stability,contiguous_position,kermut,official_out_of_fold_predictions,ProteinGym_normalized_targets,0.6397870202444566,0.681791996445552,0.47975488715109105,0.5570382316114857,0.1,0.38345864661654133,0.3290038570782014,0.8054920383501766,0.15250216591370425,1329
ISDH_STAAW_Tsuboyama_2023_2LHR,ISDH_STAAW,Prokaryote,Stability,contiguous_position,kermut,official_out_of_fold_predictions,ProteinGym_normalized_targets,0.706947391871922,0.6999499932072764,0.5248553959580425,0.5266913945087937,0.1,0.39361702127659576,0.030634162390586698,0.908706202388926,0.19708001248009357,940
KCNE1_HUMAN_Muhammad_2023_expression,KCNE1_HUMAN,Human,Expression,contiguous_position,kermut,official_out_of_fold_predictions,ProteinGym_normalized_targets,0.22504968592195584,1.0588945166893362,0.7265952993931382,0.0011832221279739485,0.1,0.1623931623931624,1.0460112846623932,0.22450708058622768,0.010848226352844745,2339
KCNE1_HUMAN_Muhammad_2023_function,KCNE1_HUMAN,Human,Activity,contiguous_position,kermut,official_out_of_fold_predictions,ProteinGym_normalized_targets,0.6826938937025244,0.8123232971630207,0.674997074383016,0.4866909822053689,0.1,0.23275862068965517,1.0658008949698277,0.7641346297301846,0.08251328190978674,2315
KCNJ2_MOUSE_Coyote-Maestas_2022_function,KCNJ2_MOUSE,Eukaryote,Activity,contiguous_position,kermut,official_out_of_fold_predictions,ProteinGym_normalized_targets,0.44712081655653496,0.9387757151853392,0.6965290993810273,0.1501797181624026,0.1,0.18077474892395984,0.34142669613629845,0.5552331940484244,0.7540013382029682,6963
KCNJ2_MOUSE_Coyote-Maestas_2022_surface,KCNJ2_MOUSE,Eukaryote,Expression,contiguous_position,kermut,official_out_of_fold_predictions,ProteinGym_normalized_targets,0.45540517689179216,0.8475184734935737,0.646711262005177,0.3410514794627342,0.1,0.22109826589595374,0.39859735662716766,0.537025542904138,0.4990484518422911,6917
KKA2_KLEPN_Melnikov_2014,KKA2_KLEPN,Prokaryote,OrganismalFitness,contiguous_position,kermut,official_out_of_fold_predictions,ProteinGym_normalized_targets,0.7406549984058174,0.7460971199954891,0.5555584034882868,0.46650705760779276,0.1,0.3004032258064516,2.1684898185483865,1.0463410730311378,0.27580544117205485,4960
LGK_LIPST_Klesmith_2015,LGK_LIPST,Eukaryote,Activity,contiguous_position,kermut,official_out_of_fold_predictions,ProteinGym_normalized_targets,0.625942597368502,0.8069608361653637,0.6324172885358225,0.365412369554169,0.1,0.4055766793409379,-0.15200583016476552,1.0250509234657135,0.12863212974482274,7890
MAFG_MOUSE_Tsuboyama_2023_1K1V,MAFG_MOUSE,Eukaryote,Stability,contiguous_position,kermut,official_out_of_fold_predictions,ProteinGym_normalized_targets,0.8113731937771242,0.5933895890247792,0.43950792439606295,0.6752977059148346,0.1,0.38961038961038963,0.17059877280803898,0.919751945100911,0.19260106646447858,762
MBD11_ARATH_Tsuboyama_2023_6ACV,MBD11_ARATH,Eukaryote,Stability,contiguous_position,kermut,official_out_of_fold_predictions,ProteinGym_normalized_targets,0.781485619020776,0.6467600116870005,0.49269277140972295,0.6284660245298805,0.1,0.29310344827586204,0.20270314524586217,0.8936008111388007,0.0,1155
MET_HUMAN_Estevam_2023,MET_HUMAN,Human,Activity,contiguous_position,kermut,official_out_of_fold_predictions,ProteinGym_normalized_targets,0.654292397846007,0.7360943396828054,0.5622913729717023,0.48138129540660657,0.1,0.1685185185185185,-0.18233296737445778,0.7174483568477534,0.001963292174602817,5393
MK01_HUMAN_Brenan_2016,MK01_HUMAN,Human,OrganismalFitness,contiguous_position,kermut,official_out_of_fold_predictions,ProteinGym_normalized_targets,0.4527029040994649,0.9255790796696415,0.7050695445140227,0.18319066097500414,0.1,0.26284875183553597,-7.430494497964758,0.6389150768139472,1.9083388258768934,6809
MLAC_ECOLI_MacRae_2023,MLAC_ECOLI,Prokaryote,OrganismalFitness,contiguous_position,kermut,official_out_of_fold_predictions,ProteinGym_normalized_targets,0.5717464400287159,0.8503215833843306,0.617477952844246,0.30186120601533384,0.1,0.22693266832917705,-0.0027751117892768147,0.6898208175540211,0.28656322536314255,4007
MSH2_HUMAN_Jia_2020,MSH2_HUMAN,Human,OrganismalFitness,contiguous_position,kermut,official_out_of_fold_predictions,ProteinGym_normalized_targets,0.37158914146174005,0.8763566202745124,0.6823887325429264,0.2616185156077906,0.1,0.12477611940298508,3.6198328358208958,0.36943569789676267,0.0,16749
MTH3_HAEAE_RockahShmuel_2015,MTH3_HAEAE,Prokaryote,OrganismalFitness,contiguous_position,kermut,official_out_of_fold_predictions,ProteinGym_normalized_targets,0.7098716980945354,0.7088234319516489,0.5559650971365392,0.5051533636970803,0.1,0.3089887640449438,0.8255617977528089,1.0756079325192225,0.5182978981585599,1777
MTHR_HUMAN_Weile_2021,MTHR_HUMAN,Human,OrganismalFitness,contiguous_position,kermut,official_out_of_fold_predictions,ProteinGym_normalized_targets,0.5844371562653325,0.8171096121986006,0.6451334409062426,0.4430428683575993,0.1,0.17802726543704891,0.8237004009623095,0.6028625313409753,0.0,12464
MYO3_YEAST_Tsuboyama_2023_2BTT,MYO3_YEAST,Eukaryote,Stability,contiguous_position,kermut,official_out_of_fold_predictions,ProteinGym_normalized_targets,0.797125710110924,0.6234364564122554,0.4979188595588173,0.6325716841278257,0.1,0.4631578947368421,0.38374338913565,1.291879946486545,0.0,947
NCAP_I34A1_Doud_2015,NCAP_I34A1,Virus,OrganismalFitness,contiguous_position,kermut,official_out_of_fold_predictions,ProteinGym_normalized_targets,0.4384437814683329,0.9101058839038214,0.7181478309553561,0.17446369643718407,0.1,0.27243928194297784,-1.7570845681296534,0.8070104671541108,0.2916006380299956,9462
NKX31_HUMAN_Tsuboyama_2023_2L9R,NKX31_HUMAN,Human,Stability,contiguous_position,kermut,official_out_of_fold_predictions,ProteinGym_normalized_targets,0.7896093360330323,0.5953504265500008,0.4423015883525675,0.6844172526091741,0.1,0.40869565217391307,0.1305319373799847,0.93082754950254,0.0,1149
NPC1_HUMAN_Erwood_2022_HEK293T,NPC1_HUMAN,Human,Activity,contiguous_position,kermut,official_out_of_fold_predictions,ProteinGym_normalized_targets,0.7709757479252786,0.671613974011728,0.5490724984943689,0.5738716197820214,0.1,0.40625,0.9390942696640625,1.0779700551914604,0.047766301236249045,637
NUD15_HUMAN_Suiter_2020,NUD15_HUMAN,Human,Expression,contiguous_position,kermut,official_out_of_fold_predictions,ProteinGym_normalized_targets,0.6643520884020193,0.7389971885774047,0.5952012399128833,0.46723095961748384,0.1,0.24912280701754386,0.834265318614969,0.828461054834177,0.33861990815391474,2844
NUSA_ECOLI_Tsuboyama_2023_1WCL,NUSA_ECOLI,Prokaryote,Stability,contiguous_position,kermut,official_out_of_fold_predictions,ProteinGym_normalized_targets,0.8634066969018213,0.49436352346702944,0.37828539643269526,0.7638820905725885,0.1,0.4122137404580153,0.20045313314323593,1.0171030320983436,0.0,1306
NUSG_MYCTU_Tsuboyama_2023_2MI6,NUSG_MYCTU,Prokaryote,Stability,contiguous_position,kermut,official_out_of_fold_predictions,ProteinGym_normalized_targets,0.8484595527914273,0.49879182530905136,0.36936052252728163,0.7582422306721122,0.1,0.5196078431372549,0.32399994864430604,1.0579896598295382,0.0,1019
OBSCN_HUMAN_Tsuboyama_2023_1V1C,OBSCN_HUMAN,Human,Stability,contiguous_position,kermut,official_out_of_fold_predictions,ProteinGym_normalized_targets,0.8226674085529921,0.5348023859935318,0.4057333198024815,0.7206835703550066,0.1,0.4180327868852459,0.08914922566351167,0.9101582058833313,0.1687392679539013,1213
ODP2_GEOSE_Tsuboyama_2023_1W4G,ODP2_GEOSE,Prokaryote,Stability,contiguous_position,kermut,official_out_of_fold_predictions,ProteinGym_normalized_targets,0.7129491769422803,0.6668484168689423,0.5057162708595814,0.5798258694582688,0.1,0.29850746268656714,-0.18434396992248778,0.7469820919109761,0.0,669
OTC_HUMAN_Lo_2023,OTC_HUMAN,Human,Activity,contiguous_position,kermut,official_out_of_fold_predictions,ProteinGym_normalized_targets,0.7680969579718869,0.6694166898089208,0.529648606166707,0.5670842370237634,0.1,0.36942675159235666,0.9208152866242039,1.1776181585018515,0.06375759213470306,1570
OTU7A_HUMAN_Tsuboyama_2023_2L2D,OTU7A_HUMAN,Human,Stability,contiguous_position,kermut,official_out_of_fold_predictions,ProteinGym_normalized_targets,0.7887077400248484,0.652576613535687,0.5138457041149607,0.5851471439232443,0.1,0.359375,0.25844708484080536,1.0633410007067001,0.0,635
OXDA_RHOTO_Vanella_2023_activity,OXDA_RHOTO,Eukaryote,Activity,contiguous_position,kermut,official_out_of_fold_predictions,ProteinGym_normalized_targets,0.5095872173580311,0.8836031951735928,0.6676037929038139,0.23169762201757538,0.1,0.278125,-0.011322773931578833,0.918225190997623,0.07702593876929012,6396
OXDA_RHOTO_Vanella_2023_expression,OXDA_RHOTO,Eukaryote,Expression,contiguous_position,kermut,official_out_of_fold_predictions,ProteinGym_normalized_targets,0.5967124287349769,0.8224127123223042,0.6399350097228903,0.34079801205579074,0.1,0.2688330871491876,0.0283313767771807,0.7724901875754242,0.0,6769
P53_HUMAN_Giacomelli_2018_Null_Etoposide,P53_HUMAN,Human,OrganismalFitness,contiguous_position,kermut,official_out_of_fold_predictions,ProteinGym_normalized_targets,0.5637088924121979,0.7788755652569384,0.6158290246229279,0.46261715516819335,0.1,0.1392235609103079,0.5628304984671145,0.5275066571728407,0.8913942975961006,7467
P53_HUMAN_Giacomelli_2018_Null_Nutlin,P53_HUMAN,Human,OrganismalFitness,contiguous_position,kermut,official_out_of_fold_predictions,ProteinGym_normalized_targets,0.6504186476656525,0.9147417372330398,0.6731870578331163,0.35638660045014847,0.1,0.1606425702811245,0.6748968749049246,0.653366602079665,0.6681766369389858,7467
P53_HUMAN_Giacomelli_2018_WT_Nutlin,P53_HUMAN,Human,OrganismalFitness,contiguous_position,kermut,official_out_of_fold_predictions,ProteinGym_normalized_targets,0.7439108523603405,0.7671862454930264,0.5785603567780034,0.5578898606673999,0.1,0.19812583668005354,0.6764184025753219,0.6725673062135585,0.0,7467
P53_HUMAN_Kotler_2018,P53_HUMAN,Human,OrganismalFitness,contiguous_position,kermut,official_out_of_fold_predictions,ProteinGym_normalized_targets,0.7241829211148111,0.683588321443597,0.5484485093385113,0.5483185155603424,0.1,0.20952380952380953,2.3516181267157146,0.8899721119923015,0.1474874910385118,1048
P84126_THETH_Chan_2017,P84126_THETH,Prokaryote,OrganismalFitness,contiguous_position,kermut,official_out_of_fold_predictions,ProteinGym_normalized_targets,0.7563968495311088,0.6721769861079988,0.5308018884927452,0.5605112337274295,0.1,0.46710526315789475,0.3542333120197368,1.3504876161899773,0.017354440812570444,1519
PABP_YEAST_Melamed_2013,PABP_YEAST,Eukaryote,OrganismalFitness,contiguous_position,kermut,official_out_of_fold_predictions,ProteinGym_normalized_targets,0.725965845657311,0.683012766741506,0.5488891723071946,0.5546964481199996,0.1,0.25210084033613445,0.9460961786638658,0.790304037348102,4.0886889220106095,1187
PAI1_HUMAN_Huttinger_2021,PAI1_HUMAN,Human,Activity,contiguous_position,kermut,official_out_of_fold_predictions,ProteinGym_normalized_targets,0.5131263520304548,0.8545482648178744,0.6598413978673962,0.2742092458410782,0.1,0.2803738317757009,0.687612601717757,0.7551108278176106,0.0,5345
PA_I34A1_Wu_2015,PA_I34A1,Virus,OrganismalFitness,contiguous_position,kermut,official_out_of_fold_predictions,ProteinGym_normalized_targets,0.22635861495661247,1.0288385684395824,0.6690529813648517,0.013365382550400429,0.1,0.17032967032967034,0.5802381776208791,0.2644250063171654,0.7578586359278062,1820
PHOT_CHLRE_Chen_2023,PHOT_CHLRE,Eukaryote,Activity,contiguous_position,kermut,official_out_of_fold_predictions,ProteinGym_normalized_targets,0.6581520561372097,0.6874029659815304,0.5091362108040056,0.5426673827923141,0.1,0.2300469483568075,1.2831720209292632,0.632189611139678,0.304293502984966,2122
PIN1_HUMAN_Tsuboyama_2023_1I6C,PIN1_HUMAN,Human,Stability,contiguous_position,kermut,official_out_of_fold_predictions,ProteinGym_normalized_targets,0.8207769414918158,0.6094831300777788,0.441046512164723,0.6745913192743254,0.1,0.3333333333333333,0.05316506116205189,0.9607134214493969,0.3143905798546123,686
PITX2_HUMAN_Tsuboyama_2023_2L7M,PITX2_HUMAN,Human,Stability,contiguous_position,kermut,official_out_of_fold_predictions,ProteinGym_normalized_targets,0.7275849953139173,0.6419212138293057,0.5023666356186247,0.5965798978674013,0.1,0.3404255319148936,0.2317803574024588,0.95158198267414,0.0,938
PKN1_HUMAN_Tsuboyama_2023_1URF,PKN1_HUMAN,Human,Stability,contiguous_position,kermut,official_out_of_fold_predictions,ProteinGym_normalized_targets,0.6470400131221831,0.643272313879054,0.4685361857807764,0.6046901586785625,0.1,0.35877862595419846,0.2807063402765176,0.7524248150473529,0.0,1301
POLG_CXB3N_Mattenberger_2021,POLG_CXB3N,Virus,OrganismalFitness,contiguous_position,kermut,official_out_of_fold_predictions,ProteinGym_normalized_targets,0.49321241545788264,0.8736285588926174,0.6818138305578304,0.24895604014650619,0.1,0.32951653944020354,-1.5048664688064215,0.9935579899945273,0.0,15711
POLG_DEN26_Suphatrakul_2023,POLG_DEN26,Virus,OrganismalFitness,contiguous_position,kermut,official_out_of_fold_predictions,ProteinGym_normalized_targets,0.5677423200915894,0.8268940980760379,0.6879529433876049,0.3258718563121381,0.1,0.3479289940828402,-1.4790068121635918,1.0849551354550275,0.4915487458618309,16897
POLG_HCVJF_Qi_2014,POLG_HCVJF,Virus,OrganismalFitness,contiguous_position,kermut,official_out_of_fold_predictions,ProteinGym_normalized_targets,0.5047974916538608,0.8785828949809417,0.6546595073803496,0.23094556602428828,0.1,0.15950920245398773,-0.502072377,0.6146921137815039,0.0,1630
POLG_PESV_Tsuboyama_2023_2MXD,POLG_PESV,Virus,Stability,contiguous_position,kermut,official_out_of_fold_predictions,ProteinGym_normalized_targets,0.6882250821633804,0.66585688374644,0.5026485627593971,0.5805644959362526,0.1,0.19,-0.23283684919143938,0.7143380312091951,0.6063814878053579,995
PPARG_HUMAN_Majithia_2016,PPARG_HUMAN,Human,Activity,contiguous_position,kermut,official_out_of_fold_predictions,ProteinGym_normalized_targets,0.7643688743501295,0.7992347562308513,0.6276505839066165,0.5062480558887148,0.1,0.3037578288100209,1.7183820459290189,0.883018396925701,0.16015349032015078,9576
PPM1D_HUMAN_Miller_2022,PPM1D_HUMAN,Human,OrganismalFitness,contiguous_position,kermut,official_out_of_fold_predictions,ProteinGym_normalized_targets,0.6723745659441323,0.7793812801612975,0.5874655900510305,0.4332988042121042,0.1,0.18124207858048164,0.17827240811153358,0.623552378627751,0.0,7889
PR40A_HUMAN_Tsuboyama_2023_1UZC,PR40A_HUMAN,Human,Stability,contiguous_position,kermut,official_out_of_fold_predictions,ProteinGym_normalized_targets,0.685018051684423,0.7317905353806734,0.5459294577348065,0.4976072043700287,0.1,0.27350427350427353,0.12135732291808707,0.7711422504057693,0.3094833946926396,1163
PRKN_HUMAN_Clausen_2023,PRKN_HUMAN,Human,Expression,contiguous_position,kermut,official_out_of_fold_predictions,ProteinGym_normalized_targets,0.6850665743910641,0.7186658724849805,0.5397851930379745,0.49950813903904523,0.1,0.23858447488584475,0.998787162397428,0.7744664685904256,0.01434372319662936,8756
PSAE_PICP2_Tsuboyama_2023_1PSE,PSAE_PICP2,Prokaryote,Stability,contiguous_position,kermut,official_out_of_fold_predictions,ProteinGym_normalized_targets,0.7203384830495803,0.6782765698057873,0.504924587273178,0.5822035838425326,0.1,0.23770491803278687,0.1983630036585527,0.7556514854642826,0.14870619063003648,1219
PTEN_HUMAN_Matreyek_2021,PTEN_HUMAN,Human,Expression,contiguous_position,kermut,official_out_of_fold_predictions,ProteinGym_normalized_targets,0.594534600060384,0.7994528085441333,0.6171203192415496,0.37438105179883563,0.1,0.18467583497053044,0.889683544903456,0.5550427987357467,0.43116126120969345,5083
PTEN_HUMAN_Mighell_2018,PTEN_HUMAN,Human,Activity,contiguous_position,kermut,official_out_of_fold_predictions,ProteinGym_normalized_targets,0.535103582465552,0.7885824333241817,0.6106296783078844,0.4290008545905528,0.1,0.174931129476584,-0.21619955320661133,0.4958454870237592,0.8160541647179046,7260
Q2N0S5_9HIV1_Haddox_2018,Q2N0S5_9HIV1,Virus,OrganismalFitness,contiguous_position,kermut,official_out_of_fold_predictions,ProteinGym_normalized_targets,0.5134485568642094,0.8593150290190167,0.6991818161044908,0.2770449657387165,0.1,0.22623723487824038,-0.8192648028774548,0.7328339080118151,0.06861296337908458,12729
Q53Z42_HUMAN_McShan_2019_binding-TAPBPR,Q53Z42_HUMAN,Human,Binding,contiguous_position,kermut,official_out_of_fold_predictions,ProteinGym_normalized_targets,0.5710674946352987,0.869811460839088,0.6517784220176897,0.3133618680931406,0.1,0.29253731343283584,1.0094477611940298,0.8472630518483015,0.0,3344
Q53Z42_HUMAN_McShan_2019_expression,Q53Z42_HUMAN,Human,Expression,contiguous_position,kermut,official_out_of_fold_predictions,ProteinGym_normalized_targets,0.6325614942015879,0.7956465639961655,0.6236242801523214,0.3773370305562085,0.1,0.3850746268656716,0.9746417910447761,1.077036477420874,0.0,3344
Q59976_STRSQ_Romero_2015,Q59976_STRSQ,Prokaryote,Activity,contiguous_position,kermut,official_out_of_fold_predictions,ProteinGym_normalized_targets,0.68269085975422,0.7226941429063387,0.5449262379358553,0.48069780335724077,0.1,0.27,-0.3187766666666667,0.7078759956951077,1.5309649887809742,2999
Q6WV12_9MAXI_Somermeyer_2022,Q6WV12_9MAXI,Eukaryote,Activity,contiguous_position,kermut,official_out_of_fold_predictions,ProteinGym_normalized_targets,0.3685861021533021,1.0062577391404404,0.6585186541359246,0.11189112778915133,0.1,0.1565217391304348,16890.24304207399,0.5302304022876564,0.08458292118379142,1141
Q837P4_ENTFA_Meier_2023,Q837P4_ENTFA,Prokaryote,Activity,contiguous_position,kermut,official_out_of_fold_predictions,ProteinGym_normalized_targets,0.6333734714666797,0.9254456451431502,0.6739280432700143,0.39375459270579993,0.1,0.18571428571428572,-0.44096572705238096,0.5832277281854561,0.10285950067222563,697
Q837P5_ENTFA_Meier_2023,Q837P5_ENTFA,Prokaryote,Activity,contiguous_position,kermut,official_out_of_fold_predictions,ProteinGym_normalized_targets,0.5960682056695189,0.89669768839558,0.6693180724382864,0.2978935066650191,0.1,0.29333333333333333,-0.42565053496444444,0.737269859479087,0.143441548488861,747
Q8WTC7_9CNID_Somermeyer_2022,Q8WTC7_9CNID,Eukaryote,Activity,contiguous_position,kermut,official_out_of_fold_predictions,ProteinGym_normalized_targets,0.44732669123367574,0.9142618835200595,0.6754127492046045,0.22419178347245672,0.1,0.1322314049586777,9155.237563146056,0.5153863056604506,1.2273364233907391,1201
R1AB_SARS2_Flynn_2022,R1AB_SARS2,Virus,OrganismalFitness,contiguous_position,kermut,official_out_of_fold_predictions,ProteinGym_normalized_targets,0.5973336455154071,0.8425133647954228,0.694455977931791,0.33138690444174657,0.1,0.15881326352530542,0.935253415746647,0.7041005665059741,0.016805775145876462,5725
RAD_ANTMA_Tsuboyama_2023_2CJJ,RAD_ANTMA,Eukaryote,Stability,contiguous_position,kermut,official_out_of_fold_predictions,ProteinGym_normalized_targets,0.6437121699571077,0.8318969241475096,0.627340390190995,0.4196234304466674,0.1,0.3076923076923077,0.2373026337944796,0.8149059216178628,0.5719244986710419,774
RASH_HUMAN_Bandaru_2017,RASH_HUMAN,Human,Activity,contiguous_position,kermut,official_out_of_fold_predictions,ProteinGym_normalized_targets,0.6715910657205598,0.7524949533417172,0.561490114474164,0.4579883707115572,0.1,0.21019108280254778,0.10352669163694268,0.7533963964217364,8.302822569076426,3134
RASK_HUMAN_Weng_2022_abundance,RASK_HUMAN,Human,Expression,contiguous_position,kermut,official_out_of_fold_predictions,ProteinGym_normalized_targets,0.5580287283587734,0.8441030503199033,0.6393366720476353,0.3324555816262518,0.1,0.2671009771986971,-0.050213096814238876,0.7687096983865904,1.427153964226384,3066
RASK_HUMAN_Weng_2022_binding-DARPin_K55,RASK_HUMAN,Human,Binding,contiguous_position,kermut,official_out_of_fold_predictions,ProteinGym_normalized_targets,0.6865072296874798,0.7302632684083173,0.52610783828005,0.560245690578169,0.1,0.23624595469255663,-0.0010143992689180866,0.6849753391026229,0.11947292291597494,3084
RBP1_HUMAN_Tsuboyama_2023_2KWH,RBP1_HUMAN,Human,Stability,contiguous_position,kermut,official_out_of_fold_predictions,ProteinGym_normalized_targets,0.8627407811160799,0.49337101165946257,0.35504514240873847,0.7728821120547347,0.1,0.5204081632653061,0.4713682975634209,1.089241671080044,0.0,975
RCD1_ARATH_Tsuboyama_2023_5OAO,RCD1_ARATH,Eukaryote,Stability,contiguous_position,kermut,official_out_of_fold_predictions,ProteinGym_normalized_targets,0.8078255491876996,0.6406017987874604,0.48250418250718624,0.6033747143444608,0.1,0.41414141414141414,0.3856051116297774,1.0605585623327218,0.0,988
RCRO_LAMBD_Tsuboyama_2023_1ORC,RCRO_LAMBD,Virus,Stability,contiguous_position,kermut,official_out_of_fold_predictions,ProteinGym_normalized_targets,0.6954334018787632,0.6544911722771606,0.5133913915913891,0.5849439569882819,0.1,0.2,-0.14976051423388023,0.702512347516807,0.18330266645202425,1195
RD23A_HUMAN_Tsuboyama_2023_1IFY,RD23A_HUMAN,Human,Stability,contiguous_position,kermut,official_out_of_fold_predictions,ProteinGym_normalized_targets,0.8407947340426418,0.564120527123795,0.42394973138258146,0.6998406879697547,0.1,0.3375,0.11058527702429173,0.9793588630678627,0.0,798
RDRP_I33A0_Li_2023,RDRP_I33A0,Virus,OrganismalFitness,contiguous_position,kermut,official_out_of_fold_predictions,ProteinGym_normalized_targets,0.447309474089702,0.9326259885196025,0.7271355723541506,0.1421383460314003,0.1,0.29475437135720234,-0.9514474223667051,0.7004704866658283,0.3999406193444547,12003
REV_HV1H2_Fernandes_2016,REV_HV1H2,Virus,OrganismalFitness,contiguous_position,kermut,official_out_of_fold_predictions,ProteinGym_normalized_targets,0.3308059597084417,0.9674983926810392,0.7454516681174709,0.14023312218627537,0.1,0.09767441860465116,-0.040460606727881585,0.3684390822702247,2.4065949303419645,2147
RFAH_ECOLI_Tsuboyama_2023_2LCL,RFAH_ECOLI,Prokaryote,Stability,contiguous_position,kermut,official_out_of_fold_predictions,ProteinGym_normalized_targets,0.7024304473878088,0.7342527256241969,0.5585479452296181,0.4675670412120174,0.1,0.3711340206185567,0.5434285315342193,1.2190557426855622,0.0,969
RL20_AQUAE_Tsuboyama_2023_1GYZ,RL20_AQUAE,Prokaryote,Stability,contiguous_position,kermut,official_out_of_fold_predictions,ProteinGym_normalized_targets,0.5824925513957104,0.713917995859029,0.5133777975435325,0.521023909978857,0.1,0.18584070796460178,-0.02802577533320246,0.5043382433370733,0.0827888967760371,1121
RL40A_YEAST_Mavor_2016,RL40A_YEAST,Eukaryote,OrganismalFitness,contiguous_position,kermut,official_out_of_fold_predictions,ProteinGym_normalized_targets,0.6202487809393169,0.8505681928207112,0.6579947445055626,0.328183522164993,0.1,0.15079365079365079,-0.016259025198412696,0.7092366291163726,0.9851131781664817,1253
RL40A_YEAST_Roscoe_2013,RL40A_YEAST,Eukaryote,OrganismalFitness,contiguous_position,kermut,official_out_of_fold_predictions,ProteinGym_normalized_targets,0.6960571528666689,0.8149214606814762,0.6165869531984102,0.3870449686990578,0.1,0.14166666666666666,-0.035255967953032104,0.6640941424771934,0.08695653278815055,1195
RL40A_YEAST_Roscoe_2014,RL40A_YEAST,Eukaryote,Activity,contiguous_position,kermut,official_out_of_fold_predictions,ProteinGym_normalized_targets,0.6045566544987555,0.7888196133116385,0.5638327250899333,0.3961609506159035,0.1,0.21014492753623187,1.0000137023043478,0.6422524953617482,0.3437639146074426,1380
RNC_ECOLI_Weeks_2023,RNC_ECOLI,Prokaryote,Activity,contiguous_position,kermut,official_out_of_fold_predictions,ProteinGym_normalized_targets,0.6916439806898628,0.715667342882637,0.5274787873655179,0.5389513438942772,0.1,0.17289719626168223,-0.0059733603294392515,0.5911304473581548,0.0,4277
RPC1_BP434_Tsuboyama_2023_1R69,RPC1_BP434,Virus,Stability,contiguous_position,kermut,official_out_of_fold_predictions,ProteinGym_normalized_targets,0.8555068200855824,0.5123295633067652,0.3851370051484875,0.7440051081035635,0.1,0.49557522123893805,0.18574800171660125,1.0693836237292735,0.17790219277013034,1124
RS15_GEOSE_Tsuboyama_2023_1A32,RS15_GEOSE,Prokaryote,Stability,contiguous_position,kermut,official_out_of_fold_predictions,ProteinGym_normalized_targets,0.7699304375110183,0.6039370587485688,0.4494752027331297,0.6663483007281682,0.1,0.30833333333333335,0.2767136340961758,0.8840789414257988,0.35625862864741753,1195
S22A1_HUMAN_Yee_2023_abundance,S22A1_HUMAN,Human,Expression,contiguous_position,kermut,official_out_of_fold_predictions,ProteinGym_normalized_targets,0.7080417322281721,0.7116497024085279,0.5433681429081613,0.5241085580878451,0.1,0.25076452599388377,0.26742233224260953,0.8124179821188118,0.32895848576931375,9803
S22A1_HUMAN_Yee_2023_activity,S22A1_HUMAN,Human,Activity,contiguous_position,kermut,official_out_of_fold_predictions,ProteinGym_normalized_targets,0.6925896115339015,0.6952937435299213,0.5526439780727501,0.5307451013688889,0.1,0.20495049504950494,0.39089268214455447,0.7697566090527871,0.41450573610881586,10094
SAV1_MOUSE_Tsuboyama_2023_2YSB,SAV1_MOUSE,Eukaryote,Stability,contiguous_position,kermut,official_out_of_fold_predictions,ProteinGym_normalized_targets,0.6882254042023707,0.7635464386878699,0.5622926331899263,0.5066377321479256,0.1,0.1323529411764706,-0.03617530227177056,0.7353750654571701,1.166422101346186,679
SBI_STAAM_Tsuboyama_2023_2JVG,SBI_STAAM,Prokaryote,Stability,contiguous_position,kermut,official_out_of_fold_predictions,ProteinGym_normalized_targets,0.7353434892490371,0.7078645664127915,0.5508915816913171,0.5277659658724826,0.1,0.30097087378640774,0.04095471556568113,0.9568956485320065,0.0,1025
SC6A4_HUMAN_Young_2021,SC6A4_HUMAN,Human,Activity,contiguous_position,kermut,official_out_of_fold_predictions,ProteinGym_normalized_targets,0.6126527182799965,0.8375411381408507,0.6368497901543367,0.3362749145793371,0.1,0.21502590673575128,0.4215701730354059,0.6866659168543097,0.0,11576
SCIN_STAAR_Tsuboyama_2023_2QFF,SCIN_STAAR,Prokaryote,Stability,contiguous_position,kermut,official_out_of_fold_predictions,ProteinGym_normalized_targets,0.707384766454586,0.6776239749525877,0.5101731182509901,0.5552129500172257,0.1,0.3442622950819672,0.16986759944181584,0.8565496953217971,0.855154746370281,1212
SDA_BACSU_Tsuboyama_2023_1PV0,SDA_BACSU,Prokaryote,Stability,contiguous_position,kermut,official_out_of_fold_predictions,ProteinGym_normalized_targets,0.8089503496224665,0.6830013740171437,0.4348832247532854,0.6406985779864381,0.1,0.4166666666666667,0.12494592088474965,0.8285212580599814,0.08539531406205708,834
SERC_HUMAN_Xie_2023,SERC_HUMAN,Human,OrganismalFitness,contiguous_position,kermut,official_out_of_fold_predictions,ProteinGym_normalized_targets,0.5915955667841744,0.719718082030903,0.5109481132084639,0.5086042172410195,0.1,0.21354166666666666,0.9777615899936816,0.5326083099534846,0.09793342982470633,1914
SHOC2_HUMAN_Kwon_2022,SHOC2_HUMAN,Human,OrganismalFitness,contiguous_position,kermut,official_out_of_fold_predictions,ProteinGym_normalized_targets,0.4638176480405781,0.89765713236485,0.6926718215707075,0.22087265729147532,0.1,0.16029143897996356,-0.0494135710301865,0.49398738445369317,5.148484916625974,10972
SOX30_HUMAN_Tsuboyama_2023_7JJK,SOX30_HUMAN,Human,Stability,contiguous_position,kermut,official_out_of_fold_predictions,ProteinGym_normalized_targets,0.6653456087095566,0.7208936643781613,0.518392062140396,0.49841177092870415,0.1,0.24752475247524752,0.12374861757937902,0.7406807515684579,0.740334740536587,1010
SPA_STAAU_Tsuboyama_2023_1LP1,SPA_STAAU,Prokaryote,Stability,contiguous_position,kermut,official_out_of_fold_predictions,ProteinGym_normalized_targets,0.6807992958779269,0.75718860673654,0.5947129958632561,0.47926142666548155,0.1,0.36538461538461536,0.19945503921803748,0.8751435519161002,0.5059445110695062,1035
SPG1_STRSG_Olson_2014,SPG1_STRSG,Prokaryote,Binding,contiguous_position,kermut,official_out_of_fold_predictions,ProteinGym_normalized_targets,0.5537816828625304,0.8879389793815649,0.685008559764469,0.33520822883674706,0.1,0.13333333333333333,0.5408425871414717,0.6467074229089127,0.3850334134030637,1045
SPG2_STRSG_Tsuboyama_2023_5UBS,SPG2_STRSG,Prokaryote,Stability,contiguous_position,kermut,official_out_of_fold_predictions,ProteinGym_normalized_targets,0.7936063372282753,0.5780862266896211,0.4186593785877551,0.675099231170116,0.1,0.4368932038834951,0.3329586815182342,0.9814292763310148,0.05139246379064546,1029
SPIKE_SARS2_Starr_2020_binding,SPIKE_SARS2,Virus,Binding,contiguous_position,kermut,official_out_of_fold_predictions,ProteinGym_normalized_targets,0.6947135396694627,0.7633292375096888,0.5245429461382956,0.4542686519715904,0.1,0.24671916010498687,-0.14506561679790028,0.6015966860872879,0.07799873053864753,3802
SPIKE_SARS2_Starr_2020_expression,SPIKE_SARS2,Virus,Expression,contiguous_position,kermut,official_out_of_fold_predictions,ProteinGym_normalized_targets,0.7789097149835791,0.6368822526996382,0.5104716964951342,0.6119843939197738,0.1,0.3526315789473684,-0.16784210526315785,0.8832686794377849,0.0,3798
SPTN1_CHICK_Tsuboyama_2023_1TUD,SPTN1_CHICK,Eukaryote,Stability,contiguous_position,kermut,official_out_of_fold_predictions,ProteinGym_normalized_targets,0.7824447268605826,0.6205797126522649,0.4888329869247383,0.6387664853024183,0.1,0.29245283018867924,-0.07146486494423931,0.9371008036390064,0.15968893265181863,1051
SQSTM_MOUSE_Tsuboyama_2023_2RRU,SQSTM_MOUSE,Eukaryote,Stability,contiguous_position,kermut,official_out_of_fold_predictions,ProteinGym_normalized_targets,0.8220755969786528,0.5931977658404675,0.485143362402051,0.6719609359029507,0.1,0.36619718309859156,-0.02025991954585405,1.1049071843133704,0.36630369013602415,707
SR43C_ARATH_Tsuboyama_2023_2N88,SR43C_ARATH,Eukaryote,Stability,contiguous_position,kermut,official_out_of_fold_predictions,ProteinGym_normalized_targets,0.8509286494821308,0.50834941213769,0.38796690452299215,0.7462417338536138,0.1,0.449438202247191,0.14346830510325903,1.040374243993584,0.0,889
SRBS1_HUMAN_Tsuboyama_2023_2O2W,SRBS1_HUMAN,Human,Stability,contiguous_position,kermut,official_out_of_fold_predictions,ProteinGym_normalized_targets,0.7924797719618818,0.609926742876522,0.46118457758814213,0.6500392525713639,0.1,0.30327868852459017,-0.013789782087111678,0.8333049514502959,0.0,1211
SRC_HUMAN_Ahler_2019,SRC_HUMAN,Human,Activity,contiguous_position,kermut,official_out_of_fold_predictions,ProteinGym_normalized_targets,0.6541694968391696,0.8318909663557171,0.6068862354739621,0.3484442838896098,0.1,0.22189349112426035,0.36936582530177514,0.8102848082417783,1.0812277526259402,3372
SRC_HUMAN_Chakraborty_2023_binding-DAS_25uM,SRC_HUMAN,Human,Activity,contiguous_position,kermut,official_out_of_fold_predictions,ProteinGym_normalized_targets,0.5448150093919282,0.9625989373588291,0.6385300355228759,0.17834264428253932,0.1,0.18406593406593408,0.451213240967033,0.607235134624964,1.166028142091228,3637
SRC_HUMAN_Nguyen_2022,SRC_HUMAN,Human,OrganismalFitness,contiguous_position,kermut,official_out_of_fold_predictions,ProteinGym_normalized_targets,0.5722407227695226,0.8743712804620959,0.6543941529548515,0.2606028185807495,0.1,0.18991097922848665,-0.05860004213972754,0.7107725746566343,0.0,3366
SUMO1_HUMAN_Weile_2017,SUMO1_HUMAN,Human,OrganismalFitness,contiguous_position,kermut,official_out_of_fold_predictions,ProteinGym_normalized_targets,0.6039359842644357,0.8292972180396021,0.6524948256335176,0.3592102960480962,0.1,0.1411764705882353,0.6727863377941177,0.6773532444642243,0.745066194941931,1700
SYUA_HUMAN_Newberry_2020,SYUA_HUMAN,Human,OrganismalFitness,contiguous_position,kermut,official_out_of_fold_predictions,ProteinGym_normalized_targets,0.5028583763162836,0.8548026827628544,0.5157915545773328,0.511920085432295,0.1,0.148,-0.009097171756603573,0.43071708131904785,0.17818964181797955,2497
TADBP_HUMAN_Bolognesi_2019,TADBP_HUMAN,Human,OrganismalFitness,contiguous_position,kermut,official_out_of_fold_predictions,ProteinGym_normalized_targets,0.6541480062788334,0.8158986046845852,0.5487443887012207,0.4984720455834072,0.1,0.6916666666666667,0.15034056661984213,1.5199569297948743,0.0,1196
TAT_HV1BR_Fernandes_2016,TAT_HV1BR,Virus,OrganismalFitness,contiguous_position,kermut,official_out_of_fold_predictions,ProteinGym_normalized_targets,0.5117332738337883,0.9432246464481514,0.699732690914775,0.26755693526482693,0.1,0.0759493670886076,-0.026435351701865582,0.4556865556786791,4.168469318466308,1577
TCRG1_MOUSE_Tsuboyama_2023_1E0L,TCRG1_MOUSE,Eukaryote,Stability,contiguous_position,kermut,official_out_of_fold_predictions,ProteinGym_normalized_targets,0.8399444401852596,0.5140121297783307,0.3839972496238325,0.7890056589037151,0.1,0.42857142857142855,-0.11319367860241626,0.9148118869538903,0.0,621
THO1_YEAST_Tsuboyama_2023_2WQG,THO1_YEAST,Eukaryote,Stability,contiguous_position,kermut,official_out_of_fold_predictions,ProteinGym_normalized_targets,0.7316785391528495,0.6619393615501583,0.5008318151121951,0.5793612123273175,0.1,0.3939393939393939,0.2465264781034591,1.0012901262460223,0.0,656
TNKS2_HUMAN_Tsuboyama_2023_5JRT,TNKS2_HUMAN,Human,Stability,contiguous_position,kermut,official_out_of_fold_predictions,ProteinGym_normalized_targets,0.7884387231026241,0.5962002368962208,0.44243484665921284,0.6493930374750099,0.1,0.375,-0.0009035431774310497,1.0182999707304778,0.099902578125427,1118
TPK1_HUMAN_Weile_2017,TPK1_HUMAN,Human,OrganismalFitness,contiguous_position,kermut,official_out_of_fold_predictions,ProteinGym_normalized_targets,0.32117855959383995,0.9651229803849802,0.7718629773129552,0.07006736094849797,0.1,0.12539184952978055,0.6480558891504702,0.42885009925539674,0.7307896644648775,3181
TPMT_HUMAN_Matreyek_2018,TPMT_HUMAN,Human,Expression,contiguous_position,kermut,official_out_of_fold_predictions,ProteinGym_normalized_targets,0.6273482504699415,0.7666122570831776,0.5799539310376198,0.45042791738416876,0.1,0.1863013698630137,0.9644079631835616,0.5759645767420438,0.0,3648
TPOR_HUMAN_Bridgford_2020,TPOR_HUMAN,Human,OrganismalFitness,contiguous_position,kermut,official_out_of_fold_predictions,ProteinGym_normalized_targets,0.47594313013054607,0.9254467278927719,0.7066150390025979,0.18175281592269876,0.1,0.22807017543859648,-0.08126140922425124,0.6914066339697582,0.0,562
TRPC_SACS2_Chan_2017,TRPC_SACS2,Prokaryote,OrganismalFitness,contiguous_position,kermut,official_out_of_fold_predictions,ProteinGym_normalized_targets,0.690399069531578,0.7108359759397497,0.5489602039639697,0.5043194722437346,0.1,0.5197368421052632,0.31008066939473683,1.4080334148484392,0.5452768747530855,1519
TRPC_THEMA_Chan_2017,TRPC_THEMA,Prokaryote,OrganismalFitness,contiguous_position,kermut,official_out_of_fold_predictions,ProteinGym_normalized_targets,0.5245394555800911,0.860459973478268,0.6566454213587821,0.28387761549912427,0.1,0.3881578947368421,0.07155512942763158,1.2518258275309009,0.8271724400148858,1519
UBC9_HUMAN_Weile_2017,UBC9_HUMAN,Human,OrganismalFitness,contiguous_position,kermut,official_out_of_fold_predictions,ProteinGym_normalized_targets,0.49226712509157333,0.9115492987907706,0.6827688610802068,0.20069818050926258,0.1,0.15953307392996108,0.735083435836576,0.5782941852572846,0.0,2563
UBE4B_HUMAN_Tsuboyama_2023_3L1X,UBE4B_HUMAN,Human,Stability,contiguous_position,kermut,official_out_of_fold_predictions,ProteinGym_normalized_targets,0.8182239567996745,0.6009063411642012,0.4641458033896333,0.6647713793480389,0.1,0.35714285714285715,0.04090590316299864,1.0598436485764708,0.0,1118
UBE4B_MOUSE_Starita_2013,UBE4B_MOUSE,Eukaryote,Activity,contiguous_position,kermut,official_out_of_fold_predictions,ProteinGym_normalized_targets,0.5144573210530555,0.9210449870722173,0.6725013748879867,0.2184982322777952,0.1,0.12222222222222222,-0.07793213411111112,0.42539472919536764,2.67215703493805,899
UBR5_HUMAN_Tsuboyama_2023_1I2T,UBR5_HUMAN,Human,Stability,contiguous_position,kermut,official_out_of_fold_predictions,ProteinGym_normalized_targets,0.6681785137000851,0.6415228925978621,0.4857612689637112,0.5995814724961666,0.1,0.2,0.023376313421674334,0.6013374721092505,0.29292633134933044,1094
VG08_BPP22_Tsuboyama_2023_2GP8,VG08_BPP22,Virus,Stability,contiguous_position,kermut,official_out_of_fold_predictions,ProteinGym_normalized_targets,0.8525358919796503,0.6014555511528054,0.40345216848921167,0.6965438937353933,0.1,0.4520547945205479,0.22027808856899578,1.0435755461517728,0.0,723
VILI_CHICK_Tsuboyama_2023_1YU5,VILI_CHICK,Eukaryote,Stability,contiguous_position,kermut,official_out_of_fold_predictions,ProteinGym_normalized_targets,0.7967206862139635,0.6198165492321719,0.44891787311318887,0.6373077639683336,0.1,0.36363636363636365,0.08597519598920386,0.9784398903896602,0.0,1202
VKOR1_HUMAN_Chiasson_2020_abundance,VKOR1_HUMAN,Human,Expression,contiguous_position,kermut,official_out_of_fold_predictions,ProteinGym_normalized_targets,0.6713626488835938,0.7230227056747737,0.5598008908268423,0.48347223794331695,0.1,0.3333333333333333,0.9881096542533315,0.8871032916943808,0.0,2695
VKOR1_HUMAN_Chiasson_2020_activity,VKOR1_HUMAN,Human,Activity,contiguous_position,kermut,official_out_of_fold_predictions,ProteinGym_normalized_targets,0.4252667878386119,0.9012753369030712,0.7032807025903013,0.20951602840184747,0.1,0.21428571428571427,0.90724423132723,0.4105853744499034,0.0,697
VRPI_BPT7_Tsuboyama_2023_2WNM,VRPI_BPT7,Virus,Stability,contiguous_position,kermut,official_out_of_fold_predictions,ProteinGym_normalized_targets,0.8384878602295668,0.47508981558935237,0.3672396496484241,0.7785448555928286,0.1,0.4380952380952381,0.2573143497345461,1.0053171270052979,0.220891906072008,1047
YAIA_ECOLI_Tsuboyama_2023_2KVT,YAIA_ECOLI,Prokaryote,Stability,contiguous_position,kermut,official_out_of_fold_predictions,ProteinGym_normalized_targets,0.7523053792843981,0.6460959499991602,0.4975052410962015,0.608878968761462,0.1,0.3655913978494624,-0.023859400602204643,0.9149093998581164,0.02456909868091525,928
YNZC_BACSU_Tsuboyama_2023_2JVD,YNZC_BACSU,Prokaryote,Stability,contiguous_position,kermut,official_out_of_fold_predictions,ProteinGym_normalized_targets,0.8006587752648308,0.5674255700900517,0.4212539590698039,0.7121115571899947,0.1,0.4166666666666667,0.14025148508850585,0.9313145000341334,0.15611110018548502,714
A0A140D2T1_ZIKV_Sourisseau_2019,A0A140D2T1_ZIKV,Virus,OrganismalFitness,modulo_position,kermut,official_out_of_fold_predictions,ProteinGym_normalized_targets,0.41849534455387005,0.9578019861689981,0.43377360309458113,0.10680514877729075,0.1,0.29958246346555323,0.5314011649768392,0.7768913162618064,0.0,9576
A0A192B1T2_9HIV1_Haddox_2018,A0A192B1T2_9HIV1,Virus,OrganismalFitness,modulo_position,kermut,official_out_of_fold_predictions,ProteinGym_normalized_targets,0.6215117777575214,0.791657502145652,0.6209205479673938,0.37675308286069087,0.1,0.3275039745627981,-0.3494750172162162,1.0687073515013434,0.0,12577
A0A1I9GEU1_NEIME_Kennouche_2019,A0A1I9GEU1_NEIME,Prokaryote,Activity,modulo_position,kermut,official_out_of_fold_predictions,ProteinGym_normalized_targets,0.05054861591756768,1.0113486981088482,0.7433933338104772,-0.015457504059752436,0.1,0.06451612903225806,-0.08611827956989253,-0.057787113117476765,2.5277259703328125,922
A0A247D711_LISMN_Stadelmann_2021,A0A247D711_LISMN,Prokaryote,Activity,modulo_position,kermut,official_out_of_fold_predictions,ProteinGym_normalized_targets,0.5357645917259454,0.8233634264967497,0.5811746240269027,0.33995267890853365,0.1,0.1686746987951807,0.21259649151389362,0.5381641968934262,0.0,1653
A0A2Z5U3Z0_9INFA_Doud_2016,A0A2Z5U3Z0_9INFA,Virus,OrganismalFitness,modulo_position,kermut,official_out_of_fold_predictions,ProteinGym_normalized_targets,0.7079179777766905,0.7115623341153193,0.5632685744415193,0.4940561273700933,0.1,0.38526119402985076,-0.526145858443097,1.232286162732257,0.0,10715
A0A2Z5U3Z0_9INFA_Wu_2014,A0A2Z5U3Z0_9INFA,Virus,OrganismalFitness,modulo_position,kermut,official_out_of_fold_predictions,ProteinGym_normalized_targets,0.49524571093024033,0.9858099172007687,0.4345570963106085,0.0643897082786512,0.1,0.25957446808510637,0.8482684162468086,0.45506036924435517,8.87693850755473,2350
A4D664_9INFA_Soh_2019,A4D664_9INFA,Virus,OrganismalFitness,modulo_position,kermut,official_out_of_fold_predictions,ProteinGym_normalized_targets,0.5378849064031547,0.9078539691202477,0.5724302582888904,0.21174279878545765,0.1,0.3374913374913375,0.8141552163397877,1.0221907010393922,0.0,14421
A4GRB6_PSEAI_Chen_2020,A4GRB6_PSEAI,Prokaryote,OrganismalFitness,modulo_position,kermut,official_out_of_fold_predictions,ProteinGym_normalized_targets,0.8311068922665645,0.5264897402348503,0.4080409834564149,0.7237324547433586,0.1,0.29740518962075846,0.1364360014854642,0.9855927672616428,0.0,5004
A4_HUMAN_Seuma_2022,A4_HUMAN,Human,Stability,modulo_position,kermut,official_out_of_fold_predictions,ProteinGym_normalized_targets,0.6560830477521957,0.7599355768727877,0.5851682370536432,0.4331864951324943,0.1,0.25,0.25106881041130114,0.7838974992832534,0.5777322346882161,796
AACC1_PSEAI_Dandage_2018,AACC1_PSEAI,Prokaryote,OrganismalFitness,modulo_position,kermut,official_out_of_fold_predictions,ProteinGym_normalized_targets,0.5682679067021936,0.8447893985213489,0.6565593026723664,0.2964094579512817,0.1,0.3314917127071823,2.3546693450894476,0.7937846105663907,0.166289585217656,1801
ACE2_HUMAN_Chan_2020,ACE2_HUMAN,Human,Binding,modulo_position,kermut,official_out_of_fold_predictions,ProteinGym_normalized_targets,0.48245562803739084,0.8693473206530926,0.6350806444017544,0.25946672091300904,0.1,0.3004484304932735,0.5737068223183857,0.8692802923744581,0.17155648703378218,2223
ADRB2_HUMAN_Jones_2020,ADRB2_HUMAN,Human,Activity,modulo_position,kermut,official_out_of_fold_predictions,ProteinGym_normalized_targets,0.5867828395174111,0.8359842259703713,0.6139830847993052,0.3023491530229322,0.1,0.24102564102564103,2.444811343654609,0.681251573175253,0.0991047999714108,7800
AMFR_HUMAN_Tsuboyama_2023_4G3O,AMFR_HUMAN,Human,Stability,modulo_position,kermut,official_out_of_fold_predictions,ProteinGym_normalized_targets,0.8677471444709494,0.5096409723611168,0.39460640298308536,0.7454844090489482,0.1,0.573170731707317,0.3175504645370679,1.059305597971083,0.1489896801764587,820
AMIE_PSEAE_Wrenbeck_2017,AMIE_PSEAE,Prokaryote,Activity,modulo_position,kermut,official_out_of_fold_predictions,ProteinGym_normalized_targets,0.7147667054715299,0.7307512594741808,0.5318305230855227,0.46722566310341407,0.1,0.3595505617977528,0.045985874799357944,0.9064960679175883,0.06207956832831651,6227
ANCSZ_Hobbs_2022,ANCSZ,Eukaryote,Activity,modulo_position,kermut,official_out_of_fold_predictions,ProteinGym_normalized_targets,0.6636509816660122,0.6663539624629029,0.48369626775012636,0.5611558044134283,0.1,0.31049250535331907,0.03392701043661041,0.7705770374214471,0.22813051586152647,4670
ARGR_ECOLI_Tsuboyama_2023_1AOY,ARGR_ECOLI,Prokaryote,Stability,modulo_position,kermut,official_out_of_fold_predictions,ProteinGym_normalized_targets,0.7924701180668454,0.5535333293420102,0.400304524469969,0.7004458247058426,0.1,0.2868217054263566,0.005567355878793259,0.8029281762482372,0.47561326182821057,1287
BBC1_YEAST_Tsuboyama_2023_1TG0,BBC1_YEAST,Eukaryote,Stability,modulo_position,kermut,official_out_of_fold_predictions,ProteinGym_normalized_targets,0.8229797487221333,0.582961285907314,0.44429923242035974,0.6706110347348309,0.1,0.44954128440366975,0.47292701302891205,1.1590394206589816,0.0,1084
BCHB_CHLTE_Tsuboyama_2023_2KRU,BCHB_CHLTE,Prokaryote,Stability,modulo_position,kermut,official_out_of_fold_predictions,ProteinGym_normalized_targets,0.7593971335809786,0.6247770147090562,0.4626445134053933,0.6308423209581131,0.1,0.4157303370786517,0.23698173971036024,0.8893297814183624,0.0,890
BLAT_ECOLX_Deng_2012,BLAT_ECOLX,Prokaryote,OrganismalFitness,modulo_position,kermut,official_out_of_fold_predictions,ProteinGym_normalized_targets,0.5928182032308429,0.8058848358284116,0.6445407236917534,0.35590098396025616,0.1,0.374,-1.0811213452219999,1.0729347486555205,0.2140910751496931,4996
BLAT_ECOLX_Firnberg_2014,BLAT_ECOLX,Prokaryote,OrganismalFitness,modulo_position,kermut,official_out_of_fold_predictions,ProteinGym_normalized_targets,0.8358519844572703,0.5785451005743022,0.44385340346847996,0.6668423210746788,0.1,0.4175365344467641,1.0873390396659708,1.2869912188823276,2.6722746221161278,4783
BLAT_ECOLX_Jacquier_2013,BLAT_ECOLX,Prokaryote,OrganismalFitness,modulo_position,kermut,official_out_of_fold_predictions,ProteinGym_normalized_targets,0.7447686324239722,0.6083843876773423,0.4563771823302832,0.6324927075769425,0.1,0.2828282828282828,-0.11069749024242424,0.7416553418273929,0.2562038999457509,989
BLAT_ECOLX_Stiffler_2015,BLAT_ECOLX,Prokaryote,OrganismalFitness,modulo_position,kermut,official_out_of_fold_predictions,ProteinGym_normalized_targets,0.826418755987624,0.573366205736119,0.44526121074146724,0.6731070311003817,0.1,0.378,-0.04573821462599999,1.0506391923133664,0.006269734821073218,4996
BRCA1_HUMAN_Findlay_2018,BRCA1_HUMAN,Human,OrganismalFitness,modulo_position,kermut,official_out_of_fold_predictions,ProteinGym_normalized_targets,0.6194502427551276,0.7400422442267298,0.5495770378292922,0.46077295877923696,0.1,0.19021739130434784,-0.023018950163043478,0.647746890695005,0.6247758985100972,1837
C6KNH7_9INFA_Lee_2018,C6KNH7_9INFA,Virus,OrganismalFitness,modulo_position,kermut,official_out_of_fold_predictions,ProteinGym_normalized_targets,0.7023207067397423,0.7144676478228762,0.5590203622711056,0.4906938543335494,0.1,0.42193308550185876,-0.31380238702100427,1.248548143533301,0.0,10754
CALM1_HUMAN_Weile_2017,CALM1_HUMAN,Human,OrganismalFitness,modulo_position,kermut,official_out_of_fold_predictions,ProteinGym_normalized_targets,0.19343611069257716,0.9858282103729084,0.774752689699379,0.03490025997494961,0.1,0.054945054945054944,0.8198856124175825,0.2134454750942938,0.20405857366868582,1813
CAPSD_AAV2S_Sinai_2021,CAPSD_AAV2S,Virus,OrganismalFitness,modulo_position,kermut,official_out_of_fold_predictions,ProteinGym_normalized_targets,0.6183673161980858,0.7736434405668164,0.6236505645273309,0.4361740406196497,0.1,0.5370370370370371,1.9837703887202254,1.3117026180904554,0.0,532
CAR11_HUMAN_Meitlis_2020_gof,CAR11_HUMAN,Human,OrganismalFitness,modulo_position,kermut,official_out_of_fold_predictions,ProteinGym_normalized_targets,0.555484722572025,0.8865412933568382,0.5678987217672199,0.23295097826815203,0.1,0.36554621848739494,0.22425577203011204,0.9065252969495278,2.1342774264425346,2374
CAR11_HUMAN_Meitlis_2020_lof,CAR11_HUMAN,Human,OrganismalFitness,modulo_position,kermut,official_out_of_fold_predictions,ProteinGym_normalized_targets,0.7202797580908262,0.7017876795110272,0.517871801851954,0.5106666135601442,0.1,0.325,0.02482526082118056,0.9573868888482611,0.0,2395
CAS9_STRP1_Spencer_2017_positive,CAS9_STRP1,Prokaryote,Activity,modulo_position,kermut,official_out_of_fold_predictions,ProteinGym_normalized_targets,0.23628114267986258,0.9794809366519275,0.6547706010233808,0.04124662091094233,0.1,0.11206896551724138,-0.13975287854541793,0.18212552454817732,0.6051308848673838,8117
CASP3_HUMAN_Roychowdhury_2020,CASP3_HUMAN,Human,Activity,modulo_position,kermut,official_out_of_fold_predictions,ProteinGym_normalized_targets,0.7106133943282366,0.714090316154142,0.5397012789897894,0.4920187879876715,0.1,0.31210191082802546,0.5455183757301729,0.878823324556153,0.659635453644061,1567
CASP7_HUMAN_Roychowdhury_2020,CASP7_HUMAN,Human,Activity,modulo_position,kermut,official_out_of_fold_predictions,ProteinGym_normalized_targets,0.6765601861597679,0.7651215328532337,0.5759511147799643,0.4167289103074372,0.1,0.25,0.255349998944149,0.7829851074144087,3.7495179075810556,1680
CATR_CHLRE_Tsuboyama_2023_2AMI,CATR_CHLRE,Eukaryote,Stability,modulo_position,kermut,official_out_of_fold_predictions,ProteinGym_normalized_targets,0.8039914406644644,0.5499250844455886,0.4161264890163657,0.7017805597932988,0.1,0.44776119402985076,0.43580281156527473,1.0429544871392467,0.00934513196012491,1340
CBPA2_HUMAN_Tsuboyama_2023_1O6X,CBPA2_HUMAN,Human,Stability,modulo_position,kermut,official_out_of_fold_predictions,ProteinGym_normalized_targets,0.7774111486524029,0.48840237467475056,0.3640751200903095,0.7648142226431484,0.1,0.29411764705882354,0.05495042607269882,0.7451020799129275,0.04814547155301205,1357
CBS_HUMAN_Sun_2020,CBS_HUMAN,Human,OrganismalFitness,modulo_position,kermut,official_out_of_fold_predictions,ProteinGym_normalized_targets,0.45068397057255205,0.8911837960878279,0.7264494219355411,0.20624871415879464,0.1,0.16759002770083103,0.7337225701638073,0.5910608145974695,0.9458395768140391,7217
CBX4_HUMAN_Tsuboyama_2023_2K28,CBX4_HUMAN,Human,Stability,modulo_position,kermut,official_out_of_fold_predictions,ProteinGym_normalized_targets,0.8107745981822176,0.568916183325226,0.4358574524093129,0.6859550851590238,0.1,0.40217391304347827,0.16555676149489387,0.984004964868596,0.6038163213939677,917
CCDB_ECOLI_Adkar_2012,CCDB_ECOLI,Prokaryote,Activity,modulo_position,kermut,official_out_of_fold_predictions,ProteinGym_normalized_targets,0.6392740611645337,0.7655058065685885,0.5932170766043707,0.4335667378957484,0.1,0.19491525423728814,-8.771186440677965,0.7719216964254951,0.0,1176
CCR5_HUMAN_Gill_2023,CCR5_HUMAN,Human,Binding,modulo_position,kermut,official_out_of_fold_predictions,ProteinGym_normalized_targets,0.4666262044073169,0.8790555474137502,0.6226577007385841,0.22775386693744315,0.1,0.2263843648208469,0.1541897394136808,0.5454607511033879,2.8036812167954626,6137
CD19_HUMAN_Klesmith_2019_FMC_singles,CD19_HUMAN,Human,Binding,modulo_position,kermut,official_out_of_fold_predictions,ProteinGym_normalized_targets,0.4952714720594863,0.8469340329019422,0.638072531373523,0.290077376703614,0.1,0.4244031830238727,1.7488570102640824,1.1149765659416357,0.0,3761
CP2C9_HUMAN_Amorosi_2021_abundance,CP2C9_HUMAN,Human,Expression,modulo_position,kermut,official_out_of_fold_predictions,ProteinGym_normalized_targets,0.7662955640303728,0.5961974857298216,0.46537282924169227,0.6457009301521754,0.1,0.30612244897959184,0.9794129821004709,0.8945791497448866,0.45421501338448794,6370
CP2C9_HUMAN_Amorosi_2021_activity,CP2C9_HUMAN,Human,Binding,modulo_position,kermut,official_out_of_fold_predictions,ProteinGym_normalized_targets,0.8127293736829639,0.59770356288088,0.46688469117999754,0.6437253542564967,0.1,0.4032520325203252,0.977851776598374,1.1984029386190955,0.06515785859417601,6142
CSN4_MOUSE_Tsuboyama_2023_1UFM,CSN4_MOUSE,Eukaryote,Stability,modulo_position,kermut,official_out_of_fold_predictions,ProteinGym_normalized_targets,0.833476759604888,0.5238811096475874,0.3992677161401552,0.7305409303295862,0.1,0.4117647058823529,0.2090941931532161,0.9648067874585992,0.03537077477232761,1353
CUE1_YEAST_Tsuboyama_2023_2MYX,CUE1_YEAST,Eukaryote,Stability,modulo_position,kermut,official_out_of_fold_predictions,ProteinGym_normalized_targets,0.7656323455803243,0.6439890089668879,0.49708543924339266,0.6080304519442155,0.1,0.4583333333333333,0.06906885602589911,1.1313306783977866,0.3837974087270067,955
D7PM05_CLYGR_Somermeyer_2022,D7PM05_CLYGR,Eukaryote,Activity,modulo_position,kermut,official_out_of_fold_predictions,ProteinGym_normalized_targets,0.7008352815831279,0.7463271733462301,0.5812639743732677,0.4440572102081618,0.1,0.3076923076923077,30608.06509226714,0.7882402532906929,0.2796805597462066,1169
DLG4_HUMAN_Faure_2021,DLG4_HUMAN,Human,OrganismalFitness,modulo_position,kermut,official_out_of_fold_predictions,ProteinGym_normalized_targets,0.6601416496488028,0.7508138980952557,0.5909942920226875,0.4378416538830241,0.1,0.3046875,-0.04638624826771057,0.8177879177960162,0.0,1280
DLG4_RAT_McLaughlin_2012,DLG4_RAT,Eukaryote,Binding,modulo_position,kermut,official_out_of_fold_predictions,ProteinGym_normalized_targets,0.6336159352893391,0.7882862207109836,0.5602112284637056,0.39777437683223615,0.1,0.14556962025316456,0.04665541772151899,0.5379894172067944,0.2504867236371331,1576
DN7A_SACS2_Tsuboyama_2023_1JIC,DN7A_SACS2,Prokaryote,Stability,modulo_position,kermut,official_out_of_fold_predictions,ProteinGym_normalized_targets,0.7518858855911774,0.5968381504019431,0.4295419059407738,0.6667448314168284,0.1,0.3465346534653465,-0.03728985893928267,0.7222495403691817,0.024212085258375936,1008
DNJA1_HUMAN_Tsuboyama_2023_2LO1,DNJA1_HUMAN,Human,Stability,modulo_position,kermut,official_out_of_fold_predictions,ProteinGym_normalized_targets,0.8211841411175769,0.47452742917741725,0.36137782114876643,0.7808731726334963,0.1,0.38524590163934425,0.028070410017769526,0.8609881755165142,0.21508002957605613,1216
DOCK1_MOUSE_Tsuboyama_2023_2M0Y,DOCK1_MOUSE,Eukaryote,Stability,modulo_position,kermut,official_out_of_fold_predictions,ProteinGym_normalized_targets,0.7536323381934481,0.6872556217481632,0.5085071807766859,0.538210153468657,0.1,0.4262295081967213,0.4356343473563294,1.1314398307049798,0.0,1213
DYR_ECOLI_Nguyen_2023,DYR_ECOLI,Prokaryote,OrganismalFitness,modulo_position,kermut,official_out_of_fold_predictions,ProteinGym_normalized_targets,0.553710144928801,0.7092989559447408,0.46978652213336763,0.5032129709581323,0.1,0.1815068493150685,0.9994178082191782,0.47444825987623535,0.20980406663246157,2916
DYR_ECOLI_Thompson_2019,DYR_ECOLI,Prokaryote,OrganismalFitness,modulo_position,kermut,official_out_of_fold_predictions,ProteinGym_normalized_targets,0.5473088299787876,0.8044249518685697,0.5786693338636111,0.36670390820988885,0.1,0.15611814345991562,0.00176188185654008,0.5291136254520434,1.6707854367575385,2363
ENVZ_ECOLI_Ghose_2023,ENVZ_ECOLI,Prokaryote,Activity,modulo_position,kermut,official_out_of_fold_predictions,ProteinGym_normalized_targets,0.23464757916410153,0.9526510816012762,0.7796507554562088,0.09847533092404082,0.1,0.11504424778761062,3.5073281238919805,0.3534143946041784,0.0,1121
ENV_HV1BR_Haddox_2016,ENV_HV1BR,Virus,OrganismalFitness,modulo_position,kermut,official_out_of_fold_predictions,ProteinGym_normalized_targets,0.3547915061156315,0.965655862011198,0.5518471838732658,0.06895484310701949,0.1,0.2191142191142191,0.07638190516745529,0.5096137837139934,0.0,12863
EPHB2_HUMAN_Tsuboyama_2023_1F0M,EPHB2_HUMAN,Human,Stability,modulo_position,kermut,official_out_of_fold_predictions,ProteinGym_normalized_targets,0.8180084004443121,0.4591986973000984,0.3577424623754399,0.7955266788782749,0.1,0.33064516129032256,0.06708584042383262,0.8579594262711806,0.0,1239
ESTA_BACSU_Nutschel_2020,ESTA_BACSU,Prokaryote,Stability,modulo_position,kermut,official_out_of_fold_predictions,ProteinGym_normalized_targets,0.6005967679295627,0.8157232631311883,0.6335185364847099,0.3384856129891508,0.1,0.41743119266055045,48.44908256880735,0.9709739383161773,0.8252761693319279,2172
FECA_ECOLI_Tsuboyama_2023_2D1U,FECA_ECOLI,Prokaryote,Stability,modulo_position,kermut,official_out_of_fold_predictions,ProteinGym_normalized_targets,0.8245472467654873,0.6077622745866851,0.46260795674380634,0.6403997726522678,0.1,0.4918032786885246,0.424595364806984,1.2133668733194258,0.0,1219
FKBP3_HUMAN_Tsuboyama_2023_2KFV,FKBP3_HUMAN,Human,Stability,modulo_position,kermut,official_out_of_fold_predictions,ProteinGym_normalized_targets,0.6877967234856163,0.7078957107964573,0.5387862143012935,0.5216092581023437,0.1,0.18548387096774194,0.1488918509229522,0.6881767229454029,1.1532239084015192,1237
GAL4_YEAST_Kitzman_2015,GAL4_YEAST,Eukaryote,OrganismalFitness,modulo_position,kermut,official_out_of_fold_predictions,ProteinGym_normalized_targets,0.671250651016752,0.7890535726550276,0.6449673298521339,0.3843895198596441,0.1,0.2833333333333333,0.1990833333333333,0.9663071649688891,0.2135338381571789,1195
GDIA_HUMAN_Silverstein_2021,GDIA_HUMAN,Human,OrganismalFitness,modulo_position,kermut,official_out_of_fold_predictions,ProteinGym_normalized_targets,0.5180332190887855,0.8117216784061781,0.6290213896636915,0.34870458856329023,0.1,0.16379310344827586,0.8919708471206895,0.5962310841682666,0.00125787754046669,1154
GFP_AEQVI_Sarkisyan_2016,GFP_AEQVI,Eukaryote,Activity,modulo_position,kermut,official_out_of_fold_predictions,ProteinGym_normalized_targets,0.496629389019422,0.8100832745862654,0.5344818937651015,0.3486329976719018,0.1,0.1743119266055046,3.6774587169171555,0.39353009849842685,0.19497568032238127,1084
GRB2_HUMAN_Faure_2021,GRB2_HUMAN,Human,OrganismalFitness,modulo_position,kermut,official_out_of_fold_predictions,ProteinGym_normalized_targets,0.8213542398090604,0.5512004534728266,0.41867491961586073,0.703813410114227,0.1,0.3269230769230769,0.004031250535435047,0.9585209065721602,0.0,1034
HCP_LAMBD_Tsuboyama_2023_2L6Q,HCP_LAMBD,Virus,Stability,modulo_position,kermut,official_out_of_fold_predictions,ProteinGym_normalized_targets,0.825915647538079,0.48344001495727446,0.35590860177160577,0.7735318899780157,0.1,0.33653846153846156,0.1534547120700034,0.8967642888725689,0.0,1040
HECD1_HUMAN_Tsuboyama_2023_3DKM,HECD1_HUMAN,Human,Stability,modulo_position,kermut,official_out_of_fold_predictions,ProteinGym_normalized_targets,0.8299611921986462,0.5760493246338177,0.4451237491586978,0.6748347303083201,0.1,0.456,0.18712605045456313,1.0971992214440613,0.2440040388710238,1244
HEM3_HUMAN_Loggerenberg_2023,HEM3_HUMAN,Human,Activity,modulo_position,kermut,official_out_of_fold_predictions,ProteinGym_normalized_targets,0.49444091635228826,0.8663964046883541,0.6973000525798471,0.24979211138898538,0.1,0.15114235500878734,0.8304419187574693,0.5893305735417771,0.742327327876185,5689
HMDH_HUMAN_Jiang_2019,HMDH_HUMAN,Human,OrganismalFitness,modulo_position,kermut,official_out_of_fold_predictions,ProteinGym_normalized_targets,0.6599678633087193,0.7403578129988797,0.5813653937459395,0.45199011112365006,0.1,0.2775800711743772,0.7008690391459074,0.8367855801376071,0.0,16853
HSP82_YEAST_Cote-Hammarlof_2020_growth-H2O2,HSP82_YEAST,Eukaryote,OrganismalFitness,modulo_position,kermut,official_out_of_fold_predictions,ProteinGym_normalized_targets,0.45037828827905574,0.9347504165540816,0.5877732025363456,0.18744387237960036,0.1,0.2079646017699115,-0.0010096988274336273,0.45907154259960126,0.0,2252
HSP82_YEAST_Flynn_2019,HSP82_YEAST,Eukaryote,OrganismalFitness,modulo_position,kermut,official_out_of_fold_predictions,ProteinGym_normalized_targets,0.5176532402318377,0.7563848309355246,0.5592329294258884,0.42819195301851776,0.1,0.19849624060150375,0.032602223940357306,0.5789086860915001,0.0,13294
HSP82_YEAST_Mishra_2016,HSP82_YEAST,Eukaryote,OrganismalFitness,modulo_position,kermut,official_out_of_fold_predictions,ProteinGym_normalized_targets,0.6024867493581848,0.6566871453500347,0.45999218808288733,0.5756926329946697,0.1,0.20554272517321015,-0.006716422681293303,0.5144877292526233,0.5064883457412193,4323
HXK4_HUMAN_Gersing_2022_activity,HXK4_HUMAN,Human,OrganismalFitness,modulo_position,kermut,official_out_of_fold_predictions,ProteinGym_normalized_targets,0.6495635129639429,0.8036847209207463,0.5791563374517481,0.3567172122637623,0.1,0.3570595099183197,1.4602732491085182,1.0503023134834624,0.0,8570
HXK4_HUMAN_Gersing_2023_abundance,HXK4_HUMAN,Human,Expression,modulo_position,kermut,official_out_of_fold_predictions,ProteinGym_normalized_targets,0.5716855925415485,0.7684698451271608,0.5916432546259851,0.41071604974362896,0.1,0.24761904761904763,0.9360713193034748,0.6835699347106824,0.17695703229819415,8396
I6TAH8_I68A0_Doud_2015,I6TAH8_I68A0,Virus,OrganismalFitness,modulo_position,kermut,official_out_of_fold_predictions,ProteinGym_normalized_targets,0.4867686078605712,0.8715152649961291,0.6695776478196633,0.24189373673368642,0.1,0.3400211193241816,-1.070102760276379,0.999288226773505,0.29843915665535586,9462
IF1_ECOLI_Kelsic_2016,IF1_ECOLI,Prokaryote,OrganismalFitness,modulo_position,kermut,official_out_of_fold_predictions,ProteinGym_normalized_targets,0.5644430122505836,0.7885059771701433,0.5729017017976006,0.39200874064453517,0.1,0.2773722627737226,0.9607165449854015,0.5887116725292738,0.0,1367
ILF3_HUMAN_Tsuboyama_2023_2L33,ILF3_HUMAN,Human,Stability,modulo_position,kermut,official_out_of_fold_predictions,ProteinGym_normalized_targets,0.6488003593661463,0.6714714764463993,0.47383339973482325,0.5790599000646922,0.1,0.38345864661654133,0.3425450255716462,0.8221070235692429,0.15250216591370425,1329
ISDH_STAAW_Tsuboyama_2023_2LHR,ISDH_STAAW,Prokaryote,Stability,modulo_position,kermut,official_out_of_fold_predictions,ProteinGym_normalized_targets,0.7828706836375883,0.60681323413013,0.45121617502936173,0.638472500440892,0.1,0.44680851063829785,0.08149772048523192,0.9723675585575855,0.19384176593913377,940
KCNE1_HUMAN_Muhammad_2023_expression,KCNE1_HUMAN,Human,Expression,modulo_position,kermut,official_out_of_fold_predictions,ProteinGym_normalized_targets,0.5835682477440431,0.8087086372285961,0.5634476241579478,0.35370450731127,0.1,0.4700854700854701,1.3714850004358976,1.0865027102273568,0.03431000063468231,2339
KCNE1_HUMAN_Muhammad_2023_function,KCNE1_HUMAN,Human,Activity,modulo_position,kermut,official_out_of_fold_predictions,ProteinGym_normalized_targets,0.68955031234995,0.6853324242532501,0.5319223058662592,0.5319499534940737,0.1,0.33189655172413796,1.1058511458232758,0.8648174765019698,0.08251328190978674,2315
KCNJ2_MOUSE_Coyote-Maestas_2022_function,KCNJ2_MOUSE,Eukaryote,Activity,modulo_position,kermut,official_out_of_fold_predictions,ProteinGym_normalized_targets,0.4580304809018547,0.9137083439804637,0.6714128838196467,0.16611887014860938,0.1,0.17790530846484937,0.32339355957532284,0.5254518559922815,0.7540013382029682,6963
KCNJ2_MOUSE_Coyote-Maestas_2022_surface,KCNJ2_MOUSE,Eukaryote,Expression,modulo_position,kermut,official_out_of_fold_predictions,ProteinGym_normalized_targets,0.506681095399522,0.7691728309147122,0.5847811088355718,0.4092753765580328,0.1,0.22109826589595374,0.5071300346907514,0.5873697636642463,0.4990484518422911,6917
KKA2_KLEPN_Melnikov_2014,KKA2_KLEPN,Prokaryote,OrganismalFitness,modulo_position,kermut,official_out_of_fold_predictions,ProteinGym_normalized_targets,0.741270881328877,0.7151621090239125,0.5418103977002082,0.4892806547457206,0.1,0.31451612903225806,2.1967721774193554,1.0755179141225681,0.27580544117205485,4960
LGK_LIPST_Klesmith_2015,LGK_LIPST,Eukaryote,Activity,modulo_position,kermut,official_out_of_fold_predictions,ProteinGym_normalized_targets,0.6823879889711761,0.7462737146170402,0.5797888226046641,0.4434903070833026,0.1,0.46387832699619774,-0.1102490494296578,1.107306109334695,0.12863212974482274,7890
MAFG_MOUSE_Tsuboyama_2023_1K1V,MAFG_MOUSE,Eukaryote,Stability,modulo_position,kermut,official_out_of_fold_predictions,ProteinGym_normalized_targets,0.8129825147280042,0.5705410455302616,0.41416474979190293,0.688213822344846,0.1,0.44155844155844154,0.21431127592059362,0.9807310923504006,0.13642438909433158,762
MBD11_ARATH_Tsuboyama_2023_6ACV,MBD11_ARATH,Eukaryote,Stability,modulo_position,kermut,official_out_of_fold_predictions,ProteinGym_normalized_targets,0.7831427320647906,0.5825978368130827,0.4495596601673532,0.6663905548492135,0.1,0.2413793103448276,0.1690162420712749,0.8625715988837102,0.0,1155
MET_HUMAN_Estevam_2023,MET_HUMAN,Human,Activity,modulo_position,kermut,official_out_of_fold_predictions,ProteinGym_normalized_targets,0.6387131061881841,0.7274212462500315,0.548384820427317,0.4743625280316288,0.1,0.17592592592592593,-0.2117102588411733,0.7076930501847976,0.001963292174602817,5393
MK01_HUMAN_Brenan_2016,MK01_HUMAN,Human,OrganismalFitness,modulo_position,kermut,official_out_of_fold_predictions,ProteinGym_normalized_targets,0.5115150280424311,0.8768231944157416,0.6520844790669013,0.23241405766682588,0.1,0.3436123348017621,-7.217149563183553,0.8259080745325672,0.05511730050098721,6809
MLAC_ECOLI_MacRae_2023,MLAC_ECOLI,Prokaryote,OrganismalFitness,modulo_position,kermut,official_out_of_fold_predictions,ProteinGym_normalized_targets,0.6391512411843725,0.7560176609461077,0.5555514096484622,0.4314618498962517,0.1,0.22693266832917705,0.01076550010224438,0.7312952801766277,0.40952893391351264,4007
MSH2_HUMAN_Jia_2020,MSH2_HUMAN,Human,OrganismalFitness,modulo_position,kermut,official_out_of_fold_predictions,ProteinGym_normalized_targets,0.5609541055084288,0.7679000756422183,0.5819731338021075,0.41265091390274145,0.1,0.29074626865671643,4.3276,0.7141189899410266,0.12175024128310642,16749
MTH3_HAEAE_RockahShmuel_2015,MTH3_HAEAE,Prokaryote,OrganismalFitness,modulo_position,kermut,official_out_of_fold_predictions,ProteinGym_normalized_targets,0.7357135356192397,0.6793111269987637,0.5244990982322228,0.5390601010393099,0.1,0.33707865168539325,0.8179213483146067,1.054765675230765,0.5182978981585599,1777
MTHR_HUMAN_Weile_2021,MTHR_HUMAN,Human,OrganismalFitness,modulo_position,kermut,official_out_of_fold_predictions,ProteinGym_normalized_targets,0.6313519400628252,0.7073934530622419,0.5456229710769598,0.5000841697939913,0.1,0.214915797914996,0.8645990376904569,0.7487485457708802,0.00820413246092058,12464
MYO3_YEAST_Tsuboyama_2023_2BTT,MYO3_YEAST,Eukaryote,Stability,modulo_position,kermut,official_out_of_fold_predictions,ProteinGym_normalized_targets,0.8144052136872687,0.5923570944532229,0.46263199796050686,0.6612299228776038,0.1,0.5157894736842106,0.4668126866662808,1.371577358734835,0.0,947
NCAP_I34A1_Doud_2015,NCAP_I34A1,Virus,OrganismalFitness,modulo_position,kermut,official_out_of_fold_predictions,ProteinGym_normalized_targets,0.5052484742042039,0.8702883383050651,0.6833627347166847,0.24367061159894865,0.1,0.2840549102428722,-1.6688981123111133,0.8789618726172286,0.0,9462
NKX31_HUMAN_Tsuboyama_2023_2L9R,NKX31_HUMAN,Human,Stability,modulo_position,kermut,official_out_of_fold_predictions,ProteinGym_normalized_targets,0.8171645960755214,0.5384391995107548,0.3952169608472933,0.7179160669258788,0.1,0.4434782608695652,0.16944913625049787,1.006023994946028,0.0,1149
NPC1_HUMAN_Erwood_2022_HEK293T,NPC1_HUMAN,Human,Activity,modulo_position,kermut,official_out_of_fold_predictions,ProteinGym_normalized_targets,0.7860305880567988,0.6417484913106525,0.5117572480710675,0.5963913271078028,0.1,0.46875,0.961690013875,1.135225251261732,0.047766301236249045,637
NUD15_HUMAN_Suiter_2020,NUD15_HUMAN,Human,Expression,modulo_position,kermut,official_out_of_fold_predictions,ProteinGym_normalized_targets,0.6846372373441411,0.7119839846923817,0.5595903741972854,0.4954994154698755,0.1,0.26666666666666666,0.8337131850286195,0.826979338767356,0.1809644166920748,2844
NUSA_ECOLI_Tsuboyama_2023_1WCL,NUSA_ECOLI,Prokaryote,Stability,modulo_position,kermut,official_out_of_fold_predictions,ProteinGym_normalized_targets,0.8796031518460445,0.4491188052654665,0.3386336224683691,0.8028723013833072,0.1,0.4580152671755725,0.24414664111303996,1.0580614501118155,0.0,1306
NUSG_MYCTU_Tsuboyama_2023_2MI6,NUSG_MYCTU,Prokaryote,Stability,modulo_position,kermut,official_out_of_fold_predictions,ProteinGym_normalized_targets,0.8953279235040414,0.43371363186815504,0.32561686268827283,0.8242284281860408,0.1,0.6078431372549019,0.40163121309777294,1.111942079403119,0.0,1019
OBSCN_HUMAN_Tsuboyama_2023_1V1C,OBSCN_HUMAN,Human,Stability,modulo_position,kermut,official_out_of_fold_predictions,ProteinGym_normalized_targets,0.8375560077402134,0.5260684944065731,0.39128654399975266,0.7424922615108653,0.1,0.45081967213114754,0.1421737511073695,0.9534915647208458,0.01321306236602309,1213
ODP2_GEOSE_Tsuboyama_2023_1W4G,ODP2_GEOSE,Prokaryote,Stability,modulo_position,kermut,official_out_of_fold_predictions,ProteinGym_normalized_targets,0.7401890950713524,0.6203882315434583,0.4671121691550075,0.6233880279597303,0.1,0.417910447761194,-0.1278667410465594,0.8187704924053124,0.0,669
OTC_HUMAN_Lo_2023,OTC_HUMAN,Human,Activity,modulo_position,kermut,official_out_of_fold_predictions,ProteinGym_normalized_targets,0.8062558916034902,0.6123427884285207,0.47796281934263696,0.6271662223561505,0.1,0.43312101910828027,0.957700636942675,1.27168700335588,0.10456245110091227,1570
OTU7A_HUMAN_Tsuboyama_2023_2L2D,OTU7A_HUMAN,Human,Stability,modulo_position,kermut,official_out_of_fold_predictions,ProteinGym_normalized_targets,0.8074190840721421,0.6397331927774192,0.5014902018785827,0.6323362599856928,0.1,0.453125,0.29751644052292603,1.10951308745363,0.0,635
OXDA_RHOTO_Vanella_2023_activity,OXDA_RHOTO,Eukaryote,Activity,modulo_position,kermut,official_out_of_fold_predictions,ProteinGym_normalized_targets,0.5286667436722996,0.865707468720003,0.6508404650639628,0.2521399599900924,0.1,0.284375,-0.0094926810899135,0.9402223254917258,0.07702593876929012,6396
OXDA_RHOTO_Vanella_2023_expression,OXDA_RHOTO,Eukaryote,Expression,modulo_position,kermut,official_out_of_fold_predictions,ProteinGym_normalized_targets,0.6135795151210015,0.7973057431803109,0.6168218791393972,0.3647603390470231,0.1,0.2776957163958641,0.032452706518966916,0.8023995225943914,0.0,6769
P53_HUMAN_Giacomelli_2018_Null_Etoposide,P53_HUMAN,Human,OrganismalFitness,modulo_position,kermut,official_out_of_fold_predictions,ProteinGym_normalized_targets,0.7061715829580159,0.6587501295047999,0.4941592173857198,0.5673473382559755,0.1,0.40963855421686746,0.9697436714576246,0.9434139761862527,0.630250707359567,7467
P53_HUMAN_Giacomelli_2018_Null_Nutlin,P53_HUMAN,Human,OrganismalFitness,modulo_position,kermut,official_out_of_fold_predictions,ProteinGym_normalized_targets,0.6934667656944509,0.6925130023252785,0.5313148301744623,0.520889765531024,0.1,0.6104417670682731,1.558377258899039,1.545803659351159,0.3265644458763899,7467
P53_HUMAN_Giacomelli_2018_WT_Nutlin,P53_HUMAN,Human,OrganismalFitness,modulo_position,kermut,official_out_of_fold_predictions,ProteinGym_normalized_targets,0.8592428329763749,0.5202092076466711,0.40108842518758403,0.7295497819887563,0.1,0.4859437751004016,1.2445829925486502,1.2213867452082436,0.0,7467
P53_HUMAN_Kotler_2018,P53_HUMAN,Human,OrganismalFitness,modulo_position,kermut,official_out_of_fold_predictions,ProteinGym_normalized_targets,0.7435390592480517,0.656605048507395,0.5277391449752481,0.5706723030373897,0.1,0.23809523809523808,2.4064912626661905,0.9363903219699775,0.1474874910385118,1048
P84126_THETH_Chan_2017,P84126_THETH,Prokaryote,OrganismalFitness,modulo_position,kermut,official_out_of_fold_predictions,ProteinGym_normalized_targets,0.7335173062602797,0.6769386961221203,0.5275152859030257,0.5454560062919063,0.1,0.4605263157894737,0.34801524364473685,1.340230005585055,0.017354440812570444,1519
PABP_YEAST_Melamed_2013,PABP_YEAST,Eukaryote,OrganismalFitness,modulo_position,kermut,official_out_of_fold_predictions,ProteinGym_normalized_targets,0.7489239480305712,0.6459335984292994,0.5006008784357497,0.5892790073273946,0.1,0.226890756302521,0.955439752815126,0.8159594461702083,4.0886889220106095,1187
PAI1_HUMAN_Huttinger_2021,PAI1_HUMAN,Human,Activity,modulo_position,kermut,official_out_of_fold_predictions,ProteinGym_normalized_targets,0.5435347060052719,0.8270220365807082,0.6412424117937504,0.3168521092613831,0.1,0.32710280373831774,0.7282342730691589,0.7885138750645517,0.0,5345
PA_I34A1_Wu_2015,PA_I34A1,Virus,OrganismalFitness,modulo_position,kermut,official_out_of_fold_predictions,ProteinGym_normalized_targets,0.4571572207572581,0.9588510677269643,0.5990122735261648,0.0947914709704677,0.1,0.22527472527472528,0.7110866391538461,0.5264740617382448,0.0,1820
PHOT_CHLRE_Chen_2023,PHOT_CHLRE,Eukaryote,Activity,modulo_position,kermut,official_out_of_fold_predictions,ProteinGym_normalized_targets,0.6764718253979991,0.6771962105322533,0.4952866444290104,0.5443027318478598,0.1,0.2676056338028169,1.302783542639884,0.687798104378372,0.304293502984966,2122
PIN1_HUMAN_Tsuboyama_2023_1I6C,PIN1_HUMAN,Human,Stability,modulo_position,kermut,official_out_of_fold_predictions,ProteinGym_normalized_targets,0.8212061977119282,0.5557410810498308,0.3946616470513703,0.6939473998676385,0.1,0.37681159420289856,0.054469578810656324,0.9623608284651147,0.3143905798546123,686
PITX2_HUMAN_Tsuboyama_2023_2L7M,PITX2_HUMAN,Human,Stability,modulo_position,kermut,official_out_of_fold_predictions,ProteinGym_normalized_targets,0.7708468084004724,0.585585215231451,0.4537546017761514,0.6627894968304431,0.1,0.3617021276595745,0.22149313587971695,0.9413917230195885,0.0,938
PKN1_HUMAN_Tsuboyama_2023_1URF,PKN1_HUMAN,Human,Stability,modulo_position,kermut,official_out_of_fold_predictions,ProteinGym_normalized_targets,0.6839963750513947,0.5577036477176875,0.41366592437601846,0.6930834739092037,0.1,0.35877862595419846,0.2697945900163373,0.7386496939477102,0.0,1301
POLG_CXB3N_Mattenberger_2021,POLG_CXB3N,Virus,OrganismalFitness,modulo_position,kermut,official_out_of_fold_predictions,ProteinGym_normalized_targets,0.5639242951856491,0.811234722741693,0.6327482015714083,0.3432096517062755,0.1,0.41475826972010177,-1.277702603251621,1.2078921203164141,0.034013512948408535,15711
POLG_DEN26_Suphatrakul_2023,POLG_DEN26,Virus,OrganismalFitness,modulo_position,kermut,official_out_of_fold_predictions,ProteinGym_normalized_targets,0.6552724071064405,0.7451250900086002,0.6023161489928242,0.44697894865578214,0.1,0.4621301775147929,-0.9446516520470785,1.288646119111424,0.4645445392636033,16897
POLG_HCVJF_Qi_2014,POLG_HCVJF,Virus,OrganismalFitness,modulo_position,kermut,official_out_of_fold_predictions,ProteinGym_normalized_targets,0.5938492912066067,0.8719525974974681,0.6440994989778773,0.2586254345755017,0.1,0.1656441717791411,-0.5005987251042944,0.6185790009357762,0.5531628318968395,1630
POLG_PESV_Tsuboyama_2023_2MXD,POLG_PESV,Virus,Stability,modulo_position,kermut,official_out_of_fold_predictions,ProteinGym_normalized_targets,0.721923793167676,0.6380006565404832,0.4836218195633567,0.6022805911930471,0.1,0.33,-0.10734910345283331,0.8252618341819643,0.5036886321758968,995
PPARG_HUMAN_Majithia_2016,PPARG_HUMAN,Human,Activity,modulo_position,kermut,official_out_of_fold_predictions,ProteinGym_normalized_targets,0.8836317448676617,0.5137493637419928,0.38554149731705056,0.7365526737920698,0.1,0.5208768267223383,2.385760960334029,1.14758043283668,0.0,9576
PPM1D_HUMAN_Miller_2022,PPM1D_HUMAN,Human,OrganismalFitness,modulo_position,kermut,official_out_of_fold_predictions,ProteinGym_normalized_targets,0.6625746387363759,0.7584441397646288,0.5712608303911205,0.4260537169128662,0.1,0.22053231939163498,0.21365907477820026,0.7429964532962298,0.0,7889
PR40A_HUMAN_Tsuboyama_2023_1UZC,PR40A_HUMAN,Human,Stability,modulo_position,kermut,official_out_of_fold_predictions,ProteinGym_normalized_targets,0.7465035002644286,0.6312475553059954,0.4862472482825452,0.6110456416150853,0.1,0.28205128205128205,0.12975121065602974,0.7811656898578068,0.3094833946926396,1163
PRKN_HUMAN_Clausen_2023,PRKN_HUMAN,Human,Expression,modulo_position,kermut,official_out_of_fold_predictions,ProteinGym_normalized_targets,0.7493531883266877,0.6012967195881304,0.4333180296453241,0.6399354491176201,0.1,0.3264840182648402,1.0181743620389205,0.8236416096212482,0.0,8756
PSAE_PICP2_Tsuboyama_2023_1PSE,PSAE_PICP2,Prokaryote,Stability,modulo_position,kermut,official_out_of_fold_predictions,ProteinGym_normalized_targets,0.7312863827906646,0.6332617930248291,0.46154930368814606,0.6175316028856765,0.1,0.3114754098360656,0.2803060812745234,0.878594709251434,0.14870619063003648,1219
PTEN_HUMAN_Matreyek_2021,PTEN_HUMAN,Human,Expression,modulo_position,kermut,official_out_of_fold_predictions,ProteinGym_normalized_targets,0.6641470128478233,0.728827142744436,0.5481982084685165,0.47151388581632625,0.1,0.24361493123772102,0.94005641717287,0.7168165272826518,0.03884367034038336,5083
PTEN_HUMAN_Mighell_2018,PTEN_HUMAN,Human,Activity,modulo_position,kermut,official_out_of_fold_predictions,ProteinGym_normalized_targets,0.5891729050087722,0.7110009252246453,0.5412000383240675,0.49737191165832306,0.1,0.21487603305785125,-0.07352569223553707,0.5962676550127297,0.38174362713627746,7260
Q2N0S5_9HIV1_Haddox_2018,Q2N0S5_9HIV1,Virus,OrganismalFitness,modulo_position,kermut,official_out_of_fold_predictions,ProteinGym_normalized_targets,0.6288325136977997,0.7771026247659254,0.6179105517185081,0.39742816412292625,0.1,0.2953652788688138,-0.3026935590267086,0.9650300476431503,0.06377224806796891,12729
Q53Z42_HUMAN_McShan_2019_binding-TAPBPR,Q53Z42_HUMAN,Human,Binding,modulo_position,kermut,official_out_of_fold_predictions,ProteinGym_normalized_targets,0.647046351632345,0.7653194803389555,0.5752703336701286,0.4205263038869529,0.1,0.3044776119402985,1.0577462686567165,0.8924556841160027,0.39299155501023164,3344
Q53Z42_HUMAN_McShan_2019_expression,Q53Z42_HUMAN,Human,Expression,modulo_position,kermut,official_out_of_fold_predictions,ProteinGym_normalized_targets,0.6577097585109354,0.7701231241200258,0.6026868368995996,0.41062801640095103,0.1,0.3701492537313433,1.0001194029850746,1.0908043395707037,0.4106968603803919,3344
Q59976_STRSQ_Romero_2015,Q59976_STRSQ,Prokaryote,Activity,modulo_position,kermut,official_out_of_fold_predictions,ProteinGym_normalized_targets,0.721864714008798,0.6913582104287438,0.5143599771750983,0.5239113157721049,0.1,0.29,-0.25399,0.7812928116880686,1.5309649887809742,2999
Q6WV12_9MAXI_Somermeyer_2022,Q6WV12_9MAXI,Eukaryote,Activity,modulo_position,kermut,official_out_of_fold_predictions,ProteinGym_normalized_targets,0.4725844916460997,0.8646778325772492,0.5789404705244874,0.26723628336975236,0.1,0.1565217391304348,16864.306874370337,0.5244510721630669,0.08458292118379142,1141
Q837P4_ENTFA_Meier_2023,Q837P4_ENTFA,Prokaryote,Activity,modulo_position,kermut,official_out_of_fold_predictions,ProteinGym_normalized_targets,0.6244330260944438,0.7218907084294789,0.5520591456967001,0.4932785284564861,0.1,0.18571428571428572,-0.31668274954761905,0.6814273171222538,0.10285950067222563,697
Q837P5_ENTFA_Meier_2023,Q837P5_ENTFA,Prokaryote,Activity,modulo_position,kermut,official_out_of_fold_predictions,ProteinGym_normalized_targets,0.6219702684229772,0.8252960820458839,0.6069648766683935,0.32312584752250717,0.1,0.3333333333333333,-0.3113905795244445,0.8275462373150396,0.143441548488861,747
Q8WTC7_9CNID_Somermeyer_2022,Q8WTC7_9CNID,Eukaryote,Activity,modulo_position,kermut,official_out_of_fold_predictions,ProteinGym_normalized_targets,0.5367591492266552,0.836356098950344,0.6136848126765945,0.30547932705674563,0.1,0.09917355371900827,9329.116652587589,0.5726150584036774,1.2273364233907391,1201
R1AB_SARS2_Flynn_2022,R1AB_SARS2,Virus,OrganismalFitness,modulo_position,kermut,official_out_of_fold_predictions,ProteinGym_normalized_targets,0.6454340005463104,0.7463950959687871,0.5907002739042359,0.4439344008683509,0.1,0.16928446771378708,0.9690165921580614,0.7850125029673979,0.022708476767087746,5725
RAD_ANTMA_Tsuboyama_2023_2CJJ,RAD_ANTMA,Eukaryote,Stability,modulo_position,kermut,official_out_of_fold_predictions,ProteinGym_normalized_targets,0.7171539456662355,0.6971292005250266,0.5121572548614987,0.5234416355534554,0.1,0.3974358974358974,0.3364627130814994,0.957472901056347,0.3401913613332912,774
RASH_HUMAN_Bandaru_2017,RASH_HUMAN,Human,Activity,modulo_position,kermut,official_out_of_fold_predictions,ProteinGym_normalized_targets,0.7193317329691971,0.6857337370814293,0.5062087972236663,0.5345638207943855,0.1,0.2898089171974522,0.13315612503184712,0.8510063500971204,8.262517913842986,3134
RASK_HUMAN_Weng_2022_abundance,RASK_HUMAN,Human,Expression,modulo_position,kermut,official_out_of_fold_predictions,ProteinGym_normalized_targets,0.649897142109534,0.7471400658828355,0.5657077467969857,0.4461838428088516,0.1,0.3355048859934853,0.005485572932668456,0.9208037118721175,0.0,3066
RASK_HUMAN_Weng_2022_binding-DARPin_K55,RASK_HUMAN,Human,Binding,modulo_position,kermut,official_out_of_fold_predictions,ProteinGym_normalized_targets,0.7055337687143248,0.666042363492082,0.4701975387091311,0.5727806112130998,0.1,0.2524271844660194,0.0030325452529732268,0.6966986741225033,0.0,3084
RBP1_HUMAN_Tsuboyama_2023_2KWH,RBP1_HUMAN,Human,Stability,modulo_position,kermut,official_out_of_fold_predictions,ProteinGym_normalized_targets,0.8738174597343589,0.44739491583096325,0.32341809706385644,0.8058376025040834,0.1,0.5612244897959183,0.4924953889385925,1.118458781806931,0.0,975
RCD1_ARATH_Tsuboyama_2023_5OAO,RCD1_ARATH,Eukaryote,Stability,modulo_position,kermut,official_out_of_fold_predictions,ProteinGym_normalized_targets,0.8352116317529819,0.5738219824886573,0.4254769451047571,0.6753914071748097,0.1,0.43434343434343436,0.3859030578652711,1.0610255060830973,0.0,988
RCRO_LAMBD_Tsuboyama_2023_1ORC,RCRO_LAMBD,Virus,Stability,modulo_position,kermut,official_out_of_fold_predictions,ProteinGym_normalized_targets,0.7829784935930546,0.5656139327679608,0.43554420803648536,0.711893740829738,0.1,0.30833333333333335,-0.007088541326838094,0.8130558881791494,0.05299584292910741,1195
RD23A_HUMAN_Tsuboyama_2023_1IFY,RD23A_HUMAN,Human,Stability,modulo_position,kermut,official_out_of_fold_predictions,ProteinGym_normalized_targets,0.8288059695377518,0.5522673301038344,0.40511482736729326,0.7068234395047055,0.1,0.2875,0.08450202296217132,0.9548890748698224,0.0,798
RDRP_I33A0_Li_2023,RDRP_I33A0,Virus,OrganismalFitness,modulo_position,kermut,official_out_of_fold_predictions,ProteinGym_normalized_targets,0.5466122994531106,0.8269533037985162,0.6517511665337062,0.3176132206709239,0.1,0.39217318900915904,-0.6782944297716845,1.126574264410175,0.3999406193444547,12003
REV_HV1H2_Fernandes_2016,REV_HV1H2,Virus,OrganismalFitness,modulo_position,kermut,official_out_of_fold_predictions,ProteinGym_normalized_targets,0.4054914239948092,0.8979196536070274,0.6763147894857429,0.2044337012042552,0.1,0.14883720930232558,-0.008711174759695564,0.5141442111226793,1.1894975362796414,2147
RFAH_ECOLI_Tsuboyama_2023_2LCL,RFAH_ECOLI,Prokaryote,Stability,modulo_position,kermut,official_out_of_fold_predictions,ProteinGym_normalized_targets,0.712083601618654,0.7245493652566206,0.5460957289381837,0.48570441737831527,0.1,0.3711340206185567,0.551383697378179,1.230932781593897,0.0,969
RL20_AQUAE_Tsuboyama_2023_1GYZ,RL20_AQUAE,Prokaryote,Stability,modulo_position,kermut,official_out_of_fold_predictions,ProteinGym_normalized_targets,0.6119427687545702,0.6573786503816716,0.4706049204294631,0.5918664639592026,0.1,0.18584070796460178,-0.023822482202470557,0.5101322950209554,0.0827888967760371,1121
RL40A_YEAST_Mavor_2016,RL40A_YEAST,Eukaryote,OrganismalFitness,modulo_position,kermut,official_out_of_fold_predictions,ProteinGym_normalized_targets,0.6086741900962332,0.8065075878698259,0.6165379705834797,0.35156246220763565,0.1,0.18253968253968253,-0.022702323753968252,0.675099382308668,0.8288498998470396,1253
RL40A_YEAST_Roscoe_2013,RL40A_YEAST,Eukaryote,OrganismalFitness,modulo_position,kermut,official_out_of_fold_predictions,ProteinGym_normalized_targets,0.7247913839076858,0.7301986256317435,0.5388530947248117,0.46897346398512896,0.1,0.25833333333333336,-0.026459047905233807,0.6895572460928595,0.018672927753498787,1195
RL40A_YEAST_Roscoe_2014,RL40A_YEAST,Eukaryote,Activity,modulo_position,kermut,official_out_of_fold_predictions,ProteinGym_normalized_targets,0.6006892417525677,0.7728740999326287,0.5467691105483043,0.41857014440079554,0.1,0.18840579710144928,1.0034023276884059,0.6500127472491707,0.154692954088158,1380
RNC_ECOLI_Weeks_2023,RNC_ECOLI,Prokaryote,Activity,modulo_position,kermut,official_out_of_fold_predictions,ProteinGym_normalized_targets,0.6727193152285855,0.654112031190015,0.48141541285785133,0.5767614384713611,0.1,0.1705607476635514,-0.007257722796728972,0.5890784207048264,0.0,4277
RPC1_BP434_Tsuboyama_2023_1R69,RPC1_BP434,Virus,Stability,modulo_position,kermut,official_out_of_fold_predictions,ProteinGym_normalized_targets,0.8822906530022002,0.4744866176147284,0.35520602252093864,0.7845949094115672,0.1,0.504424778761062,0.1944424534554946,1.076454393260457,0.17790219277013034,1124
RS15_GEOSE_Tsuboyama_2023_1A32,RS15_GEOSE,Prokaryote,Stability,modulo_position,kermut,official_out_of_fold_predictions,ProteinGym_normalized_targets,0.7969168479922176,0.5447963315706399,0.4022353165725272,0.7124040110307146,0.1,0.3333333333333333,0.32876256859205216,0.9632810627425236,0.3734567308787186,1195
S22A1_HUMAN_Yee_2023_abundance,S22A1_HUMAN,Human,Expression,modulo_position,kermut,official_out_of_fold_predictions,ProteinGym_normalized_targets,0.737402214364561,0.6557926259436208,0.49989914988233164,0.5703182724343535,0.1,0.2884811416921509,0.33149091478899084,0.8596958737610955,0.0,9803
S22A1_HUMAN_Yee_2023_activity,S22A1_HUMAN,Human,Activity,modulo_position,kermut,official_out_of_fold_predictions,ProteinGym_normalized_targets,0.7070978190855779,0.6685631858447096,0.5246629416536219,0.5533355964964528,0.1,0.23465346534653464,0.42561459356138615,0.8084639495002929,0.4378596034508378,10094
SAV1_MOUSE_Tsuboyama_2023_2YSB,SAV1_MOUSE,Eukaryote,Stability,modulo_position,kermut,official_out_of_fold_predictions,ProteinGym_normalized_targets,0.7237567264840431,0.7080590730446532,0.50605766764919,0.5238044139201483,0.1,0.35294117647058826,0.17636898916482047,0.9857045824883546,0.0,679
SBI_STAAM_Tsuboyama_2023_2JVG,SBI_STAAM,Prokaryote,Stability,modulo_position,kermut,official_out_of_fold_predictions,ProteinGym_normalized_targets,0.7375614436243046,0.6789384099077066,0.5239461074133074,0.5446160497607833,0.1,0.34951456310679613,0.04983051330042088,0.9699326399967149,0.0,1025
SC6A4_HUMAN_Young_2021,SC6A4_HUMAN,Human,Activity,modulo_position,kermut,official_out_of_fold_predictions,ProteinGym_normalized_targets,0.6687910034762825,0.7685176914290389,0.5725404836394398,0.409728802755415,0.1,0.31174438687392053,0.6366479398117443,0.8492226583346718,0.6818660516243115,11576
SCIN_STAAR_Tsuboyama_2023_2QFF,SCIN_STAAR,Prokaryote,Stability,modulo_position,kermut,official_out_of_fold_predictions,ProteinGym_normalized_targets,0.778741645597488,0.5788636703393216,0.42541525309037953,0.670740128857817,0.1,0.47540983606557374,0.30832224865316343,1.014358548213834,0.0,1212
SDA_BACSU_Tsuboyama_2023_1PV0,SDA_BACSU,Prokaryote,Stability,modulo_position,kermut,official_out_of_fold_predictions,ProteinGym_normalized_targets,0.8607689558397779,0.43095364163042454,0.3100046977151079,0.8209959622236878,0.1,0.4880952380952381,0.17474962374380754,0.8793896981181284,0.08539531406205708,834
SERC_HUMAN_Xie_2023,SERC_HUMAN,Human,OrganismalFitness,modulo_position,kermut,official_out_of_fold_predictions,ProteinGym_normalized_targets,0.61199874034655,0.6714289747731825,0.48225344122588826,0.5511742847351331,0.1,0.203125,0.983451025120654,0.551539050875834,0.22054105591943143,1914
SHOC2_HUMAN_Kwon_2022,SHOC2_HUMAN,Human,OrganismalFitness,modulo_position,kermut,official_out_of_fold_predictions,ProteinGym_normalized_targets,0.5392766894541577,0.8374155868589697,0.6438321798277136,0.29932841644468144,0.1,0.1894353369763206,0.03149359713245622,0.6220352063732447,4.401292484596811,10972
SOX30_HUMAN_Tsuboyama_2023_7JJK,SOX30_HUMAN,Human,Stability,modulo_position,kermut,official_out_of_fold_predictions,ProteinGym_normalized_targets,0.724399411088027,0.6548800206887323,0.47582988176875246,0.5845943048819024,0.1,0.2871287128712871,0.19179457987191414,0.8187006688064613,0.740334740536587,1010
SPA_STAAU_Tsuboyama_2023_1LP1,SPA_STAAU,Prokaryote,Stability,modulo_position,kermut,official_out_of_fold_predictions,ProteinGym_normalized_targets,0.7987132584727407,0.5968994173556342,0.4509219822270531,0.6524365784759167,0.1,0.46153846153846156,0.4025640204266775,1.140665794141608,0.0,1035
SPG1_STRSG_Olson_2014,SPG1_STRSG,Prokaryote,Binding,modulo_position,kermut,official_out_of_fold_predictions,ProteinGym_normalized_targets,0.5591661024349704,0.8098683711193387,0.6221802198634871,0.3518345995483424,0.1,0.1619047619047619,0.6280555851559128,0.6938170877861072,0.4613412325589886,1045
SPG2_STRSG_Tsuboyama_2023_5UBS,SPG2_STRSG,Prokaryote,Stability,modulo_position,kermut,official_out_of_fold_predictions,ProteinGym_normalized_targets,0.810479084157557,0.5641480572377247,0.4047254909354325,0.6890666023224481,0.1,0.5048543689320388,0.42998034253514383,1.071089967746561,0.05139246379064546,1029
SPIKE_SARS2_Starr_2020_binding,SPIKE_SARS2,Virus,Binding,modulo_position,kermut,official_out_of_fold_predictions,ProteinGym_normalized_targets,0.7055112789532416,0.7225630577257147,0.48957705660209627,0.487017837912196,0.1,0.2440944881889764,-0.08950131233595801,0.6409961880081461,0.07799873053864753,3802
SPIKE_SARS2_Starr_2020_expression,SPIKE_SARS2,Virus,Expression,modulo_position,kermut,official_out_of_fold_predictions,ProteinGym_normalized_targets,0.7784005808850556,0.6176750430350928,0.4745181510394418,0.6202154531031058,0.1,0.32105263157894737,-0.12476315789473687,0.925144266353189,0.0,3798
SPTN1_CHICK_Tsuboyama_2023_1TUD,SPTN1_CHICK,Eukaryote,Stability,modulo_position,kermut,official_out_of_fold_predictions,ProteinGym_normalized_targets,0.7492427428728542,0.6282901149077156,0.500557433462864,0.6097007204437463,0.1,0.24528301886792453,-0.1226283167800496,0.8998359291398015,0.15968893265181863,1051
SQSTM_MOUSE_Tsuboyama_2023_2RRU,SQSTM_MOUSE,Eukaryote,Stability,modulo_position,kermut,official_out_of_fold_predictions,ProteinGym_normalized_targets,0.8644041310482008,0.5399962462898188,0.42001761419137196,0.7340722832237148,0.1,0.4788732394366197,0.06435400344632006,1.2091347428945292,0.36630369013602415,707
SR43C_ARATH_Tsuboyama_2023_2N88,SR43C_ARATH,Eukaryote,Stability,modulo_position,kermut,official_out_of_fold_predictions,ProteinGym_normalized_targets,0.8581342569044947,0.48189510262054436,0.3590214705744432,0.773192461588529,0.1,0.42696629213483145,0.09745556682690525,0.9978024015291692,0.0,889
SRBS1_HUMAN_Tsuboyama_2023_2O2W,SRBS1_HUMAN,Human,Stability,modulo_position,kermut,official_out_of_fold_predictions,ProteinGym_normalized_targets,0.777320934555733,0.5959127188128194,0.4621230409510818,0.6529704040026887,0.1,0.32786885245901637,-0.01254207744118262,0.8343325254986823,0.06725846667104729,1211
SRC_HUMAN_Ahler_2019,SRC_HUMAN,Human,Activity,modulo_position,kermut,official_out_of_fold_predictions,ProteinGym_normalized_targets,0.6503073846173586,0.7961962951548206,0.5878259033365955,0.3722779598078272,0.1,0.3106508875739645,0.5499603872958579,0.9955458170498045,0.5887208836393779,3372
SRC_HUMAN_Chakraborty_2023_binding-DAS_25uM,SRC_HUMAN,Human,Activity,modulo_position,kermut,official_out_of_fold_predictions,ProteinGym_normalized_targets,0.5456534084267551,0.8919044215161589,0.6058003925994809,0.21391259660241524,0.1,0.2692307692307692,0.6128876060082418,0.8453577358351908,0.148489225802805,3637
SRC_HUMAN_Nguyen_2022,SRC_HUMAN,Human,OrganismalFitness,modulo_position,kermut,official_out_of_fold_predictions,ProteinGym_normalized_targets,0.59170450098975,0.8440075358277123,0.6195315808026364,0.293757018136793,0.1,0.27299703264094954,0.028078283775305996,0.8635166862139861,1.9854672844135943,3366
SUMO1_HUMAN_Weile_2017,SUMO1_HUMAN,Human,OrganismalFitness,modulo_position,kermut,official_out_of_fold_predictions,ProteinGym_normalized_targets,0.5875755039443021,0.8137832285926623,0.6332475156915588,0.34925644313495763,0.1,0.15294117647058825,0.6572268273294118,0.6346065871268667,0.745066194941931,1700
SYUA_HUMAN_Newberry_2020,SYUA_HUMAN,Human,OrganismalFitness,modulo_position,kermut,official_out_of_fold_predictions,ProteinGym_normalized_targets,0.5625100293880922,0.5957050925286603,0.4038161924345174,0.6489229282417575,0.1,0.224,0.003490007151780134,0.5169303948549733,0.19856830016135152,2497
TADBP_HUMAN_Bolognesi_2019,TADBP_HUMAN,Human,OrganismalFitness,modulo_position,kermut,official_out_of_fold_predictions,ProteinGym_normalized_targets,0.7606837232738441,0.6028512777095093,0.4230596579037383,0.6407906752887362,0.1,0.7583333333333333,0.16258763714345903,1.6471114040769956,0.0,1196
TAT_HV1BR_Fernandes_2016,TAT_HV1BR,Virus,OrganismalFitness,modulo_position,kermut,official_out_of_fold_predictions,ProteinGym_normalized_targets,0.46457831617857814,0.8872174181031086,0.6428245638566898,0.22374702282006242,0.1,0.0949367088607595,-0.01583240723621842,0.509399061401887,2.352551332668992,1577
TCRG1_MOUSE_Tsuboyama_2023_1E0L,TCRG1_MOUSE,Eukaryote,Stability,modulo_position,kermut,official_out_of_fold_predictions,ProteinGym_normalized_targets,0.8658266050738417,0.4520477266812934,0.34168860343898555,0.8042710022449295,0.1,0.4444444444444444,-0.11318535862723844,0.9148220128851972,0.0,621
THO1_YEAST_Tsuboyama_2023_2WQG,THO1_YEAST,Eukaryote,Stability,modulo_position,kermut,official_out_of_fold_predictions,ProteinGym_normalized_targets,0.7717609961836313,0.6193296046758686,0.46136379738643296,0.6210227101420756,0.1,0.3787878787878788,0.22999819308060188,0.9819182789593036,0.0,656
TNKS2_HUMAN_Tsuboyama_2023_5JRT,TNKS2_HUMAN,Human,Stability,modulo_position,kermut,official_out_of_fold_predictions,ProteinGym_normalized_targets,0.8471614960605008,0.5113839078142297,0.39211885959579607,0.743768869196735,0.1,0.4017857142857143,0.010719617412610318,1.0303922953264617,0.099902578125427,1118
TPK1_HUMAN_Weile_2017,TPK1_HUMAN,Human,OrganismalFitness,modulo_position,kermut,official_out_of_fold_predictions,ProteinGym_normalized_targets,0.34883307018580756,0.9519460689841814,0.7594212497873682,0.09444335138905369,0.1,0.14106583072100312,0.6884164282225705,0.504626944984472,0.37201298952758316,3181
TPMT_HUMAN_Matreyek_2018,TPMT_HUMAN,Human,Expression,modulo_position,kermut,official_out_of_fold_predictions,ProteinGym_normalized_targets,0.6144957979138272,0.7390612817952752,0.5595424417064885,0.4598146242193236,0.1,0.2054794520547945,0.9680049468876714,0.586089835410739,0.0,3648
TPOR_HUMAN_Bridgford_2020,TPOR_HUMAN,Human,OrganismalFitness,modulo_position,kermut,official_out_of_fold_predictions,ProteinGym_normalized_targets,0.5162015661121241,0.9137987453980613,0.6956830474628114,0.19406850596909764,0.1,0.2982456140350877,-0.015598813123487121,0.8599001433329023,0.0,562
TRPC_SACS2_Chan_2017,TRPC_SACS2,Prokaryote,OrganismalFitness,modulo_position,kermut,official_out_of_fold_predictions,ProteinGym_normalized_targets,0.6720482321365101,0.7274286403688031,0.5567586513573799,0.4778705868865726,0.1,0.5855263157894737,0.34518184436842103,1.4655998860245014,0.5452768747530855,1519
TRPC_THEMA_Chan_2017,TRPC_THEMA,Prokaryote,OrganismalFitness,modulo_position,kermut,official_out_of_fold_predictions,ProteinGym_normalized_targets,0.5753454450672617,0.830387687184034,0.6249414011038182,0.3277356914237707,0.1,0.3881578947368421,0.05418929669078948,1.2232053154691849,0.8271724400148858,1519
UBC9_HUMAN_Weile_2017,UBC9_HUMAN,Human,OrganismalFitness,modulo_position,kermut,official_out_of_fold_predictions,ProteinGym_normalized_targets,0.5958674269818086,0.8386267117390096,0.6308207524437184,0.30144824664404857,0.1,0.2918287937743191,0.9022491832762646,0.9135097686872616,0.0,2563
UBE4B_HUMAN_Tsuboyama_2023_3L1X,UBE4B_HUMAN,Human,Stability,modulo_position,kermut,official_out_of_fold_predictions,ProteinGym_normalized_targets,0.855154185905723,0.5338426099076384,0.4107255136715295,0.722643082078186,0.1,0.36607142857142855,0.11861899134156753,1.1311830923736594,0.0,1118
UBE4B_MOUSE_Starita_2013,UBE4B_MOUSE,Eukaryote,Activity,modulo_position,kermut,official_out_of_fold_predictions,ProteinGym_normalized_targets,0.5044700830968774,0.8812119353483446,0.6408721568785428,0.229746439876648,0.1,0.1111111111111111,-0.0908499035222222,0.4139243440442709,2.9816675813699045,899
UBR5_HUMAN_Tsuboyama_2023_1I2T,UBR5_HUMAN,Human,Stability,modulo_position,kermut,official_out_of_fold_predictions,ProteinGym_normalized_targets,0.7227948953023564,0.5791155441812612,0.4304584471980804,0.6752396917084411,0.1,0.17272727272727273,0.08295847202349145,0.668687349055958,0.3073504340096791,1094
VG08_BPP22_Tsuboyama_2023_2GP8,VG08_BPP22,Virus,Stability,modulo_position,kermut,official_out_of_fold_predictions,ProteinGym_normalized_targets,0.8436363308455017,0.5311671325363646,0.362895075471231,0.7234427626417301,0.1,0.5068493150684932,0.2465745827509862,1.0922139020205912,0.0,723
VILI_CHICK_Tsuboyama_2023_1YU5,VILI_CHICK,Eukaryote,Stability,modulo_position,kermut,official_out_of_fold_predictions,ProteinGym_normalized_targets,0.8145054113929986,0.5682230091908083,0.42949687182420965,0.6875297553119621,0.1,0.36363636363636365,0.08806517191004966,0.9808437697774074,0.0,1202
VKOR1_HUMAN_Chiasson_2020_abundance,VKOR1_HUMAN,Human,Expression,modulo_position,kermut,official_out_of_fold_predictions,ProteinGym_normalized_targets,0.6959849367761162,0.6909241765292145,0.5249572452722218,0.5245212784204196,0.1,0.32592592592592595,0.9991613096970018,0.9183619162502911,0.0,2695
VKOR1_HUMAN_Chiasson_2020_activity,VKOR1_HUMAN,Human,Activity,modulo_position,kermut,official_out_of_fold_predictions,ProteinGym_normalized_targets,0.45399202635755803,0.8666480613950586,0.6746806566506456,0.2598193624783802,0.1,0.22857142857142856,0.9270641611535826,0.45347009299511576,0.0,697
VRPI_BPT7_Tsuboyama_2023_2WNM,VRPI_BPT7,Virus,Stability,modulo_position,kermut,official_out_of_fold_predictions,ProteinGym_normalized_targets,0.8396838037597449,0.47315115208950836,0.35727331838844323,0.7791689885672772,0.1,0.5333333333333333,0.29241003529560594,1.0425185750269073,0.220891906072008,1047
YAIA_ECOLI_Tsuboyama_2023_2KVT,YAIA_ECOLI,Prokaryote,Stability,modulo_position,kermut,official_out_of_fold_predictions,ProteinGym_normalized_targets,0.7671417068749895,0.5975173775930073,0.45285150992424567,0.6463823898794874,0.1,0.3763440860215054,-0.041023107665441934,0.9011147714686133,0.02456909868091525,928
YNZC_BACSU_Tsuboyama_2023_2JVD,YNZC_BACSU,Prokaryote,Stability,modulo_position,kermut,official_out_of_fold_predictions,ProteinGym_normalized_targets,0.7991873319321549,0.5387106107683893,0.40341794587432067,0.7241319356712417,0.1,0.4722222222222222,0.13253934690491487,0.9219868338417724,0.9344064235713936,714
A0A140D2T1_ZIKV_Sourisseau_2019,A0A140D2T1_ZIKV,Virus,OrganismalFitness,random_variant,kermut,official_out_of_fold_predictions,ProteinGym_normalized_targets,0.5852548029886296,0.8813387655906766,0.3709221869800773,0.22382729739676732,0.1,0.4342379958246347,0.7117289490103259,1.1741767073343026,0.0,9576
A0A192B1T2_9HIV1_Haddox_2018,A0A192B1T2_9HIV1,Virus,OrganismalFitness,random_variant,kermut,official_out_of_fold_predictions,ProteinGym_normalized_targets,0.8351322371304164,0.5477903655597058,0.4253081709394922,0.7001011138960345,0.1,0.43243243243243246,-0.06124064579491255,1.2052643544955042,0.0,12577
A0A1I9GEU1_NEIME_Kennouche_2019,A0A1I9GEU1_NEIME,Prokaryote,Activity,random_variant,kermut,official_out_of_fold_predictions,ProteinGym_normalized_targets,0.08893423004819545,1.0043562244334356,0.7436774432322669,-0.002452686480084676,0.1,0.0967741935483871,0.08595698924731185,0.053970113460438826,2.4458931151781536,922
A0A247D711_LISMN_Stadelmann_2021,A0A247D711_LISMN,Prokaryote,Activity,random_variant,kermut,official_out_of_fold_predictions,ProteinGym_normalized_targets,0.6766009826443604,0.6955106706770262,0.4690437484157774,0.5194186409197943,0.1,0.1927710843373494,0.2722660924184488,0.5840350529979511,0.0,1653
A0A2Z5U3Z0_9INFA_Doud_2016,A0A2Z5U3Z0_9INFA,Virus,OrganismalFitness,random_variant,kermut,official_out_of_fold_predictions,ProteinGym_normalized_targets,0.8357458325788303,0.5460116330699247,0.42350135872411154,0.701964772918068,0.1,0.5326492537313433,-0.25573699306996267,1.4483922062195773,0.0,10715
A0A2Z5U3Z0_9INFA_Wu_2014,A0A2Z5U3Z0_9INFA,Virus,OrganismalFitness,random_variant,kermut,official_out_of_fold_predictions,ProteinGym_normalized_targets,0.5538937502491451,0.9811201804928028,0.4185928758279872,0.08902626715889683,0.1,0.251063829787234,0.9379227391872341,0.5458150998172064,6.775873189531062,2350
A4D664_9INFA_Soh_2019,A4D664_9INFA,Virus,OrganismalFitness,random_variant,kermut,official_out_of_fold_predictions,ProteinGym_normalized_targets,0.7600979021397867,0.6963927449213532,0.42509901773449627,0.5184653948970079,0.1,0.48717948717948717,1.0220094233988093,1.502354663899635,0.0,14421
A4GRB6_PSEAI_Chen_2020,A4GRB6_PSEAI,Prokaryote,OrganismalFitness,random_variant,kermut,official_out_of_fold_predictions,ProteinGym_normalized_targets,0.9053741452152398,0.38980483033796337,0.2881716159035012,0.8481672307912957,0.1,0.5029940119760479,0.4631878710339978,1.1415212611807743,0.0,5004
A4_HUMAN_Seuma_2022,A4_HUMAN,Human,Stability,random_variant,kermut,official_out_of_fold_predictions,ProteinGym_normalized_targets,0.7489773147834767,0.6373093751537696,0.4957100993743719,0.5968629293424861,0.1,0.325,0.5812035984337817,0.9837902234543288,0.0,796
AACC1_PSEAI_Dandage_2018,AACC1_PSEAI,Prokaryote,OrganismalFitness,random_variant,kermut,official_out_of_fold_predictions,ProteinGym_normalized_targets,0.6596548203684267,0.7817849398982275,0.6024452718073904,0.39114501983914873,0.1,0.32044198895027626,2.3676165842261327,0.8007397985855463,0.166289585217656,1801
ACE2_HUMAN_Chan_2020,ACE2_HUMAN,Human,Binding,random_variant,kermut,official_out_of_fold_predictions,ProteinGym_normalized_targets,0.7227777346225579,0.6623117038047965,0.4542258557988281,0.5619758071333801,0.1,0.5201793721973094,1.0058899568385649,1.2527717742865774,0.0,2223
ADRB2_HUMAN_Jones_2020,ADRB2_HUMAN,Human,Activity,random_variant,kermut,official_out_of_fold_predictions,ProteinGym_normalized_targets,0.6149995052776748,0.8166741774329352,0.5945038845955539,0.33355774093834656,0.1,0.2564102564102564,2.462993159052152,0.7058520048851086,0.0991047999714108,7800
AMFR_HUMAN_Tsuboyama_2023_4G3O,AMFR_HUMAN,Human,Stability,random_variant,kermut,official_out_of_fold_predictions,ProteinGym_normalized_targets,0.9396363200290593,0.3720203925605015,0.26333245364485364,0.8624957789220589,0.1,0.6341463414634146,0.3879835805745372,1.1313860372103637,0.1489896801764587,820
AMIE_PSEAE_Wrenbeck_2017,AMIE_PSEAE,Prokaryote,Activity,random_variant,kermut,official_out_of_fold_predictions,ProteinGym_normalized_targets,0.8335243927856071,0.6106319493236643,0.4277179934986655,0.6275402484767953,0.1,0.521669341894061,0.1412558587479936,1.154996886328384,0.0,6227
ANCSZ_Hobbs_2022,ANCSZ,Eukaryote,Activity,random_variant,kermut,official_out_of_fold_predictions,ProteinGym_normalized_targets,0.7912503208693636,0.5233945420947543,0.3637913079190662,0.7265376005566726,0.1,0.4068522483940043,0.05723087628900469,0.8954166396752604,0.0,4670
ARGR_ECOLI_Tsuboyama_2023_1AOY,ARGR_ECOLI,Prokaryote,Stability,random_variant,kermut,official_out_of_fold_predictions,ProteinGym_normalized_targets,0.8802873316194028,0.3674036975281175,0.25395356635299143,0.8657501856445547,0.1,0.4573643410852713,0.06356887832021806,0.8557247748148215,0.47561326182821057,1287
BBC1_YEAST_Tsuboyama_2023_1TG0,BBC1_YEAST,Eukaryote,Stability,random_variant,kermut,official_out_of_fold_predictions,ProteinGym_normalized_targets,0.9300579806415906,0.3824583742417632,0.2830392295475461,0.8538076146243465,0.1,0.7064220183486238,0.7830991365822857,1.425792472101576,0.0,1084
BCHB_CHLTE_Tsuboyama_2023_2KRU,BCHB_CHLTE,Prokaryote,Stability,random_variant,kermut,official_out_of_fold_predictions,ProteinGym_normalized_targets,0.9196600935608279,0.3678758992679316,0.2529316167317191,0.8650788458905385,0.1,0.5617977528089888,0.3383056078770682,0.9728572551786338,0.0,890
BLAT_ECOLX_Deng_2012,BLAT_ECOLX,Prokaryote,OrganismalFitness,random_variant,kermut,official_out_of_fold_predictions,ProteinGym_normalized_targets,0.8465947643518082,0.531219555231232,0.4020770736258604,0.7180670722646623,0.1,0.622,-0.441478133374,1.491765997965047,0.0,4996
BLAT_ECOLX_Firnberg_2014,BLAT_ECOLX,Prokaryote,OrganismalFitness,random_variant,kermut,official_out_of_fold_predictions,ProteinGym_normalized_targets,0.9094291527334242,0.43495987836159344,0.31322544703159944,0.8108731924408571,0.1,0.4801670146137787,1.1318077244258873,1.386059612181875,2.6722746221161278,4783
BLAT_ECOLX_Jacquier_2013,BLAT_ECOLX,Prokaryote,OrganismalFitness,random_variant,kermut,official_out_of_fold_predictions,ProteinGym_normalized_targets,0.7762487817569137,0.5543305995629527,0.41170064452841254,0.6940795450181205,0.1,0.24242424242424243,-0.11001206455555557,0.7420065592955905,0.0,989
BLAT_ECOLX_Stiffler_2015,BLAT_ECOLX,Prokaryote,OrganismalFitness,random_variant,kermut,official_out_of_fold_predictions,ProteinGym_normalized_targets,0.9089451970580772,0.39586934837189625,0.2928611517578283,0.843336041268073,0.1,0.416,-0.030578120921999997,1.0638043082562434,0.0,4996
BRCA1_HUMAN_Findlay_2018,BRCA1_HUMAN,Human,OrganismalFitness,random_variant,kermut,official_out_of_fold_predictions,ProteinGym_normalized_targets,0.6834457874782653,0.6281599169494942,0.4694229953783887,0.6059022989402194,0.1,0.2391304347826087,0.036702025809782615,0.7145275633997836,0.35918426142107523,1837
C6KNH7_9INFA_Lee_2018,C6KNH7_9INFA,Virus,OrganismalFitness,random_variant,kermut,official_out_of_fold_predictions,ProteinGym_normalized_targets,0.8273741676401355,0.5512324905380825,0.42515969891170824,0.6961961766726752,0.1,0.5687732342007435,-0.06333348951042686,1.4976627479061484,0.0,10754
CALM1_HUMAN_Weile_2017,CALM1_HUMAN,Human,OrganismalFitness,random_variant,kermut,official_out_of_fold_predictions,ProteinGym_normalized_targets,0.2436711380887867,0.9640669519082963,0.7598679459263651,0.0725651817500026,0.1,0.06593406593406594,0.8735451174725275,0.3604877811498613,0.2830040196237928,1813
CAPSD_AAV2S_Sinai_2021,CAPSD_AAV2S,Virus,OrganismalFitness,random_variant,kermut,official_out_of_fold_predictions,ProteinGym_normalized_targets,0.8177848347775025,0.5651791949352466,0.43536536857274444,0.6851292643621771,0.1,0.6481481481481481,2.303025641399854,1.4595903234732466,0.0,532
CAR11_HUMAN_Meitlis_2020_gof,CAR11_HUMAN,Human,OrganismalFitness,random_variant,kermut,official_out_of_fold_predictions,ProteinGym_normalized_targets,0.6366024457181155,0.7725914036330714,0.5053841787259814,0.409147134613283,0.1,0.49159663865546216,0.5018852935420169,1.3468249232242544,1.612594792149226,2374
CAR11_HUMAN_Meitlis_2020_lof,CAR11_HUMAN,Human,OrganismalFitness,random_variant,kermut,official_out_of_fold_predictions,ProteinGym_normalized_targets,0.793899438528393,0.6076090913226493,0.4358962810843925,0.6314412524246921,0.1,0.44166666666666665,0.13164468555104164,1.107815558451576,0.0,2395
CAS9_STRP1_Spencer_2017_positive,CAS9_STRP1,Prokaryote,Activity,random_variant,kermut,official_out_of_fold_predictions,ProteinGym_normalized_targets,0.25191145424732053,0.9764417981115318,0.6524327234429357,0.04673177361547054,0.1,0.12315270935960591,-0.12418406003865853,0.20740485219770702,0.9268659679577309,8117
CASP3_HUMAN_Roychowdhury_2020,CASP3_HUMAN,Human,Activity,random_variant,kermut,official_out_of_fold_predictions,ProteinGym_normalized_targets,0.741383975928979,0.6805446989439022,0.5137374916157625,0.5372703381000479,0.1,0.3503184713375796,0.5830444010354837,0.934111894800885,0.659635453644061,1567
CASP7_HUMAN_Roychowdhury_2020,CASP7_HUMAN,Human,Activity,random_variant,kermut,official_out_of_fold_predictions,ProteinGym_normalized_targets,0.7068147699882262,0.7411352431693378,0.5482772473407084,0.4517348603791861,0.1,0.27976190476190477,0.3545783998064425,0.905891732753455,3.5817741943631387,1680
CATR_CHLRE_Tsuboyama_2023_2AMI,CATR_CHLRE,Eukaryote,Stability,random_variant,kermut,official_out_of_fold_predictions,ProteinGym_normalized_targets,0.9031152372814157,0.39246000700855777,0.28588898694458953,0.8475117968335859,0.1,0.6343283582089553,0.573033756443806,1.2106945224250918,0.0,1340
CBPA2_HUMAN_Tsuboyama_2023_1O6X,CBPA2_HUMAN,Human,Stability,random_variant,kermut,official_out_of_fold_predictions,ProteinGym_normalized_targets,0.9035948199388391,0.31091274524891743,0.2248312182262344,0.9034791553270902,0.1,0.5220588235294118,0.268530284643369,0.9294615793625157,0.0,1357
CBS_HUMAN_Sun_2020,CBS_HUMAN,Human,OrganismalFitness,random_variant,kermut,official_out_of_fold_predictions,ProteinGym_normalized_targets,0.4702092650760471,0.8797095591733666,0.7104065592716724,0.22666345646523678,0.1,0.1883656509695291,0.7613626393148101,0.6498988809218947,0.9458395768140391,7217
CBX4_HUMAN_Tsuboyama_2023_2K28,CBX4_HUMAN,Human,Stability,random_variant,kermut,official_out_of_fold_predictions,ProteinGym_normalized_targets,0.9201941029531361,0.39143764753989435,0.28295416569242093,0.8471424171532413,0.1,0.5869565217391305,0.32348154265499995,1.1477081135310734,0.2622202530363714,917
CCDB_ECOLI_Adkar_2012,CCDB_ECOLI,Prokaryote,Activity,random_variant,kermut,official_out_of_fold_predictions,ProteinGym_normalized_targets,0.9977741477638764,0.013366007075638384,0.009763999265306121,0.9998215187316322,0.1,0.635593220338983,-1.0,1.1001753443913376,0.0,1176
CCR5_HUMAN_Gill_2023,CCR5_HUMAN,Human,Binding,random_variant,kermut,official_out_of_fold_predictions,ProteinGym_normalized_targets,0.531539400787895,0.8351523848875234,0.5856172489936565,0.30346390578284643,0.1,0.2964169381107492,0.22295874049945713,0.6757353164020217,2.8036812167954626,6137
CD19_HUMAN_Klesmith_2019_FMC_singles,CD19_HUMAN,Human,Binding,random_variant,kermut,official_out_of_fold_predictions,ProteinGym_normalized_targets,0.6338473404839201,0.6945336488454038,0.5220627794484339,0.5191848669701251,0.1,0.5941644562334217,3.180005569556151,1.5867104514764763,0.0,3761
CP2C9_HUMAN_Amorosi_2021_abundance,CP2C9_HUMAN,Human,Expression,random_variant,kermut,official_out_of_fold_predictions,ProteinGym_normalized_targets,0.8288936475360433,0.5004472856489658,0.38506967115077395,0.7495893707266282,0.1,0.3359497645211931,0.9945655010832024,0.940867724066548,0.6648999181006289,6370
CP2C9_HUMAN_Amorosi_2021_activity,CP2C9_HUMAN,Human,Binding,random_variant,kermut,official_out_of_fold_predictions,ProteinGym_normalized_targets,0.8936773837772073,0.4541551408444173,0.33625860840755456,0.7938824411564293,0.1,0.5008130081300813,1.0134451142520324,1.2959625436168538,0.06515785859417601,6142
CSN4_MOUSE_Tsuboyama_2023_1UFM,CSN4_MOUSE,Eukaryote,Stability,random_variant,kermut,official_out_of_fold_predictions,ProteinGym_normalized_targets,0.9274579811734681,0.3208590367682495,0.23752904644733924,0.8971482910027403,0.1,0.6323529411764706,0.40340231508094243,1.145918650007561,0.0,1353
CUE1_YEAST_Tsuboyama_2023_2MYX,CUE1_YEAST,Eukaryote,Stability,random_variant,kermut,official_out_of_fold_predictions,ProteinGym_normalized_targets,0.9400325094779126,0.3503359980518641,0.25553948514471203,0.8778509854704902,0.1,0.6666666666666666,0.2630130917571722,1.3173325767247066,0.0,955
D7PM05_CLYGR_Somermeyer_2022,D7PM05_CLYGR,Eukaryote,Activity,random_variant,kermut,official_out_of_fold_predictions,ProteinGym_normalized_targets,0.7900917808641258,0.6345768490891437,0.44719199649751923,0.5984863304155055,0.1,0.38461538461538464,31044.564002331503,0.8271808760376272,0.2796805597462066,1169
DLG4_HUMAN_Faure_2021,DLG4_HUMAN,Human,OrganismalFitness,random_variant,kermut,official_out_of_fold_predictions,ProteinGym_normalized_targets,0.8154823374474148,0.5585492404608577,0.4246769814140968,0.6880956708481669,0.1,0.4609375,0.02346272382391163,0.9969980257689892,0.0,1280
DLG4_RAT_McLaughlin_2012,DLG4_RAT,Eukaryote,Binding,random_variant,kermut,official_out_of_fold_predictions,ProteinGym_normalized_targets,0.7613157262981122,0.5908273712313729,0.3833964437653078,0.6520761424751171,0.1,0.4177215189873418,0.1114492417721519,0.6976077560970768,0.0,1576
DN7A_SACS2_Tsuboyama_2023_1JIC,DN7A_SACS2,Prokaryote,Stability,random_variant,kermut,official_out_of_fold_predictions,ProteinGym_normalized_targets,0.9133523919565729,0.35368969768811326,0.24372905395289685,0.8750483827481353,0.1,0.6534653465346535,0.21336782581443464,0.9445147917162905,0.0,1008
DNJA1_HUMAN_Tsuboyama_2023_2LO1,DNJA1_HUMAN,Human,Stability,random_variant,kermut,official_out_of_fold_predictions,ProteinGym_normalized_targets,0.9246588827435461,0.3292313867007885,0.2347009076896053,0.8919620254435415,0.1,0.5737704918032787,0.20906801201388228,1.010477042247507,0.0,1216
DOCK1_MOUSE_Tsuboyama_2023_2M0Y,DOCK1_MOUSE,Eukaryote,Stability,random_variant,kermut,official_out_of_fold_predictions,ProteinGym_normalized_targets,0.8999866281883734,0.4424800274951181,0.31970975532055235,0.8043692756671936,0.1,0.6557377049180327,0.758321566742714,1.461919978421765,0.0,1213
DYR_ECOLI_Nguyen_2023,DYR_ECOLI,Prokaryote,OrganismalFitness,random_variant,kermut,official_out_of_fold_predictions,ProteinGym_normalized_targets,0.6911665784116888,0.5657840014669187,0.3477978742544239,0.6823653866387644,0.1,0.3116438356164384,1.021164383561644,0.550490258912544,0.20980406663246157,2916
DYR_ECOLI_Thompson_2019,DYR_ECOLI,Prokaryote,OrganismalFitness,random_variant,kermut,official_out_of_fold_predictions,ProteinGym_normalized_targets,0.7515356477568664,0.629141616926063,0.434823871538974,0.6043630833543062,0.1,0.33755274261603374,0.19306771729957803,0.7869768468201527,1.638804902677064,2363
ENVZ_ECOLI_Ghose_2023,ENVZ_ECOLI,Prokaryote,Activity,random_variant,kermut,official_out_of_fold_predictions,ProteinGym_normalized_targets,0.4593186652157283,0.7919635448245593,0.5726035252581801,0.374520198635272,0.1,0.19469026548672566,3.718403366224601,0.5405422790013915,0.5437249851571387,1121
ENV_HV1BR_Haddox_2016,ENV_HV1BR,Virus,OrganismalFitness,random_variant,kermut,official_out_of_fold_predictions,ProteinGym_normalized_targets,0.37478425908155005,0.9703866326176606,0.5455463379063135,0.06523108779607023,0.1,0.19813519813519814,0.06995753894780407,0.41483351309196226,0.0,12863
EPHB2_HUMAN_Tsuboyama_2023_1F0M,EPHB2_HUMAN,Human,Stability,random_variant,kermut,official_out_of_fold_predictions,ProteinGym_normalized_targets,0.9275141680368986,0.28431931107319425,0.20741549513992735,0.9194187048473044,0.1,0.49193548387096775,0.20666584620184061,0.9664623552973304,0.008000729330429172,1239
ESTA_BACSU_Nutschel_2020,ESTA_BACSU,Prokaryote,Stability,random_variant,kermut,official_out_of_fold_predictions,ProteinGym_normalized_targets,0.7609261652084588,0.6674843732133895,0.4870550496765286,0.5550888792595066,0.1,0.5458715596330275,49.192385321100915,1.2746521799333626,0.0,2172
FECA_ECOLI_Tsuboyama_2023_2D1U,FECA_ECOLI,Prokaryote,Stability,random_variant,kermut,official_out_of_fold_predictions,ProteinGym_normalized_targets,0.9200425696082891,0.40467441971762774,0.30166968455963905,0.8369826952377928,0.1,0.7049180327868853,0.7143078830997793,1.5379290353270114,0.0,1219
FKBP3_HUMAN_Tsuboyama_2023_2KFV,FKBP3_HUMAN,Human,Stability,random_variant,kermut,official_out_of_fold_predictions,ProteinGym_normalized_targets,0.8442332751162145,0.4989175864695984,0.3605653839077607,0.7528651067321395,0.1,0.45161290322580644,0.38230261924664966,0.9670872897971425,0.0,1237
GAL4_YEAST_Kitzman_2015,GAL4_YEAST,Eukaryote,OrganismalFitness,random_variant,kermut,official_out_of_fold_predictions,ProteinGym_normalized_targets,0.7379562913952503,0.7018630503435864,0.5508140586614226,0.5085113019271901,0.1,0.4583333333333333,0.73525,1.067625506761167,0.20786479820610348,1195
GDIA_HUMAN_Silverstein_2021,GDIA_HUMAN,Human,OrganismalFitness,random_variant,kermut,official_out_of_fold_predictions,ProteinGym_normalized_targets,0.5286537364651825,0.7975529567387444,0.6167876595651908,0.36713406391860604,0.1,0.15517241379310345,0.9018199471379311,0.6322937310376187,0.0011412728709853158,1154
GFP_AEQVI_Sarkisyan_2016,GFP_AEQVI,Eukaryote,Activity,random_variant,kermut,official_out_of_fold_predictions,ProteinGym_normalized_targets,0.5675435743684872,0.7542376460786222,0.4572341581855259,0.44335232889782217,0.1,0.1834862385321101,3.6987886709730198,0.42782837131528906,0.1698046493340658,1084
GRB2_HUMAN_Faure_2021,GRB2_HUMAN,Human,OrganismalFitness,random_variant,kermut,official_out_of_fold_predictions,ProteinGym_normalized_targets,0.9054888291135608,0.3948261277073389,0.2948292474160542,0.8450110692750276,0.1,0.5,0.0750801227630928,1.116142299936284,0.0,1034
HCP_LAMBD_Tsuboyama_2023_2L6Q,HCP_LAMBD,Virus,Stability,random_variant,kermut,official_out_of_fold_predictions,ProteinGym_normalized_targets,0.9142390358377523,0.30697901451589316,0.22488732767884614,0.9061493669198979,0.1,0.5,0.23315023848089586,0.9780258031551382,0.24073915089941425,1040
HECD1_HUMAN_Tsuboyama_2023_3DKM,HECD1_HUMAN,Human,Stability,random_variant,kermut,official_out_of_fold_predictions,ProteinGym_normalized_targets,0.9245978977645365,0.3790019088400357,0.28112778309337616,0.8571758129765547,0.1,0.616,0.2983427745171523,1.2067906408520248,0.0,1244
HEM3_HUMAN_Loggerenberg_2023,HEM3_HUMAN,Human,Activity,random_variant,kermut,official_out_of_fold_predictions,ProteinGym_normalized_targets,0.5257185040038328,0.8435303369102954,0.6686920627647782,0.28869473767531195,0.1,0.14762741652021089,0.8403795525518453,0.6120971343395173,0.9803668130209305,5689
HMDH_HUMAN_Jiang_2019,HMDH_HUMAN,Human,OrganismalFitness,random_variant,kermut,official_out_of_fold_predictions,ProteinGym_normalized_targets,0.7324596021159868,0.6658343445413927,0.5026966759085939,0.5567478796704405,0.1,0.29833926453143533,0.7351071174377224,0.9664466531351315,0.0,16853
HSP82_YEAST_Cote-Hammarlof_2020_growth-H2O2,HSP82_YEAST,Eukaryote,OrganismalFitness,random_variant,kermut,official_out_of_fold_predictions,ProteinGym_normalized_targets,0.618472407766139,0.7074298265865165,0.43371422543071936,0.5003850245663999,0.1,0.24336283185840707,-0.0003125635110619518,0.5015045068467681,0.0,2252
HSP82_YEAST_Flynn_2019,HSP82_YEAST,Eukaryote,OrganismalFitness,random_variant,kermut,official_out_of_fold_predictions,ProteinGym_normalized_targets,0.6576528729088458,0.6100713629862259,0.44543476175592234,0.6281929652943219,0.1,0.38571428571428573,0.12336663950318708,0.8234726082552064,0.0,13294
HSP82_YEAST_Mishra_2016,HSP82_YEAST,Eukaryote,OrganismalFitness,random_variant,kermut,official_out_of_fold_predictions,ProteinGym_normalized_targets,0.7168918114069204,0.47460745579298297,0.3029838732942621,0.7748354940699342,0.1,0.2979214780600462,0.010827579775981522,0.5637441466917155,0.5064883457412193,4323
HXK4_HUMAN_Gersing_2022_activity,HXK4_HUMAN,Human,OrganismalFitness,random_variant,kermut,official_out_of_fold_predictions,ProteinGym_normalized_targets,0.6999514070932019,0.7425708843064056,0.5285193517106359,0.4491567443098945,0.1,0.4364060676779463,1.58255215127888,1.2103586307318293,0.0,8570
HXK4_HUMAN_Gersing_2023_abundance,HXK4_HUMAN,Human,Expression,random_variant,kermut,official_out_of_fold_predictions,ProteinGym_normalized_targets,0.6615186038366054,0.6873531703038247,0.5224020680962304,0.5277965465292074,0.1,0.28809523809523807,0.9688991566018298,0.7759887763629042,0.34327128442637433,8396
I6TAH8_I68A0_Doud_2015,I6TAH8_I68A0,Virus,OrganismalFitness,random_variant,kermut,official_out_of_fold_predictions,ProteinGym_normalized_targets,0.7429801596411388,0.6439892509961506,0.4928048525026925,0.5855237039848458,0.1,0.5776135163674763,-0.48903821534936354,1.534858180345495,0.23820757204830104,9462
IF1_ECOLI_Kelsic_2016,IF1_ECOLI,Prokaryote,OrganismalFitness,random_variant,kermut,official_out_of_fold_predictions,ProteinGym_normalized_targets,0.7753250781820342,0.5213373894460259,0.350066246146891,0.729024872265904,0.1,0.35766423357664234,0.9791417274890512,0.6532043294942333,0.0,1367
ILF3_HUMAN_Tsuboyama_2023_2L33,ILF3_HUMAN,Human,Stability,random_variant,kermut,official_out_of_fold_predictions,ProteinGym_normalized_targets,0.7590333108418926,0.4842399785771416,0.3282845286065237,0.7670503518006115,0.1,0.5263157894736842,0.4441869183927678,0.9468214119677325,0.0,1329
ISDH_STAAW_Tsuboyama_2023_2LHR,ISDH_STAAW,Prokaryote,Stability,random_variant,kermut,official_out_of_fold_predictions,ProteinGym_normalized_targets,0.8864576602368943,0.44398961535530507,0.3196726995763298,0.8038285621585495,0.1,0.5851063829787234,0.16102623369810412,1.0719062694709613,0.19384176593913377,940
KCNE1_HUMAN_Muhammad_2023_expression,KCNE1_HUMAN,Human,Expression,random_variant,kermut,official_out_of_fold_predictions,ProteinGym_normalized_targets,0.7918552813986399,0.5793017381296863,0.37402809864459596,0.6649856593204162,0.1,0.6324786324786325,1.5017112337735041,1.4313982841598463,0.0,2339
KCNE1_HUMAN_Muhammad_2023_function,KCNE1_HUMAN,Human,Activity,random_variant,kermut,official_out_of_fold_predictions,ProteinGym_normalized_targets,0.7859300664234331,0.508620395966797,0.3853955377471275,0.7415884271887359,0.1,0.3706896551724138,1.1227494753534484,0.907298406996292,0.0,2315
KCNJ2_MOUSE_Coyote-Maestas_2022_function,KCNJ2_MOUSE,Eukaryote,Activity,random_variant,kermut,official_out_of_fold_predictions,ProteinGym_normalized_targets,0.47693405742994005,0.9049334834300774,0.6612958732202198,0.18150897313295267,0.1,0.18077474892395984,0.33325848889526544,0.5417435750719751,0.7540013382029682,6963
KCNJ2_MOUSE_Coyote-Maestas_2022_surface,KCNJ2_MOUSE,Eukaryote,Expression,random_variant,kermut,official_out_of_fold_predictions,ProteinGym_normalized_targets,0.6546756121910388,0.6379805189772925,0.47678216443948906,0.5933831856132988,0.1,0.3338150289017341,0.851324935099711,0.7470288116105289,0.4990484518422911,6917
KKA2_KLEPN_Melnikov_2014,KKA2_KLEPN,Prokaryote,OrganismalFitness,random_variant,kermut,official_out_of_fold_predictions,ProteinGym_normalized_targets,0.8079537263804015,0.6376801341946546,0.46773767017377943,0.5939225006958446,0.1,0.3387096774193548,2.2568251008064513,1.1374701229441486,0.106102822609111,4960
LGK_LIPST_Klesmith_2015,LGK_LIPST,Eukaryote,Activity,random_variant,kermut,official_out_of_fold_predictions,ProteinGym_normalized_targets,0.782007384006444,0.6461647199863956,0.4968390395044942,0.5827555674030415,0.1,0.5754119138149556,-0.043017363751584284,1.2397433974680043,0.12863212974482274,7890
MAFG_MOUSE_Tsuboyama_2023_1K1V,MAFG_MOUSE,Eukaryote,Stability,random_variant,kermut,official_out_of_fold_predictions,ProteinGym_normalized_targets,0.9333782839526764,0.3475427220457007,0.2428123332496063,0.8809311707022482,0.1,0.6753246753246753,0.3050527933454938,1.107315935557558,0.19260106646447858,762
MBD11_ARATH_Tsuboyama_2023_6ACV,MBD11_ARATH,Eukaryote,Stability,random_variant,kermut,official_out_of_fold_predictions,ProteinGym_normalized_targets,0.9424325939423119,0.31285253919712813,0.22524431647515153,0.9023100762529992,0.1,0.6551724137931034,0.46359089154674854,1.1339061076146497,0.0,1155
MET_HUMAN_Estevam_2023,MET_HUMAN,Human,Activity,random_variant,kermut,official_out_of_fold_predictions,ProteinGym_normalized_targets,0.6942742140502056,0.6263594473628847,0.46130567212575374,0.6077950536064466,0.1,0.17222222222222222,-0.16410174787030013,0.7235023913833819,0.01235087338416866,5393
MK01_HUMAN_Brenan_2016,MK01_HUMAN,Human,OrganismalFitness,random_variant,kermut,official_out_of_fold_predictions,ProteinGym_normalized_targets,0.5995301741149182,0.8356802821369399,0.5984471980928027,0.30262296517463694,0.1,0.44493392070484583,-7.066303517888399,0.9581219198374362,0.0,6809
MLAC_ECOLI_MacRae_2023,MLAC_ECOLI,Prokaryote,OrganismalFitness,random_variant,kermut,official_out_of_fold_predictions,ProteinGym_normalized_targets,0.7804805561031959,0.5709532034334184,0.4096285101877889,0.6744021263439475,0.1,0.341645885286783,0.033490841319201985,0.800902275963788,0.16904138519553252,4007
MSH2_HUMAN_Jia_2020,MSH2_HUMAN,Human,OrganismalFitness,random_variant,kermut,official_out_of_fold_predictions,ProteinGym_normalized_targets,0.6654488928377491,0.6417271004338297,0.4838511121459227,0.5883874521771202,0.1,0.3743283582089552,4.588937313432836,0.8413905138079327,0.12175024128310642,16749
MTH3_HAEAE_RockahShmuel_2015,MTH3_HAEAE,Prokaryote,OrganismalFitness,random_variant,kermut,official_out_of_fold_predictions,ProteinGym_normalized_targets,0.7626857891566501,0.6389173487002314,0.4898705836038829,0.5920627028113172,0.1,0.3651685393258427,0.8437078651685394,1.12510829357931,0.5182978981585599,1777
MTHR_HUMAN_Weile_2021,MTHR_HUMAN,Human,OrganismalFitness,random_variant,kermut,official_out_of_fold_predictions,ProteinGym_normalized_targets,0.6981929527390859,0.6223255663506979,0.4741304651907942,0.6127484478659815,0.1,0.25020048115477145,0.8807923817161188,0.8065104324542642,0.004280416936132649,12464
MYO3_YEAST_Tsuboyama_2023_2BTT,MYO3_YEAST,Eukaryote,Stability,random_variant,kermut,official_out_of_fold_predictions,ProteinGym_normalized_targets,0.9203078265699208,0.41202701313597845,0.3049693709184794,0.8306873297155358,0.1,0.631578947368421,0.5617311200157882,1.4626429357589832,0.0,947
NCAP_I34A1_Doud_2015,NCAP_I34A1,Virus,OrganismalFitness,random_variant,kermut,official_out_of_fold_predictions,ProteinGym_normalized_targets,0.654484888436461,0.7582617918996065,0.5944297330944366,0.4252581659888548,0.1,0.40760295670538543,-1.311229382458662,1.1707840981985136,0.0,9462
NKX31_HUMAN_Tsuboyama_2023_2L9R,NKX31_HUMAN,Human,Stability,random_variant,kermut,official_out_of_fold_predictions,ProteinGym_normalized_targets,0.8862110535511076,0.4268650451164355,0.3016649072200122,0.819128420816311,0.1,0.5304347826086957,0.19514962502002187,1.0556828978917066,2.679452959368168,1149
NPC1_HUMAN_Erwood_2022_HEK293T,NPC1_HUMAN,Human,Activity,random_variant,kermut,official_out_of_fold_predictions,ProteinGym_normalized_targets,0.8197691796074547,0.588936292517733,0.4634333220999216,0.6559629990709692,0.1,0.421875,0.95198762234375,1.1106404301429231,0.06062587363975804,637
NUD15_HUMAN_Suiter_2020,NUD15_HUMAN,Human,Expression,random_variant,kermut,official_out_of_fold_predictions,ProteinGym_normalized_targets,0.8348233034739285,0.5069977605614495,0.3900803057376266,0.7430781380009391,0.1,0.3649122807017544,0.9092015645712709,1.0295613725214394,0.16150420258800305,2844
NUSA_ECOLI_Tsuboyama_2023_1WCL,NUSA_ECOLI,Prokaryote,Stability,random_variant,kermut,official_out_of_fold_predictions,ProteinGym_normalized_targets,0.9440751591031713,0.28354781908681337,0.20698208953752684,0.9197663301949561,0.1,0.5801526717557252,0.3249882479109908,1.1338426010873675,0.0,1306
NUSG_MYCTU_Tsuboyama_2023_2MI6,NUSG_MYCTU,Prokaryote,Stability,random_variant,kermut,official_out_of_fold_predictions,ProteinGym_normalized_targets,0.9525228108445033,0.281347672580519,0.20536278952051032,0.921236563463293,0.1,0.6568627450980392,0.4464531871863359,1.143092595489223,0.0,1019
OBSCN_HUMAN_Tsuboyama_2023_1V1C,OBSCN_HUMAN,Human,Stability,random_variant,kermut,official_out_of_fold_predictions,ProteinGym_normalized_targets,0.9313722293210293,0.31136076642267746,0.22838158923099505,0.9032409397674428,0.1,0.639344262295082,0.30724787976111245,1.088395486856207,0.0,1213
ODP2_GEOSE_Tsuboyama_2023_1W4G,ODP2_GEOSE,Prokaryote,Stability,random_variant,kermut,official_out_of_fold_predictions,ProteinGym_normalized_targets,0.8893306085773703,0.4555176131514277,0.3167445613171898,0.7946484833390648,0.1,0.6716417910447762,0.1369901101136785,1.1554309497823905,0.0,669
OTC_HUMAN_Lo_2023,OTC_HUMAN,Human,Activity,random_variant,kermut,official_out_of_fold_predictions,ProteinGym_normalized_targets,0.869157330456365,0.5063420887211728,0.3811659086106051,0.7440879630561787,0.1,0.4968152866242038,1.0013503184713375,1.383006947024445,0.06375759213470306,1570
OTU7A_HUMAN_Tsuboyama_2023_2L2D,OTU7A_HUMAN,Human,Stability,random_variant,kermut,official_out_of_fold_predictions,ProteinGym_normalized_targets,0.9056285551056905,0.4435805841326635,0.32002731822308667,0.8040132361266636,0.1,0.5625,0.41862265542878574,1.2526361710724532,0.0,635
OXDA_RHOTO_Vanella_2023_activity,OXDA_RHOTO,Eukaryote,Activity,random_variant,kermut,official_out_of_fold_predictions,ProteinGym_normalized_targets,0.5888541368429056,0.8270868140118396,0.6160886245565947,0.31617298211571376,0.1,0.315625,-0.003164973875212537,1.0162793557538738,0.0,6396
OXDA_RHOTO_Vanella_2023_expression,OXDA_RHOTO,Eukaryote,Expression,random_variant,kermut,official_out_of_fold_predictions,ProteinGym_normalized_targets,0.6611875506552534,0.7583934427543871,0.5774661070498773,0.4255600876542983,0.1,0.32348596750369274,0.043020273091856576,0.8790905201040471,0.20565289403468132,6769
P53_HUMAN_Giacomelli_2018_Null_Etoposide,P53_HUMAN,Human,OrganismalFitness,random_variant,kermut,official_out_of_fold_predictions,ProteinGym_normalized_targets,0.7657545907640093,0.5678790225828635,0.42585615095095974,0.6776228571987456,0.1,0.46586345381526106,1.0209885835931654,0.9957915727696586,0.630250707359567,7467
P53_HUMAN_Giacomelli_2018_Null_Nutlin,P53_HUMAN,Human,OrganismalFitness,random_variant,kermut,official_out_of_fold_predictions,ProteinGym_normalized_targets,0.7402142849884276,0.6487086764248384,0.49104744510976833,0.5794100199060036,0.1,0.6291834002677377,1.580527303435948,1.568178259764566,0.3265644458763899,7467
P53_HUMAN_Giacomelli_2018_WT_Nutlin,P53_HUMAN,Human,OrganismalFitness,random_variant,kermut,official_out_of_fold_predictions,ProteinGym_normalized_targets,0.8851946095629772,0.46049895848003486,0.3538248934582483,0.7880536040719806,0.1,0.5100401606425703,1.2808885491497293,1.2564561521333204,0.0,7467
P53_HUMAN_Kotler_2018,P53_HUMAN,Human,OrganismalFitness,random_variant,kermut,official_out_of_fold_predictions,ProteinGym_normalized_targets,0.7905387911661887,0.5896286536601213,0.46182622436255727,0.6535829925940473,0.1,0.3142857142857143,2.4689098975049095,0.9891914103035925,0.0,1048
P84126_THETH_Chan_2017,P84126_THETH,Prokaryote,OrganismalFitness,random_variant,kermut,official_out_of_fold_predictions,ProteinGym_normalized_targets,0.8586873284375558,0.500090925698057,0.38744344819266624,0.7507952246627364,0.1,0.5855263157894737,0.40099435471710526,1.427626775578805,0.0,1519
PABP_YEAST_Melamed_2013,PABP_YEAST,Eukaryote,OrganismalFitness,random_variant,kermut,official_out_of_fold_predictions,ProteinGym_normalized_targets,0.8482400906625679,0.48696982269741407,0.35463997278370685,0.7643425657925259,0.1,0.31092436974789917,1.01303302207563,0.9740979533795272,0.0,1187
PAI1_HUMAN_Huttinger_2021,PAI1_HUMAN,Human,Activity,random_variant,kermut,official_out_of_fold_predictions,ProteinGym_normalized_targets,0.5985782304870221,0.7894969109927047,0.6076401108834087,0.37695142607247945,0.1,0.38317757009345793,0.872808541528972,0.9073967511106754,0.3461840703677255,5345
PA_I34A1_Wu_2015,PA_I34A1,Virus,OrganismalFitness,random_variant,kermut,official_out_of_fold_predictions,ProteinGym_normalized_targets,0.5392656938535922,0.9484046215735553,0.5618198966304505,0.128655206290881,0.1,0.25274725274725274,0.7248010829505493,0.5539398569065443,6.709257846027896,1820
PHOT_CHLRE_Chen_2023,PHOT_CHLRE,Eukaryote,Activity,random_variant,kermut,official_out_of_fold_predictions,ProteinGym_normalized_targets,0.7893861440844375,0.4953035091950051,0.35981350152165215,0.7551983959783015,0.1,0.41784037558685444,1.3516416217609424,0.8263352460927543,0.0,2122
PIN1_HUMAN_Tsuboyama_2023_1I6C,PIN1_HUMAN,Human,Stability,random_variant,kermut,official_out_of_fold_predictions,ProteinGym_normalized_targets,0.9230371996347158,0.38576814786705116,0.24641611789081633,0.8532342188961788,0.1,0.6086956521739131,0.21050814644884513,1.1594137631837218,0.3143905798546123,686
PITX2_HUMAN_Tsuboyama_2023_2L7M,PITX2_HUMAN,Human,Stability,random_variant,kermut,official_out_of_fold_predictions,ProteinGym_normalized_targets,0.931375884378015,0.3565051358523544,0.2506224946152878,0.8733278725287491,0.1,0.648936170212766,0.5217327546601024,1.238801443145867,0.0,938
PKN1_HUMAN_Tsuboyama_2023_1URF,PKN1_HUMAN,Human,Stability,random_variant,kermut,official_out_of_fold_predictions,ProteinGym_normalized_targets,0.8616854703155562,0.39382875704872206,0.27014597371897775,0.8457392391037021,0.1,0.6564885496183206,0.45362948457137947,0.9707250140800776,0.0,1301
POLG_CXB3N_Mattenberger_2021,POLG_CXB3N,Virus,OrganismalFitness,random_variant,kermut,official_out_of_fold_predictions,ProteinGym_normalized_targets,0.7297072865837533,0.6356284401084957,0.48911058838187144,0.5962456067571882,0.1,0.5909669211195929,-0.8268845892884977,1.633248885223712,0.0,15711
POLG_DEN26_Suphatrakul_2023,POLG_DEN26,Virus,OrganismalFitness,random_variant,kermut,official_out_of_fold_predictions,ProteinGym_normalized_targets,0.8247738036200687,0.5188818082586499,0.38870398454043087,0.7307902432787768,0.1,0.6023668639053255,-0.34815916728062296,1.5160232458509413,0.0,16897
POLG_HCVJF_Qi_2014,POLG_HCVJF,Virus,OrganismalFitness,random_variant,kermut,official_out_of_fold_predictions,ProteinGym_normalized_targets,0.7051618235873641,0.7083462208299179,0.45370175233631904,0.5001442490354984,0.1,0.4723926380368098,-0.2304364799815951,1.3311558063515556,0.0,1630
POLG_PESV_Tsuboyama_2023_2MXD,POLG_PESV,Virus,Stability,random_variant,kermut,official_out_of_fold_predictions,ProteinGym_normalized_targets,0.9180411889512288,0.33668810242709996,0.24420785683316584,0.8872120332053415,0.1,0.59,0.1188866560447754,1.0252409689110307,0.0,995
PPARG_HUMAN_Majithia_2016,PPARG_HUMAN,Human,Activity,random_variant,kermut,official_out_of_fold_predictions,ProteinGym_normalized_targets,0.9498865889424174,0.30605224433685696,0.23558109568664162,0.906337891697065,0.1,0.6096033402922756,2.566456158663883,1.2192115385213782,0.0,9576
PPM1D_HUMAN_Miller_2022,PPM1D_HUMAN,Human,OrganismalFitness,random_variant,kermut,official_out_of_fold_predictions,ProteinGym_normalized_targets,0.6870906366048667,0.7352584870305144,0.5487848472260027,0.4597433784250078,0.1,0.2623574144486692,0.22177290240811154,0.7703838487354052,0.0,7889
PR40A_HUMAN_Tsuboyama_2023_1UZC,PR40A_HUMAN,Human,Stability,random_variant,kermut,official_out_of_fold_predictions,ProteinGym_normalized_targets,0.8839973476421067,0.4218594931248082,0.2954994488386002,0.8227156236961956,0.1,0.5555555555555556,0.29586093968068095,0.9795232165789144,0.0,1163
PRKN_HUMAN_Clausen_2023,PRKN_HUMAN,Human,Expression,random_variant,kermut,official_out_of_fold_predictions,ProteinGym_normalized_targets,0.8747890453313328,0.38872185348950933,0.2609025415980025,0.8489845270728402,0.1,0.502283105022831,1.0623550124936878,0.9357047109005523,0.0,8756
PSAE_PICP2_Tsuboyama_2023_1PSE,PSAE_PICP2,Prokaryote,Stability,random_variant,kermut,official_out_of_fold_predictions,ProteinGym_normalized_targets,0.9001071953087129,0.398094284672265,0.28636686342321577,0.842534642057416,0.1,0.6557377049180327,0.4979093587304246,1.2050755934873993,0.0,1219
PTEN_HUMAN_Matreyek_2021,PTEN_HUMAN,Human,Expression,random_variant,kermut,official_out_of_fold_predictions,ProteinGym_normalized_targets,0.7080196455117204,0.6805823408686742,0.4984924671732855,0.5371488676085576,0.1,0.2632612966601179,0.950986960263593,0.7519202374973767,0.03884367034038336,5083
PTEN_HUMAN_Mighell_2018,PTEN_HUMAN,Human,Activity,random_variant,kermut,official_out_of_fold_predictions,ProteinGym_normalized_targets,0.6474630467970568,0.6094215325302909,0.45201191885349523,0.6288268938587145,0.1,0.25895316804407714,0.030940755050964233,0.6697972213061861,0.38174362713627746,7260
Q2N0S5_9HIV1_Haddox_2018,Q2N0S5_9HIV1,Virus,OrganismalFitness,random_variant,kermut,official_out_of_fold_predictions,ProteinGym_normalized_targets,0.8411522961005404,0.5409978409401826,0.4175936871417979,0.7073426284060351,0.1,0.4344069128043991,0.12442996128829537,1.1570198917227121,0.028201547812903485,12729
Q53Z42_HUMAN_McShan_2019_binding-TAPBPR,Q53Z42_HUMAN,Human,Binding,random_variant,kermut,official_out_of_fold_predictions,ProteinGym_normalized_targets,0.7869578139558416,0.6091776973881293,0.46206537118583135,0.6292448412331899,0.1,0.4537313432835821,1.2869701492537315,1.106939134785766,0.0,3344
Q53Z42_HUMAN_McShan_2019_expression,Q53Z42_HUMAN,Human,Expression,random_variant,kermut,official_out_of_fold_predictions,ProteinGym_normalized_targets,0.781598759122246,0.6426181016404457,0.49972710745564,0.5877507743218993,0.1,0.4955223880597015,1.3337611940298506,1.2711012291414672,0.0,3344
Q59976_STRSQ_Romero_2015,Q59976_STRSQ,Prokaryote,Activity,random_variant,kermut,official_out_of_fold_predictions,ProteinGym_normalized_targets,0.7612667247674034,0.6623122341266598,0.49012353178606205,0.5616871311317115,0.1,0.31666666666666665,-0.21680000000000002,0.8234368442067692,1.4063120289246405,2999
Q6WV12_9MAXI_Somermeyer_2022,Q6WV12_9MAXI,Eukaryote,Activity,random_variant,kermut,official_out_of_fold_predictions,ProteinGym_normalized_targets,0.7188765565132842,0.5969105058773037,0.3986174391709816,0.6454703226670739,0.1,0.5043478260869565,18462.145797555666,0.8804959099555673,0.0,1141
Q837P4_ENTFA_Meier_2023,Q837P4_ENTFA,Prokaryote,Activity,random_variant,kermut,official_out_of_fold_predictions,ProteinGym_normalized_targets,0.8051423968434456,0.5555195218759197,0.38747693712682924,0.6925331679093467,0.1,0.37142857142857144,-0.0826675617,0.8663295113967928,0.10285950067222563,697
Q837P5_ENTFA_Meier_2023,Q837P5_ENTFA,Prokaryote,Activity,random_variant,kermut,official_out_of_fold_predictions,ProteinGym_normalized_targets,0.8081482789122686,0.5418233713883169,0.3929096377155288,0.7074871557386728,0.1,0.38666666666666666,-0.26234966588,0.8662932859423343,0.143441548488861,747
Q8WTC7_9CNID_Somermeyer_2022,Q8WTC7_9CNID,Eukaryote,Activity,random_variant,kermut,official_out_of_fold_predictions,ProteinGym_normalized_targets,0.6828080177223362,0.6866262994174009,0.43113646507343883,0.5298695858386107,0.1,0.2396694214876033,9378.330180036643,0.5888126863246066,1.2273364233907391,1201
R1AB_SARS2_Flynn_2022,R1AB_SARS2,Virus,OrganismalFitness,random_variant,kermut,official_out_of_fold_predictions,ProteinGym_normalized_targets,0.8203714375947556,0.46227258402556626,0.3223608593570201,0.7865729646118884,0.1,0.23211169284467714,0.9806805212670471,0.8129645854212796,0.0023387116597337297,5725
RAD_ANTMA_Tsuboyama_2023_2CJJ,RAD_ANTMA,Eukaryote,Stability,random_variant,kermut,official_out_of_fold_predictions,ProteinGym_normalized_targets,0.8755450570275171,0.47842460261791075,0.3559564483629199,0.7717226005910587,0.1,0.5384615384615384,0.44615455064544063,1.115181870865481,0.0,774
RASH_HUMAN_Bandaru_2017,RASH_HUMAN,Human,Activity,random_variant,kermut,official_out_of_fold_predictions,ProteinGym_normalized_targets,0.8387740821176222,0.5554335217930761,0.37117701051407154,0.6924071480762757,0.1,0.5382165605095541,0.22521610803503184,1.154284869012129,7.896718585902575,3134
RASK_HUMAN_Weng_2022_abundance,RASK_HUMAN,Human,Expression,random_variant,kermut,official_out_of_fold_predictions,ProteinGym_normalized_targets,0.7694065251299723,0.6139532925856697,0.455002550409788,0.6236166213402828,0.1,0.46579804560260585,0.08854398108361038,1.1476078116252757,0.0,3066
RASK_HUMAN_Weng_2022_binding-DARPin_K55,RASK_HUMAN,Human,Binding,random_variant,kermut,official_out_of_fold_predictions,ProteinGym_normalized_targets,0.8233353369475575,0.46615734353870447,0.3145204670510052,0.7829496347036957,0.1,0.3948220064724919,0.027134585879030233,0.7665183356952262,0.00609572175651704,3084
RBP1_HUMAN_Tsuboyama_2023_2KWH,RBP1_HUMAN,Human,Stability,random_variant,kermut,official_out_of_fold_predictions,ProteinGym_normalized_targets,0.9038090866954437,0.39541005854346867,0.26875855658215386,0.8442576122633718,0.1,0.673469387755102,0.5517801466163216,1.200444952961681,0.0,975
RCD1_ARATH_Tsuboyama_2023_5OAO,RCD1_ARATH,Eukaryote,Stability,random_variant,kermut,official_out_of_fold_predictions,ProteinGym_normalized_targets,0.910999309722329,0.4227349513289006,0.30827321140182185,0.8219909325788959,0.1,0.6060606060606061,0.5251151435742704,1.2791998129033362,0.0,988
RCRO_LAMBD_Tsuboyama_2023_1ORC,RCRO_LAMBD,Virus,Stability,random_variant,kermut,official_out_of_fold_predictions,ProteinGym_normalized_targets,0.9289407603922695,0.3148618906507361,0.22505763679468618,0.9012119707244413,0.1,0.5333333333333333,0.180850187377486,0.9586725224433408,0.01821702821134963,1195
RD23A_HUMAN_Tsuboyama_2023_1IFY,RD23A_HUMAN,Human,Stability,random_variant,kermut,official_out_of_fold_predictions,ProteinGym_normalized_targets,0.9326385082984849,0.3456891377239304,0.2413784630451629,0.8813203262541366,0.1,0.5875,0.2508413731238942,1.110938954910216,0.0,798
RDRP_I33A0_Li_2023,RDRP_I33A0,Virus,OrganismalFitness,random_variant,kermut,official_out_of_fold_predictions,ProteinGym_normalized_targets,0.6580736054825362,0.7167706132867062,0.5568619210729453,0.4864426134981982,0.1,0.5262281432139884,-0.4591840240585714,1.468374552704567,0.0,12003
REV_HV1H2_Fernandes_2016,REV_HV1H2,Virus,OrganismalFitness,random_variant,kermut,official_out_of_fold_predictions,ProteinGym_normalized_targets,0.5786570548083637,0.7648351550616379,0.550732944334504,0.41719803665257016,0.1,0.17209302325581396,0.011224527268652232,0.605633534009312,1.986416972878786,2147
RFAH_ECOLI_Tsuboyama_2023_2LCL,RFAH_ECOLI,Prokaryote,Stability,random_variant,kermut,official_out_of_fold_predictions,ProteinGym_normalized_targets,0.8590590973321118,0.4997004312240207,0.3750478649295253,0.7512883101225855,0.1,0.6701030927835051,0.8539991454122444,1.682736744083607,0.0,969
RL20_AQUAE_Tsuboyama_2023_1GYZ,RL20_AQUAE,Prokaryote,Stability,random_variant,kermut,official_out_of_fold_predictions,ProteinGym_normalized_targets,0.8108521922271463,0.38282995782148044,0.27248271812915964,0.8542812334977665,0.1,0.4247787610619469,0.1298768176784502,0.7219999091960057,0.0,1121
RL40A_YEAST_Mavor_2016,RL40A_YEAST,Eukaryote,OrganismalFitness,random_variant,kermut,official_out_of_fold_predictions,ProteinGym_normalized_targets,0.7366625605804379,0.6703730737624561,0.48340832977643255,0.5518672096929476,0.1,0.23809523809523808,-0.000869194396825396,0.7907735077621119,0.9851131781664817,1253
RL40A_YEAST_Roscoe_2013,RL40A_YEAST,Eukaryote,OrganismalFitness,random_variant,kermut,official_out_of_fold_predictions,ProteinGym_normalized_targets,0.8460343446286442,0.5674934555457084,0.3947102476926611,0.6785455162096834,0.1,0.39166666666666666,0.005568848430632628,0.7822635158509995,0.016614722868483135,1195
RL40A_YEAST_Roscoe_2014,RL40A_YEAST,Eukaryote,Activity,random_variant,kermut,official_out_of_fold_predictions,ProteinGym_normalized_targets,0.7577186567383796,0.5328735251534169,0.34966619576377533,0.7171654698785406,0.1,0.2246376811594203,1.0056076584782607,0.6550631498415832,0.154692954088158,1380
RNC_ECOLI_Weeks_2023,RNC_ECOLI,Prokaryote,Activity,random_variant,kermut,official_out_of_fold_predictions,ProteinGym_normalized_targets,0.7175166321993346,0.5191416162847647,0.3622076932408207,0.7308661609120286,0.1,0.22897196261682243,-0.0014776643341121503,0.5983132234378236,0.0,4277
RPC1_BP434_Tsuboyama_2023_1R69,RPC1_BP434,Virus,Stability,random_variant,kermut,official_out_of_fold_predictions,ProteinGym_normalized_targets,0.9423677596338397,0.3318550058791831,0.23272488930404805,0.8906790398542923,0.1,0.5929203539823009,0.2746929434113585,1.1417181656388993,0.0,1124
RS15_GEOSE_Tsuboyama_2023_1A32,RS15_GEOSE,Prokaryote,Stability,random_variant,kermut,official_out_of_fold_predictions,ProteinGym_normalized_targets,0.9131451115163566,0.3783398925192674,0.2508707894349958,0.857372911596697,0.1,0.65,0.4507776735215904,1.148949707772477,0.35625862864741753,1195
S22A1_HUMAN_Yee_2023_abundance,S22A1_HUMAN,Human,Expression,random_variant,kermut,official_out_of_fold_predictions,ProteinGym_normalized_targets,0.8369085544496059,0.5106184516678762,0.38588894109213484,0.739437898140408,0.1,0.3720693170234455,0.45832453536085627,0.9532897372690665,0.0,9803
S22A1_HUMAN_Yee_2023_activity,S22A1_HUMAN,Human,Activity,random_variant,kermut,official_out_of_fold_predictions,ProteinGym_normalized_targets,0.7913813873336448,0.5423699524506225,0.4275050321220487,0.7060203395741276,0.1,0.27722772277227725,0.48330677447821785,0.8727781187606981,0.31385070810419924,10094
SAV1_MOUSE_Tsuboyama_2023_2YSB,SAV1_MOUSE,Eukaryote,Stability,random_variant,kermut,official_out_of_fold_predictions,ProteinGym_normalized_targets,0.908150363511886,0.4054286237279658,0.2845448168551105,0.837137447577883,0.1,0.5735294117647058,0.3251040794482383,1.1608811683405573,0.0,679
SBI_STAAM_Tsuboyama_2023_2JVG,SBI_STAAM,Prokaryote,Stability,random_variant,kermut,official_out_of_fold_predictions,ProteinGym_normalized_targets,0.8906706202752817,0.4700068808461231,0.34557900690435117,0.7797627549628513,0.1,0.6213592233009708,0.2909777278545443,1.324135639190283,0.0,1025
SC6A4_HUMAN_Young_2021,SC6A4_HUMAN,Human,Activity,random_variant,kermut,official_out_of_fold_predictions,ProteinGym_normalized_targets,0.735849928177218,0.7084705118755606,0.5216751788681202,0.49815243752528615,0.1,0.33678756476683935,0.7006497298842832,0.8975954985358688,0.6818660516243115,11576
SCIN_STAAR_Tsuboyama_2023_2QFF,SCIN_STAAR,Prokaryote,Stability,random_variant,kermut,official_out_of_fold_predictions,ProteinGym_normalized_targets,0.9133795086967733,0.3863202831373469,0.27379282451250575,0.8509445849790953,0.1,0.6885245901639344,0.5501523342517435,1.2899934121961933,0.0,1212
SDA_BACSU_Tsuboyama_2023_1PV0,SDA_BACSU,Prokaryote,Stability,random_variant,kermut,official_out_of_fold_predictions,ProteinGym_normalized_targets,0.9264530591455125,0.30079011758278706,0.19659811827961626,0.9102804741565752,0.1,0.6071428571428571,0.254352667718536,0.9606945497339568,0.01924406128684061,834
SERC_HUMAN_Xie_2023,SERC_HUMAN,Human,OrganismalFitness,random_variant,kermut,official_out_of_fold_predictions,ProteinGym_normalized_targets,0.6595401422890865,0.5674386933579695,0.3982580908577534,0.6795483646287488,0.1,0.2552083333333333,0.9866419448074192,0.5621563569081679,0.22054105591943143,1914
SHOC2_HUMAN_Kwon_2022,SHOC2_HUMAN,Human,OrganismalFitness,random_variant,kermut,official_out_of_fold_predictions,ProteinGym_normalized_targets,0.6491497520025687,0.7470658362278557,0.5766473284958977,0.44215477438910555,0.1,0.31602914389799636,0.19601815023123945,0.8824201778783293,2.6469430506266693,10972
SOX30_HUMAN_Tsuboyama_2023_7JJK,SOX30_HUMAN,Human,Stability,random_variant,kermut,official_out_of_fold_predictions,ProteinGym_normalized_targets,0.9073481190657878,0.4247360047714363,0.2858871002963366,0.8203401509734274,0.1,0.6237623762376238,0.4638222830823897,1.1306013044339445,0.0,1010
SPA_STAAU_Tsuboyama_2023_1LP1,SPA_STAAU,Prokaryote,Stability,random_variant,kermut,official_out_of_fold_predictions,ProteinGym_normalized_targets,0.9091027389824803,0.4253020262428307,0.30228290151342996,0.8196197969612794,0.1,0.6730769230769231,0.5497864605282435,1.3331281469586065,0.0,1035
SPG1_STRSG_Olson_2014,SPG1_STRSG,Prokaryote,Binding,random_variant,kermut,official_out_of_fold_predictions,ProteinGym_normalized_targets,0.8671599563062936,0.42952326830113663,0.30419102604287085,0.8160482034960811,0.1,0.34285714285714286,0.8885225892362555,0.8345130110217701,0.0,1045
SPG2_STRSG_Tsuboyama_2023_5UBS,SPG2_STRSG,Prokaryote,Stability,random_variant,kermut,official_out_of_fold_predictions,ProteinGym_normalized_targets,0.91331436690771,0.3550134880548663,0.24958129167735668,0.8743625738016342,0.1,0.6504854368932039,0.5335729062652341,1.1668230318087203,0.05139246379064546,1029
SPIKE_SARS2_Starr_2020_binding,SPIKE_SARS2,Virus,Binding,random_variant,kermut,official_out_of_fold_predictions,ProteinGym_normalized_targets,0.8408196821904702,0.4549004337121218,0.29426585209113626,0.7931401948050065,0.1,0.32020997375328086,-0.05304461942257218,0.666846876797977,0.08508952422397914,3802
SPIKE_SARS2_Starr_2020_expression,SPIKE_SARS2,Virus,Expression,random_variant,kermut,official_out_of_fold_predictions,ProteinGym_normalized_targets,0.9073633639259401,0.4001477762218616,0.28202006488588466,0.840146706460297,0.1,0.5605263157894737,0.05678947368421053,1.1016254356441937,0.0,3798
SPTN1_CHICK_Tsuboyama_2023_1TUD,SPTN1_CHICK,Eukaryote,Stability,random_variant,kermut,official_out_of_fold_predictions,ProteinGym_normalized_targets,0.9148741918795423,0.3787789489675122,0.2748185717759848,0.8569808926533086,0.1,0.4716981132075472,0.11916150002092792,1.0759434210109362,0.0,1051
SQSTM_MOUSE_Tsuboyama_2023_2RRU,SQSTM_MOUSE,Eukaryote,Stability,random_variant,kermut,official_out_of_fold_predictions,ProteinGym_normalized_targets,0.9299229681523327,0.38104615994279994,0.2845418562633663,0.8555520525406781,0.1,0.6056338028169014,0.21581155642484404,1.3957003861999235,0.0,707
SR43C_ARATH_Tsuboyama_2023_2N88,SR43C_ARATH,Eukaryote,Stability,random_variant,kermut,official_out_of_fold_predictions,ProteinGym_normalized_targets,0.9335048234366998,0.32420381509741836,0.23411257862502813,0.8949865746716217,0.1,0.6067415730337079,0.2808647661564875,1.1674960088404298,0.0,889
SRBS1_HUMAN_Tsuboyama_2023_2O2W,SRBS1_HUMAN,Human,Stability,random_variant,kermut,official_out_of_fold_predictions,ProteinGym_normalized_targets,0.9376121742494795,0.3388584434864574,0.24452960360628406,0.8855411577326351,0.1,0.5819672131147541,0.22095004092814632,1.0266299911865295,0.027251493534052974,1211
SRC_HUMAN_Ahler_2019,SRC_HUMAN,Human,Activity,random_variant,kermut,official_out_of_fold_predictions,ProteinGym_normalized_targets,0.8262565535172289,0.5927578436428991,0.41133764687869806,0.6492328094246904,0.1,0.514792899408284,0.9665176910769231,1.422866692455566,0.0,3372
SRC_HUMAN_Chakraborty_2023_binding-DAS_25uM,SRC_HUMAN,Human,Activity,random_variant,kermut,official_out_of_fold_predictions,ProteinGym_normalized_targets,0.7400087305230986,0.7099982098022397,0.45924487804085123,0.4993232280855814,0.1,0.4835164835164835,0.9920269179917584,1.4037742737171177,0.0,3637
SRC_HUMAN_Nguyen_2022,SRC_HUMAN,Human,OrganismalFitness,random_variant,kermut,official_out_of_fold_predictions,ProteinGym_normalized_targets,0.7339785133859078,0.7154983374782087,0.501443857340003,0.48867938268359457,0.1,0.4065281899109792,0.23560401090492802,1.2292174825904625,0.0,3366
SUMO1_HUMAN_Weile_2017,SUMO1_HUMAN,Human,OrganismalFitness,random_variant,kermut,official_out_of_fold_predictions,ProteinGym_normalized_targets,0.6698359183230329,0.7388626188812445,0.558162575431706,0.45679860185239773,0.1,0.2529411764705882,0.7305662643764705,0.8360920896352256,1.2092486300488308,1700
SYUA_HUMAN_Newberry_2020,SYUA_HUMAN,Human,OrganismalFitness,random_variant,kermut,official_out_of_fold_predictions,ProteinGym_normalized_targets,0.600637348855086,0.47033458524977295,0.34163027826712056,0.7791547751559658,0.1,0.268,0.008362425234278978,0.5503030283006454,0.17252218760295635,2497
TADBP_HUMAN_Bolognesi_2019,TADBP_HUMAN,Human,OrganismalFitness,random_variant,kermut,official_out_of_fold_predictions,ProteinGym_normalized_targets,0.7803463122479235,0.547064769627931,0.3843327916642976,0.7017125275454812,0.1,0.775,0.16689810246261144,1.6918645514122062,0.0,1196
TAT_HV1BR_Fernandes_2016,TAT_HV1BR,Virus,OrganismalFitness,random_variant,kermut,official_out_of_fold_predictions,ProteinGym_normalized_targets,0.5825109584740509,0.7868685176025401,0.5402518654342422,0.3834387293756617,0.1,0.0949367088607595,-0.016399832775321158,0.5065245912379343,2.792272455758795,1577
TCRG1_MOUSE_Tsuboyama_2023_1E0L,TCRG1_MOUSE,Eukaryote,Stability,random_variant,kermut,official_out_of_fold_predictions,ProteinGym_normalized_targets,0.9196478706330201,0.32156770336596413,0.22592621357294684,0.8973417897204651,0.1,0.49206349206349204,-0.024154461162197993,1.0231781957652504,0.0,621
THO1_YEAST_Tsuboyama_2023_2WQG,THO1_YEAST,Eukaryote,Stability,random_variant,kermut,official_out_of_fold_predictions,ProteinGym_normalized_targets,0.9110897437532359,0.41219052344478313,0.3022887692550763,0.8322011187270516,0.1,0.5909090909090909,0.4070528926388176,1.189433855832186,0.0,656
TNKS2_HUMAN_Tsuboyama_2023_5JRT,TNKS2_HUMAN,Human,Stability,random_variant,kermut,official_out_of_fold_predictions,ProteinGym_normalized_targets,0.9471428019572447,0.3074687409263373,0.230541870600805,0.9056314754421435,0.1,0.625,0.12230612577822285,1.14648294633627,0.07169807921320537,1118
TPK1_HUMAN_Weile_2017,TPK1_HUMAN,Human,OrganismalFitness,random_variant,kermut,official_out_of_fold_predictions,ProteinGym_normalized_targets,0.42404113144847977,0.9177962417531215,0.7319963131653349,0.15851946749922952,0.1,0.1755485893416928,0.7464805540407523,0.6136422457131847,0.14046530418308836,3181
TPMT_HUMAN_Matreyek_2018,TPMT_HUMAN,Human,Expression,random_variant,kermut,official_out_of_fold_predictions,ProteinGym_normalized_targets,0.6266811053433518,0.7080025352607338,0.5281043811883827,0.5000848991116951,0.1,0.21643835616438356,0.9721089671369864,0.5976423666491761,0.0,3648
TPOR_HUMAN_Bridgford_2020,TPOR_HUMAN,Human,OrganismalFitness,random_variant,kermut,official_out_of_fold_predictions,ProteinGym_normalized_targets,0.6458823076463629,0.6824097709583284,0.527318349041637,0.5386984097598426,0.1,0.6140350877192983,0.3103236882297341,1.6962336009553498,0.0,562
TRPC_SACS2_Chan_2017,TRPC_SACS2,Prokaryote,OrganismalFitness,random_variant,kermut,official_out_of_fold_predictions,ProteinGym_normalized_targets,0.8096139647647737,0.5568175102946263,0.4049831038211323,0.6908084284108873,0.1,0.6644736842105263,0.43676690225657894,1.6158008009234839,0.5427776354458935,1519
TRPC_THEMA_Chan_2017,TRPC_THEMA,Prokaryote,OrganismalFitness,random_variant,kermut,official_out_of_fold_predictions,ProteinGym_normalized_targets,0.7868002040953286,0.6028583577723371,0.41416613958205395,0.6400326081417795,0.1,0.5855263157894737,0.36572667788815794,1.7366479767772398,0.0,1519
UBC9_HUMAN_Weile_2017,UBC9_HUMAN,Human,OrganismalFitness,random_variant,kermut,official_out_of_fold_predictions,ProteinGym_normalized_targets,0.7323828436957529,0.7223339893716836,0.5130890101200839,0.48018669610530507,0.1,0.4474708171206226,1.0659106016809339,1.241698160721894,0.0,2563
UBE4B_HUMAN_Tsuboyama_2023_3L1X,UBE4B_HUMAN,Human,Stability,random_variant,kermut,official_out_of_fold_predictions,ProteinGym_normalized_targets,0.9331409576905071,0.37772701652109025,0.27931931521703934,0.8577973736523594,0.1,0.6339285714285714,0.3389218545044558,1.3334178007519406,0.0,1118
UBE4B_MOUSE_Starita_2013,UBE4B_MOUSE,Eukaryote,Activity,random_variant,kermut,official_out_of_fold_predictions,ProteinGym_normalized_targets,0.5712372946753385,0.8215558686799991,0.5985873046343214,0.3306899718462375,0.1,0.2222222222222222,0.20852169103333332,0.6797525519620052,1.134568426314654,899
UBR5_HUMAN_Tsuboyama_2023_1I2T,UBR5_HUMAN,Human,Stability,random_variant,kermut,official_out_of_fold_predictions,ProteinGym_normalized_targets,0.872080555793144,0.39957801632292045,0.2903401615065814,0.8408761581889597,0.1,0.4818181818181818,0.32489833468675083,0.9421688804615166,0.0,1094
VG08_BPP22_Tsuboyama_2023_2GP8,VG08_BPP22,Virus,Stability,random_variant,kermut,official_out_of_fold_predictions,ProteinGym_normalized_targets,0.9087809430780023,0.40401125197520865,0.2691083563200553,0.8384263090964944,0.1,0.7397260273972602,0.360148963650748,1.3022826327629042,0.0,723
VILI_CHICK_Tsuboyama_2023_1YU5,VILI_CHICK,Eukaryote,Stability,random_variant,kermut,official_out_of_fold_predictions,ProteinGym_normalized_targets,0.9267241199565088,0.3568726327119409,0.25175494101125623,0.8734569906398714,0.1,0.512396694214876,0.15402230048013632,1.05670731454995,0.0,1202
VKOR1_HUMAN_Chiasson_2020_abundance,VKOR1_HUMAN,Human,Expression,random_variant,kermut,official_out_of_fold_predictions,ProteinGym_normalized_targets,0.8264956754526115,0.5184866391252478,0.39534348505562894,0.7312291898605734,0.1,0.4074074074074074,1.023576815862937,0.9874190040751376,0.0,2695
VKOR1_HUMAN_Chiasson_2020_activity,VKOR1_HUMAN,Human,Activity,random_variant,kermut,official_out_of_fold_predictions,ProteinGym_normalized_targets,0.445970269207482,0.8482046334095282,0.6577333445570731,0.28479112907183735,0.1,0.14285714285714285,0.8919621523858007,0.37751928087990827,0.0,697
VRPI_BPT7_Tsuboyama_2023_2WNM,VRPI_BPT7,Virus,Stability,random_variant,kermut,official_out_of_fold_predictions,ProteinGym_normalized_targets,0.9323750889599645,0.3116744995042489,0.21870085654331423,0.9033371642237257,0.1,0.7238095238095238,0.4872783213105712,1.2490790766199962,0.0,1047
YAIA_ECOLI_Tsuboyama_2023_2KVT,YAIA_ECOLI,Prokaryote,Stability,random_variant,kermut,official_out_of_fold_predictions,ProteinGym_normalized_targets,0.8894233131273673,0.4258154673681966,0.293201791810528,0.8191938849290121,0.1,0.5483870967741935,0.15656217076729942,1.0599158673608937,0.0007945398795715669,928
YNZC_BACSU_Tsuboyama_2023_2JVD,YNZC_BACSU,Prokaryote,Stability,random_variant,kermut,official_out_of_fold_predictions,ProteinGym_normalized_targets,0.8887372836716949,0.37968196870872106,0.26450186335210085,0.8566908406714409,0.1,0.6388888888888888,0.2619780556705963,1.0785401837681783,0.15611110018548502,714
A0A140D2T1_ZIKV_Sourisseau_2019,A0A140D2T1_ZIKV,Virus,OrganismalFitness,contiguous_position,protein_npt,official_out_of_fold_predictions,ProteinGym_normalized_targets,0.47710428441644565,1.0363651563007006,0.44915935437113247,0.07335747724259878,0.1,0.27035490605427975,0.43648183175277144,0.567771769751649,5.9326334908280085,9576
A0A192B1T2_9HIV1_Haddox_2018,A0A192B1T2_9HIV1,Virus,OrganismalFitness,contiguous_position,protein_npt,official_out_of_fold_predictions,ProteinGym_normalized_targets,0.5350923435399112,0.8935523513120074,0.7006997215438824,0.238145272203946,0.1,0.30445151033386325,-0.4848377098068362,1.0045764724314896,0.0,12577
A0A1I9GEU1_NEIME_Kennouche_2019,A0A1I9GEU1_NEIME,Prokaryote,Activity,contiguous_position,protein_npt,official_out_of_fold_predictions,ProteinGym_normalized_targets,0.04131823728425152,1.0812450747937508,0.800600676306873,-0.15638782920808914,0.1,0.11827956989247312,0.0822043010752688,0.05153286593961817,1.9302162342829188,922
A0A247D711_LISMN_Stadelmann_2021,A0A247D711_LISMN,Prokaryote,Activity,contiguous_position,protein_npt,official_out_of_fold_predictions,ProteinGym_normalized_targets,0.36433122401166673,0.9897581644311862,0.6724537991975379,0.03304513142358323,0.1,0.22289156626506024,0.17454762327133208,0.5089142248199356,0.0,1653
A0A2Z5U3Z0_9INFA_Doud_2016,A0A2Z5U3Z0_9INFA,Virus,OrganismalFitness,contiguous_position,protein_npt,official_out_of_fold_predictions,ProteinGym_normalized_targets,0.5457978222701932,0.8567957148552937,0.6887343173733445,0.2889615315830766,0.1,0.3246268656716418,-0.8220029388152985,0.9958423501792876,0.17319686178738536,10715
A0A2Z5U3Z0_9INFA_Wu_2014,A0A2Z5U3Z0_9INFA,Virus,OrganismalFitness,contiguous_position,protein_npt,official_out_of_fold_predictions,ProteinGym_normalized_targets,0.5051901286763233,1.0007100817994836,0.3824778910118213,0.04188907914572526,0.1,0.22127659574468084,0.727171283519149,0.3324769031782914,12.5452578381485,2350
A4D664_9INFA_Soh_2019,A4D664_9INFA,Virus,OrganismalFitness,contiguous_position,protein_npt,official_out_of_fold_predictions,ProteinGym_normalized_targets,0.3468339365792323,1.032729248905283,0.6267200969659317,0.02828109236476195,0.1,0.19196119196119196,0.566101395308637,0.44916161784589353,21.039226378118737,14421
A4GRB6_PSEAI_Chen_2020,A4GRB6_PSEAI,Prokaryote,OrganismalFitness,contiguous_position,protein_npt,official_out_of_fold_predictions,ProteinGym_normalized_targets,0.7443371924865567,0.6876277611569968,0.5062237304672789,0.5568711216306479,0.1,0.1996007984031936,-0.32358819248377246,0.7660656997314872,0.0,5004
A4_HUMAN_Seuma_2022,A4_HUMAN,Human,Stability,contiguous_position,protein_npt,official_out_of_fold_predictions,ProteinGym_normalized_targets,0.5621785212133439,0.9645902219731145,0.7390176870373115,0.2782422537995499,0.1,0.1,0.0034941135099674503,0.6339939374808966,0.7898316599624647,796
AACC1_PSEAI_Dandage_2018,AACC1_PSEAI,Prokaryote,OrganismalFitness,contiguous_position,protein_npt,official_out_of_fold_predictions,ProteinGym_normalized_targets,0.533432731668492,0.9077243650217164,0.699398953681205,0.20456610093501604,0.1,0.2541436464088398,2.192732298259724,0.7067928900862889,0.166289585217656,1801
ACE2_HUMAN_Chan_2020,ACE2_HUMAN,Human,Binding,contiguous_position,protein_npt,official_out_of_fold_predictions,ProteinGym_normalized_targets,0.3813026596546003,0.9991619985811998,0.7318549188894556,0.0943172804762803,0.1,0.2825112107623318,0.1649393288789238,0.5065663424406195,0.17155648703378218,2223
ADRB2_HUMAN_Jones_2020,ADRB2_HUMAN,Human,Activity,contiguous_position,protein_npt,official_out_of_fold_predictions,ProteinGym_normalized_targets,0.5404669413325905,0.8869340263084189,0.6565344745426794,0.2502350643739788,0.1,0.17564102564102563,2.276627237567795,0.4536944494223154,1.716050776808578,7800
AMFR_HUMAN_Tsuboyama_2023_4G3O,AMFR_HUMAN,Human,Stability,contiguous_position,protein_npt,official_out_of_fold_predictions,ProteinGym_normalized_targets,0.8019577008555351,0.6596916339077001,0.4911321441617927,0.5889655482275138,0.1,0.4634146341463415,0.25543221718469183,0.9957344995185935,0.1489896801764587,820
AMIE_PSEAE_Wrenbeck_2017,AMIE_PSEAE,Prokaryote,Activity,contiguous_position,protein_npt,official_out_of_fold_predictions,ProteinGym_normalized_targets,0.6940257971584267,0.7660583333177169,0.5656587056162441,0.4600913157595107,0.1,0.15409309791332262,-0.009059069020866771,0.7629176498076732,0.8145987054173618,6227
ANCSZ_Hobbs_2022,ANCSZ,Eukaryote,Activity,contiguous_position,protein_npt,official_out_of_fold_predictions,ProteinGym_normalized_targets,0.541420819399557,0.8158139153253756,0.5556867454843755,0.35395544650423694,0.1,0.17130620985010706,0.005173723705556921,0.6165447021114766,0.22813051586152647,4670
ARGR_ECOLI_Tsuboyama_2023_1AOY,ARGR_ECOLI,Prokaryote,Stability,contiguous_position,protein_npt,official_out_of_fold_predictions,ProteinGym_normalized_targets,0.6961762064203068,0.6077856530303124,0.43724883273620824,0.6367382262311028,0.1,0.24031007751937986,-0.01669027351539887,0.7826678955744718,0.0,1287
BBC1_YEAST_Tsuboyama_2023_1TG0,BBC1_YEAST,Eukaryote,Stability,contiguous_position,protein_npt,official_out_of_fold_predictions,ProteinGym_normalized_targets,0.7041347471825178,0.6786478733302771,0.5256435865479152,0.543344146606173,0.1,0.45871559633027525,0.42746214698003965,1.11993889926774,0.0,1084
BCHB_CHLTE_Tsuboyama_2023_2KRU,BCHB_CHLTE,Prokaryote,Stability,contiguous_position,protein_npt,official_out_of_fold_predictions,ProteinGym_normalized_targets,0.5832522126426399,0.837434594659982,0.6033334868289888,0.3188899202302311,0.1,0.3707865168539326,0.11619832101294957,0.7897606076544386,0.0,890
BLAT_ECOLX_Deng_2012,BLAT_ECOLX,Prokaryote,OrganismalFitness,contiguous_position,protein_npt,official_out_of_fold_predictions,ProteinGym_normalized_targets,0.5461299825591063,0.8665333501127946,0.6843805902069163,0.25932672682724656,0.1,0.374,-1.248793054534,0.9631451813088778,0.0,4996
BLAT_ECOLX_Firnberg_2014,BLAT_ECOLX,Prokaryote,OrganismalFitness,contiguous_position,protein_npt,official_out_of_fold_predictions,ProteinGym_normalized_targets,0.8028269126908761,0.6404489109446492,0.4573908960703304,0.5903342012000161,0.1,0.430062630480167,1.065804592901879,1.2390162663279354,2.6722746221161278,4783
BLAT_ECOLX_Jacquier_2013,BLAT_ECOLX,Prokaryote,OrganismalFitness,contiguous_position,protein_npt,official_out_of_fold_predictions,ProteinGym_normalized_targets,0.7209443463901746,0.6451787573438684,0.4168586073813448,0.5877346425831461,0.1,0.18181818181818182,-0.2668548582020202,0.6616390884743687,0.0,989
BLAT_ECOLX_Stiffler_2015,BLAT_ECOLX,Prokaryote,OrganismalFitness,contiguous_position,protein_npt,official_out_of_fold_predictions,ProteinGym_normalized_targets,0.7923260699251572,0.6650120260786241,0.446904871071321,0.5598269513375843,0.1,0.388,-0.09344852188599999,1.009207276455059,0.048697674764612925,4996
BRCA1_HUMAN_Findlay_2018,BRCA1_HUMAN,Human,OrganismalFitness,contiguous_position,protein_npt,official_out_of_fold_predictions,ProteinGym_normalized_targets,0.43125013786619226,0.9751237941712647,0.6639038635872999,0.06152919597655904,0.1,0.16304347826086957,-0.10107275896739132,0.5604662363819163,0.6247758985100972,1837
C6KNH7_9INFA_Lee_2018,C6KNH7_9INFA,Virus,OrganismalFitness,contiguous_position,protein_npt,official_out_of_fold_predictions,ProteinGym_normalized_targets,0.4987646798201721,0.8756439113676392,0.70393059161052,0.2535763958249222,0.1,0.29739776951672864,-0.6103644578096296,0.9535895931073707,0.13084914635992845,10754
CALM1_HUMAN_Weile_2017,CALM1_HUMAN,Human,OrganismalFitness,contiguous_position,protein_npt,official_out_of_fold_predictions,ProteinGym_normalized_targets,0.24038769911939675,1.004536781924928,0.7519132281074627,-0.0060130252761032565,0.1,0.06043956043956044,0.886704706565934,0.39654879820651917,0.29056442325325826,1813
CAPSD_AAV2S_Sinai_2021,CAPSD_AAV2S,Virus,OrganismalFitness,contiguous_position,protein_npt,official_out_of_fold_predictions,ProteinGym_normalized_targets,0.6677704054392988,0.7980462428290214,0.6329346690302631,0.4835995636594157,0.1,0.6111111111111112,2.1680662416011875,1.3970734634105177,0.0,532
CAR11_HUMAN_Meitlis_2020_gof,CAR11_HUMAN,Human,OrganismalFitness,contiguous_position,protein_npt,official_out_of_fold_predictions,ProteinGym_normalized_targets,0.039692574810295166,1.139731985324482,0.7578875292290463,-0.04206508992981628,0.1,0.15126050420168066,-0.3155605920696778,0.05041697649511471,3.1748638116966053,2374
CAR11_HUMAN_Meitlis_2020_lof,CAR11_HUMAN,Human,OrganismalFitness,contiguous_position,protein_npt,official_out_of_fold_predictions,ProteinGym_normalized_targets,0.07449212985796594,1.1177166106793184,0.9149687201217118,-0.028955543980183407,0.1,0.24166666666666667,-0.32094795996840275,0.470451055600978,0.0,2395
CAS9_STRP1_Spencer_2017_positive,CAS9_STRP1,Prokaryote,Activity,contiguous_position,protein_npt,official_out_of_fold_predictions,ProteinGym_normalized_targets,0.18813716674413397,0.9926807026400141,0.6665708503516045,0.02241187299950609,0.1,0.12931034482758622,-0.12353219614637721,0.2084632935244347,0.6051308848673838,8117
CASP3_HUMAN_Roychowdhury_2020,CASP3_HUMAN,Human,Activity,contiguous_position,protein_npt,official_out_of_fold_predictions,ProteinGym_normalized_targets,0.6373694241466584,0.761834701117536,0.5724229728186216,0.4234953799197665,0.1,0.2484076433121019,0.37808427308749826,0.6321360703104151,0.659635453644061,1567
CASP7_HUMAN_Roychowdhury_2020,CASP7_HUMAN,Human,Activity,contiguous_position,protein_npt,official_out_of_fold_predictions,ProteinGym_normalized_targets,0.6297224326842924,0.8278783622030335,0.6222782030724762,0.3317999137221751,0.1,0.19642857142857142,0.23033019932093635,0.7519949966031325,4.089486922102707,1680
CATR_CHLRE_Tsuboyama_2023_2AMI,CATR_CHLRE,Eukaryote,Stability,contiguous_position,protein_npt,official_out_of_fold_predictions,ProteinGym_normalized_targets,0.7471005164841968,0.7498989209889487,0.5348450176067836,0.46553746859143996,0.1,0.5298507462686567,0.4681612018894267,1.0825067728104616,0.00934513196012491,1340
CBPA2_HUMAN_Tsuboyama_2023_1O6X,CBPA2_HUMAN,Human,Stability,contiguous_position,protein_npt,official_out_of_fold_predictions,ProteinGym_normalized_targets,0.6631684103827082,0.5999793833646744,0.4417700978509948,0.6514181232569394,0.1,0.18382352941176472,-0.018128205158277542,0.6820215068459408,0.09371545646320222,1357
CBS_HUMAN_Sun_2020,CBS_HUMAN,Human,OrganismalFitness,contiguous_position,protein_npt,official_out_of_fold_predictions,ProteinGym_normalized_targets,0.48568098484400907,0.9270254040469389,0.7523605520223638,0.20195053289025344,0.1,0.18005540166204986,0.6599831577911701,0.43408999038562207,0.8550770083424509,7217
CBX4_HUMAN_Tsuboyama_2023_2K28,CBX4_HUMAN,Human,Stability,contiguous_position,protein_npt,official_out_of_fold_predictions,ProteinGym_normalized_targets,0.7724887592736128,0.6217724105960286,0.46715366431694655,0.6280375878548595,0.1,0.42391304347826086,0.1801743163222318,0.9991573667488027,0.5554768081477206,917
CCDB_ECOLI_Adkar_2012,CCDB_ECOLI,Prokaryote,Activity,contiguous_position,protein_npt,official_out_of_fold_predictions,ProteinGym_normalized_targets,0.5608523211622369,0.923452236223048,0.6667063227035459,0.2473750658390661,0.1,0.2033898305084746,-12.516949152542374,0.6137012903176408,0.0,1176
CCR5_HUMAN_Gill_2023,CCR5_HUMAN,Human,Binding,contiguous_position,protein_npt,official_out_of_fold_predictions,ProteinGym_normalized_targets,0.30733798176622856,0.9880403040393361,0.6928518122672576,0.066362095157807,0.1,0.14169381107491857,0.06922095548317046,0.38449765413046627,3.4951296249916406,6137
CD19_HUMAN_Klesmith_2019_FMC_singles,CD19_HUMAN,Human,Binding,contiguous_position,protein_npt,official_out_of_fold_predictions,ProteinGym_normalized_targets,0.32814815816475157,0.9842175218225999,0.7346434810719004,0.07174399035754808,0.1,0.20159151193633953,-0.0395884303151381,0.5254708075954619,0.6177101504225342,3761
CP2C9_HUMAN_Amorosi_2021_abundance,CP2C9_HUMAN,Human,Expression,contiguous_position,protein_npt,official_out_of_fold_predictions,ProteinGym_normalized_targets,0.6929960302652137,0.7711149206414217,0.5924693972746861,0.4193018674873289,0.1,0.2857142857142857,0.9603713261491367,0.836409870583096,0.0,6370
CP2C9_HUMAN_Amorosi_2021_activity,CP2C9_HUMAN,Human,Binding,contiguous_position,protein_npt,official_out_of_fold_predictions,ProteinGym_normalized_targets,0.7471585771418785,0.7005638759588694,0.5296043931160958,0.5198020027144514,0.1,0.37073170731707317,0.9374957761105691,1.0877891067500602,0.07008730052622068,6142
CSN4_MOUSE_Tsuboyama_2023_1UFM,CSN4_MOUSE,Eukaryote,Stability,contiguous_position,protein_npt,official_out_of_fold_predictions,ProteinGym_normalized_targets,0.6529225102980579,0.7199330763917781,0.5354161597492831,0.513810437211679,0.1,0.27205882352941174,0.1157804049069932,0.8778303202728426,0.0,1353
CUE1_YEAST_Tsuboyama_2023_2MYX,CUE1_YEAST,Eukaryote,Stability,contiguous_position,protein_npt,official_out_of_fold_predictions,ProteinGym_normalized_targets,0.8079699611101443,0.6187580327862864,0.48023574686094245,0.6352120653929041,0.1,0.4166666666666667,0.10886843784983014,1.1695004014831687,0.0,955
D7PM05_CLYGR_Somermeyer_2022,D7PM05_CLYGR,Eukaryote,Activity,contiguous_position,protein_npt,official_out_of_fold_predictions,ProteinGym_normalized_targets,0.7251363494381896,0.7490351937193347,0.4774960126830625,0.46510140078205553,0.1,0.2564102564102564,30633.34794892264,0.7904957690784448,0.16483811911233986,1169
DLG4_HUMAN_Faure_2021,DLG4_HUMAN,Human,OrganismalFitness,contiguous_position,protein_npt,official_out_of_fold_predictions,ProteinGym_normalized_targets,0.5737243905169,0.8686124551035999,0.654522875139,0.2534802402801236,0.1,0.296875,-0.08642965923315264,0.7150493407227576,0.0,1280
DLG4_RAT_McLaughlin_2012,DLG4_RAT,Eukaryote,Binding,contiguous_position,protein_npt,official_out_of_fold_predictions,ProteinGym_normalized_targets,0.5208651918243161,0.8073383074594167,0.49423843792215416,0.37821401706946556,0.1,0.18354430379746836,0.04585382784810127,0.5360147159765316,0.2194961356812407,1576
DN7A_SACS2_Tsuboyama_2023_1JIC,DN7A_SACS2,Prokaryote,Stability,contiguous_position,protein_npt,official_out_of_fold_predictions,ProteinGym_normalized_targets,0.665163924265476,0.7056163934041918,0.48986964226418644,0.5112155413581253,0.1,0.37623762376237624,-0.013162998897941841,0.7436435088667928,0.0,1008
DNJA1_HUMAN_Tsuboyama_2023_2LO1,DNJA1_HUMAN,Human,Stability,contiguous_position,protein_npt,official_out_of_fold_predictions,ProteinGym_normalized_targets,0.7114724837062987,0.6990967236921322,0.5005350512639778,0.5556171988194711,0.1,0.2786885245901639,-0.02186139536844947,0.8197486843923243,0.03947149688627292,1216
DOCK1_MOUSE_Tsuboyama_2023_2M0Y,DOCK1_MOUSE,Eukaryote,Stability,contiguous_position,protein_npt,official_out_of_fold_predictions,ProteinGym_normalized_targets,0.7249267471746367,0.6869763282014416,0.5274632775580379,0.5375920543155954,0.1,0.36065573770491804,0.29367935110560495,0.9860566072253376,0.7049072385776332,1213
DYR_ECOLI_Nguyen_2023,DYR_ECOLI,Prokaryote,OrganismalFitness,contiguous_position,protein_npt,official_out_of_fold_predictions,ProteinGym_normalized_targets,0.6048156448174274,0.7759514854740943,0.40266001131639234,0.4481123691098837,0.1,0.1643835616438356,0.9982534246575343,0.47037671977035383,0.0,2916
DYR_ECOLI_Thompson_2019,DYR_ECOLI,Prokaryote,OrganismalFitness,contiguous_position,protein_npt,official_out_of_fold_predictions,ProteinGym_normalized_targets,0.5796950949167108,0.8321963108496488,0.5695885443163987,0.3471664567747246,0.1,0.19831223628691982,0.06880759915611814,0.6194852787880051,1.886331217139516,2363
ENVZ_ECOLI_Ghose_2023,ENVZ_ECOLI,Prokaryote,Activity,contiguous_position,protein_npt,official_out_of_fold_predictions,ProteinGym_normalized_targets,0.27823690690579406,1.013446740242825,0.6830045410251561,0.07792389775242026,0.1,0.1592920353982301,3.402609293347987,0.26057634785036754,0.6252112462629489,1121
ENV_HV1BR_Haddox_2016,ENV_HV1BR,Virus,OrganismalFitness,contiguous_position,protein_npt,official_out_of_fold_predictions,ProteinGym_normalized_targets,0.3508160270707983,0.9768255797873144,0.563947468142877,0.05031192567787268,0.1,0.20046620046620048,0.07094904046749782,0.4294613812964979,0.0,12863
EPHB2_HUMAN_Tsuboyama_2023_1F0M,EPHB2_HUMAN,Human,Stability,contiguous_position,protein_npt,official_out_of_fold_predictions,ProteinGym_normalized_targets,0.7841076221912346,0.503532913674126,0.36124637300960455,0.7492342755546504,0.1,0.3064516129032258,0.003688981749989431,0.8086776912631667,0.0,1239
ESTA_BACSU_Nutschel_2020,ESTA_BACSU,Prokaryote,Stability,contiguous_position,protein_npt,official_out_of_fold_predictions,ProteinGym_normalized_targets,0.5521456146344571,0.8622593665823921,0.6640260266484945,0.28331526537563345,0.1,0.41284403669724773,48.61197247706422,1.037523027182049,0.0,2172
FECA_ECOLI_Tsuboyama_2023_2D1U,FECA_ECOLI,Prokaryote,Stability,contiguous_position,protein_npt,official_out_of_fold_predictions,ProteinGym_normalized_targets,0.7081429890222738,0.7353753703998875,0.5273111783569319,0.47143143729748815,0.1,0.36885245901639346,0.2990141547937014,1.0726794454180635,0.0,1219
FKBP3_HUMAN_Tsuboyama_2023_2KFV,FKBP3_HUMAN,Human,Stability,contiguous_position,protein_npt,official_out_of_fold_predictions,ProteinGym_normalized_targets,0.6678921263915237,0.7530032943780592,0.5378085034688763,0.4492949879293826,0.1,0.29838709677419356,0.2318047900923144,0.7872522498765345,0.7304740419975109,1237
GAL4_YEAST_Kitzman_2015,GAL4_YEAST,Eukaryote,OrganismalFitness,contiguous_position,protein_npt,official_out_of_fold_predictions,ProteinGym_normalized_targets,0.5941485298701945,0.9088021669830723,0.7019918033517825,0.2007563929057805,0.1,0.31666666666666665,-0.18766666666666673,0.8932237915996069,0.2135338381571789,1195
GDIA_HUMAN_Silverstein_2021,GDIA_HUMAN,Human,OrganismalFitness,contiguous_position,protein_npt,official_out_of_fold_predictions,ProteinGym_normalized_targets,0.5055711563642071,0.9713903739960589,0.7013555227003813,0.08890336361943718,0.1,0.15517241379310345,0.9048779355344829,0.6434906074509327,0.0009963573522784206,1154
GFP_AEQVI_Sarkisyan_2016,GFP_AEQVI,Eukaryote,Activity,contiguous_position,protein_npt,official_out_of_fold_predictions,ProteinGym_normalized_targets,0.41249781896637705,1.1215988796863436,0.5280817986052075,-0.14308399262880078,0.1,0.1743119266055046,3.6630481657410146,0.3703581303644987,0.1698046493340658,1084
GRB2_HUMAN_Faure_2021,GRB2_HUMAN,Human,OrganismalFitness,contiguous_position,protein_npt,official_out_of_fold_predictions,ProteinGym_normalized_targets,0.7022877129407868,0.7296098203290137,0.5289944790348163,0.4785620002282812,0.1,0.34615384615384615,0.01816094175749677,0.9898675212107416,0.0,1034
HCP_LAMBD_Tsuboyama_2023_2L6Q,HCP_LAMBD,Virus,Stability,contiguous_position,protein_npt,official_out_of_fold_predictions,ProteinGym_normalized_targets,0.7696608056149348,0.5459768809912304,0.4131416522576923,0.7096866098048786,0.1,0.28846153846153844,0.08298622281271308,0.8249111196403531,0.1236321698355655,1040
HECD1_HUMAN_Tsuboyama_2023_3DKM,HECD1_HUMAN,Human,Stability,contiguous_position,protein_npt,official_out_of_fold_predictions,ProteinGym_normalized_targets,0.7784376952884008,0.6657773965451531,0.5231613542509888,0.5808359538897642,0.1,0.408,0.10195616522259127,1.0132739962402304,0.0,1244
HEM3_HUMAN_Loggerenberg_2023,HEM3_HUMAN,Human,Activity,contiguous_position,protein_npt,official_out_of_fold_predictions,ProteinGym_normalized_targets,0.4266217067969373,0.9049147217926151,0.7104553777496011,0.19111612196130634,0.1,0.15114235500878734,0.7495159997820738,0.4039338390083492,0.6955829902099729,5689
HMDH_HUMAN_Jiang_2019,HMDH_HUMAN,Human,OrganismalFitness,contiguous_position,protein_npt,official_out_of_fold_predictions,ProteinGym_normalized_targets,0.5694887521931448,0.9239235630206875,0.7600500941770683,0.3096218438192687,0.1,0.18564650059311982,0.6499420521945434,0.6439228932670252,0.009467607373609412,16853
HSP82_YEAST_Cote-Hammarlof_2020_growth-H2O2,HSP82_YEAST,Eukaryote,OrganismalFitness,contiguous_position,protein_npt,official_out_of_fold_predictions,ProteinGym_normalized_targets,0.5062697415976077,0.9946366066433294,0.49291669684506656,0.08631286898878854,0.1,0.16371681415929204,-0.0009425235818584009,0.4631603396047849,0.24656430120768721,2252
HSP82_YEAST_Flynn_2019,HSP82_YEAST,Eukaryote,OrganismalFitness,contiguous_position,protein_npt,official_out_of_fold_predictions,ProteinGym_normalized_targets,0.4610596272160657,0.9772588161371978,0.6407939531899435,0.12953343375583148,0.1,0.1,-0.028119283786016754,0.41529511576033845,1.8406473760347126,13294
HSP82_YEAST_Mishra_2016,HSP82_YEAST,Eukaryote,OrganismalFitness,contiguous_position,protein_npt,official_out_of_fold_predictions,ProteinGym_normalized_targets,0.6703528559471813,0.9005157916661758,0.4705028219943951,0.3535141280385422,0.1,0.22170900692840648,-0.002873287965357968,0.5252776871487066,1.0914728685395259,4323
HXK4_HUMAN_Gersing_2022_activity,HXK4_HUMAN,Human,OrganismalFitness,contiguous_position,protein_npt,official_out_of_fold_predictions,ProteinGym_normalized_targets,0.5683288486317706,0.8864160871043157,0.6261616779832994,0.25195142348459565,0.1,0.2088681446907818,1.1520398975425903,0.6468419108374746,3.3895035826004842,8570
HXK4_HUMAN_Gersing_2023_abundance,HXK4_HUMAN,Human,Expression,contiguous_position,protein_npt,official_out_of_fold_predictions,ProteinGym_normalized_targets,0.47244434917511235,0.8620070969956681,0.6561960300677454,0.27605010989651557,0.1,0.1869047619047619,0.8853728743133022,0.5408407163044666,0.44299213910855034,8396
I6TAH8_I68A0_Doud_2015,I6TAH8_I68A0,Virus,OrganismalFitness,contiguous_position,protein_npt,official_out_of_fold_predictions,ProteinGym_normalized_targets,0.3211035937835668,0.9848897063162717,0.7409446892057677,0.07522910098623004,0.1,0.26187961985216474,-1.4149348387329108,0.681454860650135,0.0,9462
IF1_ECOLI_Kelsic_2016,IF1_ECOLI,Prokaryote,OrganismalFitness,contiguous_position,protein_npt,official_out_of_fold_predictions,ProteinGym_normalized_targets,0.5413240517786759,0.834455097590101,0.5009906177426482,0.326700320234666,0.1,0.18248175182481752,0.9263339416058394,0.4683641294381196,0.33777366361965955,1367
ILF3_HUMAN_Tsuboyama_2023_2L33,ILF3_HUMAN,Human,Stability,contiguous_position,protein_npt,official_out_of_fold_predictions,ProteinGym_normalized_targets,0.6890901885516914,0.5360063129520025,0.34102725570423326,0.7262196613912149,0.1,0.5112781954887218,0.45707892396661637,0.9626398756518162,0.0,1329
ISDH_STAAW_Tsuboyama_2023_2LHR,ISDH_STAAW,Prokaryote,Stability,contiguous_position,protein_npt,official_out_of_fold_predictions,ProteinGym_normalized_targets,0.536671980764934,0.8379388578934933,0.6299352457313404,0.3216793562924035,0.1,0.24468085106382978,-0.04585316160253768,0.8129738754043815,0.2696848537919655,940
KCNE1_HUMAN_Muhammad_2023_expression,KCNE1_HUMAN,Human,Expression,contiguous_position,protein_npt,official_out_of_fold_predictions,ProteinGym_normalized_targets,0.1665847582163731,1.0808228720808946,0.7145492594231487,-0.04061356577326958,0.1,0.14957264957264957,0.9729405611495727,0.03098409771470545,0.010848226352844745,2339
KCNE1_HUMAN_Muhammad_2023_function,KCNE1_HUMAN,Human,Activity,contiguous_position,protein_npt,official_out_of_fold_predictions,ProteinGym_normalized_targets,0.6887120197463616,0.81171882911014,0.6169070960946005,0.48745462756882774,0.1,0.27155172413793105,1.074450826422414,0.7858798049655156,0.3500064222501464,2315
KCNJ2_MOUSE_Coyote-Maestas_2022_function,KCNJ2_MOUSE,Eukaryote,Activity,contiguous_position,protein_npt,official_out_of_fold_predictions,ProteinGym_normalized_targets,0.3648049861066679,0.9669065123041924,0.722635189500186,0.09848622015327535,0.1,0.17216642754662842,0.27259363342467724,0.4415568680735731,0.7540013382029682,6963
KCNJ2_MOUSE_Coyote-Maestas_2022_surface,KCNJ2_MOUSE,Eukaryote,Expression,contiguous_position,protein_npt,official_out_of_fold_predictions,ProteinGym_normalized_targets,0.38938192995381543,0.9557753403845464,0.6812733898512318,0.1619599327555341,0.1,0.18497109826589594,0.28125030602456647,0.482592666774205,0.7419120741824492,6917
KKA2_KLEPN_Melnikov_2014,KKA2_KLEPN,Prokaryote,OrganismalFitness,contiguous_position,protein_npt,official_out_of_fold_predictions,ProteinGym_normalized_targets,0.7111577336580525,0.7743565507150673,0.5494489371536133,0.4253281755910625,0.1,0.26411290322580644,2.039461290322581,0.9132317775342265,0.0,4960
LGK_LIPST_Klesmith_2015,LGK_LIPST,Eukaryote,Activity,contiguous_position,protein_npt,official_out_of_fold_predictions,ProteinGym_normalized_targets,0.6168447147517141,0.857522094299198,0.6412794692838341,0.2833991417772662,0.1,0.4309252217997465,-0.16802686945500636,0.9934916523381613,0.2501727485083078,7890
MAFG_MOUSE_Tsuboyama_2023_1K1V,MAFG_MOUSE,Eukaryote,Stability,contiguous_position,protein_npt,official_out_of_fold_predictions,ProteinGym_normalized_targets,0.5777216084134584,0.8160927100639226,0.5987835904301837,0.38583578365072935,0.1,0.33766233766233766,0.12288329981346485,0.8531886360558267,0.35912856007336297,762
MBD11_ARATH_Tsuboyama_2023_6ACV,MBD11_ARATH,Eukaryote,Stability,contiguous_position,protein_npt,official_out_of_fold_predictions,ProteinGym_normalized_targets,0.6748964503919437,0.8064800056844563,0.623980778123749,0.4223039157956795,0.1,0.2413793103448276,0.12544582558619713,0.8224386221552923,0.0,1155
MET_HUMAN_Estevam_2023,MET_HUMAN,Human,Activity,contiguous_position,protein_npt,official_out_of_fold_predictions,ProteinGym_normalized_targets,0.6232200870718594,0.7925814252183011,0.5279252846509734,0.3987307415910549,0.1,0.16296296296296298,-0.440103802161327,0.6318504879985747,0.001963292174602817,5393
MK01_HUMAN_Brenan_2016,MK01_HUMAN,Human,OrganismalFitness,contiguous_position,protein_npt,official_out_of_fold_predictions,ProteinGym_normalized_targets,0.31354122698624626,1.0049600909497582,0.7716979188061139,0.03707765352390746,0.1,0.17474302496328928,-7.571009853314244,0.5157558954195343,2.305682656251356,6809
MLAC_ECOLI_MacRae_2023,MLAC_ECOLI,Prokaryote,OrganismalFitness,contiguous_position,protein_npt,official_out_of_fold_predictions,ProteinGym_normalized_targets,0.5631433023001856,0.8786060364160649,0.5978197393379321,0.2546440350161123,0.1,0.20199501246882792,-0.016730485221945146,0.6470759535512247,0.28656322536314255,4007
MSH2_HUMAN_Jia_2020,MSH2_HUMAN,Human,OrganismalFitness,contiguous_position,protein_npt,official_out_of_fold_predictions,ProteinGym_normalized_targets,0.32833089504907015,0.8618532338601328,0.655368243390425,0.2858561751006691,0.1,0.06507462686567164,3.321086567164179,0.22394597673123065,0.5795311485075868,16749
MTH3_HAEAE_RockahShmuel_2015,MTH3_HAEAE,Prokaryote,OrganismalFitness,contiguous_position,protein_npt,official_out_of_fold_predictions,ProteinGym_normalized_targets,0.6816965266485274,0.7666584995177123,0.561705808869229,0.42110686347178894,0.1,0.3146067415730337,0.7847191011235956,0.9641938071610702,0.6546920818844961,1777
MTHR_HUMAN_Weile_2021,MTHR_HUMAN,Human,OrganismalFitness,contiguous_position,protein_npt,official_out_of_fold_predictions,ProteinGym_normalized_targets,0.532054124282144,0.9266327063575558,0.7183440054750285,0.28373062888697564,0.1,0.19647153167602247,0.8410769847634322,0.6648450510030157,0.004280416936132649,12464
MYO3_YEAST_Tsuboyama_2023_2BTT,MYO3_YEAST,Eukaryote,Stability,contiguous_position,protein_npt,official_out_of_fold_predictions,ProteinGym_normalized_targets,0.6791184413037848,0.7683604290461674,0.6049953151612777,0.44189204410567284,0.1,0.4,0.25366587339915075,1.1670824376107465,0.0,947
NCAP_I34A1_Doud_2015,NCAP_I34A1,Virus,OrganismalFitness,contiguous_position,protein_npt,official_out_of_fold_predictions,ProteinGym_normalized_targets,0.32227494486941055,0.979585707588974,0.7792301676317722,0.04360518658049983,0.1,0.24604012671594508,-1.8936892151482438,0.6955546176753038,0.07460156896117073,9462
NKX31_HUMAN_Tsuboyama_2023_2L9R,NKX31_HUMAN,Human,Stability,contiguous_position,protein_npt,official_out_of_fold_predictions,ProteinGym_normalized_targets,0.7441733371358007,0.6899022268597228,0.4915974398474848,0.5762175103999181,0.1,0.3391304347826087,0.11230673473478239,0.8956125161450174,0.0,1149
NPC1_HUMAN_Erwood_2022_HEK293T,NPC1_HUMAN,Human,Activity,contiguous_position,protein_npt,official_out_of_fold_predictions,ProteinGym_normalized_targets,0.7245373828699417,0.7367353446847253,0.5368498239915227,0.4872283302041982,0.1,0.359375,0.943550271671875,1.0892610870895525,0.06062587363975804,637
NUD15_HUMAN_Suiter_2020,NUD15_HUMAN,Human,Expression,contiguous_position,protein_npt,official_out_of_fold_predictions,ProteinGym_normalized_targets,0.6912694118207358,0.7207199488979033,0.5308980308851267,0.4932584755594859,0.1,0.27017543859649124,0.8644939403796786,0.9095831521924579,0.1809644166920748,2844
NUSA_ECOLI_Tsuboyama_2023_1WCL,NUSA_ECOLI,Prokaryote,Stability,contiguous_position,protein_npt,official_out_of_fold_predictions,ProteinGym_normalized_targets,0.810578543922137,0.5763904174091957,0.4343060354463553,0.679026191416398,0.1,0.5190839694656488,0.25852691681735074,1.071541561249909,0.0,1306
NUSG_MYCTU_Tsuboyama_2023_2MI6,NUSG_MYCTU,Prokaryote,Stability,contiguous_position,protein_npt,official_out_of_fold_predictions,ProteinGym_normalized_targets,0.7944301538989864,0.5483751844896246,0.4064643440435721,0.7077884536993184,0.1,0.43137254901960786,0.2772975847206924,1.0255323045201292,0.018014922827281475,1019
OBSCN_HUMAN_Tsuboyama_2023_1V1C,OBSCN_HUMAN,Human,Stability,contiguous_position,protein_npt,official_out_of_fold_predictions,ProteinGym_normalized_targets,0.7535576461905513,0.5681024810767118,0.42015508518456723,0.6848167120965905,0.1,0.38524590163934425,0.006600752601774548,0.8426969212281661,0.0,1213
ODP2_GEOSE_Tsuboyama_2023_1W4G,ODP2_GEOSE,Prokaryote,Stability,contiguous_position,protein_npt,official_out_of_fold_predictions,ProteinGym_normalized_targets,0.6095590760784835,0.7770701942387165,0.5456145228007474,0.4294475644964977,0.1,0.11940298507462686,-0.3276915531163427,0.5647724843039407,1.4257946106125476,669
OTC_HUMAN_Lo_2023,OTC_HUMAN,Human,Activity,contiguous_position,protein_npt,official_out_of_fold_predictions,ProteinGym_normalized_targets,0.7696680872068483,0.6678957603759731,0.4837574250152866,0.5690491905341244,0.1,0.3184713375796178,0.907140127388535,1.142742349504856,0.06375759213470306,1570
OTU7A_HUMAN_Tsuboyama_2023_2L2D,OTU7A_HUMAN,Human,Stability,contiguous_position,protein_npt,official_out_of_fold_predictions,ProteinGym_normalized_targets,0.565446751154201,0.8879621597773186,0.6450071210174804,0.23189606443326016,0.1,0.34375,0.10132279890641403,0.8776518324685831,0.16416575020143845,635
OXDA_RHOTO_Vanella_2023_activity,OXDA_RHOTO,Eukaryote,Activity,contiguous_position,protein_npt,official_out_of_fold_predictions,ProteinGym_normalized_targets,0.4294806116834255,0.9329691692070226,0.7228137130033301,0.14345101108981984,0.1,0.2109375,-0.03640983305539863,0.6166867110667315,0.0,6396
OXDA_RHOTO_Vanella_2023_expression,OXDA_RHOTO,Eukaryote,Expression,contiguous_position,protein_npt,official_out_of_fold_predictions,ProteinGym_normalized_targets,0.3913445919476524,0.9303990489870819,0.7365635196387774,0.1563206983515123,0.1,0.19793205317577547,-0.011480637761437982,0.48356623457489084,0.5593788185852018,6769
P53_HUMAN_Giacomelli_2018_Null_Etoposide,P53_HUMAN,Human,OrganismalFitness,contiguous_position,protein_npt,official_out_of_fold_predictions,ProteinGym_normalized_targets,0.47302292917740335,0.9086456854020017,0.6822998895954493,0.26863061537008015,0.1,0.17269076305220885,0.2947511064621859,0.25350181139185735,0.6702422850805321,7467
P53_HUMAN_Giacomelli_2018_Null_Nutlin,P53_HUMAN,Human,OrganismalFitness,contiguous_position,protein_npt,official_out_of_fold_predictions,ProteinGym_normalized_targets,0.5338985064682056,0.9937326701411752,0.7475516915235524,0.24043101574084647,0.1,0.3038821954484605,0.8469554947669602,0.8271695423256961,0.6794135401729131,7467
P53_HUMAN_Giacomelli_2018_WT_Nutlin,P53_HUMAN,Human,OrganismalFitness,contiguous_position,protein_npt,official_out_of_fold_predictions,ProteinGym_normalized_targets,0.6358240376846624,0.9402560320002604,0.7465931931513181,0.33591890708776306,0.1,0.4685408299866131,1.2249998212194817,1.2024703514514352,1.3508593599657135,7467
P53_HUMAN_Kotler_2018,P53_HUMAN,Human,OrganismalFitness,contiguous_position,protein_npt,official_out_of_fold_predictions,ProteinGym_normalized_targets,0.5333473028372786,0.9051459482782697,0.7101640193921755,0.2080819489001039,0.1,0.2857142857142857,2.148125771022637,0.7178341298668007,0.23743245927000312,1048
P84126_THETH_Chan_2017,P84126_THETH,Prokaryote,OrganismalFitness,contiguous_position,protein_npt,official_out_of_fold_predictions,ProteinGym_normalized_targets,0.6739808975138416,0.7492807403996437,0.5262012303109941,0.45390319003427604,0.1,0.4605263157894737,0.29018925220394737,1.2448375995722802,0.017354440812570444,1519
PABP_YEAST_Melamed_2013,PABP_YEAST,Eukaryote,OrganismalFitness,contiguous_position,protein_npt,official_out_of_fold_predictions,ProteinGym_normalized_targets,0.7508696097577521,0.6848749335909727,0.5055275690475147,0.5522649857553807,0.1,0.2773109243697479,0.9921775108067227,0.9168332857977224,0.0,1187
PAI1_HUMAN_Huttinger_2021,PAI1_HUMAN,Human,Activity,contiguous_position,protein_npt,official_out_of_fold_predictions,ProteinGym_normalized_targets,0.4970987378671955,0.8560742007626906,0.652909928797957,0.2716148949628706,0.1,0.2205607476635514,0.5441693855514019,0.6371580118093993,0.0,5345
PA_I34A1_Wu_2015,PA_I34A1,Virus,OrganismalFitness,contiguous_position,protein_npt,official_out_of_fold_predictions,ProteinGym_normalized_targets,0.10236099627707547,1.1407007212620908,0.7592139794952087,-0.21284501814608547,0.1,0.15384615384615385,0.5554640294945056,0.21481003920696787,7.303906750426957,1820
PHOT_CHLRE_Chen_2023,PHOT_CHLRE,Eukaryote,Activity,contiguous_position,protein_npt,official_out_of_fold_predictions,ProteinGym_normalized_targets,0.660947677579666,0.7308648112421628,0.5034483031680019,0.4830084101417319,0.1,0.2676056338028169,1.3055061891926607,0.6955181719312864,0.21073737244295884,2122
PIN1_HUMAN_Tsuboyama_2023_1I6C,PIN1_HUMAN,Human,Stability,contiguous_position,protein_npt,official_out_of_fold_predictions,ProteinGym_normalized_targets,0.8142409691198881,0.6006809731358363,0.45639973092536446,0.6839225543360175,0.1,0.4057971014492754,0.06313997896277475,0.97331022271437,0.3143905798546123,686
PITX2_HUMAN_Tsuboyama_2023_2L7M,PITX2_HUMAN,Human,Stability,contiguous_position,protein_npt,official_out_of_fold_predictions,ProteinGym_normalized_targets,0.7076592364619073,0.6792896119602548,0.5111541481342218,0.5482439005876198,0.1,0.3404255319148936,0.28022744520585313,0.9995724340445175,0.0,938
PKN1_HUMAN_Tsuboyama_2023_1URF,PKN1_HUMAN,Human,Stability,contiguous_position,protein_npt,official_out_of_fold_predictions,ProteinGym_normalized_targets,0.6370978885982232,0.6438827009663074,0.4390425378945811,0.6039396009574527,0.1,0.4122137404580153,0.2719924500472591,0.7414242981463139,0.0,1301
POLG_CXB3N_Mattenberger_2021,POLG_CXB3N,Virus,OrganismalFitness,contiguous_position,protein_npt,official_out_of_fold_predictions,ProteinGym_normalized_targets,0.5150507923070174,0.8335693288630347,0.6402188698207378,0.31625342292813474,0.1,0.41857506361323155,-1.2537789449263124,1.230464620959286,0.7309136863858139,15711
POLG_DEN26_Suphatrakul_2023,POLG_DEN26,Virus,OrganismalFitness,contiguous_position,protein_npt,official_out_of_fold_predictions,ProteinGym_normalized_targets,0.7011749593357264,0.6887575342853738,0.5229358976456697,0.5322913527802484,0.1,0.47810650887573963,-0.7519906547866764,1.3620866151957824,0.3976203345446216,16897
POLG_HCVJF_Qi_2014,POLG_HCVJF,Virus,OrganismalFitness,contiguous_position,protein_npt,official_out_of_fold_predictions,ProteinGym_normalized_targets,0.6412761938864678,0.7553289852057338,0.45696052355969324,0.4315871408637174,0.1,0.3374233128834356,-0.23408180365644168,1.3215409428914562,0.7314949949730409,1630
POLG_PESV_Tsuboyama_2023_2MXD,POLG_PESV,Virus,Stability,contiguous_position,protein_npt,official_out_of_fold_predictions,ProteinGym_normalized_targets,0.5612289831499745,0.806068150541197,0.5963321224988943,0.3853230539272754,0.1,0.26,-0.2392366432211497,0.7086809888594456,0.0,995
PPARG_HUMAN_Majithia_2016,PPARG_HUMAN,Human,Activity,contiguous_position,protein_npt,official_out_of_fold_predictions,ProteinGym_normalized_targets,0.788982156165591,0.8212792524750812,0.6419070311634263,0.47863508953462197,0.1,0.35073068893528186,2.046400835073069,1.0130514513118625,0.0,9576
PPM1D_HUMAN_Miller_2022,PPM1D_HUMAN,Human,OrganismalFitness,contiguous_position,protein_npt,official_out_of_fold_predictions,ProteinGym_normalized_targets,0.5974746672374032,0.851672358215388,0.6509519947909268,0.32329514472970045,0.1,0.16983523447401774,0.17994005956907477,0.6291813655874972,1.437919436947209,7889
PR40A_HUMAN_Tsuboyama_2023_1UZC,PR40A_HUMAN,Human,Stability,contiguous_position,protein_npt,official_out_of_fold_predictions,ProteinGym_normalized_targets,0.8079979810564913,0.5688011986894634,0.4077215388761823,0.6964775407462789,0.1,0.46153846153846156,0.23698199516287818,0.9092137778779009,0.0,1163
PRKN_HUMAN_Clausen_2023,PRKN_HUMAN,Human,Expression,contiguous_position,protein_npt,official_out_of_fold_predictions,ProteinGym_normalized_targets,0.6268185020071891,0.7908232629999518,0.5634256833504502,0.39395922089420954,0.1,0.19292237442922375,1.0021314805393375,0.7829492468833961,0.0037461185407790505,8756
PSAE_PICP2_Tsuboyama_2023_1PSE,PSAE_PICP2,Prokaryote,Stability,contiguous_position,protein_npt,official_out_of_fold_predictions,ProteinGym_normalized_targets,0.4115619955035075,0.9750257451661977,0.7265133317208368,0.13665724989031758,0.1,0.16393442622950818,-0.014481679698642435,0.43631015366166925,0.08348225399682709,1219
PTEN_HUMAN_Matreyek_2021,PTEN_HUMAN,Human,Expression,contiguous_position,protein_npt,official_out_of_fold_predictions,ProteinGym_normalized_targets,0.5345867395234034,0.8611152267571319,0.664820002555709,0.2741501922135706,0.1,0.14145383104125736,0.8871924715543129,0.5470426548960355,0.03884367034038336,5083
PTEN_HUMAN_Mighell_2018,PTEN_HUMAN,Human,Activity,contiguous_position,protein_npt,official_out_of_fold_predictions,ProteinGym_normalized_targets,0.5456524854575967,0.7890742833006332,0.5689287602036929,0.42828835203373816,0.1,0.13360881542699724,-0.29340328666942134,0.44150500560404177,0.8160541647179046,7260
Q2N0S5_9HIV1_Haddox_2018,Q2N0S5_9HIV1,Virus,OrganismalFitness,contiguous_position,protein_npt,official_out_of_fold_predictions,ProteinGym_normalized_targets,0.5423872893110998,0.8674881922173203,0.6946894850444693,0.2632271469702433,0.1,0.23880597014925373,-0.4274262074257659,0.908963358316127,0.2117376283421233,12729
Q53Z42_HUMAN_McShan_2019_binding-TAPBPR,Q53Z42_HUMAN,Human,Binding,contiguous_position,protein_npt,official_out_of_fold_predictions,ProteinGym_normalized_targets,0.5913709358089873,0.863938828676337,0.6544025363764892,0.322602400881669,0.1,0.31343283582089554,0.9834029850746269,0.8228931064505456,0.39299155501023164,3344
Q53Z42_HUMAN_McShan_2019_expression,Q53Z42_HUMAN,Human,Expression,contiguous_position,protein_npt,official_out_of_fold_predictions,ProteinGym_normalized_targets,0.6490154859404887,0.7774833522540258,0.608748255025364,0.40544114408849163,0.1,0.39104477611940297,0.9427014925373133,1.0597762401621535,0.0,3344
Q59976_STRSQ_Romero_2015,Q59976_STRSQ,Prokaryote,Activity,contiguous_position,protein_npt,official_out_of_fold_predictions,ProteinGym_normalized_targets,0.6835818161223037,0.8229804090593519,0.5499123658080327,0.32657368387992936,0.1,0.24666666666666667,-0.3536566666666667,0.6683496753333902,1.5309649887809742,2999
Q6WV12_9MAXI_Somermeyer_2022,Q6WV12_9MAXI,Eukaryote,Activity,contiguous_position,protein_npt,official_out_of_fold_predictions,ProteinGym_normalized_targets,0.605664516388583,0.9400702185261527,0.5456307247057143,0.22488109310443982,0.1,0.3130434782608696,17493.706798619707,0.6646996233056571,0.25195172909107505,1141
Q837P4_ENTFA_Meier_2023,Q837P4_ENTFA,Prokaryote,Activity,contiguous_position,protein_npt,official_out_of_fold_predictions,ProteinGym_normalized_targets,0.6537629852189069,1.1320128845287136,0.7249308055259684,0.09291210922202697,0.1,0.22857142857142856,-0.26750583977142856,0.7202834213302404,0.14059894334806114,697
Q837P5_ENTFA_Meier_2023,Q837P5_ENTFA,Prokaryote,Activity,contiguous_position,protein_npt,official_out_of_fold_predictions,ProteinGym_normalized_targets,0.5484609079030923,1.1727113492660552,0.7874413743390896,-0.20086211974796564,0.1,0.21333333333333335,-0.6486475469266667,0.5610807262813112,0.1628450573641769,747
Q8WTC7_9CNID_Somermeyer_2022,Q8WTC7_9CNID,Eukaryote,Activity,contiguous_position,protein_npt,official_out_of_fold_predictions,ProteinGym_normalized_targets,0.48022428009975093,0.855626742286865,0.5631476661515987,0.3205119136231567,0.1,0.06611570247933884,8944.969653499238,0.4461809155835766,1.1980890059192366,1201
R1AB_SARS2_Flynn_2022,R1AB_SARS2,Virus,OrganismalFitness,contiguous_position,protein_npt,official_out_of_fold_predictions,ProteinGym_normalized_targets,0.25525408179948483,1.0852084669228315,0.8302439253398083,-0.10929646214910083,0.1,0.13263525305410123,0.8639010144001966,0.5331077400679308,0.0023387116597337297,5725
RAD_ANTMA_Tsuboyama_2023_2CJJ,RAD_ANTMA,Eukaryote,Stability,contiguous_position,protein_npt,official_out_of_fold_predictions,ProteinGym_normalized_targets,0.6913409982508564,0.7658000175173214,0.5729347553949612,0.5081852177616353,0.1,0.32051282051282054,0.282209374611369,0.8794703959579804,0.5719244986710419,774
RASH_HUMAN_Bandaru_2017,RASH_HUMAN,Human,Activity,contiguous_position,protein_npt,official_out_of_fold_predictions,ProteinGym_normalized_targets,0.5588464759547808,0.8431898648007689,0.6119269685882007,0.31946231912929746,0.1,0.18789808917197454,0.05958696761146496,0.6086432258338155,7.755002625470137,3134
RASK_HUMAN_Weng_2022_abundance,RASK_HUMAN,Human,Expression,contiguous_position,protein_npt,official_out_of_fold_predictions,ProteinGym_normalized_targets,0.4005897147901045,0.9217979807125568,0.7155864977759719,0.2039126289321328,0.1,0.16286644951140064,-0.16243914587387726,0.46225874907910125,0.0,3066
RASK_HUMAN_Weng_2022_binding-DARPin_K55,RASK_HUMAN,Human,Binding,contiguous_position,protein_npt,official_out_of_fold_predictions,ProteinGym_normalized_targets,0.6413575959396519,0.9654083500907032,0.5902561560845753,0.23144793710293365,0.1,0.27184466019417475,0.0016961627975300058,0.6928273931708857,0.0,3084
RBP1_HUMAN_Tsuboyama_2023_2KWH,RBP1_HUMAN,Human,Stability,contiguous_position,protein_npt,official_out_of_fold_predictions,ProteinGym_normalized_targets,0.6142271699754785,0.7929379567411472,0.5891907950117743,0.41334537573180063,0.1,0.37755102040816324,0.26258584654405553,0.8005119126414401,0.0,975
RCD1_ARATH_Tsuboyama_2023_5OAO,RCD1_ARATH,Eukaryote,Stability,contiguous_position,protein_npt,official_out_of_fold_predictions,ProteinGym_normalized_targets,0.7290860031579048,0.6862936981445381,0.5225229158897774,0.544777088279626,0.1,0.2828282828282828,0.25988898852008285,0.8635352372679758,0.0,988
RCRO_LAMBD_Tsuboyama_2023_1ORC,RCRO_LAMBD,Virus,Stability,contiguous_position,protein_npt,official_out_of_fold_predictions,ProteinGym_normalized_targets,0.6525947350556115,0.7233659173013788,0.5054608734927615,0.49299150083372234,0.1,0.2,-0.20643850386118132,0.6585977262820703,0.20857183173779326,1195
RD23A_HUMAN_Tsuboyama_2023_1IFY,RD23A_HUMAN,Human,Stability,contiguous_position,protein_npt,official_out_of_fold_predictions,ProteinGym_normalized_targets,0.7928875892367371,0.5699573655098933,0.44096108569642856,0.6935971814698356,0.1,0.3125,0.07984965182047894,0.9505244915174249,0.5336628357965538,798
RDRP_I33A0_Li_2023,RDRP_I33A0,Virus,OrganismalFitness,contiguous_position,protein_npt,official_out_of_fold_predictions,ProteinGym_normalized_targets,0.5315890164049968,0.8547351080544513,0.6685861037094575,0.2794480221734814,0.1,0.347210657785179,-0.7708868313043574,0.9821351656154998,0.3999406193444547,12003
REV_HV1H2_Fernandes_2016,REV_HV1H2,Virus,OrganismalFitness,contiguous_position,protein_npt,official_out_of_fold_predictions,ProteinGym_normalized_targets,0.25938327646494796,1.0398332969393445,0.7725471740249279,0.006866467545724064,0.1,0.13023255813953488,-0.05298056259431275,0.3109822501425405,1.1894975362796414,2147
RFAH_ECOLI_Tsuboyama_2023_2LCL,RFAH_ECOLI,Prokaryote,Stability,contiguous_position,protein_npt,official_out_of_fold_predictions,ProteinGym_normalized_targets,0.6664951750846928,0.7419050198384892,0.5459198220362436,0.45641130527409324,0.1,0.41237113402061853,0.560999638321391,1.2452893527783302,0.0,969
RL20_AQUAE_Tsuboyama_2023_1GYZ,RL20_AQUAE,Prokaryote,Stability,contiguous_position,protein_npt,official_out_of_fold_predictions,ProteinGym_normalized_targets,0.5360032598717859,0.7933208344246576,0.4870783794327252,0.40855427699226987,0.1,0.19469026548672566,-0.03975707620318409,0.48816716950382655,0.2879133595209974,1121
RL40A_YEAST_Mavor_2016,RL40A_YEAST,Eukaryote,OrganismalFitness,contiguous_position,protein_npt,official_out_of_fold_predictions,ProteinGym_normalized_targets,0.6120009808859564,0.9124743721436236,0.6232740679532323,0.22683225699821485,0.1,0.21428571428571427,-0.00709370692063492,0.7577954114577397,0.9489242393745534,1253
RL40A_YEAST_Roscoe_2013,RL40A_YEAST,Eukaryote,OrganismalFitness,contiguous_position,protein_npt,official_out_of_fold_predictions,ProteinGym_normalized_targets,0.6915793194713722,0.8379815489289268,0.5561989894741255,0.3518641906745674,0.1,0.11666666666666667,-0.028569588048139066,0.6834481872345527,0.0997520776882683,1195
RL40A_YEAST_Roscoe_2014,RL40A_YEAST,Eukaryote,Activity,contiguous_position,protein_npt,official_out_of_fold_predictions,ProteinGym_normalized_targets,0.5400264005234983,0.8912100892275884,0.5439088785407971,0.22922790552667893,0.1,0.10144927536231885,0.9792668848550725,0.5947404481386521,0.5258076173124127,1380
RNC_ECOLI_Weeks_2023,RNC_ECOLI,Prokaryote,Activity,contiguous_position,protein_npt,official_out_of_fold_predictions,ProteinGym_normalized_targets,0.7271647498718546,0.7736898702366278,0.4285369939194997,0.4611620417611215,0.1,0.2570093457943925,0.01483816249766355,0.6243810293591112,0.0,4277
RPC1_BP434_Tsuboyama_2023_1R69,RPC1_BP434,Virus,Stability,contiguous_position,protein_npt,official_out_of_fold_predictions,ProteinGym_normalized_targets,0.8168655852133064,0.5827487437008401,0.418923025644573,0.6687963170878799,0.1,0.415929203539823,0.10070760715380665,1.0002244577631647,0.17790219277013034,1124
RS15_GEOSE_Tsuboyama_2023_1A32,RS15_GEOSE,Prokaryote,Stability,contiguous_position,protein_npt,official_out_of_fold_predictions,ProteinGym_normalized_targets,0.7187947335226391,0.6537159258747103,0.48277992803669445,0.6090797996342973,0.1,0.225,0.22729740722564326,0.808882973755706,0.3734567308787186,1195
S22A1_HUMAN_Yee_2023_abundance,S22A1_HUMAN,Human,Expression,contiguous_position,protein_npt,official_out_of_fold_predictions,ProteinGym_normalized_targets,0.6468151519336903,0.8451471540154675,0.6180454209567336,0.3288184382242624,0.1,0.23139653414882771,0.2230407255382263,0.7796676275880045,0.17787848712047674,9803
S22A1_HUMAN_Yee_2023_activity,S22A1_HUMAN,Human,Activity,contiguous_position,protein_npt,official_out_of_fold_predictions,ProteinGym_normalized_targets,0.6304087789112718,0.862775740574928,0.6528892255970508,0.2774498053893385,0.1,0.1910891089108911,0.37456852395346535,0.7515587413998235,0.0,10094
SAV1_MOUSE_Tsuboyama_2023_2YSB,SAV1_MOUSE,Eukaryote,Stability,contiguous_position,protein_npt,official_out_of_fold_predictions,ProteinGym_normalized_targets,0.6180117590325976,0.8612337477968549,0.648069864219087,0.37232172246501416,0.1,0.3088235294117647,0.07340115784509027,0.8644315654160221,0.0,679
SBI_STAAM_Tsuboyama_2023_2JVG,SBI_STAAM,Prokaryote,Stability,contiguous_position,protein_npt,official_out_of_fold_predictions,ProteinGym_normalized_targets,0.743400337416203,0.6780470888710605,0.5179534365683902,0.5667120129824494,0.1,0.46601941747572817,0.1472664409891538,1.1130489429586587,0.0,1025
SC6A4_HUMAN_Young_2021,SC6A4_HUMAN,Human,Activity,contiguous_position,protein_npt,official_out_of_fold_predictions,ProteinGym_normalized_targets,0.6525599853099303,0.8058475676064745,0.5927746337162398,0.38555681003543807,0.1,0.33506044905008636,0.6120370126144214,0.8306216090957351,0.5851001735903227,11576
SCIN_STAAR_Tsuboyama_2023_2QFF,SCIN_STAAR,Prokaryote,Stability,contiguous_position,protein_npt,official_out_of_fold_predictions,ProteinGym_normalized_targets,0.6807405928704322,0.7199730507677934,0.5286161843896263,0.49788049849980076,0.1,0.36065573770491804,0.21249873006273373,0.9051401172332214,0.855154746370281,1212
SDA_BACSU_Tsuboyama_2023_1PV0,SDA_BACSU,Prokaryote,Stability,contiguous_position,protein_npt,official_out_of_fold_predictions,ProteinGym_normalized_targets,0.7403894379877483,0.7186769561729246,0.4848784241342926,0.6021831073358763,0.1,0.30952380952380953,0.06604391488014745,0.768360005186295,0.5987481049013881,834
SERC_HUMAN_Xie_2023,SERC_HUMAN,Human,OrganismalFitness,contiguous_position,protein_npt,official_out_of_fold_predictions,ProteinGym_normalized_targets,0.5547924028758958,0.7460204373462981,0.45516090549754706,0.47203145702666904,0.1,0.18229166666666666,0.9629089424618696,0.48318835592277093,0.2404892251173515,1914
SHOC2_HUMAN_Kwon_2022,SHOC2_HUMAN,Human,OrganismalFitness,contiguous_position,protein_npt,official_out_of_fold_predictions,ProteinGym_normalized_targets,0.3916562908149541,0.9536843855480848,0.7339428930125551,0.12057902837812406,0.1,0.1429872495446266,-0.09710697662608242,0.41850536172112607,4.401292484596811,10972
SOX30_HUMAN_Tsuboyama_2023_7JJK,SOX30_HUMAN,Human,Stability,contiguous_position,protein_npt,official_out_of_fold_predictions,ProteinGym_normalized_targets,0.5333590831152003,0.8194064201486541,0.5517322051463367,0.3519572690232283,0.1,0.26732673267326734,0.12115372353432155,0.7377055064280275,0.740334740536587,1010
SPA_STAAU_Tsuboyama_2023_1LP1,SPA_STAAU,Prokaryote,Stability,contiguous_position,protein_npt,official_out_of_fold_predictions,ProteinGym_normalized_targets,0.6522316229994307,0.7734464165748289,0.6061097117550048,0.4566595087354418,0.1,0.4807692307692308,0.31578407058068403,1.0272192753012825,0.0,1035
SPG1_STRSG_Olson_2014,SPG1_STRSG,Prokaryote,Binding,contiguous_position,protein_npt,official_out_of_fold_predictions,ProteinGym_normalized_targets,0.3168369721189498,1.1189293157923665,0.7508351597882584,-0.05566153432286747,0.1,0.12380952380952381,0.23098152936373573,0.4793304157799402,0.40511645519326045,1045
SPG2_STRSG_Tsuboyama_2023_5UBS,SPG2_STRSG,Prokaryote,Stability,contiguous_position,protein_npt,official_out_of_fold_predictions,ProteinGym_normalized_targets,0.6833559647705123,0.7350654478979722,0.5316884024877939,0.4746877689055481,0.1,0.4368932038834951,0.3298701979148291,0.978575113947023,0.11775772525996411,1029
SPIKE_SARS2_Starr_2020_binding,SPIKE_SARS2,Virus,Binding,contiguous_position,protein_npt,official_out_of_fold_predictions,ProteinGym_normalized_targets,0.5614030782746694,1.0247573663178957,0.5870484556516912,0.01644827493979839,0.1,0.25984251968503935,-0.12795275590551183,0.6137310626826585,0.13472508002130032,3802
SPIKE_SARS2_Starr_2020_expression,SPIKE_SARS2,Virus,Expression,contiguous_position,protein_npt,official_out_of_fold_predictions,ProteinGym_normalized_targets,0.46136896540030153,0.9592253205681404,0.7400170274788099,0.11981863849363972,0.1,0.22894736842105262,-0.4583157894736842,0.6009090408475386,0.3305024941643396,3798
SPTN1_CHICK_Tsuboyama_2023_1TUD,SPTN1_CHICK,Eukaryote,Stability,contiguous_position,protein_npt,official_out_of_fold_predictions,ProteinGym_normalized_targets,0.6606491631828355,0.7624308680373513,0.5678196764616555,0.4547523145380086,0.1,0.3490566037735849,-0.24949463889879672,0.8074329070156802,0.1265639292549345,1051
SQSTM_MOUSE_Tsuboyama_2023_2RRU,SQSTM_MOUSE,Eukaryote,Stability,contiguous_position,protein_npt,official_out_of_fold_predictions,ProteinGym_normalized_targets,0.8266695479952073,0.5605092723529467,0.44206354994186703,0.7071183560167378,0.1,0.5070422535211268,0.06289355128745565,1.207335755711804,0.12677596090416468,707
SR43C_ARATH_Tsuboyama_2023_2N88,SR43C_ARATH,Eukaryote,Stability,contiguous_position,protein_npt,official_out_of_fold_predictions,ProteinGym_normalized_targets,0.7094615090058777,0.6480501841375033,0.512946891055793,0.5876055388933957,0.1,0.25842696629213485,-0.1537308502617055,0.7654000499613964,0.0,889
SRBS1_HUMAN_Tsuboyama_2023_2O2W,SRBS1_HUMAN,Human,Stability,contiguous_position,protein_npt,official_out_of_fold_predictions,ProteinGym_normalized_targets,0.7441315665235165,0.6684703916547675,0.47311708953063586,0.5796332707991296,0.1,0.4098360655737705,-0.0650627004005446,0.7910780346748972,0.23784195555550816,1211
SRC_HUMAN_Ahler_2019,SRC_HUMAN,Human,Activity,contiguous_position,protein_npt,official_out_of_fold_predictions,ProteinGym_normalized_targets,0.5486296866096515,0.934271063537561,0.6950710044738433,0.17820302427889045,0.1,0.19230769230769232,0.11690024795562129,0.5512956834752102,1.0812277526259402,3372
SRC_HUMAN_Chakraborty_2023_binding-DAS_25uM,SRC_HUMAN,Human,Activity,contiguous_position,protein_npt,official_out_of_fold_predictions,ProteinGym_normalized_targets,0.4657309341053847,0.9768729678366369,0.652297065730866,0.1537938535178276,0.1,0.22252747252747251,0.44688188005769236,0.6008556759751675,0.0,3637
SRC_HUMAN_Nguyen_2022,SRC_HUMAN,Human,OrganismalFitness,contiguous_position,protein_npt,official_out_of_fold_predictions,ProteinGym_normalized_targets,0.4461982784333608,0.9283551875420264,0.7083138998697477,0.16648319739959005,0.1,0.18991097922848665,-0.12237760485768118,0.5983840732428396,0.0,3366
SUMO1_HUMAN_Weile_2017,SUMO1_HUMAN,Human,OrganismalFitness,contiguous_position,protein_npt,official_out_of_fold_predictions,ProteinGym_normalized_targets,0.5056860394191465,0.8958073863330486,0.6911641023913883,0.2523051554389859,0.1,0.15294117647058825,0.6606481763176472,0.644006062332938,1.6313642699160023,1700
SYUA_HUMAN_Newberry_2020,SYUA_HUMAN,Human,OrganismalFitness,contiguous_position,protein_npt,official_out_of_fold_predictions,ProteinGym_normalized_targets,0.5488445221535658,0.9609907146281245,0.5152731806734882,0.38312443787034833,0.1,0.248,0.0012467489994343786,0.5015656558743116,0.17818964181797955,2497
TADBP_HUMAN_Bolognesi_2019,TADBP_HUMAN,Human,OrganismalFitness,contiguous_position,protein_npt,official_out_of_fold_predictions,ProteinGym_normalized_targets,0.7285984864625845,0.8115567705272336,0.5445601768819984,0.5037956415102597,0.1,0.6833333333333333,0.15258775691768822,1.543288248119815,0.0,1196
TAT_HV1BR_Fernandes_2016,TAT_HV1BR,Virus,OrganismalFitness,contiguous_position,protein_npt,official_out_of_fold_predictions,ProteinGym_normalized_targets,0.43193908210867443,0.9808249483914984,0.740252883311915,0.20799741577894715,0.1,0.13924050632911392,-0.0385399109583191,0.39436715421942753,2.2183215093353135,1577
TCRG1_MOUSE_Tsuboyama_2023_1E0L,TCRG1_MOUSE,Eukaryote,Stability,contiguous_position,protein_npt,official_out_of_fold_predictions,ProteinGym_normalized_targets,0.5898596322970486,0.8054380403373615,0.5556486090463769,0.48193011641601546,0.1,0.30158730158730157,-0.15416404311264448,0.8649483852265721,0.0,621
THO1_YEAST_Tsuboyama_2023_2WQG,THO1_YEAST,Eukaryote,Stability,contiguous_position,protein_npt,official_out_of_fold_predictions,ProteinGym_normalized_targets,0.671736341539929,0.7593104590997486,0.5580818973313567,0.4465075925580969,0.1,0.36363636363636365,0.24791616098599079,1.0029188932076365,0.025704834881280888,656
TNKS2_HUMAN_Tsuboyama_2023_5JRT,TNKS2_HUMAN,Human,Stability,contiguous_position,protein_npt,official_out_of_fold_predictions,ProteinGym_normalized_targets,0.7676045037576461,0.6183851771994404,0.4710653698674687,0.6228150205545526,0.1,0.32142857142857145,-0.05640227269230663,0.9605610582582899,0.099902578125427,1118
TPK1_HUMAN_Weile_2017,TPK1_HUMAN,Human,OrganismalFitness,contiguous_position,protein_npt,official_out_of_fold_predictions,ProteinGym_normalized_targets,0.266658132196816,1.0474906877878303,0.8416696453579685,-0.0954347637447599,0.1,0.14106583072100312,0.6473997501253919,0.4276181993149285,0.37201298952758316,3181
TPMT_HUMAN_Matreyek_2018,TPMT_HUMAN,Human,Expression,contiguous_position,protein_npt,official_out_of_fold_predictions,ProteinGym_normalized_targets,0.5499263418831596,0.9181631728728271,0.6754995860400006,0.21166123170051254,0.1,0.2,0.9679656441095891,0.5859792008270942,0.5442383196272487,3648
TPOR_HUMAN_Bridgford_2020,TPOR_HUMAN,Human,OrganismalFitness,contiguous_position,protein_npt,official_out_of_fold_predictions,ProteinGym_normalized_targets,0.5631836453543189,0.8950741680462265,0.6664927354086477,0.23458015497648144,0.1,0.2982456140350877,-0.033535272451561605,0.8138742906069634,0.0,562
TRPC_SACS2_Chan_2017,TRPC_SACS2,Prokaryote,OrganismalFitness,contiguous_position,protein_npt,official_out_of_fold_predictions,ProteinGym_normalized_targets,0.6766822055018678,0.730144604019291,0.5104196759240948,0.4770251317925778,0.1,0.4934210526315789,0.23411960549999997,1.2834560923377898,0.5427776354458935,1519
TRPC_THEMA_Chan_2017,TRPC_THEMA,Prokaryote,OrganismalFitness,contiguous_position,protein_npt,official_out_of_fold_predictions,ProteinGym_normalized_targets,0.4762219097523559,0.9431772157600335,0.6903439308040289,0.13957602034664218,0.1,0.32894736842105265,-0.05917592193421051,1.036368861600062,0.8271724400148858,1519
UBC9_HUMAN_Weile_2017,UBC9_HUMAN,Human,OrganismalFitness,contiguous_position,protein_npt,official_out_of_fold_predictions,ProteinGym_normalized_targets,0.5558775530219622,0.9000849965656638,0.6285309547196227,0.22067694553155526,0.1,0.20233463035019456,0.7876764568132296,0.6837583756255576,2.9457437712778236,2563
UBE4B_HUMAN_Tsuboyama_2023_3L1X,UBE4B_HUMAN,Human,Stability,contiguous_position,protein_npt,official_out_of_fold_predictions,ProteinGym_normalized_targets,0.7077661042954235,0.7338936105251289,0.5621975968517889,0.49997268482193724,0.1,0.375,0.04717305678193194,1.0655968011514774,0.0,1118
UBE4B_MOUSE_Starita_2013,UBE4B_MOUSE,Eukaryote,Activity,contiguous_position,protein_npt,official_out_of_fold_predictions,ProteinGym_normalized_targets,0.3905734782040379,0.9803657292400682,0.7250161635921246,0.11458980022584775,0.1,0.14444444444444443,0.14955440547777776,0.6273923142838853,0.0,899
UBR5_HUMAN_Tsuboyama_2023_1I2T,UBR5_HUMAN,Human,Stability,contiguous_position,protein_npt,official_out_of_fold_predictions,ProteinGym_normalized_targets,0.7410924879268523,0.5774022552555053,0.4229854668213894,0.6756254307005104,0.1,0.2818181818181818,0.18089882510696323,0.7793961733597443,0.28319476788751113,1094
VG08_BPP22_Tsuboyama_2023_2GP8,VG08_BPP22,Virus,Stability,contiguous_position,protein_npt,official_out_of_fold_predictions,ProteinGym_normalized_targets,0.7392964810654047,0.6986319948491635,0.5040409539265561,0.5905642621908662,0.1,0.547945205479452,0.18841262618554536,0.9846367504094806,0.0,723
VILI_CHICK_Tsuboyama_2023_1YU5,VILI_CHICK,Eukaryote,Stability,contiguous_position,protein_npt,official_out_of_fold_predictions,ProteinGym_normalized_targets,0.6364546371038685,0.8487979678474546,0.5888143246344426,0.31982512482411507,0.1,0.2644628099173554,-0.09754920080665126,0.7673510877838625,0.4036647077136728,1202
VKOR1_HUMAN_Chiasson_2020_abundance,VKOR1_HUMAN,Human,Expression,contiguous_position,protein_npt,official_out_of_fold_predictions,ProteinGym_normalized_targets,0.6280068778870912,0.7722349201310754,0.5933799298005937,0.410764818536302,0.1,0.362962962962963,0.9917673691137595,0.897448812882356,0.0,2695
VKOR1_HUMAN_Chiasson_2020_activity,VKOR1_HUMAN,Human,Activity,contiguous_position,protein_npt,official_out_of_fold_predictions,ProteinGym_normalized_targets,0.3590042573906907,0.9405708084887876,0.6858115247028694,0.13908339133011793,0.1,0.11428571428571428,0.8603893216818178,0.3092046112378556,0.17847366859552463,697
VRPI_BPT7_Tsuboyama_2023_2WNM,VRPI_BPT7,Virus,Stability,contiguous_position,protein_npt,official_out_of_fold_predictions,ProteinGym_normalized_targets,0.634364341872751,0.7552212882275416,0.5753803993578797,0.4403934631439854,0.1,0.4095238095238095,0.17497036606007357,0.9180324542717063,0.26366751697203256,1047
YAIA_ECOLI_Tsuboyama_2023_2KVT,YAIA_ECOLI,Prokaryote,Stability,contiguous_position,protein_npt,official_out_of_fold_predictions,ProteinGym_normalized_targets,0.5098912804667614,0.8703369765063841,0.6284821235750809,0.29027189746299364,0.1,0.3225806451612903,-0.31266337624740786,0.682795002498713,0.02456909868091525,928
YNZC_BACSU_Tsuboyama_2023_2JVD,YNZC_BACSU,Prokaryote,Stability,contiguous_position,protein_npt,official_out_of_fold_predictions,ProteinGym_normalized_targets,0.6841495275617872,0.6876703914806133,0.4938841589916386,0.5771687504314673,0.1,0.3611111111111111,0.10827921558964232,0.8926447238711311,0.0,714
A0A140D2T1_ZIKV_Sourisseau_2019,A0A140D2T1_ZIKV,Virus,OrganismalFitness,modulo_position,protein_npt,official_out_of_fold_predictions,ProteinGym_normalized_targets,0.5058449010847266,0.952409048329619,0.3776103854704756,0.11683516206418176,0.1,0.3444676409185804,0.5442510511524588,0.8052012746072718,0.2638977399743518,9576
A0A192B1T2_9HIV1_Haddox_2018,A0A192B1T2_9HIV1,Virus,OrganismalFitness,modulo_position,protein_npt,official_out_of_fold_predictions,ProteinGym_normalized_targets,0.6130153806385693,0.8106941544843684,0.6207739804452472,0.34641878912772917,0.1,0.2988871224165342,-0.480657672563593,1.0065568516469403,0.0,12577
A0A1I9GEU1_NEIME_Kennouche_2019,A0A1I9GEU1_NEIME,Prokaryote,Activity,modulo_position,protein_npt,official_out_of_fold_predictions,ProteinGym_normalized_targets,0.05531717445334155,1.1064213782347185,0.8266345377501734,-0.2153490645098648,0.1,0.08602150537634409,0.05375268817204302,0.03305447929179187,2.051666582806104,922
A0A247D711_LISMN_Stadelmann_2021,A0A247D711_LISMN,Prokaryote,Activity,modulo_position,protein_npt,official_out_of_fold_predictions,ProteinGym_normalized_targets,0.39928290588823234,0.9095342366614632,0.6195800488836782,0.1945658643643221,0.1,0.15060240963855423,0.031387648630358235,0.39886035321473406,0.0,1653
A0A2Z5U3Z0_9INFA_Doud_2016,A0A2Z5U3Z0_9INFA,Virus,OrganismalFitness,modulo_position,protein_npt,official_out_of_fold_predictions,ProteinGym_normalized_targets,0.6446007250968045,0.7770384718974683,0.6023312170562866,0.39666088509324826,0.1,0.36100746268656714,-0.7318212731977611,1.067913962642178,0.4247874528276705,10715
A0A2Z5U3Z0_9INFA_Wu_2014,A0A2Z5U3Z0_9INFA,Virus,OrganismalFitness,modulo_position,protein_npt,official_out_of_fold_predictions,ProteinGym_normalized_targets,0.510618194939456,1.0003448771554446,0.38461391569751063,0.03659669996693016,0.1,0.28085106382978725,1.0381941488978723,0.6473172301550364,0.0,2350
A4D664_9INFA_Soh_2019,A4D664_9INFA,Virus,OrganismalFitness,modulo_position,protein_npt,official_out_of_fold_predictions,ProteinGym_normalized_targets,0.46531020545988727,0.9589538253805278,0.5824529324107955,0.12050910936966541,0.1,0.2591822591822592,0.6457209513843871,0.633090738682258,21.039226378118737,14421
A4GRB6_PSEAI_Chen_2020,A4GRB6_PSEAI,Prokaryote,OrganismalFitness,modulo_position,protein_npt,official_out_of_fold_predictions,ProteinGym_normalized_targets,0.7986783305432373,0.5634494326557887,0.41008453910419707,0.683582907346327,0.1,0.28542914171656686,0.08169885708714417,0.9594717828606756,0.133787805840267,5004
A4_HUMAN_Seuma_2022,A4_HUMAN,Human,Stability,modulo_position,protein_npt,official_out_of_fold_predictions,ProteinGym_normalized_targets,0.5188058376206688,0.9216076263235774,0.7071186992006784,0.16635959591844796,0.1,0.2,-0.04124011193718995,0.6069078910757949,0.9070833026054266,796
AACC1_PSEAI_Dandage_2018,AACC1_PSEAI,Prokaryote,OrganismalFitness,modulo_position,protein_npt,official_out_of_fold_predictions,ProteinGym_normalized_targets,0.4974787255412829,0.9171238494445576,0.6971368331779124,0.1707622643609812,0.1,0.2596685082872928,2.435320784720608,0.8371101350838843,0.166289585217656,1801
ACE2_HUMAN_Chan_2020,ACE2_HUMAN,Human,Binding,modulo_position,protein_npt,official_out_of_fold_predictions,ProteinGym_normalized_targets,0.36935517707830545,0.9894956590637365,0.7035452775396752,0.04063089874922898,0.1,0.2825112107623318,-0.012655877423766804,0.34897979311559624,0.5152388541528913,2223
ADRB2_HUMAN_Jones_2020,ADRB2_HUMAN,Human,Activity,modulo_position,protein_npt,official_out_of_fold_predictions,ProteinGym_normalized_targets,0.5758056749677258,0.8447953134980551,0.6179546885309304,0.2875654840966766,0.1,0.24102564102564103,2.442731609157741,0.6784376425887756,0.9306914300049423,7800
AMFR_HUMAN_Tsuboyama_2023_4G3O,AMFR_HUMAN,Human,Stability,modulo_position,protein_npt,official_out_of_fold_predictions,ProteinGym_normalized_targets,0.8294015106231024,0.6124829672195589,0.4457077787062195,0.6324014823579673,0.1,0.47560975609756095,0.3027790912258813,1.0441887447585785,0.1489896801764587,820
AMIE_PSEAE_Wrenbeck_2017,AMIE_PSEAE,Prokaryote,Activity,modulo_position,protein_npt,official_out_of_fold_predictions,ProteinGym_normalized_targets,0.673812067175056,0.7969538546613376,0.567952510186097,0.36631926619007094,0.1,0.33868378812199035,0.014351364365971111,0.8239810783385011,0.17893522635808842,6227
ANCSZ_Hobbs_2022,ANCSZ,Eukaryote,Activity,modulo_position,protein_npt,official_out_of_fold_predictions,ProteinGym_normalized_targets,0.6171551803548422,0.7639512234968987,0.5087098825077403,0.42319150102926084,0.1,0.3340471092077088,0.020055855754447464,0.6962687898418111,0.22813051586152647,4670
ARGR_ECOLI_Tsuboyama_2023_1AOY,ARGR_ECOLI,Prokaryote,Stability,modulo_position,protein_npt,official_out_of_fold_predictions,ProteinGym_normalized_targets,0.7485395461932076,0.59733348436375,0.3940908065997902,0.6511638001912203,0.1,0.3178294573643411,-0.002722586257840241,0.7953821545456162,0.0,1287
BBC1_YEAST_Tsuboyama_2023_1TG0,BBC1_YEAST,Eukaryote,Stability,modulo_position,protein_npt,official_out_of_fold_predictions,ProteinGym_normalized_targets,0.7506099463256655,0.6626753257624015,0.5069059607488654,0.5743709933899237,0.1,0.42201834862385323,0.4826103005001825,1.1673672047659653,0.0,1084
BCHB_CHLTE_Tsuboyama_2023_2KRU,BCHB_CHLTE,Prokaryote,Stability,modulo_position,protein_npt,official_out_of_fold_predictions,ProteinGym_normalized_targets,0.7322511567225362,0.6591813844626833,0.48105640903269664,0.5890663667268152,0.1,0.3258426966292135,0.12594567139796228,0.7977959459044229,0.0,890
BLAT_ECOLX_Deng_2012,BLAT_ECOLX,Prokaryote,OrganismalFitness,modulo_position,protein_npt,official_out_of_fold_predictions,ProteinGym_normalized_targets,0.5708001733323094,0.8584731184565655,0.6668529993983988,0.26909645348762723,0.1,0.366,-1.2796658748760001,0.9429300024809953,0.3036904183463296,4996
BLAT_ECOLX_Firnberg_2014,BLAT_ECOLX,Prokaryote,OrganismalFitness,modulo_position,protein_npt,official_out_of_fold_predictions,ProteinGym_normalized_targets,0.8055570124859158,0.6258328062932258,0.43681411967841105,0.610154937638014,0.1,0.3987473903966597,1.0632795407098123,1.2333908950129056,2.6722746221161278,4783
BLAT_ECOLX_Jacquier_2013,BLAT_ECOLX,Prokaryote,OrganismalFitness,modulo_position,protein_npt,official_out_of_fold_predictions,ProteinGym_normalized_targets,0.7342412144428715,0.602306340057034,0.3998366921231547,0.639799169990311,0.1,0.1717171717171717,-0.11887973630303031,0.7374626951253069,0.0,989
BLAT_ECOLX_Stiffler_2015,BLAT_ECOLX,Prokaryote,OrganismalFitness,modulo_position,protein_npt,official_out_of_fold_predictions,ProteinGym_normalized_targets,0.8208454293464308,0.5947239963910866,0.39207817323289834,0.6483000393672089,0.1,0.376,-0.066059188666,1.0329923370542722,0.048697674764612925,4996
BRCA1_HUMAN_Findlay_2018,BRCA1_HUMAN,Human,OrganismalFitness,modulo_position,protein_npt,official_out_of_fold_predictions,ProteinGym_normalized_targets,0.5312783257692901,0.8779900329933162,0.6181998932647959,0.24100692803898605,0.1,0.20652173913043478,-0.061984217152173914,0.6041754871928345,0.35918426142107523,1837
C6KNH7_9INFA_Lee_2018,C6KNH7_9INFA,Virus,OrganismalFitness,modulo_position,protein_npt,official_out_of_fold_predictions,ProteinGym_normalized_targets,0.6519277412310583,0.7627597640022045,0.5902392632985196,0.4195172319213081,0.1,0.3847583643122677,-0.39900902667000115,1.1638022188413808,0.5413879794129606,10754
CALM1_HUMAN_Weile_2017,CALM1_HUMAN,Human,OrganismalFitness,modulo_position,protein_npt,official_out_of_fold_predictions,ProteinGym_normalized_targets,0.18102944225571804,1.1129043865893016,0.8329067512548616,-0.22994424179421924,0.1,0.07692307692307693,0.8215746534615384,0.21807392796338865,0.1627323743702025,1813
CAPSD_AAV2S_Sinai_2021,CAPSD_AAV2S,Virus,OrganismalFitness,modulo_position,protein_npt,official_out_of_fold_predictions,ProteinGym_normalized_targets,0.7039702318090517,0.737718417407788,0.6051691154994926,0.48732206774025755,0.1,0.6481481481481481,2.2112025119134935,1.417055355585242,0.0,532
CAR11_HUMAN_Meitlis_2020_gof,CAR11_HUMAN,Human,OrganismalFitness,modulo_position,protein_npt,official_out_of_fold_predictions,ProteinGym_normalized_targets,0.44346392010548774,0.9933079736629072,0.6508134668895745,0.037073750342236034,0.1,0.3067226890756303,0.15255514646358542,0.7928134752791077,1.612594792149226,2374
CAR11_HUMAN_Meitlis_2020_lof,CAR11_HUMAN,Human,OrganismalFitness,modulo_position,protein_npt,official_out_of_fold_predictions,ProteinGym_normalized_targets,0.619804474224167,0.8384794422316861,0.6047526495203298,0.30148102655785525,0.1,0.25,-0.16412704520416668,0.6912944240577666,0.0,2395
CAS9_STRP1_Spencer_2017_positive,CAS9_STRP1,Prokaryote,Activity,modulo_position,protein_npt,official_out_of_fold_predictions,ProteinGym_normalized_targets,0.1747396822247006,0.9895510207371386,0.6634344157569462,0.021431314443742355,0.1,0.09359605911330049,-0.19559400978709632,0.09145542955247145,0.596907012427015,8117
CASP3_HUMAN_Roychowdhury_2020,CASP3_HUMAN,Human,Activity,modulo_position,protein_npt,official_out_of_fold_predictions,ProteinGym_normalized_targets,0.6532937458518091,0.785697478287189,0.5892748798948692,0.38503261806746913,0.1,0.31210191082802546,0.47263590247018095,0.7714427077799181,0.67030275775636,1567
CASP7_HUMAN_Roychowdhury_2020,CASP7_HUMAN,Human,Activity,modulo_position,protein_npt,official_out_of_fold_predictions,ProteinGym_normalized_targets,0.5933348772748694,0.8596483792230586,0.6293154426110119,0.26370593604477943,0.1,0.21428571428571427,0.13353671861834426,0.6321043205003761,3.7495179075810556,1680
CATR_CHLRE_Tsuboyama_2023_2AMI,CATR_CHLRE,Eukaryote,Stability,modulo_position,protein_npt,official_out_of_fold_predictions,ProteinGym_normalized_targets,0.802176735052527,0.5614361559426717,0.4154795454482462,0.6891651928300104,0.1,0.4925373134328358,0.46993331711497743,1.0846728634886798,0.0,1340
CBPA2_HUMAN_Tsuboyama_2023_1O6X,CBPA2_HUMAN,Human,Stability,modulo_position,protein_npt,official_out_of_fold_predictions,ProteinGym_normalized_targets,0.7624917451060277,0.4729313823276357,0.35129490542038316,0.7794780684374536,0.1,0.25735294117647056,0.06680343316540169,0.7553334494306673,0.07591755695576616,1357
CBS_HUMAN_Sun_2020,CBS_HUMAN,Human,OrganismalFitness,modulo_position,protein_npt,official_out_of_fold_predictions,ProteinGym_normalized_targets,0.445327582009212,0.8935512529637415,0.7191422742183545,0.20202586363926456,0.1,0.15789473684210525,0.7286217898605761,0.5802026634058707,0.9458395768140391,7217
CBX4_HUMAN_Tsuboyama_2023_2K28,CBX4_HUMAN,Human,Stability,modulo_position,protein_npt,official_out_of_fold_predictions,ProteinGym_normalized_targets,0.7861644252131778,0.5892886803525667,0.4466749839202835,0.6630609186411167,0.1,0.43478260869565216,0.19633952528971593,1.0159140504517945,0.5554768081477206,917
CCDB_ECOLI_Adkar_2012,CCDB_ECOLI,Prokaryote,Activity,modulo_position,protein_npt,official_out_of_fold_predictions,ProteinGym_normalized_targets,0.5929804403119625,0.7815797845383182,0.6002026040119899,0.4095292278037028,0.1,0.22033898305084745,-10.64406779661017,0.6928114933715679,0.0,1176
CCR5_HUMAN_Gill_2023,CCR5_HUMAN,Human,Binding,modulo_position,protein_npt,official_out_of_fold_predictions,ProteinGym_normalized_targets,0.42596458242666413,0.9153621941976323,0.6441925512747164,0.1626461001772329,0.1,0.2263843648208469,0.15161102062975026,0.5405756798750746,6.933427873967158,6137
CD19_HUMAN_Klesmith_2019_FMC_singles,CD19_HUMAN,Human,Binding,modulo_position,protein_npt,official_out_of_fold_predictions,ProteinGym_normalized_targets,0.47699992127028545,0.9203859939433853,0.6512907366964611,0.16159888169230185,0.1,0.2917771883289125,0.7013449167229953,0.7696965830757713,0.40887507316180655,3761
CP2C9_HUMAN_Amorosi_2021_abundance,CP2C9_HUMAN,Human,Expression,modulo_position,protein_npt,official_out_of_fold_predictions,ProteinGym_normalized_targets,0.7428715077529036,0.623346195190551,0.475863285616909,0.6126992324489702,0.1,0.3092621664050236,0.9763550015620093,0.8852374977337529,0.5404424529974292,6370
CP2C9_HUMAN_Amorosi_2021_activity,CP2C9_HUMAN,Human,Binding,modulo_position,protein_npt,official_out_of_fold_predictions,ProteinGym_normalized_targets,0.7844052746857495,0.6363952582061384,0.4530524865363188,0.5961062826147492,0.1,0.3853658536585366,0.9536533345658535,1.1320761875505234,0.0,6142
CSN4_MOUSE_Tsuboyama_2023_1UFM,CSN4_MOUSE,Eukaryote,Stability,modulo_position,protein_npt,official_out_of_fold_predictions,ProteinGym_normalized_targets,0.8110408565165648,0.5153740146037401,0.39282672331,0.7392211514388736,0.1,0.40441176470588236,0.2208374052273768,0.9757524699651171,0.0,1353
CUE1_YEAST_Tsuboyama_2023_2MYX,CUE1_YEAST,Eukaryote,Stability,modulo_position,protein_npt,official_out_of_fold_predictions,ProteinGym_normalized_targets,0.7920138640606177,0.6447974250738806,0.4864327956428167,0.6070457351801991,0.1,0.3958333333333333,0.12055593331831316,1.1807092746710122,0.0,955
D7PM05_CLYGR_Somermeyer_2022,D7PM05_CLYGR,Eukaryote,Activity,modulo_position,protein_npt,official_out_of_fold_predictions,ProteinGym_normalized_targets,0.726223151103654,0.6945097207989281,0.4380066498750556,0.5185754301874359,0.1,0.3418803418803419,30460.271893252553,0.7750554340971214,0.0,1169
DLG4_HUMAN_Faure_2021,DLG4_HUMAN,Human,OrganismalFitness,modulo_position,protein_npt,official_out_of_fold_predictions,ProteinGym_normalized_targets,0.5741205753950446,0.832539537994501,0.6179189707244531,0.30879990058989193,0.1,0.2421875,-0.07646601311249909,0.7406128679103107,0.0,1280
DLG4_RAT_McLaughlin_2012,DLG4_RAT,Eukaryote,Binding,modulo_position,protein_npt,official_out_of_fold_predictions,ProteinGym_normalized_targets,0.6509221680474298,0.8118106397273533,0.48994145519911175,0.36129423325461973,0.1,0.37341772151898733,0.09622755632911391,0.6601094268793187,0.10982197226340869,1576
DN7A_SACS2_Tsuboyama_2023_1JIC,DN7A_SACS2,Prokaryote,Stability,modulo_position,protein_npt,official_out_of_fold_predictions,ProteinGym_normalized_targets,0.7540282488635882,0.6559758404413062,0.45037990099984127,0.5974318318665401,0.1,0.39603960396039606,0.032984395658596705,0.7845637075042339,0.0,1008
DNJA1_HUMAN_Tsuboyama_2023_2LO1,DNJA1_HUMAN,Human,Stability,modulo_position,protein_npt,official_out_of_fold_predictions,ProteinGym_normalized_targets,0.7913314358051923,0.5223575602056272,0.39236034768621714,0.7344730064567084,0.1,0.28688524590163933,-0.021947086165583083,0.8196779109676406,0.03947149688627292,1216
DOCK1_MOUSE_Tsuboyama_2023_2M0Y,DOCK1_MOUSE,Eukaryote,Stability,modulo_position,protein_npt,official_out_of_fold_predictions,ProteinGym_normalized_targets,0.7434161073663959,0.6756474783354969,0.5057594765892993,0.5536782018566762,0.1,0.3770491803278688,0.33886807724795676,1.0323366455827785,0.0,1213
DYR_ECOLI_Nguyen_2023,DYR_ECOLI,Prokaryote,OrganismalFitness,modulo_position,protein_npt,official_out_of_fold_predictions,ProteinGym_normalized_targets,0.5839230936025984,0.7621106053590123,0.40781041284733194,0.42648125469115794,0.1,0.2705479452054795,1.015,0.5289350465872903,0.0,2916
DYR_ECOLI_Thompson_2019,DYR_ECOLI,Prokaryote,OrganismalFitness,modulo_position,protein_npt,official_out_of_fold_predictions,ProteinGym_normalized_targets,0.5739478734908863,0.8329856404371833,0.5790770280521794,0.3209359002148561,0.1,0.23628691983122363,0.031341278481012674,0.5689840166612158,1.7841676581706418,2363
ENVZ_ECOLI_Ghose_2023,ENVZ_ECOLI,Prokaryote,Activity,modulo_position,protein_npt,official_out_of_fold_predictions,ProteinGym_normalized_targets,0.23038819575057054,1.019212559164438,0.7036344937371098,-0.031904291367574666,0.1,0.13274336283185842,3.4489305008210036,0.3016422230395129,0.0,1121
ENV_HV1BR_Haddox_2016,ENV_HV1BR,Virus,OrganismalFitness,modulo_position,protein_npt,official_out_of_fold_predictions,ProteinGym_normalized_targets,0.3426226130931424,0.9754038594624573,0.5534313847660604,0.05006274085108453,0.1,0.21056721056721056,0.07212554398806968,0.4468186299736487,0.0,12863
EPHB2_HUMAN_Tsuboyama_2023_1F0M,EPHB2_HUMAN,Human,Stability,modulo_position,protein_npt,official_out_of_fold_predictions,ProteinGym_normalized_targets,0.8226365640377042,0.44885009087644084,0.34348359923594024,0.8046389453148708,0.1,0.3548387096774194,0.10189579897539883,0.8850190501841558,0.0,1239
ESTA_BACSU_Nutschel_2020,ESTA_BACSU,Prokaryote,Stability,modulo_position,protein_npt,official_out_of_fold_predictions,ProteinGym_normalized_targets,0.5243383240503726,0.8910197942595249,0.6910402535634806,0.21072508084455366,0.1,0.3532110091743119,48.441146788990835,0.9677317551638833,0.0,2172
FECA_ECOLI_Tsuboyama_2023_2D1U,FECA_ECOLI,Prokaryote,Stability,modulo_position,protein_npt,official_out_of_fold_predictions,ProteinGym_normalized_targets,0.7147918375134686,0.7555495939842354,0.537389126857178,0.4442513285649078,0.1,0.3442622950819672,0.12787939609645152,0.8809588128243037,1.5061262483071076,1219
FKBP3_HUMAN_Tsuboyama_2023_2KFV,FKBP3_HUMAN,Human,Stability,modulo_position,protein_npt,official_out_of_fold_predictions,ProteinGym_normalized_targets,0.7108432394425435,0.6737127034294887,0.48620294867898944,0.5666950230594615,0.1,0.2661290322580645,0.18216451654051025,0.7279353771613546,0.7304740419975109,1237
GAL4_YEAST_Kitzman_2015,GAL4_YEAST,Eukaryote,OrganismalFitness,modulo_position,protein_npt,official_out_of_fold_predictions,ProteinGym_normalized_targets,0.5884096319076454,0.8937761391208511,0.685639997032795,0.2101392449980206,0.1,0.25,-0.2639166666666667,0.8788149817239564,0.2702242376679344,1195
GDIA_HUMAN_Silverstein_2021,GDIA_HUMAN,Human,OrganismalFitness,modulo_position,protein_npt,official_out_of_fold_predictions,ProteinGym_normalized_targets,0.4365079105572818,0.9626981163236837,0.6780791540666379,0.08389770070645308,0.1,0.14655172413793102,0.8371090810086206,0.3953537964500916,0.0011412728709853158,1154
GFP_AEQVI_Sarkisyan_2016,GFP_AEQVI,Eukaryote,Activity,modulo_position,protein_npt,official_out_of_fold_predictions,ProteinGym_normalized_targets,0.5091178494398003,1.0013555129982503,0.4674550330467436,0.0047251977490474495,0.1,0.22935779816513763,3.6748098690644,0.3892707875751019,0.4164360262066865,1084
GRB2_HUMAN_Faure_2021,GRB2_HUMAN,Human,OrganismalFitness,modulo_position,protein_npt,official_out_of_fold_predictions,ProteinGym_normalized_targets,0.7325481437567966,0.676525351097036,0.4925147719574468,0.5538155713101162,0.1,0.2980769230769231,0.0037980406264134484,0.9580035321275874,0.0,1034
HCP_LAMBD_Tsuboyama_2023_2L6Q,HCP_LAMBD,Virus,Stability,modulo_position,protein_npt,official_out_of_fold_predictions,ProteinGym_normalized_targets,0.7776950216229006,0.5641085351732408,0.4239578161451635,0.6916476887686236,0.1,0.38461538461538464,0.15277417499299228,0.89607037949153,0.1236321698355655,1040
HECD1_HUMAN_Tsuboyama_2023_3DKM,HECD1_HUMAN,Human,Stability,modulo_position,protein_npt,official_out_of_fold_predictions,ProteinGym_normalized_targets,0.8165441967210235,0.5652852996095056,0.44125372894393083,0.6868732337390322,0.1,0.512,0.18244411614812148,1.0925857082288275,0.0,1244
HEM3_HUMAN_Loggerenberg_2023,HEM3_HUMAN,Human,Activity,modulo_position,protein_npt,official_out_of_fold_predictions,ProteinGym_normalized_targets,0.4341654963694708,0.918146794060297,0.7116872970479347,0.15749480409990124,0.1,0.15817223198594024,0.7580426003673111,0.42346780198570416,0.7161378651442771,5689
HMDH_HUMAN_Jiang_2019,HMDH_HUMAN,Human,OrganismalFitness,modulo_position,protein_npt,official_out_of_fold_predictions,ProteinGym_normalized_targets,0.6438588865542059,0.7426098033932943,0.5844589703983599,0.44865121222487825,0.1,0.2479240806642942,0.6881069988137604,0.7884551852772317,0.0011361128848330286,16853
HSP82_YEAST_Cote-Hammarlof_2020_growth-H2O2,HSP82_YEAST,Eukaryote,OrganismalFitness,modulo_position,protein_npt,official_out_of_fold_predictions,ProteinGym_normalized_targets,0.4846107026510328,0.979930960932716,0.5251194544527797,0.10699684375493024,0.1,0.252212389380531,-0.0011179875818584071,0.4524802643542354,0.05039293781470093,2252
HSP82_YEAST_Flynn_2019,HSP82_YEAST,Eukaryote,OrganismalFitness,modulo_position,protein_npt,official_out_of_fold_predictions,ProteinGym_normalized_targets,0.5044817145441686,0.7600280446200763,0.5330270082056596,0.4226703300381409,0.1,0.12706766917293233,-0.004265351063212275,0.47956932839689653,0.0,13294
HSP82_YEAST_Mishra_2016,HSP82_YEAST,Eukaryote,OrganismalFitness,modulo_position,protein_npt,official_out_of_fold_predictions,ProteinGym_normalized_targets,0.625677861651834,0.6936169370680314,0.3783426801739089,0.5266276128983278,0.1,0.2748267898383372,-0.004756330207852196,0.5199908710428824,0.7468004226568157,4323
HXK4_HUMAN_Gersing_2022_activity,HXK4_HUMAN,Human,OrganismalFitness,modulo_position,protein_npt,official_out_of_fold_predictions,ProteinGym_normalized_targets,0.6161726945152836,0.8461451267833648,0.5884285717933532,0.2869496088509408,0.1,0.2893815635939323,1.2835660488494747,0.8190023655551806,0.5206210876459701,8570
HXK4_HUMAN_Gersing_2023_abundance,HXK4_HUMAN,Human,Expression,modulo_position,protein_npt,official_out_of_fold_predictions,ProteinGym_normalized_targets,0.570484271793466,0.7752687959439072,0.5812222463725852,0.4002426753986116,0.1,0.24285714285714285,0.9323707121037813,0.6731517695511189,0.17695703229819415,8396
I6TAH8_I68A0_Doud_2015,I6TAH8_I68A0,Virus,OrganismalFitness,modulo_position,protein_npt,official_out_of_fold_predictions,ProteinGym_normalized_targets,0.36156393133974357,0.9790749393543066,0.7377698570917254,0.04322029031275898,0.1,0.29039070749736007,-1.3954967885139655,0.6993710039498405,0.0,9462
IF1_ECOLI_Kelsic_2016,IF1_ECOLI,Prokaryote,OrganismalFitness,modulo_position,protein_npt,official_out_of_fold_predictions,ProteinGym_normalized_targets,0.46028371484619923,0.8287173596986493,0.5336634678886101,0.32841617295491154,0.1,0.27007299270072993,0.9406836982992699,0.5185917966960549,0.17676238355225776,1367
ILF3_HUMAN_Tsuboyama_2023_2L33,ILF3_HUMAN,Human,Stability,modulo_position,protein_npt,official_out_of_fold_predictions,ProteinGym_normalized_targets,0.7505791185243699,0.5120368028645379,0.3265612548091271,0.7552247423498197,0.1,0.5037593984962406,0.46793429982629875,0.9759593989664656,0.0,1329
ISDH_STAAW_Tsuboyama_2023_2LHR,ISDH_STAAW,Prokaryote,Stability,modulo_position,protein_npt,official_out_of_fold_predictions,ProteinGym_normalized_targets,0.6610418613642325,0.74233950841419,0.5506275632016064,0.4589512478967276,0.1,0.3617021276595745,0.023575838153474974,0.8998719306618767,0.19708001248009357,940
KCNE1_HUMAN_Muhammad_2023_expression,KCNE1_HUMAN,Human,Expression,modulo_position,protein_npt,official_out_of_fold_predictions,ProteinGym_normalized_targets,0.568586960090315,0.870718834977402,0.5513636940155365,0.25079124781063356,0.1,0.4017094017094017,1.247516334162393,0.7581798891779166,0.03431000063468231,2339
KCNE1_HUMAN_Muhammad_2023_function,KCNE1_HUMAN,Human,Activity,modulo_position,protein_npt,official_out_of_fold_predictions,ProteinGym_normalized_targets,0.6797556249149627,0.6693191990339709,0.4917291556342116,0.5535669905637712,0.1,0.2672413793103448,1.0624161149008622,0.7556255870705804,0.0,2315
KCNJ2_MOUSE_Coyote-Maestas_2022_function,KCNJ2_MOUSE,Eukaryote,Activity,modulo_position,protein_npt,official_out_of_fold_predictions,ProteinGym_normalized_targets,0.43005519454686025,0.922985977380686,0.6788186278187032,0.14909873300205112,0.1,0.1649928263988522,0.280798369856528,0.4551068142247755,0.7540013382029682,6963
KCNJ2_MOUSE_Coyote-Maestas_2022_surface,KCNJ2_MOUSE,Eukaryote,Expression,modulo_position,protein_npt,official_out_of_fold_predictions,ProteinGym_normalized_targets,0.48811898598891595,0.7949395388288265,0.5631239308930404,0.369034809853074,0.1,0.2398843930635838,0.3587133726199422,0.518524865214456,0.5153313225603673,6917
KKA2_KLEPN_Melnikov_2014,KKA2_KLEPN,Prokaryote,OrganismalFitness,modulo_position,protein_npt,official_out_of_fold_predictions,ProteinGym_normalized_targets,0.6971768757039567,0.7803865133928768,0.5547450031870603,0.3918750438160802,0.1,0.2862903225806452,2.0237525201612905,0.8970261882893973,0.27580544117205485,4960
LGK_LIPST_Klesmith_2015,LGK_LIPST,Eukaryote,Activity,modulo_position,protein_npt,official_out_of_fold_predictions,ProteinGym_normalized_targets,0.6816162325493048,0.762381666541487,0.5738359407540232,0.4192070569319293,0.1,0.46134347275031684,-0.1448726235741445,1.0391023714850303,0.12863212974482274,7890
MAFG_MOUSE_Tsuboyama_2023_1K1V,MAFG_MOUSE,Eukaryote,Stability,modulo_position,protein_npt,official_out_of_fold_predictions,ProteinGym_normalized_targets,0.6452353575274091,0.7016096032884519,0.5166995221338976,0.5285082259644257,0.1,0.3116883116883117,0.09459986164881315,0.8137331069106936,0.35912856007336297,762
MBD11_ARATH_Tsuboyama_2023_6ACV,MBD11_ARATH,Eukaryote,Stability,modulo_position,protein_npt,official_out_of_fold_predictions,ProteinGym_normalized_targets,0.7689812157821729,0.6104646731509309,0.45471095211801127,0.6337128558346803,0.1,0.3620689655172414,0.27131308581723845,0.9567978464306761,0.0,1155
MET_HUMAN_Estevam_2023,MET_HUMAN,Human,Activity,modulo_position,protein_npt,official_out_of_fold_predictions,ProteinGym_normalized_targets,0.5923859292058463,0.7655895383604446,0.510630471658511,0.417754239241684,0.1,0.17037037037037037,-0.5500171294064268,0.5953516087592614,0.04968240964563755,5393
MK01_HUMAN_Brenan_2016,MK01_HUMAN,Human,OrganismalFitness,modulo_position,protein_npt,official_out_of_fold_predictions,ProteinGym_normalized_targets,0.4166229084504155,0.9588942095234998,0.7164888078600662,0.08199648235790857,0.1,0.2790014684287812,-7.375795384494861,0.6868578658507557,2.093328443593226,6809
MLAC_ECOLI_MacRae_2023,MLAC_ECOLI,Prokaryote,OrganismalFitness,modulo_position,protein_npt,official_out_of_fold_predictions,ProteinGym_normalized_targets,0.6277349614777102,0.769973613407161,0.521346179930303,0.41027788432635925,0.1,0.2169576059850374,-0.01308424197630923,0.6582442803901878,0.28656322536314255,4007
MSH2_HUMAN_Jia_2020,MSH2_HUMAN,Human,OrganismalFitness,modulo_position,protein_npt,official_out_of_fold_predictions,ProteinGym_normalized_targets,0.4856081456574051,0.7895562968327576,0.5944065693946408,0.37905507847419606,0.1,0.20059701492537313,3.9582507462686567,0.534245546902921,0.0,16749
MTH3_HAEAE_RockahShmuel_2015,MTH3_HAEAE,Prokaryote,OrganismalFitness,modulo_position,protein_npt,official_out_of_fold_predictions,ProteinGym_normalized_targets,0.6516974266003276,0.7836583840949662,0.5664969221761958,0.3865764933757738,0.1,0.24719101123595505,0.732191011235955,0.8209032883029228,0.49101906141337254,1777
MTHR_HUMAN_Weile_2021,MTHR_HUMAN,Human,OrganismalFitness,modulo_position,protein_npt,official_out_of_fold_predictions,ProteinGym_normalized_targets,0.6348791955494856,0.6960349992246084,0.527214228143409,0.516009348381683,0.1,0.23175621491579793,0.8760419406575781,0.7895655421533675,0.006063923992854256,12464
MYO3_YEAST_Tsuboyama_2023_2BTT,MYO3_YEAST,Eukaryote,Stability,modulo_position,protein_npt,official_out_of_fold_predictions,ProteinGym_normalized_targets,0.631876705467945,0.8177269870686007,0.6431024712783949,0.35441338702044234,0.1,0.37894736842105264,0.15139483166304316,1.0689627036464722,0.0,947
NCAP_I34A1_Doud_2015,NCAP_I34A1,Virus,OrganismalFitness,modulo_position,protein_npt,official_out_of_fold_predictions,ProteinGym_normalized_targets,0.41164654534322237,0.9333419934533387,0.7280248578063557,0.13010615028792072,0.1,0.2692713833157339,-1.7927438968836615,0.7779159900271274,0.2820789789169409,9462
NKX31_HUMAN_Tsuboyama_2023_2L9R,NKX31_HUMAN,Human,Stability,modulo_position,protein_npt,official_out_of_fold_predictions,ProteinGym_normalized_targets,0.8218048377035997,0.5344668830571166,0.40052778704712794,0.7220628427419666,0.1,0.3652173913043478,0.14855622808930474,0.9656543775456005,0.0,1149
NPC1_HUMAN_Erwood_2022_HEK293T,NPC1_HUMAN,Human,Activity,modulo_position,protein_npt,official_out_of_fold_predictions,ProteinGym_normalized_targets,0.7151212947290649,0.7370213632574929,0.5332052198854003,0.46765775696444434,0.1,0.34375,0.8656873615390626,0.8919648110900127,0.047766301236249045,637
NUD15_HUMAN_Suiter_2020,NUD15_HUMAN,Human,Expression,modulo_position,protein_npt,official_out_of_fold_predictions,ProteinGym_normalized_targets,0.701961643835159,0.7014841919633441,0.5054581520077708,0.5102696701996036,0.1,0.27017543859649124,0.8534135570724205,0.8798476273506391,0.06306631896342597,2844
NUSA_ECOLI_Tsuboyama_2023_1WCL,NUSA_ECOLI,Prokaryote,Stability,modulo_position,protein_npt,official_out_of_fold_predictions,ProteinGym_normalized_targets,0.8401646059875283,0.47752597505214545,0.3622375163688438,0.7771466474861888,0.1,0.4961832061068702,0.2343711090155533,1.0488978386611243,0.0,1306
NUSG_MYCTU_Tsuboyama_2023_2MI6,NUSG_MYCTU,Prokaryote,Stability,modulo_position,protein_npt,official_out_of_fold_predictions,ProteinGym_normalized_targets,0.8548326395730627,0.46920395298756457,0.34827333816844946,0.794285068199489,0.1,0.4803921568627451,0.30261882596133693,1.0431301401493298,0.018014922827281475,1019
OBSCN_HUMAN_Tsuboyama_2023_1V1C,OBSCN_HUMAN,Human,Stability,modulo_position,protein_npt,official_out_of_fold_predictions,ProteinGym_normalized_targets,0.7682999205907491,0.5386153780829085,0.3974249294121929,0.7300625157536553,0.1,0.32786885245901637,-0.07355202654290355,0.7771934752015178,0.01321306236602309,1213
ODP2_GEOSE_Tsuboyama_2023_1W4G,ODP2_GEOSE,Prokaryote,Stability,modulo_position,protein_npt,official_out_of_fold_predictions,ProteinGym_normalized_targets,0.6648392659831266,0.7264221475822468,0.534352926710015,0.48364882059486614,0.1,0.2835820895522388,-0.21200952354314745,0.7118163112459841,1.4257946106125476,669
OTC_HUMAN_Lo_2023,OTC_HUMAN,Human,Activity,modulo_position,protein_npt,official_out_of_fold_predictions,ProteinGym_normalized_targets,0.8031862329021596,0.6209276982814941,0.43722553993600066,0.6166388468579131,0.1,0.35668789808917195,0.9282165605095543,1.1964936545682274,0.10456245110091227,1570
OTU7A_HUMAN_Tsuboyama_2023_2L2D,OTU7A_HUMAN,Human,Stability,modulo_position,protein_npt,official_out_of_fold_predictions,ProteinGym_normalized_targets,0.6069861327151973,0.8574426325447081,0.6578683144241733,0.3395146680980443,0.1,0.328125,0.1535466295806915,0.9393698515669425,0.16416575020143845,635
OXDA_RHOTO_Vanella_2023_activity,OXDA_RHOTO,Eukaryote,Activity,modulo_position,protein_npt,official_out_of_fold_predictions,ProteinGym_normalized_targets,0.4675422342245051,0.906008889200708,0.6855420329685428,0.18088870003954127,0.1,0.215625,-0.028914425591781395,0.7067791273155463,1.2905684100309613,6396
OXDA_RHOTO_Vanella_2023_expression,OXDA_RHOTO,Eukaryote,Expression,modulo_position,protein_npt,official_out_of_fold_predictions,ProteinGym_normalized_targets,0.5187585050264175,0.8619226172946005,0.6683201748342856,0.25762322893919853,0.1,0.27474150664697194,0.017374242426051092,0.6929720168178151,0.0,6769
P53_HUMAN_Giacomelli_2018_Null_Etoposide,P53_HUMAN,Human,OrganismalFitness,modulo_position,protein_npt,official_out_of_fold_predictions,ProteinGym_normalized_targets,0.6841561972372564,0.7150219700374808,0.4991682794432182,0.49027407188263594,0.1,0.45917001338688085,1.0324625060288657,1.0075191073779108,0.5735037485840871,7467
P53_HUMAN_Giacomelli_2018_Null_Nutlin,P53_HUMAN,Human,OrganismalFitness,modulo_position,protein_npt,official_out_of_fold_predictions,ProteinGym_normalized_targets,0.6551583432272595,0.7321774950256812,0.5491078592912677,0.4644348169829413,0.1,0.6131191432396251,1.5249496502607263,1.512037163540656,0.3265644458763899,7467
P53_HUMAN_Giacomelli_2018_WT_Nutlin,P53_HUMAN,Human,OrganismalFitness,modulo_position,protein_npt,official_out_of_fold_predictions,ProteinGym_normalized_targets,0.8531687972707412,0.5492982397155919,0.40600992234421995,0.6984580905095529,0.1,0.5394912985274432,1.3238903018340418,1.2979937597218194,0.0,7467
P53_HUMAN_Kotler_2018,P53_HUMAN,Human,OrganismalFitness,modulo_position,protein_npt,official_out_of_fold_predictions,ProteinGym_normalized_targets,0.636014774715633,0.7999553730078083,0.6026407183294465,0.36274684980875793,0.1,0.26666666666666666,2.35748503937566,0.8949350429247677,0.23743245927000312,1048
P84126_THETH_Chan_2017,P84126_THETH,Prokaryote,OrganismalFitness,modulo_position,protein_npt,official_out_of_fold_predictions,ProteinGym_normalized_targets,0.7166204513160448,0.6931474788184638,0.47965445309343246,0.5234279830390877,0.1,0.4144736842105263,0.2685316307368421,1.2091101944939509,0.017354440812570444,1519
PABP_YEAST_Melamed_2013,PABP_YEAST,Eukaryote,OrganismalFitness,modulo_position,protein_npt,official_out_of_fold_predictions,ProteinGym_normalized_targets,0.7690855579716448,0.6245546941353078,0.4547797493340775,0.6160169052726852,0.1,0.29411764705882354,0.9933603023277311,0.9200809723394617,0.0,1187
PAI1_HUMAN_Huttinger_2021,PAI1_HUMAN,Human,Activity,modulo_position,protein_npt,official_out_of_fold_predictions,ProteinGym_normalized_targets,0.5443702504410575,0.8169392727363467,0.6269961664594574,0.33340796966200403,0.1,0.24299065420560748,0.602830585753271,0.6853948956381017,0.0,5345
PA_I34A1_Wu_2015,PA_I34A1,Virus,OrganismalFitness,modulo_position,protein_npt,official_out_of_fold_predictions,ProteinGym_normalized_targets,0.2149352548038214,1.0848693798876163,0.6829727864118131,-0.15878063267029185,0.1,0.16483516483516483,0.5858935686593406,0.2757510078788443,7.101085914882091,1820
PHOT_CHLRE_Chen_2023,PHOT_CHLRE,Eukaryote,Activity,modulo_position,protein_npt,official_out_of_fold_predictions,ProteinGym_normalized_targets,0.6701056796586872,0.6844352133881245,0.4869232983237653,0.534508154501271,0.1,0.27699530516431925,1.3075672473953515,0.7013623049271882,0.21073737244295884,2122
PIN1_HUMAN_Tsuboyama_2023_1I6C,PIN1_HUMAN,Human,Stability,modulo_position,protein_npt,official_out_of_fold_predictions,ProteinGym_normalized_targets,0.7975860656769822,0.6083403899298736,0.4421054084176968,0.6332717432654704,0.1,0.43478260869565216,0.11156990703493888,1.0344698424114644,0.3143905798546123,686
PITX2_HUMAN_Tsuboyama_2023_2L7M,PITX2_HUMAN,Human,Stability,modulo_position,protein_npt,official_out_of_fold_predictions,ProteinGym_normalized_targets,0.7153408598893589,0.6691054607209468,0.509299511450853,0.5597391827821294,0.1,0.39361702127659576,0.298678830323515,1.0178499062384851,0.0,938
PKN1_HUMAN_Tsuboyama_2023_1URF,PKN1_HUMAN,Human,Stability,modulo_position,protein_npt,official_out_of_fold_predictions,ProteinGym_normalized_targets,0.675254063830593,0.5809740211612119,0.41142069685275945,0.6669367392099155,0.1,0.37404580152671757,0.26923548969061206,0.7379438791599744,0.0,1301
POLG_CXB3N_Mattenberger_2021,POLG_CXB3N,Virus,OrganismalFitness,modulo_position,protein_npt,official_out_of_fold_predictions,ProteinGym_normalized_targets,0.5926729426551423,0.7806394065234803,0.5979231336466833,0.3918164897758979,0.1,0.46564885496183206,-1.163263300401601,1.3158681330995077,0.23758821829907484,15711
POLG_DEN26_Suphatrakul_2023,POLG_DEN26,Virus,OrganismalFitness,modulo_position,protein_npt,official_out_of_fold_predictions,ProteinGym_normalized_targets,0.7324127611481088,0.6522556574878315,0.4789215167376092,0.5762409382111477,0.1,0.4970414201183432,-0.6984791576687215,1.3824846768192653,0.3976203345446216,16897
POLG_HCVJF_Qi_2014,POLG_HCVJF,Virus,OrganismalFitness,modulo_position,protein_npt,official_out_of_fold_predictions,ProteinGym_normalized_targets,0.6677705902686609,0.7699479375018266,0.45759397934029444,0.4219376942300056,0.1,0.4049079754601227,-0.2279630930981595,1.3376795829183197,0.5531628318968395,1630
POLG_PESV_Tsuboyama_2023_2MXD,POLG_PESV,Virus,Stability,modulo_position,protein_npt,official_out_of_fold_predictions,ProteinGym_normalized_targets,0.6783270184770304,0.7177259477673187,0.5438437229081408,0.49667114460912554,0.1,0.28,-0.09814620979608948,0.8333966521018462,0.0,995
PPARG_HUMAN_Majithia_2016,PPARG_HUMAN,Human,Activity,modulo_position,protein_npt,official_out_of_fold_predictions,ProteinGym_normalized_targets,0.8577005721835923,0.5633935002889462,0.4088876879146105,0.6831783395163649,0.1,0.5396659707724426,2.4550260960334027,1.1750384854103275,0.0,9576
PPM1D_HUMAN_Miller_2022,PPM1D_HUMAN,Human,OrganismalFitness,modulo_position,protein_npt,official_out_of_fold_predictions,ProteinGym_normalized_targets,0.6163553674952937,0.8018798052046368,0.6022824928929852,0.35843213904685056,0.1,0.19391634980988592,0.19337934980988594,0.6745443154842984,0.5400636382900315,7889
PR40A_HUMAN_Tsuboyama_2023_1UZC,PR40A_HUMAN,Human,Stability,modulo_position,protein_npt,official_out_of_fold_predictions,ProteinGym_normalized_targets,0.8120580061474272,0.5184389989593189,0.38166193718323305,0.7376418555489557,0.1,0.4358974358974359,0.24664059868910337,0.9207474593683901,0.0,1163
PRKN_HUMAN_Clausen_2023,PRKN_HUMAN,Human,Expression,modulo_position,protein_npt,official_out_of_fold_predictions,ProteinGym_normalized_targets,0.6978632807346035,0.6971181364977986,0.44523003978056763,0.5160333221978702,0.1,0.3184931506849315,0.9780643477879681,0.7219035740094663,0.0,8756
PSAE_PICP2_Tsuboyama_2023_1PSE,PSAE_PICP2,Prokaryote,Stability,modulo_position,protein_npt,official_out_of_fold_predictions,ProteinGym_normalized_targets,0.576740095331681,0.8098111603660618,0.6088431124957261,0.37454438087449204,0.1,0.28688524590163933,0.14484995090250635,0.6753632242477187,0.08348225399682709,1219
PTEN_HUMAN_Matreyek_2021,PTEN_HUMAN,Human,Expression,modulo_position,protein_npt,official_out_of_fold_predictions,ProteinGym_normalized_targets,0.6281003080126084,0.7604622192393325,0.5640656536045289,0.4246398356078992,0.1,0.2318271119842829,0.9302627428031894,0.6853638991600441,0.03884367034038336,5083
PTEN_HUMAN_Mighell_2018,PTEN_HUMAN,Human,Activity,modulo_position,protein_npt,official_out_of_fold_predictions,ProteinGym_normalized_targets,0.5694656101163458,0.7229676538964066,0.5201021472241124,0.480310243053816,0.1,0.19008264462809918,-0.08212650700688692,0.5902139009478164,0.7771154448614931,7260
Q2N0S5_9HIV1_Haddox_2018,Q2N0S5_9HIV1,Virus,OrganismalFitness,modulo_position,protein_npt,official_out_of_fold_predictions,ProteinGym_normalized_targets,0.6303945750649678,0.7871182606608151,0.6110243914941496,0.3817956551914522,0.1,0.31657501963864887,-0.22241086875176747,1.001116707485264,0.06377224806796891,12729
Q53Z42_HUMAN_McShan_2019_binding-TAPBPR,Q53Z42_HUMAN,Human,Binding,modulo_position,protein_npt,official_out_of_fold_predictions,ProteinGym_normalized_targets,0.6544786254511982,0.7630930448901433,0.5793832526777423,0.4238929610043166,0.1,0.34626865671641793,1.032044776119403,0.8684069471676154,0.0,3344
Q53Z42_HUMAN_McShan_2019_expression,Q53Z42_HUMAN,Human,Expression,modulo_position,protein_npt,official_out_of_fold_predictions,ProteinGym_normalized_targets,0.6309044410090981,0.8071292307762032,0.6316382129163909,0.3526259134046107,0.1,0.373134328358209,0.822910447761194,0.995042284910523,0.0,3344
Q59976_STRSQ_Romero_2015,Q59976_STRSQ,Prokaryote,Activity,modulo_position,protein_npt,official_out_of_fold_predictions,ProteinGym_normalized_targets,0.717848840335782,0.7381717993766138,0.5123034772862587,0.4572541530499169,0.1,0.26666666666666666,-0.2609866666666667,0.7733641279687218,1.5309649887809742,2999
Q6WV12_9MAXI_Somermeyer_2022,Q6WV12_9MAXI,Eukaryote,Activity,modulo_position,protein_npt,official_out_of_fold_predictions,ProteinGym_normalized_targets,0.5973428327622856,0.792821362998609,0.49608967059745834,0.3839641392760439,0.1,0.40869565217391307,17513.18020020645,0.6690388617661889,0.0,1141
Q837P4_ENTFA_Meier_2023,Q837P4_ENTFA,Prokaryote,Activity,modulo_position,protein_npt,official_out_of_fold_predictions,ProteinGym_normalized_targets,0.6580025521888166,0.7541877056945598,0.5093151033291248,0.4469233796810631,0.1,0.2,-0.38868096625238097,0.6245394357201591,0.15038465850994728,697
Q837P5_ENTFA_Meier_2023,Q837P5_ENTFA,Prokaryote,Activity,modulo_position,protein_npt,official_out_of_fold_predictions,ProteinGym_normalized_targets,0.6063862912474834,0.9076115019344774,0.6272791753883534,0.18136870063799582,0.1,0.24,-0.5011082982688888,0.6776509534109408,0.1628450573641769,747
Q8WTC7_9CNID_Somermeyer_2022,Q8WTC7_9CNID,Eukaryote,Activity,modulo_position,protein_npt,official_out_of_fold_predictions,ProteinGym_normalized_targets,0.5468027381279652,0.8031440710340355,0.5047118388180184,0.3595435021812936,0.1,0.1322314049586777,8928.105879392111,0.4406305485912367,1.1980890059192366,1201
R1AB_SARS2_Flynn_2022,R1AB_SARS2,Virus,OrganismalFitness,modulo_position,protein_npt,official_out_of_fold_predictions,ProteinGym_normalized_targets,0.39167013511141857,0.9916943017888669,0.6774549830927803,0.018378392823469092,0.1,0.1099476439790576,0.825129668720324,0.44019395079799706,0.01683698967230145,5725
RAD_ANTMA_Tsuboyama_2023_2CJJ,RAD_ANTMA,Eukaryote,Stability,modulo_position,protein_npt,official_out_of_fold_predictions,ProteinGym_normalized_targets,0.6575557602207798,0.8144212825586267,0.5932833876303618,0.3495891517392189,0.1,0.4358974358974359,0.3335659248355913,0.9533080561584659,0.5719244986710419,774
RASH_HUMAN_Bandaru_2017,RASH_HUMAN,Human,Activity,modulo_position,protein_npt,official_out_of_fold_predictions,ProteinGym_normalized_targets,0.6680966799222319,0.7551512016018802,0.5398020599933632,0.43556109448222,0.1,0.34076433121019106,0.13510178391401273,0.8574160465238145,0.0,3134
RASK_HUMAN_Weng_2022_abundance,RASK_HUMAN,Human,Expression,modulo_position,protein_npt,official_out_of_fold_predictions,ProteinGym_normalized_targets,0.6347516142489522,0.7699900617609493,0.5756972692571243,0.4117908057265173,0.1,0.41368078175895767,0.0391703458054705,1.0127853035843208,0.0,3066
RASK_HUMAN_Weng_2022_binding-DARPin_K55,RASK_HUMAN,Human,Binding,modulo_position,protein_npt,official_out_of_fold_predictions,ProteinGym_normalized_targets,0.7347769618907961,0.697947179635075,0.43205808011208496,0.530870912863565,0.1,0.40129449838187703,0.013846236155427984,0.7280241643942762,0.0,3084
RBP1_HUMAN_Tsuboyama_2023_2KWH,RBP1_HUMAN,Human,Stability,modulo_position,protein_npt,official_out_of_fold_predictions,ProteinGym_normalized_targets,0.698616526537387,0.6524758435510388,0.4923797734338667,0.5870362679310851,0.1,0.47959183673469385,0.3908106076608031,0.9778367027391112,0.0,975
RCD1_ARATH_Tsuboyama_2023_5OAO,RCD1_ARATH,Eukaryote,Stability,modulo_position,protein_npt,official_out_of_fold_predictions,ProteinGym_normalized_targets,0.7803020008670744,0.6142681291730117,0.47238539385652834,0.6280182659728931,0.1,0.41414141414141414,0.39199500290976075,1.070572851635026,0.0,988
RCRO_LAMBD_Tsuboyama_2023_1ORC,RCRO_LAMBD,Virus,Stability,modulo_position,protein_npt,official_out_of_fold_predictions,ProteinGym_normalized_targets,0.7269461805044029,0.6860357672290139,0.46764966860836826,0.5761560257969442,0.1,0.3416666666666667,0.01411831484251212,0.8294871529854785,0.16966481212972867,1195
RD23A_HUMAN_Tsuboyama_2023_1IFY,RD23A_HUMAN,Human,Stability,modulo_position,protein_npt,official_out_of_fold_predictions,ProteinGym_normalized_targets,0.8270867376401709,0.5176437600414024,0.3800402627598997,0.7424316439821198,0.1,0.425,0.13704170296909596,1.0041787393687518,0.0,798
RDRP_I33A0_Li_2023,RDRP_I33A0,Virus,OrganismalFitness,modulo_position,protein_npt,official_out_of_fold_predictions,ProteinGym_normalized_targets,0.5596858274806485,0.8213261988477872,0.6463643338785354,0.3268683928824162,0.1,0.38051623646960864,-0.6856625989344906,1.1150803221856946,0.3999406193444547,12003
REV_HV1H2_Fernandes_2016,REV_HV1H2,Virus,OrganismalFitness,modulo_position,protein_npt,official_out_of_fold_predictions,ProteinGym_normalized_targets,0.2924837389215581,0.9851300982186608,0.749349330264568,0.04239016283674912,0.1,0.13488372093023257,-0.04443233125773841,0.3502119645388234,0.6376213194784504,2147
RFAH_ECOLI_Tsuboyama_2023_2LCL,RFAH_ECOLI,Prokaryote,Stability,modulo_position,protein_npt,official_out_of_fold_predictions,ProteinGym_normalized_targets,0.6817750935030945,0.7441402911991115,0.5428690263919504,0.457516575109678,0.1,0.4329896907216495,0.6120967587442054,1.3215772013624603,0.0,969
RL20_AQUAE_Tsuboyama_2023_1GYZ,RL20_AQUAE,Prokaryote,Stability,modulo_position,protein_npt,official_out_of_fold_predictions,ProteinGym_normalized_targets,0.5142601416529632,0.7369942669786383,0.4814580091148082,0.4870213266217335,0.1,0.22123893805309736,-0.021211396627882715,0.5137315597640181,0.15000093606461787,1121
RL40A_YEAST_Mavor_2016,RL40A_YEAST,Eukaryote,OrganismalFitness,modulo_position,protein_npt,official_out_of_fold_predictions,ProteinGym_normalized_targets,0.554242455069989,0.889508853771893,0.6112727730506305,0.21122745967257606,0.1,0.18253968253968253,-0.03447174778571428,0.612743784552015,0.984693404322619,1253
RL40A_YEAST_Roscoe_2013,RL40A_YEAST,Eukaryote,OrganismalFitness,modulo_position,protein_npt,official_out_of_fold_predictions,ProteinGym_normalized_targets,0.7244477941687842,0.7541388192527306,0.4845809488241841,0.43358232795878027,0.1,0.25833333333333336,-0.02836232310328288,0.6840481254786305,0.016614722868483135,1195
RL40A_YEAST_Roscoe_2014,RL40A_YEAST,Eukaryote,Activity,modulo_position,protein_npt,official_out_of_fold_predictions,ProteinGym_normalized_targets,0.43634433841812065,0.9773476003189906,0.5961770026213044,0.07022487520203657,0.1,0.12318840579710146,0.8258624610942028,0.24343074756513766,0.154692954088158,1380
RNC_ECOLI_Weeks_2023,RNC_ECOLI,Prokaryote,Activity,modulo_position,protein_npt,official_out_of_fold_predictions,ProteinGym_normalized_targets,0.7065829150871646,0.6213647236095518,0.3420855425831611,0.6180784691127676,0.1,0.205607476635514,0.0028275857429906556,0.6051917239643158,0.0,4277
RPC1_BP434_Tsuboyama_2023_1R69,RPC1_BP434,Virus,Stability,modulo_position,protein_npt,official_out_of_fold_predictions,ProteinGym_normalized_targets,0.8446185896318643,0.5310107681702664,0.3886962192042972,0.7302169361729258,0.1,0.4424778761061947,0.12428730872945623,1.01940066811691,0.17790219277013034,1124
RS15_GEOSE_Tsuboyama_2023_1A32,RS15_GEOSE,Prokaryote,Stability,modulo_position,protein_npt,official_out_of_fold_predictions,ProteinGym_normalized_targets,0.7813159780233645,0.5521243233513745,0.4174666276263012,0.7046151372975595,0.1,0.30833333333333335,0.26748662591458333,0.8700383346685788,0.35680703853806023,1195
S22A1_HUMAN_Yee_2023_abundance,S22A1_HUMAN,Human,Expression,modulo_position,protein_npt,official_out_of_fold_predictions,ProteinGym_normalized_targets,0.7131887347977073,0.6858510708801192,0.5116462250653796,0.5300263925125975,0.1,0.26809378185524974,0.29249448683486234,0.8309193842247972,0.17787848712047674,9803
S22A1_HUMAN_Yee_2023_activity,S22A1_HUMAN,Human,Activity,modulo_position,protein_npt,official_out_of_fold_predictions,ProteinGym_normalized_targets,0.6889160004320009,0.6820379756279501,0.5158783938339588,0.5351492465648766,0.1,0.21188118811881188,0.4148190835148515,0.7964293158748779,0.0,10094
SAV1_MOUSE_Tsuboyama_2023_2YSB,SAV1_MOUSE,Eukaryote,Stability,modulo_position,protein_npt,official_out_of_fold_predictions,ProteinGym_normalized_targets,0.6638562696312902,0.7942579120252751,0.5577498333377026,0.4008032064377466,0.1,0.39705882352941174,0.06534614532372673,0.8549445668214037,0.0,679
SBI_STAAM_Tsuboyama_2023_2JVG,SBI_STAAM,Prokaryote,Stability,modulo_position,protein_npt,official_out_of_fold_predictions,ProteinGym_normalized_targets,0.766585978729853,0.6454013280877968,0.48576431847082924,0.58849352636173,0.1,0.5048543689320388,0.17124416958626584,1.148268024375999,0.0,1025
SC6A4_HUMAN_Young_2021,SC6A4_HUMAN,Human,Activity,modulo_position,protein_npt,official_out_of_fold_predictions,ProteinGym_normalized_targets,0.6600602097165043,0.7688197364935734,0.5657699155566597,0.40926473136294905,0.1,0.33506044905008636,0.6296997240362695,0.8439711656653334,0.4339172343879732,11576
SCIN_STAAR_Tsuboyama_2023_2QFF,SCIN_STAAR,Prokaryote,Stability,modulo_position,protein_npt,official_out_of_fold_predictions,ProteinGym_normalized_targets,0.7647727813552848,0.6078252139830522,0.4624347549804456,0.6369690607827252,0.1,0.4180327868852459,0.3501555597703857,1.0620396255751818,0.0,1212
SDA_BACSU_Tsuboyama_2023_1PV0,SDA_BACSU,Prokaryote,Stability,modulo_position,protein_npt,official_out_of_fold_predictions,ProteinGym_normalized_targets,0.7838429629379862,0.5863119225592658,0.41617006749116314,0.668671214368133,0.1,0.2857142857142857,0.07577514707569352,0.7782992782365722,0.12683093010837704,834
SERC_HUMAN_Xie_2023,SERC_HUMAN,Human,OrganismalFitness,modulo_position,protein_npt,official_out_of_fold_predictions,ProteinGym_normalized_targets,0.5615332987561715,0.6899092541983461,0.42442482020924244,0.5261274904927951,0.1,0.16145833333333334,0.9365621598195332,0.3955233935480373,0.39547613564175216,1914
SHOC2_HUMAN_Kwon_2022,SHOC2_HUMAN,Human,OrganismalFitness,modulo_position,protein_npt,official_out_of_fold_predictions,ProteinGym_normalized_targets,0.5415331152363378,0.8232690807932689,0.629799712437711,0.32280142680282364,0.1,0.20491803278688525,0.034944149924521724,0.6274962276829292,3.6175888056199663,10972
SOX30_HUMAN_Tsuboyama_2023_7JJK,SOX30_HUMAN,Human,Stability,modulo_position,protein_npt,official_out_of_fold_predictions,ProteinGym_normalized_targets,0.6570810876160447,0.7336506475271761,0.4820467941367723,0.4786521646772993,0.1,0.32673267326732675,0.2142160483615504,0.8444086029289217,0.7140591167190018,1010
SPA_STAAU_Tsuboyama_2023_1LP1,SPA_STAAU,Prokaryote,Stability,modulo_position,protein_npt,official_out_of_fold_predictions,ProteinGym_normalized_targets,0.7198958428375636,0.6736770890653625,0.509284269833826,0.5572737125714652,0.1,0.5288461538461539,0.3643454236090028,1.0907030231141792,0.0,1035
SPG1_STRSG_Olson_2014,SPG1_STRSG,Prokaryote,Binding,modulo_position,protein_npt,official_out_of_fold_predictions,ProteinGym_normalized_targets,0.47940143244502154,0.904280148167457,0.6505828184293244,0.19190399167223515,0.1,0.18095238095238095,0.3416579225696745,0.5391142543413098,0.2159222201936241,1045
SPG2_STRSG_Tsuboyama_2023_5UBS,SPG2_STRSG,Prokaryote,Stability,modulo_position,protein_npt,official_out_of_fold_predictions,ProteinGym_normalized_targets,0.7611694320193956,0.6431156914023363,0.4715324420321089,0.595927410398181,0.1,0.49514563106796117,0.40097945662969997,1.044289359978237,0.05139246379064546,1029
SPIKE_SARS2_Starr_2020_binding,SPIKE_SARS2,Virus,Binding,modulo_position,protein_npt,official_out_of_fold_predictions,ProteinGym_normalized_targets,0.6302806006922761,0.8807290548430939,0.526829675316323,0.2378588627857724,0.1,0.2992125984251969,-0.07328083989501313,0.6524977903638809,0.0,3802
SPIKE_SARS2_Starr_2020_expression,SPIKE_SARS2,Virus,Expression,modulo_position,protein_npt,official_out_of_fold_predictions,ProteinGym_normalized_targets,0.6414888150093465,0.7988123991869489,0.5851044777524039,0.3648054310317308,0.1,0.2710526315789474,-0.1931842105263158,0.8586344765058762,0.0,3798
SPTN1_CHICK_Tsuboyama_2023_1TUD,SPTN1_CHICK,Eukaryote,Stability,modulo_position,protein_npt,official_out_of_fold_predictions,ProteinGym_normalized_targets,0.6353029085359329,0.7843363339549709,0.5884768605134444,0.3917502154840903,0.1,0.25471698113207547,-0.2184392035070905,0.8300521178168577,0.1265639292549345,1051
SQSTM_MOUSE_Tsuboyama_2023_2RRU,SQSTM_MOUSE,Eukaryote,Stability,modulo_position,protein_npt,official_out_of_fold_predictions,ProteinGym_normalized_targets,0.8598318103696453,0.5285303845232773,0.42947863403861386,0.7452453958132088,0.1,0.5633802816901409,0.10596526847974293,1.2603915622280133,0.12677596090416468,707
SR43C_ARATH_Tsuboyama_2023_2N88,SR43C_ARATH,Eukaryote,Stability,modulo_position,protein_npt,official_out_of_fold_predictions,ProteinGym_normalized_targets,0.7514708911461985,0.6166690728660699,0.4908001016626547,0.6285872602728049,0.1,0.2808988764044944,-0.12519981484128748,0.7917974953377102,0.0,889
SRBS1_HUMAN_Tsuboyama_2023_2O2W,SRBS1_HUMAN,Human,Stability,modulo_position,protein_npt,official_out_of_fold_predictions,ProteinGym_normalized_targets,0.760632106300488,0.6548828514043002,0.4683025965179191,0.5808895964311634,0.1,0.4098360655737705,0.006840516542015398,0.8502954784559633,0.23784195555550816,1211
SRC_HUMAN_Ahler_2019,SRC_HUMAN,Human,Activity,modulo_position,protein_npt,official_out_of_fold_predictions,ProteinGym_normalized_targets,0.5869857489990461,0.8853932013842686,0.6130976102404615,0.22375388693611298,0.1,0.29289940828402367,0.31336365158284024,0.7528355745325587,0.5887208836393779,3372
SRC_HUMAN_Chakraborty_2023_binding-DAS_25uM,SRC_HUMAN,Human,Activity,modulo_position,protein_npt,official_out_of_fold_predictions,ProteinGym_normalized_targets,0.4410593811855111,0.9950650926052396,0.6621701274886813,0.02155327106188365,0.1,0.18681318681318682,0.349142894967033,0.4569005018601917,1.103838182129272,3637
SRC_HUMAN_Nguyen_2022,SRC_HUMAN,Human,OrganismalFitness,modulo_position,protein_npt,official_out_of_fold_predictions,ProteinGym_normalized_targets,0.4552078667286854,0.9888801194014986,0.7148782416919429,0.030497823792546952,0.1,0.228486646884273,-0.11364115407185069,0.6137794030367524,0.0,3366
SUMO1_HUMAN_Weile_2017,SUMO1_HUMAN,Human,OrganismalFitness,modulo_position,protein_npt,official_out_of_fold_predictions,ProteinGym_normalized_targets,0.495318617146682,0.9093775369635289,0.6940013690743235,0.18739245393800819,0.1,0.13529411764705881,0.6427081096294118,0.594719300704359,0.9265226181337997,1700
SYUA_HUMAN_Newberry_2020,SYUA_HUMAN,Human,OrganismalFitness,modulo_position,protein_npt,official_out_of_fold_predictions,ProteinGym_normalized_targets,0.6112015656084833,0.47893326375268386,0.32222816944536486,0.7730710807494374,0.1,0.332,0.012818549231187441,0.5808243403513186,0.17252218760295635,2497
TADBP_HUMAN_Bolognesi_2019,TADBP_HUMAN,Human,OrganismalFitness,modulo_position,protein_npt,official_out_of_fold_predictions,ProteinGym_normalized_targets,0.7571464870738157,0.5854220121296287,0.4039092402227926,0.6612609020304595,0.1,0.7666666666666667,0.16638709938791257,1.6865590926745773,0.0,1196
TAT_HV1BR_Fernandes_2016,TAT_HV1BR,Virus,OrganismalFitness,modulo_position,protein_npt,official_out_of_fold_predictions,ProteinGym_normalized_targets,0.43579801513392136,0.9171780119429973,0.6821308697406848,0.17043498350714925,0.1,0.189873417721519,-0.023531902476178156,0.47039487879185315,2.2183215093353135,1577
TCRG1_MOUSE_Tsuboyama_2023_1E0L,TCRG1_MOUSE,Eukaryote,Stability,modulo_position,protein_npt,official_out_of_fold_predictions,ProteinGym_normalized_targets,0.7152143597668372,0.6485068115779916,0.45407277529758455,0.5971756849816159,0.1,0.19047619047619047,-0.19725576922514132,0.812503053457381,0.0,621
THO1_YEAST_Tsuboyama_2023_2WQG,THO1_YEAST,Eukaryote,Stability,modulo_position,protein_npt,official_out_of_fold_predictions,ProteinGym_normalized_targets,0.7102831118241122,0.7241280005553846,0.5383162988640244,0.48191599144898256,0.1,0.2878787878787879,0.217587303787886,0.967372193159211,0.025704834881280888,656
TNKS2_HUMAN_Tsuboyama_2023_5JRT,TNKS2_HUMAN,Human,Stability,modulo_position,protein_npt,official_out_of_fold_predictions,ProteinGym_normalized_targets,0.8204990994529341,0.5250857501373593,0.3957276697739714,0.729854185567098,0.1,0.38392857142857145,-0.0014728683401258563,1.0177076649961954,0.07169807921320537,1118
TPK1_HUMAN_Weile_2017,TPK1_HUMAN,Human,OrganismalFitness,modulo_position,protein_npt,official_out_of_fold_predictions,ProteinGym_normalized_targets,0.2674125880105471,1.0750263897567,0.8305828134953444,-0.15485958920228526,0.1,0.1755485893416928,0.6320225437962382,0.3987475197220011,0.37201298952758316,3181
TPMT_HUMAN_Matreyek_2018,TPMT_HUMAN,Human,Expression,modulo_position,protein_npt,official_out_of_fold_predictions,ProteinGym_normalized_targets,0.5027409323068182,0.8701603791987397,0.6489805759129743,0.2511746635614772,0.1,0.16164383561643836,0.9295333978684931,0.4777951036999726,0.9404486418496815,3648
TPOR_HUMAN_Bridgford_2020,TPOR_HUMAN,Human,OrganismalFitness,modulo_position,protein_npt,official_out_of_fold_predictions,ProteinGym_normalized_targets,0.5208757880663782,0.9406054947234449,0.6849585554925267,0.1460901262484141,0.1,0.22807017543859648,-0.07022746871582157,0.7197202777909143,0.0,562
TRPC_SACS2_Chan_2017,TRPC_SACS2,Prokaryote,OrganismalFitness,modulo_position,protein_npt,official_out_of_fold_predictions,ProteinGym_normalized_targets,0.6632900955022201,0.7437685571770488,0.5221364445015405,0.45415040052691913,0.1,0.5394736842105263,0.2931636235394737,1.3802891973588183,0.5452768747530855,1519
TRPC_THEMA_Chan_2017,TRPC_THEMA,Prokaryote,OrganismalFitness,modulo_position,protein_npt,official_out_of_fold_predictions,ProteinGym_normalized_targets,0.6067382303298676,0.8201284233204679,0.562387569998815,0.34424444254473807,0.1,0.3684210526315789,0.09626009312499999,1.2925419119363857,0.8271724400148858,1519
UBC9_HUMAN_Weile_2017,UBC9_HUMAN,Human,OrganismalFitness,modulo_position,protein_npt,official_out_of_fold_predictions,ProteinGym_normalized_targets,0.5859531503795677,0.8788617092237938,0.6256518192396332,0.23281113479969384,0.1,0.2801556420233463,0.8559996863696498,0.8207661754192253,0.0,2563
UBE4B_HUMAN_Tsuboyama_2023_3L1X,UBE4B_HUMAN,Human,Stability,modulo_position,protein_npt,official_out_of_fold_predictions,ProteinGym_normalized_targets,0.7343282528672461,0.673388858795772,0.5239852758195035,0.5586893726688371,0.1,0.44642857142857145,0.10498559966574401,1.1186678442730096,0.0,1118
UBE4B_MOUSE_Starita_2013,UBE4B_MOUSE,Eukaryote,Activity,modulo_position,protein_npt,official_out_of_fold_predictions,ProteinGym_normalized_targets,0.41928192945046916,0.9748962208674131,0.6965430226704339,0.05726474898972622,0.1,0.1,-0.15154098435555552,0.3600334554365296,1.7795991066470929,899
UBR5_HUMAN_Tsuboyama_2023_1I2T,UBR5_HUMAN,Human,Stability,modulo_position,protein_npt,official_out_of_fold_predictions,ProteinGym_normalized_targets,0.7497227273313621,0.561377640763405,0.414261488373766,0.6948293779942757,0.1,0.21818181818181817,0.12833310612398804,0.7199774683615234,0.28319476788751113,1094
VG08_BPP22_Tsuboyama_2023_2GP8,VG08_BPP22,Virus,Stability,modulo_position,protein_npt,official_out_of_fold_predictions,ProteinGym_normalized_targets,0.7595154967736766,0.6192289008976557,0.43353498780338867,0.6241408946804573,0.1,0.589041095890411,0.2197386523438168,1.0425777975200652,1.0773781011542742,723
VILI_CHICK_Tsuboyama_2023_1YU5,VILI_CHICK,Eukaryote,Stability,modulo_position,protein_npt,official_out_of_fold_predictions,ProteinGym_normalized_targets,0.6710932142199955,0.8067115311267753,0.5390861738986273,0.37019288064502265,0.1,0.35537190082644626,0.04522434094916295,0.9315684697733961,0.0759110075738422,1202
VKOR1_HUMAN_Chiasson_2020_abundance,VKOR1_HUMAN,Human,Expression,modulo_position,protein_npt,official_out_of_fold_predictions,ProteinGym_normalized_targets,0.6709410258432106,0.7261722950281286,0.5409394342959332,0.4747698374766507,0.1,0.35185185185185186,0.9849411291298321,0.8781414001717707,0.0,2695
VKOR1_HUMAN_Chiasson_2020_activity,VKOR1_HUMAN,Human,Activity,modulo_position,protein_npt,official_out_of_fold_predictions,ProteinGym_normalized_targets,0.3928951672185363,0.9598959154862058,0.7174763804513629,0.0919694343732913,0.1,0.14285714285714285,0.9142901116751371,0.42583066533995917,0.11007085745580658,697
VRPI_BPT7_Tsuboyama_2023_2WNM,VRPI_BPT7,Virus,Stability,modulo_position,protein_npt,official_out_of_fold_predictions,ProteinGym_normalized_targets,0.6934757576595276,0.6952650353212532,0.5197957193392645,0.5231727831644395,0.1,0.42857142857142855,0.22671169533507451,0.9728782947452895,0.2588907250409812,1047
YAIA_ECOLI_Tsuboyama_2023_2KVT,YAIA_ECOLI,Prokaryote,Stability,modulo_position,protein_npt,official_out_of_fold_predictions,ProteinGym_normalized_targets,0.650742155728285,0.7641193300527024,0.5526844149712284,0.4216973579886416,0.1,0.3870967741935484,-0.1526487107669783,0.8114002530451431,0.02456909868091525,928
YNZC_BACSU_Tsuboyama_2023_2JVD,YNZC_BACSU,Prokaryote,Stability,modulo_position,protein_npt,official_out_of_fold_predictions,ProteinGym_normalized_targets,0.6812119816492392,0.6888479499176224,0.47487735315691176,0.5489370991774176,0.1,0.375,0.08455878392548151,0.8639553690858698,0.5457012364560118,714
A0A140D2T1_ZIKV_Sourisseau_2019,A0A140D2T1_ZIKV,Virus,OrganismalFitness,random_variant,protein_npt,official_out_of_fold_predictions,ProteinGym_normalized_targets,0.5545477639147327,0.9174360657926381,0.3576997493340194,0.15894531026167957,0.1,0.418580375782881,0.676360066247028,1.096254491987805,0.0,9576
A0A192B1T2_9HIV1_Haddox_2018,A0A192B1T2_9HIV1,Virus,OrganismalFitness,random_variant,protein_npt,official_out_of_fold_predictions,ProteinGym_normalized_targets,0.7920181121283447,0.6029311633496042,0.4664831581065898,0.6366864993519376,0.1,0.38235294117647056,-0.165812675536566,1.155721189646286,0.0,12577
A0A1I9GEU1_NEIME_Kennouche_2019,A0A1I9GEU1_NEIME,Prokaryote,Activity,random_variant,protein_npt,official_out_of_fold_predictions,ProteinGym_normalized_targets,0.09439052048080172,1.2192756766654007,0.9190325462232104,-0.4773797891486553,0.1,0.08602150537634409,0.11845161290322578,0.07507430259487989,2.3731527994851227,922
A0A247D711_LISMN_Stadelmann_2021,A0A247D711_LISMN,Prokaryote,Activity,random_variant,protein_npt,official_out_of_fold_predictions,ProteinGym_normalized_targets,0.6428057108140736,0.7398320451166772,0.4813953400549425,0.45621702886123905,0.1,0.20481927710843373,0.21073659926400465,0.5367344093890478,0.0,1653
A0A2Z5U3Z0_9INFA_Doud_2016,A0A2Z5U3Z0_9INFA,Virus,OrganismalFitness,random_variant,protein_npt,official_out_of_fold_predictions,ProteinGym_normalized_targets,0.7923481576369893,0.6083912289008669,0.4699916808028409,0.6299761676126489,0.1,0.4701492537313433,-0.39836940869496273,1.334402870214545,0.1118588411284918,10715
A0A2Z5U3Z0_9INFA_Wu_2014,A0A2Z5U3Z0_9INFA,Virus,OrganismalFitness,random_variant,protein_npt,official_out_of_fold_predictions,ProteinGym_normalized_targets,0.5365758156452207,1.027582790944337,0.39165118102302127,0.0007018529621033442,0.1,0.2680851063829787,1.0202885608170211,0.6291918707888637,0.0,2350
A4D664_9INFA_Soh_2019,A4D664_9INFA,Virus,OrganismalFitness,random_variant,protein_npt,official_out_of_fold_predictions,ProteinGym_normalized_targets,0.4925799935083564,0.8781663674503205,0.5624301401591417,0.23427535119360687,0.1,0.33194733194733195,0.7818161027219405,0.9474841210290877,0.0,14421
A4GRB6_PSEAI_Chen_2020,A4GRB6_PSEAI,Prokaryote,OrganismalFitness,random_variant,protein_npt,official_out_of_fold_predictions,ProteinGym_normalized_targets,0.9056055977259777,0.38885928212092913,0.2740931625508793,0.8489029378438782,0.1,0.5429141716566867,0.50294630559312,1.160494290562219,0.0,5004
A4_HUMAN_Seuma_2022,A4_HUMAN,Human,Stability,random_variant,protein_npt,official_out_of_fold_predictions,ProteinGym_normalized_targets,0.7400030383207913,0.6475087609801047,0.4995996983768844,0.5838562090651497,0.1,0.4125,0.654203011683857,1.0279905080255325,0.0,796
AACC1_PSEAI_Dandage_2018,AACC1_PSEAI,Prokaryote,OrganismalFitness,random_variant,protein_npt,official_out_of_fold_predictions,ProteinGym_normalized_targets,0.6374245286100149,0.8412891485570787,0.6348175771035812,0.29493389524156166,0.1,0.3370165745856354,2.5844691689109394,0.9172318539959685,0.24089038759856207,1801
ACE2_HUMAN_Chan_2020,ACE2_HUMAN,Human,Binding,random_variant,protein_npt,official_out_of_fold_predictions,ProteinGym_normalized_targets,0.729760708354644,0.6789526546366282,0.45234868572222675,0.5396880811104665,0.1,0.547085201793722,0.9944657596524662,1.2426346773972756,0.0,2223
ADRB2_HUMAN_Jones_2020,ADRB2_HUMAN,Human,Activity,random_variant,protein_npt,official_out_of_fold_predictions,ProteinGym_normalized_targets,0.6032761641526819,0.8239426257564558,0.5981304512583118,0.32164220056051396,0.1,0.24102564102564103,2.4258354888832434,0.6555767871743899,0.0991047999714108,7800
AMFR_HUMAN_Tsuboyama_2023_4G3O,AMFR_HUMAN,Human,Stability,random_variant,protein_npt,official_out_of_fold_predictions,ProteinGym_normalized_targets,0.9438357647620593,0.3637611763874035,0.23929555748253659,0.8685334614718545,0.1,0.6829268292682927,0.4013347970174167,1.1450495182505822,0.0,820
AMIE_PSEAE_Wrenbeck_2017,AMIE_PSEAE,Prokaryote,Activity,random_variant,protein_npt,official_out_of_fold_predictions,ProteinGym_normalized_targets,0.8434838790706919,0.5910484845094292,0.40938084990454315,0.651047335979343,0.1,0.6163723916532905,0.16032311396468701,1.2047316330955335,0.0,6227
ANCSZ_Hobbs_2022,ANCSZ,Eukaryote,Activity,random_variant,protein_npt,official_out_of_fold_predictions,ProteinGym_normalized_targets,0.7972070874130656,0.5260610713574458,0.34977863230509204,0.7237440941614373,0.1,0.41541755888650966,0.053957159413159865,0.8778792269875679,0.0,4670
ARGR_ECOLI_Tsuboyama_2023_1AOY,ARGR_ECOLI,Prokaryote,Stability,random_variant,protein_npt,official_out_of_fold_predictions,ProteinGym_normalized_targets,0.9147883412370531,0.33858480055903384,0.21728865214794096,0.8859851120120599,0.1,0.5813953488372093,0.15073671759007762,0.9350703716910929,0.4362991661847919,1287
BBC1_YEAST_Tsuboyama_2023_1TG0,BBC1_YEAST,Eukaryote,Stability,random_variant,protein_npt,official_out_of_fold_predictions,ProteinGym_normalized_targets,0.917749809025976,0.3974304249290376,0.293143917766273,0.8421376275518597,0.1,0.6605504587155964,0.7570141497975212,1.403358960856397,0.0,1084
BCHB_CHLTE_Tsuboyama_2023_2KRU,BCHB_CHLTE,Prokaryote,Stability,random_variant,protein_npt,official_out_of_fold_predictions,ProteinGym_normalized_targets,0.9268717048775441,0.3756032247266,0.24076260289816406,0.8593512105940926,0.1,0.6404494382022472,0.38346112098730034,1.0100817118115062,0.0,890
BLAT_ECOLX_Deng_2012,BLAT_ECOLX,Prokaryote,OrganismalFitness,random_variant,protein_npt,official_out_of_fold_predictions,ProteinGym_normalized_targets,0.8411184410409748,0.549122265934189,0.4071042494167778,0.698743933363967,0.1,0.598,-0.47507029397399997,1.4697702254304554,0.0,4996
BLAT_ECOLX_Firnberg_2014,BLAT_ECOLX,Prokaryote,OrganismalFitness,random_variant,protein_npt,official_out_of_fold_predictions,ProteinGym_normalized_targets,0.9069288930904764,0.44121228386181327,0.2873196123124796,0.8053968413668858,0.1,0.4718162839248434,1.110223173277662,1.3379730358891113,2.6722746221161278,4783
BLAT_ECOLX_Jacquier_2013,BLAT_ECOLX,Prokaryote,OrganismalFitness,random_variant,protein_npt,official_out_of_fold_predictions,ProteinGym_normalized_targets,0.7584404212735677,0.5512407217642962,0.35301574657502527,0.6974804843085027,0.1,0.24242424242424243,-0.15939485338383838,0.7167024331195835,0.0,989
BLAT_ECOLX_Stiffler_2015,BLAT_ECOLX,Prokaryote,OrganismalFitness,random_variant,protein_npt,official_out_of_fold_predictions,ProteinGym_normalized_targets,0.9136870015225181,0.3824378590078039,0.24886162468480982,0.8537866254694746,0.1,0.442,-0.020440407799999998,1.0726079588967101,0.0,4996
BRCA1_HUMAN_Findlay_2018,BRCA1_HUMAN,Human,OrganismalFitness,random_variant,protein_npt,official_out_of_fold_predictions,ProteinGym_normalized_targets,0.5591450389296573,0.7578526379002526,0.5475259787142079,0.4263684975772045,0.1,0.1793478260869565,-0.0737185640978261,0.5910540073439708,0.6133473637355992,1837
C6KNH7_9INFA_Lee_2018,C6KNH7_9INFA,Virus,OrganismalFitness,random_variant,protein_npt,official_out_of_fold_predictions,ProteinGym_normalized_targets,0.7912913226954771,0.6026913543600448,0.4631948466245778,0.6368270089721232,0.1,0.5232342007434945,-0.12269626764247152,1.4386209461662223,0.0,10754
CALM1_HUMAN_Weile_2017,CALM1_HUMAN,Human,OrganismalFitness,random_variant,protein_npt,official_out_of_fold_predictions,ProteinGym_normalized_targets,0.30933701841372685,1.0717950577253996,0.7987745189032818,-0.14628472567489093,0.1,0.14285714285714285,0.8805863479560438,0.37978275538983686,0.23236763273762645,1813
CAPSD_AAV2S_Sinai_2021,CAPSD_AAV2S,Virus,OrganismalFitness,random_variant,protein_npt,official_out_of_fold_predictions,ProteinGym_normalized_targets,0.8550095785142892,0.5066963729651619,0.391828656643985,0.7469213221363307,0.1,0.7222222222222222,2.4593974268175143,1.5320259822069004,0.0,532
CAR11_HUMAN_Meitlis_2020_gof,CAR11_HUMAN,Human,OrganismalFitness,random_variant,protein_npt,official_out_of_fold_predictions,ProteinGym_normalized_targets,0.5494276262186284,0.8726403979240984,0.5654714020154676,0.24621024339326947,0.1,0.4369747899159664,0.35572780786204483,1.1150300983378603,1.612594792149226,2374
CAR11_HUMAN_Meitlis_2020_lof,CAR11_HUMAN,Human,OrganismalFitness,random_variant,protein_npt,official_out_of_fold_predictions,ProteinGym_normalized_targets,0.7632246007234063,0.6631619857703456,0.46994799185308134,0.5609667188676436,0.1,0.45416666666666666,0.08529080194236115,1.042537608679474,0.0,2395
CAS9_STRP1_Spencer_2017_positive,CAS9_STRP1,Prokaryote,Activity,random_variant,protein_npt,official_out_of_fold_predictions,ProteinGym_normalized_targets,0.17117617747938516,0.9912723187710551,0.6671800973996792,0.017554762981169536,0.1,0.10837438423645321,-0.17618053286419097,0.12297738760841763,0.6051308848673838,8117
CASP3_HUMAN_Roychowdhury_2020,CASP3_HUMAN,Human,Activity,random_variant,protein_npt,official_out_of_fold_predictions,ProteinGym_normalized_targets,0.6883977662979458,0.7760156906385719,0.5756415235490364,0.39833460473259685,0.1,0.33121019108280253,0.5630358612525294,0.9046325255289193,0.659635453644061,1567
CASP7_HUMAN_Roychowdhury_2020,CASP7_HUMAN,Human,Activity,random_variant,protein_npt,official_out_of_fold_predictions,ProteinGym_normalized_targets,0.6705788282541605,0.8012741079692831,0.5835238512363156,0.3591477399940485,0.1,0.2916666666666667,0.26845724188257103,0.7992200460313895,3.5817741943631387,1680
CATR_CHLRE_Tsuboyama_2023_2AMI,CATR_CHLRE,Eukaryote,Stability,random_variant,protein_npt,official_out_of_fold_predictions,ProteinGym_normalized_targets,0.9162901852242664,0.34405464255626483,0.25714361469246266,0.8828073762999257,0.1,0.6865671641791045,0.6051695723884245,1.2499747511319703,0.0,1340
CBPA2_HUMAN_Tsuboyama_2023_1O6X,CBPA2_HUMAN,Human,Stability,random_variant,protein_npt,official_out_of_fold_predictions,ProteinGym_normalized_targets,0.9162608207554661,0.2883460904844808,0.202486190780619,0.9169820131259787,0.1,0.6102941176470589,0.3012760003525042,0.9577272772502082,0.0,1357
CBS_HUMAN_Sun_2020,CBS_HUMAN,Human,OrganismalFitness,random_variant,protein_npt,official_out_of_fold_predictions,ProteinGym_normalized_targets,0.4638124423405643,0.88352356740555,0.7077555647967895,0.21994327077899611,0.1,0.1745152354570637,0.7642977416990349,0.6561469025099931,0.9458395768140391,7217
CBX4_HUMAN_Tsuboyama_2023_2K28,CBX4_HUMAN,Human,Stability,random_variant,protein_npt,official_out_of_fold_predictions,ProteinGym_normalized_targets,0.909577331382568,0.41029091977453014,0.30092824561521264,0.8320633005460383,0.1,0.5978260869565217,0.3169935465890049,1.1409827258071774,0.2622202530363714,917
CCDB_ECOLI_Adkar_2012,CCDB_ECOLI,Prokaryote,Activity,random_variant,protein_npt,official_out_of_fold_predictions,ProteinGym_normalized_targets,0.9934503173655056,0.05409292014844932,0.03499445329623299,0.9970767219594966,0.1,0.6610169491525424,-1.0,1.1001753443913376,0.0,1176
CCR5_HUMAN_Gill_2023,CCR5_HUMAN,Human,Binding,random_variant,protein_npt,official_out_of_fold_predictions,ProteinGym_normalized_targets,0.5066125543782662,0.8522538465768208,0.5946179141181425,0.2746458249330601,0.1,0.30944625407166126,0.209450325732899,0.6501452564360207,2.8036812167954626,6137
CD19_HUMAN_Klesmith_2019_FMC_singles,CD19_HUMAN,Human,Binding,random_variant,protein_npt,official_out_of_fold_predictions,ProteinGym_normalized_targets,0.6409449315873413,0.7305507008016104,0.5235059574549029,0.4680237192754261,0.1,0.5862068965517241,3.0089638281776456,1.5303318283592227,0.0,3761
CP2C9_HUMAN_Amorosi_2021_abundance,CP2C9_HUMAN,Human,Expression,random_variant,protein_npt,official_out_of_fold_predictions,ProteinGym_normalized_targets,0.7981334641420786,0.524602689190208,0.4018291759908132,0.7248325187471458,0.1,0.3076923076923077,0.983060070312402,0.9057204335108412,0.5404424529974292,6370
CP2C9_HUMAN_Amorosi_2021_activity,CP2C9_HUMAN,Human,Binding,random_variant,protein_npt,official_out_of_fold_predictions,ProteinGym_normalized_targets,0.8787145009541817,0.4782649948832433,0.3334726790825985,0.771417114085275,0.1,0.4796747967479675,1.0026345104829268,1.2663312051971816,0.05690648510565791,6142
CSN4_MOUSE_Tsuboyama_2023_1UFM,CSN4_MOUSE,Eukaryote,Stability,random_variant,protein_npt,official_out_of_fold_predictions,ProteinGym_normalized_targets,0.9377722890675964,0.3040036223424309,0.21543253612483368,0.9076705011033014,0.1,0.7058823529411765,0.4271638600498319,1.1680664512608572,0.0,1353
CUE1_YEAST_Tsuboyama_2023_2MYX,CUE1_YEAST,Eukaryote,Stability,random_variant,protein_npt,official_out_of_fold_predictions,ProteinGym_normalized_targets,0.9366031839062929,0.35902333909370376,0.25855761793976967,0.871717976513253,0.1,0.6458333333333334,0.26930181215192844,1.323363763612326,0.0,955
D7PM05_CLYGR_Somermeyer_2022,D7PM05_CLYGR,Eukaryote,Activity,random_variant,protein_npt,official_out_of_fold_predictions,ProteinGym_normalized_targets,0.8420167433512166,0.513903036247835,0.29925989047967494,0.7366736891452866,0.1,0.3504273504273504,30690.857301408214,0.7956262515330996,0.0508709031664123,1169
DLG4_HUMAN_Faure_2021,DLG4_HUMAN,Human,OrganismalFitness,random_variant,protein_npt,official_out_of_fold_predictions,ProteinGym_normalized_targets,0.7657038460639494,0.6287449988011492,0.46192426764296873,0.6047721328301909,0.1,0.3125,-0.025309017387673632,0.871865346692579,0.24331101225589397,1280
DLG4_RAT_McLaughlin_2012,DLG4_RAT,Eukaryote,Binding,random_variant,protein_npt,official_out_of_fold_predictions,ProteinGym_normalized_targets,0.7995833774374629,0.5866444321843461,0.33287492907309646,0.656985165269613,0.1,0.5759493670886076,0.12733834493670887,0.7367502560304193,0.0,1576
DN7A_SACS2_Tsuboyama_2023_1JIC,DN7A_SACS2,Prokaryote,Stability,random_variant,protein_npt,official_out_of_fold_predictions,ProteinGym_normalized_targets,0.9067204916005629,0.36808754736419147,0.243098937268502,0.8646683700906564,0.1,0.5841584158415841,0.1766786645261464,0.9119814757580409,0.0,1008
DNJA1_HUMAN_Tsuboyama_2023_2LO1,DNJA1_HUMAN,Human,Stability,random_variant,protein_npt,official_out_of_fold_predictions,ProteinGym_normalized_targets,0.9392932748804969,0.30155899628587385,0.21070220653116775,0.9093602812085225,0.1,0.6229508196721312,0.232763365742768,1.0300474207312902,0.0,1216
DOCK1_MOUSE_Tsuboyama_2023_2M0Y,DOCK1_MOUSE,Eukaryote,Stability,random_variant,protein_npt,official_out_of_fold_predictions,ProteinGym_normalized_targets,0.898668306605152,0.440053430414643,0.3155096730821517,0.8065091021976561,0.1,0.6721311475409836,0.7407807975598316,1.443955597924613,0.0,1213
DYR_ECOLI_Nguyen_2023,DYR_ECOLI,Prokaryote,OrganismalFitness,random_variant,protein_npt,official_out_of_fold_predictions,ProteinGym_normalized_targets,0.7725705126985277,0.5466358180670768,0.279000601917404,0.7035013862872768,0.1,0.4589041095890411,1.037568493150685,0.6078510739336334,0.34967344438743514,2916
DYR_ECOLI_Thompson_2019,DYR_ECOLI,Prokaryote,OrganismalFitness,random_variant,protein_npt,official_out_of_fold_predictions,ProteinGym_normalized_targets,0.7634046782793886,0.6305836262545057,0.41855966477928475,0.6025473842379264,0.1,0.42616033755274263,0.2298327257383966,0.8365328025373648,0.8118022557129415,2363
ENVZ_ECOLI_Ghose_2023,ENVZ_ECOLI,Prokaryote,Activity,random_variant,protein_npt,official_out_of_fold_predictions,ProteinGym_normalized_targets,0.5246583286655988,0.8455959136478634,0.5077691285401963,0.2869357571505381,0.1,0.1415929203539823,3.644695974204539,0.47519729500078,0.45247494034021707,1121
ENV_HV1BR_Haddox_2016,ENV_HV1BR,Virus,OrganismalFitness,random_variant,protein_npt,official_out_of_fold_predictions,ProteinGym_normalized_targets,0.3642863284186755,0.9762754592943318,0.5468332035265222,0.05385130445293651,0.1,0.19735819735819735,0.07068262115024397,0.42553083093169825,0.0,12863
EPHB2_HUMAN_Tsuboyama_2023_1F0M,EPHB2_HUMAN,Human,Stability,random_variant,protein_npt,official_out_of_fold_predictions,ProteinGym_normalized_targets,0.9327394616846286,0.27905751885690905,0.1968025417283293,0.9223736825146617,0.1,0.5725806451612904,0.2233597151991419,0.9794393835822183,0.0,1239
ESTA_BACSU_Nutschel_2020,ESTA_BACSU,Prokaryote,Stability,random_variant,protein_npt,official_out_of_fold_predictions,ProteinGym_normalized_targets,0.7150632149597638,0.7385330202857886,0.5296853483626266,0.45533321576617325,0.1,0.5045871559633027,49.02440366972477,1.2060228463859584,0.0,2172
FECA_ECOLI_Tsuboyama_2023_2D1U,FECA_ECOLI,Prokaryote,Stability,random_variant,protein_npt,official_out_of_fold_predictions,ProteinGym_normalized_targets,0.9212691513174786,0.39623861315301157,0.29373135171672765,0.8437083439000674,0.1,0.6967213114754098,0.727608704546802,1.5528298183196183,0.0,1219
FKBP3_HUMAN_Tsuboyama_2023_2KFV,FKBP3_HUMAN,Human,Stability,random_variant,protein_npt,official_out_of_fold_predictions,ProteinGym_normalized_targets,0.8912541174010167,0.4092682291055999,0.28268942207308007,0.8336999011477938,0.1,0.5564516129032258,0.4612786689647107,1.061458491917637,0.0,1237
GAL4_YEAST_Kitzman_2015,GAL4_YEAST,Eukaryote,OrganismalFitness,random_variant,protein_npt,official_out_of_fold_predictions,ProteinGym_normalized_targets,0.6876934761566317,0.8316623407524639,0.5948139409567363,0.3099145844803336,0.1,0.4666666666666667,0.8306666666666668,1.0856562032722268,0.20786479820610348,1195
GDIA_HUMAN_Silverstein_2021,GDIA_HUMAN,Human,OrganismalFitness,random_variant,protein_npt,official_out_of_fold_predictions,ProteinGym_normalized_targets,0.47246923227502347,0.9097735881022898,0.6425859441452192,0.17650813982957003,0.1,0.1810344827586207,0.868455767137931,0.510130219719914,0.0009963573522784206,1154
GFP_AEQVI_Sarkisyan_2016,GFP_AEQVI,Eukaryote,Activity,random_variant,protein_npt,official_out_of_fold_predictions,ProteinGym_normalized_targets,0.583459288812298,0.8889286773346283,0.39555079879523986,0.22678936374180314,0.1,0.1834862385321101,3.7029409303007257,0.43450514721715106,0.4164360262066865,1084
GRB2_HUMAN_Faure_2021,GRB2_HUMAN,Human,OrganismalFitness,random_variant,protein_npt,official_out_of_fold_predictions,ProteinGym_normalized_targets,0.8915100101603222,0.41362144302336523,0.2805216048173695,0.8299036462733449,0.1,0.47115384615384615,0.061155179041624486,1.085249916101366,0.0,1034
HCP_LAMBD_Tsuboyama_2023_2L6Q,HCP_LAMBD,Virus,Stability,random_variant,protein_npt,official_out_of_fold_predictions,ProteinGym_normalized_targets,0.9255749447025975,0.2870073536960838,0.20596225620339423,0.917963734839621,0.1,0.5096153846153846,0.2584249189961698,1.0037971218749628,0.2062794233981717,1040
HECD1_HUMAN_Tsuboyama_2023_3DKM,HECD1_HUMAN,Human,Stability,random_variant,protein_npt,official_out_of_fold_predictions,ProteinGym_normalized_targets,0.9368947008216377,0.35343877168235194,0.24845615131816323,0.8757926361509003,0.1,0.704,0.3205236694319822,1.2286473874694408,0.0,1244
HEM3_HUMAN_Loggerenberg_2023,HEM3_HUMAN,Human,Activity,random_variant,protein_npt,official_out_of_fold_predictions,ProteinGym_normalized_targets,0.4857625734230617,0.8867593648816979,0.6715880563454016,0.21392103230310566,0.1,0.13532513181019332,0.7749170379525484,0.462126190608295,0.699200855574646,5689
HMDH_HUMAN_Jiang_2019,HMDH_HUMAN,Human,OrganismalFitness,random_variant,protein_npt,official_out_of_fold_predictions,ProteinGym_normalized_targets,0.6692414970099885,0.7222001233203141,0.5676858093434418,0.4785249281806715,0.1,0.25444839857651247,0.6998252669039147,0.8328327698277433,0.0011361128848330286,16853
HSP82_YEAST_Cote-Hammarlof_2020_growth-H2O2,HSP82_YEAST,Eukaryote,OrganismalFitness,random_variant,protein_npt,official_out_of_fold_predictions,ProteinGym_normalized_targets,0.6613851258865093,0.7225243222064168,0.3681432470230684,0.4788369022478073,0.1,0.28761061946902655,0.00010173735840707568,0.5267220127870017,0.0,2252
HSP82_YEAST_Flynn_2019,HSP82_YEAST,Eukaryote,OrganismalFitness,random_variant,protein_npt,official_out_of_fold_predictions,ProteinGym_normalized_targets,0.5789004162276652,0.665282806054884,0.474503305387649,0.5578507197589996,0.1,0.23007518796992482,0.048090476368748296,0.620641646501814,0.0,13294
HSP82_YEAST_Mishra_2016,HSP82_YEAST,Eukaryote,OrganismalFitness,random_variant,protein_npt,official_out_of_fold_predictions,ProteinGym_normalized_targets,0.7187180484171538,0.48215133393859466,0.2615662117022485,0.7676206334817697,0.1,0.2748267898383372,0.007887448334872978,0.555489454414869,0.5064883457412193,4323
HXK4_HUMAN_Gersing_2022_activity,HXK4_HUMAN,Human,OrganismalFitness,random_variant,protein_npt,official_out_of_fold_predictions,ProteinGym_normalized_targets,0.6638424597488661,0.7728488407971172,0.548712253373419,0.40332021781947713,0.1,0.3617269544924154,1.4679226375192531,1.0603149396723923,0.0,8570
HXK4_HUMAN_Gersing_2023_abundance,HXK4_HUMAN,Human,Expression,random_variant,protein_npt,official_out_of_fold_predictions,ProteinGym_normalized_targets,0.6356076630164028,0.6935689393334517,0.5256544178816747,0.5192176124632146,0.1,0.2571428571428571,0.9471125232564418,0.7146537758576068,0.19049765554339468,8396
I6TAH8_I68A0_Doud_2015,I6TAH8_I68A0,Virus,OrganismalFitness,random_variant,protein_npt,official_out_of_fold_predictions,ProteinGym_normalized_targets,0.7002536108217028,0.6856275468744748,0.5236492389376748,0.5301935471373657,0.1,0.5343189017951425,-0.5849296404430895,1.4464745979470037,0.0,9462
IF1_ECOLI_Kelsic_2016,IF1_ECOLI,Prokaryote,OrganismalFitness,random_variant,protein_npt,official_out_of_fold_predictions,ProteinGym_normalized_targets,0.8709125889663321,0.453219835729537,0.2450939617964155,0.7952096435418724,0.1,0.5620437956204379,0.9917335766569342,0.697278889340679,0.1400098087542631,1367
ILF3_HUMAN_Tsuboyama_2023_2L33,ILF3_HUMAN,Human,Stability,random_variant,protein_npt,official_out_of_fold_predictions,ProteinGym_normalized_targets,0.8603329627340129,0.33514787798409296,0.22097721166523704,0.8884129687381649,0.1,0.6766917293233082,0.585069467688863,1.1196840032066024,0.0,1329
ISDH_STAAW_Tsuboyama_2023_2LHR,ISDH_STAAW,Prokaryote,Stability,random_variant,protein_npt,official_out_of_fold_predictions,ProteinGym_normalized_targets,0.8835444585156842,0.4497775719930462,0.32915017754313836,0.7986805468956192,0.1,0.5425531914893617,0.15234670244192808,1.0610428782459853,0.0,940
KCNE1_HUMAN_Muhammad_2023_expression,KCNE1_HUMAN,Human,Expression,random_variant,protein_npt,official_out_of_fold_predictions,ProteinGym_normalized_targets,0.8092804473224477,0.5472386728265825,0.3424813944619393,0.7010439843886492,0.1,0.6538461538461539,1.5180679080042736,1.4747178550470963,0.0,2339
KCNE1_HUMAN_Muhammad_2023_function,KCNE1_HUMAN,Human,Activity,random_variant,protein_npt,official_out_of_fold_predictions,ProteinGym_normalized_targets,0.7809711514631489,0.501338573199187,0.3641945449619395,0.7489347202754914,0.1,0.33189655172413796,1.109088305814655,0.8729554151276333,0.0,2315
KCNJ2_MOUSE_Coyote-Maestas_2022_function,KCNJ2_MOUSE,Eukaryote,Activity,random_variant,protein_npt,official_out_of_fold_predictions,ProteinGym_normalized_targets,0.44582001382505926,0.9166120209428541,0.669956780015762,0.1602467294159745,0.1,0.15064562410329985,0.27428529843041605,0.4443506165289959,0.7540013382029682,6963
KCNJ2_MOUSE_Coyote-Maestas_2022_surface,KCNJ2_MOUSE,Eukaryote,Expression,random_variant,protein_npt,official_out_of_fold_predictions,ProteinGym_normalized_targets,0.5484772331527831,0.6914959218256231,0.4988182294867009,0.5223060457922704,0.1,0.2384393063583815,0.5229761897210982,0.5947201980336932,0.5153313225603673,6917
KKA2_KLEPN_Melnikov_2014,KKA2_KLEPN,Prokaryote,OrganismalFitness,random_variant,protein_npt,official_out_of_fold_predictions,ProteinGym_normalized_targets,0.7897329116391453,0.6882343385252198,0.47994775561226216,0.5269840060491187,0.1,0.26814516129032256,2.132115221774194,1.0088160619566593,0.27580544117205485,4960
LGK_LIPST_Klesmith_2015,LGK_LIPST,Eukaryote,Activity,random_variant,protein_npt,official_out_of_fold_predictions,ProteinGym_normalized_targets,0.7718557493525575,0.6533053423332396,0.49427329389081115,0.57348286313342,0.1,0.5576679340937896,-0.07029619771863119,1.1860078000692806,0.12863212974482274,7890
MAFG_MOUSE_Tsuboyama_2023_1K1V,MAFG_MOUSE,Eukaryote,Stability,random_variant,protein_npt,official_out_of_fold_predictions,ProteinGym_normalized_targets,0.915295452864833,0.36758551366651004,0.25301695763005244,0.8668017673189596,0.1,0.6233766233766234,0.2642203457434313,1.0503544792787456,0.19260106646447858,762
MBD11_ARATH_Tsuboyama_2023_6ACV,MBD11_ARATH,Eukaryote,Stability,random_variant,protein_npt,official_out_of_fold_predictions,ProteinGym_normalized_targets,0.9462422023833212,0.31865834565708495,0.2208652803734199,0.8986506432788819,0.1,0.6810344827586207,0.5038071410225776,1.1709495406254513,0.0,1155
MET_HUMAN_Estevam_2023,MET_HUMAN,Human,Activity,random_variant,protein_npt,official_out_of_fold_predictions,ProteinGym_normalized_targets,0.68032910644175,0.6343750316079614,0.42342418694284634,0.5976926523258874,0.1,0.1962962962962963,-0.19378611293148948,0.7136451149018136,0.001963292174602817,5393
MK01_HUMAN_Brenan_2016,MK01_HUMAN,Human,OrganismalFitness,random_variant,protein_npt,official_out_of_fold_predictions,ProteinGym_normalized_targets,0.5691894533159819,0.8671227152840039,0.6221380272604555,0.24915817293028042,0.1,0.4331864904552129,-7.070989042594714,0.9540151417148759,0.05511730050098721,6809
MLAC_ECOLI_MacRae_2023,MLAC_ECOLI,Prokaryote,OrganismalFitness,random_variant,protein_npt,official_out_of_fold_predictions,ProteinGym_normalized_targets,0.8110060755401928,0.5555713737726935,0.3732116768030362,0.6917094215265771,0.1,0.4164588528678304,0.04158476213715709,0.825693697438974,0.07530837795608053,4007
MSH2_HUMAN_Jia_2020,MSH2_HUMAN,Human,OrganismalFitness,random_variant,protein_npt,official_out_of_fold_predictions,ProteinGym_normalized_targets,0.5258658907707072,0.7354695431076848,0.5577995774281721,0.45934872613722977,0.1,0.22208955223880597,4.080931343283582,0.5939911160522117,0.0,16749
MTH3_HAEAE_RockahShmuel_2015,MTH3_HAEAE,Prokaryote,OrganismalFitness,random_variant,protein_npt,official_out_of_fold_predictions,ProteinGym_normalized_targets,0.7147915671943199,0.7118790860105815,0.49989012254611703,0.49357338603794887,0.1,0.29213483146067415,0.7937078651685392,0.9887141098533728,0.0,1777
MTHR_HUMAN_Weile_2021,MTHR_HUMAN,Human,OrganismalFitness,random_variant,protein_npt,official_out_of_fold_predictions,ProteinGym_normalized_targets,0.6648737837129067,0.6511271850537006,0.4933685703494849,0.5760745041826825,0.1,0.2309542902967121,0.8736578989574979,0.7810616317621433,0.006063923992854256,12464
MYO3_YEAST_Tsuboyama_2023_2BTT,MYO3_YEAST,Eukaryote,Stability,random_variant,protein_npt,official_out_of_fold_predictions,ProteinGym_normalized_targets,0.9181387961849573,0.4210237560567817,0.3116048955412038,0.8232126109044446,0.1,0.631578947368421,0.5879058918001548,1.4877552412607165,0.0,947
NCAP_I34A1_Doud_2015,NCAP_I34A1,Virus,OrganismalFitness,random_variant,protein_npt,official_out_of_fold_predictions,ProteinGym_normalized_targets,0.6233351759915339,0.7849173531000609,0.6142789933655942,0.3841395356599071,0.1,0.3780359028511088,-1.3854466871331916,1.11023013521802,0.0,9462
NKX31_HUMAN_Tsuboyama_2023_2L9R,NKX31_HUMAN,Human,Stability,random_variant,protein_npt,official_out_of_fold_predictions,ProteinGym_normalized_targets,0.9050471188201169,0.40412519554664844,0.27846952646405565,0.837885821479617,0.1,0.5739130434782609,0.21455937299680763,1.093186729029823,2.679452959368168,1149
NPC1_HUMAN_Erwood_2022_HEK293T,NPC1_HUMAN,Human,Activity,random_variant,protein_npt,official_out_of_fold_predictions,ProteinGym_normalized_targets,0.8234944254555744,0.5749891923214849,0.4004685069819466,0.6720649172467714,0.1,0.40625,0.9330461899557292,1.0626448688945807,0.0,637
NUD15_HUMAN_Suiter_2020,NUD15_HUMAN,Human,Expression,random_variant,protein_npt,official_out_of_fold_predictions,ProteinGym_normalized_targets,0.8288093657950324,0.5072320904830472,0.3595789092895042,0.7428405890512011,0.1,0.3192982456140351,0.9017293914515614,1.0095089083365634,0.03232451960388736,2844
NUSA_ECOLI_Tsuboyama_2023_1WCL,NUSA_ECOLI,Prokaryote,Stability,random_variant,protein_npt,official_out_of_fold_predictions,ProteinGym_normalized_targets,0.9440041360784239,0.2835350251865016,0.20702559728928024,0.919773570444013,0.1,0.6412213740458015,0.36208274290499626,1.168615085663637,0.0,1306
NUSG_MYCTU_Tsuboyama_2023_2MI6,NUSG_MYCTU,Prokaryote,Stability,random_variant,protein_npt,official_out_of_fold_predictions,ProteinGym_normalized_targets,0.9525023059500373,0.2782466264991756,0.19738459588282628,0.9229632738611333,0.1,0.696078431372549,0.45336517265399423,1.1478963088212546,0.0,1019
OBSCN_HUMAN_Tsuboyama_2023_1V1C,OBSCN_HUMAN,Human,Stability,random_variant,protein_npt,official_out_of_fold_predictions,ProteinGym_normalized_targets,0.9291009039406517,0.32087043568640183,0.23047627340197036,0.8972401943132691,0.1,0.5655737704918032,0.29849988633823127,1.081246343418737,0.0,1213
ODP2_GEOSE_Tsuboyama_2023_1W4G,ODP2_GEOSE,Prokaryote,Stability,random_variant,protein_npt,official_out_of_fold_predictions,ProteinGym_normalized_targets,0.9166027893346564,0.4275760393248701,0.28506617313019433,0.8190684571553437,0.1,0.7164179104477612,0.15544549873192326,1.178889657933878,0.0,669
OTC_HUMAN_Lo_2023,OTC_HUMAN,Human,Activity,random_variant,protein_npt,official_out_of_fold_predictions,ProteinGym_normalized_targets,0.8689155204148917,0.5003297053718279,0.3379995282596974,0.7501293578882033,0.1,0.5159235668789809,0.9954203821656051,1.367883808609819,0.0,1570
OTU7A_HUMAN_Tsuboyama_2023_2L2D,OTU7A_HUMAN,Human,Stability,random_variant,protein_npt,official_out_of_fold_predictions,ProteinGym_normalized_targets,0.8897649511863511,0.47262407764552655,0.3420634851410709,0.7775085273541303,0.1,0.5625,0.4133238768959457,1.246374085153718,0.0,635
OXDA_RHOTO_Vanella_2023_activity,OXDA_RHOTO,Eukaryote,Activity,random_variant,protein_npt,official_out_of_fold_predictions,ProteinGym_normalized_targets,0.5508393951627862,0.8531366478918122,0.6381228707523092,0.27241915318730536,0.1,0.271875,-0.01315567722086582,0.8961942758160522,1.2905684100309613,6396
OXDA_RHOTO_Vanella_2023_expression,OXDA_RHOTO,Eukaryote,Expression,random_variant,protein_npt,official_out_of_fold_predictions,ProteinGym_normalized_targets,0.630856444126648,0.7866463335160151,0.5971824139692657,0.3819629453175918,0.1,0.3293943870014771,0.03949214120965827,0.8534861435879293,0.720055676466529,6769
P53_HUMAN_Giacomelli_2018_Null_Etoposide,P53_HUMAN,Human,OrganismalFitness,random_variant,protein_npt,official_out_of_fold_predictions,ProteinGym_normalized_targets,0.7505410078270246,0.5862770506074599,0.4198392565536917,0.6563958676168509,0.1,0.4926372155287818,1.044231285099702,1.0195480159419668,0.5735037485840871,7467
P53_HUMAN_Giacomelli_2018_Null_Nutlin,P53_HUMAN,Human,OrganismalFitness,random_variant,protein_npt,official_out_of_fold_predictions,ProteinGym_normalized_targets,0.7284240413508785,0.659282805175935,0.4915537897160186,0.5655868063174623,0.1,0.6278447121820616,1.5555295655546415,1.542927096255557,0.3265644458763899,7467
P53_HUMAN_Giacomelli_2018_WT_Nutlin,P53_HUMAN,Human,OrganismalFitness,random_variant,protein_npt,official_out_of_fold_predictions,ProteinGym_normalized_targets,0.8883211683160178,0.464188292605542,0.34861949641038303,0.7846439400241889,0.1,0.5756358768406962,1.357623817084109,1.3305786994410118,0.0,7467
P53_HUMAN_Kotler_2018,P53_HUMAN,Human,OrganismalFitness,random_variant,protein_npt,official_out_of_fold_predictions,ProteinGym_normalized_targets,0.7358585357634279,0.6773573234148111,0.4899222152156107,0.5428300185472811,0.1,0.3047619047619048,2.483262712558153,1.001332724470756,0.0,1048
P84126_THETH_Chan_2017,P84126_THETH,Prokaryote,OrganismalFitness,random_variant,protein_npt,official_out_of_fold_predictions,ProteinGym_normalized_targets,0.8974600826171321,0.4138165714856224,0.2711707421580645,0.8293626223986436,0.1,0.6644736842105263,0.43126262982236846,1.4775587095795237,0.0,1519
PABP_YEAST_Melamed_2013,PABP_YEAST,Eukaryote,OrganismalFitness,random_variant,protein_npt,official_out_of_fold_predictions,ProteinGym_normalized_targets,0.8433019265250392,0.48826151254029027,0.33735961165922496,0.7630907427582616,0.1,0.35294117647058826,1.0032972868907561,0.9473657562236867,0.0,1187
PAI1_HUMAN_Huttinger_2021,PAI1_HUMAN,Human,Activity,random_variant,protein_npt,official_out_of_fold_predictions,ProteinGym_normalized_targets,0.5878460267894308,0.7957684749050601,0.6003977146283965,0.367013428976948,0.1,0.2822429906542056,0.70341841502243,0.7681078885250624,0.0,5345
PA_I34A1_Wu_2015,PA_I34A1,Virus,OrganismalFitness,random_variant,protein_npt,official_out_of_fold_predictions,ProteinGym_normalized_targets,0.29018215206853715,1.0707056829080897,0.6630833057166083,-0.11056231634044544,0.1,0.21428571428571427,0.6875724689478022,0.4793824412536447,0.0,1820
PHOT_CHLRE_Chen_2023,PHOT_CHLRE,Eukaryote,Activity,random_variant,protein_npt,official_out_of_fold_predictions,ProteinGym_normalized_targets,0.8204191720913182,0.4640956811694516,0.324620294415394,0.7850752139391848,0.1,0.4647887323943662,1.3662747048297108,0.8678273706151558,0.0,2122
PIN1_HUMAN_Tsuboyama_2023_1I6C,PIN1_HUMAN,Human,Stability,random_variant,protein_npt,official_out_of_fold_predictions,ProteinGym_normalized_targets,0.9277880861512178,0.38756063095982596,0.2512223129154519,0.851867147114933,0.1,0.6376811594202898,0.2265634312388047,1.1796891414667396,0.3143905798546123,686
PITX2_HUMAN_Tsuboyama_2023_2L7M,PITX2_HUMAN,Human,Stability,random_variant,protein_npt,official_out_of_fold_predictions,ProteinGym_normalized_targets,0.9272942781052039,0.37089103112449084,0.2531721055140085,0.862898519083021,0.1,0.7340425531914894,0.5659118300215169,1.2825641100851926,0.0,938
PKN1_HUMAN_Tsuboyama_2023_1URF,PKN1_HUMAN,Human,Stability,random_variant,protein_npt,official_out_of_fold_predictions,ProteinGym_normalized_targets,0.8900417452176643,0.36243157056986,0.24553156489692543,0.8693550395605554,0.1,0.6641221374045801,0.45964596988524503,0.9783202954800894,0.0,1301
POLG_CXB3N_Mattenberger_2021,POLG_CXB3N,Virus,OrganismalFitness,random_variant,protein_npt,official_out_of_fold_predictions,ProteinGym_normalized_targets,0.6739678581286395,0.6792159815578203,0.5263975824128034,0.5389729458568369,0.1,0.573791348600509,-0.8960295563782499,1.5680090798034159,0.0,15711
POLG_DEN26_Suphatrakul_2023,POLG_DEN26,Virus,OrganismalFitness,random_variant,protein_npt,official_out_of_fold_predictions,ProteinGym_normalized_targets,0.7861736242522819,0.5704739492272125,0.4201916860962948,0.6745940122036072,0.1,0.5414201183431953,-0.48599199646803254,1.4634827135368043,0.0,16897
POLG_HCVJF_Qi_2014,POLG_HCVJF,Virus,OrganismalFitness,random_variant,protein_npt,official_out_of_fold_predictions,ProteinGym_normalized_targets,0.8043925735229909,0.5713101243960039,0.31967935612771775,0.67483980780393,0.1,0.5828220858895705,-0.10436264826993864,1.6636866831467845,0.0,1630
POLG_PESV_Tsuboyama_2023_2MXD,POLG_PESV,Virus,Stability,random_variant,protein_npt,official_out_of_fold_predictions,ProteinGym_normalized_targets,0.9352059806925342,0.28772203435410026,0.2064944419132965,0.9176329574588816,0.1,0.59,0.12125824801073846,1.0273373170318445,0.0,995
PPARG_HUMAN_Majithia_2016,PPARG_HUMAN,Human,Activity,random_variant,protein_npt,official_out_of_fold_predictions,ProteinGym_normalized_targets,0.9451081999850415,0.31437090249291744,0.24045552075391186,0.9011771269500236,0.1,0.615866388308977,2.567914405010438,1.2197896158534263,0.0,9576
PPM1D_HUMAN_Miller_2022,PPM1D_HUMAN,Human,OrganismalFitness,random_variant,protein_npt,official_out_of_fold_predictions,ProteinGym_normalized_targets,0.6676139703621888,0.7500827754110955,0.5583748468332167,0.43773844258439853,0.1,0.229404309252218,0.2147957667934094,0.7468332409546615,0.4725556835037774,7889
PR40A_HUMAN_Tsuboyama_2023_1UZC,PR40A_HUMAN,Human,Stability,random_variant,protein_npt,official_out_of_fold_predictions,ProteinGym_normalized_targets,0.9238008796367575,0.35531873348118576,0.2437715173194325,0.8742317489333897,0.1,0.6068376068376068,0.3157572644209388,1.0032821245579397,0.0,1163
PRKN_HUMAN_Clausen_2023,PRKN_HUMAN,Human,Expression,random_variant,protein_npt,official_out_of_fold_predictions,ProteinGym_normalized_targets,0.8504038253149653,0.42774857067366645,0.2609119646715886,0.8171391781276216,0.1,0.4623287671232877,1.0559723732468336,0.9195153080514074,0.0,8756
PSAE_PICP2_Tsuboyama_2023_1PSE,PSAE_PICP2,Prokaryote,Stability,random_variant,protein_npt,official_out_of_fold_predictions,ProteinGym_normalized_targets,0.892356393496946,0.4217861141163117,0.29506971275340443,0.8232344228892275,0.1,0.6557377049180327,0.47973066361678596,1.1778012044049115,0.0,1219
PTEN_HUMAN_Matreyek_2021,PTEN_HUMAN,Human,Expression,random_variant,protein_npt,official_out_of_fold_predictions,ProteinGym_normalized_targets,0.6927013945842303,0.6863350660942931,0.49712427006781423,0.529291159662782,0.1,0.23968565815324164,0.9439118009554044,0.7291981879142723,0.03884367034038336,5083
PTEN_HUMAN_Mighell_2018,PTEN_HUMAN,Human,Activity,random_variant,protein_npt,official_out_of_fold_predictions,ProteinGym_normalized_targets,0.6324919325337532,0.5936489552460322,0.4319827944615269,0.6477910991844131,0.1,0.2231404958677686,0.015595189549586781,0.6589961190848233,0.7771154448614931,7260
Q2N0S5_9HIV1_Haddox_2018,Q2N0S5_9HIV1,Virus,OrganismalFitness,random_variant,protein_npt,official_out_of_fold_predictions,ProteinGym_normalized_targets,0.753245559323968,0.6534990794659733,0.5084109742497337,0.5729700217336959,0.1,0.34328358208955223,-0.08118089040298507,1.0645988624893845,0.06377224806796891,12729
Q53Z42_HUMAN_McShan_2019_binding-TAPBPR,Q53Z42_HUMAN,Human,Binding,random_variant,protein_npt,official_out_of_fold_predictions,ProteinGym_normalized_targets,0.7744199781516186,0.6273063717937225,0.47369602807071465,0.6068497009636671,0.1,0.4716417910447761,1.3151940298507463,1.1333480555577753,0.0,3344
Q53Z42_HUMAN_McShan_2019_expression,Q53Z42_HUMAN,Human,Expression,random_variant,protein_npt,official_out_of_fold_predictions,ProteinGym_normalized_targets,0.7742698953881587,0.6674982283378434,0.5042949140594247,0.5552108613986817,0.1,0.5522388059701493,1.382686567164179,1.2975400411667406,0.0,3344
Q59976_STRSQ_Romero_2015,Q59976_STRSQ,Prokaryote,Activity,random_variant,protein_npt,official_out_of_fold_predictions,ProteinGym_normalized_targets,0.7446055630436529,0.715397066084188,0.49841807984554853,0.48860912254686373,0.1,0.29333333333333333,-0.23012999999999995,0.8083311718896334,1.4063120289246405,2999
Q6WV12_9MAXI_Somermeyer_2022,Q6WV12_9MAXI,Eukaryote,Activity,random_variant,protein_npt,official_out_of_fold_predictions,ProteinGym_normalized_targets,0.7426480984406371,0.586107526391457,0.3573912480552936,0.658186865715966,0.1,0.5565217391304348,18616.2763922216,0.9148406751133059,0.0,1141
Q837P4_ENTFA_Meier_2023,Q837P4_ENTFA,Prokaryote,Activity,random_variant,protein_npt,official_out_of_fold_predictions,ProteinGym_normalized_targets,0.8115067795484074,0.5822953480236525,0.38099787830157816,0.6621792952945846,0.1,0.37142857142857144,-0.10005219348571429,0.8525934090805337,0.10918095118446507,697
Q837P5_ENTFA_Meier_2023,Q837P5_ENTFA,Prokaryote,Activity,random_variant,protein_npt,official_out_of_fold_predictions,ProteinGym_normalized_targets,0.8132600364613104,0.5111095141828321,0.36065829719234266,0.739710048278221,0.1,0.4266666666666667,-0.26367394103111114,0.8652469809316236,0.11806343977735136,747
Q8WTC7_9CNID_Somermeyer_2022,Q8WTC7_9CNID,Eukaryote,Activity,random_variant,protein_npt,official_out_of_fold_predictions,ProteinGym_normalized_targets,0.6766243465996861,0.6704917732875352,0.38709816273005826,0.5517044919503562,0.1,0.2644628099173554,9126.050786980599,0.5057800741008672,1.2273364233907391,1201
R1AB_SARS2_Flynn_2022,R1AB_SARS2,Virus,OrganismalFitness,random_variant,protein_npt,official_out_of_fold_predictions,ProteinGym_normalized_targets,0.8304978221340885,0.44178451243376127,0.24343954061688383,0.8050720432858312,0.1,0.31413612565445026,0.9836227919022377,0.820015604904339,0.0,5725
RAD_ANTMA_Tsuboyama_2023_2CJJ,RAD_ANTMA,Eukaryote,Stability,random_variant,protein_npt,official_out_of_fold_predictions,ProteinGym_normalized_targets,0.8739833988251268,0.48986938406793756,0.34915328437416016,0.7606703519843465,0.1,0.5641025641025641,0.4700512198838105,1.1495392047487438,0.0,774
RASH_HUMAN_Bandaru_2017,RASH_HUMAN,Human,Activity,random_variant,protein_npt,official_out_of_fold_predictions,ProteinGym_normalized_targets,0.8497315527230287,0.5492059499352504,0.3541319270126515,0.699265999099949,0.1,0.6114649681528662,0.22835901175796178,1.1646387182644116,7.896718585902575,3134
RASK_HUMAN_Weng_2022_abundance,RASK_HUMAN,Human,Expression,random_variant,protein_npt,official_out_of_fold_predictions,ProteinGym_normalized_targets,0.7857543138690704,0.604250646403289,0.43948225058388785,0.6354190114353324,0.1,0.5602605863192183,0.12239036971290886,1.2400307206823946,0.0,3066
RASK_HUMAN_Weng_2022_binding-DARPin_K55,RASK_HUMAN,Human,Binding,random_variant,protein_npt,official_out_of_fold_predictions,ProteinGym_normalized_targets,0.878390814300149,0.4207417459427401,0.25141790605626785,0.8231819200553616,0.1,0.598705501618123,0.05271171456277697,0.8406110856165978,0.0,3084
RBP1_HUMAN_Tsuboyama_2023_2KWH,RBP1_HUMAN,Human,Stability,random_variant,protein_npt,official_out_of_fold_predictions,ProteinGym_normalized_targets,0.8869438438492872,0.40547474699666164,0.28458430745210256,0.8362282363023056,0.1,0.6428571428571429,0.5695764879894746,1.2250558976108785,0.0,975
RCD1_ARATH_Tsuboyama_2023_5OAO,RCD1_ARATH,Eukaryote,Stability,random_variant,protein_npt,official_out_of_fold_predictions,ProteinGym_normalized_targets,0.9022421264429377,0.43753275705041134,0.3188657661989878,0.8093104215926481,0.1,0.5757575757575758,0.5112066215980623,1.2574022647551362,0.0,988
RCRO_LAMBD_Tsuboyama_2023_1ORC,RCRO_LAMBD,Virus,Stability,random_variant,protein_npt,official_out_of_fold_predictions,ProteinGym_normalized_targets,0.9353997074273005,0.3003971080661327,0.1989193963133473,0.910080140699226,0.1,0.6083333333333333,0.20560127727476896,0.9778498917384318,0.01821702821134963,1195
RD23A_HUMAN_Tsuboyama_2023_1IFY,RD23A_HUMAN,Human,Stability,random_variant,protein_npt,official_out_of_fold_predictions,ProteinGym_normalized_targets,0.9502145580391544,0.27765138985850746,0.1989442104923559,0.9234395317936123,0.1,0.7625,0.2906465891417056,1.1482818877671872,0.0,798
RDRP_I33A0_Li_2023,RDRP_I33A0,Virus,OrganismalFitness,random_variant,protein_npt,official_out_of_fold_predictions,ProteinGym_normalized_targets,0.5982277488625327,0.7813953318247836,0.6152711901320254,0.38966226478690447,0.1,0.43963363863447125,-0.6029082617540611,1.2441725769046104,0.0,12003
REV_HV1H2_Fernandes_2016,REV_HV1H2,Virus,OrganismalFitness,random_variant,protein_npt,official_out_of_fold_predictions,ProteinGym_normalized_targets,0.5351249534490261,0.8362264145548274,0.5891662750195343,0.3033204119718901,0.1,0.24186046511627907,-0.0036768485316496253,0.537247841842049,2.1502360816277757,2147
RFAH_ECOLI_Tsuboyama_2023_2LCL,RFAH_ECOLI,Prokaryote,Stability,random_variant,protein_npt,official_out_of_fold_predictions,ProteinGym_normalized_targets,0.854362985356831,0.5137826305954946,0.3971353278587203,0.7370727579588502,0.1,0.6494845360824743,0.8290969861333017,1.6455578944582248,0.0,969
RL20_AQUAE_Tsuboyama_2023_1GYZ,RL20_AQUAE,Prokaryote,Stability,random_variant,protein_npt,official_out_of_fold_predictions,ProteinGym_normalized_targets,0.8339441262678131,0.36629744210387527,0.2464144602341552,0.8665952088941351,0.1,0.5221238938053098,0.15715200193778342,0.7595975314342782,0.0,1121
RL40A_YEAST_Mavor_2016,RL40A_YEAST,Eukaryote,OrganismalFitness,random_variant,protein_npt,official_out_of_fold_predictions,ProteinGym_normalized_targets,0.7364956866597488,0.6822148190303625,0.42684852080526736,0.5358953749161544,0.1,0.3253968253968254,-0.009418456126984128,0.7454786552592032,0.984693404322619,1253
RL40A_YEAST_Roscoe_2013,RL40A_YEAST,Eukaryote,OrganismalFitness,random_variant,protein_npt,official_out_of_fold_predictions,ProteinGym_normalized_targets,0.8943277631352352,0.541255940625674,0.321296987052251,0.7075826581630245,0.1,0.575,0.017659283158678422,0.8172598544065294,0.0,1195
RL40A_YEAST_Roscoe_2014,RL40A_YEAST,Eukaryote,Activity,random_variant,protein_npt,official_out_of_fold_predictions,ProteinGym_normalized_targets,0.798537098672029,0.5526131925821027,0.2914140497742391,0.6958228127495312,0.1,0.36231884057971014,1.0246693087318839,0.698716015116682,0.154692954088158,1380
RNC_ECOLI_Weeks_2023,RNC_ECOLI,Prokaryote,Activity,random_variant,protein_npt,official_out_of_fold_predictions,ProteinGym_normalized_targets,0.7458047044710197,0.49598136767473533,0.27566617215319383,0.7543440201573276,0.1,0.2546728971962617,0.011204310705607476,0.6185752222591268,0.0,4277
RPC1_BP434_Tsuboyama_2023_1R69,RPC1_BP434,Virus,Stability,random_variant,protein_npt,official_out_of_fold_predictions,ProteinGym_normalized_targets,0.9439382099084281,0.32686012085587063,0.22623172548727757,0.8939451424549103,0.1,0.5575221238938053,0.24389151059876654,1.116668876829367,0.0,1124
RS15_GEOSE_Tsuboyama_2023_1A32,RS15_GEOSE,Prokaryote,Stability,random_variant,protein_npt,official_out_of_fold_predictions,ProteinGym_normalized_targets,0.9232175697760856,0.3390289016504717,0.23186870200150625,0.8854721284420569,0.1,0.7,0.48147296899806913,1.1956583011323159,0.0,1195
S22A1_HUMAN_Yee_2023_abundance,S22A1_HUMAN,Human,Expression,random_variant,protein_npt,official_out_of_fold_predictions,ProteinGym_normalized_targets,0.8032828493215634,0.5452086538773843,0.4093843534362829,0.7029403115075903,0.1,0.3241590214067278,0.40414579383690113,0.9133098193548451,0.0,9803
S22A1_HUMAN_Yee_2023_activity,S22A1_HUMAN,Human,Activity,random_variant,protein_npt,official_out_of_fold_predictions,ProteinGym_normalized_targets,0.7474463166272711,0.5826573342541721,0.44954264212592726,0.6607245179733334,0.1,0.2198019801980198,0.4249856599653465,0.8077628260359613,0.0,10094
SAV1_MOUSE_Tsuboyama_2023_2YSB,SAV1_MOUSE,Eukaryote,Stability,random_variant,protein_npt,official_out_of_fold_predictions,ProteinGym_normalized_targets,0.9180554969912423,0.4036531138097898,0.2693673962975258,0.8385607851830132,0.1,0.75,0.41592328740675355,1.267845831149167,0.0,679
SBI_STAAM_Tsuboyama_2023_2JVG,SBI_STAAM,Prokaryote,Stability,random_variant,protein_npt,official_out_of_fold_predictions,ProteinGym_normalized_targets,0.8978141380509198,0.46037515778687843,0.33928990609990245,0.7886967897299864,0.1,0.6601941747572816,0.31193171746481035,1.3549133779203373,0.0,1025
SC6A4_HUMAN_Young_2021,SC6A4_HUMAN,Human,Activity,random_variant,protein_npt,official_out_of_fold_predictions,ProteinGym_normalized_targets,0.6885826089258575,0.7417465536010197,0.546861620148768,0.44990292461932957,0.1,0.34974093264248707,0.6614522490103627,0.8679698665581598,0.035180221406988794,11576
SCIN_STAAR_Tsuboyama_2023_2QFF,SCIN_STAAR,Prokaryote,Stability,random_variant,protein_npt,official_out_of_fold_predictions,ProteinGym_normalized_targets,0.9220739735380413,0.376172608752365,0.2565429491554208,0.8586723704896213,0.1,0.7131147540983607,0.5757073144532765,1.31912065446833,0.0,1212
SDA_BACSU_Tsuboyama_2023_1PV0,SDA_BACSU,Prokaryote,Stability,random_variant,protein_npt,official_out_of_fold_predictions,ProteinGym_normalized_targets,0.9381696175648565,0.28195029298739305,0.1889064531941127,0.921167564666725,0.1,0.5833333333333334,0.25978694527637997,0.966245004947956,0.01924406128684061,834
SERC_HUMAN_Xie_2023,SERC_HUMAN,Human,OrganismalFitness,random_variant,protein_npt,official_out_of_fold_predictions,ProteinGym_normalized_targets,0.6669170294144602,0.5481635554851348,0.3320681737498119,0.7009492367993273,0.1,0.2760416666666667,0.9766586443274772,0.5289384238940834,0.0,1914
SHOC2_HUMAN_Kwon_2022,SHOC2_HUMAN,Human,OrganismalFitness,random_variant,protein_npt,official_out_of_fold_predictions,ProteinGym_normalized_targets,0.6159077977486593,0.7667965580563709,0.5863370398122181,0.412299206084346,0.1,0.27595628415300544,0.12594663197454262,0.7715214096340961,3.6175888056199663,10972
SOX30_HUMAN_Tsuboyama_2023_7JJK,SOX30_HUMAN,Human,Stability,random_variant,protein_npt,official_out_of_fold_predictions,ProteinGym_normalized_targets,0.9269727722699485,0.3843229657753156,0.26203137362861384,0.8529024126970618,0.1,0.594059405940594,0.4647802606883418,1.131699699269055,0.0,1010
SPA_STAAU_Tsuboyama_2023_1LP1,SPA_STAAU,Prokaryote,Stability,random_variant,protein_npt,official_out_of_fold_predictions,ProteinGym_normalized_targets,0.9226897103862877,0.38724172592436107,0.2742804759042125,0.8504596950259458,0.1,0.7211538461538461,0.5881440333495662,1.3832725998589124,0.0,1035
SPG1_STRSG_Olson_2014,SPG1_STRSG,Prokaryote,Binding,random_variant,protein_npt,official_out_of_fold_predictions,ProteinGym_normalized_targets,0.9064503193138842,0.3792575987374341,0.22255166560646888,0.8565834653793697,0.1,0.5142857142857142,0.9763136695458794,0.8819349374175172,0.16209065128205155,1045
SPG2_STRSG_Tsuboyama_2023_5UBS,SPG2_STRSG,Prokaryote,Stability,random_variant,protein_npt,official_out_of_fold_predictions,ProteinGym_normalized_targets,0.9167408021077689,0.34263321763438737,0.2471318501414966,0.882972412250393,0.1,0.6796116504854369,0.5789926752394653,1.2087968327875984,0.0,1029
SPIKE_SARS2_Starr_2020_binding,SPIKE_SARS2,Virus,Binding,random_variant,protein_npt,official_out_of_fold_predictions,ProteinGym_normalized_targets,0.8573964561831907,0.438986091507295,0.24555614053871647,0.8073606825564172,0.1,0.3543307086614173,-0.032782152230971126,0.6812145742391214,0.07799873053864753,3802
SPIKE_SARS2_Starr_2020_expression,SPIKE_SARS2,Virus,Expression,random_variant,protein_npt,official_out_of_fold_predictions,ProteinGym_normalized_targets,0.9029957430477352,0.4139595235309713,0.26758512697684567,0.8289210681183721,0.1,0.5631578947368421,0.044605263157894745,1.0897815769136914,0.0,3798
SPTN1_CHICK_Tsuboyama_2023_1TUD,SPTN1_CHICK,Eukaryote,Stability,random_variant,protein_npt,official_out_of_fold_predictions,ProteinGym_normalized_targets,0.908818812015767,0.39139275251605465,0.27429920161980015,0.8472968651565699,0.1,0.5188679245283019,0.18573124134335695,1.1244294587353991,0.0,1051
SQSTM_MOUSE_Tsuboyama_2023_2RRU,SQSTM_MOUSE,Eukaryote,Stability,random_variant,protein_npt,official_out_of_fold_predictions,ProteinGym_normalized_targets,0.9419223726898409,0.35053230555568443,0.27427172585374826,0.8777602944339159,0.1,0.6901408450704225,0.2306363236174708,1.4139615568959623,0.12677596090416468,707
SR43C_ARATH_Tsuboyama_2023_2N88,SR43C_ARATH,Eukaryote,Stability,random_variant,protein_npt,official_out_of_fold_predictions,ProteinGym_normalized_targets,0.917419299963757,0.35353125335291796,0.25590091255731157,0.875128247134029,0.1,0.5617977528089888,0.25691757205346066,1.1453396188273903,0.0,889
SRBS1_HUMAN_Tsuboyama_2023_2O2W,SRBS1_HUMAN,Human,Stability,random_variant,protein_npt,official_out_of_fold_predictions,ProteinGym_normalized_targets,0.9404200888522151,0.3350437574530961,0.22925857461800164,0.8881036844350141,0.1,0.6885245901639344,0.2710561668146166,1.0678959709150775,0.0,1211
SRC_HUMAN_Ahler_2019,SRC_HUMAN,Human,Activity,random_variant,protein_npt,official_out_of_fold_predictions,ProteinGym_normalized_targets,0.8205174159551241,0.606474679361754,0.4032006892933571,0.6328109745571453,0.1,0.5266272189349113,0.9910020005739646,1.4479836606926189,0.0,3372
SRC_HUMAN_Chakraborty_2023_binding-DAS_25uM,SRC_HUMAN,Human,Activity,random_variant,protein_npt,official_out_of_fold_predictions,ProteinGym_normalized_targets,0.7305391442528217,0.7408625757478338,0.4624755166598653,0.4548471956522586,0.1,0.5082417582417582,0.9763275806153846,1.3806514548807105,0.0,3637
SRC_HUMAN_Nguyen_2022,SRC_HUMAN,Human,OrganismalFitness,random_variant,protein_npt,official_out_of_fold_predictions,ProteinGym_normalized_targets,0.7027057053278538,0.7662015422634577,0.5253682294813755,0.4136430322793009,0.1,0.40059347181008903,0.20846485511732085,1.1813929982636875,0.0,3366
SUMO1_HUMAN_Weile_2017,SUMO1_HUMAN,Human,OrganismalFitness,random_variant,protein_npt,official_out_of_fold_predictions,ProteinGym_normalized_targets,0.6105384559160135,0.8357869346815074,0.6137205064167411,0.3049362408536297,0.1,0.2823529411764706,0.7016087526411764,0.7565370911473904,0.8795087416525416,1700
SYUA_HUMAN_Newberry_2020,SYUA_HUMAN,Human,OrganismalFitness,random_variant,protein_npt,official_out_of_fold_predictions,ProteinGym_normalized_targets,0.6512587160699262,0.41952938390066163,0.293745083405006,0.824288999425142,0.1,0.368,0.017934370178357376,0.6158641120525258,0.19856830016135152,2497
TADBP_HUMAN_Bolognesi_2019,TADBP_HUMAN,Human,OrganismalFitness,random_variant,protein_npt,official_out_of_fold_predictions,ProteinGym_normalized_targets,0.7689992392576576,0.552794280788987,0.39767773217596986,0.6954317686577827,0.1,0.7666666666666667,0.16920803345897503,1.715847271271963,0.0,1196
TAT_HV1BR_Fernandes_2016,TAT_HV1BR,Virus,OrganismalFitness,random_variant,protein_npt,official_out_of_fold_predictions,ProteinGym_normalized_targets,0.5966640041513748,0.8119540373926624,0.5504329403323525,0.343499905425524,0.1,0.1962025316455696,-0.015031535058084413,0.5134561279640059,2.792272455758795,1577
TCRG1_MOUSE_Tsuboyama_2023_1E0L,TCRG1_MOUSE,Eukaryote,Stability,random_variant,protein_npt,official_out_of_fold_predictions,ProteinGym_normalized_targets,0.922615119505213,0.3173919019939697,0.21740158689388084,0.8999906684537642,0.1,0.5555555555555556,-0.004203521988452207,1.047459739311277,0.0,621
THO1_YEAST_Tsuboyama_2023_2WQG,THO1_YEAST,Eukaryote,Stability,random_variant,protein_npt,official_out_of_fold_predictions,ProteinGym_normalized_targets,0.9073363292976232,0.4103832109971956,0.2904326185979025,0.8336693725256303,0.1,0.5151515151515151,0.37381694525604287,1.1504799234527434,0.0,656
TNKS2_HUMAN_Tsuboyama_2023_5JRT,TNKS2_HUMAN,Human,Stability,random_variant,protein_npt,official_out_of_fold_predictions,ProteinGym_normalized_targets,0.9495070291678804,0.29141962853725445,0.21420877506225403,0.915225970500574,0.1,0.6339285714285714,0.13667434695818947,1.1614311347424349,0.0,1118
TPK1_HUMAN_Weile_2017,TPK1_HUMAN,Human,OrganismalFitness,random_variant,protein_npt,official_out_of_fold_predictions,ProteinGym_normalized_targets,0.34654951070622064,1.0421434503525728,0.8028435368934015,-0.08494202037729259,0.1,0.16927899686520376,0.7033818773166144,0.5327245510456756,0.0,3181
TPMT_HUMAN_Matreyek_2018,TPMT_HUMAN,Human,Expression,random_variant,protein_npt,official_out_of_fold_predictions,ProteinGym_normalized_targets,0.5694956810922606,0.7748382210363566,0.5760784063471308,0.40124562374792083,0.1,0.20821917808219179,0.9665093143890411,0.5818797340681514,0.0,3648
TPOR_HUMAN_Bridgford_2020,TPOR_HUMAN,Human,OrganismalFitness,random_variant,protein_npt,official_out_of_fold_predictions,ProteinGym_normalized_targets,0.6634688640915934,0.6824188857652858,0.5126195020823844,0.5386860866566174,0.1,0.631578947368421,0.33403950685755496,1.7570895790206897,0.0,562
TRPC_SACS2_Chan_2017,TRPC_SACS2,Prokaryote,OrganismalFitness,random_variant,protein_npt,official_out_of_fold_predictions,ProteinGym_normalized_targets,0.8126944412776931,0.549965879193478,0.36647908338617513,0.6983708081831199,0.1,0.6842105263157895,0.4496232989868421,1.636885490890574,0.31456337880459867,1519
TRPC_THEMA_Chan_2017,TRPC_THEMA,Prokaryote,OrganismalFitness,random_variant,protein_npt,official_out_of_fold_predictions,ProteinGym_normalized_targets,0.8182754481589604,0.5636401919368622,0.35154085599842,0.6853436523602554,0.1,0.6710526315789473,0.4429650289473684,1.8639439833446272,0.0,1519
UBC9_HUMAN_Weile_2017,UBC9_HUMAN,Human,OrganismalFitness,random_variant,protein_npt,official_out_of_fold_predictions,ProteinGym_normalized_targets,0.7084740571297143,0.7727307550329824,0.5321517764310281,0.4051223070638388,0.1,0.4163424124513619,0.999001489540856,1.1075260745957567,0.0,2563
UBE4B_HUMAN_Tsuboyama_2023_3L1X,UBE4B_HUMAN,Human,Stability,random_variant,protein_npt,official_out_of_fold_predictions,ProteinGym_normalized_targets,0.9287719329235189,0.3921448604871474,0.28289293255155634,0.8467344402692115,0.1,0.6071428571428571,0.3401654295610535,1.334559383912989,0.0,1118
UBE4B_MOUSE_Starita_2013,UBE4B_MOUSE,Eukaryote,Activity,random_variant,protein_npt,official_out_of_fold_predictions,ProteinGym_normalized_targets,0.5031735915876905,0.8973914669883302,0.6616600485498831,0.20142263070416677,0.1,0.2,0.1539749167666667,0.6313175250098729,0.0,899
UBR5_HUMAN_Tsuboyama_2023_1I2T,UBR5_HUMAN,Human,Stability,random_variant,protein_npt,official_out_of_fold_predictions,ProteinGym_normalized_targets,0.9124134145124035,0.3554684965598077,0.25202059462471665,0.8740685171240973,0.1,0.5363636363636364,0.34893663436828576,0.969341050177269,0.0,1094
VG08_BPP22_Tsuboyama_2023_2GP8,VG08_BPP22,Virus,Stability,random_variant,protein_npt,official_out_of_fold_predictions,ProteinGym_normalized_targets,0.9239441967422614,0.360370345256034,0.2475393611759336,0.8714471183545561,0.1,0.7397260273972602,0.3953821853921669,1.3674504823478792,0.0,723
VILI_CHICK_Tsuboyama_2023_1YU5,VILI_CHICK,Eukaryote,Stability,random_variant,protein_npt,official_out_of_fold_predictions,ProteinGym_normalized_targets,0.9276613157042707,0.4009247640209263,0.24799571493715472,0.8402880422214873,0.1,0.6198347107438017,0.18661467732156656,1.0941948961557206,0.0,1202
VKOR1_HUMAN_Chiasson_2020_abundance,VKOR1_HUMAN,Human,Expression,random_variant,protein_npt,official_out_of_fold_predictions,ProteinGym_normalized_targets,0.8184431443153561,0.5426118952544696,0.3973709393318491,0.7056353994733214,0.1,0.45555555555555555,1.0283970628220203,1.0010526439156782,0.0,2695
VKOR1_HUMAN_Chiasson_2020_activity,VKOR1_HUMAN,Human,Activity,random_variant,protein_npt,official_out_of_fold_predictions,ProteinGym_normalized_targets,0.30488670372378374,1.0313862682937087,0.7757812749794835,-0.057485208533144316,0.1,0.05714285714285714,0.8063762392898471,0.19233558816698557,0.21870354371736028,697
VRPI_BPT7_Tsuboyama_2023_2WNM,VRPI_BPT7,Virus,Stability,random_variant,protein_npt,official_out_of_fold_predictions,ProteinGym_normalized_targets,0.9051482376109411,0.36424485417474317,0.25656176463872965,0.8679787500090084,0.1,0.7142857142857143,0.4490345371445388,1.2085406421640847,0.220891906072008,1047
YAIA_ECOLI_Tsuboyama_2023_2KVT,YAIA_ECOLI,Prokaryote,Stability,random_variant,protein_npt,official_out_of_fold_predictions,ProteinGym_normalized_targets,0.8830986931889642,0.43422781950354344,0.3008042220084052,0.8119793556016022,0.1,0.5698924731182796,0.1689098534470492,1.069839812893819,0.0007945398795715669,928
YNZC_BACSU_Tsuboyama_2023_2JVD,YNZC_BACSU,Prokaryote,Stability,random_variant,protein_npt,official_out_of_fold_predictions,ProteinGym_normalized_targets,0.9112436115983678,0.33917029486880523,0.24225054833753504,0.885641191765088,0.1,0.5972222222222222,0.26491525721146314,1.082092666213473,0.0,714
