protocol_id,panel_id,dataset_id,assay_id,task_id,target_id,protein_id,family_id,model_id,selection_gain_sd,protein_length,assayed_fraction,mutated_positions,msa_depth,msa_neff,alignment_coverage,sequence_identity_to_development,structure_similarity_to_development,domain_coverage,score_dispersion,score_tail_separation,missing_fraction,ensemble_disagreement,ensemble_agreement,taxon,assay_modality,model_family,model_modalities,exposure_status,structure_available,development_crossover_probability_supervised_wins,transport_estimator,fold,predicted_selection_gain_sd,decision_selection_gain_sd,predicted_error_scale,lower_selection_gain_sd,auditor_selected,auditor_confidence,trusted,prediction_error,decision_prediction_error,lower_bound_covers
variantshift-development-v1,proteingym-v1.3,proteingym-substitutions-v1.3,A0A140D2T1_ZIKV_Sourisseau_2019,A0A140D2T1_ZIKV_Sourisseau_2019,A0A140D2T1_ZIKV,A0A140D2T1_ZIKV,cssf_a5d49b9502ef,carp_640m,0.1931785880143609,3423,0.147239263803681,504,16501,854.1,0.948,0.0,0.2561,0.0,3.2334919852757023,0.8034737699939535,0.0,0.249238015250917,0.750761984749083,Virus,OrganismalFitness,convolutional-protein-language-model,sequence,known-development-benchmark,available,,elastic_net,0,0.25265881852090727,0.25265881852090727,0.20868839035699546,-0.30224397669203823,False,,False,0.059480230506546355,0.059480230506546355,True
variantshift-development-v1,proteingym-v1.3,proteingym-substitutions-v1.3,A0A140D2T1_ZIKV_Sourisseau_2019,A0A140D2T1_ZIKV_Sourisseau_2019,A0A140D2T1_ZIKV,A0A140D2T1_ZIKV,cssf_a5d49b9502ef,esm2_150m,-0.0292027775723766,3423,0.147239263803681,504,16501,854.1,0.948,0.0,0.2561,0.0,1.16476556788347,1.3671608963584232,0.0,0.2459015735691048,0.7540984264308952,Virus,OrganismalFitness,masked-protein-language-model,sequence,known-development-benchmark,available,,elastic_net,0,0.13372325758928183,0.13372325758928183,0.11505243725580135,-0.17220137444267974,False,,False,0.16292603516165843,0.16292603516165843,True
variantshift-development-v1,proteingym-v1.3,proteingym-substitutions-v1.3,A0A140D2T1_ZIKV_Sourisseau_2019,A0A140D2T1_ZIKV_Sourisseau_2019,A0A140D2T1_ZIKV,A0A140D2T1_ZIKV,cssf_a5d49b9502ef,esm2_35m,0.0064560410628843,3423,0.147239263803681,504,16501,854.1,0.948,0.0,0.2561,0.0,1.0740707067010231,1.4386513232028433,0.0,0.2566739298132409,0.7433260701867591,Virus,OrganismalFitness,masked-protein-language-model,sequence,known-development-benchmark,available,,elastic_net,0,0.1372357857044777,0.1372357857044777,0.13849924127797328,-0.23103393925985266,False,,False,0.1307797446415934,0.1307797446415934,True
variantshift-development-v1,proteingym-v1.3,proteingym-substitutions-v1.3,A0A140D2T1_ZIKV_Sourisseau_2019,A0A140D2T1_ZIKV_Sourisseau_2019,A0A140D2T1_ZIKV,A0A140D2T1_ZIKV,cssf_a5d49b9502ef,esm2_650m,0.0776851337432295,3423,0.147239263803681,504,16501,854.1,0.948,0.0,0.2561,0.0,3.694563718346456,0.9796610424011084,0.0,0.2705748558535195,0.7294251441464805,Virus,OrganismalFitness,masked-protein-language-model,sequence,known-development-benchmark,available,,elastic_net,0,0.28600438351413815,0.28600438351413815,0.17031563314737883,-0.16686518311709958,False,,False,0.20831924977090865,0.20831924977090865,True
variantshift-development-v1,proteingym-v1.3,proteingym-substitutions-v1.3,A0A140D2T1_ZIKV_Sourisseau_2019,A0A140D2T1_ZIKV_Sourisseau_2019,A0A140D2T1_ZIKV,A0A140D2T1_ZIKV,cssf_a5d49b9502ef,esm2_8m,-0.0588386739735913,3423,0.147239263803681,504,16501,854.1,0.948,0.0,0.2561,0.0,0.9631763832469032,1.6732384107069358,0.0,0.2682674581475833,0.7317325418524167,Virus,OrganismalFitness,masked-protein-language-model,sequence,known-development-benchmark,available,,elastic_net,0,0.17900831114802862,0.17900831114802862,0.17652799897598137,-0.2903799470945625,False,,False,0.23784698512161992,0.23784698512161992,True
variantshift-development-v1,proteingym-v1.3,proteingym-substitutions-v1.3,A0A140D2T1_ZIKV_Sourisseau_2019,A0A140D2T1_ZIKV_Sourisseau_2019,A0A140D2T1_ZIKV,A0A140D2T1_ZIKV,cssf_a5d49b9502ef,vespag,0.5073360330040683,3423,0.147239263803681,504,16501,854.1,0.948,0.0,0.2561,0.0,0.0621498380469193,2.7562548796402333,0.0,0.3139720706345916,0.6860279293654084,Virus,OrganismalFitness,distilled-evolutionary-variant-effect-model,sequence,known-development-benchmark,available,,elastic_net,0,0.45382830869806623,0.45382830869806623,0.1564889851376504,0.03772382332457769,True,0.5745500296730768,True,-0.053507724306002036,-0.053507724306002036,True
variantshift-development-v1,proteingym-v1.3,proteingym-substitutions-v1.3,A0A192B1T2_9HIV1_Haddox_2018,A0A192B1T2_9HIV1_Haddox_2018,A0A192B1T2_9HIV1,A0A192B1T2_9HIV1,cssf_1bf288bd319a,carp_640m,0.9306828129101086,852,0.7769953051643192,662,74854,36470.5,0.986,0.0,0.2133,0.0,4.004955417402801,1.9845519226290504,0.0,0.3950689952639725,0.6049310047360275,Virus,OrganismalFitness,convolutional-protein-language-model,sequence,known-development-benchmark,available,,elastic_net,3,0.5048952215296121,0.5048952215296121,0.10343823562599913,0.3231499727980808,True,1.6752619050855322,True,-0.4257875913804965,-0.4257875913804965,True
variantshift-development-v1,proteingym-v1.3,proteingym-substitutions-v1.3,A0A192B1T2_9HIV1_Haddox_2018,A0A192B1T2_9HIV1_Haddox_2018,A0A192B1T2_9HIV1,A0A192B1T2_9HIV1,cssf_1bf288bd319a,esm2_150m,-0.0634174838363436,852,0.7769953051643192,662,74854,36470.5,0.986,0.0,0.2133,0.0,1.3803243047834917,1.125505730995576,0.0,0.36424669718893,0.63575330281107,Virus,OrganismalFitness,masked-protein-language-model,sequence,known-development-benchmark,available,,elastic_net,3,0.028078954842228554,0.028078954842228554,0.0786929816235967,-0.1101878614085659,False,,False,0.09149643867857216,0.09149643867857216,True
variantshift-development-v1,proteingym-v1.3,proteingym-substitutions-v1.3,A0A192B1T2_9HIV1_Haddox_2018,A0A192B1T2_9HIV1_Haddox_2018,A0A192B1T2_9HIV1,A0A192B1T2_9HIV1,cssf_1bf288bd319a,esm2_35m,-0.0611938948174764,852,0.7769953051643192,662,74854,36470.5,0.986,0.0,0.2133,0.0,1.0712538172559896,1.4117689813719854,0.0,0.3724082813817592,0.6275917186182408,Virus,OrganismalFitness,masked-protein-language-model,sequence,known-development-benchmark,available,,elastic_net,3,0.05934929133205069,0.05934929133205069,0.08121401192576436,-0.08334707919868958,False,,False,0.12054318614952708,0.12054318614952708,True
variantshift-development-v1,proteingym-v1.3,proteingym-substitutions-v1.3,A0A192B1T2_9HIV1_Haddox_2018,A0A192B1T2_9HIV1_Haddox_2018,A0A192B1T2_9HIV1,A0A192B1T2_9HIV1,cssf_1bf288bd319a,esm2_650m,-0.0074212903913124,852,0.7769953051643192,662,74854,36470.5,0.986,0.0,0.2133,0.0,1.8167178351083464,0.9388887861334512,0.0,0.3555543728155607,0.6444456271844393,Virus,OrganismalFitness,masked-protein-language-model,sequence,known-development-benchmark,available,,elastic_net,3,0.03122415736299039,0.03122415736299039,0.044655111258715775,-0.047236715966229345,False,,False,0.038645447754302786,0.038645447754302786,True
variantshift-development-v1,proteingym-v1.3,proteingym-substitutions-v1.3,A0A192B1T2_9HIV1_Haddox_2018,A0A192B1T2_9HIV1_Haddox_2018,A0A192B1T2_9HIV1,A0A192B1T2_9HIV1,cssf_1bf288bd319a,esm2_8m,-0.0487206072792298,852,0.7769953051643192,662,74854,36470.5,0.986,0.0,0.2133,0.0,1.040000320209489,1.4165589170423645,0.0,0.3675946156538821,0.6324053843461179,Virus,OrganismalFitness,masked-protein-language-model,sequence,known-development-benchmark,available,,elastic_net,3,0.06000658129038733,0.06000658129038733,0.08413965727739414,-0.08783026886004355,False,,False,0.10872718856961713,0.10872718856961713,True
variantshift-development-v1,proteingym-v1.3,proteingym-substitutions-v1.3,A0A192B1T2_9HIV1_Haddox_2018,A0A192B1T2_9HIV1_Haddox_2018,A0A192B1T2_9HIV1,A0A192B1T2_9HIV1,cssf_1bf288bd319a,vespag,0.3249930860882668,852,0.7769953051643192,662,74854,36470.5,0.986,0.0,0.2133,0.0,0.0500829330531196,2.6192548754721616,0.0,0.3483812775371809,0.651618722462819,Virus,OrganismalFitness,distilled-evolutionary-variant-effect-model,sequence,known-development-benchmark,available,,elastic_net,3,0.39044377670620717,0.39044377670620717,0.15319114939802544,0.12128060525111234,False,,False,0.06545069061794034,0.06545069061794034,True
variantshift-development-v1,proteingym-v1.3,proteingym-substitutions-v1.3,A0A1I9GEU1_NEIME_Kennouche_2019,A0A1I9GEU1_NEIME_Kennouche_2019,A0A1I9GEU1_NEIME,A0A1I9GEU1_NEIME,cssf_977f4be4ca9f,carp_640m,0.1182394227272361,161,1.0,161,5553,2265.9,0.857,0.0,0.3352,1.0,3.688862080752421,1.8222147553571104,0.0,0.1694782142531274,0.8305217857468725,Prokaryote,Activity,convolutional-protein-language-model,sequence,known-development-benchmark,available,,elastic_net,2,0.6004201440466148,0.6004201440466148,0.15373015653997651,0.27061655936308265,True,-0.48842526408818276,True,0.4821807213193787,0.4821807213193787,False
variantshift-development-v1,proteingym-v1.3,proteingym-substitutions-v1.3,A0A1I9GEU1_NEIME_Kennouche_2019,A0A1I9GEU1_NEIME_Kennouche_2019,A0A1I9GEU1_NEIME,A0A1I9GEU1_NEIME,cssf_977f4be4ca9f,esm2_150m,0.0465745686909572,161,1.0,161,5553,2265.9,0.857,0.0,0.3352,1.0,2.6906822039899785,0.7891462869214394,0.0,0.1958393278034969,0.8041606721965031,Prokaryote,Activity,masked-protein-language-model,sequence,known-development-benchmark,available,,elastic_net,2,0.26357209258500514,0.26357209258500514,0.18438924119556913,-0.13200567883007375,False,,False,0.21699752389404794,0.21699752389404794,True
variantshift-development-v1,proteingym-v1.3,proteingym-substitutions-v1.3,A0A1I9GEU1_NEIME_Kennouche_2019,A0A1I9GEU1_NEIME_Kennouche_2019,A0A1I9GEU1_NEIME,A0A1I9GEU1_NEIME,cssf_977f4be4ca9f,esm2_35m,-0.1024327389071795,161,1.0,161,5553,2265.9,0.857,0.0,0.3352,1.0,2.3815977493941523,0.7825894825235253,0.0,0.2533463039693026,0.7466536960306974,Prokaryote,Activity,masked-protein-language-model,sequence,known-development-benchmark,available,,elastic_net,2,0.19993474271296052,0.19993474271296052,0.17437462302585752,-0.17415825924669381,False,,False,0.30236748162014004,0.30236748162014004,True
variantshift-development-v1,proteingym-v1.3,proteingym-substitutions-v1.3,A0A1I9GEU1_NEIME_Kennouche_2019,A0A1I9GEU1_NEIME_Kennouche_2019,A0A1I9GEU1_NEIME,A0A1I9GEU1_NEIME,cssf_977f4be4ca9f,esm2_650m,-0.0986406890395417,161,1.0,161,5553,2265.9,0.857,0.0,0.3352,1.0,3.148522148985061,0.9420645869465428,0.0,0.1653213405883502,0.8346786594116498,Prokaryote,Activity,masked-protein-language-model,sequence,known-development-benchmark,available,,elastic_net,2,0.3467260370314068,0.3467260370314068,0.1762468672963079,-0.03138356704259693,False,,False,0.4453667260709485,0.4453667260709485,False
variantshift-development-v1,proteingym-v1.3,proteingym-substitutions-v1.3,A0A1I9GEU1_NEIME_Kennouche_2019,A0A1I9GEU1_NEIME_Kennouche_2019,A0A1I9GEU1_NEIME,A0A1I9GEU1_NEIME,cssf_977f4be4ca9f,esm2_8m,-0.0676967240975468,161,1.0,161,5553,2265.9,0.857,0.0,0.3352,1.0,2.017446481405209,0.8695717942097353,0.0,0.2556958282774597,0.7443041717225403,Prokaryote,Activity,masked-protein-language-model,sequence,known-development-benchmark,available,,elastic_net,2,0.18955953831277705,0.18955953831277705,0.17283547472802233,-0.18123146592950945,False,,False,0.25725626241032384,0.25725626241032384,True
variantshift-development-v1,proteingym-v1.3,proteingym-substitutions-v1.3,A0A1I9GEU1_NEIME_Kennouche_2019,A0A1I9GEU1_NEIME_Kennouche_2019,A0A1I9GEU1_NEIME,A0A1I9GEU1_NEIME,cssf_977f4be4ca9f,vespag,0.0065171137355787,161,1.0,161,5553,2265.9,0.857,0.0,0.3352,1.0,0.1208308929165832,1.8962517089987208,0.0,0.1633919436877853,0.8366080563122147,Prokaryote,Activity,distilled-evolutionary-variant-effect-model,sequence,known-development-benchmark,available,,elastic_net,2,0.39468580115946583,0.39468580115946583,0.14810991256869643,0.07693955545380798,False,,False,0.3881686874238871,0.3881686874238871,False
variantshift-development-v1,proteingym-v1.3,proteingym-substitutions-v1.3,A0A247D711_LISMN_Stadelmann_2021,A0A247D711_LISMN_Stadelmann_2021,A0A247D711_LISMN,A0A247D711_LISMN,cssf_c9df9de4e934,carp_640m,-0.1575417440549658,87,1.0,87,57,8.9,1.0,0.0,0.4406,1.0,1.5970209118077243,1.1549808752096529,0.0,0.0304538425626779,0.969546157437322,Prokaryote,Activity,convolutional-protein-language-model,sequence,known-development-benchmark,available,,elastic_net,4,0.39439700549356127,0.39439700549356127,0.23356984957898666,-0.29667078546708625,False,,False,0.5519387495485271,0.5519387495485271,True
variantshift-development-v1,proteingym-v1.3,proteingym-substitutions-v1.3,A0A247D711_LISMN_Stadelmann_2021,A0A247D711_LISMN_Stadelmann_2021,A0A247D711_LISMN,A0A247D711_LISMN,cssf_c9df9de4e934,esm2_150m,-0.080339686002854,87,1.0,87,57,8.9,1.0,0.0,0.4406,1.0,1.5901521286838236,1.2887762948728676,0.0,0.0444323572810678,0.955567642718932,Prokaryote,Activity,masked-protein-language-model,sequence,known-development-benchmark,available,,elastic_net,4,0.3794203841401812,0.3794203841401812,0.24651686732823022,-0.3499540074867151,False,,False,0.4597600701430352,0.4597600701430352,True
variantshift-development-v1,proteingym-v1.3,proteingym-substitutions-v1.3,A0A247D711_LISMN_Stadelmann_2021,A0A247D711_LISMN_Stadelmann_2021,A0A247D711_LISMN,A0A247D711_LISMN,cssf_c9df9de4e934,esm2_35m,-0.1457350484874278,87,1.0,87,57,8.9,1.0,0.0,0.4406,1.0,1.5427714393498029,1.304092019859985,0.0,0.0284989379158651,0.9715010620841348,Prokaryote,Activity,masked-protein-language-model,sequence,known-development-benchmark,available,,elastic_net,4,0.3906272240010825,0.3906272240010825,0.25375310385476507,-0.3601571655355401,False,,False,0.5363622724885103,0.5363622724885103,True
variantshift-development-v1,proteingym-v1.3,proteingym-substitutions-v1.3,A0A247D711_LISMN_Stadelmann_2021,A0A247D711_LISMN_Stadelmann_2021,A0A247D711_LISMN,A0A247D711_LISMN,cssf_c9df9de4e934,esm2_650m,-0.0410214007610705,87,1.0,87,57,8.9,1.0,0.0,0.4406,1.0,1.5013306586472837,1.3364199090299784,0.0,0.0416462465360523,0.9583537534639476,Prokaryote,Activity,masked-protein-language-model,sequence,known-development-benchmark,available,,elastic_net,4,0.3855816566732605,0.3855816566732605,0.256031600329431,-0.3719441660076538,False,,False,0.426603057434331,0.426603057434331,True
variantshift-development-v1,proteingym-v1.3,proteingym-substitutions-v1.3,A0A247D711_LISMN_Stadelmann_2021,A0A247D711_LISMN_Stadelmann_2021,A0A247D711_LISMN,A0A247D711_LISMN,cssf_c9df9de4e934,esm2_8m,-0.139853911085786,87,1.0,87,57,8.9,1.0,0.0,0.4406,1.0,1.4358834057940102,1.391704389563489,0.0,0.0416462465360523,0.9583537534639476,Prokaryote,Activity,masked-protein-language-model,sequence,known-development-benchmark,available,,elastic_net,4,0.39360178382175043,0.39360178382175043,0.25885836193576117,-0.37228763502699186,False,,False,0.5334556949075364,0.5334556949075364,True
variantshift-development-v1,proteingym-v1.3,proteingym-substitutions-v1.3,A0A247D711_LISMN_Stadelmann_2021,A0A247D711_LISMN_Stadelmann_2021,A0A247D711_LISMN,A0A247D711_LISMN,cssf_c9df9de4e934,vespag,0.4376326656161532,87,1.0,87,57,8.9,1.0,0.0,0.4406,1.0,0.0605721809351165,2.6305464915787997,0.0,0.2995034949219288,0.7004965050780712,Prokaryote,Activity,distilled-evolutionary-variant-effect-model,sequence,known-development-benchmark,available,,elastic_net,4,0.45963942579182837,0.45963942579182837,0.181883904366833,-0.07850412410834307,True,-3.4344258949292996,False,0.022006760175675155,0.022006760175675155,True
variantshift-development-v1,proteingym-v1.3,proteingym-substitutions-v1.3,A0A2Z5U3Z0_9INFA_Doud_2016,A0A2Z5U3Z0_9INFA_Doud_2016,A0A2Z5U3Z0_9INFA,A0A2Z5U3Z0_9INFA,cssf_97ae43962602,carp_640m,0.3395793640269513,565,0.9982300884955752,564,57581,9047.2,0.968,0.0,0.2744,0.0,3.967669696053643,1.334058079473013,0.0,0.3270275814961783,0.6729724185038217,Virus,OrganismalFitness,convolutional-protein-language-model,sequence,known-development-benchmark,available,,elastic_net,2,0.34867826463101725,0.34867826463101725,0.12242576406913035,0.08603327189584153,False,,False,0.00909890060406593,0.00909890060406593,True
variantshift-development-v1,proteingym-v1.3,proteingym-substitutions-v1.3,A0A2Z5U3Z0_9INFA_Doud_2016,A0A2Z5U3Z0_9INFA_Doud_2016,A0A2Z5U3Z0_9INFA,A0A2Z5U3Z0_9INFA,cssf_97ae43962602,esm2_150m,-0.076061916711406,565,0.9982300884955752,564,57581,9047.2,0.968,0.0,0.2744,0.0,1.4823047245492371,1.130250712005371,0.0,0.3576418676156818,0.6423581323843182,Virus,OrganismalFitness,masked-protein-language-model,sequence,known-development-benchmark,available,,elastic_net,2,0.06466073244237314,0.06466073244237314,0.10057795640029829,-0.15111326602055364,False,,False,0.14072264915377913,0.14072264915377913,True
variantshift-development-v1,proteingym-v1.3,proteingym-substitutions-v1.3,A0A2Z5U3Z0_9INFA_Doud_2016,A0A2Z5U3Z0_9INFA_Doud_2016,A0A2Z5U3Z0_9INFA,A0A2Z5U3Z0_9INFA,cssf_97ae43962602,esm2_35m,-0.0775595938458854,565,0.9982300884955752,564,57581,9047.2,0.968,0.0,0.2744,0.0,1.1893120403586468,1.2879005554011085,0.0,0.3739001849692982,0.6260998150307018,Virus,OrganismalFitness,masked-protein-language-model,sequence,known-development-benchmark,available,,elastic_net,2,0.06304033338583381,0.06304033338583381,0.08489270131838725,-0.11908344660909423,False,,False,0.1405999272317192,0.1405999272317192,True
variantshift-development-v1,proteingym-v1.3,proteingym-substitutions-v1.3,A0A2Z5U3Z0_9INFA_Doud_2016,A0A2Z5U3Z0_9INFA_Doud_2016,A0A2Z5U3Z0_9INFA,A0A2Z5U3Z0_9INFA,cssf_97ae43962602,esm2_650m,0.8742570202757723,565,0.9982300884955752,564,57581,9047.2,0.968,0.0,0.2744,0.0,3.7526839380363217,2.0455210525947716,0.0,0.2758764666816439,0.7241235333183561,Virus,OrganismalFitness,masked-protein-language-model,sequence,known-development-benchmark,available,,elastic_net,2,0.45799606272196364,0.45799606272196364,0.14701753644396123,0.14259333614013292,True,0.7429713852096668,True,-0.4162609575538087,-0.4162609575538087,True
variantshift-development-v1,proteingym-v1.3,proteingym-substitutions-v1.3,A0A2Z5U3Z0_9INFA_Doud_2016,A0A2Z5U3Z0_9INFA_Doud_2016,A0A2Z5U3Z0_9INFA,A0A2Z5U3Z0_9INFA,cssf_97ae43962602,esm2_8m,-0.0881576719563229,565,0.9982300884955752,564,57581,9047.2,0.968,0.0,0.2744,0.0,1.1436082628082327,1.3054475101665055,0.0,0.3892645103107433,0.6107354896892567,Virus,OrganismalFitness,masked-protein-language-model,sequence,known-development-benchmark,available,,elastic_net,2,0.05234072826875297,0.05234072826875297,0.08710405183856676,-0.13452715233051776,False,,False,0.14049840022507587,0.14049840022507587,True
variantshift-development-v1,proteingym-v1.3,proteingym-substitutions-v1.3,A0A2Z5U3Z0_9INFA_Doud_2016,A0A2Z5U3Z0_9INFA_Doud_2016,A0A2Z5U3Z0_9INFA,A0A2Z5U3Z0_9INFA,cssf_97ae43962602,vespag,0.9555504623191544,565,0.9982300884955752,564,57581,9047.2,0.968,0.0,0.2744,0.0,0.0849962361941021,2.7958781072369687,0.0,0.2397747520024045,0.7602252479975955,Virus,OrganismalFitness,distilled-evolutionary-variant-effect-model,sequence,known-development-benchmark,available,,elastic_net,2,0.4460652771864507,0.4460652771864507,0.08706587031063676,0.25927930897875906,False,,False,-0.5094851851327037,-0.5094851851327037,True
variantshift-development-v1,proteingym-v1.3,proteingym-substitutions-v1.3,A0A2Z5U3Z0_9INFA_Wu_2014,A0A2Z5U3Z0_9INFA_Wu_2014,A0A2Z5U3Z0_9INFA,A0A2Z5U3Z0_9INFA,cssf_97ae43962602,carp_640m,0.1800957985902728,565,0.976991150442478,552,57581,9047.2,0.968,0.0,0.2744,0.0,3.4065443331494265,1.264323390684626,0.0,0.3252282014653208,0.6747717985346792,Virus,OrganismalFitness,convolutional-protein-language-model,sequence,known-development-benchmark,available,,elastic_net,2,0.29688646854096773,0.29688646854096773,0.1034520000471054,0.07494666683820994,False,,False,0.11679066995069493,0.11679066995069493,True
variantshift-development-v1,proteingym-v1.3,proteingym-substitutions-v1.3,A0A2Z5U3Z0_9INFA_Wu_2014,A0A2Z5U3Z0_9INFA_Wu_2014,A0A2Z5U3Z0_9INFA,A0A2Z5U3Z0_9INFA,cssf_97ae43962602,esm2_150m,0.0317338842150716,565,0.976991150442478,552,57581,9047.2,0.968,0.0,0.2744,0.0,1.2312404271261912,1.1685166216665102,0.0,0.3841609092997226,0.6158390907002774,Virus,OrganismalFitness,masked-protein-language-model,sequence,known-development-benchmark,available,,elastic_net,2,0.03533479160793207,0.03533479160793207,0.09009139815731187,-0.15794196508167874,False,,False,0.003600907392860467,0.003600907392860467,True
variantshift-development-v1,proteingym-v1.3,proteingym-substitutions-v1.3,A0A2Z5U3Z0_9INFA_Wu_2014,A0A2Z5U3Z0_9INFA_Wu_2014,A0A2Z5U3Z0_9INFA,A0A2Z5U3Z0_9INFA,cssf_97ae43962602,esm2_35m,0.0049960908117437,565,0.976991150442478,552,57581,9047.2,0.968,0.0,0.2744,0.0,0.9628040920094172,1.3505500939264237,0.0,0.3991683658569419,0.6008316341430581,Virus,OrganismalFitness,masked-protein-language-model,sequence,known-development-benchmark,available,,elastic_net,2,0.0410216454760533,0.0410216454760533,0.10213975251527377,-0.17810293799151297,False,,False,0.0360255546643096,0.0360255546643096,True
variantshift-development-v1,proteingym-v1.3,proteingym-substitutions-v1.3,A0A2Z5U3Z0_9INFA_Wu_2014,A0A2Z5U3Z0_9INFA_Wu_2014,A0A2Z5U3Z0_9INFA,A0A2Z5U3Z0_9INFA,cssf_97ae43962602,esm2_650m,0.4035045921062407,565,0.976991150442478,552,57581,9047.2,0.968,0.0,0.2744,0.0,3.3047818227373704,2.0764999110157025,0.0,0.2680835634590508,0.7319164365409492,Virus,OrganismalFitness,masked-protein-language-model,sequence,known-development-benchmark,available,,elastic_net,2,0.4377974359252727,0.4377974359252727,0.14047539465620928,0.13642983336640785,True,0.737921728510494,True,0.034292843819032026,0.034292843819032026,True
variantshift-development-v1,proteingym-v1.3,proteingym-substitutions-v1.3,A0A2Z5U3Z0_9INFA_Wu_2014,A0A2Z5U3Z0_9INFA_Wu_2014,A0A2Z5U3Z0_9INFA,A0A2Z5U3Z0_9INFA,cssf_97ae43962602,esm2_8m,0.0068066359937221,565,0.976991150442478,552,57581,9047.2,0.968,0.0,0.2744,0.0,0.9289140171485388,1.3947668163162503,0.0,0.405745307417545,0.594254692582455,Virus,OrganismalFitness,masked-protein-language-model,sequence,known-development-benchmark,available,,elastic_net,2,0.04251768110778209,0.04251768110778209,0.10174051268389911,-0.17575039684063723,False,,False,0.03571104511405999,0.03571104511405999,True
variantshift-development-v1,proteingym-v1.3,proteingym-substitutions-v1.3,A0A2Z5U3Z0_9INFA_Wu_2014,A0A2Z5U3Z0_9INFA_Wu_2014,A0A2Z5U3Z0_9INFA,A0A2Z5U3Z0_9INFA,cssf_97ae43962602,vespag,0.4966412255502964,565,0.976991150442478,552,57581,9047.2,0.968,0.0,0.2744,0.0,0.1097432640308314,2.469360284374108,0.0,0.2330852166436735,0.7669147833563265,Virus,OrganismalFitness,distilled-evolutionary-variant-effect-model,sequence,known-development-benchmark,available,,elastic_net,2,0.38921931284763817,0.38921931284763817,0.12754098355715346,0.11560043078870841,False,,False,-0.10742191270265822,-0.10742191270265822,True
variantshift-development-v1,proteingym-v1.3,proteingym-substitutions-v1.3,A4D664_9INFA_Soh_2019,A4D664_9INFA_Soh_2019,A4D664_9INFA,A4D664_9INFA,cssf_c55b9af61b07,carp_640m,0.123342382848954,759,1.0,759,26683,1288.0,1.0,0.0,0.2345,0.0,3.577922204581919,0.5142565383894416,0.0,0.2674074318106139,0.7325925681893861,Virus,OrganismalFitness,convolutional-protein-language-model,sequence,known-development-benchmark,available,,elastic_net,3,0.20011057873946475,0.20011057873946475,0.08764556467687458,0.046113704604748784,False,,False,0.07676819589051075,0.07676819589051075,True
variantshift-development-v1,proteingym-v1.3,proteingym-substitutions-v1.3,A4D664_9INFA_Soh_2019,A4D664_9INFA_Soh_2019,A4D664_9INFA,A4D664_9INFA,cssf_c55b9af61b07,esm2_150m,0.0244979683310171,759,1.0,759,26683,1288.0,1.0,0.0,0.2345,0.0,1.036318582269835,1.4277270968875893,0.0,0.2620178426544411,0.7379821573455588,Virus,OrganismalFitness,masked-protein-language-model,sequence,known-development-benchmark,available,,elastic_net,3,0.11509646548010632,0.11509646548010632,0.1863761465162143,-0.2123741154053601,False,,False,0.09059849714908923,0.09059849714908923,True
variantshift-development-v1,proteingym-v1.3,proteingym-substitutions-v1.3,A4D664_9INFA_Soh_2019,A4D664_9INFA_Soh_2019,A4D664_9INFA,A4D664_9INFA,cssf_c55b9af61b07,esm2_35m,0.0436645705952879,759,1.0,759,26683,1288.0,1.0,0.0,0.2345,0.0,1.0086630479033871,1.4521627812055158,0.0,0.2674074318106139,0.7325925681893861,Virus,OrganismalFitness,masked-protein-language-model,sequence,known-development-benchmark,available,,elastic_net,3,0.11522683243715237,0.11522683243715237,0.18687819778597373,-0.21312587324816396,False,,False,0.07156226184186447,0.07156226184186447,True
variantshift-development-v1,proteingym-v1.3,proteingym-substitutions-v1.3,A4D664_9INFA_Soh_2019,A4D664_9INFA_Soh_2019,A4D664_9INFA,A4D664_9INFA,cssf_c55b9af61b07,esm2_650m,0.1742785979310174,759,1.0,759,26683,1288.0,1.0,0.0,0.2345,0.0,5.219589243376182,0.4684279487736524,0.0,0.3369608082133111,0.6630391917866889,Virus,OrganismalFitness,masked-protein-language-model,sequence,known-development-benchmark,available,,elastic_net,3,0.24952034169740017,0.24952034169740017,0.1173253818483758,0.04337480395201987,False,,False,0.07524174376638276,0.07524174376638276,True
variantshift-development-v1,proteingym-v1.3,proteingym-substitutions-v1.3,A4D664_9INFA_Soh_2019,A4D664_9INFA_Soh_2019,A4D664_9INFA,A4D664_9INFA,cssf_c55b9af61b07,esm2_8m,0.0358308135485761,759,1.0,759,26683,1288.0,1.0,0.0,0.2345,0.0,0.9431579817857187,1.503621806821404,0.0,0.2636939376105278,0.7363060623894722,Virus,OrganismalFitness,masked-protein-language-model,sequence,known-development-benchmark,available,,elastic_net,3,0.12259776296412334,0.12259776296412334,0.17809188363576656,-0.1903170261616282,False,,False,0.08676694941554725,0.08676694941554725,True
variantshift-development-v1,proteingym-v1.3,proteingym-substitutions-v1.3,A4D664_9INFA_Soh_2019,A4D664_9INFA_Soh_2019,A4D664_9INFA,A4D664_9INFA,cssf_c55b9af61b07,vespag,0.3033962883191091,759,1.0,759,26683,1288.0,1.0,0.0,0.2345,0.0,0.0721421813336286,2.772766869969212,0.0,0.3831631650238479,0.616836834976152,Virus,OrganismalFitness,distilled-evolutionary-variant-effect-model,sequence,known-development-benchmark,available,,elastic_net,3,0.40741754464497,0.40741754464497,0.1709617235479818,0.10703074104417998,True,0.04355954493091248,True,0.1040212563258609,0.1040212563258609,True
variantshift-development-v1,proteingym-v1.3,proteingym-substitutions-v1.3,A4GRB6_PSEAI_Chen_2020,A4GRB6_PSEAI_Chen_2020,A4GRB6_PSEAI,A4GRB6_PSEAI,cssf_579275b2407d,carp_640m,0.8521874651640285,266,1.0,266,108496,32081.3,0.726,0.0,0.3512,0.0,3.4319872314078217,1.2344331049201906,0.0,0.092470513614374,0.907529486385626,Prokaryote,OrganismalFitness,convolutional-protein-language-model,sequence,known-development-benchmark,available,,elastic_net,4,0.503359432408233,0.503359432408233,0.17243248644668413,-0.0068200180360522555,False,,False,-0.34882803275579555,-0.34882803275579555,True
variantshift-development-v1,proteingym-v1.3,proteingym-substitutions-v1.3,A4GRB6_PSEAI_Chen_2020,A4GRB6_PSEAI_Chen_2020,A4GRB6_PSEAI,A4GRB6_PSEAI,cssf_579275b2407d,esm2_150m,0.8054090783227137,266,1.0,266,108496,32081.3,0.726,0.0,0.3512,0.0,3.2700358996203196,1.1494001874930475,0.0,0.1050328337653407,0.8949671662346592,Prokaryote,OrganismalFitness,masked-protein-language-model,sequence,known-development-benchmark,available,,elastic_net,4,0.42244669017630676,0.42244669017630676,0.12046258476286936,0.06603162849115612,False,,False,-0.38296238814640693,-0.38296238814640693,True
variantshift-development-v1,proteingym-v1.3,proteingym-substitutions-v1.3,A4GRB6_PSEAI_Chen_2020,A4GRB6_PSEAI_Chen_2020,A4GRB6_PSEAI,A4GRB6_PSEAI,cssf_579275b2407d,esm2_35m,0.5921255699466161,266,1.0,266,108496,32081.3,0.726,0.0,0.3512,0.0,2.6555041283974603,1.1480481601869783,0.0,0.092470513614374,0.907529486385626,Prokaryote,OrganismalFitness,masked-protein-language-model,sequence,known-development-benchmark,available,,elastic_net,4,0.3789111434299607,0.3789111434299607,0.12796422021361042,0.00030084272367697507,False,,False,-0.21321442651665545,-0.21321442651665545,True
variantshift-development-v1,proteingym-v1.3,proteingym-substitutions-v1.3,A4GRB6_PSEAI_Chen_2020,A4GRB6_PSEAI_Chen_2020,A4GRB6_PSEAI,A4GRB6_PSEAI,cssf_579275b2407d,esm2_650m,0.8928406568560099,266,1.0,266,108496,32081.3,0.726,0.0,0.3512,0.0,3.973600455105853,1.2078282185889009,0.0,0.091814795543049,0.908185204456951,Prokaryote,OrganismalFitness,masked-protein-language-model,sequence,known-development-benchmark,available,,elastic_net,4,0.5061380367987467,0.5061380367987467,0.20737405213811563,-0.1074237237279797,False,,False,-0.3867026200572632,-0.3867026200572632,True
variantshift-development-v1,proteingym-v1.3,proteingym-substitutions-v1.3,A4GRB6_PSEAI_Chen_2020,A4GRB6_PSEAI_Chen_2020,A4GRB6_PSEAI,A4GRB6_PSEAI,cssf_579275b2407d,esm2_8m,0.4070115687468193,266,1.0,266,108496,32081.3,0.726,0.0,0.3512,0.0,2.226623179147092,1.1371666894764223,0.0,0.1722366991383999,0.8277633008616001,Prokaryote,OrganismalFitness,masked-protein-language-model,sequence,known-development-benchmark,available,,elastic_net,4,0.2823431771958862,0.2823431771958862,0.12181337956280391,-0.07806850811219579,False,,False,-0.12466839155093312,-0.12466839155093312,True
variantshift-development-v1,proteingym-v1.3,proteingym-substitutions-v1.3,A4GRB6_PSEAI_Chen_2020,A4GRB6_PSEAI_Chen_2020,A4GRB6_PSEAI,A4GRB6_PSEAI,cssf_579275b2407d,vespag,0.9143051266626342,266,1.0,266,108496,32081.3,0.726,0.0,0.3512,0.0,0.1038566910857312,2.462832746454231,0.0,0.1103312817652903,0.8896687182347096,Prokaryote,OrganismalFitness,distilled-evolutionary-variant-effect-model,sequence,known-development-benchmark,available,,elastic_net,4,0.5363898897571762,0.5363898897571762,0.13981887396016718,0.12270498763293025,True,1.2628489533279748,True,-0.37791523690545803,-0.37791523690545803,True
variantshift-development-v1,proteingym-v1.3,proteingym-substitutions-v1.3,A4_HUMAN_Seuma_2022,A4_HUMAN_Seuma_2022,A4_HUMAN,A4_HUMAN,cssf_6a1f189f4e62,carp_640m,0.5369753614568427,770,0.0545454545454545,42,5272,62.3,0.987,0.0,0.2072,1.0,3.006298076146299,1.1484666501739578,0.0,0.1425018515644563,0.8574981484355436,Human,Stability,convolutional-protein-language-model,sequence,known-development-benchmark,available,,elastic_net,4,0.3837169108503402,0.3837169108503402,0.2762607722842397,-0.4336613679629533,False,,False,-0.15325845060650245,-0.15325845060650245,True
variantshift-development-v1,proteingym-v1.3,proteingym-substitutions-v1.3,A4_HUMAN_Seuma_2022,A4_HUMAN_Seuma_2022,A4_HUMAN,A4_HUMAN,cssf_6a1f189f4e62,esm2_150m,0.2822175047191781,770,0.0545454545454545,42,5272,62.3,0.987,0.0,0.2072,1.0,3.4681190934103543,0.8642339840143852,0.0,0.1425018515644563,0.8574981484355436,Human,Stability,masked-protein-language-model,sequence,known-development-benchmark,available,,elastic_net,4,0.3159350957167605,0.3159350957167605,0.2880732380067716,-0.5363929619630384,False,,False,0.03371759099758237,0.03371759099758237,True
variantshift-development-v1,proteingym-v1.3,proteingym-substitutions-v1.3,A4_HUMAN_Seuma_2022,A4_HUMAN_Seuma_2022,A4_HUMAN,A4_HUMAN,cssf_6a1f189f4e62,esm2_35m,0.128325668492933,770,0.0545454545454545,42,5272,62.3,0.987,0.0,0.2072,1.0,2.906194877749919,1.111507882217956,0.0,0.136584588123988,0.863415411876012,Human,Stability,masked-protein-language-model,sequence,known-development-benchmark,available,,elastic_net,4,0.3331803314399727,0.3331803314399727,0.27248774926400926,-0.4730346286122127,False,,False,0.20485466294703972,0.20485466294703972,True
variantshift-development-v1,proteingym-v1.3,proteingym-substitutions-v1.3,A4_HUMAN_Seuma_2022,A4_HUMAN_Seuma_2022,A4_HUMAN,A4_HUMAN,cssf_6a1f189f4e62,esm2_650m,0.4188962307272343,770,0.0545454545454545,42,5272,62.3,0.987,0.0,0.2072,1.0,5.432009020294577,0.8782602833574008,0.0,0.078838524401207,0.9211614755987928,Human,Stability,masked-protein-language-model,sequence,known-development-benchmark,available,,elastic_net,4,0.5321897303438436,0.5321897303438436,0.2720249933918534,-0.2726560646431534,False,,False,0.11329349961660934,0.11329349961660934,True
variantshift-development-v1,proteingym-v1.3,proteingym-substitutions-v1.3,A4_HUMAN_Seuma_2022,A4_HUMAN_Seuma_2022,A4_HUMAN,A4_HUMAN,cssf_6a1f189f4e62,esm2_8m,0.2150131053058477,770,0.0545454545454545,42,5272,62.3,0.987,0.0,0.2072,1.0,3.269172976038457,0.9809272847260596,0.0,0.1277710740947604,0.8722289259052396,Human,Stability,masked-protein-language-model,sequence,known-development-benchmark,available,,elastic_net,4,0.3383003406803777,0.3383003406803777,0.27361442644741685,-0.47124814171498136,False,,False,0.12328723537452999,0.12328723537452999,True
variantshift-development-v1,proteingym-v1.3,proteingym-substitutions-v1.3,A4_HUMAN_Seuma_2022,A4_HUMAN_Seuma_2022,A4_HUMAN,A4_HUMAN,cssf_6a1f189f4e62,vespag,0.5444273349218336,770,0.0545454545454545,42,5272,62.3,0.987,0.0,0.2072,1.0,0.0411679891213008,2.773595618778536,0.0,0.163123102347747,0.8368768976522529,Human,Stability,distilled-evolutionary-variant-effect-model,sequence,known-development-benchmark,available,,elastic_net,4,0.5431068162838409,0.5431068162838409,0.27417637120091254,-0.26810430330608825,True,-1.4921454690148266,False,-0.0013205186379926515,-0.0013205186379926515,True
variantshift-development-v1,proteingym-v1.3,proteingym-substitutions-v1.3,AACC1_PSEAI_Dandage_2018,AACC1_PSEAI_Dandage_2018,AACC1_PSEAI,AACC1_PSEAI,cssf_c8ac09285ada,carp_640m,0.3121352491307402,177,0.9096045197740112,161,539868,174397.6,0.746,0.0,0.3165,1.0,2.8203777648981005,1.1523734127589855,0.0,0.1080243472703968,0.8919756527296031,Prokaryote,OrganismalFitness,convolutional-protein-language-model,sequence,known-development-benchmark,available,,elastic_net,0,0.45649001396351796,0.45649001396351796,0.2676933861613386,-0.25530716836577616,False,,False,0.14435476483277776,0.14435476483277776,True
variantshift-development-v1,proteingym-v1.3,proteingym-substitutions-v1.3,AACC1_PSEAI_Dandage_2018,AACC1_PSEAI_Dandage_2018,AACC1_PSEAI,AACC1_PSEAI,cssf_c8ac09285ada,esm2_150m,0.2996367896578366,177,0.9096045197740112,161,539868,174397.6,0.746,0.0,0.3165,1.0,2.5409304432401285,1.091017130572627,0.0,0.1580133031285493,0.8419866968714507,Prokaryote,OrganismalFitness,masked-protein-language-model,sequence,known-development-benchmark,available,,elastic_net,0,0.3409859568927286,0.3409859568927286,0.29270375526943293,-0.43731384066900814,False,,False,0.041349167234892015,0.041349167234892015,True
variantshift-development-v1,proteingym-v1.3,proteingym-substitutions-v1.3,AACC1_PSEAI_Dandage_2018,AACC1_PSEAI_Dandage_2018,AACC1_PSEAI,AACC1_PSEAI,cssf_c8ac09285ada,esm2_35m,0.2042091834529837,177,0.9096045197740112,161,539868,174397.6,0.746,0.0,0.3165,1.0,2.440643347030866,1.0275224140098282,0.0,0.1770654729367886,0.8229345270632114,Prokaryote,OrganismalFitness,masked-protein-language-model,sequence,known-development-benchmark,available,,elastic_net,0,0.3059668199141562,0.3059668199141562,0.2047422203095189,-0.23844310223582477,False,,False,0.1017576364611725,0.1017576364611725,True
variantshift-development-v1,proteingym-v1.3,proteingym-substitutions-v1.3,AACC1_PSEAI_Dandage_2018,AACC1_PSEAI_Dandage_2018,AACC1_PSEAI,AACC1_PSEAI,cssf_c8ac09285ada,esm2_650m,0.4269994629296324,177,0.9096045197740112,161,539868,174397.6,0.746,0.0,0.3165,1.0,3.867904266995963,1.1741155573407605,0.0,0.1580133031285493,0.8419866968714507,Prokaryote,OrganismalFitness,masked-protein-language-model,sequence,known-development-benchmark,available,,elastic_net,0,0.4983637890820376,0.4983637890820376,0.26380737363971074,-0.20310047915081353,True,1.844815140631249,False,0.07136432615240518,0.07136432615240518,True
variantshift-development-v1,proteingym-v1.3,proteingym-substitutions-v1.3,AACC1_PSEAI_Dandage_2018,AACC1_PSEAI_Dandage_2018,AACC1_PSEAI,AACC1_PSEAI,cssf_c8ac09285ada,esm2_8m,0.173247980649592,177,0.9096045197740112,161,539868,174397.6,0.746,0.0,0.3165,1.0,2.14417836169509,1.0870130577231514,0.0,0.202371225506116,0.7976287744938839,Prokaryote,OrganismalFitness,masked-protein-language-model,sequence,known-development-benchmark,available,,elastic_net,0,0.2785528894655658,0.2785528894655658,0.21983485979806947,-0.3059883875001348,False,,False,0.10530490881597379,0.10530490881597379,True
variantshift-development-v1,proteingym-v1.3,proteingym-substitutions-v1.3,AACC1_PSEAI_Dandage_2018,AACC1_PSEAI_Dandage_2018,AACC1_PSEAI,AACC1_PSEAI,cssf_c8ac09285ada,vespag,0.3621404924011575,177,0.9096045197740112,161,539868,174397.6,0.746,0.0,0.3165,1.0,0.1188561927778529,2.290638355017577,0.0,0.1873974741160955,0.8126025258839045,Prokaryote,OrganismalFitness,distilled-evolutionary-variant-effect-model,sequence,known-development-benchmark,available,,elastic_net,0,0.49587875709333185,0.49587875709333185,0.20295649213107841,-0.04378291070473217,False,,False,0.13373826469217437,0.13373826469217437,True
variantshift-development-v1,proteingym-v1.3,proteingym-substitutions-v1.3,ACE2_HUMAN_Chan_2020,ACE2_HUMAN_Chan_2020,ACE2_HUMAN,ACE2_HUMAN,cssf_67d793b1df10,carp_640m,0.1607757202512393,805,0.1453416149068323,117,11106,1584.2,0.743,0.0,0.2414,1.0,3.1962893307280287,1.4304310462912413,0.0,0.1518310976453425,0.8481689023546575,Human,Binding,convolutional-protein-language-model,sequence,known-development-benchmark,available,,elastic_net,1,0.5612387572796165,0.5612387572796165,0.20463099878996022,0.15526705285851589,True,0.2841434907071346,True,0.40046303702837716,0.40046303702837716,True
variantshift-development-v1,proteingym-v1.3,proteingym-substitutions-v1.3,ACE2_HUMAN_Chan_2020,ACE2_HUMAN_Chan_2020,ACE2_HUMAN,ACE2_HUMAN,cssf_67d793b1df10,esm2_150m,0.1825857528444436,805,0.1453416149068323,117,11106,1584.2,0.743,0.0,0.2414,1.0,2.81476226895925,1.3573896131031926,0.0,0.1677740810594146,0.8322259189405854,Human,Binding,masked-protein-language-model,sequence,known-development-benchmark,available,,elastic_net,1,0.4549002875043959,0.4549002875043959,0.2161744930089161,0.026027204256254266,False,,False,0.27231453465995226,0.27231453465995226,True
variantshift-development-v1,proteingym-v1.3,proteingym-substitutions-v1.3,ACE2_HUMAN_Chan_2020,ACE2_HUMAN_Chan_2020,ACE2_HUMAN,ACE2_HUMAN,cssf_67d793b1df10,esm2_35m,0.0041032033847909,805,0.1453416149068323,117,11106,1584.2,0.743,0.0,0.2414,1.0,2.149002626343818,1.0278922093483245,0.0,0.2466677235617425,0.7533322764382575,Human,Binding,masked-protein-language-model,sequence,known-development-benchmark,available,,elastic_net,1,0.27483312394536324,0.27483312394536324,0.06099247923322521,0.15382887289053293,False,,False,0.2707299205605723,0.2707299205605723,False
variantshift-development-v1,proteingym-v1.3,proteingym-substitutions-v1.3,ACE2_HUMAN_Chan_2020,ACE2_HUMAN_Chan_2020,ACE2_HUMAN,ACE2_HUMAN,cssf_67d793b1df10,esm2_650m,0.203323484215918,805,0.1453416149068323,117,11106,1584.2,0.743,0.0,0.2414,1.0,3.3765041158936473,1.466445270255415,0.0,0.1832121114421173,0.8167878885578826,Human,Binding,masked-protein-language-model,sequence,known-development-benchmark,available,,elastic_net,1,0.5062479509148581,0.5062479509148581,0.22338769424166477,0.06306444736819117,False,,False,0.3029244666989401,0.3029244666989401,True
variantshift-development-v1,proteingym-v1.3,proteingym-substitutions-v1.3,ACE2_HUMAN_Chan_2020,ACE2_HUMAN_Chan_2020,ACE2_HUMAN,ACE2_HUMAN,cssf_67d793b1df10,esm2_8m,-0.1596199205380805,805,0.1453416149068323,117,11106,1584.2,0.743,0.0,0.2414,1.0,1.517134700765833,1.0814597100773984,0.0,0.3535577209164134,0.6464422790835865,Human,Binding,masked-protein-language-model,sequence,known-development-benchmark,available,,elastic_net,1,0.16080589866873418,0.16080589866873418,0.10094250428374334,-0.0394560399179435,False,,False,0.3204258192068147,0.3204258192068147,False
variantshift-development-v1,proteingym-v1.3,proteingym-substitutions-v1.3,ACE2_HUMAN_Chan_2020,ACE2_HUMAN_Chan_2020,ACE2_HUMAN,ACE2_HUMAN,cssf_67d793b1df10,vespag,0.2428614985366881,805,0.1453416149068323,117,11106,1584.2,0.743,0.0,0.2414,1.0,0.1552723874480561,2.240723641416045,0.0,0.1684684509873785,0.8315315490126215,Human,Binding,distilled-evolutionary-variant-effect-model,sequence,known-development-benchmark,available,,elastic_net,1,0.5452461627101974,0.5452461627101974,0.18603431611121485,0.17616880473861934,False,,False,0.30238466417350934,0.30238466417350934,True
variantshift-development-v1,proteingym-v1.3,proteingym-substitutions-v1.3,ADRB2_HUMAN_Jones_2020,ADRB2_HUMAN_Jones_2020,ADRB2_HUMAN,ADRB2_HUMAN,cssf_516e14d168fd,carp_640m,0.4886448420801732,413,0.9975786924939468,412,204722,28078.5,0.712,0.0,0.248,1.0,5.55668735830833,1.3331212710367455,0.0,0.1007441842571664,0.8992558157428335,Human,Activity,convolutional-protein-language-model,sequence,known-development-benchmark,available,,elastic_net,0,0.7703832980461257,0.7703832980461257,0.16075810435311624,0.34292721720675223,True,1.4051303732226992,True,0.2817384559659525,0.2817384559659525,True
variantshift-development-v1,proteingym-v1.3,proteingym-substitutions-v1.3,ADRB2_HUMAN_Jones_2020,ADRB2_HUMAN_Jones_2020,ADRB2_HUMAN,ADRB2_HUMAN,cssf_516e14d168fd,esm2_150m,0.3604395385239958,413,0.9975786924939468,412,204722,28078.5,0.712,0.0,0.248,1.0,3.373704807862423,0.8591746559872157,0.0,0.0966175252819853,0.9033824747180148,Human,Activity,masked-protein-language-model,sequence,known-development-benchmark,available,,elastic_net,0,0.3809809727510991,0.3809809727510991,0.1781466477881046,-0.09271127551594321,False,,False,0.020541434227103306,0.020541434227103306,True
variantshift-development-v1,proteingym-v1.3,proteingym-substitutions-v1.3,ADRB2_HUMAN_Jones_2020,ADRB2_HUMAN_Jones_2020,ADRB2_HUMAN,ADRB2_HUMAN,cssf_516e14d168fd,esm2_35m,0.3539345013821672,413,0.9975786924939468,412,204722,28078.5,0.712,0.0,0.248,1.0,2.9336192562631433,0.862582216230683,0.0,0.1176450687419534,0.8823549312580465,Human,Activity,masked-protein-language-model,sequence,known-development-benchmark,available,,elastic_net,0,0.3267619779687477,0.3267619779687477,0.18156248607722816,-0.1560129902875934,False,,False,-0.027172523413419525,-0.027172523413419525,True
variantshift-development-v1,proteingym-v1.3,proteingym-substitutions-v1.3,ADRB2_HUMAN_Jones_2020,ADRB2_HUMAN_Jones_2020,ADRB2_HUMAN,ADRB2_HUMAN,cssf_516e14d168fd,esm2_650m,0.341727042075223,413,0.9975786924939468,412,204722,28078.5,0.712,0.0,0.248,1.0,3.628796539752475,0.8590782500542695,0.0,0.0829260364613848,0.9170739635386153,Human,Activity,masked-protein-language-model,sequence,known-development-benchmark,available,,elastic_net,0,0.41357503614257424,0.41357503614257424,0.17075539963493738,-0.0404638703487763,False,,False,0.07184799406735126,0.07184799406735126,True
variantshift-development-v1,proteingym-v1.3,proteingym-substitutions-v1.3,ADRB2_HUMAN_Jones_2020,ADRB2_HUMAN_Jones_2020,ADRB2_HUMAN,ADRB2_HUMAN,cssf_516e14d168fd,esm2_8m,0.2634686373250481,413,0.9975786924939468,412,204722,28078.5,0.712,0.0,0.248,1.0,2.715691575728144,0.900434899914272,0.0,0.1418497445552956,0.8581502554447044,Human,Activity,masked-protein-language-model,sequence,known-development-benchmark,available,,elastic_net,0,0.30254304231034745,0.30254304231034745,0.1784035074631293,-0.1718321962821503,False,,False,0.03907440498529935,0.03907440498529935,True
variantshift-development-v1,proteingym-v1.3,proteingym-substitutions-v1.3,ADRB2_HUMAN_Jones_2020,ADRB2_HUMAN_Jones_2020,ADRB2_HUMAN,ADRB2_HUMAN,cssf_516e14d168fd,vespag,0.4696349395627509,413,0.9975786924939468,412,204722,28078.5,0.712,0.0,0.248,1.0,0.0925405468029195,2.467208908695919,0.0,0.098981382825952,0.901018617174048,Human,Activity,distilled-evolutionary-variant-effect-model,sequence,known-development-benchmark,available,,elastic_net,0,0.5619257526599717,0.5619257526599717,0.2030897043048763,0.021909873458626494,False,,False,0.09229081309722081,0.09229081309722081,True
variantshift-development-v1,proteingym-v1.3,proteingym-substitutions-v1.3,AMFR_HUMAN_Tsuboyama_2023_4G3O,AMFR_HUMAN_Tsuboyama_2023_4G3O,AMFR_HUMAN,AMFR_HUMAN,cssf_265b55e38391,carp_640m,0.8029776375885939,47,1.0,47,17787,1245.9,0.872,0.0,0.6812,1.0,2.489902124870686,2.232690949458179,0.0,0.1731911746573704,0.8268088253426296,Human,Stability,convolutional-protein-language-model,sequence,known-development-benchmark,available,,elastic_net,2,0.6458863771537566,0.6458863771537566,0.10548731840261957,0.4195801238404054,False,,False,-0.15709126043483723,-0.15709126043483723,True
variantshift-development-v1,proteingym-v1.3,proteingym-substitutions-v1.3,AMFR_HUMAN_Tsuboyama_2023_4G3O,AMFR_HUMAN_Tsuboyama_2023_4G3O,AMFR_HUMAN,AMFR_HUMAN,cssf_265b55e38391,esm2_150m,0.74751797021522,47,1.0,47,17787,1245.9,0.872,0.0,0.6812,1.0,6.023047258117683,1.9118251521616756,0.0,0.1238155215108109,0.876184478489189,Human,Stability,masked-protein-language-model,sequence,known-development-benchmark,available,,elastic_net,2,0.8171749994703097,0.8171749994703097,0.13070652922561166,0.5367649429766785,False,,False,0.06965702925508965,0.06965702925508965,True
variantshift-development-v1,proteingym-v1.3,proteingym-substitutions-v1.3,AMFR_HUMAN_Tsuboyama_2023_4G3O,AMFR_HUMAN_Tsuboyama_2023_4G3O,AMFR_HUMAN,AMFR_HUMAN,cssf_265b55e38391,esm2_35m,0.5680517706963065,47,1.0,47,17787,1245.9,0.872,0.0,0.6812,1.0,2.2351816425701405,1.6536631602945715,0.0,0.3023899454851264,0.6976100545148736,Human,Stability,masked-protein-language-model,sequence,known-development-benchmark,available,,elastic_net,2,0.3757773739046619,0.3757773739046619,0.18734680904112838,-0.02614538862578436,False,,False,-0.1922743967916446,-0.1922743967916446,True
variantshift-development-v1,proteingym-v1.3,proteingym-substitutions-v1.3,AMFR_HUMAN_Tsuboyama_2023_4G3O,AMFR_HUMAN_Tsuboyama_2023_4G3O,AMFR_HUMAN,AMFR_HUMAN,cssf_265b55e38391,esm2_650m,0.7323335894629511,47,1.0,47,17787,1245.9,0.872,0.0,0.6812,1.0,5.885018085269015,2.193718543066441,0.0,0.1549540346506145,0.8450459653493855,Human,Stability,masked-protein-language-model,sequence,known-development-benchmark,available,,elastic_net,2,0.839818709499371,0.839818709499371,0.09353049785717678,0.6391639117368328,True,-1.2906816733263682,True,0.10748512003641986,0.10748512003641986,True
variantshift-development-v1,proteingym-v1.3,proteingym-substitutions-v1.3,AMFR_HUMAN_Tsuboyama_2023_4G3O,AMFR_HUMAN_Tsuboyama_2023_4G3O,AMFR_HUMAN,AMFR_HUMAN,cssf_265b55e38391,esm2_8m,0.3262401855479921,47,1.0,47,17787,1245.9,0.872,0.0,0.6812,1.0,0.9478948280016474,1.572092511757479,0.0,0.3671201535703061,0.6328798464296939,Human,Stability,masked-protein-language-model,sequence,known-development-benchmark,available,,elastic_net,2,0.22409545527562413,0.22409545527562413,0.21663912250259487,-0.24066930391117197,False,,False,-0.10214473027236798,-0.10214473027236798,True
variantshift-development-v1,proteingym-v1.3,proteingym-substitutions-v1.3,AMFR_HUMAN_Tsuboyama_2023_4G3O,AMFR_HUMAN_Tsuboyama_2023_4G3O,AMFR_HUMAN,AMFR_HUMAN,cssf_265b55e38391,vespag,0.7850078514916546,47,1.0,47,17787,1245.9,0.872,0.0,0.6812,1.0,0.0485501960726775,3.034885173223086,0.0,0.1349096574017072,0.8650903425982928,Human,Stability,distilled-evolutionary-variant-effect-model,sequence,known-development-benchmark,available,,elastic_net,2,0.6822405474834772,0.6822405474834772,0.117612158156812,0.4299223801472179,False,,False,-0.10276730400817746,-0.10276730400817746,True
variantshift-development-v1,proteingym-v1.3,proteingym-substitutions-v1.3,AMIE_PSEAE_Wrenbeck_2017,AMIE_PSEAE_Wrenbeck_2017,AMIE_PSEAE,AMIE_PSEAE,cssf_0406336ba271,carp_640m,0.3490523257870373,346,0.9855491329479767,341,140703,30827.3,0.725,0.0,0.3759,1.0,2.700052612659427,1.1161920605103566,0.0,0.120345655362557,0.879654344637443,Prokaryote,Activity,convolutional-protein-language-model,sequence,known-development-benchmark,available,,elastic_net,3,0.3698469703363395,0.3698469703363395,0.217889800200284,-0.012994400591982147,False,,False,0.020794644549302188,0.020794644549302188,True
variantshift-development-v1,proteingym-v1.3,proteingym-substitutions-v1.3,AMIE_PSEAE_Wrenbeck_2017,AMIE_PSEAE_Wrenbeck_2017,AMIE_PSEAE,AMIE_PSEAE,cssf_0406336ba271,esm2_150m,0.2780979674762875,346,0.9855491329479767,341,140703,30827.3,0.725,0.0,0.3759,1.0,2.655866660260734,0.9515477469761132,0.0,0.1009566367661878,0.8990433632338122,Prokaryote,Activity,masked-protein-language-model,sequence,known-development-benchmark,available,,elastic_net,3,0.2821225619677384,0.2821225619677384,0.18079275452738897,-0.03553776877537507,False,,False,0.0040245944914508724,0.0040245944914508724,True
variantshift-development-v1,proteingym-v1.3,proteingym-substitutions-v1.3,AMIE_PSEAE_Wrenbeck_2017,AMIE_PSEAE_Wrenbeck_2017,AMIE_PSEAE,AMIE_PSEAE,cssf_0406336ba271,esm2_35m,0.2159715068293396,346,0.9855491329479767,341,140703,30827.3,0.725,0.0,0.3759,1.0,2.3116267378000264,1.0898939502518268,0.0,0.1387134565730292,0.8612865434269708,Prokaryote,Activity,masked-protein-language-model,sequence,known-development-benchmark,available,,elastic_net,3,0.2617158221630206,0.2617158221630206,0.1895456266237659,-0.07132366607097584,False,,False,0.04574431533368098,0.04574431533368098,True
variantshift-development-v1,proteingym-v1.3,proteingym-substitutions-v1.3,AMIE_PSEAE_Wrenbeck_2017,AMIE_PSEAE_Wrenbeck_2017,AMIE_PSEAE,AMIE_PSEAE,cssf_0406336ba271,esm2_650m,0.490190249921031,346,0.9855491329479767,341,140703,30827.3,0.725,0.0,0.3759,1.0,3.6288834165212887,1.0265525370520925,0.0,0.1578617424122694,0.8421382575877305,Prokaryote,Activity,masked-protein-language-model,sequence,known-development-benchmark,available,,elastic_net,3,0.35983876831418327,0.35983876831418327,0.17125886864531592,0.05892986851465676,False,,False,-0.13035148160684773,-0.13035148160684773,True
variantshift-development-v1,proteingym-v1.3,proteingym-substitutions-v1.3,AMIE_PSEAE_Wrenbeck_2017,AMIE_PSEAE_Wrenbeck_2017,AMIE_PSEAE,AMIE_PSEAE,cssf_0406336ba271,esm2_8m,0.1313363145578411,346,0.9855491329479767,341,140703,30827.3,0.725,0.0,0.3759,1.0,2.1282648743157933,1.2053230903451526,0.0,0.1898730338511306,0.8101269661488694,Prokaryote,Activity,masked-protein-language-model,sequence,known-development-benchmark,available,,elastic_net,3,0.24418350542732298,0.24418350542732298,0.12540067966773166,0.023849336158232398,False,,False,0.11284719086948189,0.11284719086948189,True
variantshift-development-v1,proteingym-v1.3,proteingym-substitutions-v1.3,AMIE_PSEAE_Wrenbeck_2017,AMIE_PSEAE_Wrenbeck_2017,AMIE_PSEAE,AMIE_PSEAE,cssf_0406336ba271,vespag,0.8375614287593252,346,0.9855491329479767,341,140703,30827.3,0.725,0.0,0.3759,1.0,0.100601641693646,2.5075000441265547,0.0,0.2080750570141365,0.7919249429858635,Prokaryote,Activity,distilled-evolutionary-variant-effect-model,sequence,known-development-benchmark,available,,elastic_net,3,0.4813474165155974,0.4813474165155974,0.1379716424416642,0.23892554686843764,True,1.1986963349474886,True,-0.35621401224372773,-0.35621401224372773,True
variantshift-development-v1,proteingym-v1.3,proteingym-substitutions-v1.3,ANCSZ_Hobbs_2022,ANCSZ_Hobbs_2022,ANCSZ,ANCSZ,cssf_88339869d8cb,carp_640m,0.5585334809559855,627,0.4370015948963317,274,7424,1119.9,1.0,0.31,0.4833,0.0,4.758635131572005,1.5551317500241475,0.0,0.1093103743334482,0.8906896256665517,Eukaryote,Activity,convolutional-protein-language-model,sequence,known-development-benchmark,available,,elastic_net,1,0.18264469326046018,0.18264469326046018,0.23111303552138168,-0.275865275900444,True,-0.08016575489504912,False,-0.37588878769552536,-0.37588878769552536,True
variantshift-development-v1,proteingym-v1.3,proteingym-substitutions-v1.3,ANCSZ_Hobbs_2022,ANCSZ_Hobbs_2022,ANCSZ,ANCSZ,cssf_88339869d8cb,esm2_150m,0.6585189378991979,627,0.4370015948963317,274,7424,1119.9,1.0,0.31,0.4833,0.0,3.853595396028976,1.227568330260897,0.0,0.0822833804895595,0.9177166195104404,Eukaryote,Activity,masked-protein-language-model,sequence,known-development-benchmark,available,,elastic_net,1,0.016408718509907216,0.016408718509907216,0.21877739527373233,-0.41762831680384305,False,,False,-0.6421102193892907,-0.6421102193892907,True
variantshift-development-v1,proteingym-v1.3,proteingym-substitutions-v1.3,ANCSZ_Hobbs_2022,ANCSZ_Hobbs_2022,ANCSZ,ANCSZ,cssf_88339869d8cb,esm2_35m,0.6566448387169809,627,0.4370015948963317,274,7424,1119.9,1.0,0.31,0.4833,0.0,3.444682693666478,1.2114568594283237,0.0,0.0751989075762618,0.9248010924237382,Eukaryote,Activity,masked-protein-language-model,sequence,known-development-benchmark,available,,elastic_net,1,-0.010087104414699954,-0.010087104414699954,0.20889190009200054,-0.4245120997554961,False,,False,-0.6667319431316808,-0.6667319431316808,True
variantshift-development-v1,proteingym-v1.3,proteingym-substitutions-v1.3,ANCSZ_Hobbs_2022,ANCSZ_Hobbs_2022,ANCSZ,ANCSZ,cssf_88339869d8cb,esm2_650m,0.6710121702948658,627,0.4370015948963317,274,7424,1119.9,1.0,0.31,0.4833,0.0,4.0861873058356615,1.2083033835746084,0.0,0.0840024856195293,0.9159975143804706,Eukaryote,Activity,masked-protein-language-model,sequence,known-development-benchmark,available,,elastic_net,1,0.026931832598881766,0.026931832598881766,0.2333114091023564,-0.43593953573858946,False,,False,-0.644080337695984,-0.644080337695984,True
variantshift-development-v1,proteingym-v1.3,proteingym-substitutions-v1.3,ANCSZ_Hobbs_2022,ANCSZ_Hobbs_2022,ANCSZ,ANCSZ,cssf_88339869d8cb,esm2_8m,0.5795214937564382,627,0.4370015948963317,274,7424,1119.9,1.0,0.31,0.4833,0.0,2.9805920183013854,1.1360686626783856,0.0,0.1039295610849602,0.8960704389150398,Eukaryote,Activity,masked-protein-language-model,sequence,known-development-benchmark,available,,elastic_net,1,-0.08111067415627526,-0.08111067415627526,0.19496740185547692,-0.46791056716302826,False,,False,-0.6606321679127135,-0.6606321679127135,True
variantshift-development-v1,proteingym-v1.3,proteingym-substitutions-v1.3,ANCSZ_Hobbs_2022,ANCSZ_Hobbs_2022,ANCSZ,ANCSZ,cssf_88339869d8cb,vespag,0.5648973194468099,627,0.4370015948963317,274,7424,1119.9,1.0,0.31,0.4833,0.0,0.0773000323910331,2.6497067524399793,0.0,0.0751989075762618,0.9248010924237382,Eukaryote,Activity,distilled-evolutionary-variant-effect-model,sequence,known-development-benchmark,available,,elastic_net,1,0.15512670981388266,0.15512670981388266,0.20652743545269772,-0.2546073748372458,False,,False,-0.4097706096329272,-0.4097706096329272,True
variantshift-development-v1,proteingym-v1.3,proteingym-substitutions-v1.3,ARGR_ECOLI_Tsuboyama_2023_1AOY,ARGR_ECOLI_Tsuboyama_2023_1AOY,ARGR_ECOLI,ARGR_ECOLI,cssf_8af86fe1b209,carp_640m,0.5674790434731172,69,1.0,69,21443,3742.9,0.913,0.0,0.5514,0.9855072463768116,2.748353630371254,1.3829050952213806,0.0,0.1567356388409746,0.8432643611590254,Prokaryote,Stability,convolutional-protein-language-model,sequence,known-development-benchmark,available,,elastic_net,4,0.48725500153679857,0.48725500153679857,0.15534236335911156,0.027640440484970552,False,,False,-0.0802240419363186,-0.0802240419363186,True
variantshift-development-v1,proteingym-v1.3,proteingym-substitutions-v1.3,ARGR_ECOLI_Tsuboyama_2023_1AOY,ARGR_ECOLI_Tsuboyama_2023_1AOY,ARGR_ECOLI,ARGR_ECOLI,cssf_8af86fe1b209,esm2_150m,0.6307344916233956,69,1.0,69,21443,3742.9,0.913,0.0,0.5514,0.9855072463768116,2.2664911762463595,1.445756182663427,0.0,0.1188356209571301,0.8811643790428698,Prokaryote,Stability,masked-protein-language-model,sequence,known-development-benchmark,available,,elastic_net,4,0.4518132873616194,0.4518132873616194,0.17238535831561885,-0.05822672413758756,False,,False,-0.17892120426177616,-0.17892120426177616,True
variantshift-development-v1,proteingym-v1.3,proteingym-substitutions-v1.3,ARGR_ECOLI_Tsuboyama_2023_1AOY,ARGR_ECOLI_Tsuboyama_2023_1AOY,ARGR_ECOLI,ARGR_ECOLI,cssf_8af86fe1b209,esm2_35m,0.4506416305868964,69,1.0,69,21443,3742.9,0.913,0.0,0.5514,0.9855072463768116,2.1838360970144777,1.2779864571832606,0.0,0.1721458466928072,0.8278541533071928,Prokaryote,Stability,masked-protein-language-model,sequence,known-development-benchmark,available,,elastic_net,4,0.3651789982015151,0.3651789982015151,0.15824181652344443,-0.1030142329863819,False,,False,-0.08546263238538127,-0.08546263238538127,True
variantshift-development-v1,proteingym-v1.3,proteingym-substitutions-v1.3,ARGR_ECOLI_Tsuboyama_2023_1AOY,ARGR_ECOLI_Tsuboyama_2023_1AOY,ARGR_ECOLI,ARGR_ECOLI,cssf_8af86fe1b209,esm2_650m,0.6885579941023509,69,1.0,69,21443,3742.9,0.913,0.0,0.5514,0.9855072463768116,2.982255547501415,1.2782457389047517,0.0,0.1267527663582164,0.8732472336417836,Prokaryote,Stability,masked-protein-language-model,sequence,known-development-benchmark,available,,elastic_net,4,0.465807265927599,0.465807265927599,0.15700710051540048,0.0012672137167006325,False,,False,-0.22275072817475183,-0.22275072817475183,True
variantshift-development-v1,proteingym-v1.3,proteingym-substitutions-v1.3,ARGR_ECOLI_Tsuboyama_2023_1AOY,ARGR_ECOLI_Tsuboyama_2023_1AOY,ARGR_ECOLI,ARGR_ECOLI,cssf_8af86fe1b209,esm2_8m,0.3665321064980325,69,1.0,69,21443,3742.9,0.913,0.0,0.5514,0.9855072463768116,1.7777392594467991,1.3718260410177343,0.0,0.1929355524003573,0.8070644475996427,Prokaryote,Stability,masked-protein-language-model,sequence,known-development-benchmark,available,,elastic_net,4,0.338742330239557,0.338742330239557,0.15229099633406476,-0.11184409009457896,False,,False,-0.02778977625847545,-0.02778977625847545,True
variantshift-development-v1,proteingym-v1.3,proteingym-substitutions-v1.3,ARGR_ECOLI_Tsuboyama_2023_1AOY,ARGR_ECOLI_Tsuboyama_2023_1AOY,ARGR_ECOLI,ARGR_ECOLI,cssf_8af86fe1b209,vespag,0.6422743921328842,69,1.0,69,21443,3742.9,0.913,0.0,0.5514,0.9855072463768116,0.0813261100685817,2.5374957914325513,0.0,0.144769935813955,0.855230064186045,Prokaryote,Stability,distilled-evolutionary-variant-effect-model,sequence,known-development-benchmark,available,,elastic_net,4,0.5798312154910856,0.5798312154910856,0.10923394430424087,0.25663855717359063,True,-0.43137929755699583,True,-0.06244317664179855,-0.06244317664179855,True
variantshift-development-v1,proteingym-v1.3,proteingym-substitutions-v1.3,BBC1_YEAST_Tsuboyama_2023_1TG0,BBC1_YEAST_Tsuboyama_2023_1TG0,BBC1_YEAST,BBC1_YEAST,cssf_784e4bfd3195,carp_640m,0.7398008453378505,64,1.0,64,604824,17392.4,0.844,0.0,0.6808,1.0,2.6352777245139136,1.6632056332156873,0.0,0.1651299067819988,0.8348700932180012,Eukaryote,Stability,convolutional-protein-language-model,sequence,known-development-benchmark,available,,elastic_net,0,0.5877359925231114,0.5877359925231114,0.16732516860663832,0.14281807633971794,False,,False,-0.15206485281473914,-0.15206485281473914,True
variantshift-development-v1,proteingym-v1.3,proteingym-substitutions-v1.3,BBC1_YEAST_Tsuboyama_2023_1TG0,BBC1_YEAST_Tsuboyama_2023_1TG0,BBC1_YEAST,BBC1_YEAST,cssf_784e4bfd3195,esm2_150m,0.7306612828131853,64,1.0,64,604824,17392.4,0.844,0.0,0.6808,1.0,3.6867927587038527,1.2719952856196837,0.0,0.0964850061777937,0.9035149938222062,Eukaryote,Stability,masked-protein-language-model,sequence,known-development-benchmark,available,,elastic_net,0,0.5819638278211232,0.5819638278211232,0.12444482587604545,0.2510648180090466,False,,False,-0.1486974549920621,-0.1486974549920621,True
variantshift-development-v1,proteingym-v1.3,proteingym-substitutions-v1.3,BBC1_YEAST_Tsuboyama_2023_1TG0,BBC1_YEAST_Tsuboyama_2023_1TG0,BBC1_YEAST,BBC1_YEAST,cssf_784e4bfd3195,esm2_35m,0.6358315415515549,64,1.0,64,604824,17392.4,0.844,0.0,0.6808,1.0,2.977296743888187,1.438900293767901,0.0,0.0932369845714995,0.9067630154285004,Eukaryote,Stability,masked-protein-language-model,sequence,known-development-benchmark,available,,elastic_net,0,0.5520901269345775,0.5520901269345775,0.12025361337448517,0.2323355584997559,False,,False,-0.08374141461697737,-0.08374141461697737,True
variantshift-development-v1,proteingym-v1.3,proteingym-substitutions-v1.3,BBC1_YEAST_Tsuboyama_2023_1TG0,BBC1_YEAST_Tsuboyama_2023_1TG0,BBC1_YEAST,BBC1_YEAST,cssf_784e4bfd3195,esm2_650m,0.9647871636186672,64,1.0,64,604824,17392.4,0.844,0.0,0.6808,1.0,4.6554985470667845,1.2338668558075483,0.0,0.0598913198137104,0.9401086801862896,Eukaryote,Stability,masked-protein-language-model,sequence,known-development-benchmark,available,,elastic_net,0,0.6891654970291837,0.6891654970291837,0.09641903160521709,0.4327871232349617,False,,False,-0.2756216665894835,-0.2756216665894835,True
variantshift-development-v1,proteingym-v1.3,proteingym-substitutions-v1.3,BBC1_YEAST_Tsuboyama_2023_1TG0,BBC1_YEAST_Tsuboyama_2023_1TG0,BBC1_YEAST,BBC1_YEAST,cssf_784e4bfd3195,esm2_8m,0.2345662829806957,64,1.0,64,604824,17392.4,0.844,0.0,0.6808,1.0,1.86170121621933,1.6379411631144931,0.0,0.4068565780166571,0.5931434219833429,Eukaryote,Stability,masked-protein-language-model,sequence,known-development-benchmark,available,,elastic_net,0,0.34139870702358954,0.34139870702358954,0.15826903460052544,-0.07943893298718835,False,,False,0.10683242404289384,0.10683242404289384,True
variantshift-development-v1,proteingym-v1.3,proteingym-substitutions-v1.3,BBC1_YEAST_Tsuboyama_2023_1TG0,BBC1_YEAST_Tsuboyama_2023_1TG0,BBC1_YEAST,BBC1_YEAST,cssf_784e4bfd3195,vespag,0.4890523212492144,64,1.0,64,604824,17392.4,0.844,0.0,0.6808,1.0,0.0798261309812893,2.918050690934934,0.0,0.1329818002056424,0.8670181997943576,Eukaryote,Stability,distilled-evolutionary-variant-effect-model,sequence,known-development-benchmark,available,,elastic_net,0,0.723017791438743,0.723017791438743,0.10717931763277556,0.43802779826421534,True,0.3496303460772392,True,0.23396547018952862,0.23396547018952862,True
variantshift-development-v1,proteingym-v1.3,proteingym-substitutions-v1.3,BCHB_CHLTE_Tsuboyama_2023_2KRU,BCHB_CHLTE_Tsuboyama_2023_2KRU,BCHB_CHLTE,BCHB_CHLTE,cssf_39e5faa59a41,carp_640m,0.4782169613620783,52,1.0,52,12079,2701.3,0.923,0.0,0.5237,1.0,1.2117658899044506,1.6272653795001184,0.0,0.1746267023397049,0.8253732976602951,Prokaryote,Stability,convolutional-protein-language-model,sequence,known-development-benchmark,available,,elastic_net,0,0.3683615177451222,0.3683615177451222,0.16357786584215542,-0.06659231382885128,False,,False,-0.1098554436169561,-0.1098554436169561,True
variantshift-development-v1,proteingym-v1.3,proteingym-substitutions-v1.3,BCHB_CHLTE_Tsuboyama_2023_2KRU,BCHB_CHLTE_Tsuboyama_2023_2KRU,BCHB_CHLTE,BCHB_CHLTE,cssf_39e5faa59a41,esm2_150m,0.3384205941174789,52,1.0,52,12079,2701.3,0.923,0.0,0.5237,1.0,1.286902814520966,1.830928935961156,0.0,0.1538332648188991,0.8461667351811009,Prokaryote,Stability,masked-protein-language-model,sequence,known-development-benchmark,available,,elastic_net,0,0.38837840256802214,0.38837840256802214,0.2586694257584641,-0.29942405325597865,False,,False,0.04995780845054326,0.04995780845054326,True
variantshift-development-v1,proteingym-v1.3,proteingym-substitutions-v1.3,BCHB_CHLTE_Tsuboyama_2023_2KRU,BCHB_CHLTE_Tsuboyama_2023_2KRU,BCHB_CHLTE,BCHB_CHLTE,cssf_39e5faa59a41,esm2_35m,0.2694798567027799,52,1.0,52,12079,2701.3,0.923,0.0,0.5237,1.0,1.18390691374991,1.539557464411308,0.0,0.1823492916006823,0.8176507083993176,Prokaryote,Stability,masked-protein-language-model,sequence,known-development-benchmark,available,,elastic_net,0,0.2917944142861716,0.2917944142861716,0.16334830614755988,-0.14254901765808897,False,,False,0.02231455758339168,0.02231455758339168,True
variantshift-development-v1,proteingym-v1.3,proteingym-substitutions-v1.3,BCHB_CHLTE_Tsuboyama_2023_2KRU,BCHB_CHLTE_Tsuboyama_2023_2KRU,BCHB_CHLTE,BCHB_CHLTE,cssf_39e5faa59a41,esm2_650m,0.5780993209419584,52,1.0,52,12079,2701.3,0.923,0.0,0.5237,1.0,3.76573239489223,1.5810813296692734,0.0,0.1631877084132154,0.8368122915867846,Prokaryote,Stability,masked-protein-language-model,sequence,known-development-benchmark,available,,elastic_net,0,0.5768876513717509,0.5768876513717509,0.20110729646010464,0.04214299809933286,False,,False,-0.0012116695702074631,-0.0012116695702074631,True
variantshift-development-v1,proteingym-v1.3,proteingym-substitutions-v1.3,BCHB_CHLTE_Tsuboyama_2023_2KRU,BCHB_CHLTE_Tsuboyama_2023_2KRU,BCHB_CHLTE,BCHB_CHLTE,cssf_39e5faa59a41,esm2_8m,0.2366849043700464,52,1.0,52,12079,2701.3,0.923,0.0,0.5237,1.0,1.5218597093403528,1.4849448771075102,0.0,0.1455706446224647,0.8544293553775353,Prokaryote,Stability,masked-protein-language-model,sequence,known-development-benchmark,available,,elastic_net,0,0.3300214702863596,0.3300214702863596,0.24361149293188805,-0.3177419157968567,False,,False,0.09333656591631317,0.09333656591631317,True
variantshift-development-v1,proteingym-v1.3,proteingym-substitutions-v1.3,BCHB_CHLTE_Tsuboyama_2023_2KRU,BCHB_CHLTE_Tsuboyama_2023_2KRU,BCHB_CHLTE,BCHB_CHLTE,cssf_39e5faa59a41,vespag,0.5398016926365916,52,1.0,52,12079,2701.3,0.923,0.0,0.5237,1.0,0.0976620628570486,2.771702158686038,0.0,0.2320948884595319,0.767905111540468,Prokaryote,Stability,distilled-evolutionary-variant-effect-model,sequence,known-development-benchmark,available,,elastic_net,0,0.5829018811304947,0.5829018811304947,0.13419668319862466,0.2260726656296394,True,-0.6706756051181337,True,0.04310018849390307,0.04310018849390307,True
variantshift-development-v1,proteingym-v1.3,proteingym-substitutions-v1.3,BLAT_ECOLX_Deng_2012,BLAT_ECOLX_Deng_2012,BLAT_ECOLX,BLAT_ECOLX,cssf_1ca89f8f1279,carp_640m,0.8294984283132191,286,0.9195804195804196,263,209644,50901.4,0.752,0.0,0.2795,1.0,3.612158930115387,1.613532677550302,0.0,0.1169309466487104,0.8830690533512896,Prokaryote,OrganismalFitness,convolutional-protein-language-model,sequence,known-development-benchmark,available,,elastic_net,4,0.5828513333730988,0.5828513333730988,0.1637809871518838,0.09826924713028085,True,1.5455215471701267,True,-0.24664709494012027,-0.24664709494012027,True
variantshift-development-v1,proteingym-v1.3,proteingym-substitutions-v1.3,BLAT_ECOLX_Deng_2012,BLAT_ECOLX_Deng_2012,BLAT_ECOLX,BLAT_ECOLX,cssf_1ca89f8f1279,esm2_150m,0.6743537992201408,286,0.9195804195804196,263,209644,50901.4,0.752,0.0,0.2795,1.0,3.4707111352049687,1.4788092783327833,0.0,0.1020081314676473,0.8979918685323527,Prokaryote,OrganismalFitness,masked-protein-language-model,sequence,known-development-benchmark,available,,elastic_net,4,0.5112607225267495,0.5112607225267495,0.18575989815422872,-0.03835080780523259,False,,False,-0.16309307669339135,-0.16309307669339135,True
variantshift-development-v1,proteingym-v1.3,proteingym-substitutions-v1.3,BLAT_ECOLX_Deng_2012,BLAT_ECOLX_Deng_2012,BLAT_ECOLX,BLAT_ECOLX,cssf_1ca89f8f1279,esm2_35m,0.5337071838731202,286,0.9195804195804196,263,209644,50901.4,0.752,0.0,0.2795,1.0,2.799912370924541,1.3609139066385458,0.0,0.1295973015109059,0.870402698489094,Prokaryote,OrganismalFitness,masked-protein-language-model,sequence,known-development-benchmark,available,,elastic_net,4,0.40539584937763473,0.40539584937763473,0.15205699974566886,-0.04449824056485796,False,,False,-0.12831133449548549,-0.12831133449548549,True
variantshift-development-v1,proteingym-v1.3,proteingym-substitutions-v1.3,BLAT_ECOLX_Deng_2012,BLAT_ECOLX_Deng_2012,BLAT_ECOLX,BLAT_ECOLX,cssf_1ca89f8f1279,esm2_650m,0.7498876022299403,286,0.9195804195804196,263,209644,50901.4,0.752,0.0,0.2795,1.0,4.009975887601031,1.590206312781759,0.0,0.1507716210883347,0.8492283789116652,Prokaryote,OrganismalFitness,masked-protein-language-model,sequence,known-development-benchmark,available,,elastic_net,4,0.549373016298095,0.549373016298095,0.17095888527466657,0.043553539148902365,False,,False,-0.20051458593184535,-0.20051458593184535,True
variantshift-development-v1,proteingym-v1.3,proteingym-substitutions-v1.3,BLAT_ECOLX_Deng_2012,BLAT_ECOLX_Deng_2012,BLAT_ECOLX,BLAT_ECOLX,cssf_1ca89f8f1279,esm2_8m,0.2444844721583246,286,0.9195804195804196,263,209644,50901.4,0.752,0.0,0.2795,1.0,2.3408694003964268,1.221926272498928,0.0,0.2318028294341512,0.7681971705658488,Prokaryote,OrganismalFitness,masked-protein-language-model,sequence,known-development-benchmark,available,,elastic_net,4,0.2586292656875379,0.2586292656875379,0.13570236141264724,-0.14287602833316138,False,,False,0.014144793529213301,0.014144793529213301,True
variantshift-development-v1,proteingym-v1.3,proteingym-substitutions-v1.3,BLAT_ECOLX_Deng_2012,BLAT_ECOLX_Deng_2012,BLAT_ECOLX,BLAT_ECOLX,cssf_1ca89f8f1279,vespag,0.9821531594530822,286,0.9195804195804196,263,209644,50901.4,0.752,0.0,0.2795,1.0,0.0922986087390897,2.5580008476471328,0.0,0.1487010327360014,0.8512989672639986,Prokaryote,OrganismalFitness,distilled-evolutionary-variant-effect-model,sequence,known-development-benchmark,available,,elastic_net,4,0.5197986250733043,0.5197986250733043,0.11069348079669708,0.19228760690976648,False,,False,-0.4623545343797779,-0.4623545343797779,True
variantshift-development-v1,proteingym-v1.3,proteingym-substitutions-v1.3,BLAT_ECOLX_Firnberg_2014,BLAT_ECOLX_Firnberg_2014,BLAT_ECOLX,BLAT_ECOLX,cssf_1ca89f8f1279,carp_640m,0.9823691066677872,286,0.9195804195804196,263,209644,50901.4,0.752,0.0,0.2795,1.0,3.5873625830298166,1.6233721080269032,0.0,0.1172289220745385,0.8827710779254615,Prokaryote,OrganismalFitness,convolutional-protein-language-model,sequence,known-development-benchmark,available,,elastic_net,4,0.5829463356781411,0.5829463356781411,0.16644078089128725,0.0904946644387421,True,1.5455452977463873,True,-0.39942277098964607,-0.39942277098964607,True
variantshift-development-v1,proteingym-v1.3,proteingym-substitutions-v1.3,BLAT_ECOLX_Firnberg_2014,BLAT_ECOLX_Firnberg_2014,BLAT_ECOLX,BLAT_ECOLX,cssf_1ca89f8f1279,esm2_150m,0.9056068570862104,286,0.9195804195804196,263,209644,50901.4,0.752,0.0,0.2795,1.0,3.4442098987214083,1.4792942614822284,0.0,0.1035770636103881,0.8964229363896119,Prokaryote,OrganismalFitness,masked-protein-language-model,sequence,known-development-benchmark,available,,elastic_net,4,0.5079971300955508,0.5079971300955508,0.1824547507630329,-0.03183539446770667,False,,False,-0.39760972699065955,-0.39760972699065955,True
variantshift-development-v1,proteingym-v1.3,proteingym-substitutions-v1.3,BLAT_ECOLX_Firnberg_2014,BLAT_ECOLX_Firnberg_2014,BLAT_ECOLX,BLAT_ECOLX,cssf_1ca89f8f1279,esm2_35m,0.6974248642314707,286,0.9195804195804196,263,209644,50901.4,0.752,0.0,0.2795,1.0,2.7723521155185624,1.3606372466934908,0.0,0.1312328419628201,0.8687671580371799,Prokaryote,OrganismalFitness,masked-protein-language-model,sequence,known-development-benchmark,available,,elastic_net,4,0.4018071103983146,0.4018071103983146,0.15293422721911923,-0.05068245003551103,False,,False,-0.295617753833156,-0.295617753833156,True
variantshift-development-v1,proteingym-v1.3,proteingym-substitutions-v1.3,BLAT_ECOLX_Firnberg_2014,BLAT_ECOLX_Firnberg_2014,BLAT_ECOLX,BLAT_ECOLX,cssf_1ca89f8f1279,esm2_650m,0.9649413854155756,286,0.9195804195804196,263,209644,50901.4,0.752,0.0,0.2795,1.0,3.990443218225201,1.5925616174357276,0.0,0.153407580528768,0.846592419471232,Prokaryote,OrganismalFitness,masked-protein-language-model,sequence,known-development-benchmark,available,,elastic_net,4,0.546393230286261,0.546393230286261,0.16688597889620777,0.052624342795042245,False,,False,-0.41854815512931465,-0.41854815512931465,True
variantshift-development-v1,proteingym-v1.3,proteingym-substitutions-v1.3,BLAT_ECOLX_Firnberg_2014,BLAT_ECOLX_Firnberg_2014,BLAT_ECOLX,BLAT_ECOLX,cssf_1ca89f8f1279,esm2_8m,0.4869359807837134,286,0.9195804195804196,263,209644,50901.4,0.752,0.0,0.2795,1.0,2.3139489352239284,1.2266307649353465,0.0,0.2337286652656128,0.7662713347343871,Prokaryote,OrganismalFitness,masked-protein-language-model,sequence,known-development-benchmark,available,,elastic_net,4,0.25610988330666834,0.25610988330666834,0.13567307488713343,-0.14530876008455873,False,,False,-0.23082609747704508,-0.23082609747704508,True
variantshift-development-v1,proteingym-v1.3,proteingym-substitutions-v1.3,BLAT_ECOLX_Firnberg_2014,BLAT_ECOLX_Firnberg_2014,BLAT_ECOLX,BLAT_ECOLX,cssf_1ca89f8f1279,vespag,1.1473303880249548,286,0.9195804195804196,263,209644,50901.4,0.752,0.0,0.2795,1.0,0.0928928211090989,2.5463454344790524,0.0,0.1508193551846842,0.8491806448153157,Prokaryote,OrganismalFitness,distilled-evolutionary-variant-effect-model,sequence,known-development-benchmark,available,,elastic_net,4,0.5154600187728624,0.5154600187728624,0.11461235373810913,0.1763541527659121,False,,False,-0.6318703692520924,-0.6318703692520924,True
variantshift-development-v1,proteingym-v1.3,proteingym-substitutions-v1.3,BLAT_ECOLX_Jacquier_2013,BLAT_ECOLX_Jacquier_2013,BLAT_ECOLX,BLAT_ECOLX,cssf_1ca89f8f1279,carp_640m,0.6415049046151341,286,0.9195804195804196,263,209644,50901.4,0.752,0.0,0.2795,1.0,3.271686170175111,1.510001975759064,0.0,0.1198912240261822,0.8801087759738178,Prokaryote,OrganismalFitness,convolutional-protein-language-model,sequence,known-development-benchmark,available,,elastic_net,4,0.5263331385721866,0.5263331385721866,0.14259856021242165,0.10442392307285514,True,1.5313919984698987,True,-0.11517176604294754,-0.11517176604294754,True
variantshift-development-v1,proteingym-v1.3,proteingym-substitutions-v1.3,BLAT_ECOLX_Jacquier_2013,BLAT_ECOLX_Jacquier_2013,BLAT_ECOLX,BLAT_ECOLX,cssf_1ca89f8f1279,esm2_150m,0.5226642221354637,286,0.9195804195804196,263,209644,50901.4,0.752,0.0,0.2795,1.0,3.2324253264023017,1.2869106241009918,0.0,0.1062409917260643,0.8937590082739356,Prokaryote,OrganismalFitness,masked-protein-language-model,sequence,known-development-benchmark,available,,elastic_net,4,0.44080052786631374,0.44080052786631374,0.16706715455666918,-0.05350440767938025,False,,False,-0.08186369426914997,-0.08186369426914997,True
variantshift-development-v1,proteingym-v1.3,proteingym-substitutions-v1.3,BLAT_ECOLX_Jacquier_2013,BLAT_ECOLX_Jacquier_2013,BLAT_ECOLX,BLAT_ECOLX,cssf_1ca89f8f1279,esm2_35m,0.4477686174015766,286,0.9195804195804196,263,209644,50901.4,0.752,0.0,0.2795,1.0,2.595629405943503,1.2368765943785145,0.0,0.1319495743821219,0.868050425617878,Prokaryote,OrganismalFitness,masked-protein-language-model,sequence,known-development-benchmark,available,,elastic_net,4,0.35585549003895756,0.35585549003895756,0.16431922444744715,-0.13031908966792716,False,,False,-0.09191312736261903,-0.09191312736261903,True
variantshift-development-v1,proteingym-v1.3,proteingym-substitutions-v1.3,BLAT_ECOLX_Jacquier_2013,BLAT_ECOLX_Jacquier_2013,BLAT_ECOLX,BLAT_ECOLX,cssf_1ca89f8f1279,esm2_650m,0.5786177184482141,286,0.9195804195804196,263,209644,50901.4,0.752,0.0,0.2795,1.0,3.640755065142113,1.4265728614640676,0.0,0.1455782655958272,0.8544217344041728,Prokaryote,OrganismalFitness,masked-protein-language-model,sequence,known-development-benchmark,available,,elastic_net,4,0.48151266987540514,0.48151266987540514,0.17224576137447967,-0.02811431335875908,False,,False,-0.09710504857280894,-0.09710504857280894,True
variantshift-development-v1,proteingym-v1.3,proteingym-substitutions-v1.3,BLAT_ECOLX_Jacquier_2013,BLAT_ECOLX_Jacquier_2013,BLAT_ECOLX,BLAT_ECOLX,cssf_1ca89f8f1279,esm2_8m,0.3968211587359206,286,0.9195804195804196,263,209644,50901.4,0.752,0.0,0.2795,1.0,2.096017297799469,1.092468624891145,0.0,0.2415608374737745,0.7584391625262255,Prokaryote,OrganismalFitness,masked-protein-language-model,sequence,known-development-benchmark,available,,elastic_net,4,0.19897579058173648,0.19897579058173648,0.08719926379059678,-0.05902241727678287,False,,False,-0.19784536815418413,-0.19784536815418413,True
variantshift-development-v1,proteingym-v1.3,proteingym-substitutions-v1.3,BLAT_ECOLX_Jacquier_2013,BLAT_ECOLX_Jacquier_2013,BLAT_ECOLX,BLAT_ECOLX,cssf_1ca89f8f1279,vespag,0.6908722650435279,286,0.9195804195804196,263,209644,50901.4,0.752,0.0,0.2795,1.0,0.1099393244386346,2.209149883741073,0.0,0.1439687811168839,0.8560312188831161,Prokaryote,OrganismalFitness,distilled-evolutionary-variant-effect-model,sequence,known-development-benchmark,available,,elastic_net,4,0.4389859165315045,0.4389859165315045,0.19370579351845835,-0.1341352935235261,False,,False,-0.25188634851202346,-0.25188634851202346,True
variantshift-development-v1,proteingym-v1.3,proteingym-substitutions-v1.3,BLAT_ECOLX_Stiffler_2015,BLAT_ECOLX_Stiffler_2015,BLAT_ECOLX,BLAT_ECOLX,cssf_1ca89f8f1279,carp_640m,0.8558521177330869,286,0.9195804195804196,263,209644,50901.4,0.752,0.0,0.2795,1.0,3.612158930115387,1.613532677550302,0.0,0.1169309574413989,0.8830690425586011,Prokaryote,OrganismalFitness,convolutional-protein-language-model,sequence,known-development-benchmark,available,,elastic_net,4,0.5828513256025378,0.5828513256025378,0.1637809871518838,0.09826923935971987,True,1.5455215452274864,True,-0.27300079213054906,-0.27300079213054906,True
variantshift-development-v1,proteingym-v1.3,proteingym-substitutions-v1.3,BLAT_ECOLX_Stiffler_2015,BLAT_ECOLX_Stiffler_2015,BLAT_ECOLX,BLAT_ECOLX,cssf_1ca89f8f1279,esm2_150m,0.8011424133934247,286,0.9195804195804196,263,209644,50901.4,0.752,0.0,0.2795,1.0,3.4707111352049687,1.4788092783327833,0.0,0.1020259983370016,0.8979740016629983,Prokaryote,OrganismalFitness,masked-protein-language-model,sequence,known-development-benchmark,available,,elastic_net,4,0.5112478586701936,0.5112478586701936,0.18575989815422872,-0.038363671661788445,False,,False,-0.2898945547232311,-0.2898945547232311,True
variantshift-development-v1,proteingym-v1.3,proteingym-substitutions-v1.3,BLAT_ECOLX_Stiffler_2015,BLAT_ECOLX_Stiffler_2015,BLAT_ECOLX,BLAT_ECOLX,cssf_1ca89f8f1279,esm2_35m,0.6496994458281283,286,0.9195804195804196,263,209644,50901.4,0.752,0.0,0.2795,1.0,2.7999124148088175,1.3609141892163803,0.0,0.1295972996254949,0.8704027003745051,Prokaryote,OrganismalFitness,masked-protein-language-model,sequence,known-development-benchmark,available,,elastic_net,4,0.4053959239012207,0.4053959239012207,0.15205699974566886,-0.04449816604127199,False,,False,-0.24430352192690763,-0.24430352192690763,True
variantshift-development-v1,proteingym-v1.3,proteingym-substitutions-v1.3,BLAT_ECOLX_Stiffler_2015,BLAT_ECOLX_Stiffler_2015,BLAT_ECOLX,BLAT_ECOLX,cssf_1ca89f8f1279,esm2_650m,0.8160607296964733,286,0.9195804195804196,263,209644,50901.4,0.752,0.0,0.2795,1.0,4.009975914677313,1.5902062520117903,0.0,0.1507715901898549,0.849228409810145,Prokaryote,OrganismalFitness,masked-protein-language-model,sequence,known-development-benchmark,available,,elastic_net,4,0.5493730259141472,0.5493730259141472,0.17095888527466657,0.04355354876495454,False,,False,-0.2666877037823261,-0.2666877037823261,True
variantshift-development-v1,proteingym-v1.3,proteingym-substitutions-v1.3,BLAT_ECOLX_Stiffler_2015,BLAT_ECOLX_Stiffler_2015,BLAT_ECOLX,BLAT_ECOLX,cssf_1ca89f8f1279,esm2_8m,0.4749421929674169,286,0.9195804195804196,263,209644,50901.4,0.752,0.0,0.2795,1.0,2.3408694003964268,1.221926272498928,0.0,0.2318028294341512,0.7681971705658488,Prokaryote,OrganismalFitness,masked-protein-language-model,sequence,known-development-benchmark,available,,elastic_net,4,0.2586292656875379,0.2586292656875379,0.13570236141264724,-0.14287602833316138,False,,False,-0.216312927279879,-0.216312927279879,True
variantshift-development-v1,proteingym-v1.3,proteingym-substitutions-v1.3,BLAT_ECOLX_Stiffler_2015,BLAT_ECOLX_Stiffler_2015,BLAT_ECOLX,BLAT_ECOLX,cssf_1ca89f8f1279,vespag,0.9947649027874556,286,0.9195804195804196,263,209644,50901.4,0.752,0.0,0.2795,1.0,0.0923160547645186,2.5571022612692875,0.0,0.1486867010941344,0.8513132989058656,Prokaryote,OrganismalFitness,distilled-evolutionary-variant-effect-model,sequence,known-development-benchmark,available,,elastic_net,4,0.5195896261965153,0.5195896261965153,0.11069348079669708,0.19207860803297744,False,,False,-0.4751752765909403,-0.4751752765909403,True
variantshift-development-v1,proteingym-v1.3,proteingym-substitutions-v1.3,BRCA1_HUMAN_Findlay_2018,BRCA1_HUMAN_Findlay_2018,BRCA1_HUMAN,BRCA1_HUMAN,cssf_234425dd63e3,carp_640m,0.5929562006692969,1863,0.1749865807836822,326,1008,100.2,0.769,0.0,0.1127,1.0,3.440064414214538,1.8223009181105283,0.0,0.197627424271416,0.802372575728584,Human,OrganismalFitness,convolutional-protein-language-model,sequence,known-development-benchmark,available,,elastic_net,2,0.5683891176479999,0.5683891176479999,0.3084612185030664,-0.09336533501013511,True,-0.8956083829399252,False,-0.024567083021296954,-0.024567083021296954,True
variantshift-development-v1,proteingym-v1.3,proteingym-substitutions-v1.3,BRCA1_HUMAN_Findlay_2018,BRCA1_HUMAN_Findlay_2018,BRCA1_HUMAN,BRCA1_HUMAN,cssf_234425dd63e3,esm2_150m,0.4152312895774246,1863,0.1749865807836822,326,1008,100.2,0.769,0.0,0.1127,1.0,2.867715793695402,0.9178980603686232,0.0,0.1601836603463637,0.8398163396536362,Human,OrganismalFitness,masked-protein-language-model,sequence,known-development-benchmark,available,,elastic_net,2,0.33135997542170925,0.33135997542170925,0.2580969122045464,-0.22234587355838376,False,,False,-0.08387131415571536,-0.08387131415571536,True
variantshift-development-v1,proteingym-v1.3,proteingym-substitutions-v1.3,BRCA1_HUMAN_Findlay_2018,BRCA1_HUMAN_Findlay_2018,BRCA1_HUMAN,BRCA1_HUMAN,cssf_234425dd63e3,esm2_35m,0.2978447747213537,1863,0.1749865807836822,326,1008,100.2,0.769,0.0,0.1127,1.0,2.408619329615583,0.9062273397865366,0.0,0.1993477147776179,0.8006522852223821,Human,OrganismalFitness,masked-protein-language-model,sequence,known-development-benchmark,available,,elastic_net,2,0.26923281760657525,0.26923281760657525,0.2485690335905924,-0.264032484170312,False,,False,-0.02861195711477843,-0.02861195711477843,True
variantshift-development-v1,proteingym-v1.3,proteingym-substitutions-v1.3,BRCA1_HUMAN_Findlay_2018,BRCA1_HUMAN_Findlay_2018,BRCA1_HUMAN,BRCA1_HUMAN,cssf_234425dd63e3,esm2_650m,0.5285509362118892,1863,0.1749865807836822,326,1008,100.2,0.769,0.0,0.1127,1.0,3.859631532715609,1.354499191664526,0.0,0.1832015058019364,0.8167984941980636,Human,OrganismalFitness,masked-protein-language-model,sequence,known-development-benchmark,available,,elastic_net,2,0.46867316294621003,0.46867316294621003,0.28983488871719243,-0.15312146353896833,False,,False,-0.05987777326567917,-0.05987777326567917,True
variantshift-development-v1,proteingym-v1.3,proteingym-substitutions-v1.3,BRCA1_HUMAN_Findlay_2018,BRCA1_HUMAN_Findlay_2018,BRCA1_HUMAN,BRCA1_HUMAN,cssf_234425dd63e3,esm2_8m,0.0541123946874024,1863,0.1749865807836822,326,1008,100.2,0.769,0.0,0.1127,1.0,1.8043276866694689,0.8102784938571118,0.0,0.2697721900673291,0.7302278099326709,Human,OrganismalFitness,masked-protein-language-model,sequence,known-development-benchmark,available,,elastic_net,2,0.1585440094863772,0.1585440094863772,0.24299909125967145,-0.3627718674765141,False,,False,0.10443161479897481,0.10443161479897481,True
variantshift-development-v1,proteingym-v1.3,proteingym-substitutions-v1.3,BRCA1_HUMAN_Findlay_2018,BRCA1_HUMAN_Findlay_2018,BRCA1_HUMAN,BRCA1_HUMAN,cssf_234425dd63e3,vespag,0.5480791640018494,1863,0.1749865807836822,326,1008,100.2,0.769,0.0,0.1127,1.0,0.065343779518909,2.537247141948094,0.0,0.1647969791714042,0.8352030208285958,Human,OrganismalFitness,distilled-evolutionary-variant-effect-model,sequence,known-development-benchmark,available,,elastic_net,2,0.5187325495692239,0.5187325495692239,0.28978086740368153,-0.10294618278531542,False,,False,-0.02934661443262554,-0.02934661443262554,True
variantshift-development-v1,proteingym-v1.3,proteingym-substitutions-v1.3,C6KNH7_9INFA_Lee_2018,C6KNH7_9INFA_Lee_2018,C6KNH7_9INFA,C6KNH7_9INFA,cssf_97ae43962602,carp_640m,0.3529133048557877,566,1.0,566,57453,9056.9,0.977,0.0,0.2778,1.0,2.994930380543571,0.9775803445425528,0.0,0.2826378933393432,0.7173621066606568,Virus,OrganismalFitness,convolutional-protein-language-model,sequence,known-development-benchmark,available,,elastic_net,2,0.23966936712440398,0.23966936712440398,0.11426717358333588,-0.005472668164161282,False,,False,-0.11324393773138372,-0.11324393773138372,True
variantshift-development-v1,proteingym-v1.3,proteingym-substitutions-v1.3,C6KNH7_9INFA_Lee_2018,C6KNH7_9INFA_Lee_2018,C6KNH7_9INFA,C6KNH7_9INFA,cssf_97ae43962602,esm2_150m,-0.0800001631728798,566,1.0,566,57453,9056.9,0.977,0.0,0.2778,1.0,1.5360567834448386,1.0511811737531145,0.0,0.3636667082632954,0.6363332917367046,Virus,OrganismalFitness,masked-protein-language-model,sequence,known-development-benchmark,available,,elastic_net,2,0.0452745307773349,0.0452745307773349,0.09935092587700754,-0.16786706897992762,False,,False,0.1252746939502147,0.1252746939502147,True
variantshift-development-v1,proteingym-v1.3,proteingym-substitutions-v1.3,C6KNH7_9INFA_Lee_2018,C6KNH7_9INFA_Lee_2018,C6KNH7_9INFA,C6KNH7_9INFA,cssf_97ae43962602,esm2_35m,-0.1130278341119772,566,1.0,566,57453,9056.9,0.977,0.0,0.2778,1.0,1.3109113366783378,1.2007332725204507,0.0,0.3724160156537519,0.6275839843462481,Virus,OrganismalFitness,masked-protein-language-model,sequence,known-development-benchmark,available,,elastic_net,2,0.052160627683872085,0.052160627683872085,0.09615694406180629,-0.15412879241146793,False,,False,0.16518846179584928,0.16518846179584928,True
variantshift-development-v1,proteingym-v1.3,proteingym-substitutions-v1.3,C6KNH7_9INFA_Lee_2018,C6KNH7_9INFA_Lee_2018,C6KNH7_9INFA,C6KNH7_9INFA,cssf_97ae43962602,esm2_650m,0.7584494751538366,566,1.0,566,57453,9056.9,0.977,0.0,0.2778,1.0,3.8967838659828664,1.7958607818398964,0.0,0.2875655495625933,0.7124344504374067,Virus,OrganismalFitness,masked-protein-language-model,sequence,known-development-benchmark,available,,elastic_net,2,0.40802105153523877,0.40802105153523877,0.1560025753248932,0.07334235400439204,False,,False,-0.3504284236185979,-0.3504284236185979,True
variantshift-development-v1,proteingym-v1.3,proteingym-substitutions-v1.3,C6KNH7_9INFA_Lee_2018,C6KNH7_9INFA_Lee_2018,C6KNH7_9INFA,C6KNH7_9INFA,cssf_97ae43962602,esm2_8m,-0.1276248390097384,566,1.0,566,57453,9056.9,0.977,0.0,0.2778,1.0,1.2029582148396791,1.2648381820864991,0.0,0.3719383060129536,0.6280616939870464,Virus,OrganismalFitness,masked-protein-language-model,sequence,known-development-benchmark,available,,elastic_net,2,0.057306709496797614,0.057306709496797614,0.08582897297034647,-0.12682569231966243,False,,False,0.184931548506536,0.184931548506536,False
variantshift-development-v1,proteingym-v1.3,proteingym-substitutions-v1.3,C6KNH7_9INFA_Lee_2018,C6KNH7_9INFA_Lee_2018,C6KNH7_9INFA,C6KNH7_9INFA,cssf_97ae43962602,vespag,0.839684533488462,566,1.0,566,57453,9056.9,0.977,0.0,0.2778,1.0,0.0751770177980557,2.765442501164975,0.0,0.2661830316697665,0.7338169683302335,Virus,OrganismalFitness,distilled-evolutionary-variant-effect-model,sequence,known-development-benchmark,available,,elastic_net,2,0.41716839986745735,0.41716839986745735,0.09423070745124526,0.2150114138592867,True,0.7341164092019461,True,-0.4225161336210046,-0.4225161336210046,True
variantshift-development-v1,proteingym-v1.3,proteingym-substitutions-v1.3,CALM1_HUMAN_Weile_2017,CALM1_HUMAN_Weile_2017,CALM1_HUMAN,CALM1_HUMAN,cssf_16d6e5408850,carp_640m,0.4493013885168005,149,0.9932885906040269,148,177633,28424.0,0.893,0.0,0.3311,1.0,2.8072494358082856,1.628071468931088,0.0,0.2445594504418493,0.7554405495581507,Human,OrganismalFitness,convolutional-protein-language-model,sequence,known-development-benchmark,available,,elastic_net,0,0.4606510132307861,0.4606510132307861,0.1387294699189702,0.09176910990709075,False,,False,0.011349624713985595,0.011349624713985595,True
variantshift-development-v1,proteingym-v1.3,proteingym-substitutions-v1.3,CALM1_HUMAN_Weile_2017,CALM1_HUMAN_Weile_2017,CALM1_HUMAN,CALM1_HUMAN,cssf_16d6e5408850,esm2_150m,0.2594361748603432,149,0.9932885906040269,148,177633,28424.0,0.893,0.0,0.3311,1.0,3.727326419321352,1.4720907339354414,0.0,0.1148903909391158,0.8851096090608842,Human,OrganismalFitness,masked-protein-language-model,sequence,known-development-benchmark,available,,elastic_net,0,0.5283913725992144,0.5283913725992144,0.2380210561817342,-0.10450703238076542,True,0.9045638904596156,False,0.2689551977388712,0.2689551977388712,True
variantshift-development-v1,proteingym-v1.3,proteingym-substitutions-v1.3,CALM1_HUMAN_Weile_2017,CALM1_HUMAN_Weile_2017,CALM1_HUMAN,CALM1_HUMAN,cssf_16d6e5408850,esm2_35m,0.2812904805163329,149,0.9932885906040269,148,177633,28424.0,0.893,0.0,0.3311,1.0,3.514637836178948,1.3263218521379692,0.0,0.1208341718521452,0.8791658281478547,Human,OrganismalFitness,masked-protein-language-model,sequence,known-development-benchmark,available,,elastic_net,0,0.4673396340441401,0.4673396340441401,0.18372971087602394,-0.021197988745351393,False,,False,0.1860491535278072,0.1860491535278072,True
variantshift-development-v1,proteingym-v1.3,proteingym-substitutions-v1.3,CALM1_HUMAN_Weile_2017,CALM1_HUMAN_Weile_2017,CALM1_HUMAN,CALM1_HUMAN,cssf_16d6e5408850,esm2_650m,0.209312472846587,149,0.9932885906040269,148,177633,28424.0,0.893,0.0,0.3311,1.0,3.8272639651171807,1.4157116353483048,0.0,0.1218923663927257,0.8781076336072743,Human,OrganismalFitness,masked-protein-language-model,sequence,known-development-benchmark,available,,elastic_net,0,0.521356051697038,0.521356051697038,0.17198294226385746,0.0640531072069011,False,,False,0.31204357885045103,0.31204357885045103,True
variantshift-development-v1,proteingym-v1.3,proteingym-substitutions-v1.3,CALM1_HUMAN_Weile_2017,CALM1_HUMAN_Weile_2017,CALM1_HUMAN,CALM1_HUMAN,cssf_16d6e5408850,esm2_8m,0.2934064815094747,149,0.9932885906040269,148,177633,28424.0,0.893,0.0,0.3311,1.0,2.796351773665968,1.3359965644768472,0.0,0.1572301065058392,0.8427698934941608,Human,OrganismalFitness,masked-protein-language-model,sequence,known-development-benchmark,available,,elastic_net,0,0.37890978682093246,0.37890978682093246,0.17792172963979577,-0.0941844036960971,False,,False,0.08550330531145778,0.08550330531145778,True
variantshift-development-v1,proteingym-v1.3,proteingym-substitutions-v1.3,CALM1_HUMAN_Weile_2017,CALM1_HUMAN_Weile_2017,CALM1_HUMAN,CALM1_HUMAN,cssf_16d6e5408850,vespag,0.4321322173539256,149,0.9932885906040269,148,177633,28424.0,0.893,0.0,0.3311,1.0,0.0885636896972863,2.486467070402472,0.0,0.1175274873093479,0.8824725126906521,Human,OrganismalFitness,distilled-evolutionary-variant-effect-model,sequence,known-development-benchmark,available,,elastic_net,0,0.5241692602204528,0.5241692602204528,0.17867071013334693,0.049083529260179004,False,,False,0.09203704286652725,0.09203704286652725,True
variantshift-development-v1,proteingym-v1.3,proteingym-substitutions-v1.3,CAPSD_AAV2S_Sinai_2021,CAPSD_AAV2S_Sinai_2021,CAPSD_AAV2S,CAPSD_AAV2S,cssf_c257cf3223e7,carp_640m,0.952068387929748,735,0.0380952380952381,28,604,193.6,0.782,0.0,0.2228,1.0,0.4419882771487178,1.4790497614230596,0.0,0.103368954143006,0.8966310458569939,Virus,OrganismalFitness,convolutional-protein-language-model,sequence,known-development-benchmark,available,,elastic_net,0,0.25471013960055666,0.25471013960055666,0.2887673123351835,-0.5131226493093112,False,,False,-0.6973582483291914,-0.6973582483291914,True
variantshift-development-v1,proteingym-v1.3,proteingym-substitutions-v1.3,CAPSD_AAV2S_Sinai_2021,CAPSD_AAV2S_Sinai_2021,CAPSD_AAV2S,CAPSD_AAV2S,cssf_c257cf3223e7,esm2_150m,0.4813375629197395,735,0.0380952380952381,28,604,193.6,0.782,0.0,0.2228,1.0,1.918162893269598,1.033261058904691,0.0,0.069298352970152,0.930701647029848,Virus,OrganismalFitness,masked-protein-language-model,sequence,known-development-benchmark,available,,elastic_net,0,0.26299325052973144,0.26299325052973144,0.23150834940552545,-0.352587855733543,False,,False,-0.21834431239000807,-0.21834431239000807,True
variantshift-development-v1,proteingym-v1.3,proteingym-substitutions-v1.3,CAPSD_AAV2S_Sinai_2021,CAPSD_AAV2S_Sinai_2021,CAPSD_AAV2S,CAPSD_AAV2S,cssf_c257cf3223e7,esm2_35m,0.5549621847442153,735,0.0380952380952381,28,604,193.6,0.782,0.0,0.2228,1.0,2.0792078790298296,1.0019701440708624,0.0,0.086019255102109,0.9139807448978908,Virus,OrganismalFitness,masked-protein-language-model,sequence,known-development-benchmark,available,,elastic_net,0,0.2640040197319199,0.2640040197319199,0.23750455855345848,-0.3675210171504827,False,,False,-0.29095816501229543,-0.29095816501229543,True
variantshift-development-v1,proteingym-v1.3,proteingym-substitutions-v1.3,CAPSD_AAV2S_Sinai_2021,CAPSD_AAV2S_Sinai_2021,CAPSD_AAV2S,CAPSD_AAV2S,cssf_c257cf3223e7,esm2_650m,0.571776352132433,735,0.0380952380952381,28,604,193.6,0.782,0.0,0.2228,1.0,3.4365557731182665,0.8440552228058119,0.0,0.103368954143006,0.8966310458569939,Virus,OrganismalFitness,masked-protein-language-model,sequence,known-development-benchmark,available,,elastic_net,0,0.3562844331992953,0.3562844331992953,0.29153785516405223,-0.41891523394163516,False,,False,-0.21549191893313774,-0.21549191893313774,True
variantshift-development-v1,proteingym-v1.3,proteingym-substitutions-v1.3,CAPSD_AAV2S_Sinai_2021,CAPSD_AAV2S_Sinai_2021,CAPSD_AAV2S,CAPSD_AAV2S,cssf_c257cf3223e7,esm2_8m,0.3045473876692777,735,0.0380952380952381,28,604,193.6,0.782,0.0,0.2228,1.0,2.1318109985739153,0.9656858344220948,0.0,0.0722053564682483,0.9277946435317516,Virus,OrganismalFitness,masked-protein-language-model,sequence,known-development-benchmark,available,,elastic_net,0,0.2667707212164969,0.2667707212164969,0.23532412530413077,-0.358956539839673,False,,False,-0.03777666645278077,-0.03777666645278077,True
variantshift-development-v1,proteingym-v1.3,proteingym-substitutions-v1.3,CAPSD_AAV2S_Sinai_2021,CAPSD_AAV2S_Sinai_2021,CAPSD_AAV2S,CAPSD_AAV2S,cssf_c257cf3223e7,vespag,0.3848015279441145,735,0.0380952380952381,28,604,193.6,0.782,0.0,0.2228,1.0,0.0310081741518259,2.7888909676574,0.0,0.2796999595455276,0.7203000404544724,Virus,OrganismalFitness,distilled-evolutionary-variant-effect-model,sequence,known-development-benchmark,available,,elastic_net,0,0.5277911583392918,0.5277911583392918,0.15861501445874515,0.10603355727996167,True,-0.7942686229903382,True,0.14298963039517731,0.14298963039517731,True
variantshift-development-v1,proteingym-v1.3,proteingym-substitutions-v1.3,CAR11_HUMAN_Meitlis_2020_gof,CAR11_HUMAN_Meitlis_2020_gof,CAR11_HUMAN,CAR11_HUMAN,cssf_0fc8efec29c6,carp_640m,0.255824435488027,1154,0.1221837088388214,141,1352,42.1,0.998,0.0,0.2352,1.0,4.026418164154746,1.6995704163134515,0.0,0.1926243829747184,0.8073756170252816,Human,OrganismalFitness,convolutional-protein-language-model,sequence,known-development-benchmark,available,,elastic_net,2,0.5013868344089204,0.5013868344089204,0.26664859325182505,-0.07066528525703697,True,-1.557288816779009,False,0.24556239892089338,0.24556239892089338,True
variantshift-development-v1,proteingym-v1.3,proteingym-substitutions-v1.3,CAR11_HUMAN_Meitlis_2020_gof,CAR11_HUMAN_Meitlis_2020_gof,CAR11_HUMAN,CAR11_HUMAN,cssf_0fc8efec29c6,esm2_150m,0.2968953498875313,1154,0.1221837088388214,141,1352,42.1,0.998,0.0,0.2352,1.0,2.764036502651018,1.0007603785713308,0.0,0.1755920971210784,0.8244079028789215,Human,OrganismalFitness,masked-protein-language-model,sequence,known-development-benchmark,available,,elastic_net,2,0.24125363735041316,0.24125363735041316,0.23771789538777433,-0.268732274372284,False,,False,-0.05564171253711814,-0.05564171253711814,True
variantshift-development-v1,proteingym-v1.3,proteingym-substitutions-v1.3,CAR11_HUMAN_Meitlis_2020_gof,CAR11_HUMAN_Meitlis_2020_gof,CAR11_HUMAN,CAR11_HUMAN,cssf_0fc8efec29c6,esm2_35m,0.0241221700625527,1154,0.1221837088388214,141,1352,42.1,0.998,0.0,0.2352,1.0,1.2172085376944812,1.4987731109809577,0.0,0.305344186995123,0.694655813004877,Human,OrganismalFitness,masked-protein-language-model,sequence,known-development-benchmark,available,,elastic_net,2,0.1371169291002951,0.1371169291002951,0.2295948714330709,-0.35544232750782967,False,,False,0.1129947590377424,0.1129947590377424,True
variantshift-development-v1,proteingym-v1.3,proteingym-substitutions-v1.3,CAR11_HUMAN_Meitlis_2020_gof,CAR11_HUMAN_Meitlis_2020_gof,CAR11_HUMAN,CAR11_HUMAN,cssf_0fc8efec29c6,esm2_650m,0.2138806087965325,1154,0.1221837088388214,141,1352,42.1,0.998,0.0,0.2352,1.0,4.003822959673985,1.3623289750545118,0.0,0.1763403647605379,0.8236596352394621,Human,OrganismalFitness,masked-protein-language-model,sequence,known-development-benchmark,available,,elastic_net,2,0.3972210776577505,0.3972210776577505,0.25177887943366084,-0.14293043752808632,False,,False,0.183340468861218,0.183340468861218,True
variantshift-development-v1,proteingym-v1.3,proteingym-substitutions-v1.3,CAR11_HUMAN_Meitlis_2020_gof,CAR11_HUMAN_Meitlis_2020_gof,CAR11_HUMAN,CAR11_HUMAN,cssf_0fc8efec29c6,esm2_8m,0.1097087764041616,1154,0.1221837088388214,141,1352,42.1,0.998,0.0,0.2352,1.0,1.0897928876100922,1.471764337704618,0.0,0.3358405889713076,0.6641594110286924,Human,OrganismalFitness,masked-protein-language-model,sequence,known-development-benchmark,available,,elastic_net,2,0.10138547014940469,0.10138547014940469,0.22215597290981484,-0.375214813578673,False,,False,-0.008323306254756913,-0.008323306254756913,True
variantshift-development-v1,proteingym-v1.3,proteingym-substitutions-v1.3,CAR11_HUMAN_Meitlis_2020_gof,CAR11_HUMAN_Meitlis_2020_gof,CAR11_HUMAN,CAR11_HUMAN,cssf_0fc8efec29c6,vespag,0.2447541336701031,1154,0.1221837088388214,141,1352,42.1,0.998,0.0,0.2352,1.0,0.0754745424736898,2.79106994176895,0.0,0.1699042683163014,0.8300957316836985,Human,OrganismalFitness,distilled-evolutionary-variant-effect-model,sequence,known-development-benchmark,available,,elastic_net,2,0.4768595875038053,0.4768595875038053,0.18116750810074222,0.08819353170446625,False,,False,0.2321054538337022,0.2321054538337022,True
variantshift-development-v1,proteingym-v1.3,proteingym-substitutions-v1.3,CAR11_HUMAN_Meitlis_2020_lof,CAR11_HUMAN_Meitlis_2020_lof,CAR11_HUMAN,CAR11_HUMAN,cssf_0fc8efec29c6,carp_640m,0.6754860741973131,1154,0.1221837088388214,141,1352,42.1,0.998,0.0,0.2352,1.0,4.027582903313294,1.7062852772983228,0.0,0.1929211960128503,0.8070788039871497,Human,OrganismalFitness,convolutional-protein-language-model,sequence,known-development-benchmark,available,,elastic_net,2,0.5025530552368623,0.5025530552368623,0.26664859325182505,-0.06949906442909504,True,-1.5569972615720238,False,-0.17293301896045077,-0.17293301896045077,True
variantshift-development-v1,proteingym-v1.3,proteingym-substitutions-v1.3,CAR11_HUMAN_Meitlis_2020_lof,CAR11_HUMAN_Meitlis_2020_lof,CAR11_HUMAN,CAR11_HUMAN,cssf_0fc8efec29c6,esm2_150m,0.4068113878854703,1154,0.1221837088388214,141,1352,42.1,0.998,0.0,0.2352,1.0,2.756133924115252,1.000667343347872,0.0,0.1758949729326959,0.824105027067304,Human,OrganismalFitness,masked-protein-language-model,sequence,known-development-benchmark,available,,elastic_net,2,0.24046805021404893,0.24046805021404893,0.23771789538777433,-0.2695178615086482,False,,False,-0.16634333767142134,-0.16634333767142134,True
variantshift-development-v1,proteingym-v1.3,proteingym-substitutions-v1.3,CAR11_HUMAN_Meitlis_2020_lof,CAR11_HUMAN_Meitlis_2020_lof,CAR11_HUMAN,CAR11_HUMAN,cssf_0fc8efec29c6,esm2_35m,0.1437144903357883,1154,0.1221837088388214,141,1352,42.1,0.998,0.0,0.2352,1.0,1.2177346566476706,1.4917357076940052,0.0,0.3051071735544434,0.6948928264455566,Human,OrganismalFitness,masked-protein-language-model,sequence,known-development-benchmark,available,,elastic_net,2,0.13596447588075333,0.13596447588075333,0.2295948714330709,-0.35659478072737144,False,,False,-0.007750014455034954,-0.007750014455034954,True
variantshift-development-v1,proteingym-v1.3,proteingym-substitutions-v1.3,CAR11_HUMAN_Meitlis_2020_lof,CAR11_HUMAN_Meitlis_2020_lof,CAR11_HUMAN,CAR11_HUMAN,cssf_0fc8efec29c6,esm2_650m,0.4942115177900636,1154,0.1221837088388214,141,1352,42.1,0.998,0.0,0.2352,1.0,4.002367509551513,1.3654899937520129,0.0,0.1768935065100532,0.8231064934899468,Human,OrganismalFitness,masked-protein-language-model,sequence,known-development-benchmark,available,,elastic_net,2,0.3973369527144556,0.3973369527144556,0.25177887943366084,-0.1428145624713812,False,,False,-0.09687456507560799,-0.09687456507560799,True
variantshift-development-v1,proteingym-v1.3,proteingym-substitutions-v1.3,CAR11_HUMAN_Meitlis_2020_lof,CAR11_HUMAN_Meitlis_2020_lof,CAR11_HUMAN,CAR11_HUMAN,cssf_0fc8efec29c6,esm2_8m,0.2385712164791801,1154,0.1221837088388214,141,1352,42.1,0.998,0.0,0.2352,1.0,1.0899488409630094,1.4656510189427348,0.0,0.3370335672100025,0.6629664327899975,Human,OrganismalFitness,masked-protein-language-model,sequence,known-development-benchmark,available,,elastic_net,2,0.09937223527603956,0.09937223527603956,0.22215597290981484,-0.3772280484520381,False,,False,-0.13919898120314053,-0.13919898120314053,True
variantshift-development-v1,proteingym-v1.3,proteingym-substitutions-v1.3,CAR11_HUMAN_Meitlis_2020_lof,CAR11_HUMAN_Meitlis_2020_lof,CAR11_HUMAN,CAR11_HUMAN,cssf_0fc8efec29c6,vespag,0.6709586346397929,1154,0.1221837088388214,141,1352,42.1,0.998,0.0,0.2352,1.0,0.0752654395925834,2.7910017860948124,0.0,0.1705318359837053,0.8294681640162946,Human,OrganismalFitness,distilled-evolutionary-variant-effect-model,sequence,known-development-benchmark,available,,elastic_net,2,0.47638720419273434,0.47638720419273434,0.18116750810074222,0.08772114839339529,False,,False,-0.19457143044705855,-0.19457143044705855,True
variantshift-development-v1,proteingym-v1.3,proteingym-substitutions-v1.3,CAS9_STRP1_Spencer_2017_positive,CAS9_STRP1_Spencer_2017_positive,CAS9_STRP1,CAS9_STRP1,cssf_2fb7a12de8e4,carp_640m,0.1035019859541477,1368,1.0,1368,5349,1559.5,0.992,0.0,0.1975,1.0,3.00756560343082,1.0405288693168102,0.0,0.2496694314564138,0.7503305685435862,Prokaryote,Activity,convolutional-protein-language-model,sequence,known-development-benchmark,available,,elastic_net,2,0.27690445625379667,0.27690445625379667,0.14819647062450708,-0.041027485984877876,True,0.24020813031656044,False,0.17340247029964898,0.17340247029964898,True
variantshift-development-v1,proteingym-v1.3,proteingym-substitutions-v1.3,CAS9_STRP1_Spencer_2017_positive,CAS9_STRP1_Spencer_2017_positive,CAS9_STRP1,CAS9_STRP1,cssf_2fb7a12de8e4,esm2_150m,0.1148333658104571,1368,1.0,1368,5349,1559.5,0.992,0.0,0.1975,1.0,2.453215993591926,0.9136365781949776,0.0,0.2102785061442451,0.7897214938557549,Prokaryote,Activity,masked-protein-language-model,sequence,known-development-benchmark,available,,elastic_net,2,0.1924601404145122,0.1924601404145122,0.1453901529555563,-0.1194512938912245,False,,False,0.07762677460405511,0.07762677460405511,True
variantshift-development-v1,proteingym-v1.3,proteingym-substitutions-v1.3,CAS9_STRP1_Spencer_2017_positive,CAS9_STRP1_Spencer_2017_positive,CAS9_STRP1,CAS9_STRP1,cssf_2fb7a12de8e4,esm2_35m,0.0076483882064967,1368,1.0,1368,5349,1559.5,0.992,0.0,0.1975,1.0,1.595028777638109,1.0918597108778267,0.0,0.2496694314564138,0.7503305685435862,Prokaryote,Activity,masked-protein-language-model,sequence,known-development-benchmark,available,,elastic_net,2,0.1388631660043151,0.1388631660043151,0.1505114352830478,-0.18403516448235346,False,,False,0.1312147777978184,0.1312147777978184,True
variantshift-development-v1,proteingym-v1.3,proteingym-substitutions-v1.3,CAS9_STRP1_Spencer_2017_positive,CAS9_STRP1_Spencer_2017_positive,CAS9_STRP1,CAS9_STRP1,cssf_2fb7a12de8e4,esm2_650m,0.1297139165379282,1368,1.0,1368,5349,1559.5,0.992,0.0,0.1975,1.0,3.3960237727673097,1.0979412137320386,0.0,0.2831383961389062,0.7168616038610938,Prokaryote,Activity,masked-protein-language-model,sequence,known-development-benchmark,available,,elastic_net,2,0.24236921722061816,0.24236921722061816,0.1453512935164623,-0.06945885034302685,False,,False,0.11265530068268997,0.11265530068268997,True
variantshift-development-v1,proteingym-v1.3,proteingym-substitutions-v1.3,CAS9_STRP1_Spencer_2017_positive,CAS9_STRP1_Spencer_2017_positive,CAS9_STRP1,CAS9_STRP1,cssf_2fb7a12de8e4,esm2_8m,-0.0005803045725101,1368,1.0,1368,5349,1559.5,0.992,0.0,0.1975,1.0,1.1756940007993009,1.339339407845742,0.0,0.3002424582579537,0.6997575417420463,Prokaryote,Activity,masked-protein-language-model,sequence,known-development-benchmark,available,,elastic_net,2,0.12141407671674004,0.12141407671674004,0.16851932554610338,-0.24011731637140316,False,,False,0.12199438128925014,0.12199438128925014,True
variantshift-development-v1,proteingym-v1.3,proteingym-substitutions-v1.3,CAS9_STRP1_Spencer_2017_positive,CAS9_STRP1_Spencer_2017_positive,CAS9_STRP1,CAS9_STRP1,cssf_2fb7a12de8e4,vespag,0.2037307864631725,1368,1.0,1368,5349,1559.5,0.992,0.0,0.1975,1.0,0.1499629972060802,2.1778818141562786,0.0,0.3417192584962585,0.6582807415037415,Prokaryote,Activity,distilled-evolutionary-variant-effect-model,sequence,known-development-benchmark,available,,elastic_net,2,0.2564292209069125,0.2564292209069125,0.18558683861980182,-0.1417178051840829,False,,False,0.052698434443740005,0.052698434443740005,True
variantshift-development-v1,proteingym-v1.3,proteingym-substitutions-v1.3,CASP3_HUMAN_Roychowdhury_2020,CASP3_HUMAN_Roychowdhury_2020,CASP3_HUMAN,CASP3_HUMAN,cssf_99e3b36fb3c0,carp_640m,0.6409793493237597,258,0.996124031007752,257,86012,28780.9,0.884,0.0,0.4023,1.0,3.527864897807929,1.7468981792684863,0.0,0.0836455922105802,0.9163544077894198,Human,Activity,convolutional-protein-language-model,sequence,known-development-benchmark,available,,elastic_net,2,0.6252786474550117,0.6252786474550117,0.16184273620169431,0.27807081422529734,True,0.992734997913577,True,-0.015700701868747946,-0.015700701868747946,True
variantshift-development-v1,proteingym-v1.3,proteingym-substitutions-v1.3,CASP3_HUMAN_Roychowdhury_2020,CASP3_HUMAN_Roychowdhury_2020,CASP3_HUMAN,CASP3_HUMAN,cssf_99e3b36fb3c0,esm2_150m,0.7132208576804496,258,0.996124031007752,257,86012,28780.9,0.884,0.0,0.4023,1.0,3.56936572880883,1.360008059959284,0.0,0.0748809586807384,0.9251190413192616,Human,Activity,masked-protein-language-model,sequence,known-development-benchmark,available,,elastic_net,2,0.5106966327250975,0.5106966327250975,0.1592289401589248,0.16909628291918904,False,,False,-0.20252422495535216,-0.20252422495535216,True
variantshift-development-v1,proteingym-v1.3,proteingym-substitutions-v1.3,CASP3_HUMAN_Roychowdhury_2020,CASP3_HUMAN_Roychowdhury_2020,CASP3_HUMAN,CASP3_HUMAN,cssf_99e3b36fb3c0,esm2_35m,0.5993635227433283,258,0.996124031007752,257,86012,28780.9,0.884,0.0,0.4023,1.0,3.008453270111231,1.1890582690533231,0.0,0.0943931223950385,0.9056068776049616,Human,Activity,masked-protein-language-model,sequence,known-development-benchmark,available,,elastic_net,2,0.42464876921918326,0.42464876921918326,0.12071188306726488,0.16568063540914135,False,,False,-0.174714753524145,-0.174714753524145,True
variantshift-development-v1,proteingym-v1.3,proteingym-substitutions-v1.3,CASP3_HUMAN_Roychowdhury_2020,CASP3_HUMAN_Roychowdhury_2020,CASP3_HUMAN,CASP3_HUMAN,cssf_99e3b36fb3c0,esm2_650m,0.644054616244123,258,0.996124031007752,257,86012,28780.9,0.884,0.0,0.4023,1.0,3.729739768369074,1.6803358308804988,0.0,0.0995595535744537,0.9004404464255462,Human,Activity,masked-protein-language-model,sequence,known-development-benchmark,available,,elastic_net,2,0.5662131917106743,0.5662131917106743,0.1716375568579553,0.19799212960984292,False,,False,-0.07784142453344867,-0.07784142453344867,True
variantshift-development-v1,proteingym-v1.3,proteingym-substitutions-v1.3,CASP3_HUMAN_Roychowdhury_2020,CASP3_HUMAN_Roychowdhury_2020,CASP3_HUMAN,CASP3_HUMAN,cssf_99e3b36fb3c0,esm2_8m,0.1363396072073994,258,0.996124031007752,257,86012,28780.9,0.884,0.0,0.4023,1.0,1.9257993358400651,0.9202498603380054,0.0,0.2501849486209406,0.7498150513790593,Human,Activity,masked-protein-language-model,sequence,known-development-benchmark,available,,elastic_net,2,0.18666555746195834,0.18666555746195834,0.12384856518713011,-0.07903182863291608,False,,False,0.05032595025455894,0.05032595025455894,True
variantshift-development-v1,proteingym-v1.3,proteingym-substitutions-v1.3,CASP3_HUMAN_Roychowdhury_2020,CASP3_HUMAN_Roychowdhury_2020,CASP3_HUMAN,CASP3_HUMAN,cssf_99e3b36fb3c0,vespag,0.6796699695570538,258,0.996124031007752,257,86012,28780.9,0.884,0.0,0.4023,1.0,0.1090084918640695,2.288837117634891,0.0,0.0930688060016677,0.9069311939983322,Human,Activity,distilled-evolutionary-variant-effect-model,sequence,known-development-benchmark,available,,elastic_net,2,0.5092332054913075,0.5092332054913075,0.1579359540717925,0.1704067515564494,False,,False,-0.17043676406574637,-0.17043676406574637,True
variantshift-development-v1,proteingym-v1.3,proteingym-substitutions-v1.3,CASP7_HUMAN_Roychowdhury_2020,CASP7_HUMAN_Roychowdhury_2020,CASP7_HUMAN,CASP7_HUMAN,cssf_99e3b36fb3c0,carp_640m,0.8471349821763141,281,0.99644128113879,280,71075,22666.7,0.854,0.0,0.3653,1.0,3.4530366227090123,1.3974925670098317,0.0,0.0776990729213997,0.9223009270786002,Human,Activity,convolutional-protein-language-model,sequence,known-development-benchmark,available,,elastic_net,2,0.5681986838553272,0.5681986838553272,0.15787297339609035,0.22950734493680602,False,,False,-0.2789362983209869,-0.2789362983209869,True
variantshift-development-v1,proteingym-v1.3,proteingym-substitutions-v1.3,CASP7_HUMAN_Roychowdhury_2020,CASP7_HUMAN_Roychowdhury_2020,CASP7_HUMAN,CASP7_HUMAN,cssf_99e3b36fb3c0,esm2_150m,0.8445121646479955,281,0.99644128113879,280,71075,22666.7,0.854,0.0,0.3653,1.0,3.564487084622812,1.15882235923264,0.0,0.0841488874231763,0.9158511125768236,Human,Activity,masked-protein-language-model,sequence,known-development-benchmark,available,,elastic_net,2,0.47631811470312335,0.47631811470312335,0.12526095356658454,0.20759067412191073,False,,False,-0.36819404994487215,-0.36819404994487215,True
variantshift-development-v1,proteingym-v1.3,proteingym-substitutions-v1.3,CASP7_HUMAN_Roychowdhury_2020,CASP7_HUMAN_Roychowdhury_2020,CASP7_HUMAN,CASP7_HUMAN,cssf_99e3b36fb3c0,esm2_35m,0.7395048193965401,281,0.99644128113879,280,71075,22666.7,0.854,0.0,0.3653,1.0,3.042087339932556,1.0043204722123558,0.0,0.1047105380412701,0.8952894619587298,Human,Activity,masked-protein-language-model,sequence,known-development-benchmark,available,,elastic_net,2,0.395394124125746,0.395394124125746,0.12270461903928684,0.1321508924319017,False,,False,-0.34411069527079413,-0.34411069527079413,True
variantshift-development-v1,proteingym-v1.3,proteingym-substitutions-v1.3,CASP7_HUMAN_Roychowdhury_2020,CASP7_HUMAN_Roychowdhury_2020,CASP7_HUMAN,CASP7_HUMAN,cssf_99e3b36fb3c0,esm2_650m,0.7676549210542067,281,0.99644128113879,280,71075,22666.7,0.854,0.0,0.3653,1.0,3.765540082092946,1.7188230333988472,0.0,0.1064176217769756,0.8935823782230243,Human,Activity,masked-protein-language-model,sequence,known-development-benchmark,available,,elastic_net,2,0.5826106852791595,0.5826106852791595,0.1830132153827484,0.18998495825081313,True,0.9036369591956772,True,-0.18504423577504725,-0.18504423577504725,True
variantshift-development-v1,proteingym-v1.3,proteingym-substitutions-v1.3,CASP7_HUMAN_Roychowdhury_2020,CASP7_HUMAN_Roychowdhury_2020,CASP7_HUMAN,CASP7_HUMAN,cssf_99e3b36fb3c0,esm2_8m,0.140905255893437,281,0.99644128113879,280,71075,22666.7,0.854,0.0,0.3653,1.0,1.8986422835616417,0.9344245168931612,0.0,0.253359387431197,0.746640612568803,Human,Activity,masked-protein-language-model,sequence,known-development-benchmark,available,,elastic_net,2,0.19657784684788127,0.19657784684788127,0.1276454907432108,-0.07726523874640323,False,,False,0.05567259095444427,0.05567259095444427,True
variantshift-development-v1,proteingym-v1.3,proteingym-substitutions-v1.3,CASP7_HUMAN_Roychowdhury_2020,CASP7_HUMAN_Roychowdhury_2020,CASP7_HUMAN,CASP7_HUMAN,cssf_99e3b36fb3c0,vespag,0.6978314659807858,281,0.99644128113879,280,71075,22666.7,0.854,0.0,0.3653,1.0,0.1174102568551719,2.0418493437105507,0.0,0.0988699042646179,0.901130095735382,Human,Activity,distilled-evolutionary-variant-effect-model,sequence,known-development-benchmark,available,,elastic_net,2,0.46940714075321754,0.46940714075321754,0.18090540840696218,0.08130337813368566,False,,False,-0.22842432522756828,-0.22842432522756828,True
variantshift-development-v1,proteingym-v1.3,proteingym-substitutions-v1.3,CATR_CHLRE_Tsuboyama_2023_2AMI,CATR_CHLRE_Tsuboyama_2023_2AMI,CATR_CHLRE,CATR_CHLRE,cssf_16d6e5408850,carp_640m,0.4447492140993179,72,1.0,72,551057,79740.7,0.903,0.0,0.4406,1.0,2.891686811685746,2.0918478226308075,0.0,0.1824288854275007,0.8175711145724993,Eukaryote,Stability,convolutional-protein-language-model,sequence,known-development-benchmark,available,,elastic_net,0,0.6441673294188238,0.6441673294188238,0.16768375407949865,0.198295933835486,False,,False,0.19941811531950593,0.19941811531950593,True
variantshift-development-v1,proteingym-v1.3,proteingym-substitutions-v1.3,CATR_CHLRE_Tsuboyama_2023_2AMI,CATR_CHLRE_Tsuboyama_2023_2AMI,CATR_CHLRE,CATR_CHLRE,cssf_16d6e5408850,esm2_150m,0.490310926144567,72,1.0,72,551057,79740.7,0.903,0.0,0.4406,1.0,5.578424998417766,1.1607753642560454,0.0,0.0307606865400411,0.9692393134599588,Eukaryote,Stability,masked-protein-language-model,sequence,known-development-benchmark,available,,elastic_net,0,0.7104981738986872,0.7104981738986872,0.18381304185870767,0.22173897388039088,False,,False,0.22018724775412019,0.22018724775412019,True
variantshift-development-v1,proteingym-v1.3,proteingym-substitutions-v1.3,CATR_CHLRE_Tsuboyama_2023_2AMI,CATR_CHLRE_Tsuboyama_2023_2AMI,CATR_CHLRE,CATR_CHLRE,cssf_16d6e5408850,esm2_35m,0.6325828801086208,72,1.0,72,551057,79740.7,0.903,0.0,0.4406,1.0,4.934082941463122,1.2158061749988875,0.0,0.0363986109005534,0.9636013890994466,Eukaryote,Stability,masked-protein-language-model,sequence,known-development-benchmark,available,,elastic_net,0,0.6552778999575013,0.6552778999575013,0.19006938686101071,0.14988306762800807,False,,False,0.02269501984888045,0.02269501984888045,True
variantshift-development-v1,proteingym-v1.3,proteingym-substitutions-v1.3,CATR_CHLRE_Tsuboyama_2023_2AMI,CATR_CHLRE_Tsuboyama_2023_2AMI,CATR_CHLRE,CATR_CHLRE,cssf_16d6e5408850,esm2_650m,0.5087731576268903,72,1.0,72,551057,79740.7,0.903,0.0,0.4406,1.0,6.097736417285124,1.197215451824933,0.0,0.0406476531244175,0.9593523468755824,Eukaryote,Stability,masked-protein-language-model,sequence,known-development-benchmark,available,,elastic_net,0,0.7684790243050778,0.7684790243050778,0.1892076809340077,0.2653754695436733,True,1.1444092716107428,True,0.2597058666781874,0.2597058666781874,True
variantshift-development-v1,proteingym-v1.3,proteingym-substitutions-v1.3,CATR_CHLRE_Tsuboyama_2023_2AMI,CATR_CHLRE_Tsuboyama_2023_2AMI,CATR_CHLRE,CATR_CHLRE,cssf_16d6e5408850,esm2_8m,0.5009904132833042,72,1.0,72,551057,79740.7,0.903,0.0,0.4406,1.0,3.2312164678806337,1.3025282867203145,0.0,0.0998723117803062,0.9001276882196938,Eukaryote,Stability,masked-protein-language-model,sequence,known-development-benchmark,available,,elastic_net,0,0.4721443054264514,0.4721443054264514,0.19353842336674856,-0.042474701043427265,False,,False,-0.028846107856852765,-0.028846107856852765,True
variantshift-development-v1,proteingym-v1.3,proteingym-substitutions-v1.3,CATR_CHLRE_Tsuboyama_2023_2AMI,CATR_CHLRE_Tsuboyama_2023_2AMI,CATR_CHLRE,CATR_CHLRE,cssf_16d6e5408850,vespag,0.5583762330427523,72,1.0,72,551057,79740.7,0.903,0.0,0.4406,1.0,0.0770924802220055,2.8703105657660712,0.0,0.0368344696855353,0.9631655303144646,Eukaryote,Stability,distilled-evolutionary-variant-effect-model,sequence,known-development-benchmark,available,,elastic_net,0,0.686466412498763,0.686466412498763,0.2333728877576059,0.06592749549392662,False,,False,0.12809017945601064,0.12809017945601064,True
variantshift-development-v1,proteingym-v1.3,proteingym-substitutions-v1.3,CBPA2_HUMAN_Tsuboyama_2023_1O6X,CBPA2_HUMAN_Tsuboyama_2023_1O6X,CBPA2_HUMAN,CBPA2_HUMAN,cssf_f46e1f61009b,carp_640m,0.5726136832396327,72,1.0,72,12711,3142.0,0.986,0.0,0.4288,0.9166666666666666,1.5987622984920593,1.5870153927359123,0.0,0.0547513873424986,0.9452486126575014,Human,Stability,convolutional-protein-language-model,sequence,known-development-benchmark,available,,elastic_net,1,0.4795749697143405,0.4795749697143405,0.12202224437974461,0.2374924953039999,False,,False,-0.0930387135252922,-0.0930387135252922,True
variantshift-development-v1,proteingym-v1.3,proteingym-substitutions-v1.3,CBPA2_HUMAN_Tsuboyama_2023_1O6X,CBPA2_HUMAN_Tsuboyama_2023_1O6X,CBPA2_HUMAN,CBPA2_HUMAN,cssf_f46e1f61009b,esm2_150m,0.5763423329578891,72,1.0,72,12711,3142.0,0.986,0.0,0.4288,0.9166666666666666,3.0238665809943845,0.9823505409293776,0.0,0.0532376810618888,0.9467623189381112,Human,Stability,masked-protein-language-model,sequence,known-development-benchmark,available,,elastic_net,1,0.393685495698451,0.393685495698451,0.1610558621056182,0.07416341335187598,False,,False,-0.18265683725943804,-0.18265683725943804,True
variantshift-development-v1,proteingym-v1.3,proteingym-substitutions-v1.3,CBPA2_HUMAN_Tsuboyama_2023_1O6X,CBPA2_HUMAN_Tsuboyama_2023_1O6X,CBPA2_HUMAN,CBPA2_HUMAN,cssf_f46e1f61009b,esm2_35m,0.6026727879294657,72,1.0,72,12711,3142.0,0.986,0.0,0.4288,0.9166666666666666,2.202308679045943,1.1952262069197197,0.0,0.0444064429076495,0.9555935570923504,Human,Stability,masked-protein-language-model,sequence,known-development-benchmark,available,,elastic_net,1,0.3908478827474608,0.3908478827474608,0.2296384356833623,-0.06473659705396334,False,,False,-0.21182490518200486,-0.21182490518200486,True
variantshift-development-v1,proteingym-v1.3,proteingym-substitutions-v1.3,CBPA2_HUMAN_Tsuboyama_2023_1O6X,CBPA2_HUMAN_Tsuboyama_2023_1O6X,CBPA2_HUMAN,CBPA2_HUMAN,cssf_f46e1f61009b,esm2_650m,0.6429327664766418,72,1.0,72,12711,3142.0,0.986,0.0,0.4288,0.9166666666666666,4.685783556259302,1.1372405062611015,0.0,0.1352121966191486,0.8647878033808514,Human,Stability,masked-protein-language-model,sequence,known-development-benchmark,available,,elastic_net,1,0.4803964415150755,0.4803964415150755,0.14045377613246285,0.2017472670202422,False,,False,-0.16253632496156628,-0.16253632496156628,True
variantshift-development-v1,proteingym-v1.3,proteingym-substitutions-v1.3,CBPA2_HUMAN_Tsuboyama_2023_1O6X,CBPA2_HUMAN_Tsuboyama_2023_1O6X,CBPA2_HUMAN,CBPA2_HUMAN,cssf_f46e1f61009b,esm2_8m,0.3700411210703701,72,1.0,72,12711,3142.0,0.986,0.0,0.4288,0.9166666666666666,1.97219184472859,1.1146054320574452,0.0,0.0799891834271406,0.9200108165728592,Human,Stability,masked-protein-language-model,sequence,known-development-benchmark,available,,elastic_net,1,0.32962052087289684,0.32962052087289684,0.16990284219267496,-0.007453269700487597,False,,False,-0.04042060019747329,-0.04042060019747329,True
variantshift-development-v1,proteingym-v1.3,proteingym-substitutions-v1.3,CBPA2_HUMAN_Tsuboyama_2023_1O6X,CBPA2_HUMAN_Tsuboyama_2023_1O6X,CBPA2_HUMAN,CBPA2_HUMAN,cssf_f46e1f61009b,vespag,0.6192756592942499,72,1.0,72,12711,3142.0,0.986,0.0,0.4288,0.9166666666666666,0.1181669874785338,2.709291113970478,0.0,0.1215562809364293,0.8784437190635707,Human,Stability,distilled-evolutionary-variant-effect-model,sequence,known-development-benchmark,available,,elastic_net,1,0.6026332003374911,0.6026332003374911,0.0800671185396883,0.44378637471549576,True,-0.497297542852596,True,-0.016642458956758754,-0.016642458956758754,True
variantshift-development-v1,proteingym-v1.3,proteingym-substitutions-v1.3,CBS_HUMAN_Sun_2020,CBS_HUMAN_Sun_2020,CBS_HUMAN,CBS_HUMAN,cssf_c188af622fce,carp_640m,0.3856055607054861,551,0.9963702359346642,549,19563,1925.9,0.833,0.0,0.2724,1.0,5.128895603560953,1.9106755998166456,0.0,0.139430930739128,0.860569069260872,Human,OrganismalFitness,convolutional-protein-language-model,sequence,known-development-benchmark,available,,elastic_net,1,0.750988930983226,0.750988930983226,0.18102535385338028,0.3918489576562947,True,0.2459549131900428,True,0.36538337027774,0.36538337027774,False
variantshift-development-v1,proteingym-v1.3,proteingym-substitutions-v1.3,CBS_HUMAN_Sun_2020,CBS_HUMAN_Sun_2020,CBS_HUMAN,CBS_HUMAN,cssf_c188af622fce,esm2_150m,0.2921525263849386,551,0.9963702359346642,549,19563,1925.9,0.833,0.0,0.2724,1.0,3.5195027519310877,1.1352587640782066,0.0,0.1133625220559715,0.8866374779440285,Human,OrganismalFitness,masked-protein-language-model,sequence,known-development-benchmark,available,,elastic_net,1,0.43556416939992704,0.43556416939992704,0.11665901879726139,0.20412191002929522,False,,False,0.14341164301498843,0.14341164301498843,True
variantshift-development-v1,proteingym-v1.3,proteingym-substitutions-v1.3,CBS_HUMAN_Sun_2020,CBS_HUMAN_Sun_2020,CBS_HUMAN,CBS_HUMAN,cssf_c188af622fce,esm2_35m,0.187506275989093,551,0.9963702359346642,549,19563,1925.9,0.833,0.0,0.2724,1.0,2.723843737185817,1.1594474480266554,0.0,0.1627505762900962,0.8372494237099037,Human,OrganismalFitness,masked-protein-language-model,sequence,known-development-benchmark,available,,elastic_net,1,0.3478245116394286,0.3478245116394286,0.11565598283659442,0.11837219622135303,False,,False,0.16031823565033562,0.16031823565033562,True
variantshift-development-v1,proteingym-v1.3,proteingym-substitutions-v1.3,CBS_HUMAN_Sun_2020,CBS_HUMAN_Sun_2020,CBS_HUMAN,CBS_HUMAN,cssf_c188af622fce,esm2_650m,0.2703350833616323,551,0.9963702359346642,549,19563,1925.9,0.833,0.0,0.2724,1.0,4.161042519257959,1.3439963454437525,0.0,0.1151288552889409,0.8848711447110591,Human,OrganismalFitness,masked-protein-language-model,sequence,known-development-benchmark,available,,elastic_net,1,0.5251203990445018,0.5251203990445018,0.17982161159081617,0.16836855508656434,False,,False,0.2547853156828695,0.2547853156828695,True
variantshift-development-v1,proteingym-v1.3,proteingym-substitutions-v1.3,CBS_HUMAN_Sun_2020,CBS_HUMAN_Sun_2020,CBS_HUMAN,CBS_HUMAN,cssf_c188af622fce,esm2_8m,-0.0099591910370852,551,0.9963702359346642,549,19563,1925.9,0.833,0.0,0.2724,1.0,1.8172556324941929,1.1772357457659977,0.0,0.2982894970401254,0.7017105029598746,Human,OrganismalFitness,masked-protein-language-model,sequence,known-development-benchmark,available,,elastic_net,1,0.18477783528902525,0.18477783528902525,0.10351444402701088,-0.020586628171288146,False,,False,0.19473702632611045,0.19473702632611045,True
variantshift-development-v1,proteingym-v1.3,proteingym-substitutions-v1.3,CBS_HUMAN_Sun_2020,CBS_HUMAN_Sun_2020,CBS_HUMAN,CBS_HUMAN,cssf_c188af622fce,vespag,0.3549882973544954,551,0.9963702359346642,549,19563,1925.9,0.833,0.0,0.2724,1.0,0.1234611159225044,2.387844476252783,0.0,0.1221925537635166,0.8778074462364833,Human,OrganismalFitness,distilled-evolutionary-variant-effect-model,sequence,known-development-benchmark,available,,elastic_net,1,0.5507116645742844,0.5507116645742844,0.08216907992272056,0.38769471394511534,False,,False,0.19572336721978906,0.19572336721978906,False
variantshift-development-v1,proteingym-v1.3,proteingym-substitutions-v1.3,CBX4_HUMAN_Tsuboyama_2023_2K28,CBX4_HUMAN_Tsuboyama_2023_2K28,CBX4_HUMAN,CBX4_HUMAN,cssf_63a1a4e89751,carp_640m,0.6175629248120089,50,1.0,50,108263,13482.4,0.96,0.0,0.4949,0.98,2.286704880543731,2.232288278873519,0.0,0.2406621655802662,0.7593378344197338,Human,Stability,convolutional-protein-language-model,sequence,known-development-benchmark,available,,elastic_net,2,0.5421165909603987,0.5421165909603987,0.08595474252064937,0.3577143705900029,False,,False,-0.07544633385161026,-0.07544633385161026,True
variantshift-development-v1,proteingym-v1.3,proteingym-substitutions-v1.3,CBX4_HUMAN_Tsuboyama_2023_2K28,CBX4_HUMAN_Tsuboyama_2023_2K28,CBX4_HUMAN,CBX4_HUMAN,cssf_63a1a4e89751,esm2_150m,0.8908479239640227,50,1.0,50,108263,13482.4,0.96,0.0,0.4949,0.98,5.396413219404308,1.79757201675539,0.0,0.0626697024170036,0.9373302975829964,Human,Stability,masked-protein-language-model,sequence,known-development-benchmark,available,,elastic_net,2,0.7529336056139704,0.7529336056139704,0.0993922312335685,0.5397033917879588,False,,False,-0.1379143183500523,-0.1379143183500523,True
variantshift-development-v1,proteingym-v1.3,proteingym-substitutions-v1.3,CBX4_HUMAN_Tsuboyama_2023_2K28,CBX4_HUMAN_Tsuboyama_2023_2K28,CBX4_HUMAN,CBX4_HUMAN,cssf_63a1a4e89751,esm2_35m,0.9620765114708812,50,1.0,50,108263,13482.4,0.96,0.0,0.4949,0.98,4.708865426978041,1.5281658046818836,0.0,0.0686605347225273,0.9313394652774728,Human,Stability,masked-protein-language-model,sequence,known-development-benchmark,available,,elastic_net,2,0.648614651708513,0.648614651708513,0.14365102020388443,0.3404342499383007,False,,False,-0.3134618597623683,-0.3134618597623683,True
variantshift-development-v1,proteingym-v1.3,proteingym-substitutions-v1.3,CBX4_HUMAN_Tsuboyama_2023_2K28,CBX4_HUMAN_Tsuboyama_2023_2K28,CBX4_HUMAN,CBX4_HUMAN,cssf_63a1a4e89751,esm2_650m,0.895259639209035,50,1.0,50,108263,13482.4,0.96,0.0,0.4949,0.98,5.534476633019481,1.8888407302243275,0.0,0.070798364968363,0.929201635031637,Human,Stability,masked-protein-language-model,sequence,known-development-benchmark,available,,elastic_net,2,0.7744388036265148,0.7744388036265148,0.0950106337852557,0.5706086097940951,True,-0.10177272215378658,True,-0.1208208355825201,-0.1208208355825201,True
variantshift-development-v1,proteingym-v1.3,proteingym-substitutions-v1.3,CBX4_HUMAN_Tsuboyama_2023_2K28,CBX4_HUMAN_Tsuboyama_2023_2K28,CBX4_HUMAN,CBX4_HUMAN,cssf_63a1a4e89751,esm2_8m,0.0899198756262414,50,1.0,50,108263,13482.4,0.96,0.0,0.4949,0.98,1.0785131325489763,1.78847185795854,0.0,0.6399614343890806,0.3600385656109194,Human,Stability,masked-protein-language-model,sequence,known-development-benchmark,available,,elastic_net,2,0.039999181779656556,0.039999181779656556,0.13157245750477725,-0.2422685860243342,False,,False,-0.049920693846584846,-0.049920693846584846,True
variantshift-development-v1,proteingym-v1.3,proteingym-substitutions-v1.3,CBX4_HUMAN_Tsuboyama_2023_2K28,CBX4_HUMAN_Tsuboyama_2023_2K28,CBX4_HUMAN,CBX4_HUMAN,cssf_63a1a4e89751,vespag,0.8132751332676253,50,1.0,50,108263,13482.4,0.96,0.0,0.4949,0.98,0.0544729430439307,3.0480338364057413,0.0,0.0701879270667357,0.9298120729332644,Human,Stability,distilled-evolutionary-variant-effect-model,sequence,known-development-benchmark,available,,elastic_net,2,0.6893725808892464,0.6893725808892464,0.05320570534303229,0.5752282077702043,False,,False,-0.123902552378379,-0.123902552378379,True
variantshift-development-v1,proteingym-v1.3,proteingym-substitutions-v1.3,CCDB_ECOLI_Adkar_2012,CCDB_ECOLI_Adkar_2012,CCDB_ECOLI,CCDB_ECOLI,cssf_e2b2659337b1,carp_640m,0.1598020257367375,101,0.99009900990099,100,43564,17050.6,0.851,0.0,0.4213,1.0,2.689716482256725,1.3510668282421834,0.0,0.2015882722509998,0.7984117277490002,Prokaryote,Activity,convolutional-protein-language-model,sequence,known-development-benchmark,available,,elastic_net,0,0.4183610506380748,0.4183610506380748,0.1265545592942775,0.08185225597439028,False,,False,0.2585590249013373,0.2585590249013373,True
variantshift-development-v1,proteingym-v1.3,proteingym-substitutions-v1.3,CCDB_ECOLI_Adkar_2012,CCDB_ECOLI_Adkar_2012,CCDB_ECOLI,CCDB_ECOLI,cssf_e2b2659337b1,esm2_150m,0.1254374126454387,101,0.99009900990099,100,43564,17050.6,0.851,0.0,0.4213,1.0,2.887960173758034,1.4114600501744687,0.0,0.1803635500368733,0.8196364499631267,Prokaryote,Activity,masked-protein-language-model,sequence,known-development-benchmark,available,,elastic_net,0,0.4154828653081009,0.4154828653081009,0.15337839962558766,0.0076494322554423455,False,,False,0.29004545266266224,0.29004545266266224,True
variantshift-development-v1,proteingym-v1.3,proteingym-substitutions-v1.3,CCDB_ECOLI_Adkar_2012,CCDB_ECOLI_Adkar_2012,CCDB_ECOLI,CCDB_ECOLI,cssf_e2b2659337b1,esm2_35m,-0.2135551769114345,101,0.99009900990099,100,43564,17050.6,0.851,0.0,0.4213,1.0,0.8383717834902799,1.8154643481035104,0.0,0.3545638632749419,0.6454361367250581,Prokaryote,Activity,masked-protein-language-model,sequence,known-development-benchmark,available,,elastic_net,0,0.22448873632976304,0.22448873632976304,0.18739791264910896,-0.2738026413945761,False,,False,0.4380439132411975,0.4380439132411975,True
variantshift-development-v1,proteingym-v1.3,proteingym-substitutions-v1.3,CCDB_ECOLI_Adkar_2012,CCDB_ECOLI_Adkar_2012,CCDB_ECOLI,CCDB_ECOLI,cssf_e2b2659337b1,esm2_650m,0.4318552127095186,101,0.99009900990099,100,43564,17050.6,0.851,0.0,0.4213,1.0,3.058187084035858,1.3122908511403384,0.0,0.1590057554864532,0.8409942445135468,Prokaryote,Activity,masked-protein-language-model,sequence,known-development-benchmark,available,,elastic_net,0,0.41816030095205436,0.41816030095205436,0.15540649850695604,0.004934149424187961,False,,False,-0.013694911757464234,-0.013694911757464234,True
variantshift-development-v1,proteingym-v1.3,proteingym-substitutions-v1.3,CCDB_ECOLI_Adkar_2012,CCDB_ECOLI_Adkar_2012,CCDB_ECOLI,CCDB_ECOLI,cssf_e2b2659337b1,esm2_8m,-0.2779888264576197,101,0.99009900990099,100,43564,17050.6,0.851,0.0,0.4213,1.0,0.820504261305422,1.800097405825371,0.0,0.3590639965380754,0.6409360034619246,Prokaryote,Activity,masked-protein-language-model,sequence,known-development-benchmark,available,,elastic_net,0,0.21672423916761188,0.21672423916761188,0.18739791264910896,-0.2815671385567272,False,,False,0.49471306562523154,0.49471306562523154,True
variantshift-development-v1,proteingym-v1.3,proteingym-substitutions-v1.3,CCDB_ECOLI_Adkar_2012,CCDB_ECOLI_Adkar_2012,CCDB_ECOLI,CCDB_ECOLI,cssf_e2b2659337b1,vespag,0.4927092150586933,101,0.99009900990099,100,43564,17050.6,0.851,0.0,0.4213,1.0,0.0909496298574462,2.523812300171995,0.0,0.1520344082245056,0.8479655917754944,Prokaryote,Activity,distilled-evolutionary-variant-effect-model,sequence,known-development-benchmark,available,,elastic_net,0,0.5367612157714721,0.5367612157714721,0.07287880961277697,0.3429763334560654,True,0.49144427291882486,True,0.04405200071277876,0.04405200071277876,True
variantshift-development-v1,proteingym-v1.3,proteingym-substitutions-v1.3,CCR5_HUMAN_Gill_2023,CCR5_HUMAN_Gill_2023,CCR5_HUMAN,CCR5_HUMAN,cssf_516e14d168fd,carp_640m,0.4241207239723271,352,0.9176136363636364,323,632074,64326.0,0.83,0.0,0.2757,1.0,4.2879369885521585,1.4486947516736683,0.0,0.0914198086865969,0.9085801913134032,Human,Binding,convolutional-protein-language-model,sequence,known-development-benchmark,available,,elastic_net,0,0.6512853105284548,0.6512853105284548,0.3338926784061263,-0.2365359057440385,True,1.7040630456839037,False,0.22716458655612776,0.22716458655612776,True
variantshift-development-v1,proteingym-v1.3,proteingym-substitutions-v1.3,CCR5_HUMAN_Gill_2023,CCR5_HUMAN_Gill_2023,CCR5_HUMAN,CCR5_HUMAN,cssf_516e14d168fd,esm2_150m,0.3867627845263315,352,0.9176136363636364,323,632074,64326.0,0.83,0.0,0.2757,1.0,3.3652510670959264,1.1489721971666536,0.0,0.0801681163805783,0.9198318836194216,Human,Binding,masked-protein-language-model,sequence,known-development-benchmark,available,,elastic_net,0,0.4384531259968841,0.4384531259968841,0.2741263743659065,-0.2904493832275962,False,,False,0.05169034147055257,0.05169034147055257,True
variantshift-development-v1,proteingym-v1.3,proteingym-substitutions-v1.3,CCR5_HUMAN_Gill_2023,CCR5_HUMAN_Gill_2023,CCR5_HUMAN,CCR5_HUMAN,cssf_516e14d168fd,esm2_35m,0.3404188851103597,352,0.9176136363636364,323,632074,64326.0,0.83,0.0,0.2757,1.0,2.952774459165728,1.0430916716973269,0.0,0.0659753211753663,0.9340246788246336,Human,Binding,masked-protein-language-model,sequence,known-development-benchmark,available,,elastic_net,0,0.37613291701827223,0.37613291701827223,0.2652712685537312,-0.3292238503531191,False,,False,0.0357140319079125,0.0357140319079125,True
variantshift-development-v1,proteingym-v1.3,proteingym-substitutions-v1.3,CCR5_HUMAN_Gill_2023,CCR5_HUMAN_Gill_2023,CCR5_HUMAN,CCR5_HUMAN,cssf_516e14d168fd,esm2_650m,0.2993547192561465,352,0.9176136363636364,323,632074,64326.0,0.83,0.0,0.2757,1.0,3.74984906685537,1.232790473705292,0.0,0.0709601510899076,0.9290398489100924,Human,Binding,masked-protein-language-model,sequence,known-development-benchmark,available,,elastic_net,0,0.503252523958016,0.503252523958016,0.24251241092467193,-0.141588401144361,False,,False,0.20389780470186952,0.20389780470186952,True
variantshift-development-v1,proteingym-v1.3,proteingym-substitutions-v1.3,CCR5_HUMAN_Gill_2023,CCR5_HUMAN_Gill_2023,CCR5_HUMAN,CCR5_HUMAN,cssf_516e14d168fd,esm2_8m,0.2785970231709954,352,0.9176136363636364,323,632074,64326.0,0.83,0.0,0.2757,1.0,2.7018842249477553,0.98778601419697,0.0,0.1118987939258983,0.8881012060741017,Human,Binding,masked-protein-language-model,sequence,known-development-benchmark,available,,elastic_net,0,0.3151833107191587,0.3151833107191587,0.23473993194718784,-0.30899057917842443,False,,False,0.03658628754816334,0.03658628754816334,True
variantshift-development-v1,proteingym-v1.3,proteingym-substitutions-v1.3,CCR5_HUMAN_Gill_2023,CCR5_HUMAN_Gill_2023,CCR5_HUMAN,CCR5_HUMAN,cssf_516e14d168fd,vespag,0.4371895750531251,352,0.9176136363636364,323,632074,64326.0,0.83,0.0,0.2757,1.0,0.0802956391552799,2.574224912243513,0.0,0.088727527387614,0.911272472612386,Human,Binding,distilled-evolutionary-variant-effect-model,sequence,known-development-benchmark,available,,elastic_net,0,0.5704971736913347,0.5704971736913347,0.33317796283062845,-0.31542361261498975,False,,False,0.13330759863820957,0.13330759863820957,True
variantshift-development-v1,proteingym-v1.3,proteingym-substitutions-v1.3,CD19_HUMAN_Klesmith_2019_FMC_singles,CD19_HUMAN_Klesmith_2019_FMC_singles,CD19_HUMAN,CD19_HUMAN,cssf_1ca77773c7d8,carp_640m,0.3195174505324564,556,0.4892086330935252,272,1183,277.4,1.0,0.0,0.1962,1.0,2.663464326457784,1.0598894320016368,0.0,0.1406549218156856,0.8593450781843144,Human,Binding,convolutional-protein-language-model,sequence,known-development-benchmark,available,,elastic_net,0,0.2917253881000852,0.2917253881000852,0.22269416714909127,-0.30041879211644174,False,,False,-0.0277920624323712,-0.0277920624323712,True
variantshift-development-v1,proteingym-v1.3,proteingym-substitutions-v1.3,CD19_HUMAN_Klesmith_2019_FMC_singles,CD19_HUMAN_Klesmith_2019_FMC_singles,CD19_HUMAN,CD19_HUMAN,cssf_1ca77773c7d8,esm2_150m,0.1441614377776676,556,0.4892086330935252,272,1183,277.4,1.0,0.0,0.1962,1.0,2.1945836316390053,1.0662964485135016,0.0,0.0863224803463147,0.9136775196536852,Human,Binding,masked-protein-language-model,sequence,known-development-benchmark,available,,elastic_net,0,0.22204066437131742,0.22204066437131742,0.2540938907775706,-0.4535954359302268,False,,False,0.07787922659364982,0.07787922659364982,True
variantshift-development-v1,proteingym-v1.3,proteingym-substitutions-v1.3,CD19_HUMAN_Klesmith_2019_FMC_singles,CD19_HUMAN_Klesmith_2019_FMC_singles,CD19_HUMAN,CD19_HUMAN,cssf_1ca77773c7d8,esm2_35m,0.3209276594405303,556,0.4892086330935252,272,1183,277.4,1.0,0.0,0.1962,1.0,2.0860034127077105,1.1024528203046406,0.0,0.075600547825556,0.924399452174444,Human,Binding,masked-protein-language-model,sequence,known-development-benchmark,available,,elastic_net,0,0.22486310428969325,0.22486310428969325,0.29145239093394804,-0.5501093133138076,False,,False,-0.09606455515083706,-0.09606455515083706,True
variantshift-development-v1,proteingym-v1.3,proteingym-substitutions-v1.3,CD19_HUMAN_Klesmith_2019_FMC_singles,CD19_HUMAN_Klesmith_2019_FMC_singles,CD19_HUMAN,CD19_HUMAN,cssf_1ca77773c7d8,esm2_650m,0.0926306797594768,556,0.4892086330935252,272,1183,277.4,1.0,0.0,0.1962,1.0,2.5980078214385407,0.9937036929660612,0.0,0.1130851064852207,0.8869148935147793,Human,Binding,masked-protein-language-model,sequence,known-development-benchmark,available,,elastic_net,0,0.23303639255738817,0.23303639255738817,0.1946128041027393,-0.2844393941699085,False,,False,0.14040571279791136,0.14040571279791136,True
variantshift-development-v1,proteingym-v1.3,proteingym-substitutions-v1.3,CD19_HUMAN_Klesmith_2019_FMC_singles,CD19_HUMAN_Klesmith_2019_FMC_singles,CD19_HUMAN,CD19_HUMAN,cssf_1ca77773c7d8,esm2_8m,0.1579320571125059,556,0.4892086330935252,272,1183,277.4,1.0,0.0,0.1962,1.0,1.823896435722378,1.1548752879923772,0.0,0.1130851064852207,0.8869148935147793,Human,Binding,masked-protein-language-model,sequence,known-development-benchmark,available,,elastic_net,0,0.19357107019294556,0.19357107019294556,0.19224821367568096,-0.31761726645021443,False,,False,0.03563901308043965,0.03563901308043965,True
variantshift-development-v1,proteingym-v1.3,proteingym-substitutions-v1.3,CD19_HUMAN_Klesmith_2019_FMC_singles,CD19_HUMAN_Klesmith_2019_FMC_singles,CD19_HUMAN,CD19_HUMAN,cssf_1ca77773c7d8,vespag,0.3068309884296251,556,0.4892086330935252,272,1183,277.4,1.0,0.0,0.1962,1.0,0.0700008718962249,2.2938836096619175,0.0,0.2489637842329034,0.7510362157670966,Human,Binding,distilled-evolutionary-variant-effect-model,sequence,known-development-benchmark,available,,elastic_net,0,0.35271495126143637,0.35271495126143637,0.11097367650619372,0.057635751201470686,True,-0.7881900361217388,True,0.04588396283181129,0.04588396283181129,True
variantshift-development-v1,proteingym-v1.3,proteingym-substitutions-v1.3,CP2C9_HUMAN_Amorosi_2021_abundance,CP2C9_HUMAN_Amorosi_2021_abundance,CP2C9_HUMAN,CP2C9_HUMAN,cssf_1d3a8e32222c,carp_640m,0.8103419376642587,490,0.9918367346938776,486,264279,81087.0,0.886,0.0,0.2588,1.0,3.655330884743322,1.8490833668511713,0.0,0.1217832994820982,0.8782167005179018,Human,Expression,convolutional-protein-language-model,sequence,known-development-benchmark,available,,elastic_net,3,0.563625972017244,0.563625972017244,0.21110009818970144,0.19271438772205918,True,1.821161668488464,True,-0.2467159656470147,-0.2467159656470147,True
variantshift-development-v1,proteingym-v1.3,proteingym-substitutions-v1.3,CP2C9_HUMAN_Amorosi_2021_abundance,CP2C9_HUMAN_Amorosi_2021_abundance,CP2C9_HUMAN,CP2C9_HUMAN,cssf_1d3a8e32222c,esm2_150m,0.7913313581279716,490,0.9918367346938776,486,264279,81087.0,0.886,0.0,0.2588,1.0,3.4058995459137185,1.4528564883857926,0.0,0.0775659639347116,0.9224340360652884,Human,Expression,masked-protein-language-model,sequence,known-development-benchmark,available,,elastic_net,3,0.41777207094022123,0.41777207094022123,0.1726818073256958,0.11436300915677983,False,,False,-0.3735592871877504,-0.3735592871877504,True
variantshift-development-v1,proteingym-v1.3,proteingym-substitutions-v1.3,CP2C9_HUMAN_Amorosi_2021_abundance,CP2C9_HUMAN_Amorosi_2021_abundance,CP2C9_HUMAN,CP2C9_HUMAN,cssf_1d3a8e32222c,esm2_35m,0.7762954479889091,490,0.9918367346938776,486,264279,81087.0,0.886,0.0,0.2588,1.0,3.1915181395204772,1.340256609280687,0.0,0.0802728021585117,0.9197271978414884,Human,Expression,masked-protein-language-model,sequence,known-development-benchmark,available,,elastic_net,3,0.37125515912926943,0.37125515912926943,0.14189365466044856,0.12194215215830265,False,,False,-0.4050402888596397,-0.4050402888596397,True
variantshift-development-v1,proteingym-v1.3,proteingym-substitutions-v1.3,CP2C9_HUMAN_Amorosi_2021_abundance,CP2C9_HUMAN_Amorosi_2021_abundance,CP2C9_HUMAN,CP2C9_HUMAN,cssf_1d3a8e32222c,esm2_650m,0.858641519623652,490,0.9918367346938776,486,264279,81087.0,0.886,0.0,0.2588,1.0,3.5569360895528037,1.610130139060636,0.0,0.0779655254872098,0.9220344745127902,Human,Expression,masked-protein-language-model,sequence,known-development-benchmark,available,,elastic_net,3,0.466821737301263,0.466821737301263,0.17444074460772488,0.16032215012466422,False,,False,-0.391819782322389,-0.391819782322389,True
variantshift-development-v1,proteingym-v1.3,proteingym-substitutions-v1.3,CP2C9_HUMAN_Amorosi_2021_abundance,CP2C9_HUMAN_Amorosi_2021_abundance,CP2C9_HUMAN,CP2C9_HUMAN,cssf_1d3a8e32222c,esm2_8m,0.59993149883562,490,0.9918367346938776,486,264279,81087.0,0.886,0.0,0.2588,1.0,2.497872856669936,1.1918891773833222,0.0,0.1439889542180785,0.8560110457819214,Human,Expression,masked-protein-language-model,sequence,known-development-benchmark,available,,elastic_net,3,0.24079263702642695,0.24079263702642695,0.13825610535257954,-0.0021290456945572134,False,,False,-0.3591388618091931,-0.3591388618091931,True
variantshift-development-v1,proteingym-v1.3,proteingym-substitutions-v1.3,CP2C9_HUMAN_Amorosi_2021_abundance,CP2C9_HUMAN_Amorosi_2021_abundance,CP2C9_HUMAN,CP2C9_HUMAN,cssf_1d3a8e32222c,vespag,0.8419889586024428,490,0.9918367346938776,486,264279,81087.0,0.886,0.0,0.2588,1.0,0.1104983742251218,2.4556970945065784,0.0,0.1125092040553696,0.8874907959446303,Human,Expression,distilled-evolutionary-variant-effect-model,sequence,known-development-benchmark,available,,elastic_net,3,0.4616175122168396,0.4616175122168396,0.14367442981299666,0.20917560981299832,False,,False,-0.3803714463856032,-0.3803714463856032,True
variantshift-development-v1,proteingym-v1.3,proteingym-substitutions-v1.3,CP2C9_HUMAN_Amorosi_2021_activity,CP2C9_HUMAN_Amorosi_2021_activity,CP2C9_HUMAN,CP2C9_HUMAN,cssf_1d3a8e32222c,carp_640m,0.9914829563937072,490,0.973469387755102,477,264279,81087.0,0.886,0.0,0.2588,1.0,3.5537657656865123,1.8329003615120036,0.0,0.123870709501703,0.8761292904982969,Human,Binding,convolutional-protein-language-model,sequence,known-development-benchmark,available,,elastic_net,3,0.5502882019197615,0.5502882019197615,0.09669799636906742,0.38038583172195084,True,1.8178272259640935,True,-0.44119475447394574,-0.44119475447394574,True
variantshift-development-v1,proteingym-v1.3,proteingym-substitutions-v1.3,CP2C9_HUMAN_Amorosi_2021_activity,CP2C9_HUMAN_Amorosi_2021_activity,CP2C9_HUMAN,CP2C9_HUMAN,cssf_1d3a8e32222c,esm2_150m,1.0231939802448753,490,0.973469387755102,477,264279,81087.0,0.886,0.0,0.2588,1.0,3.368489980269622,1.455901933774335,0.0,0.0794366373511592,0.9205633626488408,Human,Binding,masked-protein-language-model,sequence,known-development-benchmark,available,,elastic_net,3,0.41480656668796884,0.41480656668796884,0.09467295768323994,0.24846227303138435,False,,False,-0.6083874135569065,-0.6083874135569065,True
variantshift-development-v1,proteingym-v1.3,proteingym-substitutions-v1.3,CP2C9_HUMAN_Amorosi_2021_activity,CP2C9_HUMAN_Amorosi_2021_activity,CP2C9_HUMAN,CP2C9_HUMAN,cssf_1d3a8e32222c,esm2_35m,0.9797527645822912,490,0.973469387755102,477,264279,81087.0,0.886,0.0,0.2588,1.0,3.12485803116579,1.3591383403465336,0.0,0.0846609025628862,0.9153390974371136,Human,Binding,masked-protein-language-model,sequence,known-development-benchmark,available,,elastic_net,3,0.36782652958185,0.36782652958185,0.06925196980228025,0.24614796071712375,False,,False,-0.6119262350004412,-0.6119262350004412,True
variantshift-development-v1,proteingym-v1.3,proteingym-substitutions-v1.3,CP2C9_HUMAN_Amorosi_2021_activity,CP2C9_HUMAN_Amorosi_2021_activity,CP2C9_HUMAN,CP2C9_HUMAN,cssf_1d3a8e32222c,esm2_650m,1.108111639028626,490,0.973469387755102,477,264279,81087.0,0.886,0.0,0.2588,1.0,3.4980510517153265,1.6234447101396845,0.0,0.0794591489210776,0.9205408510789224,Human,Binding,masked-protein-language-model,sequence,known-development-benchmark,available,,elastic_net,3,0.46435986307494637,0.46435986307494637,0.08509714498821333,0.31484066750256323,False,,False,-0.6437517759536797,-0.6437517759536797,True
variantshift-development-v1,proteingym-v1.3,proteingym-substitutions-v1.3,CP2C9_HUMAN_Amorosi_2021_activity,CP2C9_HUMAN_Amorosi_2021_activity,CP2C9_HUMAN,CP2C9_HUMAN,cssf_1d3a8e32222c,esm2_8m,0.737018056934055,490,0.973469387755102,477,264279,81087.0,0.886,0.0,0.2588,1.0,2.489160673885293,1.208694447710886,0.0,0.1452738716410352,0.8547261283589648,Human,Binding,masked-protein-language-model,sequence,known-development-benchmark,available,,elastic_net,3,0.24387496617410542,0.24387496617410542,0.06379943843711429,0.13177671993554627,False,,False,-0.49314309075994955,-0.49314309075994955,True
variantshift-development-v1,proteingym-v1.3,proteingym-substitutions-v1.3,CP2C9_HUMAN_Amorosi_2021_activity,CP2C9_HUMAN_Amorosi_2021_activity,CP2C9_HUMAN,CP2C9_HUMAN,cssf_1d3a8e32222c,vespag,1.045074295780641,490,0.973469387755102,477,264279,81087.0,0.886,0.0,0.2588,1.0,0.1089328090326668,2.465754790385954,0.0,0.1127982955204645,0.8872017044795355,Human,Binding,distilled-evolutionary-variant-effect-model,sequence,known-development-benchmark,available,,elastic_net,3,0.46436436175742707,0.46436436175742707,0.036328112241761405,0.4005343693434189,False,,False,-0.5807099340232138,-0.5807099340232138,True
variantshift-development-v1,proteingym-v1.3,proteingym-substitutions-v1.3,CSN4_MOUSE_Tsuboyama_2023_1UFM,CSN4_MOUSE_Tsuboyama_2023_1UFM,CSN4_MOUSE,CSN4_MOUSE,cssf_322a3fa1e236,carp_640m,0.671552339688106,72,1.0,72,39217,3472.5,0.889,0.0,0.5514,0.9710144927536232,2.621072246167301,2.0080593314753883,0.0,0.1705955648653776,0.8294044351346224,Eukaryote,Stability,convolutional-protein-language-model,sequence,known-development-benchmark,available,,elastic_net,4,0.6208845604010682,0.6208845604010682,0.14690871659845106,0.1862227988956608,False,,False,-0.050667779287037806,-0.050667779287037806,True
variantshift-development-v1,proteingym-v1.3,proteingym-substitutions-v1.3,CSN4_MOUSE_Tsuboyama_2023_1UFM,CSN4_MOUSE_Tsuboyama_2023_1UFM,CSN4_MOUSE,CSN4_MOUSE,cssf_322a3fa1e236,esm2_150m,0.7025162760051481,72,1.0,72,39217,3472.5,0.889,0.0,0.5514,0.9710144927536232,4.420890459133119,1.763186258483307,0.0,0.1676065040219406,0.8323934959780593,Eukaryote,Stability,masked-protein-language-model,sequence,known-development-benchmark,available,,elastic_net,4,0.6786838777690699,0.6786838777690699,0.17254451140031682,0.16817297685127974,False,,False,-0.02383239823607819,-0.02383239823607819,True
variantshift-development-v1,proteingym-v1.3,proteingym-substitutions-v1.3,CSN4_MOUSE_Tsuboyama_2023_1UFM,CSN4_MOUSE_Tsuboyama_2023_1UFM,CSN4_MOUSE,CSN4_MOUSE,cssf_322a3fa1e236,esm2_35m,0.791303856747284,72,1.0,72,39217,3472.5,0.889,0.0,0.5514,0.9710144927536232,2.558229591588117,1.5778851249125034,0.0,0.1222216596891092,0.8777783403108907,Eukaryote,Stability,masked-protein-language-model,sequence,known-development-benchmark,available,,elastic_net,4,0.5074630746012553,0.5074630746012553,0.12665145907030012,0.13273686657646144,False,,False,-0.2838407821460287,-0.2838407821460287,True
variantshift-development-v1,proteingym-v1.3,proteingym-substitutions-v1.3,CSN4_MOUSE_Tsuboyama_2023_1UFM,CSN4_MOUSE_Tsuboyama_2023_1UFM,CSN4_MOUSE,CSN4_MOUSE,cssf_322a3fa1e236,esm2_650m,0.5357602339985665,72,1.0,72,39217,3472.5,0.889,0.0,0.5514,0.9710144927536232,5.257354854979007,1.5212532238527734,0.0,0.181235632233518,0.818764367766482,Eukaryote,Stability,masked-protein-language-model,sequence,known-development-benchmark,available,,elastic_net,4,0.6805402122029504,0.6805402122029504,0.15388355040371465,0.22524187025357967,False,,False,0.14477997820438382,0.14477997820438382,True
variantshift-development-v1,proteingym-v1.3,proteingym-substitutions-v1.3,CSN4_MOUSE_Tsuboyama_2023_1UFM,CSN4_MOUSE_Tsuboyama_2023_1UFM,CSN4_MOUSE,CSN4_MOUSE,cssf_322a3fa1e236,esm2_8m,0.4062309230437989,72,1.0,72,39217,3472.5,0.889,0.0,0.5514,0.9710144927536232,1.2412314334875505,1.6013059012894717,0.0,0.2960955437187101,0.7039044562812898,Eukaryote,Stability,masked-protein-language-model,sequence,known-development-benchmark,available,,elastic_net,4,0.2760593888848083,0.2760593888848083,0.1614869706368423,-0.2017353447594849,False,,False,-0.13017153415899058,-0.13017153415899058,True
variantshift-development-v1,proteingym-v1.3,proteingym-substitutions-v1.3,CSN4_MOUSE_Tsuboyama_2023_1UFM,CSN4_MOUSE_Tsuboyama_2023_1UFM,CSN4_MOUSE,CSN4_MOUSE,cssf_322a3fa1e236,vespag,0.7186822116175953,72,1.0,72,39217,3472.5,0.889,0.0,0.5514,0.9710144927536232,0.0765872047118823,3.0513143119822885,0.0,0.1448606260311262,0.8551393739688737,Eukaryote,Stability,distilled-evolutionary-variant-effect-model,sequence,known-development-benchmark,available,,elastic_net,4,0.706435643677694,0.706435643677694,0.10578146189616397,0.3934579141936114,True,-0.41998712688521994,True,-0.01224656793990131,-0.01224656793990131,True
variantshift-development-v1,proteingym-v1.3,proteingym-substitutions-v1.3,CUE1_YEAST_Tsuboyama_2023_2MYX,CUE1_YEAST_Tsuboyama_2023_2MYX,CUE1_YEAST,CUE1_YEAST,cssf_265b55e38391,carp_640m,0.4783888046652909,52,1.0,52,3213,397.2,0.923,0.0,0.6629,1.0,2.233326770072455,1.6045600006034717,0.0,0.1753496789940787,0.8246503210059213,Eukaryote,Stability,convolutional-protein-language-model,sequence,known-development-benchmark,available,,elastic_net,2,0.4835134770217183,0.4835134770217183,0.13862654391011553,0.186112289493778,False,,False,0.00512467235642744,0.00512467235642744,True
variantshift-development-v1,proteingym-v1.3,proteingym-substitutions-v1.3,CUE1_YEAST_Tsuboyama_2023_2MYX,CUE1_YEAST_Tsuboyama_2023_2MYX,CUE1_YEAST,CUE1_YEAST,cssf_265b55e38391,esm2_150m,0.3729689626238666,52,1.0,52,3213,397.2,0.923,0.0,0.6629,1.0,2.731113978375111,1.4919915377084618,0.0,0.1232435108390885,0.8767564891609114,Eukaryote,Stability,masked-protein-language-model,sequence,known-development-benchmark,available,,elastic_net,2,0.4844746828837919,0.4844746828837919,0.1917777389530803,0.07304606541028358,False,,False,0.11150572025992533,0.11150572025992533,True
variantshift-development-v1,proteingym-v1.3,proteingym-substitutions-v1.3,CUE1_YEAST_Tsuboyama_2023_2MYX,CUE1_YEAST_Tsuboyama_2023_2MYX,CUE1_YEAST,CUE1_YEAST,cssf_265b55e38391,esm2_35m,0.2456757334754985,52,1.0,52,3213,397.2,0.923,0.0,0.6629,1.0,2.37917837647654,1.4594302813605953,0.0,0.1614672721423381,0.8385327278576619,Eukaryote,Stability,masked-protein-language-model,sequence,known-development-benchmark,available,,elastic_net,2,0.42648463567411943,0.42648463567411943,0.1472472878239095,0.11058901407156957,False,,False,0.18080890219862092,0.18080890219862092,True
variantshift-development-v1,proteingym-v1.3,proteingym-substitutions-v1.3,CUE1_YEAST_Tsuboyama_2023_2MYX,CUE1_YEAST_Tsuboyama_2023_2MYX,CUE1_YEAST,CUE1_YEAST,cssf_265b55e38391,esm2_650m,0.4953064298346739,52,1.0,52,3213,397.2,0.923,0.0,0.6629,1.0,3.24564295849815,1.3186418355063918,0.0,0.126993345011623,0.8730066549883769,Eukaryote,Stability,masked-protein-language-model,sequence,known-development-benchmark,available,,elastic_net,2,0.48439683846634685,0.48439683846634685,0.19385877841315668,0.0685036820289262,False,,False,-0.010909591368327032,-0.010909591368327032,True
variantshift-development-v1,proteingym-v1.3,proteingym-substitutions-v1.3,CUE1_YEAST_Tsuboyama_2023_2MYX,CUE1_YEAST_Tsuboyama_2023_2MYX,CUE1_YEAST,CUE1_YEAST,cssf_265b55e38391,esm2_8m,0.1727528510654159,52,1.0,52,3213,397.2,0.923,0.0,0.6629,1.0,1.3305029580250238,1.8821046057291488,0.0,0.2713581478204243,0.7286418521795757,Eukaryote,Stability,masked-protein-language-model,sequence,known-development-benchmark,available,,elastic_net,2,0.35675320804351485,0.35675320804351485,0.1450056323113733,0.04566670158336572,False,,False,0.18400035697809894,0.18400035697809894,True
variantshift-development-v1,proteingym-v1.3,proteingym-substitutions-v1.3,CUE1_YEAST_Tsuboyama_2023_2MYX,CUE1_YEAST_Tsuboyama_2023_2MYX,CUE1_YEAST,CUE1_YEAST,cssf_265b55e38391,vespag,0.8319142521172496,52,1.0,52,3213,397.2,0.923,0.0,0.6629,1.0,0.0691929752478113,2.8004017961274723,0.0,0.2163446775570975,0.7836553224429025,Eukaryote,Stability,distilled-evolutionary-variant-effect-model,sequence,known-development-benchmark,available,,elastic_net,2,0.5590213462322073,0.5590213462322073,0.0820012846733246,0.3831006404799528,True,-1.879038782494701,True,-0.2728929058850422,-0.2728929058850422,True
variantshift-development-v1,proteingym-v1.3,proteingym-substitutions-v1.3,D7PM05_CLYGR_Somermeyer_2022,D7PM05_CLYGR_Somermeyer_2022,D7PM05_CLYGR,D7PM05_CLYGR,cssf_cba7b508de0e,carp_640m,-0.2359840891636538,235,0.9957446808510638,234,694,141.6,1.0,0.0,0.3112,1.0,0.4472700666567714,1.6344716010029834,0.0,0.0533275383180344,0.9466724616819656,Eukaryote,Activity,convolutional-protein-language-model,sequence,known-development-benchmark,available,,elastic_net,1,0.37140120364665363,0.37140120364665363,0.3671649523833896,-0.35702499963731404,False,,False,0.6073852928103074,0.6073852928103074,True
variantshift-development-v1,proteingym-v1.3,proteingym-substitutions-v1.3,D7PM05_CLYGR_Somermeyer_2022,D7PM05_CLYGR_Somermeyer_2022,D7PM05_CLYGR,D7PM05_CLYGR,cssf_cba7b508de0e,esm2_150m,-0.2816273091580595,235,0.9957446808510638,234,694,141.6,1.0,0.0,0.3112,1.0,1.3041316583006275,1.555341247472491,0.0,0.0533275383180344,0.9466724616819656,Eukaryote,Activity,masked-protein-language-model,sequence,known-development-benchmark,available,,elastic_net,1,0.361832116984797,0.361832116984797,0.34357138492477673,-0.31978631596531837,False,,False,0.6434594261428566,0.6434594261428566,True
variantshift-development-v1,proteingym-v1.3,proteingym-substitutions-v1.3,D7PM05_CLYGR_Somermeyer_2022,D7PM05_CLYGR_Somermeyer_2022,D7PM05_CLYGR,D7PM05_CLYGR,cssf_cba7b508de0e,esm2_35m,-0.2598546629546408,235,0.9957446808510638,234,694,141.6,1.0,0.0,0.3112,1.0,1.335008902820046,1.5392262101593872,0.0,0.041788079139976,0.958211920860024,Eukaryote,Activity,masked-protein-language-model,sequence,known-development-benchmark,available,,elastic_net,1,0.36925498293513803,0.36925498293513803,0.40905052457508806,-0.44226888020421984,False,,False,0.6291096458897789,0.6291096458897789,True
variantshift-development-v1,proteingym-v1.3,proteingym-substitutions-v1.3,D7PM05_CLYGR_Somermeyer_2022,D7PM05_CLYGR_Somermeyer_2022,D7PM05_CLYGR,D7PM05_CLYGR,cssf_cba7b508de0e,esm2_650m,-0.2847551312771903,235,0.9957446808510638,234,694,141.6,1.0,0.0,0.3112,1.0,1.3224633156075312,1.5872018689617118,0.0,0.0500411845313168,0.9499588154686832,Eukaryote,Activity,masked-protein-language-model,sequence,known-development-benchmark,available,,elastic_net,1,0.3727145848828218,0.3727145848828218,0.33732557775125865,-0.29651266101004176,True,-1.4054417323912356,False,0.657469716160012,0.657469716160012,True
variantshift-development-v1,proteingym-v1.3,proteingym-substitutions-v1.3,D7PM05_CLYGR_Somermeyer_2022,D7PM05_CLYGR_Somermeyer_2022,D7PM05_CLYGR,D7PM05_CLYGR,cssf_cba7b508de0e,esm2_8m,-0.1672200632512236,235,0.9957446808510638,234,694,141.6,1.0,0.0,0.3112,1.0,1.2628541496857613,1.5335346379519952,0.0,0.0498335269185622,0.9501664730814378,Eukaryote,Activity,masked-protein-language-model,sequence,known-development-benchmark,available,,elastic_net,1,0.35680415086743256,0.35680415086743256,0.34313217291023934,-0.3239429202108337,False,,False,0.5240242141186562,0.5240242141186562,True
variantshift-development-v1,proteingym-v1.3,proteingym-substitutions-v1.3,D7PM05_CLYGR_Somermeyer_2022,D7PM05_CLYGR_Somermeyer_2022,D7PM05_CLYGR,D7PM05_CLYGR,cssf_cba7b508de0e,vespag,0.7272218145456276,235,0.9957446808510638,234,694,141.6,1.0,0.0,0.3112,1.0,0.0236413408309454,2.6142416558505808,0.0,0.4198540778028806,0.5801459221971194,Eukaryote,Activity,distilled-evolutionary-variant-effect-model,sequence,known-development-benchmark,available,,elastic_net,1,0.30577630554247437,0.30577630554247437,0.14410284381834373,0.019887669593877666,False,,False,-0.42144550900315325,-0.42144550900315325,True
variantshift-development-v1,proteingym-v1.3,proteingym-substitutions-v1.3,DLG4_HUMAN_Faure_2021,DLG4_HUMAN_Faure_2021,DLG4_HUMAN,DLG4_HUMAN,cssf_784e4bfd3195,carp_640m,0.6595413587313091,724,0.1160220994475138,84,25338,330.3,0.825,0.0,0.2352,1.0,2.922475373638932,1.814082916346141,0.0,0.2637185336803754,0.7362814663196245,Human,OrganismalFitness,convolutional-protein-language-model,sequence,known-development-benchmark,available,,elastic_net,0,0.5226878997301784,0.5226878997301784,0.15952965380235962,0.0984982710553437,False,,False,-0.13685345900113077,-0.13685345900113077,True
variantshift-development-v1,proteingym-v1.3,proteingym-substitutions-v1.3,DLG4_HUMAN_Faure_2021,DLG4_HUMAN_Faure_2021,DLG4_HUMAN,DLG4_HUMAN,cssf_784e4bfd3195,esm2_150m,0.9019658809505986,724,0.1160220994475138,84,25338,330.3,0.825,0.0,0.2352,1.0,6.048315833109502,1.3445254688365529,0.0,0.0921269569275888,0.9078730430724112,Human,OrganismalFitness,masked-protein-language-model,sequence,known-development-benchmark,available,,elastic_net,0,0.7587027922883866,0.7587027922883866,0.23383924617464755,0.13692382743639964,False,,False,-0.14326308866221205,-0.14326308866221205,True
variantshift-development-v1,proteingym-v1.3,proteingym-substitutions-v1.3,DLG4_HUMAN_Faure_2021,DLG4_HUMAN_Faure_2021,DLG4_HUMAN,DLG4_HUMAN,cssf_784e4bfd3195,esm2_35m,0.9012597595812364,724,0.1160220994475138,84,25338,330.3,0.825,0.0,0.2352,1.0,5.285417229799818,1.1713288888002498,0.0,0.0923308970685179,0.907669102931482,Human,OrganismalFitness,masked-protein-language-model,sequence,known-development-benchmark,available,,elastic_net,0,0.6368146339196799,0.6368146339196799,0.2240865241157338,0.04096817409189879,False,,False,-0.26444512566155653,-0.26444512566155653,True
variantshift-development-v1,proteingym-v1.3,proteingym-substitutions-v1.3,DLG4_HUMAN_Faure_2021,DLG4_HUMAN_Faure_2021,DLG4_HUMAN,DLG4_HUMAN,cssf_784e4bfd3195,esm2_650m,0.6694839022497332,724,0.1160220994475138,84,25338,330.3,0.825,0.0,0.2352,1.0,5.997716893341626,1.818019849238318,0.0,0.1154973377419441,0.8845026622580558,Human,OrganismalFitness,masked-protein-language-model,sequence,known-development-benchmark,available,,elastic_net,0,0.8608677782720235,0.8608677782720235,0.33533174558811346,-0.03077992015607911,True,-0.461681641990507,False,0.19138387602229034,0.19138387602229034,True
variantshift-development-v1,proteingym-v1.3,proteingym-substitutions-v1.3,DLG4_HUMAN_Faure_2021,DLG4_HUMAN_Faure_2021,DLG4_HUMAN,DLG4_HUMAN,cssf_784e4bfd3195,esm2_8m,0.8525172933550997,724,0.1160220994475138,84,25338,330.3,0.825,0.0,0.2352,1.0,3.945792664999462,1.256945076578472,0.0,0.1463372727482514,0.8536627272517485,Human,OrganismalFitness,masked-protein-language-model,sequence,known-development-benchmark,available,,elastic_net,0,0.49519859149949075,0.49519859149949075,0.20541470194564967,-0.05099946049796278,False,,False,-0.357318701855609,-0.357318701855609,True
variantshift-development-v1,proteingym-v1.3,proteingym-substitutions-v1.3,DLG4_HUMAN_Faure_2021,DLG4_HUMAN_Faure_2021,DLG4_HUMAN,DLG4_HUMAN,cssf_784e4bfd3195,vespag,0.8156066616719755,724,0.1160220994475138,84,25338,330.3,0.825,0.0,0.2352,1.0,0.0250129383874366,2.534574239773454,0.0,0.0739580852249814,0.9260419147750184,Human,OrganismalFitness,distilled-evolutionary-variant-effect-model,sequence,known-development-benchmark,available,,elastic_net,0,0.5624738400820578,0.5624738400820578,0.24906475252129967,-0.0997897727938889,False,,False,-0.2531328215899177,-0.2531328215899177,True
variantshift-development-v1,proteingym-v1.3,proteingym-substitutions-v1.3,DLG4_RAT_McLaughlin_2012,DLG4_RAT_McLaughlin_2012,DLG4_RAT,DLG4_RAT,cssf_784e4bfd3195,carp_640m,0.5257794082287941,724,0.1146408839779005,83,24705,257.4,0.841,0.0,0.2343,1.0,4.057781645423612,1.9357308813331593,0.0,0.1795711896093974,0.8204288103906026,Eukaryote,Binding,convolutional-protein-language-model,sequence,known-development-benchmark,available,,elastic_net,0,0.7031628517031618,0.7031628517031618,0.2054965477899763,0.15674717146239436,True,-0.6206451693196844,True,0.17738344347436774,0.17738344347436774,True
variantshift-development-v1,proteingym-v1.3,proteingym-substitutions-v1.3,DLG4_RAT_McLaughlin_2012,DLG4_RAT_McLaughlin_2012,DLG4_RAT,DLG4_RAT,cssf_784e4bfd3195,esm2_150m,0.5585516303739894,724,0.1146408839779005,83,24705,257.4,0.841,0.0,0.2343,1.0,3.892139860002726,1.6153319611626968,0.0,0.1012597284293848,0.8987402715706152,Eukaryote,Binding,masked-protein-language-model,sequence,known-development-benchmark,available,,elastic_net,0,0.5942324977901046,0.5942324977901046,0.265545020343216,-0.11185217606865683,False,,False,0.0356808674161152,0.0356808674161152,True
variantshift-development-v1,proteingym-v1.3,proteingym-substitutions-v1.3,DLG4_RAT_McLaughlin_2012,DLG4_RAT_McLaughlin_2012,DLG4_RAT,DLG4_RAT,cssf_784e4bfd3195,esm2_35m,0.4649168794403852,724,0.1146408839779005,83,24705,257.4,0.841,0.0,0.2343,1.0,3.4071649871552805,1.3934462879656828,0.0,0.1287096488266321,0.8712903511733678,Eukaryote,Binding,masked-protein-language-model,sequence,known-development-benchmark,available,,elastic_net,0,0.4761618735191056,0.4761618735191056,0.1666831118559427,0.03295118735956193,False,,False,0.011244994078720427,0.011244994078720427,True
variantshift-development-v1,proteingym-v1.3,proteingym-substitutions-v1.3,DLG4_RAT_McLaughlin_2012,DLG4_RAT_McLaughlin_2012,DLG4_RAT,DLG4_RAT,cssf_784e4bfd3195,esm2_650m,0.5202357913241588,724,0.1146408839779005,83,24705,257.4,0.841,0.0,0.2343,1.0,3.6019393517782814,1.9588901897715327,0.0,0.1429120504766288,0.8570879495233712,Eukaryote,Binding,masked-protein-language-model,sequence,known-development-benchmark,available,,elastic_net,0,0.63080273929002,0.63080273929002,0.29609288352493707,-0.1565087562348727,False,,False,0.1105669479658612,0.1105669479658612,True
variantshift-development-v1,proteingym-v1.3,proteingym-substitutions-v1.3,DLG4_RAT_McLaughlin_2012,DLG4_RAT_McLaughlin_2012,DLG4_RAT,DLG4_RAT,cssf_784e4bfd3195,esm2_8m,0.4350052575458256,724,0.1146408839779005,83,24705,257.4,0.841,0.0,0.2343,1.0,2.77656016735756,1.338960452203703,0.0,0.1672568885796875,0.8327431114203124,Eukaryote,Binding,masked-protein-language-model,sequence,known-development-benchmark,available,,elastic_net,0,0.37974265710595256,0.37974265710595256,0.16992693226064284,-0.07209335318713633,False,,False,-0.05526260043987302,-0.05526260043987302,True
variantshift-development-v1,proteingym-v1.3,proteingym-substitutions-v1.3,DLG4_RAT_McLaughlin_2012,DLG4_RAT_McLaughlin_2012,DLG4_RAT,DLG4_RAT,cssf_784e4bfd3195,vespag,0.5249180459445363,724,0.1146408839779005,83,24705,257.4,0.841,0.0,0.2343,1.0,0.0521446659659218,2.831566201987296,0.0,0.1217866082857439,0.878213391714256,Eukaryote,Binding,distilled-evolutionary-variant-effect-model,sequence,known-development-benchmark,available,,elastic_net,0,0.6113882666291541,0.6113882666291541,0.19046383889014246,0.10494458566381593,False,,False,0.08647022068461785,0.08647022068461785,True
variantshift-development-v1,proteingym-v1.3,proteingym-substitutions-v1.3,DN7A_SACS2_Tsuboyama_2023_1JIC,DN7A_SACS2_Tsuboyama_2023_1JIC,DN7A_SACS2,DN7A_SACS2,cssf_0500559dbf7c,carp_640m,0.2483964365714378,55,1.0,55,42895,1365.3,0.764,0.0,0.5382,1.0,1.7183282613580655,1.639735482435998,0.0,0.0828541026444601,0.91714589735554,Prokaryote,Stability,convolutional-protein-language-model,sequence,known-development-benchmark,available,,elastic_net,2,0.582550632886557,0.582550632886557,0.1550130884402388,0.24999472198977896,True,-1.2379873184441323,True,0.3341541963151191,0.3341541963151191,False
variantshift-development-v1,proteingym-v1.3,proteingym-substitutions-v1.3,DN7A_SACS2_Tsuboyama_2023_1JIC,DN7A_SACS2_Tsuboyama_2023_1JIC,DN7A_SACS2,DN7A_SACS2,cssf_0500559dbf7c,esm2_150m,0.1365813197600932,55,1.0,55,42895,1365.3,0.764,0.0,0.5382,1.0,1.6060011097988276,1.5847953742377878,0.0,0.0976160177169367,0.9023839822830632,Prokaryote,Stability,masked-protein-language-model,sequence,known-development-benchmark,available,,elastic_net,2,0.5045529807817104,0.5045529807817104,0.17029609450631278,0.13920981266243265,False,,False,0.3679716610216172,0.3679716610216172,False
variantshift-development-v1,proteingym-v1.3,proteingym-substitutions-v1.3,DN7A_SACS2_Tsuboyama_2023_1JIC,DN7A_SACS2_Tsuboyama_2023_1JIC,DN7A_SACS2,DN7A_SACS2,cssf_0500559dbf7c,esm2_35m,0.1712747539739043,55,1.0,55,42895,1365.3,0.764,0.0,0.5382,1.0,1.5819980021905788,1.6035512178247349,0.0,0.1042146840538524,0.8957853159461475,Prokaryote,Stability,masked-protein-language-model,sequence,known-development-benchmark,available,,elastic_net,2,0.501815354616488,0.501815354616488,0.17629663915447286,0.12359897294198852,False,,False,0.33054060064258367,0.33054060064258367,True
variantshift-development-v1,proteingym-v1.3,proteingym-substitutions-v1.3,DN7A_SACS2_Tsuboyama_2023_1JIC,DN7A_SACS2_Tsuboyama_2023_1JIC,DN7A_SACS2,DN7A_SACS2,cssf_0500559dbf7c,esm2_650m,0.2204713298757423,55,1.0,55,42895,1365.3,0.764,0.0,0.5382,1.0,2.048929117220071,1.542023877576994,0.0,0.1281552575737827,0.8718447424262172,Prokaryote,Stability,masked-protein-language-model,sequence,known-development-benchmark,available,,elastic_net,2,0.5056673826791102,0.5056673826791102,0.15354900788732556,0.17625242360001064,False,,False,0.28519605280336785,0.28519605280336785,True
variantshift-development-v1,proteingym-v1.3,proteingym-substitutions-v1.3,DN7A_SACS2_Tsuboyama_2023_1JIC,DN7A_SACS2_Tsuboyama_2023_1JIC,DN7A_SACS2,DN7A_SACS2,cssf_0500559dbf7c,esm2_8m,-0.0380891568065857,55,1.0,55,42895,1365.3,0.764,0.0,0.5382,1.0,1.4869342625574573,1.6444452147966673,0.0,0.0828541026444601,0.91714589735554,Prokaryote,Stability,masked-protein-language-model,sequence,known-development-benchmark,available,,elastic_net,2,0.5181818319908237,0.5181818319908237,0.1667058468160177,0.16054096890272035,False,,False,0.5562709887974093,0.5562709887974093,False
variantshift-development-v1,proteingym-v1.3,proteingym-substitutions-v1.3,DN7A_SACS2_Tsuboyama_2023_1JIC,DN7A_SACS2_Tsuboyama_2023_1JIC,DN7A_SACS2,DN7A_SACS2,cssf_0500559dbf7c,vespag,0.6340221989097086,55,1.0,55,42895,1365.3,0.764,0.0,0.5382,1.0,0.074656220508756,2.3853003999339424,0.0,0.321091989843337,0.678908010156663,Prokaryote,Stability,distilled-evolutionary-variant-effect-model,sequence,known-development-benchmark,available,,elastic_net,2,0.4679078956772549,0.4679078956772549,0.15261203838591686,0.1405030555446184,False,,False,-0.16611430323245369,-0.16611430323245369,True
variantshift-development-v1,proteingym-v1.3,proteingym-substitutions-v1.3,DNJA1_HUMAN_Tsuboyama_2023_2LO1,DNJA1_HUMAN_Tsuboyama_2023_2LO1,DNJA1_HUMAN,DNJA1_HUMAN,cssf_3bc8071abc2c,carp_640m,0.7312976681579832,65,1.0,65,280284,35598.9,0.969,0.0,0.5041,1.0,2.8595122463816978,1.9780140973114997,0.0,0.2172461496750968,0.7827538503249032,Human,Stability,convolutional-protein-language-model,sequence,known-development-benchmark,available,,elastic_net,3,0.5665227806411369,0.5665227806411369,0.07872071977345238,0.4282072273163353,False,,False,-0.16477488751684632,-0.16477488751684632,True
variantshift-development-v1,proteingym-v1.3,proteingym-substitutions-v1.3,DNJA1_HUMAN_Tsuboyama_2023_2LO1,DNJA1_HUMAN_Tsuboyama_2023_2LO1,DNJA1_HUMAN,DNJA1_HUMAN,cssf_3bc8071abc2c,esm2_150m,0.8247603777823989,65,1.0,65,280284,35598.9,0.969,0.0,0.5041,1.0,6.212489345911365,1.3364917206701186,0.0,0.0292657263608451,0.9707342736391548,Human,Stability,masked-protein-language-model,sequence,known-development-benchmark,available,,elastic_net,3,0.7740347798004976,0.7740347798004976,0.14317937415236756,0.5224627106225662,True,0.614864367692757,True,-0.05072559798190124,-0.05072559798190124,True
variantshift-development-v1,proteingym-v1.3,proteingym-substitutions-v1.3,DNJA1_HUMAN_Tsuboyama_2023_2LO1,DNJA1_HUMAN_Tsuboyama_2023_2LO1,DNJA1_HUMAN,DNJA1_HUMAN,cssf_3bc8071abc2c,esm2_35m,0.8468525817029842,65,1.0,65,280284,35598.9,0.969,0.0,0.5041,1.0,6.025958635560362,1.3816447778798784,0.0,0.0265417648077144,0.9734582351922856,Human,Stability,masked-protein-language-model,sequence,known-development-benchmark,available,,elastic_net,3,0.7682551696146938,0.7682551696146938,0.1400986026758013,0.5220961430597826,False,,False,-0.07859741208829041,-0.07859741208829041,True
variantshift-development-v1,proteingym-v1.3,proteingym-substitutions-v1.3,DNJA1_HUMAN_Tsuboyama_2023_2LO1,DNJA1_HUMAN_Tsuboyama_2023_2LO1,DNJA1_HUMAN,DNJA1_HUMAN,cssf_3bc8071abc2c,esm2_650m,0.819041965481402,65,1.0,65,280284,35598.9,0.969,0.0,0.5041,1.0,6.007168999137992,1.2266237054113776,0.0,0.0267547718608611,0.9732452281391388,Human,Stability,masked-protein-language-model,sequence,known-development-benchmark,available,,elastic_net,3,0.7316621890296706,0.7316621890296706,0.13753528562184988,0.4900070163226984,False,,False,-0.08737977645173134,-0.08737977645173134,True
variantshift-development-v1,proteingym-v1.3,proteingym-substitutions-v1.3,DNJA1_HUMAN_Tsuboyama_2023_2LO1,DNJA1_HUMAN_Tsuboyama_2023_2LO1,DNJA1_HUMAN,DNJA1_HUMAN,cssf_3bc8071abc2c,esm2_8m,0.6816152249215006,65,1.0,65,280284,35598.9,0.969,0.0,0.5041,1.0,4.154123611523311,1.4421617834758844,0.0,0.0432977934834016,0.9567022065165984,Human,Stability,masked-protein-language-model,sequence,known-development-benchmark,available,,elastic_net,3,0.599532851156492,0.599532851156492,0.0956709225608709,0.43143509202543673,False,,False,-0.0820823737650086,-0.0820823737650086,True
variantshift-development-v1,proteingym-v1.3,proteingym-substitutions-v1.3,DNJA1_HUMAN_Tsuboyama_2023_2LO1,DNJA1_HUMAN_Tsuboyama_2023_2LO1,DNJA1_HUMAN,DNJA1_HUMAN,cssf_3bc8071abc2c,vespag,0.6641159370826958,65,1.0,65,280284,35598.9,0.969,0.0,0.5041,1.0,0.0747959752317745,2.990664459364145,0.0,0.0312607187696484,0.9687392812303516,Human,Stability,distilled-evolutionary-variant-effect-model,sequence,known-development-benchmark,available,,elastic_net,3,0.717174280118211,0.717174280118211,0.09755419599287463,0.5457675318473316,False,,False,0.053058343035515265,0.053058343035515265,True
variantshift-development-v1,proteingym-v1.3,proteingym-substitutions-v1.3,DOCK1_MOUSE_Tsuboyama_2023_2M0Y,DOCK1_MOUSE_Tsuboyama_2023_2M0Y,DOCK1_MOUSE,DOCK1_MOUSE,cssf_784e4bfd3195,carp_640m,0.89759945909348,66,1.0,66,705447,24306.5,0.848,0.0,0.5909,1.0,2.9041641055449885,1.6757610734538122,0.0,0.109278977615095,0.8907210223849049,Eukaryote,Stability,convolutional-protein-language-model,sequence,known-development-benchmark,available,,elastic_net,0,0.6250676994623401,0.6250676994623401,0.13335415125015085,0.27047877788710545,False,,False,-0.27253175963113996,-0.27253175963113996,True
variantshift-development-v1,proteingym-v1.3,proteingym-substitutions-v1.3,DOCK1_MOUSE_Tsuboyama_2023_2M0Y,DOCK1_MOUSE_Tsuboyama_2023_2M0Y,DOCK1_MOUSE,DOCK1_MOUSE,cssf_784e4bfd3195,esm2_150m,0.7520593714042955,66,1.0,66,705447,24306.5,0.848,0.0,0.5909,1.0,5.774963281623767,0.8979668353675722,0.0,0.0836648132486483,0.9163351867513516,Eukaryote,Stability,masked-protein-language-model,sequence,known-development-benchmark,available,,elastic_net,0,0.6901301438202785,0.6901301438202785,0.1449340105414707,0.304750356121951,False,,False,-0.06192922758401698,-0.06192922758401698,True
variantshift-development-v1,proteingym-v1.3,proteingym-substitutions-v1.3,DOCK1_MOUSE_Tsuboyama_2023_2M0Y,DOCK1_MOUSE_Tsuboyama_2023_2M0Y,DOCK1_MOUSE,DOCK1_MOUSE,cssf_784e4bfd3195,esm2_35m,0.7674758034507799,66,1.0,66,705447,24306.5,0.848,0.0,0.5909,1.0,5.014198979021734,0.9914319981819436,0.0,0.0707761182248696,0.9292238817751304,Eukaryote,Stability,masked-protein-language-model,sequence,known-development-benchmark,available,,elastic_net,0,0.6411150141543773,0.6411150141543773,0.10489934897105455,0.3621874616418465,False,,False,-0.1263607892964026,-0.1263607892964026,True
variantshift-development-v1,proteingym-v1.3,proteingym-substitutions-v1.3,DOCK1_MOUSE_Tsuboyama_2023_2M0Y,DOCK1_MOUSE_Tsuboyama_2023_2M0Y,DOCK1_MOUSE,DOCK1_MOUSE,cssf_784e4bfd3195,esm2_650m,0.788641338986126,66,1.0,66,705447,24306.5,0.848,0.0,0.5909,1.0,6.627766792028968,0.91795410385044,0.0,0.0759180600939967,0.9240819399060032,Eukaryote,Stability,masked-protein-language-model,sequence,known-development-benchmark,available,,elastic_net,0,0.7865229165066553,0.7865229165066553,0.11776131796270699,0.4733953659338542,True,0.5398082263342767,True,-0.002118422479470694,-0.002118422479470694,True
variantshift-development-v1,proteingym-v1.3,proteingym-substitutions-v1.3,DOCK1_MOUSE_Tsuboyama_2023_2M0Y,DOCK1_MOUSE_Tsuboyama_2023_2M0Y,DOCK1_MOUSE,DOCK1_MOUSE,cssf_784e4bfd3195,esm2_8m,0.4146546329985306,66,1.0,66,705447,24306.5,0.848,0.0,0.5909,1.0,3.104118656823414,1.5101129935096709,0.0,0.1663201800645702,0.8336798199354297,Eukaryote,Stability,masked-protein-language-model,sequence,known-development-benchmark,available,,elastic_net,0,0.5296136119127279,0.5296136119127279,0.15745976155521826,0.1109278303458397,False,,False,0.11495897891419732,0.11495897891419732,True
variantshift-development-v1,proteingym-v1.3,proteingym-substitutions-v1.3,DOCK1_MOUSE_Tsuboyama_2023_2M0Y,DOCK1_MOUSE_Tsuboyama_2023_2M0Y,DOCK1_MOUSE,DOCK1_MOUSE,cssf_784e4bfd3195,vespag,0.7302726262002056,66,1.0,66,705447,24306.5,0.848,0.0,0.5909,1.0,0.0542422099427307,3.0260824969750053,0.0,0.1045765399876759,0.8954234600123241,Eukaryote,Stability,distilled-evolutionary-variant-effect-model,sequence,known-development-benchmark,available,,elastic_net,0,0.7411326848774271,0.7411326848774271,0.10048145014169255,0.47395233308453033,False,,False,0.010860058677221507,0.010860058677221507,True
variantshift-development-v1,proteingym-v1.3,proteingym-substitutions-v1.3,DYR_ECOLI_Nguyen_2023,DYR_ECOLI_Nguyen_2023,DYR_ECOLI,DYR_ECOLI,cssf_0932cd92de6e,carp_640m,0.4346908682541016,159,0.9937106918238994,158,188828,53599.5,0.969,0.0,0.3772,1.0,3.655129607574832,1.5153016840737688,0.0,0.0624353918135875,0.9375646081864124,Prokaryote,OrganismalFitness,convolutional-protein-language-model,sequence,known-development-benchmark,available,,elastic_net,3,0.5638897134917864,0.5638897134917864,0.20656719679758942,0.20094262400840052,True,1.1392455090703193,True,0.12919884523768482,0.12919884523768482,True
variantshift-development-v1,proteingym-v1.3,proteingym-substitutions-v1.3,DYR_ECOLI_Nguyen_2023,DYR_ECOLI_Nguyen_2023,DYR_ECOLI,DYR_ECOLI,cssf_0932cd92de6e,esm2_150m,0.4336131076378393,159,0.9937106918238994,158,188828,53599.5,0.969,0.0,0.3772,1.0,3.6158048775781375,1.5226964474602125,0.0,0.0619733019557945,0.9380266980442056,Prokaryote,OrganismalFitness,masked-protein-language-model,sequence,known-development-benchmark,available,,elastic_net,3,0.5054067261058526,0.5054067261058526,0.2129930525969936,0.1311691427977429,False,,False,0.0717936184680133,0.0717936184680133,True
variantshift-development-v1,proteingym-v1.3,proteingym-substitutions-v1.3,DYR_ECOLI_Nguyen_2023,DYR_ECOLI_Nguyen_2023,DYR_ECOLI,DYR_ECOLI,cssf_0932cd92de6e,esm2_35m,0.4309785816869754,159,0.9937106918238994,158,188828,53599.5,0.969,0.0,0.3772,1.0,3.1741893801676393,1.441466122309753,0.0,0.0744916399938508,0.9255083600061492,Prokaryote,OrganismalFitness,masked-protein-language-model,sequence,known-development-benchmark,available,,elastic_net,3,0.439779151486857,0.439779151486857,0.1887571519592443,0.10812504577755983,False,,False,0.008800569799881586,0.008800569799881586,True
variantshift-development-v1,proteingym-v1.3,proteingym-substitutions-v1.3,DYR_ECOLI_Nguyen_2023,DYR_ECOLI_Nguyen_2023,DYR_ECOLI,DYR_ECOLI,cssf_0932cd92de6e,esm2_650m,0.4598386159668968,159,0.9937106918238994,158,188828,53599.5,0.969,0.0,0.3772,1.0,4.024828125567618,1.4756564117654738,0.0,0.0600044808344645,0.9399955191655356,Prokaryote,OrganismalFitness,masked-protein-language-model,sequence,known-development-benchmark,available,,elastic_net,3,0.5338237111354933,0.5338237111354933,0.20716666253443453,0.16982333561344304,False,,False,0.07398509516859653,0.07398509516859653,True
variantshift-development-v1,proteingym-v1.3,proteingym-substitutions-v1.3,DYR_ECOLI_Nguyen_2023,DYR_ECOLI_Nguyen_2023,DYR_ECOLI,DYR_ECOLI,cssf_0932cd92de6e,esm2_8m,0.1293253603130189,159,0.9937106918238994,158,188828,53599.5,0.969,0.0,0.3772,1.0,1.4703524899748206,1.1601621401237687,0.0,0.3050753537811621,0.6949246462188379,Prokaryote,OrganismalFitness,masked-protein-language-model,sequence,known-development-benchmark,available,,elastic_net,3,0.09973777699821657,0.09973777699821657,0.10230861451735032,-0.08002268082769565,False,,False,-0.029587583314802324,-0.029587583314802324,True
variantshift-development-v1,proteingym-v1.3,proteingym-substitutions-v1.3,DYR_ECOLI_Nguyen_2023,DYR_ECOLI_Nguyen_2023,DYR_ECOLI,DYR_ECOLI,cssf_0932cd92de6e,vespag,0.4471449909309139,159,0.9937106918238994,158,188828,53599.5,0.969,0.0,0.3772,1.0,0.1022355592713188,2.513699652956979,0.0,0.0820404097614271,0.9179595902385728,Prokaryote,OrganismalFitness,distilled-evolutionary-variant-effect-model,sequence,known-development-benchmark,available,,elastic_net,3,0.5340348202563183,0.5340348202563183,0.05916347234308372,0.43008215776415043,False,,False,0.0868898293254044,0.0868898293254044,True
variantshift-development-v1,proteingym-v1.3,proteingym-substitutions-v1.3,DYR_ECOLI_Thompson_2019,DYR_ECOLI_Thompson_2019,DYR_ECOLI,DYR_ECOLI,cssf_0932cd92de6e,carp_640m,0.3804574515696735,159,0.9874213836477987,157,41921,12324.2,0.981,0.0,0.3772,1.0,3.3342208321838256,1.5616263509383947,0.0,0.0759354740830353,0.9240645259169646,Prokaryote,OrganismalFitness,convolutional-protein-language-model,sequence,known-development-benchmark,available,,elastic_net,3,0.5371161534186124,0.5371161534186124,0.33343495018543096,-0.04874281440396966,True,0.4478851992963843,False,0.15665870184893893,0.15665870184893893,True
variantshift-development-v1,proteingym-v1.3,proteingym-substitutions-v1.3,DYR_ECOLI_Thompson_2019,DYR_ECOLI_Thompson_2019,DYR_ECOLI,DYR_ECOLI,cssf_0932cd92de6e,esm2_150m,0.3820418326814361,159,0.9874213836477987,157,41921,12324.2,0.981,0.0,0.3772,1.0,3.279827391490925,1.5887797239046484,0.0,0.0707846700694239,0.929215329930576,Prokaryote,OrganismalFitness,masked-protein-language-model,sequence,known-development-benchmark,available,,elastic_net,3,0.4840818474183653,0.4840818474183653,0.32478509203186584,-0.08657896266208093,False,,False,0.1020400147369292,0.1020400147369292,True
variantshift-development-v1,proteingym-v1.3,proteingym-substitutions-v1.3,DYR_ECOLI_Thompson_2019,DYR_ECOLI_Thompson_2019,DYR_ECOLI,DYR_ECOLI,cssf_0932cd92de6e,esm2_35m,0.3115913128837854,159,0.9874213836477987,157,41921,12324.2,0.981,0.0,0.3772,1.0,2.915734645460166,1.5082332359233983,0.0,0.0847667100113964,0.9152332899886036,Prokaryote,OrganismalFitness,masked-protein-language-model,sequence,known-development-benchmark,available,,elastic_net,3,0.42504387131164967,0.42504387131164967,0.2924935014662551,-0.08887928152081692,False,,False,0.11345255842786428,0.11345255842786428,True
variantshift-development-v1,proteingym-v1.3,proteingym-substitutions-v1.3,DYR_ECOLI_Thompson_2019,DYR_ECOLI_Thompson_2019,DYR_ECOLI,DYR_ECOLI,cssf_0932cd92de6e,esm2_650m,0.4265724694339692,159,0.9874213836477987,157,41921,12324.2,0.981,0.0,0.3772,1.0,3.6339138423532513,1.5333621473478378,0.0,0.0705816577982094,0.9294183422017904,Prokaryote,OrganismalFitness,masked-protein-language-model,sequence,known-development-benchmark,available,,elastic_net,3,0.5046143442005532,0.5046143442005532,0.3222111960377568,-0.06152402439752047,False,,False,0.07804187476658397,0.07804187476658397,True
variantshift-development-v1,proteingym-v1.3,proteingym-substitutions-v1.3,DYR_ECOLI_Thompson_2019,DYR_ECOLI_Thompson_2019,DYR_ECOLI,DYR_ECOLI,cssf_0932cd92de6e,esm2_8m,-0.0366956412301471,159,0.9874213836477987,157,41921,12324.2,0.981,0.0,0.3772,1.0,1.3632150970701653,1.2483377417586874,0.0,0.296839899468893,0.703160100531107,Prokaryote,OrganismalFitness,masked-protein-language-model,sequence,known-development-benchmark,available,,elastic_net,3,0.11338559476672028,0.11338559476672028,0.1268054768093188,-0.10941686105395304,False,,False,0.15008123599686737,0.15008123599686737,True
variantshift-development-v1,proteingym-v1.3,proteingym-substitutions-v1.3,DYR_ECOLI_Thompson_2019,DYR_ECOLI_Thompson_2019,DYR_ECOLI,DYR_ECOLI,cssf_0932cd92de6e,vespag,0.4872467905119875,159,0.9874213836477987,157,41921,12324.2,0.981,0.0,0.3772,1.0,0.1000886418458485,2.448818811817378,0.0,0.1011288158746078,0.8988711841253921,Prokaryote,OrganismalFitness,distilled-evolutionary-variant-effect-model,sequence,known-development-benchmark,available,,elastic_net,3,0.5090274255179394,0.5090274255179394,0.10412658736472129,0.32607271437425744,False,,False,0.021780635005951954,0.021780635005951954,True
variantshift-development-v1,proteingym-v1.3,proteingym-substitutions-v1.3,ENVZ_ECOLI_Ghose_2023,ENVZ_ECOLI_Ghose_2023,ENVZ_ECOLI,ENVZ_ECOLI,cssf_2ee5fd080c0f,carp_640m,0.1407452686613596,60,1.0,60,1879223,275719.5,0.933,0.0,0.5755,0.9824561403508772,2.939193643327078,1.2090942221447951,0.0,0.0895552789682898,0.91044472103171,Prokaryote,Activity,convolutional-protein-language-model,sequence,known-development-benchmark,available,,elastic_net,3,0.4999050854470706,0.4999050854470706,0.11645836447733594,0.2952829330030787,False,,False,0.35915981678571096,0.35915981678571096,False
variantshift-development-v1,proteingym-v1.3,proteingym-substitutions-v1.3,ENVZ_ECOLI_Ghose_2023,ENVZ_ECOLI_Ghose_2023,ENVZ_ECOLI,ENVZ_ECOLI,cssf_2ee5fd080c0f,esm2_150m,0.1387301741639945,60,1.0,60,1879223,275719.5,0.933,0.0,0.5755,0.9824561403508772,3.1813850392136573,1.3350521699712603,0.0,0.0894763718073394,0.9105236281926604,Prokaryote,Activity,masked-protein-language-model,sequence,known-development-benchmark,available,,elastic_net,3,0.4939091614110238,0.4939091614110238,0.12295657208446634,0.27786939003028555,False,,False,0.35517898724702934,0.35517898724702934,False
variantshift-development-v1,proteingym-v1.3,proteingym-substitutions-v1.3,ENVZ_ECOLI_Ghose_2023,ENVZ_ECOLI_Ghose_2023,ENVZ_ECOLI,ENVZ_ECOLI,cssf_2ee5fd080c0f,esm2_35m,0.1684127833057875,60,1.0,60,1879223,275719.5,0.933,0.0,0.5755,0.9824561403508772,2.6600798295613783,1.15227369837003,0.0,0.090580711280761,0.9094192887192388,Prokaryote,Activity,masked-protein-language-model,sequence,known-development-benchmark,available,,elastic_net,3,0.4040201647455127,0.4040201647455127,0.14761949651113312,0.14464661734621992,False,,False,0.23560738143972523,0.23560738143972523,True
variantshift-development-v1,proteingym-v1.3,proteingym-substitutions-v1.3,ENVZ_ECOLI_Ghose_2023,ENVZ_ECOLI_Ghose_2023,ENVZ_ECOLI,ENVZ_ECOLI,cssf_2ee5fd080c0f,esm2_650m,0.1178994674644161,60,1.0,60,1879223,275719.5,0.933,0.0,0.5755,0.9824561403508772,3.2027410602775097,1.3927418593616987,0.0,0.0860513299472737,0.9139486700527264,Prokaryote,Activity,masked-protein-language-model,sequence,known-development-benchmark,available,,elastic_net,3,0.510585244145153,0.510585244145153,0.11770088364077821,0.3037799342541412,False,,False,0.39268577668073695,0.39268577668073695,False
variantshift-development-v1,proteingym-v1.3,proteingym-substitutions-v1.3,ENVZ_ECOLI_Ghose_2023,ENVZ_ECOLI_Ghose_2023,ENVZ_ECOLI,ENVZ_ECOLI,cssf_2ee5fd080c0f,esm2_8m,0.0632160659456616,60,1.0,60,1879223,275719.5,0.933,0.0,0.5755,0.9824561403508772,2.1839923841373734,1.298441725874913,0.0,0.1251900484465946,0.8748099515534054,Prokaryote,Activity,masked-protein-language-model,sequence,known-development-benchmark,available,,elastic_net,3,0.3747590713916331,0.3747590713916331,0.14694613025233202,0.11656865629784213,False,,False,0.3115430054459715,0.3115430054459715,False
variantshift-development-v1,proteingym-v1.3,proteingym-substitutions-v1.3,ENVZ_ECOLI_Ghose_2023,ENVZ_ECOLI_Ghose_2023,ENVZ_ECOLI,ENVZ_ECOLI,cssf_2ee5fd080c0f,vespag,0.1638531015028823,60,1.0,60,1879223,275719.5,0.933,0.0,0.5755,0.9824561403508772,0.0695570201969022,2.802644328762369,0.0,0.1318754348710533,0.8681245651289466,Prokaryote,Activity,distilled-evolutionary-variant-effect-model,sequence,known-development-benchmark,available,,elastic_net,3,0.6550881204195327,0.6550881204195327,0.16789880763294868,0.3600829864832777,True,1.504247353255653,True,0.4912350189166504,0.4912350189166504,False
variantshift-development-v1,proteingym-v1.3,proteingym-substitutions-v1.3,ENV_HV1BR_Haddox_2016,ENV_HV1BR_Haddox_2016,ENV_HV1BR,ENV_HV1BR,cssf_1bf288bd319a,carp_640m,0.3781731873007267,861,0.7862950058072009,677,74844,37355.2,0.98,0.0,0.237,1.0,4.064841306311619,1.9379402150031573,0.0,0.4172778241028221,0.5827221758971779,Virus,OrganismalFitness,convolutional-protein-language-model,sequence,known-development-benchmark,available,,elastic_net,3,0.46340889698152227,0.46340889698152227,0.11166814714548556,0.26720335407448204,True,1.6806329941095741,True,0.08523570968079558,0.08523570968079558,True
variantshift-development-v1,proteingym-v1.3,proteingym-substitutions-v1.3,ENV_HV1BR_Haddox_2016,ENV_HV1BR_Haddox_2016,ENV_HV1BR,ENV_HV1BR,cssf_1bf288bd319a,esm2_150m,-0.0225598498035299,861,0.7862950058072009,677,74844,37355.2,0.98,0.0,0.237,1.0,1.4421798969062831,1.1419275006559957,0.0,0.3999898356348275,0.6000101643651725,Virus,OrganismalFitness,masked-protein-language-model,sequence,known-development-benchmark,available,,elastic_net,3,-0.006080489883545981,-0.006080489883545981,0.06404727665002935,-0.11861419809009818,False,,False,0.016479359919983918,0.016479359919983918,True
variantshift-development-v1,proteingym-v1.3,proteingym-substitutions-v1.3,ENV_HV1BR_Haddox_2016,ENV_HV1BR_Haddox_2016,ENV_HV1BR,ENV_HV1BR,cssf_1bf288bd319a,esm2_35m,-0.0069795119527728,861,0.7862950058072009,677,74844,37355.2,0.98,0.0,0.237,1.0,1.1302837399288617,1.3734596522997935,0.0,0.4163820605520832,0.5836179394479167,Virus,OrganismalFitness,masked-protein-language-model,sequence,known-development-benchmark,available,,elastic_net,3,0.008416811298929405,0.008416811298929405,0.04393497022438019,-0.0687787445138515,False,,False,0.015396323251702204,0.015396323251702204,True
variantshift-development-v1,proteingym-v1.3,proteingym-substitutions-v1.3,ENV_HV1BR_Haddox_2016,ENV_HV1BR_Haddox_2016,ENV_HV1BR,ENV_HV1BR,cssf_1bf288bd319a,esm2_650m,0.0168509481508108,861,0.7862950058072009,677,74844,37355.2,0.98,0.0,0.237,1.0,1.8977978234156037,0.9335873989222494,0.0,0.3913272356036037,0.6086727643963963,Virus,OrganismalFitness,masked-protein-language-model,sequence,known-development-benchmark,available,,elastic_net,3,-0.006035410722187773,-0.006035410722187773,0.027844061224233167,-0.05495857537468193,False,,False,-0.022886358872998572,-0.022886358872998572,True
variantshift-development-v1,proteingym-v1.3,proteingym-substitutions-v1.3,ENV_HV1BR_Haddox_2016,ENV_HV1BR_Haddox_2016,ENV_HV1BR,ENV_HV1BR,cssf_1bf288bd319a,esm2_8m,-0.0270565908036847,861,0.7862950058072009,677,74844,37355.2,0.98,0.0,0.237,1.0,1.065681795916973,1.4106874878548066,0.0,0.3978534654443683,0.6021465345556317,Virus,OrganismalFitness,masked-protein-language-model,sequence,known-development-benchmark,available,,elastic_net,3,0.02032459597513475,0.02032459597513475,0.07841404408400529,-0.117452115507275,False,,False,0.04738118677881945,0.04738118677881945,True
variantshift-development-v1,proteingym-v1.3,proteingym-substitutions-v1.3,ENV_HV1BR_Haddox_2016,ENV_HV1BR_Haddox_2016,ENV_HV1BR,ENV_HV1BR,cssf_1bf288bd319a,vespag,0.39778311823259,861,0.7862950058072009,677,74844,37355.2,0.98,0.0,0.237,1.0,0.0513526694917883,2.6257933663566417,0.0,0.3570851551638049,0.6429148448361951,Virus,OrganismalFitness,distilled-evolutionary-variant-effect-model,sequence,known-development-benchmark,available,,elastic_net,3,0.3623972816965334,0.3623972816965334,0.16938196041885037,0.06478618710801826,False,,False,-0.03538583653605659,-0.03538583653605659,True
variantshift-development-v1,proteingym-v1.3,proteingym-substitutions-v1.3,EPHB2_HUMAN_Tsuboyama_2023_1F0M,EPHB2_HUMAN_Tsuboyama_2023_1F0M,EPHB2_HUMAN,EPHB2_HUMAN,cssf_1a40a2a2ccdc,carp_640m,0.7748820964421117,66,1.0,66,212234,8337.7,0.894,0.0,0.546,0.953846153846154,3.331031816883035,1.912257899277241,0.0,0.0967345979353591,0.9032654020646408,Human,Stability,convolutional-protein-language-model,sequence,known-development-benchmark,available,,elastic_net,4,0.7183367772850189,0.7183367772850189,0.14489636335898307,0.28962900560466104,False,,False,-0.05654531915709282,-0.05654531915709282,True
variantshift-development-v1,proteingym-v1.3,proteingym-substitutions-v1.3,EPHB2_HUMAN_Tsuboyama_2023_1F0M,EPHB2_HUMAN_Tsuboyama_2023_1F0M,EPHB2_HUMAN,EPHB2_HUMAN,cssf_1a40a2a2ccdc,esm2_150m,0.6934188561843672,66,1.0,66,212234,8337.7,0.894,0.0,0.546,0.953846153846154,5.522622355686391,1.1107268761519935,0.0,0.0409023485867658,0.959097651413234,Human,Stability,masked-protein-language-model,sequence,known-development-benchmark,available,,elastic_net,4,0.7107091108538639,0.7107091108538639,0.13222816110679814,0.31948300284559566,False,,False,0.01729025466949674,0.01729025466949674,True
variantshift-development-v1,proteingym-v1.3,proteingym-substitutions-v1.3,EPHB2_HUMAN_Tsuboyama_2023_1F0M,EPHB2_HUMAN_Tsuboyama_2023_1F0M,EPHB2_HUMAN,EPHB2_HUMAN,cssf_1a40a2a2ccdc,esm2_35m,0.6461693656713214,66,1.0,66,212234,8337.7,0.894,0.0,0.546,0.953846153846154,4.647671888510858,1.205402169453236,0.0,0.0508207448119857,0.9491792551880144,Human,Stability,masked-protein-language-model,sequence,known-development-benchmark,available,,elastic_net,4,0.6524426413605267,0.6524426413605267,0.17035866768993901,0.1483990399980466,False,,False,0.0062732756892052155,0.0062732756892052155,True
variantshift-development-v1,proteingym-v1.3,proteingym-substitutions-v1.3,EPHB2_HUMAN_Tsuboyama_2023_1F0M,EPHB2_HUMAN_Tsuboyama_2023_1F0M,EPHB2_HUMAN,EPHB2_HUMAN,cssf_1a40a2a2ccdc,esm2_650m,0.7762164349677471,66,1.0,66,212234,8337.7,0.894,0.0,0.546,0.953846153846154,7.702921686771701,0.9984639384053952,0.0,0.0308518868187492,0.9691481131812508,Human,Stability,masked-protein-language-model,sequence,known-development-benchmark,available,,elastic_net,4,0.8757308557838426,0.8757308557838426,0.11234653667522933,0.5433289080916394,True,0.03798284587954276,True,0.09951442081609552,0.09951442081609552,True
variantshift-development-v1,proteingym-v1.3,proteingym-substitutions-v1.3,EPHB2_HUMAN_Tsuboyama_2023_1F0M,EPHB2_HUMAN_Tsuboyama_2023_1F0M,EPHB2_HUMAN,EPHB2_HUMAN,cssf_1a40a2a2ccdc,esm2_8m,-0.4617547218478326,66,1.0,66,212234,8337.7,0.894,0.0,0.546,0.953846153846154,1.2120226127635296,1.8764474169081873,0.0,0.629426581887131,0.370573418112869,Human,Stability,masked-protein-language-model,sequence,known-development-benchmark,available,,elastic_net,4,0.10864338108604832,0.10864338108604832,0.17761945203097118,-0.4168828482964576,False,,False,0.5703981029338809,0.5703981029338809,False
variantshift-development-v1,proteingym-v1.3,proteingym-substitutions-v1.3,EPHB2_HUMAN_Tsuboyama_2023_1F0M,EPHB2_HUMAN_Tsuboyama_2023_1F0M,EPHB2_HUMAN,EPHB2_HUMAN,cssf_1a40a2a2ccdc,vespag,0.7636967639833167,66,1.0,66,212234,8337.7,0.894,0.0,0.546,0.953846153846154,0.0614776524275813,2.951976679629704,0.0,0.0508207448119857,0.9491792551880144,Human,Stability,distilled-evolutionary-variant-effect-model,sequence,known-development-benchmark,available,,elastic_net,4,0.7559014671316815,0.7559014671316815,0.055788780217676304,0.5908380859850458,False,,False,-0.007795296851635158,-0.007795296851635158,True
variantshift-development-v1,proteingym-v1.3,proteingym-substitutions-v1.3,ESTA_BACSU_Nutschel_2020,ESTA_BACSU_Nutschel_2020,ESTA_BACSU,ESTA_BACSU,cssf_eb7894768bb9,carp_640m,0.6229921072653241,212,0.7924528301886793,168,234310,66416.1,0.774,0.0,0.4403,1.0,2.78016907724648,1.3421859430026846,0.0,0.1332236173429679,0.866776382657032,Prokaryote,Stability,convolutional-protein-language-model,sequence,known-development-benchmark,available,,elastic_net,4,0.48176715820698035,0.48176715820698035,0.21833609118205516,-0.16422820674332483,True,1.526096209390575,False,-0.1412249490583437,-0.1412249490583437,True
variantshift-development-v1,proteingym-v1.3,proteingym-substitutions-v1.3,ESTA_BACSU_Nutschel_2020,ESTA_BACSU_Nutschel_2020,ESTA_BACSU,ESTA_BACSU,cssf_eb7894768bb9,esm2_150m,0.3994688791877974,212,0.7924528301886793,168,234310,66416.1,0.774,0.0,0.4403,1.0,2.642040168070098,1.2284668307952158,0.0,0.0972682233947069,0.902731776605293,Prokaryote,Stability,masked-protein-language-model,sequence,known-development-benchmark,available,,elastic_net,4,0.4307630125444329,0.4307630125444329,0.24577028978095794,-0.29640246514385254,False,,False,0.0312941333566355,0.0312941333566355,True
variantshift-development-v1,proteingym-v1.3,proteingym-substitutions-v1.3,ESTA_BACSU_Nutschel_2020,ESTA_BACSU_Nutschel_2020,ESTA_BACSU,ESTA_BACSU,cssf_eb7894768bb9,esm2_35m,0.4887507320058852,212,0.7924528301886793,168,234310,66416.1,0.774,0.0,0.4403,1.0,2.495729643306712,1.33292181040912,0.0,0.0972076793519287,0.9027923206480712,Prokaryote,Stability,masked-protein-language-model,sequence,known-development-benchmark,available,,elastic_net,4,0.4440338471160231,0.4440338471160231,0.2276558178318055,-0.22953597969144923,False,,False,-0.044716884889862085,-0.044716884889862085,True
variantshift-development-v1,proteingym-v1.3,proteingym-substitutions-v1.3,ESTA_BACSU_Nutschel_2020,ESTA_BACSU_Nutschel_2020,ESTA_BACSU,ESTA_BACSU,cssf_eb7894768bb9,esm2_650m,0.4805047170520717,212,0.7924528301886793,168,234310,66416.1,0.774,0.0,0.4403,1.0,2.9644656456960368,1.2560792148154176,0.0,0.1307148102854425,0.8692851897145575,Prokaryote,Stability,masked-protein-language-model,sequence,known-development-benchmark,available,,elastic_net,4,0.44087980614591027,0.44087980614591027,0.22665493401772907,-0.22972868567911964,False,,False,-0.03962491090616144,-0.03962491090616144,True
variantshift-development-v1,proteingym-v1.3,proteingym-substitutions-v1.3,ESTA_BACSU_Nutschel_2020,ESTA_BACSU_Nutschel_2020,ESTA_BACSU,ESTA_BACSU,cssf_eb7894768bb9,esm2_8m,0.361968252091033,212,0.7924528301886793,168,234310,66416.1,0.774,0.0,0.4403,1.0,1.9290992020604056,1.2489044123858006,0.0,0.1410485836820436,0.8589514163179564,Prokaryote,Stability,masked-protein-language-model,sequence,known-development-benchmark,available,,elastic_net,4,0.34364896233389297,0.34364896233389297,0.21421283335627084,-0.29014683712299705,False,,False,-0.018319289757140034,-0.018319289757140034,True
variantshift-development-v1,proteingym-v1.3,proteingym-substitutions-v1.3,ESTA_BACSU_Nutschel_2020,ESTA_BACSU_Nutschel_2020,ESTA_BACSU,ESTA_BACSU,cssf_eb7894768bb9,vespag,0.6198061469422603,212,0.7924528301886793,168,234310,66416.1,0.774,0.0,0.4403,1.0,0.0865536186314576,2.4179304433900173,0.0,0.2226631033560375,0.7773368966439624,Prokaryote,Stability,distilled-evolutionary-variant-effect-model,sequence,known-development-benchmark,available,,elastic_net,4,0.479698657929212,0.479698657929212,0.18218248349643915,-0.05932830402048467,False,,False,-0.14010748901304831,-0.14010748901304831,True
variantshift-development-v1,proteingym-v1.3,proteingym-substitutions-v1.3,FECA_ECOLI_Tsuboyama_2023_2D1U,FECA_ECOLI_Tsuboyama_2023_2D1U,FECA_ECOLI,FECA_ECOLI,cssf_9a3ea6c0c19c,carp_640m,0.8481533125018644,72,1.0,72,74248,10195.5,0.986,0.0,0.4275,0.9803921568627452,2.4859957853475745,1.5015911155287776,0.0,0.1420221920287525,0.8579778079712475,Prokaryote,Stability,convolutional-protein-language-model,sequence,known-development-benchmark,available,,elastic_net,1,0.4548937600846456,0.4548937600846456,0.12493638391639181,0.207029863496779,False,,False,-0.3932595524172188,-0.3932595524172188,True
variantshift-development-v1,proteingym-v1.3,proteingym-substitutions-v1.3,FECA_ECOLI_Tsuboyama_2023_2D1U,FECA_ECOLI_Tsuboyama_2023_2D1U,FECA_ECOLI,FECA_ECOLI,cssf_9a3ea6c0c19c,esm2_150m,0.8216150266171312,72,1.0,72,74248,10195.5,0.986,0.0,0.4275,0.9803921568627452,3.3403662461300527,1.3383228083400485,0.0,0.1090100576282013,0.8909899423717986,Prokaryote,Stability,masked-protein-language-model,sequence,known-development-benchmark,available,,elastic_net,1,0.4518020905189532,0.4518020905189532,0.15072035271868778,0.1527848407084264,False,,False,-0.36981293609817795,-0.36981293609817795,True
variantshift-development-v1,proteingym-v1.3,proteingym-substitutions-v1.3,FECA_ECOLI_Tsuboyama_2023_2D1U,FECA_ECOLI_Tsuboyama_2023_2D1U,FECA_ECOLI,FECA_ECOLI,cssf_9a3ea6c0c19c,esm2_35m,0.8122199195045418,72,1.0,72,74248,10195.5,0.986,0.0,0.4275,0.9803921568627452,2.6648576117097784,1.4908587162037177,0.0,0.1226290266279597,0.8773709733720403,Prokaryote,Stability,masked-protein-language-model,sequence,known-development-benchmark,available,,elastic_net,1,0.42842262995849884,0.42842262995849884,0.1406015421743334,0.14948029933273488,False,,False,-0.3837972895460429,-0.3837972895460429,True
variantshift-development-v1,proteingym-v1.3,proteingym-substitutions-v1.3,FECA_ECOLI_Tsuboyama_2023_2D1U,FECA_ECOLI_Tsuboyama_2023_2D1U,FECA_ECOLI,FECA_ECOLI,cssf_9a3ea6c0c19c,esm2_650m,0.8231124700489622,72,1.0,72,74248,10195.5,0.986,0.0,0.4275,0.9803921568627452,4.509421518252157,1.2205178539152264,0.0,0.0884257131301486,0.9115742868698512,Prokaryote,Stability,masked-protein-language-model,sequence,known-development-benchmark,available,,elastic_net,1,0.5224822230865502,0.5224822230865502,0.1613026880727494,0.20247045755822768,False,,False,-0.3006302469624119,-0.3006302469624119,True
variantshift-development-v1,proteingym-v1.3,proteingym-substitutions-v1.3,FECA_ECOLI_Tsuboyama_2023_2D1U,FECA_ECOLI_Tsuboyama_2023_2D1U,FECA_ECOLI,FECA_ECOLI,cssf_9a3ea6c0c19c,esm2_8m,0.3995399952196669,72,1.0,72,74248,10195.5,0.986,0.0,0.4275,0.9803921568627452,1.3577497560670135,1.4347035566934945,0.0,0.3055432186310076,0.6944567813689924,Prokaryote,Stability,masked-protein-language-model,sequence,known-development-benchmark,available,,elastic_net,1,0.1847569657963063,0.1847569657963063,0.1368868167253912,-0.08681564357079619,False,,False,-0.21478302942336058,-0.21478302942336058,True
variantshift-development-v1,proteingym-v1.3,proteingym-substitutions-v1.3,FECA_ECOLI_Tsuboyama_2023_2D1U,FECA_ECOLI_Tsuboyama_2023_2D1U,FECA_ECOLI,FECA_ECOLI,cssf_9a3ea6c0c19c,vespag,0.6250997365128665,72,1.0,72,74248,10195.5,0.986,0.0,0.4275,0.9803921568627452,0.0877981845525027,2.7640605490983017,0.0,0.1340536967762226,0.8659463032237774,Prokaryote,Stability,distilled-evolutionary-variant-effect-model,sequence,known-development-benchmark,available,,elastic_net,1,0.6029531884094645,0.6029531884094645,0.0662354354351506,0.4715473272462577,True,0.030750600965949282,True,-0.022146548103401997,-0.022146548103401997,True
variantshift-development-v1,proteingym-v1.3,proteingym-substitutions-v1.3,FKBP3_HUMAN_Tsuboyama_2023_2KFV,FKBP3_HUMAN_Tsuboyama_2023_2KFV,FKBP3_HUMAN,FKBP3_HUMAN,cssf_178ecc1910b6,carp_640m,0.1405896315762572,69,1.0,69,3216,127.7,0.957,0.0,0.4367,0.9855072463768116,1.0139773229442477,1.6114575498713832,0.0,0.0982834145090274,0.9017165854909726,Human,Stability,convolutional-protein-language-model,sequence,known-development-benchmark,available,,elastic_net,2,0.4337268764529565,0.4337268764529565,0.16467504242205488,0.08044278098933572,False,,False,0.2931372448766993,0.2931372448766993,True
variantshift-development-v1,proteingym-v1.3,proteingym-substitutions-v1.3,FKBP3_HUMAN_Tsuboyama_2023_2KFV,FKBP3_HUMAN_Tsuboyama_2023_2KFV,FKBP3_HUMAN,FKBP3_HUMAN,cssf_178ecc1910b6,esm2_150m,-0.0557361874432147,69,1.0,69,3216,127.7,0.957,0.0,0.4367,0.9855072463768116,1.052965423608781,1.5324431808965226,0.0,0.0979638021327669,0.9020361978672332,Human,Stability,masked-protein-language-model,sequence,known-development-benchmark,available,,elastic_net,2,0.37236099636244735,0.37236099636244735,0.15914237830296296,0.030946351242175263,False,,False,0.42809718380566203,0.42809718380566203,False
variantshift-development-v1,proteingym-v1.3,proteingym-substitutions-v1.3,FKBP3_HUMAN_Tsuboyama_2023_2KFV,FKBP3_HUMAN_Tsuboyama_2023_2KFV,FKBP3_HUMAN,FKBP3_HUMAN,cssf_178ecc1910b6,esm2_35m,-0.0120060189020517,69,1.0,69,3216,127.7,0.957,0.0,0.4367,0.9855072463768116,0.9863639561272056,1.5985424494596114,0.0,0.1204593300383432,0.8795406699616568,Human,Stability,masked-protein-language-model,sequence,known-development-benchmark,available,,elastic_net,2,0.3645101765781277,0.3645101765781277,0.17711758933664395,-0.015467423057899166,False,,False,0.3765161954801794,0.3765161954801794,True
variantshift-development-v1,proteingym-v1.3,proteingym-substitutions-v1.3,FKBP3_HUMAN_Tsuboyama_2023_2KFV,FKBP3_HUMAN_Tsuboyama_2023_2KFV,FKBP3_HUMAN,FKBP3_HUMAN,cssf_178ecc1910b6,esm2_650m,0.2623084928531036,69,1.0,69,3216,127.7,0.957,0.0,0.4367,0.9855072463768116,1.3540656023558295,1.5931040955849565,0.0,0.1234340568992192,0.8765659431007807,Human,Stability,masked-protein-language-model,sequence,known-development-benchmark,available,,elastic_net,2,0.38708789378282543,0.38708789378282543,0.1874874085196528,-0.015136502552370978,False,,False,0.12477940092972184,0.12477940092972184,True
variantshift-development-v1,proteingym-v1.3,proteingym-substitutions-v1.3,FKBP3_HUMAN_Tsuboyama_2023_2KFV,FKBP3_HUMAN_Tsuboyama_2023_2KFV,FKBP3_HUMAN,FKBP3_HUMAN,cssf_178ecc1910b6,esm2_8m,0.0441541602182323,69,1.0,69,3216,127.7,0.957,0.0,0.4367,0.9855072463768116,1.028356480492861,1.5415188782737466,0.0,0.1234340568992192,0.8765659431007807,Human,Stability,masked-protein-language-model,sequence,known-development-benchmark,available,,elastic_net,2,0.3543444031293012,0.3543444031293012,0.1734617601525088,-0.017790196817820014,False,,False,0.3101902429110689,0.3101902429110689,True
variantshift-development-v1,proteingym-v1.3,proteingym-substitutions-v1.3,FKBP3_HUMAN_Tsuboyama_2023_2KFV,FKBP3_HUMAN_Tsuboyama_2023_2KFV,FKBP3_HUMAN,FKBP3_HUMAN,cssf_178ecc1910b6,vespag,0.5433204932926171,69,1.0,69,3216,127.7,0.957,0.0,0.4367,0.9855072463768116,0.0586911992051339,2.5135115533069654,0.0,0.2516802758158316,0.7483197241841684,Human,Stability,distilled-evolutionary-variant-effect-model,sequence,known-development-benchmark,available,,elastic_net,2,0.45754728611759504,0.45754728611759504,0.10004224379814222,0.24292257378386875,True,-2.3332073848065824,True,-0.08577320717502207,-0.08577320717502207,True
variantshift-development-v1,proteingym-v1.3,proteingym-substitutions-v1.3,GAL4_YEAST_Kitzman_2015,GAL4_YEAST_Kitzman_2015,GAL4_YEAST,GAL4_YEAST,cssf_2be67f569203,carp_640m,0.8101093669835603,881,0.0726447219069239,64,16159,8829.6,0.707,0.0,0.2239,1.0,4.039195334566635,1.4031108708910236,0.0,0.1237911897546253,0.8762088102453747,Eukaryote,OrganismalFitness,convolutional-protein-language-model,sequence,known-development-benchmark,available,,elastic_net,4,0.5490842972239381,0.5490842972239381,0.39065074661143195,-0.6067418891802924,True,1.1265971119730538,False,-0.26102506975962214,-0.26102506975962214,True
variantshift-development-v1,proteingym-v1.3,proteingym-substitutions-v1.3,GAL4_YEAST_Kitzman_2015,GAL4_YEAST_Kitzman_2015,GAL4_YEAST,GAL4_YEAST,cssf_2be67f569203,esm2_150m,0.547758795914342,881,0.0726447219069239,64,16159,8829.6,0.707,0.0,0.2239,1.0,3.787121704827549,1.2400308870258163,0.0,0.0940224766096895,0.9059775233903103,Eukaryote,OrganismalFitness,masked-protein-language-model,sequence,known-development-benchmark,available,,elastic_net,4,0.4718092117593658,0.4718092117593658,0.3963023154604546,-0.7007383845656916,False,,False,-0.07594958415497616,-0.07594958415497616,True
variantshift-development-v1,proteingym-v1.3,proteingym-substitutions-v1.3,GAL4_YEAST_Kitzman_2015,GAL4_YEAST_Kitzman_2015,GAL4_YEAST,GAL4_YEAST,cssf_2be67f569203,esm2_35m,0.5228780094623994,881,0.0726447219069239,64,16159,8829.6,0.707,0.0,0.2239,1.0,3.1450278091681443,1.0388895043939348,0.0,0.0671999711126123,0.9328000288873876,Eukaryote,OrganismalFitness,masked-protein-language-model,sequence,known-development-benchmark,available,,elastic_net,4,0.38710515999636785,0.38710515999636785,0.2925526773657716,-0.4784763046113637,False,,False,-0.13577284946603152,-0.13577284946603152,True
variantshift-development-v1,proteingym-v1.3,proteingym-substitutions-v1.3,GAL4_YEAST_Kitzman_2015,GAL4_YEAST_Kitzman_2015,GAL4_YEAST,GAL4_YEAST,cssf_2be67f569203,esm2_650m,0.8320454021275833,881,0.0726447219069239,64,16159,8829.6,0.707,0.0,0.2239,1.0,4.475195735038269,1.4710413515696152,0.0,0.1622298813022304,0.8377701186977695,Eukaryote,OrganismalFitness,masked-protein-language-model,sequence,known-development-benchmark,available,,elastic_net,4,0.5379655077310506,0.5379655077310506,0.3994999147433983,-0.6440428896212986,False,,False,-0.2940798943965327,-0.2940798943965327,True
variantshift-development-v1,proteingym-v1.3,proteingym-substitutions-v1.3,GAL4_YEAST_Kitzman_2015,GAL4_YEAST_Kitzman_2015,GAL4_YEAST,GAL4_YEAST,cssf_2be67f569203,esm2_8m,0.4023321738360568,881,0.0726447219069239,64,16159,8829.6,0.707,0.0,0.2239,1.0,2.9548837485515898,0.9983761431305416,0.0,0.0940224766096895,0.9059775233903103,Eukaryote,OrganismalFitness,masked-protein-language-model,sequence,known-development-benchmark,available,,elastic_net,4,0.3416722412779265,0.3416722412779265,0.28730945614941983,-0.5083959997265296,False,,False,-0.06065993255813029,-0.06065993255813029,True
variantshift-development-v1,proteingym-v1.3,proteingym-substitutions-v1.3,GAL4_YEAST_Kitzman_2015,GAL4_YEAST_Kitzman_2015,GAL4_YEAST,GAL4_YEAST,cssf_2be67f569203,vespag,0.8573198719094618,881,0.0726447219069239,64,16159,8829.6,0.707,0.0,0.2239,1.0,0.0578563610622996,2.7269003213174594,0.0,0.1597247442625872,0.8402752557374128,Eukaryote,OrganismalFitness,distilled-evolutionary-variant-effect-model,sequence,known-development-benchmark,available,,elastic_net,4,0.5370055160721728,0.5370055160721728,0.299679443412685,-0.3496620539451879,False,,False,-0.32031435583728896,-0.32031435583728896,True
variantshift-development-v1,proteingym-v1.3,proteingym-substitutions-v1.3,GDIA_HUMAN_Silverstein_2021,GDIA_HUMAN_Silverstein_2021,GDIA_HUMAN,GDIA_HUMAN,cssf_8931019bd293,carp_640m,0.5630896154879128,447,0.9955257270693512,445,5196,357.4,0.996,0.0,0.4881,1.0,3.468024192018462,1.8652866149769904,0.0,0.1936846605800025,0.8063153394199974,Human,OrganismalFitness,convolutional-protein-language-model,sequence,known-development-benchmark,available,,elastic_net,0,0.6064128624716028,0.6064128624716028,0.12880131944038511,0.2639299286470601,False,,False,0.043323246983689945,0.043323246983689945,True
variantshift-development-v1,proteingym-v1.3,proteingym-substitutions-v1.3,GDIA_HUMAN_Silverstein_2021,GDIA_HUMAN_Silverstein_2021,GDIA_HUMAN,GDIA_HUMAN,cssf_8931019bd293,esm2_150m,0.4952769360133736,447,0.9955257270693512,445,5196,357.4,0.996,0.0,0.4881,1.0,3.3861529357572873,1.628029310718529,0.0,0.1984404519859463,0.8015595480140537,Human,OrganismalFitness,masked-protein-language-model,sequence,known-development-benchmark,available,,elastic_net,0,0.48832259722453997,0.48832259722453997,0.14290547643758483,0.10833668525885609,False,,False,-0.006954338788833614,-0.006954338788833614,True
variantshift-development-v1,proteingym-v1.3,proteingym-substitutions-v1.3,GDIA_HUMAN_Silverstein_2021,GDIA_HUMAN_Silverstein_2021,GDIA_HUMAN,GDIA_HUMAN,cssf_8931019bd293,esm2_35m,0.1929188652590299,447,0.9955257270693512,445,5196,357.4,0.996,0.0,0.4881,1.0,1.8898238022684637,0.861597367288968,0.0,0.3099894572427231,0.6900105427572769,Human,OrganismalFitness,masked-protein-language-model,sequence,known-development-benchmark,available,,elastic_net,0,0.09113822975272101,0.09113822975272101,0.15585314262136601,-0.3232755492570936,False,,False,-0.10178063550630889,-0.10178063550630889,True
variantshift-development-v1,proteingym-v1.3,proteingym-substitutions-v1.3,GDIA_HUMAN_Silverstein_2021,GDIA_HUMAN_Silverstein_2021,GDIA_HUMAN,GDIA_HUMAN,cssf_8931019bd293,esm2_650m,0.4874923058623666,447,0.9955257270693512,445,5196,357.4,0.996,0.0,0.4881,1.0,3.3637488650589553,2.2120632933545674,0.0,0.1789775151548598,0.8210224848451402,Human,OrganismalFitness,masked-protein-language-model,sequence,known-development-benchmark,available,,elastic_net,0,0.6408641920432226,0.6408641920432226,0.09568126306044299,0.3864475461008232,True,-0.6903138940667741,True,0.15337188618085607,0.15337188618085607,True
variantshift-development-v1,proteingym-v1.3,proteingym-substitutions-v1.3,GDIA_HUMAN_Silverstein_2021,GDIA_HUMAN_Silverstein_2021,GDIA_HUMAN,GDIA_HUMAN,cssf_8931019bd293,esm2_8m,-0.0142338410007597,447,0.9955257270693512,445,5196,357.4,0.996,0.0,0.4881,1.0,1.1500984940946168,1.1838538299103682,0.0,0.3739767730604685,0.6260232269395315,Human,OrganismalFitness,masked-protein-language-model,sequence,known-development-benchmark,available,,elastic_net,0,0.0657416609391373,0.0657416609391373,0.12069221647107499,-0.25517915389717505,False,,False,0.079975501939897,0.079975501939897,True
variantshift-development-v1,proteingym-v1.3,proteingym-substitutions-v1.3,GDIA_HUMAN_Silverstein_2021,GDIA_HUMAN_Silverstein_2021,GDIA_HUMAN,GDIA_HUMAN,cssf_8931019bd293,vespag,0.5250501590071296,447,0.9955257270693512,445,5196,357.4,0.996,0.0,0.4881,1.0,0.1439160023992177,2.282852016300215,0.0,0.1282487507427043,0.8717512492572956,Human,OrganismalFitness,distilled-evolutionary-variant-effect-model,sequence,known-development-benchmark,available,,elastic_net,0,0.46895027316105986,0.46895027316105986,0.08766689745530863,0.2358438393897347,False,,False,-0.05609988584606973,-0.05609988584606973,True
variantshift-development-v1,proteingym-v1.3,proteingym-substitutions-v1.3,GFP_AEQVI_Sarkisyan_2016,GFP_AEQVI_Sarkisyan_2016,GFP_AEQVI,GFP_AEQVI,cssf_cba7b508de0e,carp_640m,-0.1169253941089834,238,0.9789915966386554,233,396,13.1,0.975,0.0,0.302,1.0,0.4760149290485618,1.7025710473370486,0.0,0.0840637663639018,0.915936233636098,Eukaryote,Activity,convolutional-protein-language-model,sequence,known-development-benchmark,available,,elastic_net,1,0.3755436634147753,0.3755436634147753,0.2316146475504935,-0.08396146430773899,False,,False,0.4924690575237587,0.4924690575237587,False
variantshift-development-v1,proteingym-v1.3,proteingym-substitutions-v1.3,GFP_AEQVI_Sarkisyan_2016,GFP_AEQVI_Sarkisyan_2016,GFP_AEQVI,GFP_AEQVI,cssf_cba7b508de0e,esm2_150m,-0.0448418320726619,238,0.9789915966386554,233,396,13.1,0.975,0.0,0.302,1.0,1.6383400385883764,1.6048372051314437,0.0,0.0625593729101738,0.937440627089826,Eukaryote,Activity,masked-protein-language-model,sequence,known-development-benchmark,available,,elastic_net,1,0.3995410192202208,0.3995410192202208,0.20077685609999898,0.0012156288286564454,False,,False,0.4443828512928827,0.4443828512928827,False
variantshift-development-v1,proteingym-v1.3,proteingym-substitutions-v1.3,GFP_AEQVI_Sarkisyan_2016,GFP_AEQVI_Sarkisyan_2016,GFP_AEQVI,GFP_AEQVI,cssf_cba7b508de0e,esm2_35m,0.0331572157897336,238,0.9789915966386554,233,396,13.1,0.975,0.0,0.302,1.0,1.5743948554898042,1.6336597937638735,0.0,0.0595622112420524,0.9404377887579476,Eukaryote,Activity,masked-protein-language-model,sequence,known-development-benchmark,available,,elastic_net,1,0.40382021195847845,0.40382021195847845,0.201383310178509,0.004291664677871343,True,-2.4299377680066785,True,0.3706629961687449,0.3706629961687449,True
variantshift-development-v1,proteingym-v1.3,proteingym-substitutions-v1.3,GFP_AEQVI_Sarkisyan_2016,GFP_AEQVI_Sarkisyan_2016,GFP_AEQVI,GFP_AEQVI,cssf_cba7b508de0e,esm2_650m,0.0150151797858523,238,0.9789915966386554,233,396,13.1,0.975,0.0,0.302,1.0,1.644148244139445,1.5953777291003923,0.0,0.0665029205935715,0.9334970794064285,Eukaryote,Activity,masked-protein-language-model,sequence,known-development-benchmark,available,,elastic_net,1,0.39480994239945333,0.39480994239945333,0.2015305162896139,-0.005010650153765672,False,,False,0.379794762613601,0.379794762613601,True
variantshift-development-v1,proteingym-v1.3,proteingym-substitutions-v1.3,GFP_AEQVI_Sarkisyan_2016,GFP_AEQVI_Sarkisyan_2016,GFP_AEQVI,GFP_AEQVI,cssf_cba7b508de0e,esm2_8m,-0.0078419998672645,238,0.9789915966386554,233,396,13.1,0.975,0.0,0.302,1.0,1.4070135853798855,1.6686319227537632,0.0,0.0840637663639018,0.915936233636098,Eukaryote,Activity,masked-protein-language-model,sequence,known-development-benchmark,available,,elastic_net,1,0.3811667746212941,0.3811667746212941,0.214392835364998,-0.04417164088504194,False,,False,0.38900877448855864,0.38900877448855864,True
variantshift-development-v1,proteingym-v1.3,proteingym-substitutions-v1.3,GFP_AEQVI_Sarkisyan_2016,GFP_AEQVI_Sarkisyan_2016,GFP_AEQVI,GFP_AEQVI,cssf_cba7b508de0e,vespag,0.3982244884098689,238,0.9789915966386554,233,396,13.1,0.975,0.0,0.302,1.0,0.0129904310429433,2.181555635101452,0.0,0.3864455990031075,0.6135544009968925,Eukaryote,Activity,distilled-evolutionary-variant-effect-model,sequence,known-development-benchmark,available,,elastic_net,1,0.24508761069284207,0.24508761069284207,0.06922544975756877,0.10774979778286425,False,,False,-0.15313687771702683,-0.15313687771702683,True
variantshift-development-v1,proteingym-v1.3,proteingym-substitutions-v1.3,GRB2_HUMAN_Faure_2021,GRB2_HUMAN_Faure_2021,GRB2_HUMAN,GRB2_HUMAN,cssf_784e4bfd3195,carp_640m,0.8822130996795066,217,0.2534562211981567,55,33228,1471.1,0.816,0.0,0.2748,1.0,2.8083890339757667,1.702118829679438,0.0,0.1063709802298107,0.8936290197701893,Human,OrganismalFitness,convolutional-protein-language-model,sequence,known-development-benchmark,available,,elastic_net,0,0.5659002194144833,0.5659002194144833,0.24488612567508045,-0.08525241736378819,False,,False,-0.31631288026502324,-0.31631288026502324,True
variantshift-development-v1,proteingym-v1.3,proteingym-substitutions-v1.3,GRB2_HUMAN_Faure_2021,GRB2_HUMAN_Faure_2021,GRB2_HUMAN,GRB2_HUMAN,cssf_784e4bfd3195,esm2_150m,0.9713735895264308,217,0.2534562211981567,55,33228,1471.1,0.816,0.0,0.2748,1.0,5.038372376226358,1.5547071386665758,0.0,0.0576118948886947,0.9423881051113052,Human,OrganismalFitness,masked-protein-language-model,sequence,known-development-benchmark,available,,elastic_net,0,0.7331106133227736,0.7331106133227736,0.2390196686612411,0.09755689601197848,False,,False,-0.23826297620365722,-0.23826297620365722,True
variantshift-development-v1,proteingym-v1.3,proteingym-substitutions-v1.3,GRB2_HUMAN_Faure_2021,GRB2_HUMAN_Faure_2021,GRB2_HUMAN,GRB2_HUMAN,cssf_784e4bfd3195,esm2_35m,0.9446735071491582,217,0.2534562211981567,55,33228,1471.1,0.816,0.0,0.2748,1.0,4.395230183195083,1.5666524444316303,0.0,0.0691642732613784,0.9308357267386216,Human,OrganismalFitness,masked-protein-language-model,sequence,known-development-benchmark,available,,elastic_net,0,0.6645122674010094,0.6645122674010094,0.23552447949946695,0.0382522641887737,False,,False,-0.28016123974814877,-0.28016123974814877,True
variantshift-development-v1,proteingym-v1.3,proteingym-substitutions-v1.3,GRB2_HUMAN_Faure_2021,GRB2_HUMAN_Faure_2021,GRB2_HUMAN,GRB2_HUMAN,cssf_784e4bfd3195,esm2_650m,1.0037161929241771,217,0.2534562211981567,55,33228,1471.1,0.816,0.0,0.2748,1.0,5.87751513522974,1.5943787085092642,0.0,0.0564000841328788,0.9435999158671212,Human,OrganismalFitness,masked-protein-language-model,sequence,known-development-benchmark,available,,elastic_net,0,0.8299792269670503,0.8299792269670503,0.23702029660448956,0.19974184345452817,True,-0.27987156950848185,True,-0.17373696595712684,-0.17373696595712684,True
variantshift-development-v1,proteingym-v1.3,proteingym-substitutions-v1.3,GRB2_HUMAN_Faure_2021,GRB2_HUMAN_Faure_2021,GRB2_HUMAN,GRB2_HUMAN,cssf_784e4bfd3195,esm2_8m,0.7585637843028145,217,0.2534562211981567,55,33228,1471.1,0.816,0.0,0.2748,1.0,3.1766075583336604,1.4372809176336796,0.0,0.0944664503024848,0.9055335496975152,Human,OrganismalFitness,masked-protein-language-model,sequence,known-development-benchmark,available,,elastic_net,0,0.49499726000859545,0.49499726000859545,0.21510526369000177,-0.07696801262784914,False,,False,-0.263566524294219,-0.263566524294219,True
variantshift-development-v1,proteingym-v1.3,proteingym-substitutions-v1.3,GRB2_HUMAN_Faure_2021,GRB2_HUMAN_Faure_2021,GRB2_HUMAN,GRB2_HUMAN,cssf_784e4bfd3195,vespag,0.925684763601735,217,0.2534562211981567,55,33228,1471.1,0.816,0.0,0.2748,1.0,0.0189731311275558,2.4883049817592138,0.0,0.0564538169774005,0.9435461830225994,Human,OrganismalFitness,distilled-evolutionary-variant-effect-model,sequence,known-development-benchmark,available,,elastic_net,0,0.5683255467788091,0.5683255467788091,0.1618729443668082,0.13790510439179682,False,,False,-0.35735921682292593,-0.35735921682292593,True
variantshift-development-v1,proteingym-v1.3,proteingym-substitutions-v1.3,HCP_LAMBD_Tsuboyama_2023_2L6Q,HCP_LAMBD_Tsuboyama_2023_2L6Q,HCP_LAMBD,HCP_LAMBD,cssf_f4afbafe8fe3,carp_640m,0.792773574792699,55,1.0,55,2128,1691.9,0.945,0.0,0.6414,1.0,2.768594753306876,1.5378071237387274,0.0,0.1311821824055794,0.8688178175944206,Virus,Stability,convolutional-protein-language-model,sequence,known-development-benchmark,available,,elastic_net,0,0.5254621817894829,0.5254621817894829,0.15791628078377395,0.10556251479484918,False,,False,-0.26731139300321616,-0.26731139300321616,True
variantshift-development-v1,proteingym-v1.3,proteingym-substitutions-v1.3,HCP_LAMBD_Tsuboyama_2023_2L6Q,HCP_LAMBD_Tsuboyama_2023_2L6Q,HCP_LAMBD,HCP_LAMBD,cssf_f4afbafe8fe3,esm2_150m,0.7642185074664947,55,1.0,55,2128,1691.9,0.945,0.0,0.6414,1.0,2.4659224691367765,1.4426974991493964,0.0,0.1131093888983596,0.8868906111016404,Virus,Stability,masked-protein-language-model,sequence,known-development-benchmark,available,,elastic_net,0,0.43072036232272776,0.43072036232272776,0.17169215380089345,-0.025809375135439794,False,,False,-0.3334981451437669,-0.3334981451437669,True
variantshift-development-v1,proteingym-v1.3,proteingym-substitutions-v1.3,HCP_LAMBD_Tsuboyama_2023_2L6Q,HCP_LAMBD_Tsuboyama_2023_2L6Q,HCP_LAMBD,HCP_LAMBD,cssf_f4afbafe8fe3,esm2_35m,0.5829402210858102,55,1.0,55,2128,1691.9,0.945,0.0,0.6414,1.0,1.5137294090022524,1.8731823710370132,0.0,0.1218026345182528,0.8781973654817472,Virus,Stability,masked-protein-language-model,sequence,known-development-benchmark,available,,elastic_net,0,0.4361256277123883,0.4361256277123883,0.19538486594988447,-0.08340307281775694,False,,False,-0.14681459337342195,-0.14681459337342195,True
variantshift-development-v1,proteingym-v1.3,proteingym-substitutions-v1.3,HCP_LAMBD_Tsuboyama_2023_2L6Q,HCP_LAMBD_Tsuboyama_2023_2L6Q,HCP_LAMBD,HCP_LAMBD,cssf_f4afbafe8fe3,esm2_650m,0.8561447478134085,55,1.0,55,2128,1691.9,0.945,0.0,0.6414,1.0,3.3875833108009403,1.6089851213550923,0.0,0.1790297068720264,0.8209702931279735,Virus,Stability,masked-protein-language-model,sequence,known-development-benchmark,available,,elastic_net,0,0.5365484511366879,0.5365484511366879,0.1677339349706728,0.09054362447588965,False,,False,-0.3195962966767206,-0.3195962966767206,True
variantshift-development-v1,proteingym-v1.3,proteingym-substitutions-v1.3,HCP_LAMBD_Tsuboyama_2023_2L6Q,HCP_LAMBD_Tsuboyama_2023_2L6Q,HCP_LAMBD,HCP_LAMBD,cssf_f4afbafe8fe3,esm2_8m,0.4265129206701782,55,1.0,55,2128,1691.9,0.945,0.0,0.6414,1.0,1.4510019302795512,1.8265727811570744,0.0,0.1675611365139091,0.8324388634860909,Virus,Stability,masked-protein-language-model,sequence,known-development-benchmark,available,,elastic_net,0,0.3967977124792331,0.3967977124792331,0.18980474829930358,-0.10789344545150115,False,,False,-0.029715208190945086,-0.029715208190945086,True
variantshift-development-v1,proteingym-v1.3,proteingym-substitutions-v1.3,HCP_LAMBD_Tsuboyama_2023_2L6Q,HCP_LAMBD_Tsuboyama_2023_2L6Q,HCP_LAMBD,HCP_LAMBD,cssf_f4afbafe8fe3,vespag,0.7464006330582457,55,1.0,55,2128,1691.9,0.945,0.0,0.6414,1.0,0.0810883234492017,2.6264075798778284,0.0,0.2021094036201529,0.797890596379847,Virus,Stability,distilled-evolutionary-variant-effect-model,sequence,known-development-benchmark,available,,elastic_net,0,0.5578130226085367,0.5578130226085367,0.1385569840088401,0.18938975962176813,True,-0.8777092862438898,True,-0.18858761044970895,-0.18858761044970895,True
variantshift-development-v1,proteingym-v1.3,proteingym-substitutions-v1.3,HECD1_HUMAN_Tsuboyama_2023_3DKM,HECD1_HUMAN_Tsuboyama_2023_3DKM,HECD1_HUMAN,HECD1_HUMAN,cssf_45f2530c8897,carp_640m,0.9322981963001422,72,1.0,72,18660,1239.8,0.903,0.0,0.6027,1.0,2.2814967669660273,2.312638752711573,0.0,0.2756405429425755,0.7243594570574244,Human,Stability,convolutional-protein-language-model,sequence,known-development-benchmark,available,,elastic_net,1,0.5529557208682176,0.5529557208682176,0.1709196016254659,0.21386476005983834,False,,False,-0.37934247543192456,-0.37934247543192456,True
variantshift-development-v1,proteingym-v1.3,proteingym-substitutions-v1.3,HECD1_HUMAN_Tsuboyama_2023_3DKM,HECD1_HUMAN_Tsuboyama_2023_3DKM,HECD1_HUMAN,HECD1_HUMAN,cssf_45f2530c8897,esm2_150m,0.6390827105243576,72,1.0,72,18660,1239.8,0.903,0.0,0.6027,1.0,3.9483350760886857,2.0413871507694124,0.0,0.2411462187162592,0.7588537812837408,Human,Stability,masked-protein-language-model,sequence,known-development-benchmark,available,,elastic_net,1,0.5833250847840732,0.5833250847840732,0.17700986004586977,0.23215153333245447,False,,False,-0.05575762574028442,-0.05575762574028442,True
variantshift-development-v1,proteingym-v1.3,proteingym-substitutions-v1.3,HECD1_HUMAN_Tsuboyama_2023_3DKM,HECD1_HUMAN_Tsuboyama_2023_3DKM,HECD1_HUMAN,HECD1_HUMAN,cssf_45f2530c8897,esm2_35m,0.0301195215633078,72,1.0,72,18660,1239.8,0.903,0.0,0.6027,1.0,1.3435789315783024,1.671774867969081,0.0,0.3043925818864111,0.6956074181135888,Human,Stability,masked-protein-language-model,sequence,known-development-benchmark,available,,elastic_net,1,0.2719007219907218,0.2719007219907218,0.21215527449043306,-0.14899854985036004,False,,False,0.241781200427414,0.241781200427414,True
variantshift-development-v1,proteingym-v1.3,proteingym-substitutions-v1.3,HECD1_HUMAN_Tsuboyama_2023_3DKM,HECD1_HUMAN_Tsuboyama_2023_3DKM,HECD1_HUMAN,HECD1_HUMAN,cssf_45f2530c8897,esm2_650m,0.7669093321046405,72,1.0,72,18660,1239.8,0.903,0.0,0.6027,1.0,6.307879701635355,2.42881248896376,0.0,0.3644760182346952,0.6355239817653048,Human,Stability,masked-protein-language-model,sequence,known-development-benchmark,available,,elastic_net,1,0.7383577196758135,0.7383577196758135,0.14644550758577424,0.44782142424173726,True,-0.8803251728001518,True,-0.028551612428826978,-0.028551612428826978,True
variantshift-development-v1,proteingym-v1.3,proteingym-substitutions-v1.3,HECD1_HUMAN_Tsuboyama_2023_3DKM,HECD1_HUMAN_Tsuboyama_2023_3DKM,HECD1_HUMAN,HECD1_HUMAN,cssf_45f2530c8897,esm2_8m,0.0306003660562051,72,1.0,72,18660,1239.8,0.903,0.0,0.6027,1.0,1.2500942597091094,1.899043309950651,0.0,0.3502078184890346,0.6497921815109654,Human,Stability,masked-protein-language-model,sequence,known-development-benchmark,available,,elastic_net,1,0.28076568884745534,0.28076568884745534,0.19878097640163747,-0.11360003420262776,False,,False,0.25016532279125026,0.25016532279125026,True
variantshift-development-v1,proteingym-v1.3,proteingym-substitutions-v1.3,HECD1_HUMAN_Tsuboyama_2023_3DKM,HECD1_HUMAN_Tsuboyama_2023_3DKM,HECD1_HUMAN,HECD1_HUMAN,cssf_45f2530c8897,vespag,0.8556928719583426,72,1.0,72,18660,1239.8,0.903,0.0,0.6027,1.0,0.0543362184221799,3.020532911414168,0.0,0.3388391410818074,0.6611608589181925,Human,Stability,distilled-evolutionary-variant-effect-model,sequence,known-development-benchmark,available,,elastic_net,1,0.534849985435663,0.534849985435663,0.16582541988262814,0.2058654779847902,False,,False,-0.32084288652267967,-0.32084288652267967,True
variantshift-development-v1,proteingym-v1.3,proteingym-substitutions-v1.3,HEM3_HUMAN_Loggerenberg_2023,HEM3_HUMAN_Loggerenberg_2023,HEM3_HUMAN,HEM3_HUMAN,cssf_afe0fb52df15,carp_640m,0.3718126828628308,361,0.9473684210526316,342,59544,11856.8,0.85,0.0,0.2936,1.0,4.710317237520534,1.515792214868123,0.0,0.0713430236164907,0.9286569763835092,Human,Activity,convolutional-protein-language-model,sequence,known-development-benchmark,available,,elastic_net,4,0.6783895850169525,0.6783895850169525,0.2351204190373553,-0.01726590684883056,True,0.9175153735129324,False,0.30657690215412164,0.30657690215412164,True
variantshift-development-v1,proteingym-v1.3,proteingym-substitutions-v1.3,HEM3_HUMAN_Loggerenberg_2023,HEM3_HUMAN_Loggerenberg_2023,HEM3_HUMAN,HEM3_HUMAN,cssf_afe0fb52df15,esm2_150m,0.4085790175934138,361,0.9473684210526316,342,59544,11856.8,0.85,0.0,0.2936,1.0,4.147540553268961,1.2894384173359243,0.0,0.0610534851933677,0.9389465148066324,Human,Activity,masked-protein-language-model,sequence,known-development-benchmark,available,,elastic_net,4,0.5451259360230443,0.5451259360230443,0.2562894121270788,-0.21316267958600343,False,,False,0.13654691842963046,0.13654691842963046,True
variantshift-development-v1,proteingym-v1.3,proteingym-substitutions-v1.3,HEM3_HUMAN_Loggerenberg_2023,HEM3_HUMAN_Loggerenberg_2023,HEM3_HUMAN,HEM3_HUMAN,cssf_afe0fb52df15,esm2_35m,0.3798192147966244,361,0.9473684210526316,342,59544,11856.8,0.85,0.0,0.2936,1.0,3.504582057953723,1.2112368955226276,0.0,0.0793063967714318,0.9206936032285682,Human,Activity,masked-protein-language-model,sequence,known-development-benchmark,available,,elastic_net,4,0.45810359550904994,0.45810359550904994,0.262446780937013,-0.31840295049333084,False,,False,0.07828438071242555,0.07828438071242555,True
variantshift-development-v1,proteingym-v1.3,proteingym-substitutions-v1.3,HEM3_HUMAN_Loggerenberg_2023,HEM3_HUMAN_Loggerenberg_2023,HEM3_HUMAN,HEM3_HUMAN,cssf_afe0fb52df15,esm2_650m,0.3550037589519834,361,0.9473684210526316,342,59544,11856.8,0.85,0.0,0.2936,1.0,4.700397223037648,1.653782207361662,0.0,0.0882717840046649,0.911728215995335,Human,Activity,masked-protein-language-model,sequence,known-development-benchmark,available,,elastic_net,4,0.6620601070840577,0.6620601070840577,0.20029765722242743,0.0694354178923714,False,,False,0.30705634813207433,0.30705634813207433,True
variantshift-development-v1,proteingym-v1.3,proteingym-substitutions-v1.3,HEM3_HUMAN_Loggerenberg_2023,HEM3_HUMAN_Loggerenberg_2023,HEM3_HUMAN,HEM3_HUMAN,cssf_afe0fb52df15,esm2_8m,0.103293535397192,361,0.9473684210526316,342,59544,11856.8,0.85,0.0,0.2936,1.0,1.625956692840602,1.264064817452213,0.0,0.313229807377464,0.686770192622536,Human,Activity,masked-protein-language-model,sequence,known-development-benchmark,available,,elastic_net,4,0.14294114467108227,0.14294114467108227,0.15006388440010282,-0.30105587498826886,False,,False,0.03964760927389027,0.03964760927389027,True
variantshift-development-v1,proteingym-v1.3,proteingym-substitutions-v1.3,HEM3_HUMAN_Loggerenberg_2023,HEM3_HUMAN_Loggerenberg_2023,HEM3_HUMAN,HEM3_HUMAN,cssf_afe0fb52df15,vespag,0.4835492608649019,361,0.9473684210526316,342,59544,11856.8,0.85,0.0,0.2936,1.0,0.1304168060122726,2.5320504434216424,0.0,0.0793063967714318,0.9206936032285682,Human,Activity,distilled-evolutionary-variant-effect-model,sequence,known-development-benchmark,available,,elastic_net,4,0.5599921054731354,0.5599921054731354,0.25930894782176395,-0.20723047085907165,False,,False,0.07644284460823347,0.07644284460823347,True
variantshift-development-v1,proteingym-v1.3,proteingym-substitutions-v1.3,HMDH_HUMAN_Jiang_2019,HMDH_HUMAN_Jiang_2019,HMDH_HUMAN,HMDH_HUMAN,cssf_5e5c54cd042b,carp_640m,0.5293859580461854,888,0.9988738738738738,887,3153,518.9,0.995,0.0,0.2185,1.0,4.500731042706749,1.2861326029570483,0.0,0.1742857533336782,0.8257142466663218,Human,OrganismalFitness,convolutional-protein-language-model,sequence,known-development-benchmark,available,,elastic_net,3,0.4654364130499229,0.4654364130499229,0.12369521867394745,0.24809880912865934,True,-0.29646894723419676,True,-0.06394954499626249,-0.06394954499626249,True
variantshift-development-v1,proteingym-v1.3,proteingym-substitutions-v1.3,HMDH_HUMAN_Jiang_2019,HMDH_HUMAN_Jiang_2019,HMDH_HUMAN,HMDH_HUMAN,cssf_5e5c54cd042b,esm2_150m,0.2179144786245432,888,0.9988738738738738,887,3153,518.9,0.995,0.0,0.2185,1.0,2.3979071755013885,0.9867675962043412,0.0,0.189948671971189,0.810051328028811,Human,OrganismalFitness,masked-protein-language-model,sequence,known-development-benchmark,available,,elastic_net,3,0.1384705121457483,0.1384705121457483,0.10730384622311456,-0.05006677393270967,False,,False,-0.0794439664787949,-0.0794439664787949,True
variantshift-development-v1,proteingym-v1.3,proteingym-substitutions-v1.3,HMDH_HUMAN_Jiang_2019,HMDH_HUMAN_Jiang_2019,HMDH_HUMAN,HMDH_HUMAN,cssf_5e5c54cd042b,esm2_35m,0.0211182985077763,888,0.9988738738738738,887,3153,518.9,0.995,0.0,0.2185,1.0,1.3324887241646566,1.2847673556568646,0.0,0.3099088941521091,0.6900911058478909,Human,OrganismalFitness,masked-protein-language-model,sequence,known-development-benchmark,available,,elastic_net,3,0.04453783011771617,0.04453783011771617,0.10759773564640532,-0.14451583180582744,False,,False,0.02341953160993987,0.02341953160993987,True
variantshift-development-v1,proteingym-v1.3,proteingym-substitutions-v1.3,HMDH_HUMAN_Jiang_2019,HMDH_HUMAN_Jiang_2019,HMDH_HUMAN,HMDH_HUMAN,cssf_5e5c54cd042b,esm2_650m,0.4633748344927211,888,0.9988738738738738,887,3153,518.9,0.995,0.0,0.2185,1.0,4.041161680977959,0.993960287385946,0.0,0.1402871712464692,0.8597128287535307,Human,OrganismalFitness,masked-protein-language-model,sequence,known-development-benchmark,available,,elastic_net,3,0.3181363307219307,0.3181363307219307,0.13036477837613922,0.08908003516146093,False,,False,-0.1452385037707904,-0.1452385037707904,True
variantshift-development-v1,proteingym-v1.3,proteingym-substitutions-v1.3,HMDH_HUMAN_Jiang_2019,HMDH_HUMAN_Jiang_2019,HMDH_HUMAN,HMDH_HUMAN,cssf_5e5c54cd042b,esm2_8m,0.0135053538645084,888,0.9988738738738738,887,3153,518.9,0.995,0.0,0.2185,1.0,1.0167117119949385,1.549680184482578,0.0,0.3283931217284574,0.6716068782715425,Human,OrganismalFitness,masked-protein-language-model,sequence,known-development-benchmark,available,,elastic_net,3,0.06507655791898015,0.06507655791898015,0.15642991093817046,-0.20977725122084934,False,,False,0.05157120405447175,0.05157120405447175,True
variantshift-development-v1,proteingym-v1.3,proteingym-substitutions-v1.3,HMDH_HUMAN_Jiang_2019,HMDH_HUMAN_Jiang_2019,HMDH_HUMAN,HMDH_HUMAN,cssf_5e5c54cd042b,vespag,0.3342164543849277,888,0.9988738738738738,887,3153,518.9,0.995,0.0,0.2185,1.0,0.1251085518438875,2.509827653995348,0.0,0.189948671971189,0.810051328028811,Human,OrganismalFitness,distilled-evolutionary-variant-effect-model,sequence,known-development-benchmark,available,,elastic_net,3,0.4117835567406283,0.4117835567406283,0.1383124292308668,0.1687629106410937,False,,False,0.07756710235570058,0.07756710235570058,True
variantshift-development-v1,proteingym-v1.3,proteingym-substitutions-v1.3,HSP82_YEAST_Cote-Hammarlof_2020_growth-H2O2,HSP82_YEAST_Cote-Hammarlof_2020_growth-H2O2,HSP82_YEAST,HSP82_YEAST,cssf_4ba74830b6b6,carp_640m,0.4750336662788819,709,0.1678420310296191,119,48695,4590.4,0.917,0.0,0.2301,1.0,3.878545930546832,1.987489381211964,0.0,0.1677590179459792,0.8322409820540208,Eukaryote,OrganismalFitness,convolutional-protein-language-model,sequence,known-development-benchmark,available,,elastic_net,1,0.640618540661876,0.640618540661876,0.1580913174529328,0.32697788025332547,True,0.7230607132790113,True,0.16558487438299407,0.16558487438299407,True
variantshift-development-v1,proteingym-v1.3,proteingym-substitutions-v1.3,HSP82_YEAST_Cote-Hammarlof_2020_growth-H2O2,HSP82_YEAST_Cote-Hammarlof_2020_growth-H2O2,HSP82_YEAST,HSP82_YEAST,cssf_4ba74830b6b6,esm2_150m,0.0092637688893821,709,0.1678420310296191,119,48695,4590.4,0.917,0.0,0.2301,1.0,2.7012979076345114,1.1060455865006118,0.0,0.2161876445326359,0.783812355467364,Eukaryote,OrganismalFitness,masked-protein-language-model,sequence,known-development-benchmark,available,,elastic_net,1,0.27434076113165523,0.27434076113165523,0.11503267193675405,0.046125045201872134,False,,False,0.26507699224227316,0.26507699224227316,False
variantshift-development-v1,proteingym-v1.3,proteingym-substitutions-v1.3,HSP82_YEAST_Cote-Hammarlof_2020_growth-H2O2,HSP82_YEAST_Cote-Hammarlof_2020_growth-H2O2,HSP82_YEAST,HSP82_YEAST,cssf_4ba74830b6b6,esm2_35m,-0.2810337897503559,709,0.1678420310296191,119,48695,4590.4,0.917,0.0,0.2301,1.0,1.252848232662001,1.4431083510465648,0.0,0.3352197264518091,0.6647802735481909,Eukaryote,OrganismalFitness,masked-protein-language-model,sequence,known-development-benchmark,available,,elastic_net,1,0.15741375716019684,0.15741375716019684,0.1666786093213721,-0.17326341060455386,False,,False,0.43844754691055277,0.43844754691055277,False
variantshift-development-v1,proteingym-v1.3,proteingym-substitutions-v1.3,HSP82_YEAST_Cote-Hammarlof_2020_growth-H2O2,HSP82_YEAST_Cote-Hammarlof_2020_growth-H2O2,HSP82_YEAST,HSP82_YEAST,cssf_4ba74830b6b6,esm2_650m,0.2845336537142638,709,0.1678420310296191,119,48695,4590.4,0.917,0.0,0.2301,1.0,3.548224836371698,1.366347818674832,0.0,0.1677590179459792,0.8322409820540208,Eukaryote,OrganismalFitness,masked-protein-language-model,sequence,known-development-benchmark,available,,elastic_net,1,0.42817378057733085,0.42817378057733085,0.1479060126372921,0.13473995872454747,False,,False,0.14364012686306704,0.14364012686306704,True
variantshift-development-v1,proteingym-v1.3,proteingym-substitutions-v1.3,HSP82_YEAST_Cote-Hammarlof_2020_growth-H2O2,HSP82_YEAST_Cote-Hammarlof_2020_growth-H2O2,HSP82_YEAST,HSP82_YEAST,cssf_4ba74830b6b6,esm2_8m,-0.4552073986164478,709,0.1678420310296191,119,48695,4590.4,0.917,0.0,0.2301,1.0,1.2233577905485238,1.3140755840072604,0.0,0.4442787564370845,0.5557212435629155,Eukaryote,OrganismalFitness,masked-protein-language-model,sequence,known-development-benchmark,available,,elastic_net,1,0.042877807627428655,0.042877807627428655,0.10896007925079858,-0.17329036507796292,False,,False,0.4980852062438765,0.4980852062438765,False
variantshift-development-v1,proteingym-v1.3,proteingym-substitutions-v1.3,HSP82_YEAST_Cote-Hammarlof_2020_growth-H2O2,HSP82_YEAST_Cote-Hammarlof_2020_growth-H2O2,HSP82_YEAST,HSP82_YEAST,cssf_4ba74830b6b6,vespag,0.457063583262486,709,0.1678420310296191,119,48695,4590.4,0.917,0.0,0.2301,1.0,0.1067788890016805,2.6477727228236807,0.0,0.1316180314914641,0.8683819685085359,Eukaryote,OrganismalFitness,distilled-evolutionary-variant-effect-model,sequence,known-development-benchmark,available,,elastic_net,1,0.5811391126733176,0.5811391126733176,0.10144071574586393,0.37988876198077504,False,,False,0.12407552941083166,0.12407552941083166,True
variantshift-development-v1,proteingym-v1.3,proteingym-substitutions-v1.3,HSP82_YEAST_Flynn_2019,HSP82_YEAST_Flynn_2019,HSP82_YEAST,HSP82_YEAST,cssf_4ba74830b6b6,carp_640m,0.4373467546901942,709,0.997179125528914,707,38923,3864.2,0.862,0.0,0.2301,1.0,4.1087648910774055,1.8297430293664971,0.0,0.1516294657051101,0.8483705342948898,Eukaryote,OrganismalFitness,convolutional-protein-language-model,sequence,known-development-benchmark,available,,elastic_net,1,0.6396201578203999,0.6396201578203999,0.128764895277427,0.38416079773078715,True,0.6455711930842163,True,0.20227340313020575,0.20227340313020575,True
variantshift-development-v1,proteingym-v1.3,proteingym-substitutions-v1.3,HSP82_YEAST_Flynn_2019,HSP82_YEAST_Flynn_2019,HSP82_YEAST,HSP82_YEAST,cssf_4ba74830b6b6,esm2_150m,0.1301701258691827,709,0.997179125528914,707,38923,3864.2,0.862,0.0,0.2301,1.0,2.9722344834108863,1.0463062680611512,0.0,0.2474967456794307,0.7525032543205693,Eukaryote,OrganismalFitness,masked-protein-language-model,sequence,known-development-benchmark,available,,elastic_net,1,0.26151628273058747,0.26151628273058747,0.07773600442259823,0.10729420300198686,False,,False,0.13134615686140477,0.13134615686140477,True
variantshift-development-v1,proteingym-v1.3,proteingym-substitutions-v1.3,HSP82_YEAST_Flynn_2019,HSP82_YEAST_Flynn_2019,HSP82_YEAST,HSP82_YEAST,cssf_4ba74830b6b6,esm2_35m,0.074189073603358,709,0.997179125528914,707,38923,3864.2,0.862,0.0,0.2301,1.0,2.4196966046917976,0.9669742419103567,0.0,0.3296569248603906,0.6703430751396093,Eukaryote,OrganismalFitness,masked-protein-language-model,sequence,known-development-benchmark,available,,elastic_net,1,0.14243143603812386,0.14243143603812386,0.07380927604932963,-0.004000325410640632,False,,False,0.06824236243476586,0.06824236243476586,True
variantshift-development-v1,proteingym-v1.3,proteingym-substitutions-v1.3,HSP82_YEAST_Flynn_2019,HSP82_YEAST_Flynn_2019,HSP82_YEAST,HSP82_YEAST,cssf_4ba74830b6b6,esm2_650m,0.301702450593569,709,0.997179125528914,707,38923,3864.2,0.862,0.0,0.2301,1.0,3.5728645363774367,1.2402774875507274,0.0,0.1554339101136395,0.8445660898863605,Eukaryote,OrganismalFitness,masked-protein-language-model,sequence,known-development-benchmark,available,,elastic_net,1,0.41704202245867356,0.41704202245867356,0.07142402178862704,0.27534241666287085,False,,False,0.11533957186510457,0.11533957186510457,True
variantshift-development-v1,proteingym-v1.3,proteingym-substitutions-v1.3,HSP82_YEAST_Flynn_2019,HSP82_YEAST_Flynn_2019,HSP82_YEAST,HSP82_YEAST,cssf_4ba74830b6b6,esm2_8m,-0.0516925423670193,709,0.997179125528914,707,38923,3864.2,0.862,0.0,0.2301,1.0,2.0988070146035436,0.9638210185186246,0.0,0.3755300328873621,0.6244699671126379,Eukaryote,OrganismalFitness,masked-protein-language-model,sequence,known-development-benchmark,available,,elastic_net,1,0.08423333079904266,0.08423333079904266,0.08079371111522898,-0.0760549969807697,False,,False,0.13592587316606197,0.13592587316606197,True
variantshift-development-v1,proteingym-v1.3,proteingym-substitutions-v1.3,HSP82_YEAST_Flynn_2019,HSP82_YEAST_Flynn_2019,HSP82_YEAST,HSP82_YEAST,cssf_4ba74830b6b6,vespag,0.4744077843046194,709,0.997179125528914,707,38923,3864.2,0.862,0.0,0.2301,1.0,0.1432176801293321,2.34307443501313,0.0,0.1554339101136395,0.8445660898863605,Eukaryote,OrganismalFitness,distilled-evolutionary-variant-effect-model,sequence,known-development-benchmark,available,,elastic_net,1,0.5033280239714771,0.5033280239714771,0.08944065299387097,0.3258848479367057,False,,False,0.02892023966685775,0.02892023966685775,True
variantshift-development-v1,proteingym-v1.3,proteingym-substitutions-v1.3,HSP82_YEAST_Mishra_2016,HSP82_YEAST_Mishra_2016,HSP82_YEAST,HSP82_YEAST,cssf_4ba74830b6b6,carp_640m,0.4894892548454581,709,0.3229901269393512,229,38923,3864.2,0.862,0.0,0.2301,1.0,4.2501926760323405,1.8657248260439665,0.0,0.1169322747902288,0.8830677252097712,Eukaryote,OrganismalFitness,convolutional-protein-language-model,sequence,known-development-benchmark,available,,elastic_net,1,0.6979676496723495,0.6979676496723495,0.19107392072327645,0.3188921150507757,True,0.6601580660472036,True,0.2084783948268914,0.2084783948268914,True
variantshift-development-v1,proteingym-v1.3,proteingym-substitutions-v1.3,HSP82_YEAST_Mishra_2016,HSP82_YEAST_Mishra_2016,HSP82_YEAST,HSP82_YEAST,cssf_4ba74830b6b6,esm2_150m,0.3270126292724464,709,0.3229901269393512,229,38923,3864.2,0.862,0.0,0.2301,1.0,3.6931617311073466,1.137391238745544,0.0,0.1550679788961536,0.8449320211038464,Eukaryote,OrganismalFitness,masked-protein-language-model,sequence,known-development-benchmark,available,,elastic_net,1,0.41666041528684183,0.41666041528684183,0.13114205075457852,0.15648496688978875,False,,False,0.08964778601439544,0.08964778601439544,True
variantshift-development-v1,proteingym-v1.3,proteingym-substitutions-v1.3,HSP82_YEAST_Mishra_2016,HSP82_YEAST_Mishra_2016,HSP82_YEAST,HSP82_YEAST,cssf_4ba74830b6b6,esm2_35m,0.2930418953263595,709,0.3229901269393512,229,38923,3864.2,0.862,0.0,0.2301,1.0,3.1982389116311385,0.9745896877680764,0.0,0.2115544735777768,0.7884455264222232,Eukaryote,OrganismalFitness,masked-protein-language-model,sequence,known-development-benchmark,available,,elastic_net,1,0.3027313758565179,0.3027313758565179,0.10551699177570954,0.09339401617065118,False,,False,0.00968948053015839,0.00968948053015839,True
variantshift-development-v1,proteingym-v1.3,proteingym-substitutions-v1.3,HSP82_YEAST_Mishra_2016,HSP82_YEAST_Mishra_2016,HSP82_YEAST,HSP82_YEAST,cssf_4ba74830b6b6,esm2_650m,0.4441605257485854,709,0.3229901269393512,229,38923,3864.2,0.862,0.0,0.2301,1.0,4.259249029823049,1.345501809019491,0.0,0.1130349283905609,0.886965071609439,Eukaryote,OrganismalFitness,masked-protein-language-model,sequence,known-development-benchmark,available,,elastic_net,1,0.5344968831983391,0.5344968831983391,0.18871311399879995,0.16010500225295282,False,,False,0.09033635744975371,0.09033635744975371,True
variantshift-development-v1,proteingym-v1.3,proteingym-substitutions-v1.3,HSP82_YEAST_Mishra_2016,HSP82_YEAST_Mishra_2016,HSP82_YEAST,HSP82_YEAST,cssf_4ba74830b6b6,esm2_8m,0.1490394726999324,709,0.3229901269393512,229,38923,3864.2,0.862,0.0,0.2301,1.0,2.6155638198732425,0.9465889145947533,0.0,0.2801680037360409,0.7198319962639591,Eukaryote,OrganismalFitness,masked-protein-language-model,sequence,known-development-benchmark,available,,elastic_net,1,0.2033817410276867,0.2033817410276867,0.07966697579434132,0.04532876693992044,False,,False,0.054342268327754295,0.054342268327754295,True
variantshift-development-v1,proteingym-v1.3,proteingym-substitutions-v1.3,HSP82_YEAST_Mishra_2016,HSP82_YEAST_Mishra_2016,HSP82_YEAST,HSP82_YEAST,cssf_4ba74830b6b6,vespag,0.5030305996550409,709,0.3229901269393512,229,38923,3864.2,0.862,0.0,0.2301,1.0,0.1382969752486115,2.364409425444293,0.0,0.1169322747902288,0.8830677252097712,Eukaryote,OrganismalFitness,distilled-evolutionary-variant-effect-model,sequence,known-development-benchmark,available,,elastic_net,1,0.55119251290889,0.55119251290889,0.1102025605878008,0.33255935557713723,False,,False,0.04816191325384911,0.04816191325384911,True
variantshift-development-v1,proteingym-v1.3,proteingym-substitutions-v1.3,HXK4_HUMAN_Gersing_2022_activity,HXK4_HUMAN_Gersing_2022_activity,HXK4_HUMAN,HXK4_HUMAN,cssf_b10f2912eeeb,carp_640m,0.5563632308267791,465,0.9978494623655914,464,23354,2318.4,1.0,0.0,0.4448,1.0,4.259930136982457,1.7701388267385587,0.0,0.1528369273333385,0.8471630726666615,Human,OrganismalFitness,convolutional-protein-language-model,sequence,known-development-benchmark,available,,elastic_net,3,0.656671528915328,0.656671528915328,0.17406677713327373,0.35082901802440153,True,0.16611072556231515,True,0.10030829808854891,0.10030829808854891,True
variantshift-development-v1,proteingym-v1.3,proteingym-substitutions-v1.3,HXK4_HUMAN_Gersing_2022_activity,HXK4_HUMAN_Gersing_2022_activity,HXK4_HUMAN,HXK4_HUMAN,cssf_b10f2912eeeb,esm2_150m,0.5344389944866332,465,0.9978494623655914,464,23354,2318.4,1.0,0.0,0.4448,1.0,3.3689843374658923,1.1961285794570304,0.0,0.1183943706523746,0.8816056293476253,Human,OrganismalFitness,masked-protein-language-model,sequence,known-development-benchmark,available,,elastic_net,3,0.4064242374573931,0.4064242374573931,0.17587215664827985,0.09740960025336926,False,,False,-0.12801475702924014,-0.12801475702924014,True
variantshift-development-v1,proteingym-v1.3,proteingym-substitutions-v1.3,HXK4_HUMAN_Gersing_2022_activity,HXK4_HUMAN_Gersing_2022_activity,HXK4_HUMAN,HXK4_HUMAN,cssf_b10f2912eeeb,esm2_35m,0.2562343875754309,465,0.9978494623655914,464,23354,2318.4,1.0,0.0,0.4448,1.0,2.196803015814697,1.0047591692935145,0.0,0.240989133979015,0.759010866020985,Human,OrganismalFitness,masked-protein-language-model,sequence,known-development-benchmark,available,,elastic_net,3,0.1915615036179718,0.1915615036179718,0.09554032377310506,0.023693211946631848,False,,False,-0.06467288395745907,-0.06467288395745907,True
variantshift-development-v1,proteingym-v1.3,proteingym-substitutions-v1.3,HXK4_HUMAN_Gersing_2022_activity,HXK4_HUMAN_Gersing_2022_activity,HXK4_HUMAN,HXK4_HUMAN,cssf_b10f2912eeeb,esm2_650m,0.5672986359234378,465,0.9978494623655914,464,23354,2318.4,1.0,0.0,0.4448,1.0,3.858137950307971,1.2704174956154124,0.0,0.0930535871919522,0.9069464128080478,Human,OrganismalFitness,masked-protein-language-model,sequence,known-development-benchmark,available,,elastic_net,3,0.4815204929975915,0.4815204929975915,0.1506584065722481,0.2168074552097825,False,,False,-0.08577814292584629,-0.08577814292584629,True
variantshift-development-v1,proteingym-v1.3,proteingym-substitutions-v1.3,HXK4_HUMAN_Gersing_2022_activity,HXK4_HUMAN_Gersing_2022_activity,HXK4_HUMAN,HXK4_HUMAN,cssf_b10f2912eeeb,esm2_8m,0.1625051024685304,465,0.9978494623655914,464,23354,2318.4,1.0,0.0,0.4448,1.0,1.5602425307504073,1.296629508545501,0.0,0.3301748117136738,0.6698251882863262,Human,OrganismalFitness,masked-protein-language-model,sequence,known-development-benchmark,available,,elastic_net,3,0.15191304912427112,0.15191304912427112,0.11227774906799459,-0.045363589517949776,False,,False,-0.010592053344259278,-0.010592053344259278,True
variantshift-development-v1,proteingym-v1.3,proteingym-substitutions-v1.3,HXK4_HUMAN_Gersing_2022_activity,HXK4_HUMAN_Gersing_2022_activity,HXK4_HUMAN,HXK4_HUMAN,cssf_b10f2912eeeb,vespag,0.4857858810780891,465,0.9978494623655914,464,23354,2318.4,1.0,0.0,0.4448,1.0,0.1331982422051227,2.2964815892564037,0.0,0.1123865315866101,0.8876134684133898,Human,OrganismalFitness,distilled-evolutionary-variant-effect-model,sequence,known-development-benchmark,available,,elastic_net,3,0.4987766555510535,0.4987766555510535,0.21436453725081295,0.12212931710712421,False,,False,0.012990774472964373,0.012990774472964373,True
variantshift-development-v1,proteingym-v1.3,proteingym-substitutions-v1.3,HXK4_HUMAN_Gersing_2023_abundance,HXK4_HUMAN_Gersing_2023_abundance,HXK4_HUMAN,HXK4_HUMAN,cssf_b10f2912eeeb,carp_640m,0.4626275339989107,465,0.9956989247311828,463,24177,2499.8,0.966,0.0,0.4448,1.0,4.264108961403741,1.769123757981773,0.0,0.1536959776095565,0.8463040223904434,Human,Expression,convolutional-protein-language-model,sequence,known-development-benchmark,available,,elastic_net,3,0.6584398491945782,0.6584398491945782,0.19816193203081844,0.3102611567787386,True,0.2016276092548735,True,0.1958123151956675,0.1958123151956675,True
variantshift-development-v1,proteingym-v1.3,proteingym-substitutions-v1.3,HXK4_HUMAN_Gersing_2023_abundance,HXK4_HUMAN_Gersing_2023_abundance,HXK4_HUMAN,HXK4_HUMAN,cssf_b10f2912eeeb,esm2_150m,0.4682605361229255,465,0.9956989247311828,463,24177,2499.8,0.966,0.0,0.4448,1.0,3.373744643741734,1.1996150678872732,0.0,0.1175999516244779,0.8824000483755221,Human,Expression,masked-protein-language-model,sequence,known-development-benchmark,available,,elastic_net,3,0.4101082251155522,0.4101082251155522,0.1849804015368233,0.08509002575912111,False,,False,-0.05815231100737328,-0.05815231100737328,True
variantshift-development-v1,proteingym-v1.3,proteingym-substitutions-v1.3,HXK4_HUMAN_Gersing_2023_abundance,HXK4_HUMAN_Gersing_2023_abundance,HXK4_HUMAN,HXK4_HUMAN,cssf_b10f2912eeeb,esm2_35m,0.2367608665814736,465,0.9956989247311828,463,24177,2499.8,0.966,0.0,0.4448,1.0,2.1979837852620925,1.0034789683356375,0.0,0.2415136510479789,0.758486348952021,Human,Expression,masked-protein-language-model,sequence,known-development-benchmark,available,,elastic_net,3,0.19316486043104758,0.19316486043104758,0.11096318231183225,-0.001802030170450969,False,,False,-0.043596006150426025,-0.043596006150426025,True
variantshift-development-v1,proteingym-v1.3,proteingym-substitutions-v1.3,HXK4_HUMAN_Gersing_2023_abundance,HXK4_HUMAN_Gersing_2023_abundance,HXK4_HUMAN,HXK4_HUMAN,cssf_b10f2912eeeb,esm2_650m,0.4940215540377028,465,0.9956989247311828,463,24177,2499.8,0.966,0.0,0.4448,1.0,3.8574682752854255,1.2728126980146268,0.0,0.0930857584042663,0.9069142415957336,Human,Expression,masked-protein-language-model,sequence,known-development-benchmark,available,,elastic_net,3,0.4840298214499542,0.4840298214499542,0.14994506728498597,0.22057015022827836,False,,False,-0.009991732587748603,-0.009991732587748603,True
variantshift-development-v1,proteingym-v1.3,proteingym-substitutions-v1.3,HXK4_HUMAN_Gersing_2023_abundance,HXK4_HUMAN_Gersing_2023_abundance,HXK4_HUMAN,HXK4_HUMAN,cssf_b10f2912eeeb,esm2_8m,0.1178545752769051,465,0.9956989247311828,463,24177,2499.8,0.966,0.0,0.4448,1.0,1.5657703667972307,1.2934165795258492,0.0,0.3298648280327246,0.6701351719672753,Human,Expression,masked-protein-language-model,sequence,known-development-benchmark,available,,elastic_net,3,0.1539170103849411,0.1539170103849411,0.11716328249613439,-0.051943712108960455,False,,False,0.036062435108036,0.036062435108036,True
variantshift-development-v1,proteingym-v1.3,proteingym-substitutions-v1.3,HXK4_HUMAN_Gersing_2023_abundance,HXK4_HUMAN_Gersing_2023_abundance,HXK4_HUMAN,HXK4_HUMAN,cssf_b10f2912eeeb,vespag,0.493390536343175,465,0.9956989247311828,463,24177,2499.8,0.966,0.0,0.4448,1.0,0.1333529620160268,2.3005561532481713,0.0,0.1128507260550744,0.8871492739449256,Human,Expression,distilled-evolutionary-variant-effect-model,sequence,known-development-benchmark,available,,elastic_net,3,0.5015159459792059,0.5015159459792059,0.2274926270371031,0.1018020120047215,False,,False,0.008125409636030922,0.008125409636030922,True
variantshift-development-v1,proteingym-v1.3,proteingym-substitutions-v1.3,I6TAH8_I68A0_Doud_2015,I6TAH8_I68A0_Doud_2015,I6TAH8_I68A0,I6TAH8_I68A0,cssf_ac5654d2afd9,carp_640m,-0.0314004444198703,498,1.0,498,15390,1072.6,1.0,0.0,0.2911,1.0,1.1891280438680447,1.198683525123284,0.0,0.0384336893619412,0.9615663106380588,Virus,OrganismalFitness,convolutional-protein-language-model,sequence,known-development-benchmark,available,,elastic_net,4,0.3169284074662998,0.3169284074662998,0.25699650271070495,-0.4434522912113307,False,,False,0.3483288518861701,0.3483288518861701,True
variantshift-development-v1,proteingym-v1.3,proteingym-substitutions-v1.3,I6TAH8_I68A0_Doud_2015,I6TAH8_I68A0_Doud_2015,I6TAH8_I68A0,I6TAH8_I68A0,cssf_ac5654d2afd9,esm2_150m,-0.0564423342622728,498,1.0,498,15390,1072.6,1.0,0.0,0.2911,1.0,1.108975158968402,1.3172554941656751,0.0,0.0375961602266692,0.9624038397733308,Virus,OrganismalFitness,masked-protein-language-model,sequence,known-development-benchmark,available,,elastic_net,4,0.3026477162208906,0.3026477162208906,0.2574899151026486,-0.4591928515808916,False,,False,0.3590900504831634,0.3590900504831634,True
variantshift-development-v1,proteingym-v1.3,proteingym-substitutions-v1.3,I6TAH8_I68A0_Doud_2015,I6TAH8_I68A0_Doud_2015,I6TAH8_I68A0,I6TAH8_I68A0,cssf_ac5654d2afd9,esm2_35m,-0.0826047996029881,498,1.0,498,15390,1072.6,1.0,0.0,0.2911,1.0,1.058535003281008,1.4141119466063157,0.0,0.0298621548459657,0.9701378451540342,Virus,OrganismalFitness,masked-protein-language-model,sequence,known-development-benchmark,available,,elastic_net,4,0.32772718524146605,0.32772718524146605,0.2840305803812181,-0.512639780371282,False,,False,0.41033198484445416,0.41033198484445416,True
variantshift-development-v1,proteingym-v1.3,proteingym-substitutions-v1.3,I6TAH8_I68A0_Doud_2015,I6TAH8_I68A0_Doud_2015,I6TAH8_I68A0,I6TAH8_I68A0,cssf_ac5654d2afd9,esm2_650m,-6.6495043159437e-05,498,1.0,498,15390,1072.6,1.0,0.0,0.2911,1.0,1.1983376477879717,1.2137601709977155,0.0,0.0447638975614015,0.9552361024385984,Virus,OrganismalFitness,masked-protein-language-model,sequence,known-development-benchmark,available,,elastic_net,4,0.2796538558637456,0.2796538558637456,0.26127376252716356,-0.4933820570808496,False,,False,0.279720350906905,0.279720350906905,True
variantshift-development-v1,proteingym-v1.3,proteingym-substitutions-v1.3,I6TAH8_I68A0_Doud_2015,I6TAH8_I68A0_Doud_2015,I6TAH8_I68A0,I6TAH8_I68A0,cssf_ac5654d2afd9,esm2_8m,-0.0644300639341175,498,1.0,498,15390,1072.6,1.0,0.0,0.2911,1.0,0.9832945601857788,1.4873317536233943,0.0,0.0447638975614015,0.9552361024385984,Virus,OrganismalFitness,masked-protein-language-model,sequence,known-development-benchmark,available,,elastic_net,4,0.328592743518667,0.328592743518667,0.2824658930781906,-0.5071447504392572,False,,False,0.3930228074527845,0.3930228074527845,True
variantshift-development-v1,proteingym-v1.3,proteingym-substitutions-v1.3,I6TAH8_I68A0_Doud_2015,I6TAH8_I68A0_Doud_2015,I6TAH8_I68A0,I6TAH8_I68A0,cssf_ac5654d2afd9,vespag,0.4671366821221521,498,1.0,498,15390,1072.6,1.0,0.0,0.2911,1.0,0.0403520435156087,2.6624499474797316,0.0,0.4071427816382249,0.5928572183617751,Virus,OrganismalFitness,distilled-evolutionary-variant-effect-model,sequence,known-development-benchmark,available,,elastic_net,4,0.3404785989058495,0.3404785989058495,0.13339207963096839,-0.05419121814622874,True,-0.2690514214881352,False,-0.12665808321630256,-0.12665808321630256,True
variantshift-development-v1,proteingym-v1.3,proteingym-substitutions-v1.3,IF1_ECOLI_Kelsic_2016,IF1_ECOLI_Kelsic_2016,IF1_ECOLI,IF1_ECOLI,cssf_ab9383c4e9ad,carp_640m,0.5795607881992021,72,1.0,72,361806,38609.4,0.806,0.0,0.45,1.0,3.3771895797924527,1.9002327791595537,0.0,0.0948726233837041,0.9051273766162958,Prokaryote,OrganismalFitness,convolutional-protein-language-model,sequence,known-development-benchmark,available,,elastic_net,1,0.6752803314572405,0.6752803314572405,0.16352980964091318,0.35085013302126017,True,0.6461621282362021,True,0.09571954325803844,0.09571954325803844,True
variantshift-development-v1,proteingym-v1.3,proteingym-substitutions-v1.3,IF1_ECOLI_Kelsic_2016,IF1_ECOLI_Kelsic_2016,IF1_ECOLI,IF1_ECOLI,cssf_ab9383c4e9ad,esm2_150m,0.5535857324047653,72,1.0,72,361806,38609.4,0.806,0.0,0.45,1.0,3.5449559897988374,1.664480372733019,0.0,0.0759919186829841,0.9240080813170158,Prokaryote,OrganismalFitness,masked-protein-language-model,sequence,known-development-benchmark,available,,elastic_net,1,0.5975979656472659,0.5975979656472659,0.1844578337277368,0.2316482239410384,False,,False,0.04401223324250059,0.04401223324250059,True
variantshift-development-v1,proteingym-v1.3,proteingym-substitutions-v1.3,IF1_ECOLI_Kelsic_2016,IF1_ECOLI_Kelsic_2016,IF1_ECOLI,IF1_ECOLI,cssf_ab9383c4e9ad,esm2_35m,0.5234206020673197,72,1.0,72,361806,38609.4,0.806,0.0,0.45,1.0,2.9796897135158167,1.2843608869755585,0.0,0.1368254701258358,0.8631745298741642,Prokaryote,OrganismalFitness,masked-protein-language-model,sequence,known-development-benchmark,available,,elastic_net,1,0.4271160933404208,0.4271160933404208,0.14520176315563538,0.13904728840951114,False,,False,-0.09630450872689889,-0.09630450872689889,True
variantshift-development-v1,proteingym-v1.3,proteingym-substitutions-v1.3,IF1_ECOLI_Kelsic_2016,IF1_ECOLI_Kelsic_2016,IF1_ECOLI,IF1_ECOLI,cssf_ab9383c4e9ad,esm2_650m,0.564314282109037,72,1.0,72,361806,38609.4,0.806,0.0,0.45,1.0,3.885162340655151,1.7768204629783435,0.0,0.0919338618658258,0.908066138134174,Prokaryote,OrganismalFitness,masked-protein-language-model,sequence,known-development-benchmark,available,,elastic_net,1,0.6339268968728793,0.6339268968728793,0.16080865413209647,0.31489525557849357,False,,False,0.06961261476384228,0.06961261476384228,True
variantshift-development-v1,proteingym-v1.3,proteingym-substitutions-v1.3,IF1_ECOLI_Kelsic_2016,IF1_ECOLI_Kelsic_2016,IF1_ECOLI,IF1_ECOLI,cssf_ab9383c4e9ad,esm2_8m,0.2363451374619026,72,1.0,72,361806,38609.4,0.806,0.0,0.45,1.0,1.9691764101848528,1.1412943937228313,0.0,0.3067083432006399,0.6932916567993601,Prokaryote,OrganismalFitness,masked-protein-language-model,sequence,known-development-benchmark,available,,elastic_net,1,0.19469907672456477,0.19469907672456477,0.1397036842053686,-0.08246197475901584,False,,False,-0.04164606073733784,-0.04164606073733784,True
variantshift-development-v1,proteingym-v1.3,proteingym-substitutions-v1.3,IF1_ECOLI_Kelsic_2016,IF1_ECOLI_Kelsic_2016,IF1_ECOLI,IF1_ECOLI,cssf_ab9383c4e9ad,vespag,0.5428146006844516,72,1.0,72,361806,38609.4,0.806,0.0,0.45,1.0,0.0949923322701084,2.709550098590697,0.0,0.0923139046654617,0.9076860953345384,Prokaryote,OrganismalFitness,distilled-evolutionary-variant-effect-model,sequence,known-development-benchmark,available,,elastic_net,1,0.6570951820822277,0.6570951820822277,0.15160017265098455,0.35633243916650037,False,,False,0.11428058139777608,0.11428058139777608,True
variantshift-development-v1,proteingym-v1.3,proteingym-substitutions-v1.3,ILF3_HUMAN_Tsuboyama_2023_2L33,ILF3_HUMAN_Tsuboyama_2023_2L33,ILF3_HUMAN,ILF3_HUMAN,cssf_a0ac9f2c6c49,carp_640m,0.4505208367086155,71,1.0,71,145438,21975.3,0.915,0.0,0.4016,1.0,2.9600600371331884,1.8362607938258424,0.0,0.1698846864911742,0.8301153135088257,Human,Stability,convolutional-protein-language-model,sequence,known-development-benchmark,available,,elastic_net,1,0.5700305365717795,0.5700305365717795,0.10647106581786174,0.35880036950420213,False,,False,0.11950969986316401,0.11950969986316401,True
variantshift-development-v1,proteingym-v1.3,proteingym-substitutions-v1.3,ILF3_HUMAN_Tsuboyama_2023_2L33,ILF3_HUMAN_Tsuboyama_2023_2L33,ILF3_HUMAN,ILF3_HUMAN,cssf_a0ac9f2c6c49,esm2_150m,0.3605844591907212,71,1.0,71,145438,21975.3,0.915,0.0,0.4016,1.0,3.606557370569754,1.5529006843128552,0.0,0.1296646693019638,0.8703353306980361,Human,Stability,masked-protein-language-model,sequence,known-development-benchmark,available,,elastic_net,1,0.5313517630410955,0.5313517630410955,0.12961598716429926,0.2742039040144906,False,,False,0.17076730385037436,0.17076730385037436,True
variantshift-development-v1,proteingym-v1.3,proteingym-substitutions-v1.3,ILF3_HUMAN_Tsuboyama_2023_2L33,ILF3_HUMAN_Tsuboyama_2023_2L33,ILF3_HUMAN,ILF3_HUMAN,cssf_a0ac9f2c6c49,esm2_35m,0.2797491461148432,71,1.0,71,145438,21975.3,0.915,0.0,0.4016,1.0,3.364054383905275,1.5055263410133497,0.0,0.1671061782389832,0.8328938217610168,Human,Stability,masked-protein-language-model,sequence,known-development-benchmark,available,,elastic_net,1,0.475231922114839,0.475231922114839,0.10596903466139194,0.26499774512437474,False,,False,0.1954827759999958,0.1954827759999958,True
variantshift-development-v1,proteingym-v1.3,proteingym-substitutions-v1.3,ILF3_HUMAN_Tsuboyama_2023_2L33,ILF3_HUMAN_Tsuboyama_2023_2L33,ILF3_HUMAN,ILF3_HUMAN,cssf_a0ac9f2c6c49,esm2_650m,0.3613703394069363,71,1.0,71,145438,21975.3,0.915,0.0,0.4016,1.0,3.0891869458386125,1.9631870235646296,0.0,0.1793236201139526,0.8206763798860474,Human,Stability,masked-protein-language-model,sequence,known-development-benchmark,available,,elastic_net,1,0.5485759083316613,0.5485759083316613,0.11144715293122498,0.32747357830389867,False,,False,0.18720556892472495,0.18720556892472495,True
variantshift-development-v1,proteingym-v1.3,proteingym-substitutions-v1.3,ILF3_HUMAN_Tsuboyama_2023_2L33,ILF3_HUMAN_Tsuboyama_2023_2L33,ILF3_HUMAN,ILF3_HUMAN,cssf_a0ac9f2c6c49,esm2_8m,0.2295431609100976,71,1.0,71,145438,21975.3,0.915,0.0,0.4016,1.0,1.9495620010585937,1.2320484878071332,0.0,0.2871924560715068,0.7128075439284932,Human,Stability,masked-protein-language-model,sequence,known-development-benchmark,available,,elastic_net,1,0.22405552760061814,0.22405552760061814,0.12173531065144204,-0.01745769300446462,False,,False,-0.005487633309479462,-0.005487633309479462,True
variantshift-development-v1,proteingym-v1.3,proteingym-substitutions-v1.3,ILF3_HUMAN_Tsuboyama_2023_2L33,ILF3_HUMAN_Tsuboyama_2023_2L33,ILF3_HUMAN,ILF3_HUMAN,cssf_a0ac9f2c6c49,vespag,0.3809623040340517,71,1.0,71,145438,21975.3,0.915,0.0,0.4016,1.0,0.0721118343676121,2.6190494418590937,0.0,0.1570026401367448,0.8429973598632552,Human,Stability,distilled-evolutionary-variant-effect-model,sequence,known-development-benchmark,available,,elastic_net,1,0.5812152405646086,0.5812152405646086,0.10485366575801082,0.3731938671935447,True,0.363510743142031,True,0.20025293653055692,0.20025293653055692,True
variantshift-development-v1,proteingym-v1.3,proteingym-substitutions-v1.3,ISDH_STAAW_Tsuboyama_2023_2LHR,ISDH_STAAW_Tsuboyama_2023_2LHR,ISDH_STAAW,ISDH_STAAW,cssf_952abe758b6a,carp_640m,0.5214078980874436,55,1.0,55,115488,39251.7,0.818,0.0,0.6307,1.0,1.2758995044774122,1.833074496468331,0.0,0.0784400494786456,0.9215599505213544,Prokaryote,Stability,convolutional-protein-language-model,sequence,known-development-benchmark,available,,elastic_net,3,0.5201888958953407,0.5201888958953407,0.18664594180293662,0.19224427355706725,False,,False,-0.0012190021921029137,-0.0012190021921029137,True
variantshift-development-v1,proteingym-v1.3,proteingym-substitutions-v1.3,ISDH_STAAW_Tsuboyama_2023_2LHR,ISDH_STAAW_Tsuboyama_2023_2LHR,ISDH_STAAW,ISDH_STAAW,cssf_952abe758b6a,esm2_150m,0.6229171471279418,55,1.0,55,115488,39251.7,0.818,0.0,0.6307,1.0,2.6881098683541382,1.445198744883578,0.0,0.0689831334615127,0.9310168665384873,Prokaryote,Stability,masked-protein-language-model,sequence,known-development-benchmark,available,,elastic_net,3,0.5124176088343831,0.5124176088343831,0.19849621825006006,0.1636515617358587,False,,False,-0.11049953829355863,-0.11049953829355863,True
variantshift-development-v1,proteingym-v1.3,proteingym-substitutions-v1.3,ISDH_STAAW_Tsuboyama_2023_2LHR,ISDH_STAAW_Tsuboyama_2023_2LHR,ISDH_STAAW,ISDH_STAAW,cssf_952abe758b6a,esm2_35m,0.2961622208406931,55,1.0,55,115488,39251.7,0.818,0.0,0.6307,1.0,1.8640393993949869,1.5816563917923867,0.0,0.0492050674539523,0.9507949325460476,Prokaryote,Stability,masked-protein-language-model,sequence,known-development-benchmark,available,,elastic_net,3,0.4767551951089919,0.4767551951089919,0.16795590098462754,0.18164974579768245,False,,False,0.1805929742682988,0.1805929742682988,True
variantshift-development-v1,proteingym-v1.3,proteingym-substitutions-v1.3,ISDH_STAAW_Tsuboyama_2023_2LHR,ISDH_STAAW_Tsuboyama_2023_2LHR,ISDH_STAAW,ISDH_STAAW,cssf_952abe758b6a,esm2_650m,0.5645936211890089,55,1.0,55,115488,39251.7,0.818,0.0,0.6307,1.0,3.006072678742249,1.334468837440522,0.0,0.0930359218821172,0.9069640781178828,Prokaryote,Stability,masked-protein-language-model,sequence,known-development-benchmark,available,,elastic_net,3,0.5046914588341799,0.5046914588341799,0.23911198788421717,0.08456182833819204,False,,False,-0.059902162354829036,-0.059902162354829036,True
variantshift-development-v1,proteingym-v1.3,proteingym-substitutions-v1.3,ISDH_STAAW_Tsuboyama_2023_2LHR,ISDH_STAAW_Tsuboyama_2023_2LHR,ISDH_STAAW,ISDH_STAAW,cssf_952abe758b6a,esm2_8m,0.4375056489840624,55,1.0,55,115488,39251.7,0.818,0.0,0.6307,1.0,1.7900671445957914,1.5477335617687555,0.0,0.0574160538108636,0.9425839461891364,Prokaryote,Stability,masked-protein-language-model,sequence,known-development-benchmark,available,,elastic_net,3,0.4580555049894351,0.4580555049894351,0.19426891298421609,0.1167170076973752,False,,False,0.02054985600537268,0.02054985600537268,True
variantshift-development-v1,proteingym-v1.3,proteingym-substitutions-v1.3,ISDH_STAAW_Tsuboyama_2023_2LHR,ISDH_STAAW_Tsuboyama_2023_2LHR,ISDH_STAAW,ISDH_STAAW,cssf_952abe758b6a,vespag,0.5032611332225406,55,1.0,55,115488,39251.7,0.818,0.0,0.6307,1.0,0.0674516511763041,2.666581303428253,0.0,0.1942744932470095,0.8057255067529905,Prokaryote,Stability,distilled-evolutionary-variant-effect-model,sequence,known-development-benchmark,available,,elastic_net,3,0.6212250982235844,0.6212250982235844,0.208611011221795,0.25468694245179624,True,0.5504812520711801,True,0.11796396500104378,0.11796396500104378,True
variantshift-development-v1,proteingym-v1.3,proteingym-substitutions-v1.3,KCNE1_HUMAN_Muhammad_2023_expression,KCNE1_HUMAN_Muhammad_2023_expression,KCNE1_HUMAN,KCNE1_HUMAN,cssf_8626537a0620,carp_640m,0.0658916287413971,129,0.9844961240310076,127,2118,224.8,0.969,0.0,0.2846,1.0,4.011410715376109,1.8106980168963445,0.0,0.1777273500112985,0.8222726499887014,Human,Expression,convolutional-protein-language-model,sequence,known-development-benchmark,available,,elastic_net,4,0.6143432710059701,0.6143432710059701,0.19171105579169637,0.04712393140581206,True,-1.6033643971977616,True,0.548451642264573,0.548451642264573,True
variantshift-development-v1,proteingym-v1.3,proteingym-substitutions-v1.3,KCNE1_HUMAN_Muhammad_2023_expression,KCNE1_HUMAN_Muhammad_2023_expression,KCNE1_HUMAN,KCNE1_HUMAN,cssf_8626537a0620,esm2_150m,0.1570659087887747,129,0.9844961240310076,127,2118,224.8,0.969,0.0,0.2846,1.0,3.4260603571455257,1.2203337266537675,0.0,0.1424775305507641,0.8575224694492358,Human,Expression,masked-protein-language-model,sequence,known-development-benchmark,available,,elastic_net,4,0.4076867063590299,0.4076867063590299,0.21684051541478339,-0.23388366862118382,False,,False,0.25062079757025524,0.25062079757025524,True
variantshift-development-v1,proteingym-v1.3,proteingym-substitutions-v1.3,KCNE1_HUMAN_Muhammad_2023_expression,KCNE1_HUMAN_Muhammad_2023_expression,KCNE1_HUMAN,KCNE1_HUMAN,cssf_8626537a0620,esm2_35m,0.1459590277094279,129,0.9844961240310076,127,2118,224.8,0.969,0.0,0.2846,1.0,0.9298926473789456,1.527534616283807,0.0,0.373588542104884,0.626411457895116,Human,Expression,masked-protein-language-model,sequence,known-development-benchmark,available,,elastic_net,4,0.10454972418889369,0.10454972418889369,0.17215951373832591,-0.40482207643715656,False,,False,-0.04140930352053421,-0.04140930352053421,True
variantshift-development-v1,proteingym-v1.3,proteingym-substitutions-v1.3,KCNE1_HUMAN_Muhammad_2023_expression,KCNE1_HUMAN_Muhammad_2023_expression,KCNE1_HUMAN,KCNE1_HUMAN,cssf_8626537a0620,esm2_650m,0.1833614530292057,129,0.9844961240310076,127,2118,224.8,0.969,0.0,0.2846,1.0,3.5976012909968933,1.6371244350872318,0.0,0.2005010641252906,0.7994989358747093,Human,Expression,masked-protein-language-model,sequence,known-development-benchmark,available,,elastic_net,4,0.48290909188160097,0.48290909188160097,0.19084016360405112,-0.08173352156419372,False,,False,0.29954763885239527,0.29954763885239527,True
variantshift-development-v1,proteingym-v1.3,proteingym-substitutions-v1.3,KCNE1_HUMAN_Muhammad_2023_expression,KCNE1_HUMAN_Muhammad_2023_expression,KCNE1_HUMAN,KCNE1_HUMAN,cssf_8626537a0620,esm2_8m,0.1660941604490978,129,0.9844961240310076,127,2118,224.8,0.969,0.0,0.2846,1.0,0.9477801139635772,1.4421440962070886,0.0,0.3382181851688755,0.6617818148311245,Human,Expression,masked-protein-language-model,sequence,known-development-benchmark,available,,elastic_net,4,0.1105544512943169,0.1105544512943169,0.1552626341177191,-0.34882421325450197,False,,False,-0.0555397091547809,-0.0555397091547809,True
variantshift-development-v1,proteingym-v1.3,proteingym-substitutions-v1.3,KCNE1_HUMAN_Muhammad_2023_expression,KCNE1_HUMAN_Muhammad_2023_expression,KCNE1_HUMAN,KCNE1_HUMAN,cssf_8626537a0620,vespag,0.1199150232796301,129,0.9844961240310076,127,2118,224.8,0.969,0.0,0.2846,1.0,0.0803306234994201,2.7012614382823323,0.0,0.1578036767399384,0.8421963232600616,Human,Expression,distilled-evolutionary-variant-effect-model,sequence,known-development-benchmark,available,,elastic_net,4,0.5403015128443224,0.5403015128443224,0.12715118637400175,0.1640967516395085,False,,False,0.42038648956469227,0.42038648956469227,False
variantshift-development-v1,proteingym-v1.3,proteingym-substitutions-v1.3,KCNE1_HUMAN_Muhammad_2023_function,KCNE1_HUMAN_Muhammad_2023_function,KCNE1_HUMAN,KCNE1_HUMAN,cssf_8626537a0620,carp_640m,0.7106105765093679,129,0.9844961240310076,127,2118,224.8,0.969,0.0,0.2846,1.0,4.017196910054956,1.8158043221024192,0.0,0.176027588810938,0.823972411189062,Human,Activity,convolutional-protein-language-model,sequence,known-development-benchmark,available,,elastic_net,4,0.6173137401832297,0.6173137401832297,0.1781539484273004,0.090206085610129,True,-1.6026217799034468,True,-0.09329683632613817,-0.09329683632613817,True
variantshift-development-v1,proteingym-v1.3,proteingym-substitutions-v1.3,KCNE1_HUMAN_Muhammad_2023_function,KCNE1_HUMAN_Muhammad_2023_function,KCNE1_HUMAN,KCNE1_HUMAN,cssf_8626537a0620,esm2_150m,0.7011841090572764,129,0.9844961240310076,127,2118,224.8,0.969,0.0,0.2846,1.0,3.43263901281774,1.220669061005367,0.0,0.1423024963650889,0.857697503634911,Human,Activity,masked-protein-language-model,sequence,known-development-benchmark,available,,elastic_net,4,0.40845444919922785,0.40845444919922785,0.20209753405900727,-0.18949557162964753,False,,False,-0.2927296598580485,-0.2927296598580485,True
variantshift-development-v1,proteingym-v1.3,proteingym-substitutions-v1.3,KCNE1_HUMAN_Muhammad_2023_function,KCNE1_HUMAN_Muhammad_2023_function,KCNE1_HUMAN,KCNE1_HUMAN,cssf_8626537a0620,esm2_35m,0.096479593998416,129,0.9844961240310076,127,2118,224.8,0.969,0.0,0.2846,1.0,0.9324146060766209,1.5229052965962595,0.0,0.372821167956983,0.6271788320430169,Human,Activity,masked-protein-language-model,sequence,known-development-benchmark,available,,elastic_net,4,0.10417912340749474,0.10417912340749474,0.16698145346426407,-0.38987224660001846,False,,False,0.00769952940907874,0.00769952940907874,True
variantshift-development-v1,proteingym-v1.3,proteingym-substitutions-v1.3,KCNE1_HUMAN_Muhammad_2023_function,KCNE1_HUMAN_Muhammad_2023_function,KCNE1_HUMAN,KCNE1_HUMAN,cssf_8626537a0620,esm2_650m,0.7321640145156568,129,0.9844961240310076,127,2118,224.8,0.969,0.0,0.2846,1.0,3.606412949916338,1.631659924617583,0.0,0.1994476573731998,0.8005523426268002,Human,Activity,masked-protein-language-model,sequence,known-development-benchmark,available,,elastic_net,4,0.48307396226472976,0.48307396226472976,0.1693933646530333,-0.01811357767319377,False,,False,-0.24909005225092706,-0.24909005225092706,True
variantshift-development-v1,proteingym-v1.3,proteingym-substitutions-v1.3,KCNE1_HUMAN_Muhammad_2023_function,KCNE1_HUMAN_Muhammad_2023_function,KCNE1_HUMAN,KCNE1_HUMAN,cssf_8626537a0620,esm2_8m,0.0449316540046591,129,0.9844961240310076,127,2118,224.8,0.969,0.0,0.2846,1.0,0.9501625378491084,1.4398884813571873,0.0,0.3374699728053534,0.6625300271946466,Human,Activity,masked-protein-language-model,sequence,known-development-benchmark,available,,elastic_net,4,0.11074145787903461,0.11074145787903461,0.14832143811934617,-0.3281001510786331,False,,False,0.06580980387437552,0.06580980387437552,True
variantshift-development-v1,proteingym-v1.3,proteingym-substitutions-v1.3,KCNE1_HUMAN_Muhammad_2023_function,KCNE1_HUMAN_Muhammad_2023_function,KCNE1_HUMAN,KCNE1_HUMAN,cssf_8626537a0620,vespag,0.6649480104543904,129,0.9844961240310076,127,2118,224.8,0.969,0.0,0.2846,1.0,0.0805255605733683,2.7003161728264176,0.0,0.1569651678303485,0.8430348321696515,Human,Activity,distilled-evolutionary-variant-effect-model,sequence,known-development-benchmark,available,,elastic_net,4,0.54068952869957,0.54068952869957,0.10794483803115501,0.22131097492536578,False,,False,-0.12425848175482046,-0.12425848175482046,True
variantshift-development-v1,proteingym-v1.3,proteingym-substitutions-v1.3,KCNJ2_MOUSE_Coyote-Maestas_2022_function,KCNJ2_MOUSE_Coyote-Maestas_2022_function,KCNJ2_MOUSE,KCNJ2_MOUSE,cssf_f35e7c0d2382,carp_640m,0.4156347931286204,428,0.9135514018691588,391,20953,2259.4,0.86,0.0,0.2412,1.0,4.690077386679416,1.8269726490133429,0.0,0.1201679179992616,0.8798320820007384,Eukaryote,Activity,convolutional-protein-language-model,sequence,known-development-benchmark,available,,elastic_net,4,0.7019657543666048,0.7019657543666048,0.17163417473208364,0.19414828477773127,True,0.1400670081986101,True,0.2863309612379844,0.2863309612379844,True
variantshift-development-v1,proteingym-v1.3,proteingym-substitutions-v1.3,KCNJ2_MOUSE_Coyote-Maestas_2022_function,KCNJ2_MOUSE_Coyote-Maestas_2022_function,KCNJ2_MOUSE,KCNJ2_MOUSE,cssf_f35e7c0d2382,esm2_150m,0.4328643582421321,428,0.9135514018691588,391,20953,2259.4,0.86,0.0,0.2412,1.0,3.787314337166437,1.2654600796491229,0.0,0.1207235937022925,0.8792764062977074,Eukaryote,Activity,masked-protein-language-model,sequence,known-development-benchmark,available,,elastic_net,4,0.44963257332945095,0.44963257332945095,0.194014719969327,-0.12440266360171948,False,,False,0.01676821508731885,0.01676821508731885,True
variantshift-development-v1,proteingym-v1.3,proteingym-substitutions-v1.3,KCNJ2_MOUSE_Coyote-Maestas_2022_function,KCNJ2_MOUSE_Coyote-Maestas_2022_function,KCNJ2_MOUSE,KCNJ2_MOUSE,cssf_f35e7c0d2382,esm2_35m,0.2717876006473833,428,0.9135514018691588,391,20953,2259.4,0.86,0.0,0.2412,1.0,2.852741559858767,0.9021833774814212,0.0,0.1831564544358906,0.8168435455641093,Eukaryote,Activity,masked-protein-language-model,sequence,known-development-benchmark,available,,elastic_net,4,0.23595940881355446,0.23595940881355446,0.111298783778425,-0.09334253140263107,False,,False,-0.03582819183382882,-0.03582819183382882,True
variantshift-development-v1,proteingym-v1.3,proteingym-substitutions-v1.3,KCNJ2_MOUSE_Coyote-Maestas_2022_function,KCNJ2_MOUSE_Coyote-Maestas_2022_function,KCNJ2_MOUSE,KCNJ2_MOUSE,cssf_f35e7c0d2382,esm2_650m,0.4601810234946104,428,0.9135514018691588,391,20953,2259.4,0.86,0.0,0.2412,1.0,4.173821173811569,1.3664800783971576,0.0,0.1225702355697844,0.8774297644302156,Eukaryote,Activity,masked-protein-language-model,sequence,known-development-benchmark,available,,elastic_net,4,0.5059867888499373,0.5059867888499373,0.1888342819259069,-0.052720982308883224,False,,False,0.04580576535532693,0.04580576535532693,True
variantshift-development-v1,proteingym-v1.3,proteingym-substitutions-v1.3,KCNJ2_MOUSE_Coyote-Maestas_2022_function,KCNJ2_MOUSE_Coyote-Maestas_2022_function,KCNJ2_MOUSE,KCNJ2_MOUSE,cssf_f35e7c0d2382,esm2_8m,-0.0584933731019193,428,0.9135514018691588,391,20953,2259.4,0.86,0.0,0.2412,1.0,1.227407685678625,1.2020212844399,0.0,0.4024965495630723,0.5975034504369277,Eukaryote,Activity,masked-protein-language-model,sequence,known-development-benchmark,available,,elastic_net,4,0.013527067839305129,0.013527067839305129,0.10321994887458823,-0.2918718617760099,False,,False,0.07202044094122442,0.07202044094122442,True
variantshift-development-v1,proteingym-v1.3,proteingym-substitutions-v1.3,KCNJ2_MOUSE_Coyote-Maestas_2022_function,KCNJ2_MOUSE_Coyote-Maestas_2022_function,KCNJ2_MOUSE,KCNJ2_MOUSE,cssf_f35e7c0d2382,vespag,0.385935404430243,428,0.9135514018691588,391,20953,2259.4,0.86,0.0,0.2412,1.0,0.1150779064832183,2.5722700927164652,0.0,0.1261305648854148,0.8738694351145851,Eukaryote,Activity,distilled-evolutionary-variant-effect-model,sequence,known-development-benchmark,available,,elastic_net,4,0.5188449468593057,0.5188449468593057,0.11982034967848176,0.16433007897847174,False,,False,0.13290954242906272,0.13290954242906272,True
variantshift-development-v1,proteingym-v1.3,proteingym-substitutions-v1.3,KCNJ2_MOUSE_Coyote-Maestas_2022_surface,KCNJ2_MOUSE_Coyote-Maestas_2022_surface,KCNJ2_MOUSE,KCNJ2_MOUSE,cssf_f35e7c0d2382,carp_640m,0.4199753618225674,428,0.9135514018691588,391,20953,2259.4,0.86,0.0,0.2412,1.0,4.682891446912884,1.826333174222448,0.0,0.1209826198829739,0.879017380117026,Eukaryote,Expression,convolutional-protein-language-model,sequence,known-development-benchmark,available,,elastic_net,4,0.7006110959458374,0.7006110959458374,0.18258347859373486,0.16039770177223123,True,0.13972834359341824,True,0.28063573412327,0.28063573412327,True
variantshift-development-v1,proteingym-v1.3,proteingym-substitutions-v1.3,KCNJ2_MOUSE_Coyote-Maestas_2022_surface,KCNJ2_MOUSE_Coyote-Maestas_2022_surface,KCNJ2_MOUSE,KCNJ2_MOUSE,cssf_f35e7c0d2382,esm2_150m,0.5126248598432768,428,0.9135514018691588,391,20953,2259.4,0.86,0.0,0.2412,1.0,3.767637090260583,1.2526493084174983,0.0,0.1209826198829739,0.879017380117026,Eukaryote,Expression,masked-protein-language-model,sequence,known-development-benchmark,available,,elastic_net,4,0.44462523953179683,0.44462523953179683,0.19746348850743875,-0.1396139379313534,False,,False,-0.06799962031147994,-0.06799962031147994,True
variantshift-development-v1,proteingym-v1.3,proteingym-substitutions-v1.3,KCNJ2_MOUSE_Coyote-Maestas_2022_surface,KCNJ2_MOUSE_Coyote-Maestas_2022_surface,KCNJ2_MOUSE,KCNJ2_MOUSE,cssf_f35e7c0d2382,esm2_35m,0.4734765748798629,428,0.9135514018691588,391,20953,2259.4,0.86,0.0,0.2412,1.0,2.8337686967917777,0.9023423701647147,0.0,0.1837271710722734,0.8162728289277266,Eukaryote,Expression,masked-protein-language-model,sequence,known-development-benchmark,available,,elastic_net,4,0.233974481443398,0.233974481443398,0.1161812373768693,-0.109773272000936,False,,False,-0.2395020934364649,-0.2395020934364649,True
variantshift-development-v1,proteingym-v1.3,proteingym-substitutions-v1.3,KCNJ2_MOUSE_Coyote-Maestas_2022_surface,KCNJ2_MOUSE_Coyote-Maestas_2022_surface,KCNJ2_MOUSE,KCNJ2_MOUSE,cssf_f35e7c0d2382,esm2_650m,0.4972178170417692,428,0.9135514018691588,391,20953,2259.4,0.86,0.0,0.2412,1.0,4.157941880850642,1.3562882503969118,0.0,0.1247705656581081,0.8752294343418918,Eukaryote,Expression,masked-protein-language-model,sequence,known-development-benchmark,available,,elastic_net,4,0.500548179728167,0.500548179728167,0.19489178408972102,-0.07608204437837751,False,,False,0.003330362686397803,0.003330362686397803,True
variantshift-development-v1,proteingym-v1.3,proteingym-substitutions-v1.3,KCNJ2_MOUSE_Coyote-Maestas_2022_surface,KCNJ2_MOUSE_Coyote-Maestas_2022_surface,KCNJ2_MOUSE,KCNJ2_MOUSE,cssf_f35e7c0d2382,esm2_8m,0.1028371083581346,428,0.9135514018691588,391,20953,2259.4,0.86,0.0,0.2412,1.0,1.227099681342381,1.2039784184049651,0.0,0.4009761928324892,0.5990238071675108,Eukaryote,Expression,masked-protein-language-model,sequence,known-development-benchmark,available,,elastic_net,4,0.01507642036343454,0.01507642036343454,0.10174229668205019,-0.2859505501212561,False,,False,-0.08776068799470006,-0.08776068799470006,True
variantshift-development-v1,proteingym-v1.3,proteingym-substitutions-v1.3,KCNJ2_MOUSE_Coyote-Maestas_2022_surface,KCNJ2_MOUSE_Coyote-Maestas_2022_surface,KCNJ2_MOUSE,KCNJ2_MOUSE,cssf_f35e7c0d2382,vespag,0.4601787632210639,428,0.9135514018691588,391,20953,2259.4,0.86,0.0,0.2412,1.0,0.1155616586304318,2.5604313620178756,0.0,0.1284971785201372,0.8715028214798628,Eukaryote,Expression,distilled-evolutionary-variant-effect-model,sequence,known-development-benchmark,available,,elastic_net,4,0.5142731387125974,0.5142731387125974,0.13019273738038112,0.12906927964107912,False,,False,0.05409437549153351,0.05409437549153351,True
variantshift-development-v1,proteingym-v1.3,proteingym-substitutions-v1.3,KKA2_KLEPN_Melnikov_2014,KKA2_KLEPN_Melnikov_2014,KKA2_KLEPN,KKA2_KLEPN,cssf_72f0344ad526,carp_640m,0.6488648111626162,264,1.0,264,234760,78843.3,0.795,0.0,0.4778,1.0,3.4252817810491205,1.414958224612268,0.0,0.110482967849812,0.889517032150188,Prokaryote,OrganismalFitness,convolutional-protein-language-model,sequence,known-development-benchmark,available,,elastic_net,0,0.5973064668234862,0.5973064668234862,0.19410678994503217,0.08117617262717636,True,1.6624979783332168,True,-0.05155834433912998,-0.05155834433912998,True
variantshift-development-v1,proteingym-v1.3,proteingym-substitutions-v1.3,KKA2_KLEPN_Melnikov_2014,KKA2_KLEPN_Melnikov_2014,KKA2_KLEPN,KKA2_KLEPN,cssf_72f0344ad526,esm2_150m,0.4829757801605373,264,1.0,264,234760,78843.3,0.795,0.0,0.4778,1.0,3.322080037807323,1.414408541394215,0.0,0.1325823998466063,0.8674176001533936,Prokaryote,OrganismalFitness,masked-protein-language-model,sequence,known-development-benchmark,available,,elastic_net,0,0.5280719381381473,0.5280719381381473,0.17069083897436652,0.07420469855625106,False,,False,0.04509615797761002,0.04509615797761002,True
variantshift-development-v1,proteingym-v1.3,proteingym-substitutions-v1.3,KKA2_KLEPN_Melnikov_2014,KKA2_KLEPN_Melnikov_2014,KKA2_KLEPN,KKA2_KLEPN,cssf_72f0344ad526,esm2_35m,0.21928020320544,264,1.0,264,234760,78843.3,0.795,0.0,0.4778,1.0,2.4850760179747176,1.3276499659395218,0.0,0.1714615658558118,0.8285384341441882,Prokaryote,OrganismalFitness,masked-protein-language-model,sequence,known-development-benchmark,available,,elastic_net,0,0.4021894079853745,0.4021894079853745,0.09283959570773842,0.15532876050740174,False,,False,0.1829092047799345,0.1829092047799345,True
variantshift-development-v1,proteingym-v1.3,proteingym-substitutions-v1.3,KKA2_KLEPN_Melnikov_2014,KKA2_KLEPN_Melnikov_2014,KKA2_KLEPN,KKA2_KLEPN,cssf_72f0344ad526,esm2_650m,0.7665573167833868,264,1.0,264,234760,78843.3,0.795,0.0,0.4778,1.0,3.7008455127887503,1.3718264573734316,0.0,0.0926673813740628,0.9073326186259372,Prokaryote,OrganismalFitness,masked-protein-language-model,sequence,known-development-benchmark,available,,elastic_net,0,0.5749602053900302,0.5749602053900302,0.23311992063036877,-0.04490607158073068,False,,False,-0.19159711139335656,-0.19159711139335656,True
variantshift-development-v1,proteingym-v1.3,proteingym-substitutions-v1.3,KKA2_KLEPN_Melnikov_2014,KKA2_KLEPN_Melnikov_2014,KKA2_KLEPN,KKA2_KLEPN,cssf_72f0344ad526,esm2_8m,0.1247339933114506,264,1.0,264,234760,78843.3,0.795,0.0,0.4778,1.0,2.1775391038695022,1.3327449219685938,0.0,0.214176974191853,0.785823025808147,Prokaryote,OrganismalFitness,masked-protein-language-model,sequence,known-development-benchmark,available,,elastic_net,0,0.35197619580137457,0.35197619580137457,0.0979186275029924,0.091610393890323,False,,False,0.22724220248992397,0.22724220248992397,True
variantshift-development-v1,proteingym-v1.3,proteingym-substitutions-v1.3,KKA2_KLEPN_Melnikov_2014,KKA2_KLEPN_Melnikov_2014,KKA2_KLEPN,KKA2_KLEPN,cssf_72f0344ad526,vespag,0.7400148679935535,264,1.0,264,234760,78843.3,0.795,0.0,0.4778,1.0,0.1022128738488937,2.4437219722870607,0.0,0.136142321480811,0.8638576785191889,Prokaryote,OrganismalFitness,distilled-evolutionary-variant-effect-model,sequence,known-development-benchmark,available,,elastic_net,0,0.570282141287768,0.570282141287768,0.21511725405862955,-0.001715013759843842,False,,False,-0.16973272670578554,-0.16973272670578554,True
variantshift-development-v1,proteingym-v1.3,proteingym-substitutions-v1.3,LGK_LIPST_Klesmith_2015,LGK_LIPST_Klesmith_2015,LGK_LIPST,LGK_LIPST,cssf_bba3db8a5a23,carp_640m,0.6137700008022723,439,1.0,439,31069,8264.5,0.813,0.0,0.4448,1.0,3.773740067728742,1.2700076423114108,0.0,0.0928388300816982,0.9071611699183018,Eukaryote,Activity,convolutional-protein-language-model,sequence,known-development-benchmark,available,,elastic_net,0,0.5782778954612269,0.5782778954612269,0.0711356393135119,0.3891281060225234,False,,False,-0.03549210534104541,-0.03549210534104541,True
variantshift-development-v1,proteingym-v1.3,proteingym-substitutions-v1.3,LGK_LIPST_Klesmith_2015,LGK_LIPST_Klesmith_2015,LGK_LIPST,LGK_LIPST,cssf_bba3db8a5a23,esm2_150m,0.3831790502551069,439,1.0,439,31069,8264.5,0.813,0.0,0.4448,1.0,3.204101841983664,1.1613124985458976,0.0,0.0995194492001022,0.9004805507998977,Eukaryote,Activity,masked-protein-language-model,sequence,known-development-benchmark,available,,elastic_net,0,0.441170621764351,0.441170621764351,0.0698841528719428,0.2553485369641749,False,,False,0.05799157150924411,0.05799157150924411,True
variantshift-development-v1,proteingym-v1.3,proteingym-substitutions-v1.3,LGK_LIPST_Klesmith_2015,LGK_LIPST_Klesmith_2015,LGK_LIPST,LGK_LIPST,cssf_bba3db8a5a23,esm2_35m,0.2520767258317405,439,1.0,439,31069,8264.5,0.813,0.0,0.4448,1.0,2.934833734476331,1.080647988177154,0.0,0.131909583477176,0.8680904165228239,Eukaryote,Activity,masked-protein-language-model,sequence,known-development-benchmark,available,,elastic_net,0,0.3782768485556603,0.3782768485556603,0.10959834640603554,0.08685465363916589,False,,False,0.12620012272391978,0.12620012272391978,True
variantshift-development-v1,proteingym-v1.3,proteingym-substitutions-v1.3,LGK_LIPST_Klesmith_2015,LGK_LIPST_Klesmith_2015,LGK_LIPST,LGK_LIPST,cssf_bba3db8a5a23,esm2_650m,0.7756731112679457,439,1.0,439,31069,8264.5,0.813,0.0,0.4448,1.0,4.016447366864668,1.4982451553364011,0.0,0.131909583477176,0.8680904165228239,Eukaryote,Activity,masked-protein-language-model,sequence,known-development-benchmark,available,,elastic_net,0,0.5939067569526384,0.5939067569526384,0.07513586275742698,0.39412036637523423,True,0.7995208149776619,True,-0.1817663543153073,-0.1817663543153073,True
variantshift-development-v1,proteingym-v1.3,proteingym-substitutions-v1.3,LGK_LIPST_Klesmith_2015,LGK_LIPST_Klesmith_2015,LGK_LIPST,LGK_LIPST,cssf_bba3db8a5a23,esm2_8m,0.0938888940209493,439,1.0,439,31069,8264.5,0.813,0.0,0.4448,1.0,1.9722524288621848,1.086819228280941,0.0,0.2549530032592081,0.7450469967407919,Eukaryote,Activity,masked-protein-language-model,sequence,known-development-benchmark,available,,elastic_net,0,0.22361397783759748,0.22361397783759748,0.10058911454702554,-0.04385265379751771,False,,False,0.12972508381664818,0.12972508381664818,True
variantshift-development-v1,proteingym-v1.3,proteingym-substitutions-v1.3,LGK_LIPST_Klesmith_2015,LGK_LIPST_Klesmith_2015,LGK_LIPST,LGK_LIPST,cssf_bba3db8a5a23,vespag,1.0196461554850065,439,1.0,439,31069,8264.5,0.813,0.0,0.4448,1.0,0.1313616304176907,2.4572647265386323,0.0,0.1302322345573305,0.8697677654426694,Eukaryote,Activity,distilled-evolutionary-variant-effect-model,sequence,known-development-benchmark,available,,elastic_net,0,0.5525030925682599,0.5525030925682599,0.05642532466112796,0.4024680555367508,False,,False,-0.46714306291674657,-0.46714306291674657,True
variantshift-development-v1,proteingym-v1.3,proteingym-substitutions-v1.3,MAFG_MOUSE_Tsuboyama_2023_1K1V,MAFG_MOUSE_Tsuboyama_2023_1K1V,MAFG_MOUSE,MAFG_MOUSE,cssf_a1eda43852c5,carp_640m,0.7327867798863248,41,1.0,41,6178,159.3,1.0,0.0,0.4867,1.0,2.156561762589352,1.675594172305232,0.0,0.0888025139146861,0.9111974860853138,Eukaryote,Stability,convolutional-protein-language-model,sequence,known-development-benchmark,available,,elastic_net,2,0.5164314011331186,0.5164314011331186,0.17076056132080414,0.15009179338329925,False,,False,-0.2163553787532062,-0.2163553787532062,True
variantshift-development-v1,proteingym-v1.3,proteingym-substitutions-v1.3,MAFG_MOUSE_Tsuboyama_2023_1K1V,MAFG_MOUSE_Tsuboyama_2023_1K1V,MAFG_MOUSE,MAFG_MOUSE,cssf_a1eda43852c5,esm2_150m,0.6068620997508841,41,1.0,41,6178,159.3,1.0,0.0,0.4867,1.0,3.058049683329077,1.048111652149729,0.0,0.0799873139662379,0.920012686033762,Eukaryote,Stability,masked-protein-language-model,sequence,known-development-benchmark,available,,elastic_net,2,0.41567322415204405,0.41567322415204405,0.21133352673494665,-0.03770922370147023,False,,False,-0.19118887559884007,-0.19118887559884007,True
variantshift-development-v1,proteingym-v1.3,proteingym-substitutions-v1.3,MAFG_MOUSE_Tsuboyama_2023_1K1V,MAFG_MOUSE_Tsuboyama_2023_1K1V,MAFG_MOUSE,MAFG_MOUSE,cssf_a1eda43852c5,esm2_35m,0.7337153469271763,41,1.0,41,6178,159.3,1.0,0.0,0.4867,1.0,2.625394481110964,1.1099675780250968,0.0,0.0761466418157645,0.9238533581842354,Eukaryote,Stability,masked-protein-language-model,sequence,known-development-benchmark,available,,elastic_net,2,0.400043477202348,0.400043477202348,0.2098757469795021,-0.05021153619168417,False,,False,-0.3336718697248283,-0.3336718697248283,True
variantshift-development-v1,proteingym-v1.3,proteingym-substitutions-v1.3,MAFG_MOUSE_Tsuboyama_2023_1K1V,MAFG_MOUSE_Tsuboyama_2023_1K1V,MAFG_MOUSE,MAFG_MOUSE,cssf_a1eda43852c5,esm2_650m,0.7042069353308418,41,1.0,41,6178,159.3,1.0,0.0,0.4867,1.0,2.9312554543840488,1.1039458914116536,0.0,0.0701333244617318,0.9298666755382682,Eukaryote,Stability,masked-protein-language-model,sequence,known-development-benchmark,available,,elastic_net,2,0.42454835791614887,0.42454835791614887,0.2298567429439001,-0.06857270234157736,False,,False,-0.2796585774146929,-0.2796585774146929,True
variantshift-development-v1,proteingym-v1.3,proteingym-substitutions-v1.3,MAFG_MOUSE_Tsuboyama_2023_1K1V,MAFG_MOUSE_Tsuboyama_2023_1K1V,MAFG_MOUSE,MAFG_MOUSE,cssf_a1eda43852c5,esm2_8m,0.7114159556666791,41,1.0,41,6178,159.3,1.0,0.0,0.4867,1.0,1.7723028483950594,1.5436889814387924,0.0,0.0868711291178668,0.9131288708821332,Eukaryote,Stability,masked-protein-language-model,sequence,known-development-benchmark,available,,elastic_net,2,0.4163858189851014,0.4163858189851014,0.18091397503971496,0.028263678018379035,False,,False,-0.29503013668157774,-0.29503013668157774,True
variantshift-development-v1,proteingym-v1.3,proteingym-substitutions-v1.3,MAFG_MOUSE_Tsuboyama_2023_1K1V,MAFG_MOUSE_Tsuboyama_2023_1K1V,MAFG_MOUSE,MAFG_MOUSE,cssf_a1eda43852c5,vespag,0.6355583985787546,41,1.0,41,6178,159.3,1.0,0.0,0.4867,1.0,0.0568989342533394,2.8621536051864256,0.0,0.1536981747927288,0.8463018252072712,Eukaryote,Stability,distilled-evolutionary-variant-effect-model,sequence,known-development-benchmark,available,,elastic_net,2,0.5777286017239648,0.5777286017239648,0.0844984922881853,0.3964505344649202,True,-2.432554569730742,True,-0.05782979685478984,-0.05782979685478984,True
variantshift-development-v1,proteingym-v1.3,proteingym-substitutions-v1.3,MBD11_ARATH_Tsuboyama_2023_6ACV,MBD11_ARATH_Tsuboyama_2023_6ACV,MBD11_ARATH,MBD11_ARATH,cssf_029b997580c1,carp_640m,0.6705917673628297,66,1.0,66,26035,1643.9,0.909,0.0,0.3849,0.9848484848484848,2.4562153308982384,2.111584942612766,0.0,0.1872148436572078,0.8127851563427921,Eukaryote,Stability,convolutional-protein-language-model,sequence,known-development-benchmark,available,,elastic_net,4,0.5772093804490723,0.5772093804490723,0.20055153417960908,-0.01616645957946894,False,,False,-0.09338238691375733,-0.09338238691375733,True
variantshift-development-v1,proteingym-v1.3,proteingym-substitutions-v1.3,MBD11_ARATH_Tsuboyama_2023_6ACV,MBD11_ARATH_Tsuboyama_2023_6ACV,MBD11_ARATH,MBD11_ARATH,cssf_029b997580c1,esm2_150m,0.5027281253924264,66,1.0,66,26035,1643.9,0.909,0.0,0.3849,0.9848484848484848,2.681831470092467,1.5141409896222118,0.0,0.1333114853747457,0.8666885146252543,Eukaryote,Stability,masked-protein-language-model,sequence,known-development-benchmark,available,,elastic_net,4,0.45119248100767906,0.45119248100767906,0.24015907199153347,-0.25937097424780375,False,,False,-0.05153564438474734,-0.05153564438474734,True
variantshift-development-v1,proteingym-v1.3,proteingym-substitutions-v1.3,MBD11_ARATH_Tsuboyama_2023_6ACV,MBD11_ARATH_Tsuboyama_2023_6ACV,MBD11_ARATH,MBD11_ARATH,cssf_029b997580c1,esm2_35m,-0.304790476781456,66,1.0,66,26035,1643.9,0.909,0.0,0.3849,0.9848484848484848,1.394914012648614,1.4606804674317957,0.0,0.3459798822092381,0.6540201177907619,Eukaryote,Stability,masked-protein-language-model,sequence,known-development-benchmark,available,,elastic_net,4,0.17552358256963319,0.17552358256963319,0.19934836936198674,-0.41429242962079216,False,,False,0.4803140593510892,0.4803140593510892,True
variantshift-development-v1,proteingym-v1.3,proteingym-substitutions-v1.3,MBD11_ARATH_Tsuboyama_2023_6ACV,MBD11_ARATH_Tsuboyama_2023_6ACV,MBD11_ARATH,MBD11_ARATH,cssf_029b997580c1,esm2_650m,0.526405799584484,66,1.0,66,26035,1643.9,0.909,0.0,0.3849,0.9848484848484848,2.6435699975338984,1.440453924326814,0.0,0.1574627054194317,0.8425372945805683,Eukaryote,Stability,masked-protein-language-model,sequence,known-development-benchmark,available,,elastic_net,4,0.41244458167328685,0.41244458167328685,0.24678482020780965,-0.3177226075039195,False,,False,-0.11396121791119712,-0.11396121791119712,True
variantshift-development-v1,proteingym-v1.3,proteingym-substitutions-v1.3,MBD11_ARATH_Tsuboyama_2023_6ACV,MBD11_ARATH_Tsuboyama_2023_6ACV,MBD11_ARATH,MBD11_ARATH,cssf_029b997580c1,esm2_8m,-0.2338271141454512,66,1.0,66,26035,1643.9,0.909,0.0,0.3849,0.9848484848484848,1.1663093258191166,1.5759915067622583,0.0,0.4298416446358448,0.5701583553641552,Eukaryote,Stability,masked-protein-language-model,sequence,known-development-benchmark,available,,elastic_net,4,0.12404255047851365,0.12404255047851365,0.140719780966886,-0.2923078832463064,False,,False,0.35786966462396486,0.35786966462396486,True
variantshift-development-v1,proteingym-v1.3,proteingym-substitutions-v1.3,MBD11_ARATH_Tsuboyama_2023_6ACV,MBD11_ARATH_Tsuboyama_2023_6ACV,MBD11_ARATH,MBD11_ARATH,cssf_029b997580c1,vespag,0.5614165475435299,66,1.0,66,26035,1643.9,0.909,0.0,0.3849,0.9848484848484848,0.0478835925487063,2.9404023837597437,0.0,0.1635692342264233,0.8364307657735767,Eukaryote,Stability,distilled-evolutionary-variant-effect-model,sequence,known-development-benchmark,available,,elastic_net,4,0.6201404396596157,0.6201404396596157,0.11627547223758669,0.2761138716459149,True,-0.8666796152668557,True,0.05872389211608586,0.05872389211608586,True
variantshift-development-v1,proteingym-v1.3,proteingym-substitutions-v1.3,MET_HUMAN_Estevam_2023,MET_HUMAN_Estevam_2023,MET_HUMAN,MET_HUMAN,cssf_784e4bfd3195,carp_640m,0.6989332849117392,287,1.0,287,185885,5102.2,0.951,0.268,0.6157,1.0,4.913116081430026,1.8119619560597044,0.0,0.1150794180704084,0.8849205819295916,Human,Activity,convolutional-protein-language-model,sequence,known-development-benchmark,available,,elastic_net,0,0.8068060484451527,0.8068060484451527,0.14691585651107705,0.416156528844946,True,0.4346291796874907,True,0.10787276353341346,0.10787276353341346,True
variantshift-development-v1,proteingym-v1.3,proteingym-substitutions-v1.3,MET_HUMAN_Estevam_2023,MET_HUMAN_Estevam_2023,MET_HUMAN,MET_HUMAN,cssf_784e4bfd3195,esm2_150m,0.599327406050641,287,1.0,287,185885,5102.2,0.951,0.268,0.6157,1.0,4.022477689695346,1.110459264577334,0.0,0.0653079147822445,0.9346920852177556,Human,Activity,masked-protein-language-model,sequence,known-development-benchmark,available,,elastic_net,0,0.514833249821847,0.514833249821847,0.1949954367022057,-0.003659957657127788,False,,False,-0.08449415622879408,-0.08449415622879408,True
variantshift-development-v1,proteingym-v1.3,proteingym-substitutions-v1.3,MET_HUMAN_Estevam_2023,MET_HUMAN_Estevam_2023,MET_HUMAN,MET_HUMAN,cssf_784e4bfd3195,esm2_35m,0.526952775943109,287,1.0,287,185885,5102.2,0.951,0.268,0.6157,1.0,3.4464062353021316,1.0944183447667517,0.0,0.0552228393374402,0.9447771606625598,Human,Activity,masked-protein-language-model,sequence,known-development-benchmark,available,,elastic_net,0,0.45619321038026456,0.45619321038026456,0.2345902063552264,-0.16758255890623813,False,,False,-0.0707595655628444,-0.0707595655628444,True
variantshift-development-v1,proteingym-v1.3,proteingym-substitutions-v1.3,MET_HUMAN_Estevam_2023,MET_HUMAN_Estevam_2023,MET_HUMAN,MET_HUMAN,cssf_784e4bfd3195,esm2_650m,0.666733354308363,287,1.0,287,185885,5102.2,0.951,0.268,0.6157,1.0,4.2712983874208295,1.2141048066000606,0.0,0.0567209702126502,0.9432790297873498,Human,Activity,masked-protein-language-model,sequence,known-development-benchmark,available,,elastic_net,0,0.5703146657737695,0.5703146657737695,0.18099965136995308,0.0890362759891658,False,,False,-0.09641868853459346,-0.09641868853459346,True
variantshift-development-v1,proteingym-v1.3,proteingym-substitutions-v1.3,MET_HUMAN_Estevam_2023,MET_HUMAN_Estevam_2023,MET_HUMAN,MET_HUMAN,cssf_784e4bfd3195,esm2_8m,0.3938621050423336,287,1.0,287,185885,5102.2,0.951,0.268,0.6157,1.0,3.079518558981869,0.990355190608812,0.0,0.0942165320944397,0.9057834679055604,Human,Activity,masked-protein-language-model,sequence,known-development-benchmark,available,,elastic_net,0,0.37434206316351765,0.37434206316351765,0.1821116843006097,-0.10989322413002084,False,,False,-0.019520041878815952,-0.019520041878815952,True
variantshift-development-v1,proteingym-v1.3,proteingym-substitutions-v1.3,MET_HUMAN_Estevam_2023,MET_HUMAN_Estevam_2023,MET_HUMAN,MET_HUMAN,cssf_784e4bfd3195,vespag,0.6842534496044572,287,1.0,287,185885,5102.2,0.951,0.268,0.6157,1.0,0.0754614722843976,2.702250560759152,0.0,0.074991448007426,0.925008551992574,Human,Activity,distilled-evolutionary-variant-effect-model,sequence,known-development-benchmark,available,,elastic_net,0,0.6197675365558684,0.6197675365558684,0.17976344081210666,0.14177623280823703,False,,False,-0.06448591304858886,-0.06448591304858886,True
variantshift-development-v1,proteingym-v1.3,proteingym-substitutions-v1.3,MK01_HUMAN_Brenan_2016,MK01_HUMAN_Brenan_2016,MK01_HUMAN,MK01_HUMAN,cssf_29a8f9564eb0,carp_640m,0.0468958755726114,360,0.9972222222222222,359,124248,9354.4,0.806,0.267,0.6157,1.0,4.640278718825668,1.864670836981541,0.0,0.1606487799298916,0.8393512200701083,Human,OrganismalFitness,convolutional-protein-language-model,sequence,known-development-benchmark,available,,elastic_net,0,0.8360538023560773,0.8360538023560773,0.17680857041390152,0.3659195041689906,True,0.8327083200516117,True,0.7891579267834659,0.7891579267834659,False
variantshift-development-v1,proteingym-v1.3,proteingym-substitutions-v1.3,MK01_HUMAN_Brenan_2016,MK01_HUMAN_Brenan_2016,MK01_HUMAN,MK01_HUMAN,cssf_29a8f9564eb0,esm2_150m,0.0064976134119844,360,0.9972222222222222,359,124248,9354.4,0.806,0.267,0.6157,1.0,4.037988982530899,1.1758871772245143,0.0,0.1094689786024931,0.8905310213975068,Human,OrganismalFitness,masked-protein-language-model,sequence,known-development-benchmark,available,,elastic_net,0,0.5775995589467441,0.5775995589467441,0.09064831463131563,0.33656553168623604,False,,False,0.5711019455347597,0.5711019455347597,False
variantshift-development-v1,proteingym-v1.3,proteingym-substitutions-v1.3,MK01_HUMAN_Brenan_2016,MK01_HUMAN_Brenan_2016,MK01_HUMAN,MK01_HUMAN,cssf_29a8f9564eb0,esm2_35m,-0.0113705615214297,360,0.9972222222222222,359,124248,9354.4,0.806,0.267,0.6157,1.0,3.5220884519219395,0.9161121950195138,0.0,0.1395009853911073,0.8604990146088927,Human,OrganismalFitness,masked-protein-language-model,sequence,known-development-benchmark,available,,elastic_net,0,0.4456866731119967,0.4456866731119967,0.16319467710796498,0.011751741052905884,False,,False,0.4570572346334264,0.4570572346334264,False
variantshift-development-v1,proteingym-v1.3,proteingym-substitutions-v1.3,MK01_HUMAN_Brenan_2016,MK01_HUMAN_Brenan_2016,MK01_HUMAN,MK01_HUMAN,cssf_29a8f9564eb0,esm2_650m,-0.0154588185983388,360,0.9972222222222222,359,124248,9354.4,0.806,0.267,0.6157,1.0,4.2970173464527495,1.4432780814358073,0.0,0.113077491820536,0.8869225081794639,Human,OrganismalFitness,masked-protein-language-model,sequence,known-development-benchmark,available,,elastic_net,0,0.6693560669146013,0.6693560669146013,0.0954510580329489,0.41555153654322147,False,,False,0.68481488551294,0.68481488551294,False
variantshift-development-v1,proteingym-v1.3,proteingym-substitutions-v1.3,MK01_HUMAN_Brenan_2016,MK01_HUMAN_Brenan_2016,MK01_HUMAN,MK01_HUMAN,cssf_29a8f9564eb0,esm2_8m,0.0276898900113739,360,0.9972222222222222,359,124248,9354.4,0.806,0.267,0.6157,1.0,2.858009496487812,0.8680395301485614,0.0,0.1698199437578736,0.8301800562421263,Human,OrganismalFitness,masked-protein-language-model,sequence,known-development-benchmark,available,,elastic_net,0,0.35123997407701346,0.35123997407701346,0.19785431560079625,-0.17485499739702304,False,,False,0.32355008406563956,0.32355008406563956,True
variantshift-development-v1,proteingym-v1.3,proteingym-substitutions-v1.3,MK01_HUMAN_Brenan_2016,MK01_HUMAN_Brenan_2016,MK01_HUMAN,MK01_HUMAN,cssf_29a8f9564eb0,vespag,0.0561814921920976,360,0.9972222222222222,359,124248,9354.4,0.806,0.267,0.6157,1.0,0.109491070974221,2.6750847602210333,0.0,0.1088552337422894,0.8911447662577106,Human,OrganismalFitness,distilled-evolutionary-variant-effect-model,sequence,known-development-benchmark,available,,elastic_net,0,0.6661003787475724,0.6661003787475724,0.07995997829519833,0.4534866565118991,False,,False,0.6099188865554749,0.6099188865554749,False
variantshift-development-v1,proteingym-v1.3,proteingym-substitutions-v1.3,MLAC_ECOLI_MacRae_2023,MLAC_ECOLI_MacRae_2023,MLAC_ECOLI,MLAC_ECOLI,cssf_2185c9b20e14,carp_640m,0.3391698463187122,211,1.0,211,22874,7947.9,0.934,0.0,0.2829,1.0,3.3224432497569567,1.3959712403668096,0.0,0.1046371759315338,0.8953628240684661,Prokaryote,OrganismalFitness,convolutional-protein-language-model,sequence,known-development-benchmark,available,,elastic_net,3,0.446973904714282,0.446973904714282,0.1563769094470256,0.17221322138168393,False,,False,0.10780405839556978,0.10780405839556978,True
variantshift-development-v1,proteingym-v1.3,proteingym-substitutions-v1.3,MLAC_ECOLI_MacRae_2023,MLAC_ECOLI_MacRae_2023,MLAC_ECOLI,MLAC_ECOLI,cssf_2185c9b20e14,esm2_150m,0.218494912655756,211,1.0,211,22874,7947.9,0.934,0.0,0.2829,1.0,3.1661481398635547,1.300572073780868,0.0,0.1203475815163617,0.8796524184836383,Prokaryote,OrganismalFitness,masked-protein-language-model,sequence,known-development-benchmark,available,,elastic_net,3,0.34626166526272806,0.34626166526272806,0.11846744349234392,0.13810947807777094,False,,False,0.12776675260697207,0.12776675260697207,True
variantshift-development-v1,proteingym-v1.3,proteingym-substitutions-v1.3,MLAC_ECOLI_MacRae_2023,MLAC_ECOLI_MacRae_2023,MLAC_ECOLI,MLAC_ECOLI,cssf_2185c9b20e14,esm2_35m,0.218630383382099,211,1.0,211,22874,7947.9,0.934,0.0,0.2829,1.0,2.6191679306753843,1.30944062565038,0.0,0.1433467498652942,0.8566532501347057,Prokaryote,OrganismalFitness,masked-protein-language-model,sequence,known-development-benchmark,available,,elastic_net,3,0.2856445505289732,0.2856445505289732,0.07065259049088835,0.16150503331290417,False,,False,0.06701416714687419,0.06701416714687419,True
variantshift-development-v1,proteingym-v1.3,proteingym-substitutions-v1.3,MLAC_ECOLI_MacRae_2023,MLAC_ECOLI_MacRae_2023,MLAC_ECOLI,MLAC_ECOLI,cssf_2185c9b20e14,esm2_650m,0.3692714056936064,211,1.0,211,22874,7947.9,0.934,0.0,0.2829,1.0,4.1618690873365,1.3740825850979026,0.0,0.0985479241714043,0.9014520758285955,Prokaryote,OrganismalFitness,masked-protein-language-model,sequence,known-development-benchmark,available,,elastic_net,3,0.46634849542315154,0.46634849542315154,0.08712895256886247,0.3132593300819988,True,0.3486599757365749,True,0.09707708972954515,0.09707708972954515,True
variantshift-development-v1,proteingym-v1.3,proteingym-substitutions-v1.3,MLAC_ECOLI_MacRae_2023,MLAC_ECOLI_MacRae_2023,MLAC_ECOLI,MLAC_ECOLI,cssf_2185c9b20e14,esm2_8m,-0.0576381808018702,211,1.0,211,22874,7947.9,0.934,0.0,0.2829,1.0,1.733184851350025,1.0602102258209691,0.0,0.2851013494113482,0.7148986505886518,Prokaryote,OrganismalFitness,masked-protein-language-model,sequence,known-development-benchmark,available,,elastic_net,3,0.07448090328504259,0.07448090328504259,0.06885991041115463,-0.046508801049788814,False,,False,0.13211908408691278,0.13211908408691278,False
variantshift-development-v1,proteingym-v1.3,proteingym-substitutions-v1.3,MLAC_ECOLI_MacRae_2023,MLAC_ECOLI_MacRae_2023,MLAC_ECOLI,MLAC_ECOLI,cssf_2185c9b20e14,vespag,0.4945256194872868,211,1.0,211,22874,7947.9,0.934,0.0,0.2829,1.0,0.108339894953951,2.42098951943003,0.0,0.1729779947887719,0.827022005211228,Prokaryote,OrganismalFitness,distilled-evolutionary-variant-effect-model,sequence,known-development-benchmark,available,,elastic_net,3,0.4293724481635069,0.4293724481635069,0.10078052797481896,0.2522969014546001,False,,False,-0.0651531713237799,-0.0651531713237799,True
variantshift-development-v1,proteingym-v1.3,proteingym-substitutions-v1.3,MSH2_HUMAN_Jia_2020,MSH2_HUMAN_Jia_2020,MSH2_HUMAN,MSH2_HUMAN,cssf_48cbc265b524,carp_640m,0.4714064313243712,934,1.0,934,61226,10941.3,0.901,0.0,0.2585,1.0,4.788387002873245,1.4678885334960927,0.0,0.1510697921376576,0.8489302078623424,Human,OrganismalFitness,convolutional-protein-language-model,sequence,known-development-benchmark,available,,elastic_net,0,0.6506039721532405,0.6506039721532405,0.2910604800220763,-0.12332635364965727,False,,False,0.1791975408288693,0.1791975408288693,True
variantshift-development-v1,proteingym-v1.3,proteingym-substitutions-v1.3,MSH2_HUMAN_Jia_2020,MSH2_HUMAN_Jia_2020,MSH2_HUMAN,MSH2_HUMAN,cssf_48cbc265b524,esm2_150m,0.4469197320506676,934,1.0,934,61226,10941.3,0.901,0.0,0.2585,1.0,4.035936678006793,1.2290526466592913,0.0,0.1139126632504046,0.8860873367495954,Human,OrganismalFitness,masked-protein-language-model,sequence,known-development-benchmark,available,,elastic_net,0,0.48252187299971383,0.48252187299971383,0.1924041470398743,-0.029081090731756243,False,,False,0.035602140949046235,0.035602140949046235,True
variantshift-development-v1,proteingym-v1.3,proteingym-substitutions-v1.3,MSH2_HUMAN_Jia_2020,MSH2_HUMAN_Jia_2020,MSH2_HUMAN,MSH2_HUMAN,cssf_48cbc265b524,esm2_35m,0.3546279610882883,934,1.0,934,61226,10941.3,0.901,0.0,0.2585,1.0,3.179656589452311,0.939373905442209,0.0,0.1510697921376576,0.8489302078623424,Human,OrganismalFitness,masked-protein-language-model,sequence,known-development-benchmark,available,,elastic_net,0,0.30478993969738977,0.30478993969738977,0.22136243881599238,-0.2838131725505899,False,,False,-0.049838021390898546,-0.049838021390898546,True
variantshift-development-v1,proteingym-v1.3,proteingym-substitutions-v1.3,MSH2_HUMAN_Jia_2020,MSH2_HUMAN_Jia_2020,MSH2_HUMAN,MSH2_HUMAN,cssf_48cbc265b524,esm2_650m,0.4258958276991899,934,1.0,934,61226,10941.3,0.901,0.0,0.2585,1.0,4.164291734277989,2.059548563239824,0.0,0.1647330752700452,0.8352669247299548,Human,OrganismalFitness,masked-protein-language-model,sequence,known-development-benchmark,available,,elastic_net,0,0.6795094162058375,0.6795094162058375,0.30948753660565814,-0.1434184853044812,True,1.2869677548477432,False,0.2536135885066476,0.2536135885066476,True
variantshift-development-v1,proteingym-v1.3,proteingym-substitutions-v1.3,MSH2_HUMAN_Jia_2020,MSH2_HUMAN_Jia_2020,MSH2_HUMAN,MSH2_HUMAN,cssf_48cbc265b524,esm2_8m,0.1506864942330711,934,1.0,934,61226,10941.3,0.901,0.0,0.2585,1.0,2.3160543070182364,0.844448430822186,0.0,0.2552455191492312,0.7447544808507688,Human,OrganismalFitness,masked-protein-language-model,sequence,known-development-benchmark,available,,elastic_net,0,0.1438318806469513,0.1438318806469513,0.1673579929399449,-0.30117331549615467,False,,False,-0.006854613586119801,-0.006854613586119801,True
variantshift-development-v1,proteingym-v1.3,proteingym-substitutions-v1.3,MSH2_HUMAN_Jia_2020,MSH2_HUMAN_Jia_2020,MSH2_HUMAN,MSH2_HUMAN,cssf_48cbc265b524,vespag,0.4756629651330509,934,1.0,934,61226,10941.3,0.901,0.0,0.2585,1.0,0.1136210401862556,2.5940995643434053,0.0,0.1439809217373175,0.8560190782626824,Human,OrganismalFitness,distilled-evolutionary-variant-effect-model,sequence,known-development-benchmark,available,,elastic_net,0,0.523928891412011,0.523928891412011,0.24612662434915802,-0.1305222335117967,False,,False,0.04826592627896015,0.04826592627896015,True
variantshift-development-v1,proteingym-v1.3,proteingym-substitutions-v1.3,MTH3_HAEAE_RockahShmuel_2015,MTH3_HAEAE_RockahShmuel_2015,MTH3_HAEAE,MTH3_HAEAE,cssf_9a90786f7320,carp_640m,0.3188500906780145,330,0.996969696969697,329,82734,27229.1,0.891,0.0,0.3316,1.0,3.0830152253581415,1.1311954100950163,0.0,0.1099656801890394,0.8900343198109606,Prokaryote,OrganismalFitness,convolutional-protein-language-model,sequence,known-development-benchmark,available,,elastic_net,0,0.42821668578207167,0.42821668578207167,0.1352267086276442,0.06864863086266704,False,,False,0.10936659510405716,0.10936659510405716,True
variantshift-development-v1,proteingym-v1.3,proteingym-substitutions-v1.3,MTH3_HAEAE_RockahShmuel_2015,MTH3_HAEAE_RockahShmuel_2015,MTH3_HAEAE,MTH3_HAEAE,cssf_9a90786f7320,esm2_150m,0.2567830744881222,330,0.996969696969697,329,82734,27229.1,0.891,0.0,0.3316,1.0,3.2261173949661948,1.0319517882114224,0.0,0.1454094694601675,0.8545905305398325,Prokaryote,OrganismalFitness,masked-protein-language-model,sequence,known-development-benchmark,available,,elastic_net,0,0.3535095273777841,0.3535095273777841,0.13812043976118085,-0.013752963690403575,False,,False,0.09672645288966192,0.09672645288966192,True
variantshift-development-v1,proteingym-v1.3,proteingym-substitutions-v1.3,MTH3_HAEAE_RockahShmuel_2015,MTH3_HAEAE_RockahShmuel_2015,MTH3_HAEAE,MTH3_HAEAE,cssf_9a90786f7320,esm2_35m,0.2112672626155339,330,0.996969696969697,329,82734,27229.1,0.891,0.0,0.3316,1.0,2.9231983725860795,0.9624291681445156,0.0,0.1280123519053038,0.8719876480946962,Prokaryote,OrganismalFitness,masked-protein-language-model,sequence,known-development-benchmark,available,,elastic_net,0,0.3130341989147085,0.3130341989147085,0.1540738407949452,-0.09664841342445712,False,,False,0.1017669362991746,0.1017669362991746,True
variantshift-development-v1,proteingym-v1.3,proteingym-substitutions-v1.3,MTH3_HAEAE_RockahShmuel_2015,MTH3_HAEAE_RockahShmuel_2015,MTH3_HAEAE,MTH3_HAEAE,cssf_9a90786f7320,esm2_650m,0.4802243327717351,330,0.996969696969697,329,82734,27229.1,0.891,0.0,0.3316,1.0,3.502092104469182,1.114928899475949,0.0,0.1181881481492356,0.8818118518507644,Prokaryote,OrganismalFitness,masked-protein-language-model,sequence,known-development-benchmark,available,,elastic_net,0,0.41527288677290614,0.41527288677290614,0.15323972137126074,0.007808199441222352,False,,False,-0.06495144599882896,-0.06495144599882896,True
variantshift-development-v1,proteingym-v1.3,proteingym-substitutions-v1.3,MTH3_HAEAE_RockahShmuel_2015,MTH3_HAEAE_RockahShmuel_2015,MTH3_HAEAE,MTH3_HAEAE,cssf_9a90786f7320,esm2_8m,-0.0710227221296068,330,0.996969696969697,329,82734,27229.1,0.891,0.0,0.3316,1.0,2.0676380292089993,0.9172859913633394,0.0,0.2151115939079152,0.7848884060920848,Prokaryote,OrganismalFitness,masked-protein-language-model,sequence,known-development-benchmark,available,,elastic_net,0,0.1732570106839254,0.1732570106839254,0.09604224496733157,-0.08211948678069392,False,,False,0.2442797328135322,0.2442797328135322,True
variantshift-development-v1,proteingym-v1.3,proteingym-substitutions-v1.3,MTH3_HAEAE_RockahShmuel_2015,MTH3_HAEAE_RockahShmuel_2015,MTH3_HAEAE,MTH3_HAEAE,cssf_9a90786f7320,vespag,0.9062645920505036,330,0.996969696969697,329,82734,27229.1,0.891,0.0,0.3316,1.0,0.1351587584990405,2.2391830358025335,0.0,0.1610507374845655,0.8389492625154344,Prokaryote,OrganismalFitness,distilled-evolutionary-variant-effect-model,sequence,known-development-benchmark,available,,elastic_net,0,0.44780815359102555,0.44780815359102555,0.2507814414171628,-0.21902013806362997,True,1.211428140208354,False,-0.45845643845947803,-0.45845643845947803,True
variantshift-development-v1,proteingym-v1.3,proteingym-substitutions-v1.3,MTHR_HUMAN_Weile_2021,MTHR_HUMAN_Weile_2021,MTHR_HUMAN,MTHR_HUMAN,cssf_095a60e097b5,carp_640m,0.4557911354767389,656,1.0,656,4783,646.2,0.96,0.0,0.3361,1.0,3.7889845368594033,1.3158027455676506,0.0,0.2057268037763783,0.7942731962236217,Human,OrganismalFitness,convolutional-protein-language-model,sequence,known-development-benchmark,available,,elastic_net,0,0.47898783098488296,0.47898783098488296,0.17301852148520883,0.01893127953266588,False,,False,0.023196695508144072,0.023196695508144072,True
variantshift-development-v1,proteingym-v1.3,proteingym-substitutions-v1.3,MTHR_HUMAN_Weile_2021,MTHR_HUMAN_Weile_2021,MTHR_HUMAN,MTHR_HUMAN,cssf_095a60e097b5,esm2_150m,0.4249263087041103,656,1.0,656,4783,646.2,0.96,0.0,0.3361,1.0,3.445177336451576,0.6195172588350634,0.0,0.2539915961683545,0.7460084038316455,Human,OrganismalFitness,masked-protein-language-model,sequence,known-development-benchmark,available,,elastic_net,0,0.19913234244282885,0.19913234244282885,0.23442060044554588,-0.4241924444329832,False,,False,-0.22579396626128145,-0.22579396626128145,True
variantshift-development-v1,proteingym-v1.3,proteingym-substitutions-v1.3,MTHR_HUMAN_Weile_2021,MTHR_HUMAN_Weile_2021,MTHR_HUMAN,MTHR_HUMAN,cssf_095a60e097b5,esm2_35m,0.3027982673460712,656,1.0,656,4783,646.2,0.96,0.0,0.3361,1.0,2.722155752862143,0.7692041401954951,0.0,0.2690679114512631,0.7309320885487369,Human,OrganismalFitness,masked-protein-language-model,sequence,known-development-benchmark,available,,elastic_net,0,0.15506454317786772,0.15506454317786772,0.23157946635409363,-0.4607056631761209,False,,False,-0.14773372416820346,-0.14773372416820346,True
variantshift-development-v1,proteingym-v1.3,proteingym-substitutions-v1.3,MTHR_HUMAN_Weile_2021,MTHR_HUMAN_Weile_2021,MTHR_HUMAN,MTHR_HUMAN,cssf_095a60e097b5,esm2_650m,0.428469866910794,656,1.0,656,4783,646.2,0.96,0.0,0.3361,1.0,4.310121636041242,1.8753869855754393,0.0,0.2358344768526908,0.7641655231473091,Human,OrganismalFitness,masked-protein-language-model,sequence,known-development-benchmark,available,,elastic_net,0,0.6101721523244032,0.6101721523244032,0.2308791362581044,-0.003735875078607842,True,-0.24552118649289545,False,0.18170228541360928,0.18170228541360928,True
variantshift-development-v1,proteingym-v1.3,proteingym-substitutions-v1.3,MTHR_HUMAN_Weile_2021,MTHR_HUMAN_Weile_2021,MTHR_HUMAN,MTHR_HUMAN,cssf_095a60e097b5,esm2_8m,0.1461966221460202,656,1.0,656,4783,646.2,0.96,0.0,0.3361,1.0,1.2151460334296391,1.303333898013214,0.0,0.3857933221954263,0.6142066778045737,Human,OrganismalFitness,masked-protein-language-model,sequence,known-development-benchmark,available,,elastic_net,0,0.07909378644234943,0.07909378644234943,0.1581289521742015,-0.34137137415165597,False,,False,-0.06710283570367076,-0.06710283570367076,True
variantshift-development-v1,proteingym-v1.3,proteingym-substitutions-v1.3,MTHR_HUMAN_Weile_2021,MTHR_HUMAN_Weile_2021,MTHR_HUMAN,MTHR_HUMAN,cssf_095a60e097b5,vespag,0.4537387436352025,656,1.0,656,4783,646.2,0.96,0.0,0.3361,1.0,0.1157053506232697,2.6501887847422316,0.0,0.239294143336488,0.760705856663512,Human,OrganismalFitness,distilled-evolutionary-variant-effect-model,sequence,known-development-benchmark,available,,elastic_net,0,0.48854080648219855,0.48854080648219855,0.23426041166202852,-0.13435803813787284,False,,False,0.03480206284699605,0.03480206284699605,True
variantshift-development-v1,proteingym-v1.3,proteingym-substitutions-v1.3,MYO3_YEAST_Tsuboyama_2023_2BTT,MYO3_YEAST_Tsuboyama_2023_2BTT,MYO3_YEAST,MYO3_YEAST,cssf_784e4bfd3195,carp_640m,0.9632519532676204,61,1.0,61,442941,12712.4,0.885,0.0,0.6351,1.0,1.9114613886991212,1.612296778398222,0.0,0.1334781667334033,0.8665218332665967,Eukaryote,Stability,convolutional-protein-language-model,sequence,known-development-benchmark,available,,elastic_net,0,0.49151360490900153,0.49151360490900153,0.1282478282446143,0.15050240514275304,False,,False,-0.47173834835861883,-0.47173834835861883,True
variantshift-development-v1,proteingym-v1.3,proteingym-substitutions-v1.3,MYO3_YEAST_Tsuboyama_2023_2BTT,MYO3_YEAST_Tsuboyama_2023_2BTT,MYO3_YEAST,MYO3_YEAST,cssf_784e4bfd3195,esm2_150m,0.9152471249683216,61,1.0,61,442941,12712.4,0.885,0.0,0.6351,1.0,3.89197863494572,1.2581356120776253,0.0,0.1052933857889002,0.8947066142110998,Eukaryote,Stability,masked-protein-language-model,sequence,known-development-benchmark,available,,elastic_net,0,0.5718716842579409,0.5718716842579409,0.14481481362618973,0.18680884136596815,False,,False,-0.34337544071038073,-0.34337544071038073,True
variantshift-development-v1,proteingym-v1.3,proteingym-substitutions-v1.3,MYO3_YEAST_Tsuboyama_2023_2BTT,MYO3_YEAST_Tsuboyama_2023_2BTT,MYO3_YEAST,MYO3_YEAST,cssf_784e4bfd3195,esm2_35m,0.818623837576893,61,1.0,61,442941,12712.4,0.885,0.0,0.6351,1.0,3.0740657291759357,1.5645340291561511,0.0,0.0752248713345837,0.9247751286654162,Eukaryote,Stability,masked-protein-language-model,sequence,known-development-benchmark,available,,elastic_net,0,0.5781074960181871,0.5781074960181871,0.1186803926619399,0.2625361242115291,False,,False,-0.24051634155870594,-0.24051634155870594,True
variantshift-development-v1,proteingym-v1.3,proteingym-substitutions-v1.3,MYO3_YEAST_Tsuboyama_2023_2BTT,MYO3_YEAST_Tsuboyama_2023_2BTT,MYO3_YEAST,MYO3_YEAST,cssf_784e4bfd3195,esm2_650m,0.932303496948034,61,1.0,61,442941,12712.4,0.885,0.0,0.6351,1.0,4.447648843570677,1.3396956485180247,0.0,0.1334781667334033,0.8665218332665967,Eukaryote,Stability,masked-protein-language-model,sequence,known-development-benchmark,available,,elastic_net,0,0.6363711676330246,0.6363711676330246,0.12683595421438276,0.29911414338427295,False,,False,-0.29593232931500946,-0.29593232931500946,True
variantshift-development-v1,proteingym-v1.3,proteingym-substitutions-v1.3,MYO3_YEAST_Tsuboyama_2023_2BTT,MYO3_YEAST_Tsuboyama_2023_2BTT,MYO3_YEAST,MYO3_YEAST,cssf_784e4bfd3195,esm2_8m,0.1916047584827265,61,1.0,61,442941,12712.4,0.885,0.0,0.6351,1.0,2.0310038610454386,1.5418698947530538,0.0,0.1846128765527683,0.8153871234472316,Eukaryote,Stability,masked-protein-language-model,sequence,known-development-benchmark,available,,elastic_net,0,0.4142947735000437,0.4142947735000437,0.13631071019994415,0.051844356502636135,False,,False,0.22269001501731717,0.22269001501731717,True
variantshift-development-v1,proteingym-v1.3,proteingym-substitutions-v1.3,MYO3_YEAST_Tsuboyama_2023_2BTT,MYO3_YEAST_Tsuboyama_2023_2BTT,MYO3_YEAST,MYO3_YEAST,cssf_784e4bfd3195,vespag,0.7213196825033772,61,1.0,61,442941,12712.4,0.885,0.0,0.6351,1.0,0.0478209440634317,3.0155284605167174,0.0,0.1765676735513817,0.8234323264486183,Eukaryote,Stability,distilled-evolutionary-variant-effect-model,sequence,known-development-benchmark,available,,elastic_net,0,0.7001646211949255,0.7001646211949255,0.1410283438677107,0.3251700080179598,True,0.17239717188687675,True,-0.021155061308451684,-0.021155061308451684,True
variantshift-development-v1,proteingym-v1.3,proteingym-substitutions-v1.3,NCAP_I34A1_Doud_2015,NCAP_I34A1_Doud_2015,NCAP_I34A1,NCAP_I34A1,cssf_ac5654d2afd9,carp_640m,-0.0175343091330163,498,1.0,498,15390,1072.5,1.0,0.0,0.2944,1.0,1.15647947483706,1.2118941641657446,0.0,0.0396768979786708,0.9603231020213292,Virus,OrganismalFitness,convolutional-protein-language-model,sequence,known-development-benchmark,available,,elastic_net,4,0.3173483505303439,0.3173483505303439,0.25699650271070495,-0.4430323481472866,False,,False,0.33488265966336017,0.33488265966336017,True
variantshift-development-v1,proteingym-v1.3,proteingym-substitutions-v1.3,NCAP_I34A1_Doud_2015,NCAP_I34A1_Doud_2015,NCAP_I34A1,NCAP_I34A1,cssf_ac5654d2afd9,esm2_150m,-0.1013906710009069,498,1.0,498,15390,1072.5,1.0,0.0,0.2944,1.0,1.0851850455585337,1.3263879382743842,0.0,0.0347538756862273,0.9652461243137728,Virus,OrganismalFitness,masked-protein-language-model,sequence,known-development-benchmark,available,,elastic_net,4,0.30576020700663864,0.30576020700663864,0.2574899151026486,-0.4560803607951436,False,,False,0.40715087800754557,0.40715087800754557,True
variantshift-development-v1,proteingym-v1.3,proteingym-substitutions-v1.3,NCAP_I34A1_Doud_2015,NCAP_I34A1_Doud_2015,NCAP_I34A1,NCAP_I34A1,cssf_ac5654d2afd9,esm2_35m,-0.0746505637486808,498,1.0,498,15390,1072.5,1.0,0.0,0.2944,1.0,1.0292905958305745,1.430676403314081,0.0,0.0304408908045542,0.9695591091954456,Virus,OrganismalFitness,masked-protein-language-model,sequence,known-development-benchmark,available,,elastic_net,4,0.32973906274861764,0.32973906274861764,0.2840305803812181,-0.5106279028641304,False,,False,0.4043896264972984,0.4043896264972984,True
variantshift-development-v1,proteingym-v1.3,proteingym-substitutions-v1.3,NCAP_I34A1_Doud_2015,NCAP_I34A1_Doud_2015,NCAP_I34A1,NCAP_I34A1,cssf_ac5654d2afd9,esm2_650m,-0.0481290232118024,498,1.0,498,15390,1072.5,1.0,0.0,0.2944,1.0,1.1722273461801016,1.239053862585012,0.0,0.0427393276040224,0.9572606723959776,Virus,OrganismalFitness,masked-protein-language-model,sequence,known-development-benchmark,available,,elastic_net,4,0.2859514838590801,0.2859514838590801,0.2604137420334854,-0.4845398692297873,False,,False,0.3340805070708825,0.3340805070708825,True
variantshift-development-v1,proteingym-v1.3,proteingym-substitutions-v1.3,NCAP_I34A1_Doud_2015,NCAP_I34A1_Doud_2015,NCAP_I34A1,NCAP_I34A1,cssf_ac5654d2afd9,esm2_8m,-0.0613975178407132,498,1.0,498,15390,1072.5,1.0,0.0,0.2944,1.0,0.9379444988200007,1.512762100169786,0.0,0.0427393276040224,0.9572606723959776,Virus,OrganismalFitness,masked-protein-language-model,sequence,known-development-benchmark,available,,elastic_net,4,0.33328817027661545,0.33328817027661545,0.2758852701343085,-0.4829791028066079,False,,False,0.3946856881173286,0.3946856881173286,True
variantshift-development-v1,proteingym-v1.3,proteingym-substitutions-v1.3,NCAP_I34A1_Doud_2015,NCAP_I34A1_Doud_2015,NCAP_I34A1,NCAP_I34A1,cssf_ac5654d2afd9,vespag,0.5903307649374441,498,1.0,498,15390,1072.5,1.0,0.0,0.2944,1.0,0.0412185365216914,2.6599728158515425,0.0,0.4100856580857338,0.5899143419142662,Virus,OrganismalFitness,distilled-evolutionary-variant-effect-model,sequence,known-development-benchmark,available,,elastic_net,4,0.3386694866212683,0.3386694866212683,0.13339207963096839,-0.056000330430809986,True,-0.2695519468376071,False,-0.2516612783161758,-0.2516612783161758,True
variantshift-development-v1,proteingym-v1.3,proteingym-substitutions-v1.3,NKX31_HUMAN_Tsuboyama_2023_2L9R,NKX31_HUMAN_Tsuboyama_2023_2L9R,NKX31_HUMAN,NKX31_HUMAN,cssf_3de478b56341,carp_640m,0.4791578539036411,61,1.0,61,319273,9025.7,0.902,0.0,0.6308,0.8771929824561403,3.2800800508307155,2.35327550092286,0.0,0.1894592420739753,0.8105407579260246,Human,Stability,convolutional-protein-language-model,sequence,known-development-benchmark,available,,elastic_net,1,0.6971995670437308,0.6971995670437308,0.22289233899993888,0.2549988090877444,False,,False,0.2180417131400897,0.2180417131400897,True
variantshift-development-v1,proteingym-v1.3,proteingym-substitutions-v1.3,NKX31_HUMAN_Tsuboyama_2023_2L9R,NKX31_HUMAN_Tsuboyama_2023_2L9R,NKX31_HUMAN,NKX31_HUMAN,cssf_3de478b56341,esm2_150m,0.8164539337605833,61,1.0,61,319273,9025.7,0.902,0.0,0.6308,0.8771929824561403,3.369001865211158,1.6364197459355083,0.0,0.0794997514678572,0.9205002485321429,Human,Stability,masked-protein-language-model,sequence,known-development-benchmark,available,,elastic_net,1,0.5770220760199046,0.5770220760199046,0.2600167222950802,0.06116948011643031,False,,False,-0.23943185774067866,-0.23943185774067866,True
variantshift-development-v1,proteingym-v1.3,proteingym-substitutions-v1.3,NKX31_HUMAN_Tsuboyama_2023_2L9R,NKX31_HUMAN_Tsuboyama_2023_2L9R,NKX31_HUMAN,NKX31_HUMAN,cssf_3de478b56341,esm2_35m,0.8102676571185715,61,1.0,61,319273,9025.7,0.902,0.0,0.6308,0.8771929824561403,3.4368178364295257,1.3588816952339149,0.0,0.1267191174546085,0.8732808825453915,Human,Stability,masked-protein-language-model,sequence,known-development-benchmark,available,,elastic_net,1,0.4837162318073328,0.4837162318073328,0.26621782211300127,-0.04443885529861469,False,,False,-0.3265514253112387,-0.3265514253112387,True
variantshift-development-v1,proteingym-v1.3,proteingym-substitutions-v1.3,NKX31_HUMAN_Tsuboyama_2023_2L9R,NKX31_HUMAN_Tsuboyama_2023_2L9R,NKX31_HUMAN,NKX31_HUMAN,cssf_3de478b56341,esm2_650m,0.8969411225015833,61,1.0,61,319273,9025.7,0.902,0.0,0.6308,0.8771929824561403,3.722601336319981,1.6220770587925055,0.0,0.0846077337294887,0.9153922662705112,Human,Stability,masked-protein-language-model,sequence,known-development-benchmark,available,,elastic_net,1,0.5944273512252083,0.5944273512252083,0.24304978796050064,0.11223581005606731,False,,False,-0.302513771276375,-0.302513771276375,True
variantshift-development-v1,proteingym-v1.3,proteingym-substitutions-v1.3,NKX31_HUMAN_Tsuboyama_2023_2L9R,NKX31_HUMAN_Tsuboyama_2023_2L9R,NKX31_HUMAN,NKX31_HUMAN,cssf_3de478b56341,esm2_8m,0.7521228165715552,61,1.0,61,319273,9025.7,0.902,0.0,0.6308,0.8771929824561403,2.3720649748192733,1.4513441882287317,0.0,0.1271988487541295,0.8728011512458704,Human,Stability,masked-protein-language-model,sequence,known-development-benchmark,available,,elastic_net,1,0.43007896461848133,0.43007896461848133,0.2732528481677947,-0.11203305733604635,False,,False,-0.3220438519530739,-0.3220438519530739,True
variantshift-development-v1,proteingym-v1.3,proteingym-substitutions-v1.3,NKX31_HUMAN_Tsuboyama_2023_2L9R,NKX31_HUMAN_Tsuboyama_2023_2L9R,NKX31_HUMAN,NKX31_HUMAN,cssf_3de478b56341,vespag,0.7404100258958302,61,1.0,61,319273,9025.7,0.902,0.0,0.6308,0.8771929824561403,0.0335551087981011,3.015806425435199,0.0,0.0839756251941816,0.9160243748058184,Human,Stability,distilled-evolutionary-variant-effect-model,sequence,known-development-benchmark,available,,elastic_net,1,0.7279194136328445,0.7279194136328445,0.22578232290552433,0.2799851563593655,True,-0.06740478604441671,True,-0.012490612262985645,-0.012490612262985645,True
variantshift-development-v1,proteingym-v1.3,proteingym-substitutions-v1.3,NPC1_HUMAN_Erwood_2022_HEK293T,NPC1_HUMAN_Erwood_2022_HEK293T,NPC1_HUMAN,NPC1_HUMAN,cssf_5e5c54cd042b,carp_640m,0.988596202042118,1278,0.0892018779342723,114,6333,857.4,0.987,0.0,0.198,1.0,4.144785491179548,1.4877384459921432,0.0,0.1285774825601946,0.8714225174398054,Human,Activity,convolutional-protein-language-model,sequence,known-development-benchmark,available,,elastic_net,3,0.5320863292387324,0.5320863292387324,0.2073679727821394,0.1677322433037009,True,0.11243608829483456,True,-0.4565098728033855,-0.4565098728033855,True
variantshift-development-v1,proteingym-v1.3,proteingym-substitutions-v1.3,NPC1_HUMAN_Erwood_2022_HEK293T,NPC1_HUMAN_Erwood_2022_HEK293T,NPC1_HUMAN,NPC1_HUMAN,cssf_5e5c54cd042b,esm2_150m,0.6745001162384189,1278,0.0892018779342723,114,6333,857.4,0.987,0.0,0.198,1.0,3.39965518130799,1.1285101536480466,0.0,0.1214712418355878,0.8785287581644121,Human,Activity,masked-protein-language-model,sequence,known-development-benchmark,available,,elastic_net,3,0.3293967840186078,0.3293967840186078,0.20892525464287226,-0.037693510412355025,False,,False,-0.3451033322198111,-0.3451033322198111,True
variantshift-development-v1,proteingym-v1.3,proteingym-substitutions-v1.3,NPC1_HUMAN_Erwood_2022_HEK293T,NPC1_HUMAN_Erwood_2022_HEK293T,NPC1_HUMAN,NPC1_HUMAN,cssf_5e5c54cd042b,esm2_35m,0.2858579398159875,1278,0.0892018779342723,114,6333,857.4,0.987,0.0,0.198,1.0,2.48676096985942,0.913748735464504,0.0,0.1687686093997089,0.831231390600291,Human,Activity,masked-protein-language-model,sequence,known-development-benchmark,available,,elastic_net,3,0.17218634134703453,0.17218634134703453,0.19387027413248642,-0.168451731031325,False,,False,-0.11367159846895297,-0.11367159846895297,True
variantshift-development-v1,proteingym-v1.3,proteingym-substitutions-v1.3,NPC1_HUMAN_Erwood_2022_HEK293T,NPC1_HUMAN_Erwood_2022_HEK293T,NPC1_HUMAN,NPC1_HUMAN,cssf_5e5c54cd042b,esm2_650m,0.9514393145607476,1278,0.0892018779342723,114,6333,857.4,0.987,0.0,0.198,1.0,3.8904011593951897,1.3128865462632702,0.0,0.1379052678894672,0.8620947321105328,Human,Activity,masked-protein-language-model,sequence,known-development-benchmark,available,,elastic_net,3,0.4077619972380854,0.4077619972380854,0.18564926501648463,0.08156857714492388,False,,False,-0.5436773173226621,-0.5436773173226621,True
variantshift-development-v1,proteingym-v1.3,proteingym-substitutions-v1.3,NPC1_HUMAN_Erwood_2022_HEK293T,NPC1_HUMAN_Erwood_2022_HEK293T,NPC1_HUMAN,NPC1_HUMAN,cssf_5e5c54cd042b,esm2_8m,0.1205939385659732,1278,0.0892018779342723,114,6333,857.4,0.987,0.0,0.198,1.0,1.2064513791947775,1.2828752883517551,0.0,0.3094137018293539,0.6905862981706461,Human,Activity,masked-protein-language-model,sequence,known-development-benchmark,available,,elastic_net,3,0.06358859406437994,0.06358859406437994,0.1782785000418233,-0.24965408778818493,False,,False,-0.05700534450159325,-0.05700534450159325,True
variantshift-development-v1,proteingym-v1.3,proteingym-substitutions-v1.3,NPC1_HUMAN_Erwood_2022_HEK293T,NPC1_HUMAN_Erwood_2022_HEK293T,NPC1_HUMAN,NPC1_HUMAN,cssf_5e5c54cd042b,vespag,0.8058753987738755,1278,0.0892018779342723,114,6333,857.4,0.987,0.0,0.198,1.0,0.158762686645664,1.9074955196296677,0.0,0.1275297107391169,0.8724702892608831,Human,Activity,distilled-evolutionary-variant-effect-model,sequence,known-development-benchmark,available,,elastic_net,3,0.3430329809834036,0.3430329809834036,0.16462672784815807,0.053777026262718186,False,,False,-0.46284241779047186,-0.46284241779047186,True
variantshift-development-v1,proteingym-v1.3,proteingym-substitutions-v1.3,NUD15_HUMAN_Suiter_2020,NUD15_HUMAN_Suiter_2020,NUD15_HUMAN,NUD15_HUMAN,cssf_7dd15a2e7599,carp_640m,0.8220977092856786,164,0.9939024390243902,163,153922,46167.2,0.72,0.0,0.3011,1.0,3.76529326575156,1.7301980215659227,0.0,0.1838182040036878,0.8161817959963121,Human,Expression,convolutional-protein-language-model,sequence,known-development-benchmark,available,,elastic_net,4,0.5799384351925836,0.5799384351925836,0.1714310322598472,0.07272200730404832,True,1.2492810758407273,True,-0.242159274093095,-0.242159274093095,True
variantshift-development-v1,proteingym-v1.3,proteingym-substitutions-v1.3,NUD15_HUMAN_Suiter_2020,NUD15_HUMAN_Suiter_2020,NUD15_HUMAN,NUD15_HUMAN,cssf_7dd15a2e7599,esm2_150m,0.3523048680593851,164,0.9939024390243902,163,153922,46167.2,0.72,0.0,0.3011,1.0,2.9731196165233142,1.000862611686527,0.0,0.1421965355280009,0.8578034644719991,Human,Expression,masked-protein-language-model,sequence,known-development-benchmark,available,,elastic_net,4,0.32613722096861386,0.32613722096861386,0.12485316174726294,-0.043268328757337826,False,,False,-0.02616764709077124,-0.02616764709077124,True
variantshift-development-v1,proteingym-v1.3,proteingym-substitutions-v1.3,NUD15_HUMAN_Suiter_2020,NUD15_HUMAN_Suiter_2020,NUD15_HUMAN,NUD15_HUMAN,cssf_7dd15a2e7599,esm2_35m,0.2867945598799049,164,0.9939024390243902,163,153922,46167.2,0.72,0.0,0.3011,1.0,2.400424396883696,0.9378692720977692,0.0,0.1719707901267064,0.8280292098732935,Human,Expression,masked-protein-language-model,sequence,known-development-benchmark,available,,elastic_net,4,0.2405304967282771,0.2405304967282771,0.12100237061936517,-0.11748164017917961,False,,False,-0.04626406315162779,-0.04626406315162779,True
variantshift-development-v1,proteingym-v1.3,proteingym-substitutions-v1.3,NUD15_HUMAN_Suiter_2020,NUD15_HUMAN_Suiter_2020,NUD15_HUMAN,NUD15_HUMAN,cssf_7dd15a2e7599,esm2_650m,0.6630211524150196,164,0.9939024390243902,163,153922,46167.2,0.72,0.0,0.3011,1.0,3.62514568214241,1.0727970824198376,0.0,0.1319550424911424,0.8680449575088576,Human,Expression,masked-protein-language-model,sequence,known-development-benchmark,available,,elastic_net,4,0.4066224619373332,0.4066224619373332,0.1558922845231032,-0.05461916187403859,False,,False,-0.2563986904776864,-0.2563986904776864,True
variantshift-development-v1,proteingym-v1.3,proteingym-substitutions-v1.3,NUD15_HUMAN_Suiter_2020,NUD15_HUMAN_Suiter_2020,NUD15_HUMAN,NUD15_HUMAN,cssf_7dd15a2e7599,esm2_8m,0.2007403691146573,164,0.9939024390243902,163,153922,46167.2,0.72,0.0,0.3011,1.0,2.129077905138487,1.0294612883546566,0.0,0.2203026072769656,0.7796973927230344,Human,Expression,masked-protein-language-model,sequence,known-development-benchmark,available,,elastic_net,4,0.20516826671941574,0.20516826671941574,0.10924281208875616,-0.11805062888969353,False,,False,0.004427897604758424,0.004427897604758424,True
variantshift-development-v1,proteingym-v1.3,proteingym-substitutions-v1.3,NUD15_HUMAN_Suiter_2020,NUD15_HUMAN_Suiter_2020,NUD15_HUMAN,NUD15_HUMAN,cssf_7dd15a2e7599,vespag,0.884203196014059,164,0.9939024390243902,163,153922,46167.2,0.72,0.0,0.3011,1.0,0.1042626878137655,2.344956960918092,0.0,0.1435525100208189,0.8564474899791811,Human,Expression,distilled-evolutionary-variant-effect-model,sequence,known-development-benchmark,available,,elastic_net,4,0.47573173796885104,0.47573173796885104,0.16025171445688868,0.0015917815190020224,False,,False,-0.4084714580452079,-0.4084714580452079,True
variantshift-development-v1,proteingym-v1.3,proteingym-substitutions-v1.3,NUSA_ECOLI_Tsuboyama_2023_1WCL,NUSA_ECOLI_Tsuboyama_2023_1WCL,NUSA_ECOLI,NUSA_ECOLI,cssf_a92a5d40f0e3,carp_640m,0.454343179239743,69,1.0,69,205612,41321.1,0.812,0.0,0.5642,0.0,2.5574694701420566,1.1999670262137647,0.0,0.0597392577119424,0.9402607422880576,Prokaryote,Stability,convolutional-protein-language-model,sequence,known-development-benchmark,available,,elastic_net,3,0.5144414887205455,0.5144414887205455,0.1380291126959321,0.27191864146492817,False,,False,0.060098309480802525,0.060098309480802525,True
variantshift-development-v1,proteingym-v1.3,proteingym-substitutions-v1.3,NUSA_ECOLI_Tsuboyama_2023_1WCL,NUSA_ECOLI_Tsuboyama_2023_1WCL,NUSA_ECOLI,NUSA_ECOLI,cssf_a92a5d40f0e3,esm2_150m,0.4129630953559989,69,1.0,69,205612,41321.1,0.812,0.0,0.5642,0.0,3.947847137653042,0.9478137998627884,0.0,0.0544607166163291,0.9455392833836708,Prokaryote,Stability,masked-protein-language-model,sequence,known-development-benchmark,available,,elastic_net,3,0.532904801762895,0.532904801762895,0.14164604607252462,0.28402685329933564,False,,False,0.11994170640689611,0.11994170640689611,True
variantshift-development-v1,proteingym-v1.3,proteingym-substitutions-v1.3,NUSA_ECOLI_Tsuboyama_2023_1WCL,NUSA_ECOLI_Tsuboyama_2023_1WCL,NUSA_ECOLI,NUSA_ECOLI,cssf_a92a5d40f0e3,esm2_35m,0.3210065236876561,69,1.0,69,205612,41321.1,0.812,0.0,0.5642,0.0,3.903583378511065,0.9672432388050548,0.0,0.0620921498803944,0.9379078501196056,Prokaryote,Stability,masked-protein-language-model,sequence,known-development-benchmark,available,,elastic_net,3,0.529216172255313,0.529216172255313,0.1465419467173667,0.271735924312488,False,,False,0.20820964856765695,0.20820964856765695,True
variantshift-development-v1,proteingym-v1.3,proteingym-substitutions-v1.3,NUSA_ECOLI_Tsuboyama_2023_1WCL,NUSA_ECOLI_Tsuboyama_2023_1WCL,NUSA_ECOLI,NUSA_ECOLI,cssf_a92a5d40f0e3,esm2_650m,0.5311408219104619,69,1.0,69,205612,41321.1,0.812,0.0,0.5642,0.0,5.936853883099644,0.8137903029000789,0.0,0.0597392577119424,0.9402607422880576,Prokaryote,Stability,masked-protein-language-model,sequence,known-development-benchmark,available,,elastic_net,3,0.6846574187505896,0.6846574187505896,0.17625321363439447,0.37497324869632753,True,0.6876171357192029,True,0.15351659684012775,0.15351659684012775,True
variantshift-development-v1,proteingym-v1.3,proteingym-substitutions-v1.3,NUSA_ECOLI_Tsuboyama_2023_1WCL,NUSA_ECOLI_Tsuboyama_2023_1WCL,NUSA_ECOLI,NUSA_ECOLI,cssf_a92a5d40f0e3,esm2_8m,0.3378353112520262,69,1.0,69,205612,41321.1,0.812,0.0,0.5642,0.0,1.7651440317221565,1.4072794932905568,0.0,0.1149191730518666,0.8850808269481334,Prokaryote,Stability,masked-protein-language-model,sequence,known-development-benchmark,available,,elastic_net,3,0.40220525944838775,0.40220525944838775,0.16035240750841023,0.12045946195925566,False,,False,0.06436994819636155,0.06436994819636155,True
variantshift-development-v1,proteingym-v1.3,proteingym-substitutions-v1.3,NUSA_ECOLI_Tsuboyama_2023_1WCL,NUSA_ECOLI_Tsuboyama_2023_1WCL,NUSA_ECOLI,NUSA_ECOLI,cssf_a92a5d40f0e3,vespag,0.7020579231623432,69,1.0,69,205612,41321.1,0.812,0.0,0.5642,0.0,0.0823599651518294,2.7638845698516725,0.0,0.1752455229688285,0.8247544770311714,Prokaryote,Stability,distilled-evolutionary-variant-effect-model,sequence,known-development-benchmark,available,,elastic_net,3,0.6618295954885892,0.6618295954885892,0.1560988786361048,0.3875574237646823,False,,False,-0.04022832767375395,-0.04022832767375395,True
variantshift-development-v1,proteingym-v1.3,proteingym-substitutions-v1.3,NUSG_MYCTU_Tsuboyama_2023_2MI6,NUSG_MYCTU_Tsuboyama_2023_2MI6,NUSG_MYCTU,NUSG_MYCTU,cssf_12ebdb52f01c,carp_640m,0.7444956423573666,55,1.0,55,102004,17618.2,0.964,0.0,0.6599,0.0,2.9536707132500504,1.888607761370095,0.0,0.1434426042934873,0.8565573957065127,Prokaryote,Stability,convolutional-protein-language-model,sequence,known-development-benchmark,available,,elastic_net,1,0.5814810769462214,0.5814810769462214,0.16815588909247833,0.24787310304687132,False,,False,-0.16301456541114523,-0.16301456541114523,True
variantshift-development-v1,proteingym-v1.3,proteingym-substitutions-v1.3,NUSG_MYCTU_Tsuboyama_2023_2MI6,NUSG_MYCTU_Tsuboyama_2023_2MI6,NUSG_MYCTU,NUSG_MYCTU,cssf_12ebdb52f01c,esm2_150m,0.8161779980002584,55,1.0,55,102004,17618.2,0.964,0.0,0.6599,0.0,3.5903910547609175,1.592470021321526,0.0,0.0595437515297819,0.940456248470218,Prokaryote,Stability,masked-protein-language-model,sequence,known-development-benchmark,available,,elastic_net,1,0.5728416039596798,0.5728416039596798,0.15459740708258432,0.2661325851720591,False,,False,-0.2433363940405786,-0.2433363940405786,True
variantshift-development-v1,proteingym-v1.3,proteingym-substitutions-v1.3,NUSG_MYCTU_Tsuboyama_2023_2MI6,NUSG_MYCTU_Tsuboyama_2023_2MI6,NUSG_MYCTU,NUSG_MYCTU,cssf_12ebdb52f01c,esm2_35m,0.706803983750662,55,1.0,55,102004,17618.2,0.964,0.0,0.6599,0.0,2.86802261439932,1.4788847757330807,0.0,0.0762097169215338,0.923790283078466,Prokaryote,Stability,masked-protein-language-model,sequence,known-development-benchmark,available,,elastic_net,1,0.4846819829575036,0.4846819829575036,0.17636477575363232,0.13478822768126159,False,,False,-0.22212200079315841,-0.22212200079315841,True
variantshift-development-v1,proteingym-v1.3,proteingym-substitutions-v1.3,NUSG_MYCTU_Tsuboyama_2023_2MI6,NUSG_MYCTU_Tsuboyama_2023_2MI6,NUSG_MYCTU,NUSG_MYCTU,cssf_12ebdb52f01c,esm2_650m,0.759852448362792,55,1.0,55,102004,17618.2,0.964,0.0,0.6599,0.0,3.9440965540885657,1.6544319146773878,0.0,0.061244096248829,0.9387559037511708,Prokaryote,Stability,masked-protein-language-model,sequence,known-development-benchmark,available,,elastic_net,1,0.6098437587662084,0.6098437587662084,0.1563710135500239,0.2996160451336401,False,,False,-0.15000868959658353,-0.15000868959658353,True
variantshift-development-v1,proteingym-v1.3,proteingym-substitutions-v1.3,NUSG_MYCTU_Tsuboyama_2023_2MI6,NUSG_MYCTU_Tsuboyama_2023_2MI6,NUSG_MYCTU,NUSG_MYCTU,cssf_12ebdb52f01c,esm2_8m,0.2566843032938122,55,1.0,55,102004,17618.2,0.964,0.0,0.6599,0.0,1.7866938071512164,1.3456476581100438,0.0,0.2142207959388853,0.7857792040611147,Prokaryote,Stability,masked-protein-language-model,sequence,known-development-benchmark,available,,elastic_net,1,0.2740282398851562,0.2740282398851562,0.19400976726967606,-0.11087178190311531,False,,False,0.017343936591343978,0.017343936591343978,True
variantshift-development-v1,proteingym-v1.3,proteingym-substitutions-v1.3,NUSG_MYCTU_Tsuboyama_2023_2MI6,NUSG_MYCTU_Tsuboyama_2023_2MI6,NUSG_MYCTU,NUSG_MYCTU,cssf_12ebdb52f01c,vespag,0.7617087803120483,55,1.0,55,102004,17618.2,0.964,0.0,0.6599,0.0,0.0991674750300106,2.7106646134064825,0.0,0.0754657346308296,0.9245342653691704,Prokaryote,Stability,distilled-evolutionary-variant-effect-model,sequence,known-development-benchmark,available,,elastic_net,1,0.6460491950243556,0.6460491950243556,0.138517084282247,0.3712422638651844,True,0.1655966227417653,True,-0.1156595852876926,-0.1156595852876926,True
variantshift-development-v1,proteingym-v1.3,proteingym-substitutions-v1.3,OBSCN_HUMAN_Tsuboyama_2023_1V1C,OBSCN_HUMAN_Tsuboyama_2023_1V1C,OBSCN_HUMAN,OBSCN_HUMAN,cssf_784e4bfd3195,carp_640m,0.7860392531989673,65,1.0,65,718751,24605.3,0.815,0.0,0.6495,0.0,2.520394575099828,1.8304555873525377,0.0,0.2055258568771707,0.7944741431228293,Human,Stability,convolutional-protein-language-model,sequence,known-development-benchmark,available,,elastic_net,0,0.6029349892138669,0.6029349892138669,0.09808028125000014,0.34213934970658977,False,,False,-0.18310426398510038,-0.18310426398510038,True
variantshift-development-v1,proteingym-v1.3,proteingym-substitutions-v1.3,OBSCN_HUMAN_Tsuboyama_2023_1V1C,OBSCN_HUMAN_Tsuboyama_2023_1V1C,OBSCN_HUMAN,OBSCN_HUMAN,cssf_784e4bfd3195,esm2_150m,0.7871351539607996,65,1.0,65,718751,24605.3,0.815,0.0,0.6495,0.0,4.4519296570016555,1.028302950465631,0.0,0.089766534346353,0.9102334656536468,Human,Stability,masked-protein-language-model,sequence,known-development-benchmark,available,,elastic_net,0,0.6070331495185006,0.6070331495185006,0.14105687906113848,0.23196266121226716,False,,False,-0.18010200444229896,-0.18010200444229896,True
variantshift-development-v1,proteingym-v1.3,proteingym-substitutions-v1.3,OBSCN_HUMAN_Tsuboyama_2023_1V1C,OBSCN_HUMAN_Tsuboyama_2023_1V1C,OBSCN_HUMAN,OBSCN_HUMAN,cssf_784e4bfd3195,esm2_35m,0.5633331906504829,65,1.0,65,718751,24605.3,0.815,0.0,0.6495,0.0,4.217101420016572,1.0835351789030927,0.0,0.0923206032084105,0.9076793967915896,Human,Stability,masked-protein-language-model,sequence,known-development-benchmark,available,,elastic_net,0,0.5954592215176376,0.5954592215176376,0.15522457654204744,0.18271680081286934,False,,False,0.03212603086715471,0.03212603086715471,True
variantshift-development-v1,proteingym-v1.3,proteingym-substitutions-v1.3,OBSCN_HUMAN_Tsuboyama_2023_1V1C,OBSCN_HUMAN_Tsuboyama_2023_1V1C,OBSCN_HUMAN,OBSCN_HUMAN,cssf_784e4bfd3195,esm2_650m,0.8370900726957279,65,1.0,65,718751,24605.3,0.815,0.0,0.6495,0.0,7.052866368458639,1.2967413043789209,0.0,0.100327159123934,0.8996728408760659,Human,Stability,masked-protein-language-model,sequence,known-development-benchmark,available,,elastic_net,0,0.9369573838798948,0.9369573838798948,0.14421496694648403,0.5534895343591321,True,0.5766880088600193,True,0.09986731118416692,0.09986731118416692,True
variantshift-development-v1,proteingym-v1.3,proteingym-substitutions-v1.3,OBSCN_HUMAN_Tsuboyama_2023_1V1C,OBSCN_HUMAN_Tsuboyama_2023_1V1C,OBSCN_HUMAN,OBSCN_HUMAN,cssf_784e4bfd3195,esm2_8m,0.1256766163830976,65,1.0,65,718751,24605.3,0.815,0.0,0.6495,0.0,2.926754438450579,0.7952196370589747,0.0,0.2144956592733053,0.7855043407266946,Human,Stability,masked-protein-language-model,sequence,known-development-benchmark,available,,elastic_net,0,0.3339258330276698,0.3339258330276698,0.19118720239865147,-0.17444127277284988,False,,False,0.20824921664457222,0.20824921664457222,True
variantshift-development-v1,proteingym-v1.3,proteingym-substitutions-v1.3,OBSCN_HUMAN_Tsuboyama_2023_1V1C,OBSCN_HUMAN_Tsuboyama_2023_1V1C,OBSCN_HUMAN,OBSCN_HUMAN,cssf_784e4bfd3195,vespag,0.7677691938987133,65,1.0,65,718751,24605.3,0.815,0.0,0.6495,0.0,0.0364326542409037,2.97631951031585,0.0,0.1431814963819095,0.8568185036180904,Human,Stability,distilled-evolutionary-variant-effect-model,sequence,known-development-benchmark,available,,elastic_net,0,0.7323791507216317,0.7323791507216317,0.11518239350310336,0.42610896480064014,False,,False,-0.03539004317708161,-0.03539004317708161,True
variantshift-development-v1,proteingym-v1.3,proteingym-substitutions-v1.3,ODP2_GEOSE_Tsuboyama_2023_1W4G,ODP2_GEOSE_Tsuboyama_2023_1W4G,ODP2_GEOSE,ODP2_GEOSE,cssf_a7d25cc6753c,carp_640m,0.7390421594455537,44,1.0,44,163835,17505.9,0.909,0.0,0.5237,1.0,2.42644250029231,1.604656736258821,0.0,0.1833661053527573,0.8166338946472427,Prokaryote,Stability,convolutional-protein-language-model,sequence,known-development-benchmark,available,,elastic_net,4,0.4958835774759044,0.4958835774759044,0.11239893978971266,0.16332658363955743,False,,False,-0.24315858196964935,-0.24315858196964935,True
variantshift-development-v1,proteingym-v1.3,proteingym-substitutions-v1.3,ODP2_GEOSE_Tsuboyama_2023_1W4G,ODP2_GEOSE_Tsuboyama_2023_1W4G,ODP2_GEOSE,ODP2_GEOSE,cssf_a7d25cc6753c,esm2_150m,0.7520311885553355,44,1.0,44,163835,17505.9,0.909,0.0,0.5237,1.0,3.7331111130352217,1.208803656052003,0.0,0.1134038505836119,0.8865961494163881,Prokaryote,Stability,masked-protein-language-model,sequence,known-development-benchmark,available,,elastic_net,4,0.5228757105798846,0.5228757105798846,0.1538840234623876,0.06757596898234569,False,,False,-0.22915547797545088,-0.22915547797545088,True
variantshift-development-v1,proteingym-v1.3,proteingym-substitutions-v1.3,ODP2_GEOSE_Tsuboyama_2023_1W4G,ODP2_GEOSE_Tsuboyama_2023_1W4G,ODP2_GEOSE,ODP2_GEOSE,cssf_a7d25cc6753c,esm2_35m,0.4414042240940942,44,1.0,44,163835,17505.9,0.909,0.0,0.5237,1.0,2.135272927477359,1.1627397284300345,0.0,0.1941994316743044,0.8058005683256956,Prokaryote,Stability,masked-protein-language-model,sequence,known-development-benchmark,available,,elastic_net,4,0.317535860825422,0.317535860825422,0.13905647247956843,-0.09389330877182095,False,,False,-0.12386836326867218,-0.12386836326867218,True
variantshift-development-v1,proteingym-v1.3,proteingym-substitutions-v1.3,ODP2_GEOSE_Tsuboyama_2023_1W4G,ODP2_GEOSE_Tsuboyama_2023_1W4G,ODP2_GEOSE,ODP2_GEOSE,cssf_a7d25cc6753c,esm2_650m,0.7443271583779111,44,1.0,44,163835,17505.9,0.909,0.0,0.5237,1.0,3.15665667051103,1.4815254824071924,0.0,0.113382429930212,0.8866175700697879,Prokaryote,Stability,masked-protein-language-model,sequence,known-development-benchmark,available,,elastic_net,4,0.5408937297526113,0.5408937297526113,0.12167027256761667,0.18090545797676955,False,,False,-0.20343342862529978,-0.20343342862529978,True
variantshift-development-v1,proteingym-v1.3,proteingym-substitutions-v1.3,ODP2_GEOSE_Tsuboyama_2023_1W4G,ODP2_GEOSE_Tsuboyama_2023_1W4G,ODP2_GEOSE,ODP2_GEOSE,cssf_a7d25cc6753c,esm2_8m,0.6309138252762707,44,1.0,44,163835,17505.9,0.909,0.0,0.5237,1.0,2.0772511495756683,1.1335672986805403,0.0,0.1380593456381489,0.8619406543618511,Prokaryote,Stability,masked-protein-language-model,sequence,known-development-benchmark,available,,elastic_net,4,0.34585450321330674,0.34585450321330674,0.15520217601087632,-0.11334528272418104,False,,False,-0.28505932206296397,-0.28505932206296397,True
variantshift-development-v1,proteingym-v1.3,proteingym-substitutions-v1.3,ODP2_GEOSE_Tsuboyama_2023_1W4G,ODP2_GEOSE_Tsuboyama_2023_1W4G,ODP2_GEOSE,ODP2_GEOSE,cssf_a7d25cc6753c,vespag,0.5455813681175837,44,1.0,44,163835,17505.9,0.909,0.0,0.5237,1.0,0.0598152518977364,2.653067621597062,0.0,0.1710393109734456,0.8289606890265544,Prokaryote,Stability,distilled-evolutionary-variant-effect-model,sequence,known-development-benchmark,available,,elastic_net,4,0.5881695381338818,0.5881695381338818,0.04744652699387624,0.4477885486460903,True,0.17412078771445166,True,0.04258817001629811,0.04258817001629811,True
variantshift-development-v1,proteingym-v1.3,proteingym-substitutions-v1.3,OTC_HUMAN_Lo_2023,OTC_HUMAN_Lo_2023,OTC_HUMAN,OTC_HUMAN,cssf_85ec1183d131,carp_640m,0.661417199812276,354,0.9096045197740112,322,135607,19105.3,0.87,0.0,0.3338,1.0,3.5531912415871867,1.5665136126706445,0.0,0.1180727139934258,0.8819272860065741,Human,Activity,convolutional-protein-language-model,sequence,known-development-benchmark,available,,elastic_net,3,0.528436770678215,0.528436770678215,0.18682276351753796,0.20018146529022723,True,0.9975724405948931,True,-0.13298042913406094,-0.13298042913406094,True
variantshift-development-v1,proteingym-v1.3,proteingym-substitutions-v1.3,OTC_HUMAN_Lo_2023,OTC_HUMAN_Lo_2023,OTC_HUMAN,OTC_HUMAN,cssf_85ec1183d131,esm2_150m,0.6554719058705434,354,0.9096045197740112,322,135607,19105.3,0.87,0.0,0.3338,1.0,2.9675591498809513,1.3419312369077427,0.0,0.1070095090497151,0.8929904909502848,Human,Activity,masked-protein-language-model,sequence,known-development-benchmark,available,,elastic_net,3,0.3727582689020567,0.3727582689020567,0.17870476368307778,0.05876662424056389,False,,False,-0.28271363696848667,-0.28271363696848667,True
variantshift-development-v1,proteingym-v1.3,proteingym-substitutions-v1.3,OTC_HUMAN_Lo_2023,OTC_HUMAN_Lo_2023,OTC_HUMAN,OTC_HUMAN,cssf_85ec1183d131,esm2_35m,0.5177555068595854,354,0.9096045197740112,322,135607,19105.3,0.87,0.0,0.3338,1.0,2.5887939472494415,1.2372553984043462,0.0,0.1915442377345022,0.8084557622654978,Human,Activity,masked-protein-language-model,sequence,known-development-benchmark,available,,elastic_net,3,0.27055769418155196,0.27055769418155196,0.12774788112018115,0.04609939509511926,False,,False,-0.24719781267803342,-0.24719781267803342,True
variantshift-development-v1,proteingym-v1.3,proteingym-substitutions-v1.3,OTC_HUMAN_Lo_2023,OTC_HUMAN_Lo_2023,OTC_HUMAN,OTC_HUMAN,cssf_85ec1183d131,esm2_650m,0.7400542707738293,354,0.9096045197740112,322,135607,19105.3,0.87,0.0,0.3338,1.0,3.533273490816371,1.3994256989648757,0.0,0.1097076855202627,0.8902923144797372,Human,Activity,masked-protein-language-model,sequence,known-development-benchmark,available,,elastic_net,3,0.43672933835646366,0.43672933835646366,0.18950980398348982,0.10375279197977744,False,,False,-0.3033249324173657,-0.3033249324173657,True
variantshift-development-v1,proteingym-v1.3,proteingym-substitutions-v1.3,OTC_HUMAN_Lo_2023,OTC_HUMAN_Lo_2023,OTC_HUMAN,OTC_HUMAN,cssf_85ec1183d131,esm2_8m,0.0424243830262935,354,0.9096045197740112,322,135607,19105.3,0.87,0.0,0.3338,1.0,1.0776989241002397,1.6093857935221074,0.0,0.4254615623096136,0.5745384376903864,Human,Activity,masked-protein-language-model,sequence,known-development-benchmark,available,,elastic_net,3,0.09311044021493159,0.09311044021493159,0.15287000597568734,-0.17548846899402082,False,,False,0.05068605718863809,0.05068605718863809,True
variantshift-development-v1,proteingym-v1.3,proteingym-substitutions-v1.3,OTC_HUMAN_Lo_2023,OTC_HUMAN_Lo_2023,OTC_HUMAN,OTC_HUMAN,cssf_85ec1183d131,vespag,0.8697136594156628,354,0.9096045197740112,322,135607,19105.3,0.87,0.0,0.3338,1.0,0.1452440546765989,2.0477038361685556,0.0,0.1170108283890538,0.8829891716109461,Human,Activity,distilled-evolutionary-variant-effect-model,sequence,known-development-benchmark,available,,elastic_net,3,0.40678295839530465,0.40678295839530465,0.22576142254492151,0.010110822157725963,False,,False,-0.46293070102035816,-0.46293070102035816,True
variantshift-development-v1,proteingym-v1.3,proteingym-substitutions-v1.3,OTU7A_HUMAN_Tsuboyama_2023_2L2D,OTU7A_HUMAN_Tsuboyama_2023_2L2D,OTU7A_HUMAN,OTU7A_HUMAN,cssf_24059a2f71bf,carp_640m,0.654698709288959,42,1.0,42,1359071,520600.5,0.881,0.0,0.7106,0.9523809523809524,2.569841891527699,1.3139435061641191,0.0,0.1087536503029675,0.8912463496970324,Human,Stability,convolutional-protein-language-model,sequence,known-development-benchmark,available,,elastic_net,1,0.48503403780664045,0.48503403780664045,0.31677062606556783,-0.14341381092998584,False,,False,-0.16966467148231856,-0.16966467148231856,True
variantshift-development-v1,proteingym-v1.3,proteingym-substitutions-v1.3,OTU7A_HUMAN_Tsuboyama_2023_2L2D,OTU7A_HUMAN_Tsuboyama_2023_2L2D,OTU7A_HUMAN,OTU7A_HUMAN,cssf_24059a2f71bf,esm2_150m,0.6804487798460566,42,1.0,42,1359071,520600.5,0.881,0.0,0.7106,0.9523809523809524,2.793051886048755,1.31623567802821,0.0,0.1144220886739493,0.8855779113260507,Human,Stability,masked-protein-language-model,sequence,known-development-benchmark,available,,elastic_net,1,0.44527977203688857,0.44527977203688857,0.3198148766652268,-0.18920762892758497,False,,False,-0.235169007809168,-0.235169007809168,True
variantshift-development-v1,proteingym-v1.3,proteingym-substitutions-v1.3,OTU7A_HUMAN_Tsuboyama_2023_2L2D,OTU7A_HUMAN_Tsuboyama_2023_2L2D,OTU7A_HUMAN,OTU7A_HUMAN,cssf_24059a2f71bf,esm2_35m,0.6956977481786618,42,1.0,42,1359071,520600.5,0.881,0.0,0.7106,0.9523809523809524,2.373446030599186,1.424427443984981,0.0,0.1140041111163705,0.8859958888836295,Human,Stability,masked-protein-language-model,sequence,known-development-benchmark,available,,elastic_net,1,0.44056752003389665,0.44056752003389665,0.33019069533073087,-0.2145046838847109,False,,False,-0.25513022814476516,-0.25513022814476516,True
variantshift-development-v1,proteingym-v1.3,proteingym-substitutions-v1.3,OTU7A_HUMAN_Tsuboyama_2023_2L2D,OTU7A_HUMAN_Tsuboyama_2023_2L2D,OTU7A_HUMAN,OTU7A_HUMAN,cssf_24059a2f71bf,esm2_650m,0.4928189929891479,42,1.0,42,1359071,520600.5,0.881,0.0,0.7106,0.9523809523809524,3.5286118942092615,1.7663682080030318,0.0,0.1852437776716515,0.8147562223283484,Human,Stability,masked-protein-language-model,sequence,known-development-benchmark,available,,elastic_net,1,0.5419894104019523,0.5419894104019523,0.29468525720239735,-0.04264281463558317,True,1.5377514903827179,False,0.04917041741280437,0.04917041741280437,True
variantshift-development-v1,proteingym-v1.3,proteingym-substitutions-v1.3,OTU7A_HUMAN_Tsuboyama_2023_2L2D,OTU7A_HUMAN_Tsuboyama_2023_2L2D,OTU7A_HUMAN,OTU7A_HUMAN,cssf_24059a2f71bf,esm2_8m,-0.1225431970426176,42,1.0,42,1359071,520600.5,0.881,0.0,0.7106,0.9523809523809524,1.0943463016838264,1.8872732212856165,0.0,0.2711584940341478,0.7288415059658522,Human,Stability,masked-protein-language-model,sequence,known-development-benchmark,available,,elastic_net,1,0.33407000318815966,0.33407000318815966,0.3129717081721341,-0.2868410931440271,False,,False,0.4566132002307772,0.4566132002307772,True
variantshift-development-v1,proteingym-v1.3,proteingym-substitutions-v1.3,OTU7A_HUMAN_Tsuboyama_2023_2L2D,OTU7A_HUMAN_Tsuboyama_2023_2L2D,OTU7A_HUMAN,OTU7A_HUMAN,cssf_24059a2f71bf,vespag,0.5004296367085915,42,1.0,42,1359071,520600.5,0.881,0.0,0.7106,0.9523809523809524,0.0713226074012326,2.379017696930203,0.0,0.1616046242091888,0.8383953757908111,Human,Stability,distilled-evolutionary-variant-effect-model,sequence,known-development-benchmark,available,,elastic_net,1,0.5355042064296276,0.5355042064296276,0.35127133602224286,-0.16139032002285114,False,,False,0.035074569721036064,0.035074569721036064,True
variantshift-development-v1,proteingym-v1.3,proteingym-substitutions-v1.3,OXDA_RHOTO_Vanella_2023_activity,OXDA_RHOTO_Vanella_2023_activity,OXDA_RHOTO,OXDA_RHOTO,cssf_08db490a0d52,carp_640m,0.4748162725496903,364,1.0,364,520184,98744.9,0.876,0.0,0.4881,1.0,3.1763304163366524,1.2015743662416267,0.0,0.1087726038887666,0.8912273961112334,Eukaryote,Activity,convolutional-protein-language-model,sequence,known-development-benchmark,available,,elastic_net,4,0.515067931175784,0.515067931175784,0.1607723314623936,0.03938761476689345,False,,False,0.0402516586260937,0.0402516586260937,True
variantshift-development-v1,proteingym-v1.3,proteingym-substitutions-v1.3,OXDA_RHOTO_Vanella_2023_activity,OXDA_RHOTO_Vanella_2023_activity,OXDA_RHOTO,OXDA_RHOTO,cssf_08db490a0d52,esm2_150m,0.3794582463957684,364,1.0,364,520184,98744.9,0.876,0.0,0.4881,1.0,3.013767771412777,1.199918468203443,0.0,0.1139211756236127,0.8860788243763873,Eukaryote,Activity,masked-protein-language-model,sequence,known-development-benchmark,available,,elastic_net,4,0.4599283999141553,0.4599283999141553,0.167389055099209,-0.03532894921249968,False,,False,0.08047015351838688,0.08047015351838688,True
variantshift-development-v1,proteingym-v1.3,proteingym-substitutions-v1.3,OXDA_RHOTO_Vanella_2023_activity,OXDA_RHOTO_Vanella_2023_activity,OXDA_RHOTO,OXDA_RHOTO,cssf_08db490a0d52,esm2_35m,0.1195002006023965,364,1.0,364,520184,98744.9,0.876,0.0,0.4881,1.0,2.692939029393028,1.0534948056971958,0.0,0.1337527687839699,0.8662472312160301,Eukaryote,Activity,masked-protein-language-model,sequence,known-development-benchmark,available,,elastic_net,4,0.38239362042014646,0.38239362042014646,0.1575273398616994,-0.08368567436193841,False,,False,0.26289341981774994,0.26289341981774994,True
variantshift-development-v1,proteingym-v1.3,proteingym-substitutions-v1.3,OXDA_RHOTO_Vanella_2023_activity,OXDA_RHOTO_Vanella_2023_activity,OXDA_RHOTO,OXDA_RHOTO,cssf_08db490a0d52,esm2_650m,0.470947894142424,364,1.0,364,520184,98744.9,0.876,0.0,0.4881,1.0,3.48029104900642,1.2313672114187075,0.0,0.1260986600165371,0.8739013399834629,Eukaryote,Activity,masked-protein-language-model,sequence,known-development-benchmark,available,,elastic_net,4,0.49855258600700314,0.49855258600700314,0.17394769530263024,-0.01610994321996806,False,,False,0.027604691864579145,0.027604691864579145,True
variantshift-development-v1,proteingym-v1.3,proteingym-substitutions-v1.3,OXDA_RHOTO_Vanella_2023_activity,OXDA_RHOTO_Vanella_2023_activity,OXDA_RHOTO,OXDA_RHOTO,cssf_08db490a0d52,esm2_8m,0.0794354475077938,364,1.0,364,520184,98744.9,0.876,0.0,0.4881,1.0,1.893123662891759,1.0609132526508205,0.0,0.2063626690399765,0.7936373309600234,Eukaryote,Activity,masked-protein-language-model,sequence,known-development-benchmark,available,,elastic_net,4,0.26393757322537076,0.26393757322537076,0.12729491773435142,-0.11269244883339175,False,,False,0.18450212571757696,0.18450212571757696,True
variantshift-development-v1,proteingym-v1.3,proteingym-substitutions-v1.3,OXDA_RHOTO_Vanella_2023_activity,OXDA_RHOTO_Vanella_2023_activity,OXDA_RHOTO,OXDA_RHOTO,cssf_08db490a0d52,vespag,0.7731685238609244,364,1.0,364,520184,98744.9,0.876,0.0,0.4881,1.0,0.1150541120833444,2.347438634460529,0.0,0.1583666684663685,0.8416333315336315,Eukaryote,Activity,distilled-evolutionary-variant-effect-model,sequence,known-development-benchmark,available,,elastic_net,4,0.527658497158354,0.527658497158354,0.2073602977443179,-0.0858625679680246,True,1.9813312853258018,False,-0.24551002670257038,-0.24551002670257038,True
variantshift-development-v1,proteingym-v1.3,proteingym-substitutions-v1.3,OXDA_RHOTO_Vanella_2023_expression,OXDA_RHOTO_Vanella_2023_expression,OXDA_RHOTO,OXDA_RHOTO,cssf_08db490a0d52,carp_640m,0.3984875810311282,364,1.0,364,520184,98744.9,0.876,0.0,0.4881,1.0,3.234885467672105,1.2044917369647918,0.0,0.1061319133424847,0.8938680866575153,Eukaryote,Expression,convolutional-protein-language-model,sequence,known-development-benchmark,available,,elastic_net,4,0.5226644404517061,0.5226644404517061,0.16105971430747792,0.04613383866449983,False,,False,0.12417685942057793,0.12417685942057793,True
variantshift-development-v1,proteingym-v1.3,proteingym-substitutions-v1.3,OXDA_RHOTO_Vanella_2023_expression,OXDA_RHOTO_Vanella_2023_expression,OXDA_RHOTO,OXDA_RHOTO,cssf_08db490a0d52,esm2_150m,0.3643291266329281,364,1.0,364,520184,98744.9,0.876,0.0,0.4881,1.0,3.0865829218142578,1.1924710791366513,0.0,0.1118165578454818,0.8881834421545182,Eukaryote,Expression,masked-protein-language-model,sequence,known-development-benchmark,available,,elastic_net,4,0.4658045213217796,0.4658045213217796,0.17392857601667425,-0.04880143929098829,False,,False,0.10147539468885147,0.10147539468885147,True
variantshift-development-v1,proteingym-v1.3,proteingym-substitutions-v1.3,OXDA_RHOTO_Vanella_2023_expression,OXDA_RHOTO_Vanella_2023_expression,OXDA_RHOTO,OXDA_RHOTO,cssf_08db490a0d52,esm2_35m,0.2135137648137149,364,1.0,364,520184,98744.9,0.876,0.0,0.4881,1.0,2.7812348399861166,1.0337440486824303,0.0,0.1305644139432586,0.8694355860567413,Eukaryote,Expression,masked-protein-language-model,sequence,known-development-benchmark,available,,elastic_net,4,0.3873430089867552,0.3873430089867552,0.1531404083011726,-0.06575658354311936,False,,False,0.17382924417304033,0.17382924417304033,True
variantshift-development-v1,proteingym-v1.3,proteingym-substitutions-v1.3,OXDA_RHOTO_Vanella_2023_expression,OXDA_RHOTO_Vanella_2023_expression,OXDA_RHOTO,OXDA_RHOTO,cssf_08db490a0d52,esm2_650m,0.4265122479213749,364,1.0,364,520184,98744.9,0.876,0.0,0.4881,1.0,3.5454144753970867,1.2325292013354132,0.0,0.1227993861732847,0.8772006138267152,Eukaryote,Expression,masked-protein-language-model,sequence,known-development-benchmark,available,,elastic_net,4,0.5067503809228614,0.5067503809228614,0.17784328867045113,-0.01943811840698695,False,,False,0.08023813300148652,0.08023813300148652,True
variantshift-development-v1,proteingym-v1.3,proteingym-substitutions-v1.3,OXDA_RHOTO_Vanella_2023_expression,OXDA_RHOTO_Vanella_2023_expression,OXDA_RHOTO,OXDA_RHOTO,cssf_08db490a0d52,esm2_8m,0.1237106813237636,364,1.0,364,520184,98744.9,0.876,0.0,0.4881,1.0,1.9775248570985344,1.0227727241714566,0.0,0.2014647175253124,0.7985352824746875,Eukaryote,Expression,masked-protein-language-model,sequence,known-development-benchmark,available,,elastic_net,4,0.2652679844201502,0.2652679844201502,0.1553669548407422,-0.19441933594079913,False,,False,0.1415573030963866,0.1415573030963866,True
variantshift-development-v1,proteingym-v1.3,proteingym-substitutions-v1.3,OXDA_RHOTO_Vanella_2023_expression,OXDA_RHOTO_Vanella_2023_expression,OXDA_RHOTO,OXDA_RHOTO,cssf_08db490a0d52,vespag,0.5357934498915897,364,1.0,364,520184,98744.9,0.876,0.0,0.4881,1.0,0.1143591636481765,2.382009409697692,0.0,0.1548452349378413,0.8451547650621587,Eukaryote,Expression,distilled-evolutionary-variant-effect-model,sequence,known-development-benchmark,available,,elastic_net,4,0.5386295202794931,0.5386295202794931,0.20845066463525078,-0.07811763520063542,True,1.9840740411060866,False,0.0028360703879033444,0.0028360703879033444,True
variantshift-development-v1,proteingym-v1.3,proteingym-substitutions-v1.3,P53_HUMAN_Giacomelli_2018_Null_Etoposide,P53_HUMAN_Giacomelli_2018_Null_Etoposide,P53_HUMAN,P53_HUMAN,cssf_a3526b63cbae,carp_640m,0.4068831578599982,393,1.0,393,5069,152.7,0.858,0.0,0.2457,1.0,4.26782902317086,1.105127001139848,0.0,0.1602827619485938,0.8397172380514062,Human,OrganismalFitness,convolutional-protein-language-model,sequence,known-development-benchmark,available,,elastic_net,2,0.5047163558012638,0.5047163558012638,0.1772003217474353,0.12456126694475733,True,-1.4288284480675157,True,0.09783319794126566,0.09783319794126566,True
variantshift-development-v1,proteingym-v1.3,proteingym-substitutions-v1.3,P53_HUMAN_Giacomelli_2018_Null_Etoposide,P53_HUMAN_Giacomelli_2018_Null_Etoposide,P53_HUMAN,P53_HUMAN,cssf_a3526b63cbae,esm2_150m,0.2269424341689771,393,1.0,393,5069,152.7,0.858,0.0,0.2457,1.0,2.691878756949992,1.0784128580936003,0.0,0.2344518632030883,0.7655481367969117,Human,OrganismalFitness,masked-protein-language-model,sequence,known-development-benchmark,available,,elastic_net,2,0.2876415017791942,0.2876415017791942,0.09400812479431342,0.08596203143741407,False,,False,0.06069906761021707,0.06069906761021707,True
variantshift-development-v1,proteingym-v1.3,proteingym-substitutions-v1.3,P53_HUMAN_Giacomelli_2018_Null_Etoposide,P53_HUMAN_Giacomelli_2018_Null_Etoposide,P53_HUMAN,P53_HUMAN,cssf_a3526b63cbae,esm2_35m,-0.1125560693123935,393,1.0,393,5069,152.7,0.858,0.0,0.2457,1.0,1.4743162337058595,1.297282834855872,0.0,0.3954597688812614,0.6045402311187386,Human,OrganismalFitness,masked-protein-language-model,sequence,known-development-benchmark,available,,elastic_net,2,0.13057170231521975,0.13057170231521975,0.11668107132366547,-0.11974896640310562,False,,False,0.24312777162761323,0.24312777162761323,True
variantshift-development-v1,proteingym-v1.3,proteingym-substitutions-v1.3,P53_HUMAN_Giacomelli_2018_Null_Etoposide,P53_HUMAN_Giacomelli_2018_Null_Etoposide,P53_HUMAN,P53_HUMAN,cssf_a3526b63cbae,esm2_650m,0.3763020724258319,393,1.0,393,5069,152.7,0.858,0.0,0.2457,1.0,3.309332022669966,1.0478345555964927,0.0,0.1791247693016179,0.8208752306983821,Human,OrganismalFitness,masked-protein-language-model,sequence,known-development-benchmark,available,,elastic_net,2,0.3641543798644698,0.3641543798644698,0.1208443398382826,0.10490208113272048,False,,False,-0.012147692561362111,-0.012147692561362111,True
variantshift-development-v1,proteingym-v1.3,proteingym-substitutions-v1.3,P53_HUMAN_Giacomelli_2018_Null_Etoposide,P53_HUMAN_Giacomelli_2018_Null_Etoposide,P53_HUMAN,P53_HUMAN,cssf_a3526b63cbae,esm2_8m,-0.0935918464582543,393,1.0,393,5069,152.7,0.858,0.0,0.2457,1.0,1.280089615060953,1.355527332044736,0.0,0.3959191134753778,0.6040808865246222,Human,OrganismalFitness,masked-protein-language-model,sequence,known-development-benchmark,available,,elastic_net,2,0.12788577752929642,0.12788577752929642,0.12749051340411338,-0.14562482884861683,False,,False,0.22147762398755072,0.22147762398755072,True
variantshift-development-v1,proteingym-v1.3,proteingym-substitutions-v1.3,P53_HUMAN_Giacomelli_2018_Null_Etoposide,P53_HUMAN_Giacomelli_2018_Null_Etoposide,P53_HUMAN,P53_HUMAN,cssf_a3526b63cbae,vespag,0.4328007986601744,393,1.0,393,5069,152.7,0.858,0.0,0.2457,1.0,0.1027171977111549,2.365366569559635,0.0,0.228738156721218,0.771261843278782,Human,OrganismalFitness,distilled-evolutionary-variant-effect-model,sequence,known-development-benchmark,available,,elastic_net,2,0.43314846963132814,0.43314846963132814,0.1205206993446933,0.17459049007115102,False,,False,0.00034767097115373513,0.00034767097115373513,True
variantshift-development-v1,proteingym-v1.3,proteingym-substitutions-v1.3,P53_HUMAN_Giacomelli_2018_Null_Nutlin,P53_HUMAN_Giacomelli_2018_Null_Nutlin,P53_HUMAN,P53_HUMAN,cssf_a3526b63cbae,carp_640m,0.355729431586798,393,1.0,393,5069,152.7,0.858,0.0,0.2457,1.0,4.26782902317086,1.105127001139848,0.0,0.1602826893308881,0.8397173106691118,Human,OrganismalFitness,convolutional-protein-language-model,sequence,known-development-benchmark,available,,elastic_net,2,0.5047164072478151,0.5047164072478151,0.1772003217474353,0.12456131839130857,True,-1.428828435205878,True,0.1489869756610171,0.1489869756610171,True
variantshift-development-v1,proteingym-v1.3,proteingym-substitutions-v1.3,P53_HUMAN_Giacomelli_2018_Null_Nutlin,P53_HUMAN_Giacomelli_2018_Null_Nutlin,P53_HUMAN,P53_HUMAN,cssf_a3526b63cbae,esm2_150m,0.1213417641579669,393,1.0,393,5069,152.7,0.858,0.0,0.2457,1.0,2.6918788387432504,1.078412054491836,0.0,0.2344148240338088,0.7655851759661911,Human,OrganismalFitness,masked-protein-language-model,sequence,known-development-benchmark,available,,elastic_net,2,0.28766759319986746,0.28766759319986746,0.09400812479431342,0.08598812285808735,False,,False,0.16632582904190057,0.16632582904190057,True
variantshift-development-v1,proteingym-v1.3,proteingym-substitutions-v1.3,P53_HUMAN_Giacomelli_2018_Null_Nutlin,P53_HUMAN_Giacomelli_2018_Null_Nutlin,P53_HUMAN,P53_HUMAN,cssf_a3526b63cbae,esm2_35m,-0.1489997950081341,393,1.0,393,5069,152.7,0.858,0.0,0.2457,1.0,1.4743161588802298,1.2972834095999235,0.0,0.3954598596839337,0.6045401403160663,Human,OrganismalFitness,masked-protein-language-model,sequence,known-development-benchmark,available,,elastic_net,2,0.1305717435900683,0.1305717435900683,0.11668107132366547,-0.11974892512825708,False,,False,0.2795715385982024,0.2795715385982024,False
variantshift-development-v1,proteingym-v1.3,proteingym-substitutions-v1.3,P53_HUMAN_Giacomelli_2018_Null_Nutlin,P53_HUMAN_Giacomelli_2018_Null_Nutlin,P53_HUMAN,P53_HUMAN,cssf_a3526b63cbae,esm2_650m,0.2201319133802353,393,1.0,393,5069,152.7,0.858,0.0,0.2457,1.0,3.309332022669966,1.0478345555964927,0.0,0.1791247693016179,0.8208752306983821,Human,OrganismalFitness,masked-protein-language-model,sequence,known-development-benchmark,available,,elastic_net,2,0.3641543798644698,0.3641543798644698,0.1208443398382826,0.10490208113272048,False,,False,0.1440224664842345,0.1440224664842345,True
variantshift-development-v1,proteingym-v1.3,proteingym-substitutions-v1.3,P53_HUMAN_Giacomelli_2018_Null_Nutlin,P53_HUMAN_Giacomelli_2018_Null_Nutlin,P53_HUMAN,P53_HUMAN,cssf_a3526b63cbae,esm2_8m,-0.102463498097429,393,1.0,393,5069,152.7,0.858,0.0,0.2457,1.0,1.280089615060953,1.355527332044736,0.0,0.3959191134753778,0.6040808865246222,Human,OrganismalFitness,masked-protein-language-model,sequence,known-development-benchmark,available,,elastic_net,2,0.12788577752929642,0.12788577752929642,0.12749051340411338,-0.14562482884861683,False,,False,0.2303492756267254,0.2303492756267254,True
variantshift-development-v1,proteingym-v1.3,proteingym-substitutions-v1.3,P53_HUMAN_Giacomelli_2018_Null_Nutlin,P53_HUMAN_Giacomelli_2018_Null_Nutlin,P53_HUMAN,P53_HUMAN,cssf_a3526b63cbae,vespag,0.3041952511583049,393,1.0,393,5069,152.7,0.858,0.0,0.2457,1.0,0.102695463503151,2.365548230613593,0.0,0.228688692946503,0.7713113070534969,Human,OrganismalFitness,distilled-evolutionary-variant-effect-model,sequence,known-development-benchmark,available,,elastic_net,2,0.433217025494584,0.433217025494584,0.1205206993446933,0.1746590459344069,False,,False,0.1290217743362791,0.1290217743362791,True
variantshift-development-v1,proteingym-v1.3,proteingym-substitutions-v1.3,P53_HUMAN_Giacomelli_2018_WT_Nutlin,P53_HUMAN_Giacomelli_2018_WT_Nutlin,P53_HUMAN,P53_HUMAN,cssf_a3526b63cbae,carp_640m,0.4353935560868218,393,1.0,393,5069,152.7,0.858,0.0,0.2457,1.0,4.26782902317086,1.105127001139848,0.0,0.1602827619485938,0.8397172380514062,Human,OrganismalFitness,convolutional-protein-language-model,sequence,known-development-benchmark,available,,elastic_net,2,0.5047163558012638,0.5047163558012638,0.1772003217474353,0.12456126694475733,True,-1.4288284480675157,True,0.06932279971444205,0.06932279971444205,True
variantshift-development-v1,proteingym-v1.3,proteingym-substitutions-v1.3,P53_HUMAN_Giacomelli_2018_WT_Nutlin,P53_HUMAN_Giacomelli_2018_WT_Nutlin,P53_HUMAN,P53_HUMAN,cssf_a3526b63cbae,esm2_150m,0.2939378992563344,393,1.0,393,5069,152.7,0.858,0.0,0.2457,1.0,2.691878756949992,1.0784128580936003,0.0,0.2344149058322506,0.7655850941677493,Human,OrganismalFitness,masked-protein-language-model,sequence,known-development-benchmark,available,,elastic_net,2,0.2876676845022131,0.2876676845022131,0.09400812479431342,0.08598821416043298,False,,False,-0.006270214754121317,-0.006270214754121317,True
variantshift-development-v1,proteingym-v1.3,proteingym-substitutions-v1.3,P53_HUMAN_Giacomelli_2018_WT_Nutlin,P53_HUMAN_Giacomelli_2018_WT_Nutlin,P53_HUMAN,P53_HUMAN,cssf_a3526b63cbae,esm2_35m,0.0372595499945208,393,1.0,393,5069,152.7,0.858,0.0,0.2457,1.0,1.4743161588802298,1.2972834095999235,0.0,0.3954603103144295,0.6045396896855705,Human,OrganismalFitness,masked-protein-language-model,sequence,known-development-benchmark,available,,elastic_net,2,0.13057142433755686,0.13057142433755686,0.11668107132366547,-0.1197492443807685,False,,False,0.09331187434303606,0.09331187434303606,True
variantshift-development-v1,proteingym-v1.3,proteingym-substitutions-v1.3,P53_HUMAN_Giacomelli_2018_WT_Nutlin,P53_HUMAN_Giacomelli_2018_WT_Nutlin,P53_HUMAN,P53_HUMAN,cssf_a3526b63cbae,esm2_650m,0.2935818458339989,393,1.0,393,5069,152.7,0.858,0.0,0.2457,1.0,3.309332376434575,1.0478329715941974,0.0,0.1791247553465453,0.8208752446534546,Human,OrganismalFitness,masked-protein-language-model,sequence,known-development-benchmark,available,,elastic_net,2,0.3641541090291853,0.3641541090291853,0.1208443398382826,0.104901810297436,False,,False,0.07057226319518645,0.07057226319518645,True
variantshift-development-v1,proteingym-v1.3,proteingym-substitutions-v1.3,P53_HUMAN_Giacomelli_2018_WT_Nutlin,P53_HUMAN_Giacomelli_2018_WT_Nutlin,P53_HUMAN,P53_HUMAN,cssf_a3526b63cbae,esm2_8m,-0.0022294241846414,393,1.0,393,5069,152.7,0.858,0.0,0.2457,1.0,1.280089615060953,1.355527332044736,0.0,0.3959196147843323,0.6040803852156676,Human,OrganismalFitness,masked-protein-language-model,sequence,known-development-benchmark,available,,elastic_net,2,0.12788542237325562,0.12788542237325562,0.12749051340411338,-0.14562518400465763,False,,False,0.130114846557897,0.130114846557897,True
variantshift-development-v1,proteingym-v1.3,proteingym-substitutions-v1.3,P53_HUMAN_Giacomelli_2018_WT_Nutlin,P53_HUMAN_Giacomelli_2018_WT_Nutlin,P53_HUMAN,P53_HUMAN,cssf_a3526b63cbae,vespag,0.4288772591282231,393,1.0,393,5069,152.7,0.858,0.0,0.2457,1.0,0.102695463503151,2.365548230613593,0.0,0.2286886927106663,0.7713113072893336,Human,OrganismalFitness,distilled-evolutionary-variant-effect-model,sequence,known-development-benchmark,available,,elastic_net,2,0.43321702566166426,0.43321702566166426,0.1205206993446933,0.17465904610148714,False,,False,0.004339766533441147,0.004339766533441147,True
variantshift-development-v1,proteingym-v1.3,proteingym-substitutions-v1.3,P53_HUMAN_Kotler_2018,P53_HUMAN_Kotler_2018,P53_HUMAN,P53_HUMAN,cssf_a3526b63cbae,carp_640m,0.8583384657051399,393,0.4834605597964376,190,4129,143.9,0.863,0.0,0.2457,1.0,3.638132511532315,1.796587778938224,0.0,0.2002330114509134,0.7997669885490866,Human,OrganismalFitness,convolutional-protein-language-model,sequence,known-development-benchmark,available,,elastic_net,2,0.5551733080709041,0.5551733080709041,0.15101141322535616,0.23120235448056292,True,-1.4453621630526647,True,-0.3031651576342358,-0.3031651576342358,True
variantshift-development-v1,proteingym-v1.3,proteingym-substitutions-v1.3,P53_HUMAN_Kotler_2018,P53_HUMAN_Kotler_2018,P53_HUMAN,P53_HUMAN,cssf_a3526b63cbae,esm2_150m,0.6660311335607481,393,0.4834605597964376,190,4129,143.9,0.863,0.0,0.2457,1.0,3.0544708937344067,1.1933483032609913,0.0,0.2369680875408532,0.7630319124591468,Human,OrganismalFitness,masked-protein-language-model,sequence,known-development-benchmark,available,,elastic_net,2,0.3228802897731058,0.3228802897731058,0.10757989318610375,0.09208475029531885,False,,False,-0.34315084378764227,-0.34315084378764227,True
variantshift-development-v1,proteingym-v1.3,proteingym-substitutions-v1.3,P53_HUMAN_Kotler_2018,P53_HUMAN_Kotler_2018,P53_HUMAN,P53_HUMAN,cssf_a3526b63cbae,esm2_35m,0.0505112192997654,393,0.4834605597964376,190,4129,143.9,0.863,0.0,0.2457,1.0,0.982296329633318,1.3001374256438112,0.0,0.3879623142831461,0.6120376857168539,Human,OrganismalFitness,masked-protein-language-model,sequence,known-development-benchmark,available,,elastic_net,2,0.0914786342721165,0.0914786342721165,0.14025793146160087,-0.20942243561200974,False,,False,0.040967414972351096,0.040967414972351096,True
variantshift-development-v1,proteingym-v1.3,proteingym-substitutions-v1.3,P53_HUMAN_Kotler_2018,P53_HUMAN_Kotler_2018,P53_HUMAN,P53_HUMAN,cssf_a3526b63cbae,esm2_650m,0.8364499403484907,393,0.4834605597964376,190,4129,143.9,0.863,0.0,0.2457,1.0,3.5172616183634897,1.371979538197787,0.0,0.222405161166992,0.777594838833008,Human,OrganismalFitness,masked-protein-language-model,sequence,known-development-benchmark,available,,elastic_net,2,0.4000360693355361,0.4000360693355361,0.13566256265250543,0.10899363187782296,False,,False,-0.43641387101295465,-0.43641387101295465,True
variantshift-development-v1,proteingym-v1.3,proteingym-substitutions-v1.3,P53_HUMAN_Kotler_2018,P53_HUMAN_Kotler_2018,P53_HUMAN,P53_HUMAN,cssf_a3526b63cbae,esm2_8m,0.0840777672291055,393,0.4834605597964376,190,4129,143.9,0.863,0.0,0.2457,1.0,0.7575658152610427,1.562067687746954,0.0,0.4001281265331381,0.5998718734668619,Human,OrganismalFitness,masked-protein-language-model,sequence,known-development-benchmark,available,,elastic_net,2,0.11764584918010046,0.11764584918010046,0.14768889859307816,-0.19919717804529347,False,,False,0.03356808195099496,0.03356808195099496,True
variantshift-development-v1,proteingym-v1.3,proteingym-substitutions-v1.3,P53_HUMAN_Kotler_2018,P53_HUMAN_Kotler_2018,P53_HUMAN,P53_HUMAN,cssf_a3526b63cbae,vespag,0.7729172990461078,393,0.4834605597964376,190,4129,143.9,0.863,0.0,0.2457,1.0,0.0765695234980914,2.67215964224386,0.0,0.1607772912372177,0.8392227087627823,Human,OrganismalFitness,distilled-evolutionary-variant-effect-model,sequence,known-development-benchmark,available,,elastic_net,2,0.5281113279230056,0.5281113279230056,0.1448697719736775,0.21731628819519372,False,,False,-0.2448059711231022,-0.2448059711231022,True
variantshift-development-v1,proteingym-v1.3,proteingym-substitutions-v1.3,P84126_THETH_Chan_2017,P84126_THETH_Chan_2017,P84126_THETH,P84126_THETH,cssf_415fc4c4433b,carp_640m,0.8690242535987242,254,0.3149606299212598,80,53441,10591.4,0.941,0.0,0.362,1.0,3.7936429574578385,1.69787814009887,0.0,0.070885213000626,0.929114786999374,Prokaryote,OrganismalFitness,convolutional-protein-language-model,sequence,known-development-benchmark,available,,elastic_net,2,0.6075574326729807,0.6075574326729807,0.1420321304157613,0.3028501012966812,False,,False,-0.26146682092574347,-0.26146682092574347,True
variantshift-development-v1,proteingym-v1.3,proteingym-substitutions-v1.3,P84126_THETH_Chan_2017,P84126_THETH_Chan_2017,P84126_THETH,P84126_THETH,cssf_415fc4c4433b,esm2_150m,0.9308059427373506,254,0.3149606299212598,80,53441,10591.4,0.941,0.0,0.362,1.0,3.4710252019291965,1.864721566063643,0.0,0.0677283275993849,0.932271672400615,Prokaryote,OrganismalFitness,masked-protein-language-model,sequence,known-development-benchmark,available,,elastic_net,2,0.5703088159618864,0.5703088159618864,0.13428221054942863,0.2822277042581206,False,,False,-0.3604971267754642,-0.3604971267754642,True
variantshift-development-v1,proteingym-v1.3,proteingym-substitutions-v1.3,P84126_THETH_Chan_2017,P84126_THETH_Chan_2017,P84126_THETH,P84126_THETH,cssf_415fc4c4433b,esm2_35m,1.0084970674585534,254,0.3149606299212598,80,53441,10591.4,0.941,0.0,0.362,1.0,3.2067463553325424,1.790040370684972,0.0,0.0762337398705228,0.9237662601294772,Prokaryote,OrganismalFitness,masked-protein-language-model,sequence,known-development-benchmark,available,,elastic_net,2,0.5313847249279853,0.5313847249279853,0.12427354938024418,0.26477560288307034,False,,False,-0.4771123425305681,-0.4771123425305681,True
variantshift-development-v1,proteingym-v1.3,proteingym-substitutions-v1.3,P84126_THETH_Chan_2017,P84126_THETH_Chan_2017,P84126_THETH,P84126_THETH,cssf_415fc4c4433b,esm2_650m,1.0970208117918294,254,0.3149606299212598,80,53441,10591.4,0.941,0.0,0.362,1.0,3.9430779898874313,1.8957681235348487,0.0,0.0762337398705228,0.9237662601294772,Prokaryote,OrganismalFitness,masked-protein-language-model,sequence,known-development-benchmark,available,,elastic_net,2,0.6033076479596797,0.6033076479596797,0.13921367192840306,0.3046468707099985,False,,False,-0.4937131638321497,-0.4937131638321497,True
variantshift-development-v1,proteingym-v1.3,proteingym-substitutions-v1.3,P84126_THETH_Chan_2017,P84126_THETH_Chan_2017,P84126_THETH,P84126_THETH,cssf_415fc4c4433b,esm2_8m,0.3888338134537532,254,0.3149606299212598,80,53441,10591.4,0.941,0.0,0.362,1.0,2.253612349705786,1.585288746177297,0.0,0.2537908323841424,0.7462091676158575,Prokaryote,OrganismalFitness,masked-protein-language-model,sequence,known-development-benchmark,available,,elastic_net,2,0.2993999165205695,0.2993999165205695,0.14502819304511944,-0.011734990403288403,False,,False,-0.08943389693318365,-0.08943389693318365,True
variantshift-development-v1,proteingym-v1.3,proteingym-substitutions-v1.3,P84126_THETH_Chan_2017,P84126_THETH_Chan_2017,P84126_THETH,P84126_THETH,cssf_415fc4c4433b,vespag,1.122148405295767,254,0.3149606299212598,80,53441,10591.4,0.941,0.0,0.362,1.0,0.0638751971192792,2.9705377619266407,0.0,0.070885213000626,0.929114786999374,Prokaryote,OrganismalFitness,distilled-evolutionary-variant-effect-model,sequence,known-development-benchmark,available,,elastic_net,2,0.6173505458874611,0.6173505458874611,0.09850865491960069,0.40601590442179036,True,0.48931761989476635,True,-0.504797859408306,-0.504797859408306,True
variantshift-development-v1,proteingym-v1.3,proteingym-substitutions-v1.3,PABP_YEAST_Melamed_2013,PABP_YEAST_Melamed_2013,PABP_YEAST,PABP_YEAST,cssf_99a238bc9e63,carp_640m,0.7803181920016196,577,0.1299826689774696,75,7866,818.1,0.919,0.0,0.2415,1.0,2.5541064275071443,1.7324204974402204,0.0,0.1227685069013841,0.8772314930986158,Eukaryote,OrganismalFitness,convolutional-protein-language-model,sequence,known-development-benchmark,available,,elastic_net,1,0.5267943750098918,0.5267943750098918,0.16433202614492237,0.2007726425278814,False,,False,-0.25352381699172777,-0.25352381699172777,True
variantshift-development-v1,proteingym-v1.3,proteingym-substitutions-v1.3,PABP_YEAST_Melamed_2013,PABP_YEAST_Melamed_2013,PABP_YEAST,PABP_YEAST,cssf_99a238bc9e63,esm2_150m,0.4779234774947657,577,0.1299826689774696,75,7866,818.1,0.919,0.0,0.2415,1.0,4.155567742399653,1.5172859519404378,0.0,0.0871400846472223,0.9128599153527776,Eukaryote,OrganismalFitness,masked-protein-language-model,sequence,known-development-benchmark,available,,elastic_net,1,0.5659829529760655,0.5659829529760655,0.18139252596768918,0.20611453923715684,False,,False,0.08805947548129978,0.08805947548129978,True
variantshift-development-v1,proteingym-v1.3,proteingym-substitutions-v1.3,PABP_YEAST_Melamed_2013,PABP_YEAST_Melamed_2013,PABP_YEAST,PABP_YEAST,cssf_99a238bc9e63,esm2_35m,0.3622537125381103,577,0.1299826689774696,75,7866,818.1,0.919,0.0,0.2415,1.0,3.875203718267309,1.4734535045782342,0.0,0.1020478255984215,0.8979521744015785,Eukaryote,OrganismalFitness,masked-protein-language-model,sequence,known-development-benchmark,available,,elastic_net,1,0.5253385593325159,0.5253385593325159,0.16426102192846495,0.19945769359575316,False,,False,0.16308484679440566,0.16308484679440566,True
variantshift-development-v1,proteingym-v1.3,proteingym-substitutions-v1.3,PABP_YEAST_Melamed_2013,PABP_YEAST_Melamed_2013,PABP_YEAST,PABP_YEAST,cssf_99a238bc9e63,esm2_650m,0.6346346455266614,577,0.1299826689774696,75,7866,818.1,0.919,0.0,0.2415,1.0,5.125962623902567,1.5160993786503554,0.0,0.0859888927075773,0.9140111072924226,Eukaryote,OrganismalFitness,masked-protein-language-model,sequence,known-development-benchmark,available,,elastic_net,1,0.6338942371199976,0.6338942371199976,0.1884982183644733,0.2599286921034594,False,,False,-0.0007404084066637839,-0.0007404084066637839,True
variantshift-development-v1,proteingym-v1.3,proteingym-substitutions-v1.3,PABP_YEAST_Melamed_2013,PABP_YEAST_Melamed_2013,PABP_YEAST,PABP_YEAST,cssf_99a238bc9e63,esm2_8m,0.2372375224430874,577,0.1299826689774696,75,7866,818.1,0.919,0.0,0.2415,1.0,3.458537494240956,1.5263262382524043,0.0,0.1198278540337869,0.8801721459662131,Eukaryote,OrganismalFitness,masked-protein-language-model,sequence,known-development-benchmark,available,,elastic_net,1,0.494544448949364,0.494544448949364,0.16913190842912826,0.1590001299410579,False,,False,0.2573069265062766,0.2573069265062766,True
variantshift-development-v1,proteingym-v1.3,proteingym-substitutions-v1.3,PABP_YEAST_Melamed_2013,PABP_YEAST_Melamed_2013,PABP_YEAST,PABP_YEAST,cssf_99a238bc9e63,vespag,0.7570295511940054,577,0.1299826689774696,75,7866,818.1,0.919,0.0,0.2415,1.0,0.0557522160842735,2.8710911174271097,0.0,0.0997623154156917,0.9002376845843083,Eukaryote,OrganismalFitness,distilled-evolutionary-variant-effect-model,sequence,known-development-benchmark,available,,elastic_net,1,0.6519274402794749,0.6519274402794749,0.06793340505066402,0.5171529417986505,True,-0.14153023601695972,True,-0.10510211091453048,-0.10510211091453048,True
variantshift-development-v1,proteingym-v1.3,proteingym-substitutions-v1.3,PAI1_HUMAN_Huttinger_2021,PAI1_HUMAN_Huttinger_2021,PAI1_HUMAN,PAI1_HUMAN,cssf_51cbf66f0934,carp_640m,0.5685161202703636,402,0.9427860696517412,379,52528,12194.7,0.94,0.0,0.2649,1.0,3.3306277594996927,1.3108005312949145,0.0,0.0756300722785199,0.92436992772148,Human,Activity,convolutional-protein-language-model,sequence,known-development-benchmark,available,,elastic_net,3,0.43821656122725877,0.43821656122725877,0.18543297783993615,0.11240316662913147,False,,False,-0.1302995590431048,-0.1302995590431048,True
variantshift-development-v1,proteingym-v1.3,proteingym-substitutions-v1.3,PAI1_HUMAN_Huttinger_2021,PAI1_HUMAN_Huttinger_2021,PAI1_HUMAN,PAI1_HUMAN,cssf_51cbf66f0934,esm2_150m,0.5785670669684952,402,0.9427860696517412,379,52528,12194.7,0.94,0.0,0.2649,1.0,3.099548928143736,1.212900508028078,0.0,0.0851346981934497,0.9148653018065502,Human,Activity,masked-protein-language-model,sequence,known-development-benchmark,available,,elastic_net,3,0.33320778656103545,0.33320778656103545,0.07901675841080588,0.1943720811333452,False,,False,-0.2453592804074598,-0.2453592804074598,True
variantshift-development-v1,proteingym-v1.3,proteingym-substitutions-v1.3,PAI1_HUMAN_Huttinger_2021,PAI1_HUMAN_Huttinger_2021,PAI1_HUMAN,PAI1_HUMAN,cssf_51cbf66f0934,esm2_35m,0.5218856425763017,402,0.9427860696517412,379,52528,12194.7,0.94,0.0,0.2649,1.0,2.772380800724063,1.1765135896339418,0.0,0.1041308046457125,0.8958691953542874,Human,Activity,masked-protein-language-model,sequence,known-development-benchmark,available,,elastic_net,3,0.2849047663819651,0.2849047663819651,0.08576302621240635,0.13421559001878242,False,,False,-0.23698087619433655,-0.23698087619433655,True
variantshift-development-v1,proteingym-v1.3,proteingym-substitutions-v1.3,PAI1_HUMAN_Huttinger_2021,PAI1_HUMAN_Huttinger_2021,PAI1_HUMAN,PAI1_HUMAN,cssf_51cbf66f0934,esm2_650m,0.593393858835467,402,0.9427860696517412,379,52528,12194.7,0.94,0.0,0.2649,1.0,3.7805633517295503,1.2357409162796928,0.0,0.0826480407790704,0.9173519592209296,Human,Activity,masked-protein-language-model,sequence,known-development-benchmark,available,,elastic_net,3,0.40278327998741703,0.40278327998741703,0.17474789744464164,0.09574401260063109,False,,False,-0.19061057884805,-0.19061057884805,True
variantshift-development-v1,proteingym-v1.3,proteingym-substitutions-v1.3,PAI1_HUMAN_Huttinger_2021,PAI1_HUMAN_Huttinger_2021,PAI1_HUMAN,PAI1_HUMAN,cssf_51cbf66f0934,esm2_8m,0.0124042351926278,402,0.9427860696517412,379,52528,12194.7,0.94,0.0,0.2649,1.0,1.0136164576975248,1.3221336952240137,0.0,0.3374163730803735,0.6625836269196265,Human,Activity,masked-protein-language-model,sequence,known-development-benchmark,available,,elastic_net,3,0.03404762123633803,0.03404762123633803,0.10293707299352015,-0.1468170640677178,False,,False,0.02164338604371023,0.02164338604371023,True
variantshift-development-v1,proteingym-v1.3,proteingym-substitutions-v1.3,PAI1_HUMAN_Huttinger_2021,PAI1_HUMAN_Huttinger_2021,PAI1_HUMAN,PAI1_HUMAN,cssf_51cbf66f0934,vespag,0.5973687934281768,402,0.9427860696517412,379,52528,12194.7,0.94,0.0,0.2649,1.0,0.0719452983635519,2.5974467624896116,0.0,0.0936534426517206,0.9063465573482794,Human,Activity,distilled-evolutionary-variant-effect-model,sequence,known-development-benchmark,available,,elastic_net,3,0.5010662432185652,0.5010662432185652,0.13464479073012803,0.26448978932262,True,0.8369466214797634,True,-0.09630255020961165,-0.09630255020961165,True
variantshift-development-v1,proteingym-v1.3,proteingym-substitutions-v1.3,PA_I34A1_Wu_2015,PA_I34A1_Wu_2015,PA_I34A1,PA_I34A1,cssf_ec35c0fe8f0c,carp_640m,-0.0083926038738064,716,0.9413407821229052,674,26750,1254.1,1.0,0.0,0.2241,1.0,0.7812519036830887,1.7216247401507512,0.0,0.1813705951553474,0.8186294048446525,Virus,OrganismalFitness,convolutional-protein-language-model,sequence,known-development-benchmark,available,,elastic_net,3,0.21884911889685668,0.21884911889685668,0.20189853710929165,-0.13589494284579615,False,,False,0.22724172277066307,0.22724172277066307,True
variantshift-development-v1,proteingym-v1.3,proteingym-substitutions-v1.3,PA_I34A1_Wu_2015,PA_I34A1_Wu_2015,PA_I34A1,PA_I34A1,cssf_ec35c0fe8f0c,esm2_150m,-0.0252445478057627,716,0.9413407821229052,674,26750,1254.1,1.0,0.0,0.2241,1.0,0.7961494455092897,1.670874998032756,0.0,0.1713983473264284,0.8286016526735716,Virus,OrganismalFitness,masked-protein-language-model,sequence,known-development-benchmark,available,,elastic_net,3,0.15727167794038482,0.15727167794038482,0.21531462473232607,-0.2210450034172099,False,,False,0.1825162257461475,0.1825162257461475,True
variantshift-development-v1,proteingym-v1.3,proteingym-substitutions-v1.3,PA_I34A1_Wu_2015,PA_I34A1_Wu_2015,PA_I34A1,PA_I34A1,cssf_ec35c0fe8f0c,esm2_35m,-0.0480389439642086,716,0.9413407821229052,674,26750,1254.1,1.0,0.0,0.2241,1.0,0.7919605489797431,1.7397090718929982,0.0,0.1804952258150378,0.8195047741849621,Virus,OrganismalFitness,masked-protein-language-model,sequence,known-development-benchmark,available,,elastic_net,3,0.16761618404304884,0.16761618404304884,0.1833308386558868,-0.1545036652566577,False,,False,0.21565512800725745,0.21565512800725745,True
variantshift-development-v1,proteingym-v1.3,proteingym-substitutions-v1.3,PA_I34A1_Wu_2015,PA_I34A1_Wu_2015,PA_I34A1,PA_I34A1,cssf_ec35c0fe8f0c,esm2_650m,-0.0402711005441758,716,0.9413407821229052,674,26750,1254.1,1.0,0.0,0.2241,1.0,0.8121686833301337,1.7158494992369422,0.0,0.1751527803581315,0.8248472196418685,Virus,OrganismalFitness,masked-protein-language-model,sequence,known-development-benchmark,available,,elastic_net,3,0.16689974691262327,0.16689974691262327,0.19820272396301594,-0.18135061861150753,False,,False,0.20717084745679906,0.20717084745679906,True
variantshift-development-v1,proteingym-v1.3,proteingym-substitutions-v1.3,PA_I34A1_Wu_2015,PA_I34A1_Wu_2015,PA_I34A1,PA_I34A1,cssf_ec35c0fe8f0c,esm2_8m,-0.0186218160313226,716,0.9413407821229052,674,26750,1254.1,1.0,0.0,0.2241,1.0,0.7937072005546666,1.734536415056796,0.0,0.1746673783715517,0.8253326216284482,Virus,OrganismalFitness,masked-protein-language-model,sequence,known-development-benchmark,available,,elastic_net,3,0.16962528132151594,0.16962528132151594,0.18279474736571974,-0.1515526334577053,False,,False,0.18824709735283854,0.18824709735283854,True
variantshift-development-v1,proteingym-v1.3,proteingym-substitutions-v1.3,PA_I34A1_Wu_2015,PA_I34A1_Wu_2015,PA_I34A1,PA_I34A1,cssf_ec35c0fe8f0c,vespag,0.4700558399930814,716,0.9413407821229052,674,26750,1254.1,1.0,0.0,0.2241,1.0,0.058651019476341,2.5510215799808456,0.0,0.3653923331401497,0.6346076668598503,Virus,OrganismalFitness,distilled-evolutionary-variant-effect-model,sequence,known-development-benchmark,available,,elastic_net,3,0.3288598691445452,0.3288598691445452,0.15321927260352522,0.059647284056785876,True,-0.013902273853319894,True,-0.14119597084853625,-0.14119597084853625,True
variantshift-development-v1,proteingym-v1.3,proteingym-substitutions-v1.3,PHOT_CHLRE_Chen_2023,PHOT_CHLRE_Chen_2023,PHOT_CHLRE,PHOT_CHLRE,cssf_3193156583c0,carp_640m,0.6396916722012618,118,1.0,118,1627150,615446.5,0.873,0.0,0.2829,1.0,0.9765759802205958,1.5997018887734955,0.0,0.1834421602377739,0.8165578397622261,Eukaryote,Activity,convolutional-protein-language-model,sequence,known-development-benchmark,available,,elastic_net,0,0.2768944610549799,0.2768944610549799,0.19912027187378972,-0.2525666903646671,False,,False,-0.3627972111462819,-0.3627972111462819,True
variantshift-development-v1,proteingym-v1.3,proteingym-substitutions-v1.3,PHOT_CHLRE_Chen_2023,PHOT_CHLRE_Chen_2023,PHOT_CHLRE,PHOT_CHLRE,cssf_3193156583c0,esm2_150m,0.6374685891588573,118,1.0,118,1627150,615446.5,0.873,0.0,0.2829,1.0,6.807421023364803,1.8343290631075193,0.0,0.0760835565535319,0.923916443446468,Eukaryote,Activity,masked-protein-language-model,sequence,known-development-benchmark,available,,elastic_net,0,0.9374387755189921,0.9374387755189921,0.36387383747186985,-0.03010239518338287,False,,False,0.29997018636013484,0.29997018636013484,True
variantshift-development-v1,proteingym-v1.3,proteingym-substitutions-v1.3,PHOT_CHLRE_Chen_2023,PHOT_CHLRE_Chen_2023,PHOT_CHLRE,PHOT_CHLRE,cssf_3193156583c0,esm2_35m,0.6366672222938259,118,1.0,118,1627150,615446.5,0.873,0.0,0.2829,1.0,5.566201323599166,1.8801558864619088,0.0,0.0414235621636676,0.9585764378363324,Eukaryote,Activity,masked-protein-language-model,sequence,known-development-benchmark,available,,elastic_net,0,0.8371620297460051,0.8371620297460051,0.36048828256709226,-0.12137694453905012,False,,False,0.20049480745217918,0.20049480745217918,True
variantshift-development-v1,proteingym-v1.3,proteingym-substitutions-v1.3,PHOT_CHLRE_Chen_2023,PHOT_CHLRE_Chen_2023,PHOT_CHLRE,PHOT_CHLRE,cssf_3193156583c0,esm2_650m,0.6374681305309337,118,1.0,118,1627150,615446.5,0.873,0.0,0.2829,1.0,8.38060832367455,1.8600871399189856,0.0,0.0655429898264385,0.9344570101735614,Eukaryote,Activity,masked-protein-language-model,sequence,known-development-benchmark,available,,elastic_net,0,1.110742223835512,1.110742223835512,0.3611747006364454,0.15037806270265397,True,2.4275877212464274,True,0.47327409330457837,0.47327409330457837,True
variantshift-development-v1,proteingym-v1.3,proteingym-substitutions-v1.3,PHOT_CHLRE_Chen_2023,PHOT_CHLRE_Chen_2023,PHOT_CHLRE,PHOT_CHLRE,cssf_3193156583c0,esm2_8m,0.5571896517005084,118,1.0,118,1627150,615446.5,0.873,0.0,0.2829,1.0,5.0858094964120655,1.775894556896081,0.0,0.0517722894036055,0.9482277105963944,Eukaryote,Activity,masked-protein-language-model,sequence,known-development-benchmark,available,,elastic_net,0,0.7568659296553644,0.7568659296553644,0.36586601403935703,-0.21597244202673593,False,,False,0.19967627795485599,0.19967627795485599,True
variantshift-development-v1,proteingym-v1.3,proteingym-substitutions-v1.3,PHOT_CHLRE_Chen_2023,PHOT_CHLRE_Chen_2023,PHOT_CHLRE,PHOT_CHLRE,cssf_3193156583c0,vespag,0.6611755369302528,118,1.0,118,1627150,615446.5,0.873,0.0,0.2829,1.0,0.0133457018636299,0.8223176191118966,0.0,0.1129801908739118,0.8870198091260881,Eukaryote,Activity,distilled-evolutionary-variant-effect-model,sequence,known-development-benchmark,available,,elastic_net,0,0.08650245064061024,0.08650245064061024,0.24202979811270042,-0.5570552061500487,False,,False,-0.5746730862896425,-0.5746730862896425,True
variantshift-development-v1,proteingym-v1.3,proteingym-substitutions-v1.3,PIN1_HUMAN_Tsuboyama_2023_1I6C,PIN1_HUMAN_Tsuboyama_2023_1I6C,PIN1_HUMAN,PIN1_HUMAN,cssf_6f0217bf6d08,carp_640m,0.9410523602927204,39,1.0,39,248269,11218.6,0.821,0.0,0.4308,1.0,3.287600519948118,1.8297746979242624,0.0,0.1131358128994098,0.8868641871005901,Human,Stability,convolutional-protein-language-model,sequence,known-development-benchmark,available,,elastic_net,3,0.6047061976799776,0.6047061976799776,0.15013766373609438,0.34090812654554536,True,-0.18376807804009473,True,-0.33634616261274286,-0.33634616261274286,True
variantshift-development-v1,proteingym-v1.3,proteingym-substitutions-v1.3,PIN1_HUMAN_Tsuboyama_2023_1I6C,PIN1_HUMAN_Tsuboyama_2023_1I6C,PIN1_HUMAN,PIN1_HUMAN,cssf_6f0217bf6d08,esm2_150m,0.9326980092315322,39,1.0,39,248269,11218.6,0.821,0.0,0.4308,1.0,3.4125493560749276,1.266022915913142,0.0,0.0894930597164161,0.9105069402835838,Human,Stability,masked-protein-language-model,sequence,known-development-benchmark,available,,elastic_net,3,0.4454262015101151,0.4454262015101151,0.1514158825296783,0.17938224720523527,False,,False,-0.48727180772141715,-0.48727180772141715,True
variantshift-development-v1,proteingym-v1.3,proteingym-substitutions-v1.3,PIN1_HUMAN_Tsuboyama_2023_1I6C,PIN1_HUMAN_Tsuboyama_2023_1I6C,PIN1_HUMAN,PIN1_HUMAN,cssf_6f0217bf6d08,esm2_35m,0.843853156645784,39,1.0,39,248269,11218.6,0.821,0.0,0.4308,1.0,2.6073846766682296,1.2710303418615887,0.0,0.0771919088245403,0.9228080911754596,Human,Stability,masked-protein-language-model,sequence,known-development-benchmark,available,,elastic_net,3,0.3782027877277805,0.3782027877277805,0.15608636600551523,0.1039526012121964,False,,False,-0.4656503689180035,-0.4656503689180035,True
variantshift-development-v1,proteingym-v1.3,proteingym-substitutions-v1.3,PIN1_HUMAN_Tsuboyama_2023_1I6C,PIN1_HUMAN_Tsuboyama_2023_1I6C,PIN1_HUMAN,PIN1_HUMAN,cssf_6f0217bf6d08,esm2_650m,0.9211583027609784,39,1.0,39,248269,11218.6,0.821,0.0,0.4308,1.0,3.298078030964782,1.4346689589244406,0.0,0.0898247615600762,0.9101752384399238,Human,Stability,masked-protein-language-model,sequence,known-development-benchmark,available,,elastic_net,3,0.472429598017137,0.472429598017137,0.19124971964931628,0.13639594801195432,False,,False,-0.4487287047438414,-0.4487287047438414,True
variantshift-development-v1,proteingym-v1.3,proteingym-substitutions-v1.3,PIN1_HUMAN_Tsuboyama_2023_1I6C,PIN1_HUMAN_Tsuboyama_2023_1I6C,PIN1_HUMAN,PIN1_HUMAN,cssf_6f0217bf6d08,esm2_8m,0.8344075847655074,39,1.0,39,248269,11218.6,0.821,0.0,0.4308,1.0,2.1688613708500077,1.2887519025507688,0.0,0.1206258098811999,0.8793741901188,Human,Stability,masked-protein-language-model,sequence,known-development-benchmark,available,,elastic_net,3,0.31908949756539434,0.31908949756539434,0.19149356601215733,-0.01737260056246387,False,,False,-0.5153180872001131,-0.5153180872001131,True
variantshift-development-v1,proteingym-v1.3,proteingym-substitutions-v1.3,PIN1_HUMAN_Tsuboyama_2023_1I6C,PIN1_HUMAN_Tsuboyama_2023_1I6C,PIN1_HUMAN,PIN1_HUMAN,cssf_6f0217bf6d08,vespag,0.8331227412177967,39,1.0,39,248269,11218.6,0.821,0.0,0.4308,1.0,0.0623476696999759,2.687218865743722,0.0,0.1131358128994098,0.8868641871005901,Human,Stability,distilled-evolutionary-variant-effect-model,sequence,known-development-benchmark,available,,elastic_net,3,0.583770416105609,0.583770416105609,0.14720852343274124,0.3251189653652766,False,,False,-0.24935232511218774,-0.24935232511218774,True
variantshift-development-v1,proteingym-v1.3,proteingym-substitutions-v1.3,PITX2_HUMAN_Tsuboyama_2023_2L7M,PITX2_HUMAN_Tsuboyama_2023_2L7M,PITX2_HUMAN,PITX2_HUMAN,cssf_3de478b56341,carp_640m,0.5836245472463446,52,1.0,52,344174,9971.5,1.0,0.0,0.6727,1.0,2.7002363390716173,2.3330148545356897,0.0,0.2096637958616587,0.7903362041383413,Human,Stability,convolutional-protein-language-model,sequence,known-development-benchmark,available,,elastic_net,1,0.5963792562334097,0.5963792562334097,0.21962315275654212,0.16066430501809253,False,,False,0.0127547089870651,0.0127547089870651,True
variantshift-development-v1,proteingym-v1.3,proteingym-substitutions-v1.3,PITX2_HUMAN_Tsuboyama_2023_2L7M,PITX2_HUMAN_Tsuboyama_2023_2L7M,PITX2_HUMAN,PITX2_HUMAN,cssf_3de478b56341,esm2_150m,0.8447255769058971,52,1.0,52,344174,9971.5,1.0,0.0,0.6727,1.0,3.938091839067516,1.557682901596125,0.0,0.0828015630604852,0.9171984369395147,Human,Stability,masked-protein-language-model,sequence,known-development-benchmark,available,,elastic_net,1,0.5558536328091349,0.5558536328091349,0.20859074062837468,0.14202611400646697,False,,False,-0.2888719440967622,-0.2888719440967622,True
variantshift-development-v1,proteingym-v1.3,proteingym-substitutions-v1.3,PITX2_HUMAN_Tsuboyama_2023_2L7M,PITX2_HUMAN_Tsuboyama_2023_2L7M,PITX2_HUMAN,PITX2_HUMAN,cssf_3de478b56341,esm2_35m,0.8427756253417266,52,1.0,52,344174,9971.5,1.0,0.0,0.6727,1.0,4.217901310866647,1.5650928962566777,0.0,0.0658392126402165,0.9341607873597836,Human,Stability,masked-protein-language-model,sequence,known-development-benchmark,available,,elastic_net,1,0.5899372193446137,0.5899372193446137,0.22509395209645022,0.14336863526965338,False,,False,-0.2528384059971128,-0.2528384059971128,True
variantshift-development-v1,proteingym-v1.3,proteingym-substitutions-v1.3,PITX2_HUMAN_Tsuboyama_2023_2L7M,PITX2_HUMAN_Tsuboyama_2023_2L7M,PITX2_HUMAN,PITX2_HUMAN,cssf_3de478b56341,esm2_650m,0.9981953750924276,52,1.0,52,344174,9971.5,1.0,0.0,0.6727,1.0,5.662617882447857,1.5640473953427074,0.0,0.0508210882653398,0.9491789117346602,Human,Stability,masked-protein-language-model,sequence,known-development-benchmark,available,,elastic_net,1,0.701425284739286,0.701425284739286,0.1997848749477376,0.3050679064354236,False,,False,-0.2967700903531416,-0.2967700903531416,True
variantshift-development-v1,proteingym-v1.3,proteingym-substitutions-v1.3,PITX2_HUMAN_Tsuboyama_2023_2L7M,PITX2_HUMAN_Tsuboyama_2023_2L7M,PITX2_HUMAN,PITX2_HUMAN,cssf_3de478b56341,esm2_8m,0.7444919981666754,52,1.0,52,344174,9971.5,1.0,0.0,0.6727,1.0,2.0467362498819885,1.6869866831201568,0.0,0.1541524688482943,0.8458475311517056,Human,Stability,masked-protein-language-model,sequence,known-development-benchmark,available,,elastic_net,1,0.39863923996092115,0.39863923996092115,0.2254224132277476,-0.048580984999816,False,,False,-0.3458527582057543,-0.3458527582057543,True
variantshift-development-v1,proteingym-v1.3,proteingym-substitutions-v1.3,PITX2_HUMAN_Tsuboyama_2023_2L7M,PITX2_HUMAN_Tsuboyama_2023_2L7M,PITX2_HUMAN,PITX2_HUMAN,cssf_3de478b56341,vespag,0.7867875392252093,52,1.0,52,344174,9971.5,1.0,0.0,0.6727,1.0,0.0403430710447926,2.9922388171517813,0.0,0.0513681821759216,0.9486318178240783,Human,Stability,distilled-evolutionary-variant-effect-model,sequence,known-development-benchmark,available,,elastic_net,1,0.7076191535701751,0.7076191535701751,0.196543712554742,0.3176919849059607,True,-0.09954001254542591,True,-0.07916838565503415,-0.07916838565503415,True
variantshift-development-v1,proteingym-v1.3,proteingym-substitutions-v1.3,PKN1_HUMAN_Tsuboyama_2023_1URF,PKN1_HUMAN_Tsuboyama_2023_1URF,PKN1_HUMAN,PKN1_HUMAN,cssf_32b373a919b9,carp_640m,0.4871029188035471,71,1.0,71,187829,54841.6,0.845,0.0,0.6142,0.9393939393939394,3.0681187500232263,1.4598612154239727,0.0,0.1613055809331627,0.8386944190668373,Human,Stability,convolutional-protein-language-model,sequence,known-development-benchmark,available,,elastic_net,2,0.5549881092384431,0.5549881092384431,0.14671813305324638,0.2402277049813053,False,,False,0.06788519043489599,0.06788519043489599,True
variantshift-development-v1,proteingym-v1.3,proteingym-substitutions-v1.3,PKN1_HUMAN_Tsuboyama_2023_1URF,PKN1_HUMAN_Tsuboyama_2023_1URF,PKN1_HUMAN,PKN1_HUMAN,cssf_32b373a919b9,esm2_150m,0.609909105060561,71,1.0,71,187829,54841.6,0.845,0.0,0.6142,0.9393939393939394,2.711998502958207,1.292372330769719,0.0,0.1550673996851874,0.8449326003148125,Human,Stability,masked-protein-language-model,sequence,known-development-benchmark,available,,elastic_net,2,0.4531005820993816,0.4531005820993816,0.12173244105635972,0.19194300354566396,False,,False,-0.15680852296117936,-0.15680852296117936,True
variantshift-development-v1,proteingym-v1.3,proteingym-substitutions-v1.3,PKN1_HUMAN_Tsuboyama_2023_1URF,PKN1_HUMAN_Tsuboyama_2023_1URF,PKN1_HUMAN,PKN1_HUMAN,cssf_32b373a919b9,esm2_35m,0.4217167752995154,71,1.0,71,187829,54841.6,0.845,0.0,0.6142,0.9393939393939394,1.7392805283244792,1.3257699683381892,0.0,0.2263724547501295,0.7736275452498704,Human,Stability,masked-protein-language-model,sequence,known-development-benchmark,available,,elastic_net,2,0.34094813986349953,0.34094813986349953,0.12908081666131266,0.06402579094422078,False,,False,-0.08076863543601587,-0.08076863543601587,True
variantshift-development-v1,proteingym-v1.3,proteingym-substitutions-v1.3,PKN1_HUMAN_Tsuboyama_2023_1URF,PKN1_HUMAN_Tsuboyama_2023_1URF,PKN1_HUMAN,PKN1_HUMAN,cssf_32b373a919b9,esm2_650m,0.468913206850426,71,1.0,71,187829,54841.6,0.845,0.0,0.6142,0.9393939393939394,3.887264656233407,1.6607557466836926,0.0,0.1654749775279889,0.8345250224720111,Human,Stability,masked-protein-language-model,sequence,known-development-benchmark,available,,elastic_net,2,0.5990235526371758,0.5990235526371758,0.1479973080628164,0.2815188819778628,False,,False,0.1301103457867498,0.1301103457867498,True
variantshift-development-v1,proteingym-v1.3,proteingym-substitutions-v1.3,PKN1_HUMAN_Tsuboyama_2023_1URF,PKN1_HUMAN_Tsuboyama_2023_1URF,PKN1_HUMAN,PKN1_HUMAN,cssf_32b373a919b9,esm2_8m,0.4451608999230647,71,1.0,71,187829,54841.6,0.845,0.0,0.6142,0.9393939393939394,1.5286783499408456,1.4285775929010407,0.0,0.2324936752766462,0.7675063247233538,Human,Stability,masked-protein-language-model,sequence,known-development-benchmark,available,,elastic_net,2,0.3416991131011472,0.3416991131011472,0.13810531116593372,0.045416147471594726,False,,False,-0.10346178682191748,-0.10346178682191748,True
variantshift-development-v1,proteingym-v1.3,proteingym-substitutions-v1.3,PKN1_HUMAN_Tsuboyama_2023_1URF,PKN1_HUMAN_Tsuboyama_2023_1URF,PKN1_HUMAN,PKN1_HUMAN,cssf_32b373a919b9,vespag,0.4555550649951425,71,1.0,71,187829,54841.6,0.845,0.0,0.6142,0.9393939393939394,0.067154539464151,2.77441774348188,0.0,0.1551867908442256,0.8448132091557744,Human,Stability,distilled-evolutionary-variant-effect-model,sequence,known-development-benchmark,available,,elastic_net,2,0.6282021818519765,0.6282021818519765,0.08953800148255198,0.4361126496549154,True,0.715909581558191,True,0.17264711685683404,0.17264711685683404,True
variantshift-development-v1,proteingym-v1.3,proteingym-substitutions-v1.3,POLG_CXB3N_Mattenberger_2021,POLG_CXB3N_Mattenberger_2021,POLG_CXB3N,POLG_CXB3N,cssf_6872ef7481de,carp_640m,0.4372524358112244,2185,0.3894736842105263,851,7909,1541.4,0.959,0.0,0.191,1.0,3.841970804264173,1.090875748531693,0.0,0.3003996406232401,0.6996003593767599,Virus,OrganismalFitness,convolutional-protein-language-model,sequence,known-development-benchmark,available,,elastic_net,0,0.34427579375195827,0.34427579375195827,0.1129271701038817,0.0440022507966677,False,,False,-0.09297664205926615,-0.09297664205926615,True
variantshift-development-v1,proteingym-v1.3,proteingym-substitutions-v1.3,POLG_CXB3N_Mattenberger_2021,POLG_CXB3N_Mattenberger_2021,POLG_CXB3N,POLG_CXB3N,cssf_6872ef7481de,esm2_150m,0.1438477660705032,2185,0.3894736842105263,851,7909,1541.4,0.959,0.0,0.191,1.0,2.1452656123893705,1.0573886104512558,0.0,0.2679507376335768,0.7320492623664232,Virus,OrganismalFitness,masked-protein-language-model,sequence,known-development-benchmark,available,,elastic_net,0,0.12805494883385693,0.12805494883385693,0.04318566876135923,0.013224180012340048,False,,False,-0.015792817236646273,-0.015792817236646273,True
variantshift-development-v1,proteingym-v1.3,proteingym-substitutions-v1.3,POLG_CXB3N_Mattenberger_2021,POLG_CXB3N_Mattenberger_2021,POLG_CXB3N,POLG_CXB3N,cssf_6872ef7481de,esm2_35m,-0.1380905882947057,2185,0.3894736842105263,851,7909,1541.4,0.959,0.0,0.191,1.0,0.8599737671955431,1.6833064800925794,0.0,0.3810345805709905,0.6189654194290095,Virus,OrganismalFitness,masked-protein-language-model,sequence,known-development-benchmark,available,,elastic_net,0,0.09951984442178974,0.09951984442178974,0.06548933933375811,-0.0746164234883974,False,,False,0.23761043271649543,0.23761043271649543,False
variantshift-development-v1,proteingym-v1.3,proteingym-substitutions-v1.3,POLG_CXB3N_Mattenberger_2021,POLG_CXB3N_Mattenberger_2021,POLG_CXB3N,POLG_CXB3N,cssf_6872ef7481de,esm2_650m,0.5537873580469844,2185,0.3894736842105263,851,7909,1541.4,0.959,0.0,0.191,1.0,3.773319562876676,1.2571639242462496,0.0,0.3166132045240244,0.6833867954759756,Virus,OrganismalFitness,masked-protein-language-model,sequence,known-development-benchmark,available,,elastic_net,0,0.3229846965213128,0.3229846965213128,0.06974530308378164,0.13753181355087699,False,,False,-0.23080266152567164,-0.23080266152567164,True
variantshift-development-v1,proteingym-v1.3,proteingym-substitutions-v1.3,POLG_CXB3N_Mattenberger_2021,POLG_CXB3N_Mattenberger_2021,POLG_CXB3N,POLG_CXB3N,cssf_6872ef7481de,esm2_8m,-0.1111386722928875,2185,0.3894736842105263,851,7909,1541.4,0.959,0.0,0.191,1.0,0.7997664224538128,1.705444378049803,0.0,0.3779737513463309,0.6220262486536691,Virus,OrganismalFitness,masked-protein-language-model,sequence,known-development-benchmark,available,,elastic_net,0,0.10026813247761335,0.10026813247761335,0.06574446128768624,-0.07454650515459202,False,,False,0.21140680477050083,0.21140680477050083,False
variantshift-development-v1,proteingym-v1.3,proteingym-substitutions-v1.3,POLG_CXB3N_Mattenberger_2021,POLG_CXB3N_Mattenberger_2021,POLG_CXB3N,POLG_CXB3N,cssf_6872ef7481de,vespag,0.7860752834587815,2185,0.3894736842105263,851,7909,1541.4,0.959,0.0,0.191,1.0,0.1092489469297562,2.5308721759710764,0.0,0.3311699063237211,0.6688300936762789,Virus,OrganismalFitness,distilled-evolutionary-variant-effect-model,sequence,known-development-benchmark,available,,elastic_net,0,0.3753742381955873,0.3753742381955873,0.06142852788432517,0.21203567503681608,True,0.6415581707143204,True,-0.41070104526319423,-0.41070104526319423,True
variantshift-development-v1,proteingym-v1.3,proteingym-substitutions-v1.3,POLG_DEN26_Suphatrakul_2023,POLG_DEN26_Suphatrakul_2023,POLG_DEN26,POLG_DEN26,cssf_1d81bb997017,carp_640m,0.4324005542933785,900,1.0,900,10676,491.6,1.0,0.0,0.3951,1.0,4.001709673526323,1.0895290905713602,0.0,0.3194359430231609,0.6805640569768391,Virus,OrganismalFitness,convolutional-protein-language-model,sequence,known-development-benchmark,available,,elastic_net,4,0.3432443581204729,0.3432443581204729,0.06745961607152189,0.14365024123581585,False,,False,-0.0891561961729056,-0.0891561961729056,True
variantshift-development-v1,proteingym-v1.3,proteingym-substitutions-v1.3,POLG_DEN26_Suphatrakul_2023,POLG_DEN26_Suphatrakul_2023,POLG_DEN26,POLG_DEN26,cssf_1d81bb997017,esm2_150m,-0.0374503414381294,900,1.0,900,10676,491.6,1.0,0.0,0.3951,1.0,1.5380899358233215,1.1198752636023406,0.0,0.2083405317458684,0.7916594682541316,Virus,OrganismalFitness,masked-protein-language-model,sequence,known-development-benchmark,available,,elastic_net,4,0.1840244077510796,0.1840244077510796,0.07182607631292856,-0.028488842483988613,False,,False,0.22147474918920898,0.22147474918920898,False
variantshift-development-v1,proteingym-v1.3,proteingym-substitutions-v1.3,POLG_DEN26_Suphatrakul_2023,POLG_DEN26_Suphatrakul_2023,POLG_DEN26,POLG_DEN26,cssf_1d81bb997017,esm2_35m,-0.1431598040552914,900,1.0,900,10676,491.6,1.0,0.0,0.3951,1.0,1.2010863320530538,1.300231627398433,0.0,0.2067946715644351,0.7932053284355649,Virus,OrganismalFitness,masked-protein-language-model,sequence,known-development-benchmark,available,,elastic_net,4,0.2008022573904597,0.2008022573904597,0.08869412496987758,-0.0616188261723532,False,,False,0.34396206144575114,0.34396206144575114,False
variantshift-development-v1,proteingym-v1.3,proteingym-substitutions-v1.3,POLG_DEN26_Suphatrakul_2023,POLG_DEN26_Suphatrakul_2023,POLG_DEN26,POLG_DEN26,cssf_1d81bb997017,esm2_650m,0.0274321123337764,900,1.0,900,10676,491.6,1.0,0.0,0.3951,1.0,2.2505143067912727,0.9807706661977832,0.0,0.2214880292516421,0.7785119707483579,Virus,OrganismalFitness,masked-protein-language-model,sequence,known-development-benchmark,available,,elastic_net,4,0.20094853434025073,0.20094853434025073,0.07081842058680918,-0.008583344720612562,False,,False,0.17351642200647432,0.17351642200647432,True
variantshift-development-v1,proteingym-v1.3,proteingym-substitutions-v1.3,POLG_DEN26_Suphatrakul_2023,POLG_DEN26_Suphatrakul_2023,POLG_DEN26,POLG_DEN26,cssf_1d81bb997017,esm2_8m,-0.1566659954802068,900,1.0,900,10676,491.6,1.0,0.0,0.3951,1.0,0.9045053351476342,1.596788704001343,0.0,0.2355367998469633,0.7644632001530367,Virus,OrganismalFitness,masked-protein-language-model,sequence,known-development-benchmark,available,,elastic_net,4,0.22776285554535006,0.22776285554535006,0.09155013538751161,-0.04310836322897485,False,,False,0.38442885102555685,0.38442885102555685,False
variantshift-development-v1,proteingym-v1.3,proteingym-substitutions-v1.3,POLG_DEN26_Suphatrakul_2023,POLG_DEN26_Suphatrakul_2023,POLG_DEN26,POLG_DEN26,cssf_1d81bb997017,vespag,0.8843124630805173,900,1.0,900,10676,491.6,1.0,0.0,0.3951,1.0,0.0700442061941165,2.6181796701390123,0.0,0.3612567810238085,0.6387432189761915,Virus,OrganismalFitness,distilled-evolutionary-variant-effect-model,sequence,known-development-benchmark,available,,elastic_net,4,0.3814886000453481,0.3814886000453481,0.1095415143434176,0.057385928094147054,True,-0.4008444476206374,True,-0.5028238630351691,-0.5028238630351691,True
variantshift-development-v1,proteingym-v1.3,proteingym-substitutions-v1.3,POLG_HCVJF_Qi_2014,POLG_HCVJF_Qi_2014,POLG_HCVJF,POLG_HCVJF,cssf_55f4d290e887,carp_640m,1.033476776692083,3033,0.0283547642598087,86,16556,4448.8,1.0,0.0,0.3018,1.0,4.037998886849084,1.7054429099787534,0.0,0.3741639162682981,0.6258360837317019,Virus,OrganismalFitness,convolutional-protein-language-model,sequence,known-development-benchmark,available,,elastic_net,1,0.3984420037736587,0.3984420037736587,0.17361436418008724,0.054004847355724195,True,1.312992013845662,True,-0.6350347729184243,-0.6350347729184243,True
variantshift-development-v1,proteingym-v1.3,proteingym-substitutions-v1.3,POLG_HCVJF_Qi_2014,POLG_HCVJF_Qi_2014,POLG_HCVJF,POLG_HCVJF,cssf_55f4d290e887,esm2_150m,-0.1019852553755632,3033,0.0283547642598087,86,16556,4448.8,1.0,0.0,0.3018,1.0,1.1458472420137558,1.4301098490644395,0.0,0.3765470330572679,0.6234529669427321,Virus,OrganismalFitness,masked-protein-language-model,sequence,known-development-benchmark,available,,elastic_net,1,0.08343302049730822,0.08343302049730822,0.15841987674272037,-0.23085947553569403,False,,False,0.1854182758728714,0.1854182758728714,True
variantshift-development-v1,proteingym-v1.3,proteingym-substitutions-v1.3,POLG_HCVJF_Qi_2014,POLG_HCVJF_Qi_2014,POLG_HCVJF,POLG_HCVJF,cssf_55f4d290e887,esm2_35m,-0.0743272228781737,3033,0.0283547642598087,86,16556,4448.8,1.0,0.0,0.3018,1.0,0.8978750705646172,1.748402989138378,0.0,0.3817517315731725,0.6182482684268275,Virus,OrganismalFitness,masked-protein-language-model,sequence,known-development-benchmark,available,,elastic_net,1,0.13303243146141802,0.13303243146141802,0.16474475061623292,-0.19380811370325057,False,,False,0.20735965433959172,0.20735965433959172,True
variantshift-development-v1,proteingym-v1.3,proteingym-substitutions-v1.3,POLG_HCVJF_Qi_2014,POLG_HCVJF_Qi_2014,POLG_HCVJF,POLG_HCVJF,cssf_55f4d290e887,esm2_650m,-0.0060550175606663,3033,0.0283547642598087,86,16556,4448.8,1.0,0.0,0.3018,1.0,1.0013050625764346,1.5564455475818888,0.0,0.3741639162682981,0.6258360837317019,Virus,OrganismalFitness,masked-protein-language-model,sequence,known-development-benchmark,available,,elastic_net,1,0.10334004266127272,0.10334004266127272,0.16179936594077335,-0.21765709244361575,False,,False,0.10939506022193903,0.10939506022193903,True
variantshift-development-v1,proteingym-v1.3,proteingym-substitutions-v1.3,POLG_HCVJF_Qi_2014,POLG_HCVJF_Qi_2014,POLG_HCVJF,POLG_HCVJF,cssf_55f4d290e887,esm2_8m,-0.1086318944187485,3033,0.0283547642598087,86,16556,4448.8,1.0,0.0,0.3018,1.0,0.7699597766835532,1.7469358503621355,0.0,0.3811049057358918,0.6188950942641082,Virus,OrganismalFitness,masked-protein-language-model,sequence,known-development-benchmark,available,,elastic_net,1,0.12433297128202864,0.12433297128202864,0.1827960817309264,-0.23831998599535115,False,,False,0.23296486570077712,0.23296486570077712,True
variantshift-development-v1,proteingym-v1.3,proteingym-substitutions-v1.3,POLG_HCVJF_Qi_2014,POLG_HCVJF_Qi_2014,POLG_HCVJF,POLG_HCVJF,cssf_55f4d290e887,vespag,0.9635513769820852,3033,0.0283547642598087,86,16556,4448.8,1.0,0.0,0.3018,1.0,0.0471401495374629,2.6538568612533804,0.0,0.3808978388401532,0.6191021611598467,Virus,OrganismalFitness,distilled-evolutionary-variant-effect-model,sequence,known-development-benchmark,available,,elastic_net,1,0.35491333513378764,0.35491333513378764,0.14513928510217985,0.06696848171560205,False,,False,-0.6086380418482975,-0.6086380418482975,True
variantshift-development-v1,proteingym-v1.3,proteingym-substitutions-v1.3,POLG_PESV_Tsuboyama_2023_2MXD,POLG_PESV_Tsuboyama_2023_2MXD,POLG_PESV,POLG_PESV,cssf_dc63c2b3ba7c,carp_640m,0.1878066276523365,53,1.0,53,20190,13925.1,0.887,0.0,0.449,0.9433962264150944,0.6843835014684166,1.537263273932835,0.0,0.0985554182620107,0.9014445817379892,Virus,Stability,convolutional-protein-language-model,sequence,known-development-benchmark,available,,elastic_net,1,0.41257276883387195,0.41257276883387195,0.1990316996054262,0.017709630792991204,False,,False,0.22476614118153546,0.22476614118153546,True
variantshift-development-v1,proteingym-v1.3,proteingym-substitutions-v1.3,POLG_PESV_Tsuboyama_2023_2MXD,POLG_PESV_Tsuboyama_2023_2MXD,POLG_PESV,POLG_PESV,cssf_dc63c2b3ba7c,esm2_150m,-0.0124439808336625,53,1.0,53,20190,13925.1,0.887,0.0,0.449,0.9433962264150944,1.247141236726026,1.6431234461670732,0.0,0.0587716006495511,0.9412283993504488,Virus,Stability,masked-protein-language-model,sequence,known-development-benchmark,available,,elastic_net,1,0.4543209626000628,0.4543209626000628,0.1477406686932294,0.1612151700448139,False,,False,0.4667649434337253,0.4667649434337253,False
variantshift-development-v1,proteingym-v1.3,proteingym-substitutions-v1.3,POLG_PESV_Tsuboyama_2023_2MXD,POLG_PESV_Tsuboyama_2023_2MXD,POLG_PESV,POLG_PESV,cssf_dc63c2b3ba7c,esm2_35m,0.1047515668745776,53,1.0,53,20190,13925.1,0.887,0.0,0.449,0.9433962264150944,1.0939843502709434,1.629738848819816,0.0,0.0553531091799885,0.9446468908200114,Virus,Stability,masked-protein-language-model,sequence,known-development-benchmark,available,,elastic_net,1,0.44335004193276456,0.44335004193276456,0.14295639314784273,0.15973587336931583,False,,False,0.33859847505818697,0.33859847505818697,False
variantshift-development-v1,proteingym-v1.3,proteingym-substitutions-v1.3,POLG_PESV_Tsuboyama_2023_2MXD,POLG_PESV_Tsuboyama_2023_2MXD,POLG_PESV,POLG_PESV,cssf_dc63c2b3ba7c,esm2_650m,0.125166869702823,53,1.0,53,20190,13925.1,0.887,0.0,0.449,0.9433962264150944,1.091019605365248,1.663117254068758,0.0,0.0498782598128043,0.9501217401871956,Virus,Stability,masked-protein-language-model,sequence,known-development-benchmark,available,,elastic_net,1,0.4547747795353772,0.4547747795353772,0.14817137884060103,0.16081449213978688,False,,False,0.32960790983255417,0.32960790983255417,False
variantshift-development-v1,proteingym-v1.3,proteingym-substitutions-v1.3,POLG_PESV_Tsuboyama_2023_2MXD,POLG_PESV_Tsuboyama_2023_2MXD,POLG_PESV,POLG_PESV,cssf_dc63c2b3ba7c,esm2_8m,-0.1063888166701041,53,1.0,53,20190,13925.1,0.887,0.0,0.449,0.9433962264150944,1.1956954224362346,1.7019337558816965,0.0,0.0739240564690084,0.9260759435309917,Virus,Stability,masked-protein-language-model,sequence,known-development-benchmark,available,,elastic_net,1,0.4521919900105391,0.4521919900105391,0.15319811530641997,0.14825905534854483,False,,False,0.5585808066806432,0.5585808066806432,False
variantshift-development-v1,proteingym-v1.3,proteingym-substitutions-v1.3,POLG_PESV_Tsuboyama_2023_2MXD,POLG_PESV_Tsuboyama_2023_2MXD,POLG_PESV,POLG_PESV,cssf_dc63c2b3ba7c,vespag,0.5739391667806554,53,1.0,53,20190,13925.1,0.887,0.0,0.449,0.9433962264150944,0.0315046172762671,2.91600051601659,0.0,0.3551505422252898,0.6448494577747101,Virus,Stability,distilled-evolutionary-variant-effect-model,sequence,known-development-benchmark,available,,elastic_net,1,0.5042498755956873,0.5042498755956873,0.10387799445039247,0.29816415687152836,True,0.007980054332623082,True,-0.06968929118496803,-0.06968929118496803,True
variantshift-development-v1,proteingym-v1.3,proteingym-substitutions-v1.3,PPARG_HUMAN_Majithia_2016,PPARG_HUMAN_Majithia_2016,PPARG_HUMAN,PPARG_HUMAN,cssf_6d98a5313455,carp_640m,0.8381894722532358,505,0.998019801980198,504,39993,3152.5,0.8,0.0,0.2944,1.0,5.663684461163033,1.5121888685612697,0.0,0.1811980449356784,0.8188019550643215,Human,Activity,convolutional-protein-language-model,sequence,known-development-benchmark,available,,elastic_net,2,0.690731687672752,0.690731687672752,0.11748860869778464,0.43867857603792454,True,0.22785868792864097,True,-0.14745778458048386,-0.14745778458048386,True
variantshift-development-v1,proteingym-v1.3,proteingym-substitutions-v1.3,PPARG_HUMAN_Majithia_2016,PPARG_HUMAN_Majithia_2016,PPARG_HUMAN,PPARG_HUMAN,cssf_6d98a5313455,esm2_150m,0.3767865184921223,505,0.998019801980198,504,39993,3152.5,0.8,0.0,0.2944,1.0,2.569835930605725,0.8855571407766941,0.0,0.193799060664493,0.806200939335507,Human,Activity,masked-protein-language-model,sequence,known-development-benchmark,available,,elastic_net,2,0.2953472471470975,0.2953472471470975,0.10235033778965393,0.07577088648802047,False,,False,-0.08143927134502482,-0.08143927134502482,True
variantshift-development-v1,proteingym-v1.3,proteingym-substitutions-v1.3,PPARG_HUMAN_Majithia_2016,PPARG_HUMAN_Majithia_2016,PPARG_HUMAN,PPARG_HUMAN,cssf_6d98a5313455,esm2_35m,0.2487140442056344,505,0.998019801980198,504,39993,3152.5,0.8,0.0,0.2944,1.0,1.805219945166803,0.9335720274427172,0.0,0.3180183243138541,0.6819816756861459,Human,Activity,masked-protein-language-model,sequence,known-development-benchmark,available,,elastic_net,2,0.16309056903557895,0.16309056903557895,0.10569642103556018,-0.06366428069803709,False,,False,-0.08562347517005545,-0.08562347517005545,True
variantshift-development-v1,proteingym-v1.3,proteingym-substitutions-v1.3,PPARG_HUMAN_Majithia_2016,PPARG_HUMAN_Majithia_2016,PPARG_HUMAN,PPARG_HUMAN,cssf_6d98a5313455,esm2_650m,0.5180633218163021,505,0.998019801980198,504,39993,3152.5,0.8,0.0,0.2944,1.0,3.39048764568429,0.8279849239546501,0.0,0.1811980449356784,0.8188019550643215,Human,Activity,masked-protein-language-model,sequence,known-development-benchmark,available,,elastic_net,2,0.35060570614727926,0.35060570614727926,0.10391481186105629,0.12767301535424594,False,,False,-0.16745761566902284,-0.16745761566902284,True
variantshift-development-v1,proteingym-v1.3,proteingym-substitutions-v1.3,PPARG_HUMAN_Majithia_2016,PPARG_HUMAN_Majithia_2016,PPARG_HUMAN,PPARG_HUMAN,cssf_6d98a5313455,esm2_8m,0.119741970692323,505,0.998019801980198,504,39993,3152.5,0.8,0.0,0.2944,1.0,1.0169583327445697,1.39082992224662,0.0,0.3841299468677677,0.6158700531322323,Human,Activity,masked-protein-language-model,sequence,known-development-benchmark,available,,elastic_net,2,0.14926977826630494,0.14926977826630494,0.1247525674828557,-0.1183670008819741,False,,False,0.02952780757398195,0.02952780757398195,True
variantshift-development-v1,proteingym-v1.3,proteingym-substitutions-v1.3,PPARG_HUMAN_Majithia_2016,PPARG_HUMAN_Majithia_2016,PPARG_HUMAN,PPARG_HUMAN,cssf_6d98a5313455,vespag,0.7919850793977156,505,0.998019801980198,504,39993,3152.5,0.8,0.0,0.2944,1.0,0.0929986050704816,2.4787577226227593,0.0,0.1519350803720952,0.8480649196279048,Human,Activity,distilled-evolutionary-variant-effect-model,sequence,known-development-benchmark,available,,elastic_net,2,0.5333870681985884,0.5333870681985884,0.12523899950219763,0.26470672656852584,False,,False,-0.2585980111991272,-0.2585980111991272,True
variantshift-development-v1,proteingym-v1.3,proteingym-substitutions-v1.3,PPM1D_HUMAN_Miller_2022,PPM1D_HUMAN_Miller_2022,PPM1D_HUMAN,PPM1D_HUMAN,cssf_c26e504ac4d4,carp_640m,0.6128153924295406,605,0.6942148760330579,420,1844,339.3,0.993,0.0,0.2611,1.0,4.922924490451849,1.213759349298854,0.0,0.1719150579651491,0.8280849420348508,Human,OrganismalFitness,convolutional-protein-language-model,sequence,known-development-benchmark,available,,elastic_net,4,0.5401079930504454,0.5401079930504454,0.12355974563437101,0.1745292994771191,True,-0.7282805676691464,True,-0.0727073993790952,-0.0727073993790952,True
variantshift-development-v1,proteingym-v1.3,proteingym-substitutions-v1.3,PPM1D_HUMAN_Miller_2022,PPM1D_HUMAN_Miller_2022,PPM1D_HUMAN,PPM1D_HUMAN,cssf_c26e504ac4d4,esm2_150m,0.4456884685488219,605,0.6942148760330579,420,1844,339.3,0.993,0.0,0.2611,1.0,3.3363287951283875,0.9263537875803508,0.0,0.1732318856382573,0.8267681143617427,Human,OrganismalFitness,masked-protein-language-model,sequence,known-development-benchmark,available,,elastic_net,4,0.2964403757846405,0.2964403757846405,0.09091490504160961,0.027448625754611766,False,,False,-0.14924809276418138,-0.14924809276418138,True
variantshift-development-v1,proteingym-v1.3,proteingym-substitutions-v1.3,PPM1D_HUMAN_Miller_2022,PPM1D_HUMAN_Miller_2022,PPM1D_HUMAN,PPM1D_HUMAN,cssf_c26e504ac4d4,esm2_35m,0.2911899257916856,605,0.6942148760330579,420,1844,339.3,0.993,0.0,0.2611,1.0,2.7867774575402673,0.9518882070186416,0.0,0.200881210400786,0.799118789599214,Human,OrganismalFitness,masked-protein-language-model,sequence,known-development-benchmark,available,,elastic_net,4,0.2360843249839776,0.2360843249839776,0.09456709004416339,-0.04371321794459446,False,,False,-0.055105600807708016,-0.055105600807708016,True
variantshift-development-v1,proteingym-v1.3,proteingym-substitutions-v1.3,PPM1D_HUMAN_Miller_2022,PPM1D_HUMAN_Miller_2022,PPM1D_HUMAN,PPM1D_HUMAN,cssf_c26e504ac4d4,esm2_650m,0.5858686382668533,605,0.6942148760330579,420,1844,339.3,0.993,0.0,0.2611,1.0,4.537541972177921,0.938405812179475,0.0,0.1260655562062465,0.8739344437937535,Human,OrganismalFitness,masked-protein-language-model,sequence,known-development-benchmark,available,,elastic_net,4,0.4354889195802988,0.4354889195802988,0.10297130401468696,0.13082566049084754,False,,False,-0.15037971868655453,-0.15037971868655453,True
variantshift-development-v1,proteingym-v1.3,proteingym-substitutions-v1.3,PPM1D_HUMAN_Miller_2022,PPM1D_HUMAN_Miller_2022,PPM1D_HUMAN,PPM1D_HUMAN,cssf_c26e504ac4d4,esm2_8m,0.1785818229883846,605,0.6942148760330579,420,1844,339.3,0.993,0.0,0.2611,1.0,2.2004730224321576,1.0361608469051924,0.0,0.2629299135603029,0.7370700864396971,Human,OrganismalFitness,masked-protein-language-model,sequence,known-development-benchmark,available,,elastic_net,4,0.1622696597683294,0.1622696597683294,0.0627729576306856,-0.023457946941603497,False,,False,-0.016312163220055187,-0.016312163220055187,True
variantshift-development-v1,proteingym-v1.3,proteingym-substitutions-v1.3,PPM1D_HUMAN_Miller_2022,PPM1D_HUMAN_Miller_2022,PPM1D_HUMAN,PPM1D_HUMAN,cssf_c26e504ac4d4,vespag,0.6328855031094233,605,0.6942148760330579,420,1844,339.3,0.993,0.0,0.2611,1.0,0.1187209041409771,2.6075763849307756,0.0,0.14405400050824,0.85594599949176,Human,OrganismalFitness,distilled-evolutionary-variant-effect-model,sequence,known-development-benchmark,available,,elastic_net,4,0.5212068599254444,0.5212068599254444,0.058615924912016386,0.34777874916081486,False,,False,-0.11167864318397891,-0.11167864318397891,True
variantshift-development-v1,proteingym-v1.3,proteingym-substitutions-v1.3,PR40A_HUMAN_Tsuboyama_2023_1UZC,PR40A_HUMAN_Tsuboyama_2023_1UZC,PR40A_HUMAN,PR40A_HUMAN,cssf_f662b12b6174,carp_640m,0.628317193409241,63,1.0,63,63560,3573.6,0.857,0.0,0.4915,1.0,2.563223632803545,2.0611131076150606,0.0,0.3046999395007805,0.6953000604992194,Human,Stability,convolutional-protein-language-model,sequence,known-development-benchmark,available,,elastic_net,3,0.513751284000229,0.513751284000229,0.1276219377342406,0.2895142726403833,False,,False,-0.11456590940901201,-0.11456590940901201,True
variantshift-development-v1,proteingym-v1.3,proteingym-substitutions-v1.3,PR40A_HUMAN_Tsuboyama_2023_1UZC,PR40A_HUMAN_Tsuboyama_2023_1UZC,PR40A_HUMAN,PR40A_HUMAN,cssf_f662b12b6174,esm2_150m,0.5960448217117023,63,1.0,63,63560,3573.6,0.857,0.0,0.4915,1.0,5.713962123594462,1.3269930196086634,0.0,0.1056037302093786,0.8943962697906214,Human,Stability,masked-protein-language-model,sequence,known-development-benchmark,available,,elastic_net,3,0.6874855752678729,0.6874855752678729,0.21541111125421677,0.3089993631094661,False,,False,0.09144075355617065,0.09144075355617065,True
variantshift-development-v1,proteingym-v1.3,proteingym-substitutions-v1.3,PR40A_HUMAN_Tsuboyama_2023_1UZC,PR40A_HUMAN_Tsuboyama_2023_1UZC,PR40A_HUMAN,PR40A_HUMAN,cssf_f662b12b6174,esm2_35m,0.1734214380340992,63,1.0,63,63560,3573.6,0.857,0.0,0.4915,1.0,1.5668317565299477,1.407652419344983,0.0,0.1468688581989947,0.8531311418010052,Human,Stability,masked-protein-language-model,sequence,known-development-benchmark,available,,elastic_net,3,0.2995666868112699,0.2995666868112699,0.2126531109186047,-0.07407360493904103,False,,False,0.1261452487771707,0.1261452487771707,True
variantshift-development-v1,proteingym-v1.3,proteingym-substitutions-v1.3,PR40A_HUMAN_Tsuboyama_2023_1UZC,PR40A_HUMAN_Tsuboyama_2023_1UZC,PR40A_HUMAN,PR40A_HUMAN,cssf_f662b12b6174,esm2_650m,0.7183649920535667,63,1.0,63,63560,3573.6,0.857,0.0,0.4915,1.0,6.755453528245985,1.228936768713922,0.0,0.1219861470577412,0.8780138529422588,Human,Stability,masked-protein-language-model,sequence,known-development-benchmark,available,,elastic_net,3,0.7536743677382127,0.7536743677382127,0.21026668699924106,0.38422712129826286,True,-0.47425776446420526,True,0.03530937568464598,0.03530937568464598,True
variantshift-development-v1,proteingym-v1.3,proteingym-substitutions-v1.3,PR40A_HUMAN_Tsuboyama_2023_1UZC,PR40A_HUMAN_Tsuboyama_2023_1UZC,PR40A_HUMAN,PR40A_HUMAN,cssf_f662b12b6174,esm2_8m,-0.0273008876438643,63,1.0,63,63560,3573.6,0.857,0.0,0.4915,1.0,1.6044152097010709,1.428185726269374,0.0,0.142323964728771,0.8576760352712289,Human,Stability,masked-protein-language-model,sequence,known-development-benchmark,available,,elastic_net,3,0.30999906228977353,0.30999906228977353,0.22705266068182203,-0.08894183264174832,False,,False,0.3372999499336378,0.3372999499336378,True
variantshift-development-v1,proteingym-v1.3,proteingym-substitutions-v1.3,PR40A_HUMAN_Tsuboyama_2023_1UZC,PR40A_HUMAN_Tsuboyama_2023_1UZC,PR40A_HUMAN,PR40A_HUMAN,cssf_f662b12b6174,vespag,0.68037281282436,63,1.0,63,63560,3573.6,0.857,0.0,0.4915,1.0,0.0550575759459262,2.953515316482137,0.0,0.1096293188611403,0.8903706811388596,Human,Stability,distilled-evolutionary-variant-effect-model,sequence,known-development-benchmark,available,,elastic_net,3,0.6677959762594544,0.6677959762594544,0.1328268708865759,0.434413682551382,False,,False,-0.012576836564905602,-0.012576836564905602,True
variantshift-development-v1,proteingym-v1.3,proteingym-substitutions-v1.3,PRKN_HUMAN_Clausen_2023,PRKN_HUMAN_Clausen_2023,PRKN_HUMAN,PRKN_HUMAN,cssf_40b8ae05fc9a,carp_640m,0.7829951070243896,465,1.0,465,1457,170.2,0.998,0.0,0.2395,1.0,4.7081055463615105,1.7641886954635215,0.0,0.1843955935271789,0.8156044064728211,Human,Expression,convolutional-protein-language-model,sequence,known-development-benchmark,available,,elastic_net,3,0.5951188295400678,0.5951188295400678,0.22419840157626642,0.20119298564788385,True,-1.063227565226141,True,-0.18787627748432179,-0.18787627748432179,True
variantshift-development-v1,proteingym-v1.3,proteingym-substitutions-v1.3,PRKN_HUMAN_Clausen_2023,PRKN_HUMAN_Clausen_2023,PRKN_HUMAN,PRKN_HUMAN,cssf_40b8ae05fc9a,esm2_150m,0.2969494349395726,465,1.0,465,1457,170.2,0.998,0.0,0.2395,1.0,2.46200944619824,0.939991106317678,0.0,0.2320853638124854,0.7679146361875145,Human,Expression,masked-protein-language-model,sequence,known-development-benchmark,available,,elastic_net,3,0.1207269382450758,0.1207269382450758,0.1482047489810506,-0.1396749218963299,False,,False,-0.1762224966944968,-0.1762224966944968,True
variantshift-development-v1,proteingym-v1.3,proteingym-substitutions-v1.3,PRKN_HUMAN_Clausen_2023,PRKN_HUMAN_Clausen_2023,PRKN_HUMAN,PRKN_HUMAN,cssf_40b8ae05fc9a,esm2_35m,0.2135967718448269,465,1.0,465,1457,170.2,0.998,0.0,0.2395,1.0,2.1924296214003647,0.9910584896192696,0.0,0.2638601303236881,0.7361398696763118,Human,Expression,masked-protein-language-model,sequence,known-development-benchmark,available,,elastic_net,3,0.09077273482693865,0.09077273482693865,0.1313794150613903,-0.14006631926201038,False,,False,-0.12282403701788824,-0.12282403701788824,True
variantshift-development-v1,proteingym-v1.3,proteingym-substitutions-v1.3,PRKN_HUMAN_Clausen_2023,PRKN_HUMAN_Clausen_2023,PRKN_HUMAN,PRKN_HUMAN,cssf_40b8ae05fc9a,esm2_650m,0.4704730177387658,465,1.0,465,1457,170.2,0.998,0.0,0.2395,1.0,3.4663867175043537,0.9001831956718623,0.0,0.1653169292243413,0.8346830707756586,Human,Expression,masked-protein-language-model,sequence,known-development-benchmark,available,,elastic_net,3,0.23941906500659021,0.23941906500659021,0.17692608215265254,-0.07144736280249853,False,,False,-0.2310539527321756,-0.2310539527321756,True
variantshift-development-v1,proteingym-v1.3,proteingym-substitutions-v1.3,PRKN_HUMAN_Clausen_2023,PRKN_HUMAN_Clausen_2023,PRKN_HUMAN,PRKN_HUMAN,cssf_40b8ae05fc9a,esm2_8m,0.1792613315083529,465,1.0,465,1457,170.2,0.998,0.0,0.2395,1.0,1.4650561712516317,1.1463743189737283,0.0,0.3078512100441244,0.6921487899558756,Human,Expression,masked-protein-language-model,sequence,known-development-benchmark,available,,elastic_net,3,0.03541161746733967,0.03541161746733967,0.1564578174567921,-0.23949122457736705,False,,False,-0.14384971404101324,-0.14384971404101324,True
variantshift-development-v1,proteingym-v1.3,proteingym-substitutions-v1.3,PRKN_HUMAN_Clausen_2023,PRKN_HUMAN_Clausen_2023,PRKN_HUMAN,PRKN_HUMAN,cssf_40b8ae05fc9a,vespag,0.7317203077573641,465,1.0,465,1457,170.2,0.998,0.0,0.2395,1.0,0.0845762065886519,2.4611242099373354,0.0,0.1704154594546039,0.8295845405453961,Human,Expression,distilled-evolutionary-variant-effect-model,sequence,known-development-benchmark,available,,elastic_net,3,0.4157137489642051,0.4157137489642051,0.2202700502062377,0.028690180546171562,False,,False,-0.316006558793159,-0.316006558793159,True
variantshift-development-v1,proteingym-v1.3,proteingym-substitutions-v1.3,PSAE_PICP2_Tsuboyama_2023_1PSE,PSAE_PICP2_Tsuboyama_2023_1PSE,PSAE_PICP2,PSAE_PICP2,cssf_b20798b8020c,carp_640m,0.5871684463992756,68,1.0,68,1785,125.7,0.868,0.0,0.6599,1.0,3.3077652784114315,1.5528118638353956,0.0,0.1132815558856963,0.8867184441143037,Prokaryote,Stability,convolutional-protein-language-model,sequence,known-development-benchmark,available,,elastic_net,2,0.6153945818153652,0.6153945818153652,0.21253505010077006,0.15943445680306567,False,,False,0.02822613541608965,0.02822613541608965,True
variantshift-development-v1,proteingym-v1.3,proteingym-substitutions-v1.3,PSAE_PICP2_Tsuboyama_2023_1PSE,PSAE_PICP2_Tsuboyama_2023_1PSE,PSAE_PICP2,PSAE_PICP2,cssf_b20798b8020c,esm2_150m,0.6966921730008971,68,1.0,68,1785,125.7,0.868,0.0,0.6599,1.0,7.306203003597019,0.4673322857643977,0.0,0.0850853340745598,0.91491466592544,Prokaryote,Stability,masked-protein-language-model,sequence,known-development-benchmark,available,,elastic_net,2,0.6567840006579022,0.6567840006579022,0.19863763771628784,0.23063856214164913,False,,False,-0.03990817234299493,-0.03990817234299493,True
variantshift-development-v1,proteingym-v1.3,proteingym-substitutions-v1.3,PSAE_PICP2_Tsuboyama_2023_1PSE,PSAE_PICP2_Tsuboyama_2023_1PSE,PSAE_PICP2,PSAE_PICP2,cssf_b20798b8020c,esm2_35m,0.1142952171745735,68,1.0,68,1785,125.7,0.868,0.0,0.6599,1.0,3.073502369906492,0.8322006630762838,0.0,0.1224417952171805,0.8775582047828194,Prokaryote,Stability,masked-protein-language-model,sequence,known-development-benchmark,available,,elastic_net,2,0.40445464784333074,0.40445464784333074,0.2291884375321086,-0.08723266951428388,False,,False,0.29015943066875727,0.29015943066875727,True
variantshift-development-v1,proteingym-v1.3,proteingym-substitutions-v1.3,PSAE_PICP2_Tsuboyama_2023_1PSE,PSAE_PICP2_Tsuboyama_2023_1PSE,PSAE_PICP2,PSAE_PICP2,cssf_b20798b8020c,esm2_650m,0.8058669037222284,68,1.0,68,1785,125.7,0.868,0.0,0.6599,1.0,7.705790798125562,0.6082004390604699,0.0,0.0733118733041477,0.9266881266958522,Prokaryote,Stability,masked-protein-language-model,sequence,known-development-benchmark,available,,elastic_net,2,0.7202574944661158,0.7202574944661158,0.20403987158598286,0.2825224229486051,True,-2.2819749916030516,True,-0.0856094092561126,-0.0856094092561126,True
variantshift-development-v1,proteingym-v1.3,proteingym-substitutions-v1.3,PSAE_PICP2_Tsuboyama_2023_1PSE,PSAE_PICP2_Tsuboyama_2023_1PSE,PSAE_PICP2,PSAE_PICP2,cssf_b20798b8020c,esm2_8m,0.0787778335037083,68,1.0,68,1785,125.7,0.868,0.0,0.6599,1.0,2.768490735613454,0.7495722944693771,0.0,0.1375691944260364,0.8624308055739636,Prokaryote,Stability,masked-protein-language-model,sequence,known-development-benchmark,available,,elastic_net,2,0.35645579322432674,0.35645579322432674,0.23992594709252393,-0.1582671420192151,False,,False,0.27767795972061843,0.27767795972061843,True
variantshift-development-v1,proteingym-v1.3,proteingym-substitutions-v1.3,PSAE_PICP2_Tsuboyama_2023_1PSE,PSAE_PICP2_Tsuboyama_2023_1PSE,PSAE_PICP2,PSAE_PICP2,cssf_b20798b8020c,vespag,0.6082231582399108,68,1.0,68,1785,125.7,0.868,0.0,0.6599,1.0,0.0896843708182299,2.621687822475179,0.0,0.1171931649221292,0.8828068350778707,Prokaryote,Stability,distilled-evolutionary-variant-effect-model,sequence,known-development-benchmark,available,,elastic_net,2,0.618927033579117,0.618927033579117,0.1674625714716123,0.2596627381752558,False,,False,0.010703875339206248,0.010703875339206248,True
variantshift-development-v1,proteingym-v1.3,proteingym-substitutions-v1.3,PTEN_HUMAN_Matreyek_2021,PTEN_HUMAN_Matreyek_2021,PTEN_HUMAN,PTEN_HUMAN,cssf_a81536eee23e,carp_640m,0.6132612231490553,403,0.9503722084367244,383,19058,1500.8,0.752,0.0,0.2724,1.0,5.394246262924392,1.717248042337745,0.0,0.1466295526281209,0.8533704473718791,Human,Expression,convolutional-protein-language-model,sequence,known-development-benchmark,available,,elastic_net,0,0.83331904650068,0.83331904650068,0.35826975684176865,-0.11932086399779862,True,0.00155976732695437,False,0.22005782335162472,0.22005782335162472,True
variantshift-development-v1,proteingym-v1.3,proteingym-substitutions-v1.3,PTEN_HUMAN_Matreyek_2021,PTEN_HUMAN_Matreyek_2021,PTEN_HUMAN,PTEN_HUMAN,cssf_a81536eee23e,esm2_150m,0.5377054667300428,403,0.9503722084367244,383,19058,1500.8,0.752,0.0,0.2724,1.0,3.595152353017226,1.127592693321493,0.0,0.1030152066778229,0.8969847933221771,Human,Expression,masked-protein-language-model,sequence,known-development-benchmark,available,,elastic_net,0,0.47287645333218875,0.47287645333218875,0.1713200696679508,0.017336088234750358,False,,False,-0.06482901339785407,-0.06482901339785407,True
variantshift-development-v1,proteingym-v1.3,proteingym-substitutions-v1.3,PTEN_HUMAN_Matreyek_2021,PTEN_HUMAN_Matreyek_2021,PTEN_HUMAN,PTEN_HUMAN,cssf_a81536eee23e,esm2_35m,0.3056221156924101,403,0.9503722084367244,383,19058,1500.8,0.752,0.0,0.2724,1.0,3.0562747695862926,0.7926058803451905,0.0,0.2034980836232525,0.7965019163767475,Human,Expression,masked-protein-language-model,sequence,known-development-benchmark,available,,elastic_net,0,0.28712996458028456,0.28712996458028456,0.23168487146082004,-0.32892051413697326,False,,False,-0.018492151112125543,-0.018492151112125543,True
variantshift-development-v1,proteingym-v1.3,proteingym-substitutions-v1.3,PTEN_HUMAN_Matreyek_2021,PTEN_HUMAN_Matreyek_2021,PTEN_HUMAN,PTEN_HUMAN,cssf_a81536eee23e,esm2_650m,0.6033496955884349,403,0.9503722084367244,383,19058,1500.8,0.752,0.0,0.2724,1.0,4.606333977774642,1.7758949922617604,0.0,0.1554309759325298,0.8445690240674701,Human,Expression,masked-protein-language-model,sequence,known-development-benchmark,available,,elastic_net,0,0.7145341745466502,0.7145341745466502,0.33297120187641654,-0.1708368340205445,False,,False,0.11118447895821537,0.11118447895821537,True
variantshift-development-v1,proteingym-v1.3,proteingym-substitutions-v1.3,PTEN_HUMAN_Matreyek_2021,PTEN_HUMAN_Matreyek_2021,PTEN_HUMAN,PTEN_HUMAN,cssf_a81536eee23e,esm2_8m,0.0502806745015754,403,0.9503722084367244,383,19058,1500.8,0.752,0.0,0.2724,1.0,1.6377891478573363,1.0042105308636344,0.0,0.3455472799076267,0.6544527200923733,Human,Expression,masked-protein-language-model,sequence,known-development-benchmark,available,,elastic_net,0,0.1279978520555718,0.1279978520555718,0.18450907940105363,-0.36261211300605156,False,,False,0.0777171775539964,0.0777171775539964,True
variantshift-development-v1,proteingym-v1.3,proteingym-substitutions-v1.3,PTEN_HUMAN_Matreyek_2021,PTEN_HUMAN_Matreyek_2021,PTEN_HUMAN,PTEN_HUMAN,cssf_a81536eee23e,vespag,0.5616576444028227,403,0.9503722084367244,383,19058,1500.8,0.752,0.0,0.2724,1.0,0.0792547531165372,2.600062416112874,0.0,0.1545530739662421,0.8454469260337578,Human,Expression,distilled-evolutionary-variant-effect-model,sequence,known-development-benchmark,available,,elastic_net,0,0.5729884675618746,0.5729884675618746,0.26046611993695484,-0.11959140122736989,False,,False,0.011330823159051873,0.011330823159051873,True
variantshift-development-v1,proteingym-v1.3,proteingym-substitutions-v1.3,PTEN_HUMAN_Mighell_2018,PTEN_HUMAN_Mighell_2018,PTEN_HUMAN,PTEN_HUMAN,cssf_a81536eee23e,carp_640m,0.4762868648612705,403,1.0,403,19058,1500.8,0.752,0.0,0.2724,1.0,5.542803909149355,1.694924518220797,0.0,0.1450409107733472,0.8549590892266528,Human,Activity,convolutional-protein-language-model,sequence,known-development-benchmark,available,,elastic_net,0,0.8294190648457183,0.8294190648457183,0.3335702119023712,-0.057544712428898026,True,0.0005847719132139328,False,0.3531321999844478,0.3531321999844478,True
variantshift-development-v1,proteingym-v1.3,proteingym-substitutions-v1.3,PTEN_HUMAN_Mighell_2018,PTEN_HUMAN_Mighell_2018,PTEN_HUMAN,PTEN_HUMAN,cssf_a81536eee23e,esm2_150m,0.5020995764565108,403,1.0,403,19058,1500.8,0.752,0.0,0.2724,1.0,3.693753289185031,1.1042940028550372,0.0,0.0985451762886298,0.9014548237113702,Human,Activity,masked-protein-language-model,sequence,known-development-benchmark,available,,elastic_net,0,0.46492623492624385,0.46492623492624385,0.19244647891466485,-0.046789289334384976,False,,False,-0.03717334153026697,-0.03717334153026697,True
variantshift-development-v1,proteingym-v1.3,proteingym-substitutions-v1.3,PTEN_HUMAN_Mighell_2018,PTEN_HUMAN_Mighell_2018,PTEN_HUMAN,PTEN_HUMAN,cssf_a81536eee23e,esm2_35m,0.3941073021422234,403,1.0,403,19058,1500.8,0.752,0.0,0.2724,1.0,3.2048512862169396,0.796895025194039,0.0,0.19518165738542,0.80481834261458,Human,Activity,masked-protein-language-model,sequence,known-development-benchmark,available,,elastic_net,0,0.2929981053884869,0.2929981053884869,0.24039252005408365,-0.3462060261786889,False,,False,-0.10110919675373647,-0.10110919675373647,True
variantshift-development-v1,proteingym-v1.3,proteingym-substitutions-v1.3,PTEN_HUMAN_Mighell_2018,PTEN_HUMAN_Mighell_2018,PTEN_HUMAN,PTEN_HUMAN,cssf_a81536eee23e,esm2_650m,0.4918348953459737,403,1.0,403,19058,1500.8,0.752,0.0,0.2724,1.0,4.655758383622539,1.7741862939212625,0.0,0.1579697548905612,0.8420302451094388,Human,Activity,masked-protein-language-model,sequence,known-development-benchmark,available,,elastic_net,0,0.7036588779420818,0.7036588779420818,0.32589170916532095,-0.16288774711553478,False,,False,0.21182398259610813,0.21182398259610813,True
variantshift-development-v1,proteingym-v1.3,proteingym-substitutions-v1.3,PTEN_HUMAN_Mighell_2018,PTEN_HUMAN_Mighell_2018,PTEN_HUMAN,PTEN_HUMAN,cssf_a81536eee23e,esm2_8m,0.1741191982879395,403,1.0,403,19058,1500.8,0.752,0.0,0.2724,1.0,1.7742119582120144,0.9827924094315826,0.0,0.3302020063012151,0.6697979936987849,Human,Activity,masked-protein-language-model,sequence,known-development-benchmark,available,,elastic_net,0,0.12945759628454834,0.12945759628454834,0.19378851791179855,-0.38582641201834245,False,,False,-0.04466160200339117,-0.04466160200339117,True
variantshift-development-v1,proteingym-v1.3,proteingym-substitutions-v1.3,PTEN_HUMAN_Mighell_2018,PTEN_HUMAN_Mighell_2018,PTEN_HUMAN,PTEN_HUMAN,cssf_a81536eee23e,vespag,0.5526170059892951,403,1.0,403,19058,1500.8,0.752,0.0,0.2724,1.0,0.0807823227872367,2.5882487066747135,0.0,0.1493122277862488,0.8506877722137511,Human,Activity,distilled-evolutionary-variant-effect-model,sequence,known-development-benchmark,available,,elastic_net,0,0.5582683482343315,0.5582683482343315,0.2586353088968531,-0.12944339079493317,False,,False,0.005651342245036384,0.005651342245036384,True
variantshift-development-v1,proteingym-v1.3,proteingym-substitutions-v1.3,Q2N0S5_9HIV1_Haddox_2018,Q2N0S5_9HIV1_Haddox_2018,Q2N0S5_9HIV1,Q2N0S5_9HIV1,cssf_1bf288bd319a,carp_640m,0.9115896783195856,860,0.7790697674418605,670,75014,36862.0,0.976,0.0,0.2414,0.0,4.08398250793593,2.0009380421568976,0.0,0.4074987576494971,0.5925012423505028,Virus,OrganismalFitness,convolutional-protein-language-model,sequence,known-development-benchmark,available,,elastic_net,3,0.5216815829100238,0.5216815829100238,0.10025407759028228,0.34553103125254436,True,1.6885042023766283,True,-0.38990809540956184,-0.38990809540956184,True
variantshift-development-v1,proteingym-v1.3,proteingym-substitutions-v1.3,Q2N0S5_9HIV1_Haddox_2018,Q2N0S5_9HIV1_Haddox_2018,Q2N0S5_9HIV1,Q2N0S5_9HIV1,cssf_1bf288bd319a,esm2_150m,-0.168745556693559,860,0.7790697674418605,670,75014,36862.0,0.976,0.0,0.2414,0.0,1.3935682480411182,1.1193045444209275,0.0,0.372009847508412,0.627990152491588,Virus,OrganismalFitness,masked-protein-language-model,sequence,known-development-benchmark,available,,elastic_net,3,0.03610839378474595,0.03610839378474595,0.06817949247139116,-0.08368578815012075,False,,False,0.20485395047830496,0.20485395047830496,False
variantshift-development-v1,proteingym-v1.3,proteingym-substitutions-v1.3,Q2N0S5_9HIV1_Haddox_2018,Q2N0S5_9HIV1_Haddox_2018,Q2N0S5_9HIV1,Q2N0S5_9HIV1,cssf_1bf288bd319a,esm2_35m,-0.1683972189357654,860,0.7790697674418605,670,75014,36862.0,0.976,0.0,0.2414,0.0,1.046693037977202,1.4252768251369925,0.0,0.3827688663440796,0.6172311336559204,Virus,OrganismalFitness,masked-protein-language-model,sequence,known-development-benchmark,available,,elastic_net,3,0.06694868429580669,0.06694868429580669,0.06708658043121227,-0.05092520608166928,False,,False,0.2353459032315721,0.2353459032315721,False
variantshift-development-v1,proteingym-v1.3,proteingym-substitutions-v1.3,Q2N0S5_9HIV1_Haddox_2018,Q2N0S5_9HIV1_Haddox_2018,Q2N0S5_9HIV1,Q2N0S5_9HIV1,cssf_1bf288bd319a,esm2_650m,-0.0609142991594056,860,0.7790697674418605,670,75014,36862.0,0.976,0.0,0.2414,0.0,1.8092738412301963,0.9245790092517668,0.0,0.3584125669315631,0.6415874330684369,Virus,OrganismalFitness,masked-protein-language-model,sequence,known-development-benchmark,available,,elastic_net,3,0.038047543157730235,0.038047543157730235,0.0358275590720576,-0.024902956680050062,False,,False,0.09896184231713584,0.09896184231713584,False
variantshift-development-v1,proteingym-v1.3,proteingym-substitutions-v1.3,Q2N0S5_9HIV1_Haddox_2018,Q2N0S5_9HIV1_Haddox_2018,Q2N0S5_9HIV1,Q2N0S5_9HIV1,cssf_1bf288bd319a,esm2_8m,-0.1311250900263698,860,0.7790697674418605,670,75014,36862.0,0.976,0.0,0.2414,0.0,1.045204784417729,1.447986814258296,0.0,0.3819514991586779,0.6180485008413221,Virus,OrganismalFitness,masked-protein-language-model,sequence,known-development-benchmark,available,,elastic_net,3,0.07232154824468268,0.07232154824468268,0.07314180417648913,-0.056191620143001414,False,,False,0.20344663827105247,0.20344663827105247,False
variantshift-development-v1,proteingym-v1.3,proteingym-substitutions-v1.3,Q2N0S5_9HIV1_Haddox_2018,Q2N0S5_9HIV1_Haddox_2018,Q2N0S5_9HIV1,Q2N0S5_9HIV1,cssf_1bf288bd319a,vespag,0.4900438315288908,860,0.7790697674418605,670,75014,36862.0,0.976,0.0,0.2414,0.0,0.0503159000542608,2.639670530466072,0.0,0.3451207605602175,0.6548792394397824,Virus,OrganismalFitness,distilled-evolutionary-variant-effect-model,sequence,known-development-benchmark,available,,elastic_net,3,0.4089175504285498,0.4089175504285498,0.14280777219733623,0.15799840122104875,False,,False,-0.08112628110034098,-0.08112628110034098,True
variantshift-development-v1,proteingym-v1.3,proteingym-substitutions-v1.3,Q53Z42_HUMAN_McShan_2019_binding-TAPBPR,Q53Z42_HUMAN_McShan_2019_binding-TAPBPR,Q53Z42_HUMAN,Q53Z42_HUMAN,cssf_77b576379330,carp_640m,0.5528545596247519,365,0.4931506849315068,180,41636,4832.0,0.986,0.0,0.2511,1.0,3.4941118358950805,1.9927927425048888,0.0,0.2019495722793967,0.7980504277206033,Human,Binding,convolutional-protein-language-model,sequence,known-development-benchmark,available,,elastic_net,0,0.5976420019930423,0.5976420019930423,0.1687326645163402,0.14898155172230315,True,0.4614501285462199,True,0.04478744236829035,0.04478744236829035,True
variantshift-development-v1,proteingym-v1.3,proteingym-substitutions-v1.3,Q53Z42_HUMAN_McShan_2019_binding-TAPBPR,Q53Z42_HUMAN_McShan_2019_binding-TAPBPR,Q53Z42_HUMAN,Q53Z42_HUMAN,cssf_77b576379330,esm2_150m,0.4300831040421313,365,0.4931506849315068,180,41636,4832.0,0.986,0.0,0.2511,1.0,2.807260389770284,1.4675639115650203,0.0,0.2238600053536679,0.7761399946463321,Human,Binding,masked-protein-language-model,sequence,known-development-benchmark,available,,elastic_net,0,0.3374020838057713,0.3374020838057713,0.15331140194291198,-0.07025320229139098,False,,False,-0.09268102023635999,-0.09268102023635999,True
variantshift-development-v1,proteingym-v1.3,proteingym-substitutions-v1.3,Q53Z42_HUMAN_McShan_2019_binding-TAPBPR,Q53Z42_HUMAN_McShan_2019_binding-TAPBPR,Q53Z42_HUMAN,Q53Z42_HUMAN,cssf_77b576379330,esm2_35m,0.1649604430501543,365,0.4931506849315068,180,41636,4832.0,0.986,0.0,0.2511,1.0,0.9057048148483452,1.777775219479828,0.0,0.4023796361632862,0.5976203638367138,Human,Binding,masked-protein-language-model,sequence,known-development-benchmark,available,,elastic_net,0,0.1362282321057403,0.1362282321057403,0.16982759352635018,-0.3153436363189983,False,,False,-0.028732210944414,-0.028732210944414,True
variantshift-development-v1,proteingym-v1.3,proteingym-substitutions-v1.3,Q53Z42_HUMAN_McShan_2019_binding-TAPBPR,Q53Z42_HUMAN_McShan_2019_binding-TAPBPR,Q53Z42_HUMAN,Q53Z42_HUMAN,cssf_77b576379330,esm2_650m,0.4251392870388043,365,0.4931506849315068,180,41636,4832.0,0.986,0.0,0.2511,1.0,3.4222219317596045,1.6130490927959409,0.0,0.1598654413283504,0.8401345586716495,Human,Binding,masked-protein-language-model,sequence,known-development-benchmark,available,,elastic_net,0,0.4667383306711208,0.4667383306711208,0.2830432526333322,-0.28587417347307564,False,,False,0.04159904363231648,0.04159904363231648,True
variantshift-development-v1,proteingym-v1.3,proteingym-substitutions-v1.3,Q53Z42_HUMAN_McShan_2019_binding-TAPBPR,Q53Z42_HUMAN_McShan_2019_binding-TAPBPR,Q53Z42_HUMAN,Q53Z42_HUMAN,cssf_77b576379330,esm2_8m,0.1007606499306792,365,0.4931506849315068,180,41636,4832.0,0.986,0.0,0.2511,1.0,0.8229166498057641,1.7861931586470372,0.0,0.4187996152724031,0.5812003847275968,Human,Binding,masked-protein-language-model,sequence,known-development-benchmark,available,,elastic_net,0,0.12218684958585829,0.12218684958585829,0.17080388747383413,-0.3319809861539838,False,,False,0.0214261996551791,0.0214261996551791,True
variantshift-development-v1,proteingym-v1.3,proteingym-substitutions-v1.3,Q53Z42_HUMAN_McShan_2019_binding-TAPBPR,Q53Z42_HUMAN_McShan_2019_binding-TAPBPR,Q53Z42_HUMAN,Q53Z42_HUMAN,cssf_77b576379330,vespag,0.3628667446155413,365,0.4931506849315068,180,41636,4832.0,0.986,0.0,0.2511,1.0,0.072070799447201,2.62088981186937,0.0,0.2019495722793967,0.7980504277206033,Human,Binding,distilled-evolutionary-variant-effect-model,sequence,known-development-benchmark,available,,elastic_net,0,0.47229747495064445,0.47229747495064445,0.14071234929884874,0.09814309188534742,False,,False,0.10943073033510314,0.10943073033510314,True
variantshift-development-v1,proteingym-v1.3,proteingym-substitutions-v1.3,Q53Z42_HUMAN_McShan_2019_expression,Q53Z42_HUMAN_McShan_2019_expression,Q53Z42_HUMAN,Q53Z42_HUMAN,cssf_77b576379330,carp_640m,0.8088414263335055,365,0.4931506849315068,180,41636,4832.0,0.986,0.0,0.2511,1.0,3.4941118358950805,1.9927927425048888,0.0,0.2019495722793967,0.7980504277206033,Human,Expression,convolutional-protein-language-model,sequence,known-development-benchmark,available,,elastic_net,0,0.5976420019930423,0.5976420019930423,0.18163823669954626,0.11466561269937597,True,0.4614501285462199,True,-0.21119942434046324,-0.21119942434046324,True
variantshift-development-v1,proteingym-v1.3,proteingym-substitutions-v1.3,Q53Z42_HUMAN_McShan_2019_expression,Q53Z42_HUMAN_McShan_2019_expression,Q53Z42_HUMAN,Q53Z42_HUMAN,cssf_77b576379330,esm2_150m,0.6144943810128866,365,0.4931506849315068,180,41636,4832.0,0.986,0.0,0.2511,1.0,2.807260389770284,1.4675639115650203,0.0,0.2238600053536679,0.7761399946463321,Human,Expression,masked-protein-language-model,sequence,known-development-benchmark,available,,elastic_net,0,0.3374020838057713,0.3374020838057713,0.15692630205524527,-0.07986522801700935,False,,False,-0.27709229720711526,-0.27709229720711526,True
variantshift-development-v1,proteingym-v1.3,proteingym-substitutions-v1.3,Q53Z42_HUMAN_McShan_2019_expression,Q53Z42_HUMAN_McShan_2019_expression,Q53Z42_HUMAN,Q53Z42_HUMAN,cssf_77b576379330,esm2_35m,0.1123747218812819,365,0.4931506849315068,180,41636,4832.0,0.986,0.0,0.2511,1.0,0.9057047210088536,1.7777748705128251,0.0,0.4023794521217283,0.5976205478782717,Human,Expression,masked-protein-language-model,sequence,known-development-benchmark,available,,elastic_net,0,0.13622822071188073,0.13622822071188073,0.18110416339868451,-0.3453280667400405,False,,False,0.023853498830598827,0.023853498830598827,True
variantshift-development-v1,proteingym-v1.3,proteingym-substitutions-v1.3,Q53Z42_HUMAN_McShan_2019_expression,Q53Z42_HUMAN_McShan_2019_expression,Q53Z42_HUMAN,Q53Z42_HUMAN,cssf_77b576379330,esm2_650m,0.717967083719486,365,0.4931506849315068,180,41636,4832.0,0.986,0.0,0.2511,1.0,3.4222219317596045,1.6130490927959409,0.0,0.1598654413283504,0.8401345586716495,Human,Expression,masked-protein-language-model,sequence,known-development-benchmark,available,,elastic_net,0,0.4667383306711208,0.4667383306711208,0.294675234256211,-0.3168036329670101,False,,False,-0.2512287530483652,-0.2512287530483652,True
variantshift-development-v1,proteingym-v1.3,proteingym-substitutions-v1.3,Q53Z42_HUMAN_McShan_2019_expression,Q53Z42_HUMAN_McShan_2019_expression,Q53Z42_HUMAN,Q53Z42_HUMAN,cssf_77b576379330,esm2_8m,0.0006025873339238,365,0.4931506849315068,180,41636,4832.0,0.986,0.0,0.2511,1.0,0.8229166498057641,1.7861931586470372,0.0,0.4187996152724031,0.5812003847275968,Human,Expression,masked-protein-language-model,sequence,known-development-benchmark,available,,elastic_net,0,0.12218684958585829,0.12218684958585829,0.18208045734616846,-0.36196540518116643,False,,False,0.1215842622519345,0.1215842622519345,True
variantshift-development-v1,proteingym-v1.3,proteingym-substitutions-v1.3,Q53Z42_HUMAN_McShan_2019_expression,Q53Z42_HUMAN_McShan_2019_expression,Q53Z42_HUMAN,Q53Z42_HUMAN,cssf_77b576379330,vespag,0.8564441928292847,365,0.4931506849315068,180,41636,4832.0,0.986,0.0,0.2511,1.0,0.072070799447201,2.62088981186937,0.0,0.2019495722793967,0.7980504277206033,Human,Expression,distilled-evolutionary-variant-effect-model,sequence,known-development-benchmark,available,,elastic_net,0,0.47229747495064445,0.47229747495064445,0.15229703915335113,0.06733938128629763,False,,False,-0.3841467178786403,-0.3841467178786403,True
variantshift-development-v1,proteingym-v1.3,proteingym-substitutions-v1.3,Q59976_STRSQ_Romero_2015,Q59976_STRSQ_Romero_2015,Q59976_STRSQ,Q59976_STRSQ,cssf_9ddcf4dec5c1,carp_640m,0.6708880628795556,501,0.998003992015968,500,105913,14012.4,0.882,0.0,0.346,0.0,3.660075790819964,1.43096887259827,0.0,0.0913048507375824,0.9086951492624176,Prokaryote,Activity,convolutional-protein-language-model,sequence,known-development-benchmark,available,,elastic_net,4,0.5646028895886512,0.5646028895886512,0.2399261175866964,-0.14527131880455257,True,1.1202661009685275,False,-0.10628517329090437,-0.10628517329090437,True
variantshift-development-v1,proteingym-v1.3,proteingym-substitutions-v1.3,Q59976_STRSQ_Romero_2015,Q59976_STRSQ_Romero_2015,Q59976_STRSQ,Q59976_STRSQ,cssf_9ddcf4dec5c1,esm2_150m,0.5274427249842745,501,0.998003992015968,500,105913,14012.4,0.882,0.0,0.346,0.0,3.185804358119099,1.2708625341201012,0.0,0.061346338928631,0.9386536610713688,Prokaryote,Activity,masked-protein-language-model,sequence,known-development-benchmark,available,,elastic_net,4,0.46930370157331325,0.46930370157331325,0.2518675962328381,-0.27590199880683974,False,,False,-0.05813902341096122,-0.05813902341096122,True
variantshift-development-v1,proteingym-v1.3,proteingym-substitutions-v1.3,Q59976_STRSQ_Romero_2015,Q59976_STRSQ_Romero_2015,Q59976_STRSQ,Q59976_STRSQ,cssf_9ddcf4dec5c1,esm2_35m,0.3746635245494475,501,0.998003992015968,500,105913,14012.4,0.882,0.0,0.346,0.0,2.744744901409774,1.228273826592551,0.0,0.1048981755314925,0.8951018244685075,Prokaryote,Activity,masked-protein-language-model,sequence,known-development-benchmark,available,,elastic_net,4,0.38998294910418896,0.38998294910418896,0.23844542344599576,-0.31551029988544965,False,,False,0.015319424554741445,0.015319424554741445,True
variantshift-development-v1,proteingym-v1.3,proteingym-substitutions-v1.3,Q59976_STRSQ_Romero_2015,Q59976_STRSQ_Romero_2015,Q59976_STRSQ,Q59976_STRSQ,cssf_9ddcf4dec5c1,esm2_650m,0.5918278674312809,501,0.998003992015968,500,105913,14012.4,0.882,0.0,0.346,0.0,3.665535860875929,1.297787403323839,0.0,0.0849450480791673,0.9150549519208326,Prokaryote,Activity,masked-protein-language-model,sequence,known-development-benchmark,available,,elastic_net,4,0.49971615831334193,0.49971615831334193,0.22807705965956002,-0.17510000512486967,False,,False,-0.09211170911793898,-0.09211170911793898,True
variantshift-development-v1,proteingym-v1.3,proteingym-substitutions-v1.3,Q59976_STRSQ_Romero_2015,Q59976_STRSQ_Romero_2015,Q59976_STRSQ,Q59976_STRSQ,cssf_9ddcf4dec5c1,esm2_8m,0.0870324857245867,501,0.998003992015968,500,105913,14012.4,0.882,0.0,0.346,0.0,1.6936467999843472,1.1909466600023004,0.0,0.2701217531449911,0.7298782468550089,Prokaryote,Activity,masked-protein-language-model,sequence,known-development-benchmark,available,,elastic_net,4,0.1724873956630465,0.1724873956630465,0.1651257982440322,-0.3160736100866579,False,,False,0.08545490993845979,0.08545490993845979,True
variantshift-development-v1,proteingym-v1.3,proteingym-substitutions-v1.3,Q59976_STRSQ_Romero_2015,Q59976_STRSQ_Romero_2015,Q59976_STRSQ,Q59976_STRSQ,cssf_9ddcf4dec5c1,vespag,0.7293540784145961,501,0.998003992015968,500,105913,14012.4,0.882,0.0,0.346,0.0,0.1367904967856523,2.149198048062687,0.0,0.1120027928602398,0.8879972071397602,Prokaryote,Activity,distilled-evolutionary-variant-effect-model,sequence,known-development-benchmark,available,,elastic_net,4,0.4536392914284241,0.4536392914284241,0.24884451445339795,-0.28262195635659804,False,,False,-0.275714786986172,-0.275714786986172,True
variantshift-development-v1,proteingym-v1.3,proteingym-substitutions-v1.3,Q6WV12_9MAXI_Somermeyer_2022,Q6WV12_9MAXI_Somermeyer_2022,Q6WV12_9MAXI,Q6WV12_9MAXI,cssf_cba7b508de0e,carp_640m,-0.1376207043138099,222,0.990990990990991,220,506,98.2,1.0,0.0,0.2877,1.0,0.515870187425275,1.5150887460308324,0.0,0.054462341983169,0.945537658016831,Eukaryote,Activity,convolutional-protein-language-model,sequence,known-development-benchmark,available,,elastic_net,1,0.3489116527655015,0.3489116527655015,0.36285795542976157,-0.3709698094746344,False,,False,0.4865323570793114,0.4865323570793114,True
variantshift-development-v1,proteingym-v1.3,proteingym-substitutions-v1.3,Q6WV12_9MAXI_Somermeyer_2022,Q6WV12_9MAXI_Somermeyer_2022,Q6WV12_9MAXI,Q6WV12_9MAXI,cssf_cba7b508de0e,esm2_150m,-0.2044168546209401,222,0.990990990990991,220,506,98.2,1.0,0.0,0.2877,1.0,1.295083717698534,1.5375177192943608,0.0,0.0483832989241469,0.951616701075853,Eukaryote,Activity,masked-protein-language-model,sequence,known-development-benchmark,available,,elastic_net,1,0.36121724820592,0.36121724820592,0.33814196390436174,-0.3096296431952042,True,-1.5970480428756957,False,0.5656341028268601,0.5656341028268601,True
variantshift-development-v1,proteingym-v1.3,proteingym-substitutions-v1.3,Q6WV12_9MAXI_Somermeyer_2022,Q6WV12_9MAXI_Somermeyer_2022,Q6WV12_9MAXI,Q6WV12_9MAXI,cssf_cba7b508de0e,esm2_35m,0.0071669059683128,222,0.990990990990991,220,506,98.2,1.0,0.0,0.2877,1.0,1.3472246260035032,1.5275644902269303,0.0,0.0658294459595646,0.9341705540404354,Eukaryote,Activity,masked-protein-language-model,sequence,known-development-benchmark,available,,elastic_net,1,0.3492149440803248,0.3492149440803248,0.3407773301708665,-0.3268603053961317,False,,False,0.34204803811201195,0.34204803811201195,True
variantshift-development-v1,proteingym-v1.3,proteingym-substitutions-v1.3,Q6WV12_9MAXI_Somermeyer_2022,Q6WV12_9MAXI_Somermeyer_2022,Q6WV12_9MAXI,Q6WV12_9MAXI,cssf_cba7b508de0e,esm2_650m,-0.1365429571740386,222,0.990990990990991,220,506,98.2,1.0,0.0,0.2877,1.0,1.4151665045603363,1.5294977455537209,0.0,0.0658294459595646,0.9341705540404354,Eukaryote,Activity,masked-protein-language-model,sequence,known-development-benchmark,available,,elastic_net,1,0.35435626884531235,0.35435626884531235,0.3408324295485588,-0.32182829343519903,False,,False,0.490899226019351,0.490899226019351,True
variantshift-development-v1,proteingym-v1.3,proteingym-substitutions-v1.3,Q6WV12_9MAXI_Somermeyer_2022,Q6WV12_9MAXI_Somermeyer_2022,Q6WV12_9MAXI,Q6WV12_9MAXI,cssf_cba7b508de0e,esm2_8m,-0.1543596944539164,222,0.990990990990991,220,506,98.2,1.0,0.0,0.2877,1.0,1.2620009422951783,1.4693279755951256,0.0,0.0463086813033998,0.9536913186966002,Eukaryote,Activity,masked-protein-language-model,sequence,known-development-benchmark,available,,elastic_net,1,0.34535062645684955,0.34535062645684955,0.36976299960564174,-0.38822989687257137,False,,False,0.49971032091076595,0.49971032091076595,True
variantshift-development-v1,proteingym-v1.3,proteingym-substitutions-v1.3,Q6WV12_9MAXI_Somermeyer_2022,Q6WV12_9MAXI_Somermeyer_2022,Q6WV12_9MAXI,Q6WV12_9MAXI,cssf_cba7b508de0e,vespag,0.3905376528290055,222,0.990990990990991,220,506,98.2,1.0,0.0,0.2877,1.0,0.0199802201012755,2.450520045260355,0.0,0.4153928871130317,0.5846071128869683,Eukaryote,Activity,distilled-evolutionary-variant-effect-model,sequence,known-development-benchmark,available,,elastic_net,1,0.27271373902182194,0.27271373902182194,0.13375905316721595,0.007346364981953346,False,,False,-0.11782391380718354,-0.11782391380718354,True
variantshift-development-v1,proteingym-v1.3,proteingym-substitutions-v1.3,Q837P4_ENTFA_Meier_2023,Q837P4_ENTFA_Meier_2023,Q837P4_ENTFA,Q837P4_ENTFA,cssf_cdfaa4cd70ca,carp_640m,0.5942653616582912,589,0.064516129032258,38,343933,53483.3,0.975,0.0,0.274,1.0,4.623087967770261,0.8663268207596779,0.0,0.0824990002604071,0.9175009997395928,Prokaryote,Activity,convolutional-protein-language-model,sequence,known-development-benchmark,available,,elastic_net,1,0.49289208450761335,0.49289208450761335,0.1448632493419414,0.20549486418865437,True,1.702875477182265,True,-0.1013732771506779,-0.1013732771506779,True
variantshift-development-v1,proteingym-v1.3,proteingym-substitutions-v1.3,Q837P4_ENTFA_Meier_2023,Q837P4_ENTFA_Meier_2023,Q837P4_ENTFA,Q837P4_ENTFA,cssf_cdfaa4cd70ca,esm2_150m,0.483961583049359,589,0.064516129032258,38,343933,53483.3,0.975,0.0,0.274,1.0,3.845925055353412,0.9529709340186208,0.0,0.0729681258493888,0.9270318741506112,Prokaryote,Activity,masked-protein-language-model,sequence,known-development-benchmark,available,,elastic_net,1,0.4142074618068583,0.4142074618068583,0.12643336986592518,0.16337366358619798,False,,False,-0.06975412124250069,-0.06975412124250069,True
variantshift-development-v1,proteingym-v1.3,proteingym-substitutions-v1.3,Q837P4_ENTFA_Meier_2023,Q837P4_ENTFA_Meier_2023,Q837P4_ENTFA,Q837P4_ENTFA,cssf_cdfaa4cd70ca,esm2_35m,0.4126189689116622,589,0.064516129032258,38,343933,53483.3,0.975,0.0,0.274,1.0,3.4378435511457175,0.8916467198163969,0.0,0.0655112592437815,0.9344887407562184,Prokaryote,Activity,masked-protein-language-model,sequence,known-development-benchmark,available,,elastic_net,1,0.37799934499230436,0.37799934499230436,0.12708818721564993,0.12586644098061417,False,,False,-0.034619623919357856,-0.034619623919357856,True
variantshift-development-v1,proteingym-v1.3,proteingym-substitutions-v1.3,Q837P4_ENTFA_Meier_2023,Q837P4_ENTFA_Meier_2023,Q837P4_ENTFA,Q837P4_ENTFA,cssf_cdfaa4cd70ca,esm2_650m,0.6458311014147049,589,0.064516129032258,38,343933,53483.3,0.975,0.0,0.274,1.0,4.220935156643083,1.04354085684642,0.0,0.0655112592437815,0.9344887407562184,Prokaryote,Activity,masked-protein-language-model,sequence,known-development-benchmark,available,,elastic_net,1,0.466085494161231,0.466085494161231,0.13137191365263184,0.20545401596880142,False,,False,-0.17974560725347388,-0.17974560725347388,True
variantshift-development-v1,proteingym-v1.3,proteingym-substitutions-v1.3,Q837P4_ENTFA_Meier_2023,Q837P4_ENTFA_Meier_2023,Q837P4_ENTFA,Q837P4_ENTFA,cssf_cdfaa4cd70ca,esm2_8m,0.3141029861639751,589,0.064516129032258,38,343933,53483.3,0.975,0.0,0.274,1.0,3.036197552240413,0.8126610766161854,0.0,0.091169570577646,0.908830429422354,Prokaryote,Activity,masked-protein-language-model,sequence,known-development-benchmark,available,,elastic_net,1,0.3128663211235081,0.3128663211235081,0.13618018246602398,0.04269561819469708,False,,False,-0.0012366650404669888,-0.0012366650404669888,True
variantshift-development-v1,proteingym-v1.3,proteingym-substitutions-v1.3,Q837P4_ENTFA_Meier_2023,Q837P4_ENTFA_Meier_2023,Q837P4_ENTFA,Q837P4_ENTFA,cssf_cdfaa4cd70ca,vespag,0.4512091053361729,589,0.064516129032258,38,343933,53483.3,0.975,0.0,0.274,1.0,0.089333511273207,2.336791241963036,0.0,0.1561610609189778,0.8438389390810221,Prokaryote,Activity,distilled-evolutionary-variant-effect-model,sequence,known-development-benchmark,available,,elastic_net,1,0.4764074797989658,0.4764074797989658,0.2032936554486245,0.07308895871220233,False,,False,0.025198374462792883,0.025198374462792883,True
variantshift-development-v1,proteingym-v1.3,proteingym-substitutions-v1.3,Q837P5_ENTFA_Meier_2023,Q837P5_ENTFA_Meier_2023,Q837P5_ENTFA,Q837P5_ENTFA,cssf_cdfaa4cd70ca,carp_640m,0.4923858093942728,571,0.0718038528896672,41,346355,54258.0,0.993,0.0,0.2585,1.0,3.8956634257565783,1.3524813129444482,0.0,0.1080617721131835,0.8919382278868164,Prokaryote,Activity,convolutional-protein-language-model,sequence,known-development-benchmark,available,,elastic_net,1,0.5233435079698776,0.5233435079698776,0.18451754030984918,0.1572753131307003,True,1.7027634044382063,True,0.03095769857560482,0.03095769857560482,True
variantshift-development-v1,proteingym-v1.3,proteingym-substitutions-v1.3,Q837P5_ENTFA_Meier_2023,Q837P5_ENTFA_Meier_2023,Q837P5_ENTFA,Q837P5_ENTFA,cssf_cdfaa4cd70ca,esm2_150m,0.245189722297596,571,0.0718038528896672,41,346355,54258.0,0.993,0.0,0.2585,1.0,3.238310047464133,1.2704779031815916,0.0,0.0772703003955723,0.9227296996044276,Prokaryote,Activity,masked-protein-language-model,sequence,known-development-benchmark,available,,elastic_net,1,0.4317918596367305,0.4317918596367305,0.16259372102866138,0.10921878691314096,False,,False,0.1866021373391345,0.1866021373391345,True
variantshift-development-v1,proteingym-v1.3,proteingym-substitutions-v1.3,Q837P5_ENTFA_Meier_2023,Q837P5_ENTFA_Meier_2023,Q837P5_ENTFA,Q837P5_ENTFA,cssf_cdfaa4cd70ca,esm2_35m,0.2497487170090681,571,0.0718038528896672,41,346355,54258.0,0.993,0.0,0.2585,1.0,3.116482607810855,1.0138225588411394,0.0,0.1072520213756345,0.8927479786243655,Prokaryote,Activity,masked-protein-language-model,sequence,known-development-benchmark,available,,elastic_net,1,0.34322409267243126,0.34322409267243126,0.1171625812697524,0.11078280521490869,False,,False,0.09347537566336317,0.09347537566336317,True
variantshift-development-v1,proteingym-v1.3,proteingym-substitutions-v1.3,Q837P5_ENTFA_Meier_2023,Q837P5_ENTFA_Meier_2023,Q837P5_ENTFA,Q837P5_ENTFA,cssf_cdfaa4cd70ca,esm2_650m,0.3732771174693408,571,0.0718038528896672,41,346355,54258.0,0.993,0.0,0.2585,1.0,3.820187784297696,1.4089893742722277,0.0,0.1072520213756345,0.8927479786243655,Prokaryote,Activity,masked-protein-language-model,sequence,known-development-benchmark,available,,elastic_net,1,0.47991309481814787,0.47991309481814787,0.17229240511251467,0.13809860055311735,False,,False,0.10663597734880709,0.10663597734880709,True
variantshift-development-v1,proteingym-v1.3,proteingym-substitutions-v1.3,Q837P5_ENTFA_Meier_2023,Q837P5_ENTFA_Meier_2023,Q837P5_ENTFA,Q837P5_ENTFA,cssf_cdfaa4cd70ca,esm2_8m,-0.0275641977011434,571,0.0718038528896672,41,346355,54258.0,0.993,0.0,0.2585,1.0,2.9973847731222247,0.8773924939807398,0.0,0.176955330317557,0.8230446696824429,Prokaryote,Activity,masked-protein-language-model,sequence,known-development-benchmark,available,,elastic_net,1,0.2510668606158019,0.2510668606158019,0.11785790815650812,0.017246099652235503,False,,False,0.2786310583169453,0.2786310583169453,False
variantshift-development-v1,proteingym-v1.3,proteingym-substitutions-v1.3,Q837P5_ENTFA_Meier_2023,Q837P5_ENTFA_Meier_2023,Q837P5_ENTFA,Q837P5_ENTFA,cssf_cdfaa4cd70ca,vespag,0.5680584320025812,571,0.0718038528896672,41,346355,54258.0,0.993,0.0,0.2585,1.0,0.0767078623185962,2.5264899507893475,0.0,0.1620314608493471,0.8379685391506528,Prokaryote,Activity,distilled-evolutionary-variant-effect-model,sequence,known-development-benchmark,available,,elastic_net,1,0.5056190776772913,0.5056190776772913,0.19781728265302131,0.11316524674511375,False,,False,-0.06243935432528991,-0.06243935432528991,True
variantshift-development-v1,proteingym-v1.3,proteingym-substitutions-v1.3,Q8WTC7_9CNID_Somermeyer_2022,Q8WTC7_9CNID_Somermeyer_2022,Q8WTC7_9CNID,Q8WTC7_9CNID,cssf_cba7b508de0e,carp_640m,-0.075814635221428,238,0.9831932773109244,234,655,121.9,1.0,0.0,0.3048,1.0,0.4514742006780239,1.6045769316648215,0.0,0.0578143971350536,0.9421856028649463,Eukaryote,Activity,convolutional-protein-language-model,sequence,known-development-benchmark,available,,elastic_net,1,0.3617880877977715,0.3617880877977715,0.3536541967327078,-0.33983384569345454,False,,False,0.4376027230191995,0.4376027230191995,True
variantshift-development-v1,proteingym-v1.3,proteingym-substitutions-v1.3,Q8WTC7_9CNID_Somermeyer_2022,Q8WTC7_9CNID_Somermeyer_2022,Q8WTC7_9CNID,Q8WTC7_9CNID,cssf_cba7b508de0e,esm2_150m,-0.0831836525946006,238,0.9831932773109244,234,655,121.9,1.0,0.0,0.3048,1.0,1.2500666182889564,1.6214836786352975,0.0,0.0595664381204459,0.940433561879554,Eukaryote,Activity,masked-protein-language-model,sequence,known-development-benchmark,available,,elastic_net,1,0.3681924919951417,0.3681924919951417,0.3250872342813925,-0.27675484915634807,False,,False,0.4513761445897423,0.4513761445897423,True
variantshift-development-v1,proteingym-v1.3,proteingym-substitutions-v1.3,Q8WTC7_9CNID_Somermeyer_2022,Q8WTC7_9CNID_Somermeyer_2022,Q8WTC7_9CNID,Q8WTC7_9CNID,cssf_cba7b508de0e,esm2_35m,-0.0762014967732842,238,0.9831932773109244,234,655,121.9,1.0,0.0,0.3048,1.0,1.2714217399430066,1.6792620643535263,0.0,0.0527693331898084,0.9472306668101916,Eukaryote,Activity,masked-protein-language-model,sequence,known-development-benchmark,available,,elastic_net,1,0.38774652236881657,0.38774652236881657,0.3289688598103064,-0.2649016565893395,False,,False,0.46394801914210076,0.46394801914210076,True
variantshift-development-v1,proteingym-v1.3,proteingym-substitutions-v1.3,Q8WTC7_9CNID_Somermeyer_2022,Q8WTC7_9CNID_Somermeyer_2022,Q8WTC7_9CNID,Q8WTC7_9CNID,cssf_cba7b508de0e,esm2_650m,-0.1513021410884673,238,0.9831932773109244,234,655,121.9,1.0,0.0,0.3048,1.0,1.227673486982053,1.6828856321635588,0.0,0.0455470301858538,0.9544529698141462,Eukaryote,Activity,masked-protein-language-model,sequence,known-development-benchmark,available,,elastic_net,1,0.3910678232326579,0.3910678232326579,0.35450292147499596,-0.31223791296807224,True,-1.4617715300968692,False,0.5423699643211252,0.5423699643211252,True
variantshift-development-v1,proteingym-v1.3,proteingym-substitutions-v1.3,Q8WTC7_9CNID_Somermeyer_2022,Q8WTC7_9CNID_Somermeyer_2022,Q8WTC7_9CNID,Q8WTC7_9CNID,cssf_cba7b508de0e,esm2_8m,-0.2020332495398852,238,0.9831932773109244,234,655,121.9,1.0,0.0,0.3048,1.0,1.198836091250765,1.7067896294874842,0.0,0.0595664381204459,0.940433561879554,Eukaryote,Activity,masked-protein-language-model,sequence,known-development-benchmark,available,,elastic_net,1,0.38361341042109587,0.38361341042109587,0.3145999380962885,-0.24052796520116504,False,,False,0.5856466599609811,0.5856466599609811,True
variantshift-development-v1,proteingym-v1.3,proteingym-substitutions-v1.3,Q8WTC7_9CNID_Somermeyer_2022,Q8WTC7_9CNID_Somermeyer_2022,Q8WTC7_9CNID,Q8WTC7_9CNID,cssf_cba7b508de0e,vespag,0.4177895036476446,238,0.9831932773109244,234,655,121.9,1.0,0.0,0.3048,1.0,0.0159493248210801,2.25651121002502,0.0,0.4487162305579965,0.5512837694420035,Eukaryote,Activity,distilled-evolutionary-variant-effect-model,sequence,known-development-benchmark,available,,elastic_net,1,0.20369429144952195,0.20369429144952195,0.13340103955708096,-0.06096281192572639,False,,False,-0.21409521219812266,-0.21409521219812266,True
variantshift-development-v1,proteingym-v1.3,proteingym-substitutions-v1.3,R1AB_SARS2_Flynn_2022,R1AB_SARS2_Flynn_2022,R1AB_SARS2,R1AB_SARS2,cssf_9fc1ecf8307b,carp_640m,0.0308007260127215,306,0.9901960784313726,303,182169,348.0,1.0,0.0,0.2812,0.9788732394366196,1.2770676265897811,1.2548886679076092,0.0,0.1369641870765534,0.8630358129234466,Virus,OrganismalFitness,convolutional-protein-language-model,sequence,known-development-benchmark,available,,elastic_net,3,0.2055902106820937,0.2055902106820937,0.20356164601078627,-0.15207600203442773,False,,False,0.17478948466937222,0.17478948466937222,True
variantshift-development-v1,proteingym-v1.3,proteingym-substitutions-v1.3,R1AB_SARS2_Flynn_2022,R1AB_SARS2_Flynn_2022,R1AB_SARS2,R1AB_SARS2,cssf_9fc1ecf8307b,esm2_150m,-0.0353555230448813,306,0.9901960784313726,303,182169,348.0,1.0,0.0,0.2812,0.9788732394366196,1.3380884243242843,1.202788754798651,0.0,0.146959584652332,0.853040415347668,Virus,OrganismalFitness,masked-protein-language-model,sequence,known-development-benchmark,available,,elastic_net,3,0.1376886386196688,0.1376886386196688,0.16916149840865718,-0.15953509511880937,False,,False,0.17304416166455008,0.17304416166455008,True
variantshift-development-v1,proteingym-v1.3,proteingym-substitutions-v1.3,R1AB_SARS2_Flynn_2022,R1AB_SARS2_Flynn_2022,R1AB_SARS2,R1AB_SARS2,cssf_9fc1ecf8307b,esm2_35m,-0.084712997835495,306,0.9901960784313726,303,182169,348.0,1.0,0.0,0.2812,0.9788732394366196,0.8024067735288916,1.80431136424742,0.0,0.1977323998177569,0.8022676001822431,Virus,OrganismalFitness,masked-protein-language-model,sequence,known-development-benchmark,available,,elastic_net,3,0.19660602140787578,0.19660602140787578,0.22236007992745851,-0.19408981548264995,False,,False,0.28131901924337077,0.28131901924337077,True
variantshift-development-v1,proteingym-v1.3,proteingym-substitutions-v1.3,R1AB_SARS2_Flynn_2022,R1AB_SARS2_Flynn_2022,R1AB_SARS2,R1AB_SARS2,cssf_9fc1ecf8307b,esm2_650m,-0.0498132720091674,306,0.9901960784313726,303,182169,348.0,1.0,0.0,0.2812,0.9788732394366196,1.713861848908334,1.0302440052217576,0.0,0.1977323998177569,0.8022676001822431,Virus,OrganismalFitness,masked-protein-language-model,sequence,known-development-benchmark,available,,elastic_net,3,0.10768928416613471,0.10768928416613471,0.12082762794857757,-0.10460984450960187,False,,False,0.15750255617530212,0.15750255617530212,True
variantshift-development-v1,proteingym-v1.3,proteingym-substitutions-v1.3,R1AB_SARS2_Flynn_2022,R1AB_SARS2_Flynn_2022,R1AB_SARS2,R1AB_SARS2,cssf_9fc1ecf8307b,esm2_8m,-0.0961340205651294,306,0.9901960784313726,303,182169,348.0,1.0,0.0,0.2812,0.9788732394366196,0.782529385121824,1.7832560192845677,0.0,0.1972105974481025,0.8027894025518975,Virus,OrganismalFitness,masked-protein-language-model,sequence,known-development-benchmark,available,,elastic_net,3,0.19031278140114807,0.19031278140114807,0.21410697787888125,-0.18588201459721868,False,,False,0.2864468019662775,0.2864468019662775,True
variantshift-development-v1,proteingym-v1.3,proteingym-substitutions-v1.3,R1AB_SARS2_Flynn_2022,R1AB_SARS2_Flynn_2022,R1AB_SARS2,R1AB_SARS2,cssf_9fc1ecf8307b,vespag,0.608990718555994,306,0.9901960784313726,303,182169,348.0,1.0,0.0,0.2812,0.9788732394366196,0.0713291611304727,2.6818667325846155,0.0,0.3322780176231538,0.6677219823768462,Virus,OrganismalFitness,distilled-evolutionary-variant-effect-model,sequence,known-development-benchmark,available,,elastic_net,3,0.39887520246875796,0.39887520246875796,0.2475434441037187,-0.03606884455810466,True,-0.96260088664518,False,-0.210115516087236,-0.210115516087236,True
variantshift-development-v1,proteingym-v1.3,proteingym-substitutions-v1.3,RAD_ANTMA_Tsuboyama_2023_2CJJ,RAD_ANTMA_Tsuboyama_2023_2CJJ,RAD_ANTMA,RAD_ANTMA,cssf_0eef6f01f081,carp_640m,0.5641255063954158,54,1.0,54,423275,42001.7,0.833,0.0,0.6727,1.0,3.1238414153996725,1.8149143747133252,0.0,0.3702195269452222,0.6297804730547778,Eukaryote,Stability,convolutional-protein-language-model,sequence,known-development-benchmark,available,,elastic_net,3,0.5536658191452108,0.5536658191452108,0.1569095489823854,0.27796926616777246,False,,False,-0.010459687250204963,-0.010459687250204963,True
variantshift-development-v1,proteingym-v1.3,proteingym-substitutions-v1.3,RAD_ANTMA_Tsuboyama_2023_2CJJ,RAD_ANTMA_Tsuboyama_2023_2CJJ,RAD_ANTMA,RAD_ANTMA,cssf_0eef6f01f081,esm2_150m,0.7978348316476033,54,1.0,54,423275,42001.7,0.833,0.0,0.6727,1.0,3.578817125982426,0.900878560452839,0.0,0.1269646124242451,0.8730353875757548,Eukaryote,Stability,masked-protein-language-model,sequence,known-development-benchmark,available,,elastic_net,3,0.45978790305793665,0.45978790305793665,0.18487641041009067,0.13495242040272837,False,,False,-0.3380469285896666,-0.3380469285896666,True
variantshift-development-v1,proteingym-v1.3,proteingym-substitutions-v1.3,RAD_ANTMA_Tsuboyama_2023_2CJJ,RAD_ANTMA_Tsuboyama_2023_2CJJ,RAD_ANTMA,RAD_ANTMA,cssf_0eef6f01f081,esm2_35m,0.7795488031572393,54,1.0,54,423275,42001.7,0.833,0.0,0.6727,1.0,3.692792612545339,0.7232688968295675,0.0,0.162405364644224,0.8375946353557759,Eukaryote,Stability,masked-protein-language-model,sequence,known-development-benchmark,available,,elastic_net,3,0.4122767841095331,0.4122767841095331,0.19341814274009547,0.07243312524637058,False,,False,-0.3672720190477062,-0.3672720190477062,True
variantshift-development-v1,proteingym-v1.3,proteingym-substitutions-v1.3,RAD_ANTMA_Tsuboyama_2023_2CJJ,RAD_ANTMA_Tsuboyama_2023_2CJJ,RAD_ANTMA,RAD_ANTMA,cssf_0eef6f01f081,esm2_650m,0.6517714293864934,54,1.0,54,423275,42001.7,0.833,0.0,0.6727,1.0,3.696478682627872,1.0128141768372083,0.0,0.1495385055998763,0.8504614944001236,Eukaryote,Stability,masked-protein-language-model,sequence,known-development-benchmark,available,,elastic_net,3,0.48414284439703603,0.48414284439703603,0.19466148208384135,0.1421145869962125,False,,False,-0.16762858498945732,-0.16762858498945732,True
variantshift-development-v1,proteingym-v1.3,proteingym-substitutions-v1.3,RAD_ANTMA_Tsuboyama_2023_2CJJ,RAD_ANTMA_Tsuboyama_2023_2CJJ,RAD_ANTMA,RAD_ANTMA,cssf_0eef6f01f081,esm2_8m,0.5719924355277929,54,1.0,54,423275,42001.7,0.833,0.0,0.6727,1.0,1.538994283913188,1.5605805254638836,0.0,0.2375856136482441,0.7624143863517558,Eukaryote,Stability,masked-protein-language-model,sequence,known-development-benchmark,available,,elastic_net,3,0.3613393854130023,0.3613393854130023,0.14135339860189775,0.11297563063244465,False,,False,-0.21065305011479057,-0.21065305011479057,True
variantshift-development-v1,proteingym-v1.3,proteingym-substitutions-v1.3,RAD_ANTMA_Tsuboyama_2023_2CJJ,RAD_ANTMA_Tsuboyama_2023_2CJJ,RAD_ANTMA,RAD_ANTMA,cssf_0eef6f01f081,vespag,0.430319125890919,54,1.0,54,423275,42001.7,0.833,0.0,0.6727,1.0,0.0741827638656932,2.5726213637053417,0.0,0.2067042058854591,0.7932957941145409,Eukaryote,Stability,distilled-evolutionary-variant-effect-model,sequence,known-development-benchmark,available,,elastic_net,3,0.6110163181730065,0.6110163181730065,0.18449908372208387,0.28684381408031734,True,0.5716086239915052,True,0.18069719228208753,0.18069719228208753,True
variantshift-development-v1,proteingym-v1.3,proteingym-substitutions-v1.3,RASH_HUMAN_Bandaru_2017,RASH_HUMAN_Bandaru_2017,RASH_HUMAN,RASH_HUMAN,cssf_550503ae0437,carp_640m,0.5487112166856141,189,0.873015873015873,165,204751,23770.5,0.862,0.0,0.4403,1.0,3.314911335264215,1.8487303552793015,0.0,0.1925605051605898,0.8074394948394101,Human,Activity,convolutional-protein-language-model,sequence,known-development-benchmark,available,,elastic_net,4,0.6056564751126147,0.6056564751126147,0.18554988637779482,0.05666631082885121,False,,False,0.0569452584270006,0.0569452584270006,True
variantshift-development-v1,proteingym-v1.3,proteingym-substitutions-v1.3,RASH_HUMAN_Bandaru_2017,RASH_HUMAN_Bandaru_2017,RASH_HUMAN,RASH_HUMAN,cssf_550503ae0437,esm2_150m,0.647874026414687,189,0.873015873015873,165,204751,23770.5,0.862,0.0,0.4403,1.0,3.7436356121212504,1.6152401883380123,0.0,0.0988461316692372,0.9011538683307628,Human,Activity,masked-protein-language-model,sequence,known-development-benchmark,available,,elastic_net,4,0.6150020292792688,0.6150020292792688,0.1871072450381897,0.06140407674238768,False,,False,-0.03287199713541822,-0.03287199713541822,True
variantshift-development-v1,proteingym-v1.3,proteingym-substitutions-v1.3,RASH_HUMAN_Bandaru_2017,RASH_HUMAN_Bandaru_2017,RASH_HUMAN,RASH_HUMAN,cssf_550503ae0437,esm2_35m,0.6787946697481643,189,0.873015873015873,165,204751,23770.5,0.862,0.0,0.4403,1.0,3.113528056313533,1.3018001869434177,0.0,0.0851323001308514,0.9148676998691484,Human,Activity,masked-protein-language-model,sequence,known-development-benchmark,available,,elastic_net,4,0.49428500921755736,0.49428500921755736,0.19209726309642625,-0.07407700966853425,False,,False,-0.1845096605306069,-0.1845096605306069,True
variantshift-development-v1,proteingym-v1.3,proteingym-substitutions-v1.3,RASH_HUMAN_Bandaru_2017,RASH_HUMAN_Bandaru_2017,RASH_HUMAN,RASH_HUMAN,cssf_550503ae0437,esm2_650m,0.5946574085536022,189,0.873015873015873,165,204751,23770.5,0.862,0.0,0.4403,1.0,4.072965609513851,1.7325402166976644,0.0,0.0851323001308514,0.9148676998691484,Human,Activity,masked-protein-language-model,sequence,known-development-benchmark,available,,elastic_net,4,0.6816986419300609,0.6816986419300609,0.20454682359914297,0.07650185909412166,True,0.9933279274788089,True,0.08704123337645875,0.08704123337645875,True
variantshift-development-v1,proteingym-v1.3,proteingym-substitutions-v1.3,RASH_HUMAN_Bandaru_2017,RASH_HUMAN_Bandaru_2017,RASH_HUMAN,RASH_HUMAN,cssf_550503ae0437,esm2_8m,0.550102574435789,189,0.873015873015873,165,204751,23770.5,0.862,0.0,0.4403,1.0,2.7947857527472664,1.2549365271706727,0.0,0.1539323642093243,0.8460676357906757,Human,Activity,masked-protein-language-model,sequence,known-development-benchmark,available,,elastic_net,4,0.4061350047096838,0.4061350047096838,0.1829233519606007,-0.1350839796001052,False,,False,-0.14396756972610525,-0.14396756972610525,True
variantshift-development-v1,proteingym-v1.3,proteingym-substitutions-v1.3,RASH_HUMAN_Bandaru_2017,RASH_HUMAN_Bandaru_2017,RASH_HUMAN,RASH_HUMAN,cssf_550503ae0437,vespag,0.5607165474983316,189,0.873015873015873,165,204751,23770.5,0.862,0.0,0.4403,1.0,0.1102307790561488,2.654723649402583,0.0,0.081367663922662,0.918632336077338,Human,Activity,distilled-evolutionary-variant-effect-model,sequence,known-development-benchmark,available,,elastic_net,4,0.6383055449178405,0.6383055449178405,0.22760749667468644,-0.03512131311447897,False,,False,0.07758899741950898,0.07758899741950898,True
variantshift-development-v1,proteingym-v1.3,proteingym-substitutions-v1.3,RASK_HUMAN_Weng_2022_abundance,RASK_HUMAN_Weng_2022_abundance,RASK_HUMAN,RASK_HUMAN,cssf_550503ae0437,carp_640m,0.0365348126964893,188,0.9787234042553192,184,260539,27517.5,0.888,0.0,0.4313,1.0,2.374240430090147,1.8654671609629303,0.0,0.2512458000507792,0.7487541999492208,Human,Expression,convolutional-protein-language-model,sequence,known-development-benchmark,available,,elastic_net,4,0.4848954837620071,0.4848954837620071,0.2357424273700721,-0.21260035661290289,False,,False,0.4483606710655178,0.4483606710655178,True
variantshift-development-v1,proteingym-v1.3,proteingym-substitutions-v1.3,RASK_HUMAN_Weng_2022_abundance,RASK_HUMAN_Weng_2022_abundance,RASK_HUMAN,RASK_HUMAN,cssf_550503ae0437,esm2_150m,0.4020328221122814,188,0.9787234042553192,184,260539,27517.5,0.888,0.0,0.4313,1.0,5.152765553125157,1.7941957474982542,0.0,0.0932779674366797,0.9067220325633204,Human,Expression,masked-protein-language-model,sequence,known-development-benchmark,available,,elastic_net,4,0.780144879134482,0.780144879134482,0.2775695054056285,-0.04110557457118502,False,,False,0.37811205702220063,0.37811205702220063,True
variantshift-development-v1,proteingym-v1.3,proteingym-substitutions-v1.3,RASK_HUMAN_Weng_2022_abundance,RASK_HUMAN_Weng_2022_abundance,RASK_HUMAN,RASK_HUMAN,cssf_550503ae0437,esm2_35m,0.4614584383591403,188,0.9787234042553192,184,260539,27517.5,0.888,0.0,0.4313,1.0,4.175072606083118,1.5890352765400089,0.0,0.0963487302632384,0.9036512697367616,Human,Expression,masked-protein-language-model,sequence,known-development-benchmark,available,,elastic_net,4,0.6443976820092843,0.6443976820092843,0.2965933501386241,-0.23313900204206672,False,,False,0.18293924365014397,0.18293924365014397,True
variantshift-development-v1,proteingym-v1.3,proteingym-substitutions-v1.3,RASK_HUMAN_Weng_2022_abundance,RASK_HUMAN_Weng_2022_abundance,RASK_HUMAN,RASK_HUMAN,cssf_550503ae0437,esm2_650m,0.2926283627337649,188,0.9787234042553192,184,260539,27517.5,0.888,0.0,0.4313,1.0,6.053903012673583,1.9162853595799352,0.0,0.0963487302632384,0.9036512697367616,Human,Expression,masked-protein-language-model,sequence,known-development-benchmark,available,,elastic_net,4,0.8845492903823693,0.8845492903823693,0.26767690559852514,0.09256826981576316,True,1.1175195885798432,True,0.5919209276486044,0.5919209276486044,True
variantshift-development-v1,proteingym-v1.3,proteingym-substitutions-v1.3,RASK_HUMAN_Weng_2022_abundance,RASK_HUMAN_Weng_2022_abundance,RASK_HUMAN,RASK_HUMAN,cssf_550503ae0437,esm2_8m,0.5423895932580579,188,0.9787234042553192,184,260539,27517.5,0.888,0.0,0.4313,1.0,3.5683322436034635,1.4816054071701543,0.0,0.1550216459766897,0.8449783540233102,Human,Expression,masked-protein-language-model,sequence,known-development-benchmark,available,,elastic_net,4,0.5241708970098387,0.5241708970098387,0.30228527940439404,-0.37020661213554784,False,,False,-0.018218696248219257,-0.018218696248219257,True
variantshift-development-v1,proteingym-v1.3,proteingym-substitutions-v1.3,RASK_HUMAN_Weng_2022_abundance,RASK_HUMAN_Weng_2022_abundance,RASK_HUMAN,RASK_HUMAN,cssf_550503ae0437,vespag,0.324246012695245,188,0.9787234042553192,184,260539,27517.5,0.888,0.0,0.4313,1.0,0.0569250575427599,2.816877563681912,0.0,0.0867797870142614,0.9132202129857384,Human,Expression,distilled-evolutionary-variant-effect-model,sequence,known-development-benchmark,available,,elastic_net,4,0.6670767889541799,0.6670767889541799,0.21646786750624714,0.026608974802867835,False,,False,0.3428307762589349,0.3428307762589349,True
variantshift-development-v1,proteingym-v1.3,proteingym-substitutions-v1.3,RASK_HUMAN_Weng_2022_binding-DARPin_K55,RASK_HUMAN_Weng_2022_binding-DARPin_K55,RASK_HUMAN,RASK_HUMAN,cssf_550503ae0437,carp_640m,0.5905770593847456,188,0.9840425531914894,185,260539,27517.5,0.888,0.0,0.4313,1.0,2.3915636161730625,1.8660451337055393,0.0,0.251664283118107,0.7483357168818929,Human,Binding,convolutional-protein-language-model,sequence,known-development-benchmark,available,,elastic_net,4,0.48604972139376146,0.48604972139376146,0.22105804231627116,-0.16799913488179863,False,,False,-0.10452733799098413,-0.10452733799098413,True
variantshift-development-v1,proteingym-v1.3,proteingym-substitutions-v1.3,RASK_HUMAN_Weng_2022_binding-DARPin_K55,RASK_HUMAN_Weng_2022_binding-DARPin_K55,RASK_HUMAN,RASK_HUMAN,cssf_550503ae0437,esm2_150m,0.6330193368087654,188,0.9840425531914894,185,260539,27517.5,0.888,0.0,0.4313,1.0,5.14722898187616,1.778581558898387,0.0,0.0923107838285171,0.9076892161714828,Human,Binding,masked-protein-language-model,sequence,known-development-benchmark,available,,elastic_net,4,0.7763744801548402,0.7763744801548402,0.26985466984255235,-0.022049935088200967,False,,False,0.1433551433460748,0.1433551433460748,True
variantshift-development-v1,proteingym-v1.3,proteingym-substitutions-v1.3,RASK_HUMAN_Weng_2022_binding-DARPin_K55,RASK_HUMAN_Weng_2022_binding-DARPin_K55,RASK_HUMAN,RASK_HUMAN,cssf_550503ae0437,esm2_35m,0.6200746407949957,188,0.9840425531914894,185,260539,27517.5,0.888,0.0,0.4313,1.0,4.16734273260213,1.5837203801511133,0.0,0.0963071877308199,0.90369281226918,Human,Binding,masked-protein-language-model,sequence,known-development-benchmark,available,,elastic_net,4,0.6423051028383228,0.6423051028383228,0.27843482322568547,-0.18150558402870287,False,,False,0.022230462043327015,0.022230462043327015,True
variantshift-development-v1,proteingym-v1.3,proteingym-substitutions-v1.3,RASK_HUMAN_Weng_2022_binding-DARPin_K55,RASK_HUMAN_Weng_2022_binding-DARPin_K55,RASK_HUMAN,RASK_HUMAN,cssf_550503ae0437,esm2_650m,0.6461771563792379,188,0.9840425531914894,185,260539,27517.5,0.888,0.0,0.4313,1.0,6.057365546531708,1.8862521779184496,0.0,0.0963071877308199,0.90369281226918,Human,Binding,masked-protein-language-model,sequence,known-development-benchmark,available,,elastic_net,4,0.8773345201969984,0.8773345201969984,0.25499160496282386,0.12288575263217039,True,1.1157158960335005,True,0.23115736381776053,0.23115736381776053,True
variantshift-development-v1,proteingym-v1.3,proteingym-substitutions-v1.3,RASK_HUMAN_Weng_2022_binding-DARPin_K55,RASK_HUMAN_Weng_2022_binding-DARPin_K55,RASK_HUMAN,RASK_HUMAN,cssf_550503ae0437,esm2_8m,0.5690178957301505,188,0.9840425531914894,185,260539,27517.5,0.888,0.0,0.4313,1.0,3.560403090647523,1.465731290167383,0.0,0.1538306593424638,0.8461693406575361,Human,Binding,masked-protein-language-model,sequence,known-development-benchmark,available,,elastic_net,4,0.5202943437077893,0.5202943437077893,0.28182944519147973,-0.3135600791434675,False,,False,-0.04872355202236123,-0.04872355202236123,True
variantshift-development-v1,proteingym-v1.3,proteingym-substitutions-v1.3,RASK_HUMAN_Weng_2022_binding-DARPin_K55,RASK_HUMAN_Weng_2022_binding-DARPin_K55,RASK_HUMAN,RASK_HUMAN,cssf_550503ae0437,vespag,0.6656482112106865,188,0.9840425531914894,185,260539,27517.5,0.888,0.0,0.4313,1.0,0.0586160734865076,2.8328443373552843,0.0,0.0872803419855491,0.9127196580144508,Human,Binding,distilled-evolutionary-variant-effect-model,sequence,known-development-benchmark,available,,elastic_net,4,0.670624213407766,0.670624213407766,0.1904031868636351,0.1072744917938786,False,,False,0.004976002197079499,0.004976002197079499,True
variantshift-development-v1,proteingym-v1.3,proteingym-substitutions-v1.3,RBP1_HUMAN_Tsuboyama_2023_2KWH,RBP1_HUMAN_Tsuboyama_2023_2KWH,RBP1_HUMAN,RBP1_HUMAN,cssf_bc19e1d23319,carp_640m,0.7819444631162112,52,1.0,52,135922,50777.7,0.827,0.0,0.6414,0.9791666666666666,1.3307656505228986,2.0233160833180928,0.0,0.094136916770261,0.905863083229739,Human,Stability,convolutional-protein-language-model,sequence,known-development-benchmark,available,,elastic_net,4,0.5983719574196016,0.5983719574196016,0.12093482397006032,0.2405596721359997,False,,False,-0.18357250569660966,-0.18357250569660966,True
variantshift-development-v1,proteingym-v1.3,proteingym-substitutions-v1.3,RBP1_HUMAN_Tsuboyama_2023_2KWH,RBP1_HUMAN_Tsuboyama_2023_2KWH,RBP1_HUMAN,RBP1_HUMAN,cssf_bc19e1d23319,esm2_150m,0.7745649411931159,52,1.0,52,135922,50777.7,0.827,0.0,0.6414,0.9791666666666666,2.6207052198006227,1.3548618456765609,0.0,0.0614684810155166,0.9385315189844834,Human,Stability,masked-protein-language-model,sequence,known-development-benchmark,available,,elastic_net,4,0.5301072540929089,0.5301072540929089,0.1282501460443815,0.15065097890573342,False,,False,-0.244457687100207,-0.244457687100207,True
variantshift-development-v1,proteingym-v1.3,proteingym-substitutions-v1.3,RBP1_HUMAN_Tsuboyama_2023_2KWH,RBP1_HUMAN_Tsuboyama_2023_2KWH,RBP1_HUMAN,RBP1_HUMAN,cssf_bc19e1d23319,esm2_35m,0.7196734604852253,52,1.0,52,135922,50777.7,0.827,0.0,0.6414,0.9791666666666666,2.0035264518743694,1.5141891591572831,0.0,0.0627123778934459,0.937287622106554,Human,Stability,masked-protein-language-model,sequence,known-development-benchmark,available,,elastic_net,4,0.5158885427539567,0.5158885427539567,0.12354181209010758,0.15036290951714454,False,,False,-0.2037849177312686,-0.2037849177312686,True
variantshift-development-v1,proteingym-v1.3,proteingym-substitutions-v1.3,RBP1_HUMAN_Tsuboyama_2023_2KWH,RBP1_HUMAN_Tsuboyama_2023_2KWH,RBP1_HUMAN,RBP1_HUMAN,cssf_bc19e1d23319,esm2_650m,0.8199283678575564,52,1.0,52,135922,50777.7,0.827,0.0,0.6414,0.9791666666666666,2.6621998733458656,1.343967074297156,0.0,0.0744236889729874,0.9255763110270124,Human,Stability,masked-protein-language-model,sequence,known-development-benchmark,available,,elastic_net,4,0.5216305596376112,0.5216305596376112,0.12585299060622324,0.1492667962460436,False,,False,-0.2982978082199452,-0.2982978082199452,True
variantshift-development-v1,proteingym-v1.3,proteingym-substitutions-v1.3,RBP1_HUMAN_Tsuboyama_2023_2KWH,RBP1_HUMAN_Tsuboyama_2023_2KWH,RBP1_HUMAN,RBP1_HUMAN,cssf_bc19e1d23319,esm2_8m,0.7381312699620779,52,1.0,52,135922,50777.7,0.827,0.0,0.6414,0.9791666666666666,1.8873446468500827,1.582856029602142,0.0,0.0614684810155166,0.9385315189844834,Human,Stability,masked-protein-language-model,sequence,known-development-benchmark,available,,elastic_net,4,0.5237790841117479,0.5237790841117479,0.12033301692355225,0.16774737738725598,False,,False,-0.21435218585033,-0.21435218585033,True
variantshift-development-v1,proteingym-v1.3,proteingym-substitutions-v1.3,RBP1_HUMAN_Tsuboyama_2023_2KWH,RBP1_HUMAN_Tsuboyama_2023_2KWH,RBP1_HUMAN,RBP1_HUMAN,cssf_bc19e1d23319,vespag,0.4272596081956729,52,1.0,52,135922,50777.7,0.827,0.0,0.6414,0.9791666666666666,0.0585982726095731,2.773338036540954,0.0,0.1322343525755949,0.8677656474244051,Human,Stability,distilled-evolutionary-variant-effect-model,sequence,known-development-benchmark,available,,elastic_net,4,0.6740850144625942,0.6740850144625942,0.03706066507577464,0.5644328825987727,True,0.8195733419244133,True,0.2468254062669213,0.2468254062669213,False
variantshift-development-v1,proteingym-v1.3,proteingym-substitutions-v1.3,RCD1_ARATH_Tsuboyama_2023_5OAO,RCD1_ARATH_Tsuboyama_2023_5OAO,RCD1_ARATH,RCD1_ARATH,cssf_329d15de34fe,carp_640m,0.6873178952829969,57,1.0,57,6525,1608.9,0.93,0.0,0.4687,1.0,2.7885334462390996,1.6839961906923944,0.0,0.2022511161457687,0.7977488838542313,Eukaryote,Stability,convolutional-protein-language-model,sequence,known-development-benchmark,available,,elastic_net,3,0.4892822243022029,0.4892822243022029,0.22241226641880407,0.09849469359272695,False,,False,-0.198035670980794,-0.198035670980794,True
variantshift-development-v1,proteingym-v1.3,proteingym-substitutions-v1.3,RCD1_ARATH_Tsuboyama_2023_5OAO,RCD1_ARATH_Tsuboyama_2023_5OAO,RCD1_ARATH,RCD1_ARATH,cssf_329d15de34fe,esm2_150m,0.6725593319831437,57,1.0,57,6525,1608.9,0.93,0.0,0.4687,1.0,3.575466726505495,1.3668658763999022,0.0,0.1219569471542285,0.8780430528457714,Eukaryote,Stability,masked-protein-language-model,sequence,known-development-benchmark,available,,elastic_net,3,0.47590207799744816,0.47590207799744816,0.177108786278799,0.16471463149880222,False,,False,-0.1966572539856955,-0.1966572539856955,True
variantshift-development-v1,proteingym-v1.3,proteingym-substitutions-v1.3,RCD1_ARATH_Tsuboyama_2023_5OAO,RCD1_ARATH_Tsuboyama_2023_5OAO,RCD1_ARATH,RCD1_ARATH,cssf_329d15de34fe,esm2_35m,0.5753866686150269,57,1.0,57,6525,1608.9,0.93,0.0,0.4687,1.0,2.5144941459098984,0.7556673924352185,0.0,0.1551428135748556,0.8448571864251444,Eukaryote,Stability,masked-protein-language-model,sequence,known-development-benchmark,available,,elastic_net,3,0.22339329179937753,0.22339329179937753,0.2030156448415956,-0.13331357433024868,False,,False,-0.35199337681564935,-0.35199337681564935,True
variantshift-development-v1,proteingym-v1.3,proteingym-substitutions-v1.3,RCD1_ARATH_Tsuboyama_2023_5OAO,RCD1_ARATH_Tsuboyama_2023_5OAO,RCD1_ARATH,RCD1_ARATH,cssf_329d15de34fe,esm2_650m,0.701278761314281,57,1.0,57,6525,1608.9,0.93,0.0,0.4687,1.0,3.9216570997504494,1.4745679547817856,0.0,0.1291101756358998,0.8708898243641001,Eukaryote,Stability,masked-protein-language-model,sequence,known-development-benchmark,available,,elastic_net,3,0.5284623951140108,0.5284623951140108,0.16759045030862169,0.2339990577220301,False,,False,-0.1728163662002702,-0.1728163662002702,True
variantshift-development-v1,proteingym-v1.3,proteingym-substitutions-v1.3,RCD1_ARATH_Tsuboyama_2023_5OAO,RCD1_ARATH_Tsuboyama_2023_5OAO,RCD1_ARATH,RCD1_ARATH,cssf_329d15de34fe,esm2_8m,0.4850107132164214,57,1.0,57,6525,1608.9,0.93,0.0,0.4687,1.0,2.409611811528215,0.75781793918241,0.0,0.1676765555856183,0.8323234444143817,Eukaryote,Stability,masked-protein-language-model,sequence,known-development-benchmark,available,,elastic_net,3,0.20768037650546095,0.20768037650546095,0.19351791660546422,-0.13233858915666818,False,,False,-0.27733033671096047,-0.27733033671096047,True
variantshift-development-v1,proteingym-v1.3,proteingym-substitutions-v1.3,RCD1_ARATH_Tsuboyama_2023_5OAO,RCD1_ARATH_Tsuboyama_2023_5OAO,RCD1_ARATH,RCD1_ARATH,cssf_329d15de34fe,vespag,0.4753311283955234,57,1.0,57,6525,1608.9,0.93,0.0,0.4687,1.0,0.0653368553130896,2.8693199607009,0.0,0.1393033793747764,0.8606966206252236,Eukaryote,Stability,distilled-evolutionary-variant-effect-model,sequence,known-development-benchmark,available,,elastic_net,3,0.620868357349014,0.620868357349014,0.1284404436839715,0.39519319725701146,True,-0.9219539730558821,True,0.14553722895349064,0.14553722895349064,True
variantshift-development-v1,proteingym-v1.3,proteingym-substitutions-v1.3,RCRO_LAMBD_Tsuboyama_2023_1ORC,RCRO_LAMBD_Tsuboyama_2023_1ORC,RCRO_LAMBD,RCRO_LAMBD,cssf_c6c5a726cc75,carp_640m,0.4264576646687305,63,1.0,63,392895,50635.1,0.762,0.0,0.4937,1.0,2.2628221065866914,1.665268070924802,0.0,0.1669544405673599,0.83304555943264,Virus,Stability,convolutional-protein-language-model,sequence,known-development-benchmark,available,,elastic_net,1,0.5487089056427973,0.5487089056427973,0.24118274685187827,0.07022142625106909,False,,False,0.12225124097406681,0.12225124097406681,True
variantshift-development-v1,proteingym-v1.3,proteingym-substitutions-v1.3,RCRO_LAMBD_Tsuboyama_2023_1ORC,RCRO_LAMBD_Tsuboyama_2023_1ORC,RCRO_LAMBD,RCRO_LAMBD,cssf_c6c5a726cc75,esm2_150m,0.427941174700231,63,1.0,63,392895,50635.1,0.762,0.0,0.4937,1.0,2.5605469050401,1.3963669665892873,0.0,0.1463862461292522,0.8536137538707478,Virus,Stability,masked-protein-language-model,sequence,known-development-benchmark,available,,elastic_net,1,0.4739620471356118,0.4739620471356118,0.2105992855018296,0.05614973428656517,False,,False,0.04602087243538078,0.04602087243538078,True
variantshift-development-v1,proteingym-v1.3,proteingym-substitutions-v1.3,RCRO_LAMBD_Tsuboyama_2023_1ORC,RCRO_LAMBD_Tsuboyama_2023_1ORC,RCRO_LAMBD,RCRO_LAMBD,cssf_c6c5a726cc75,esm2_35m,0.2418756903390796,63,1.0,63,392895,50635.1,0.762,0.0,0.4937,1.0,1.9181507491191223,1.6336171700750368,0.0,0.1461078618950164,0.8538921381049835,Virus,Stability,masked-protein-language-model,sequence,known-development-benchmark,available,,elastic_net,1,0.4823981459372643,0.4823981459372643,0.24633798497978032,-0.006316917847135728,False,,False,0.24052245559818472,0.24052245559818472,True
variantshift-development-v1,proteingym-v1.3,proteingym-substitutions-v1.3,RCRO_LAMBD_Tsuboyama_2023_1ORC,RCRO_LAMBD_Tsuboyama_2023_1ORC,RCRO_LAMBD,RCRO_LAMBD,cssf_c6c5a726cc75,esm2_650m,0.4375796005315298,63,1.0,63,392895,50635.1,0.762,0.0,0.4937,1.0,4.71145744137633,1.6292962637119444,0.0,0.165627168235682,0.834372831764318,Virus,Stability,masked-protein-language-model,sequence,known-development-benchmark,available,,elastic_net,1,0.660138137950881,0.660138137950881,0.21087988614649922,0.24176913563322117,True,0.7038148952854317,True,0.22255853741935128,0.22255853741935128,True
variantshift-development-v1,proteingym-v1.3,proteingym-substitutions-v1.3,RCRO_LAMBD_Tsuboyama_2023_1ORC,RCRO_LAMBD_Tsuboyama_2023_1ORC,RCRO_LAMBD,RCRO_LAMBD,cssf_c6c5a726cc75,esm2_8m,-0.019837540001084,63,1.0,63,392895,50635.1,0.762,0.0,0.4937,1.0,1.4184587696783688,1.6184094902554342,0.0,0.1669544405673599,0.83304555943264,Virus,Stability,masked-protein-language-model,sequence,known-development-benchmark,available,,elastic_net,1,0.4283484518356378,0.4283484518356378,0.241962233075275,-0.05168546652455752,False,,False,0.4481859918367218,0.4481859918367218,True
variantshift-development-v1,proteingym-v1.3,proteingym-substitutions-v1.3,RCRO_LAMBD_Tsuboyama_2023_1ORC,RCRO_LAMBD_Tsuboyama_2023_1ORC,RCRO_LAMBD,RCRO_LAMBD,cssf_c6c5a726cc75,vespag,0.6346781431518891,63,1.0,63,392895,50635.1,0.762,0.0,0.4937,1.0,0.0785658506592607,2.961809904807812,0.0,0.235913606214658,0.7640863937853419,Virus,Stability,distilled-evolutionary-variant-effect-model,sequence,known-development-benchmark,available,,elastic_net,1,0.66007717299793,0.66007717299793,0.22267341156086787,0.21831074975227477,False,,False,0.02539902984604092,0.02539902984604092,True
variantshift-development-v1,proteingym-v1.3,proteingym-substitutions-v1.3,RD23A_HUMAN_Tsuboyama_2023_1IFY,RD23A_HUMAN_Tsuboyama_2023_1IFY,RD23A_HUMAN,RD23A_HUMAN,cssf_3998cbaed1a7,carp_640m,0.8337103860523228,44,1.0,44,100991,8023.8,0.864,0.0,0.7106,1.0,2.7143289448344112,1.9886034386984033,0.0,0.159595022265602,0.8404049777343979,Human,Stability,convolutional-protein-language-model,sequence,known-development-benchmark,available,,elastic_net,1,0.6162153520282971,0.6162153520282971,0.17600382021225996,0.2670377039753874,False,,False,-0.2174950340240257,-0.2174950340240257,True
variantshift-development-v1,proteingym-v1.3,proteingym-substitutions-v1.3,RD23A_HUMAN_Tsuboyama_2023_1IFY,RD23A_HUMAN_Tsuboyama_2023_1IFY,RD23A_HUMAN,RD23A_HUMAN,cssf_3998cbaed1a7,esm2_150m,0.6965245658399485,44,1.0,44,100991,8023.8,0.864,0.0,0.7106,1.0,4.82453181389004,1.3400761680295492,0.0,0.1086347284656212,0.8913652715343787,Human,Stability,masked-protein-language-model,sequence,known-development-benchmark,available,,elastic_net,1,0.6060680867205593,0.6060680867205593,0.17041514351063167,0.2679779308825869,False,,False,-0.09045647911938914,-0.09045647911938914,True
variantshift-development-v1,proteingym-v1.3,proteingym-substitutions-v1.3,RD23A_HUMAN_Tsuboyama_2023_1IFY,RD23A_HUMAN_Tsuboyama_2023_1IFY,RD23A_HUMAN,RD23A_HUMAN,cssf_3998cbaed1a7,esm2_35m,0.8613293988694894,44,1.0,44,100991,8023.8,0.864,0.0,0.7106,1.0,2.9098807268918403,1.4151839691314425,0.0,0.1321615753928564,0.8678384246071436,Human,Stability,masked-protein-language-model,sequence,known-development-benchmark,available,,elastic_net,1,0.4719283065615194,0.4719283065615194,0.21348995525284242,0.04838113373193903,False,,False,-0.38940109230797004,-0.38940109230797004,True
variantshift-development-v1,proteingym-v1.3,proteingym-substitutions-v1.3,RD23A_HUMAN_Tsuboyama_2023_1IFY,RD23A_HUMAN_Tsuboyama_2023_1IFY,RD23A_HUMAN,RD23A_HUMAN,cssf_3998cbaed1a7,esm2_650m,0.7141554142269568,44,1.0,44,100991,8023.8,0.864,0.0,0.7106,1.0,4.650304132928511,1.424097922158316,0.0,0.1321615753928564,0.8678384246071436,Human,Stability,masked-protein-language-model,sequence,known-development-benchmark,available,,elastic_net,1,0.5945982136870817,0.5945982136870817,0.18012456872082444,0.2372453267632042,False,,False,-0.11955720053987517,-0.11955720053987517,True
variantshift-development-v1,proteingym-v1.3,proteingym-substitutions-v1.3,RD23A_HUMAN_Tsuboyama_2023_1IFY,RD23A_HUMAN_Tsuboyama_2023_1IFY,RD23A_HUMAN,RD23A_HUMAN,cssf_3998cbaed1a7,esm2_8m,0.427312841083321,44,1.0,44,100991,8023.8,0.864,0.0,0.7106,1.0,1.2857996081836505,1.5505482136271953,0.0,0.258642455769593,0.741357544230407,Human,Stability,masked-protein-language-model,sequence,known-development-benchmark,available,,elastic_net,1,0.292238305562751,0.292238305562751,0.19329445203521092,-0.09124258741976088,False,,False,-0.13507453552057003,-0.13507453552057003,True
variantshift-development-v1,proteingym-v1.3,proteingym-substitutions-v1.3,RD23A_HUMAN_Tsuboyama_2023_1IFY,RD23A_HUMAN_Tsuboyama_2023_1IFY,RD23A_HUMAN,RD23A_HUMAN,cssf_3998cbaed1a7,vespag,0.7482881353532644,44,1.0,44,100991,8023.8,0.864,0.0,0.7106,1.0,0.0642535003717601,2.8288279941273604,0.0,0.1331169186133747,0.8668830813866253,Human,Stability,distilled-evolutionary-variant-effect-model,sequence,known-development-benchmark,available,,elastic_net,1,0.6671157912293618,0.6671157912293618,0.12873137645527952,0.41172292982977093,True,-0.282017131551773,True,-0.08117234412390262,-0.08117234412390262,True
variantshift-development-v1,proteingym-v1.3,proteingym-substitutions-v1.3,RDRP_I33A0_Li_2023,RDRP_I33A0_Li_2023,RDRP_I33A0,RDRP_I33A0,cssf_bcc2d8a187a4,carp_640m,0.159954400805381,757,0.9960369881109644,754,26589,1148.4,1.0,0.0,0.3951,1.0,5.743940522426545,1.1915580271702144,0.0,0.345266711626333,0.654733288373667,Virus,OrganismalFitness,convolutional-protein-language-model,sequence,known-development-benchmark,available,,elastic_net,2,0.42116749777593593,0.42116749777593593,0.09445698547184639,0.2185250682867399,False,,False,0.26121309697055495,0.26121309697055495,False
variantshift-development-v1,proteingym-v1.3,proteingym-substitutions-v1.3,RDRP_I33A0_Li_2023,RDRP_I33A0_Li_2023,RDRP_I33A0,RDRP_I33A0,cssf_bcc2d8a187a4,esm2_150m,0.0804382663968141,757,0.9960369881109644,754,26589,1148.4,1.0,0.0,0.3951,1.0,1.8900540685391516,0.886039288137206,0.0,0.2685899051226335,0.7314100948773665,Virus,OrganismalFitness,masked-protein-language-model,sequence,known-development-benchmark,available,,elastic_net,2,0.09776830690994764,0.09776830690994764,0.10403116523963986,-0.12541400153918245,False,,False,0.01733004051313354,0.01733004051313354,True
variantshift-development-v1,proteingym-v1.3,proteingym-substitutions-v1.3,RDRP_I33A0_Li_2023,RDRP_I33A0_Li_2023,RDRP_I33A0,RDRP_I33A0,cssf_bcc2d8a187a4,esm2_35m,-0.0108919326591173,757,0.9960369881109644,754,26589,1148.4,1.0,0.0,0.3951,1.0,0.9927788140496868,1.3689270811851195,0.0,0.3664797381880963,0.6335202618119037,Virus,OrganismalFitness,masked-protein-language-model,sequence,known-development-benchmark,available,,elastic_net,2,0.05874738869272178,0.05874738869272178,0.09308977280324618,-0.1409619036080539,False,,False,0.06963932135183908,0.06963932135183908,True
variantshift-development-v1,proteingym-v1.3,proteingym-substitutions-v1.3,RDRP_I33A0_Li_2023,RDRP_I33A0_Li_2023,RDRP_I33A0,RDRP_I33A0,cssf_bcc2d8a187a4,esm2_650m,0.4520078913925872,757,0.9960369881109644,754,26589,1148.4,1.0,0.0,0.3951,1.0,3.616864922515539,2.294382802659782,0.0,0.3530455126915678,0.6469544873084322,Virus,OrganismalFitness,masked-protein-language-model,sequence,known-development-benchmark,available,,elastic_net,2,0.43039183128866954,0.43039183128866954,0.10543265071223493,0.204202858804669,True,-0.14793966176022225,True,-0.021616060103917645,-0.021616060103917645,True
variantshift-development-v1,proteingym-v1.3,proteingym-substitutions-v1.3,RDRP_I33A0_Li_2023,RDRP_I33A0_Li_2023,RDRP_I33A0,RDRP_I33A0,cssf_bcc2d8a187a4,esm2_8m,-0.0053084486510193,757,0.9960369881109644,754,26589,1148.4,1.0,0.0,0.3951,1.0,0.8695347023898055,1.50622670622582,0.0,0.3929618719117923,0.6070381280882077,Virus,OrganismalFitness,masked-protein-language-model,sequence,known-development-benchmark,available,,elastic_net,2,0.057839273717296635,0.057839273717296635,0.10255414883667799,-0.16217433110661775,False,,False,0.06314772236831594,0.06314772236831594,True
variantshift-development-v1,proteingym-v1.3,proteingym-substitutions-v1.3,RDRP_I33A0_Li_2023,RDRP_I33A0_Li_2023,RDRP_I33A0,RDRP_I33A0,cssf_bcc2d8a187a4,vespag,0.9816247626965292,757,0.9960369881109644,754,26589,1148.4,1.0,0.0,0.3951,1.0,0.0630258255159722,2.696329110307103,0.0,0.3321692029474364,0.6678307970525635,Virus,OrganismalFitness,distilled-evolutionary-variant-effect-model,sequence,known-development-benchmark,available,,elastic_net,2,0.3484500642973256,0.3484500642973256,0.12674434133534448,0.07654025133958114,False,,False,-0.6331746983992036,-0.6331746983992036,True
variantshift-development-v1,proteingym-v1.3,proteingym-substitutions-v1.3,REV_HV1H2_Fernandes_2016,REV_HV1H2_Fernandes_2016,REV_HV1H2,REV_HV1H2,cssf_4ddd0adc0328,carp_640m,0.2816499247572294,116,0.9741379310344828,113,15839,12158.7,0.948,0.0,0.4019,1.0,3.4150917021279947,1.7719858951171377,0.0,0.2755440109418982,0.7244559890581018,Virus,OrganismalFitness,convolutional-protein-language-model,sequence,known-development-benchmark,available,,elastic_net,4,0.5150552014347092,0.5150552014347092,0.17302386090659927,0.0031260395341689007,False,,False,0.2334052766774798,0.2334052766774798,True
variantshift-development-v1,proteingym-v1.3,proteingym-substitutions-v1.3,REV_HV1H2_Fernandes_2016,REV_HV1H2_Fernandes_2016,REV_HV1H2,REV_HV1H2,cssf_4ddd0adc0328,esm2_150m,0.0443452360454874,116,0.9741379310344828,113,15839,12158.7,0.948,0.0,0.4019,1.0,1.9947150153630924,1.0502292253681549,0.0,0.2589160612519042,0.7410839387480957,Virus,OrganismalFitness,masked-protein-language-model,sequence,known-development-benchmark,available,,elastic_net,4,0.1917108272102393,0.1917108272102393,0.1020418548308745,-0.1102024519677412,False,,False,0.1473655911647519,0.1473655911647519,True
variantshift-development-v1,proteingym-v1.3,proteingym-substitutions-v1.3,REV_HV1H2_Fernandes_2016,REV_HV1H2_Fernandes_2016,REV_HV1H2,REV_HV1H2,cssf_4ddd0adc0328,esm2_35m,-0.0413700775184513,116,0.9741379310344828,113,15839,12158.7,0.948,0.0,0.4019,1.0,1.2364986024852538,1.402126570525299,0.0,0.3176915080172371,0.6823084919827629,Virus,OrganismalFitness,masked-protein-language-model,sequence,known-development-benchmark,available,,elastic_net,4,0.17139751637139816,0.17139751637139816,0.12435835911792541,-0.19654405090718646,False,,False,0.21276759388984945,0.21276759388984945,True
variantshift-development-v1,proteingym-v1.3,proteingym-substitutions-v1.3,REV_HV1H2_Fernandes_2016,REV_HV1H2_Fernandes_2016,REV_HV1H2,REV_HV1H2,cssf_4ddd0adc0328,esm2_650m,0.3526215361903211,116,0.9741379310344828,113,15839,12158.7,0.948,0.0,0.4019,1.0,2.6866821203306195,1.8969335217396697,0.0,0.2839353088629949,0.7160646911370051,Virus,OrganismalFitness,masked-protein-language-model,sequence,known-development-benchmark,available,,elastic_net,4,0.4405812168657855,0.4405812168657855,0.17051936809722537,-0.06393785200960361,False,,False,0.08795968067546439,0.08795968067546439,True
variantshift-development-v1,proteingym-v1.3,proteingym-substitutions-v1.3,REV_HV1H2_Fernandes_2016,REV_HV1H2_Fernandes_2016,REV_HV1H2,REV_HV1H2,cssf_4ddd0adc0328,esm2_8m,-0.0533972451510543,116,0.9741379310344828,113,15839,12158.7,0.948,0.0,0.4019,1.0,1.0744623861854363,1.5312453964921349,0.0,0.3202614834736984,0.6797385165263016,Virus,OrganismalFitness,masked-protein-language-model,sequence,known-development-benchmark,available,,elastic_net,4,0.1874978102598142,0.1874978102598142,0.1492025922120196,-0.25395088695610846,False,,False,0.2408950554108685,0.2408950554108685,True
variantshift-development-v1,proteingym-v1.3,proteingym-substitutions-v1.3,REV_HV1H2_Fernandes_2016,REV_HV1H2_Fernandes_2016,REV_HV1H2,REV_HV1H2,cssf_4ddd0adc0328,vespag,0.3858804050266899,116,0.9741379310344828,113,15839,12158.7,0.948,0.0,0.4019,1.0,0.062961540903247,2.6804114458482315,0.0,0.2116196514242614,0.7883803485757386,Virus,OrganismalFitness,distilled-evolutionary-variant-effect-model,sequence,known-development-benchmark,available,,elastic_net,4,0.5263051046622231,0.5263051046622231,0.10948622026153587,0.20236603241829632,True,0.39270598307791066,True,0.14042469963553322,0.14042469963553322,True
variantshift-development-v1,proteingym-v1.3,proteingym-substitutions-v1.3,RFAH_ECOLI_Tsuboyama_2023_2LCL,RFAH_ECOLI_Tsuboyama_2023_2LCL,RFAH_ECOLI,RFAH_ECOLI,cssf_12ebdb52f01c,carp_640m,0.7102865113361577,55,1.0,55,86049,14225.9,0.927,0.0,0.6808,0.0,2.3700421216180523,1.3729458274348505,0.0,0.2014061138568363,0.7985938861431636,Prokaryote,Stability,convolutional-protein-language-model,sequence,known-development-benchmark,available,,elastic_net,1,0.3971477957292919,0.3971477957292919,0.2128028126650054,-0.0250361405954867,False,,False,-0.31313871560686585,-0.31313871560686585,True
variantshift-development-v1,proteingym-v1.3,proteingym-substitutions-v1.3,RFAH_ECOLI_Tsuboyama_2023_2LCL,RFAH_ECOLI_Tsuboyama_2023_2LCL,RFAH_ECOLI,RFAH_ECOLI,cssf_12ebdb52f01c,esm2_150m,0.3396524363667051,55,1.0,55,86049,14225.9,0.927,0.0,0.6808,0.0,2.113795943238414,1.495892142698143,0.0,0.1906730675137879,0.809326932486212,Prokaryote,Stability,masked-protein-language-model,sequence,known-development-benchmark,available,,elastic_net,1,0.36358328673553275,0.36358328673553275,0.19038376098353743,-0.01412302559068268,False,,False,0.02393085036882764,0.02393085036882764,True
variantshift-development-v1,proteingym-v1.3,proteingym-substitutions-v1.3,RFAH_ECOLI_Tsuboyama_2023_2LCL,RFAH_ECOLI_Tsuboyama_2023_2LCL,RFAH_ECOLI,RFAH_ECOLI,cssf_12ebdb52f01c,esm2_35m,0.6227828953765268,55,1.0,55,86049,14225.9,0.927,0.0,0.6808,0.0,2.0964850033612845,1.3331012511237206,0.0,0.1947377388278606,0.8052622611721394,Prokaryote,Stability,masked-protein-language-model,sequence,known-development-benchmark,available,,elastic_net,1,0.3230525840708759,0.3230525840708759,0.1883076346972311,-0.05053485803514207,False,,False,-0.29973031130565086,-0.29973031130565086,True
variantshift-development-v1,proteingym-v1.3,proteingym-substitutions-v1.3,RFAH_ECOLI_Tsuboyama_2023_2LCL,RFAH_ECOLI_Tsuboyama_2023_2LCL,RFAH_ECOLI,RFAH_ECOLI,cssf_12ebdb52f01c,esm2_650m,0.6653868178229255,55,1.0,55,86049,14225.9,0.927,0.0,0.6808,0.0,3.7523534030972394,1.6735296846651115,0.0,0.2498441197669636,0.7501558802330364,Prokaryote,Stability,masked-protein-language-model,sequence,known-development-benchmark,available,,elastic_net,1,0.4712541354101105,0.4712541354101105,0.19940393328482262,0.0756525152127574,False,,False,-0.194132682412815,-0.194132682412815,True
variantshift-development-v1,proteingym-v1.3,proteingym-substitutions-v1.3,RFAH_ECOLI_Tsuboyama_2023_2LCL,RFAH_ECOLI_Tsuboyama_2023_2LCL,RFAH_ECOLI,RFAH_ECOLI,cssf_12ebdb52f01c,esm2_8m,0.3167497891799493,55,1.0,55,86049,14225.9,0.927,0.0,0.6808,0.0,1.0376758782393063,1.569113017606116,0.0,0.2247608609090911,0.7752391390909089,Prokaryote,Stability,masked-protein-language-model,sequence,known-development-benchmark,available,,elastic_net,1,0.2790564564305217,0.2790564564305217,0.21947581639949262,-0.15636619111453887,False,,False,-0.0376933327494276,-0.0376933327494276,True
variantshift-development-v1,proteingym-v1.3,proteingym-substitutions-v1.3,RFAH_ECOLI_Tsuboyama_2023_2LCL,RFAH_ECOLI_Tsuboyama_2023_2LCL,RFAH_ECOLI,RFAH_ECOLI,cssf_12ebdb52f01c,vespag,0.5926079858134138,55,1.0,55,86049,14225.9,0.927,0.0,0.6808,0.0,0.09931845059042,2.7207125404758643,0.0,0.3017497262942372,0.6982502737057628,Prokaryote,Stability,distilled-evolutionary-variant-effect-model,sequence,known-development-benchmark,available,,elastic_net,1,0.48980011501195064,0.48980011501195064,0.18669631594894695,0.11940940176165232,True,0.030594471405489043,True,-0.10280787080146314,-0.10280787080146314,True
variantshift-development-v1,proteingym-v1.3,proteingym-substitutions-v1.3,RL20_AQUAE_Tsuboyama_2023_1GYZ,RL20_AQUAE_Tsuboyama_2023_1GYZ,RL20_AQUAE,RL20_AQUAE,cssf_310c599ef29a,carp_640m,0.4704532574702295,59,1.0,59,397758,107200.0,0.814,0.0,0.6328,0.8135593220338984,2.7837696840259714,1.735962678758065,0.0,0.1892657610897983,0.8107342389102017,Prokaryote,Stability,convolutional-protein-language-model,sequence,known-development-benchmark,available,,elastic_net,1,0.5618964836550113,0.5618964836550113,0.24786521719560992,0.0701515120395717,False,,False,0.09144322618478185,0.09144322618478185,True
variantshift-development-v1,proteingym-v1.3,proteingym-substitutions-v1.3,RL20_AQUAE_Tsuboyama_2023_1GYZ,RL20_AQUAE_Tsuboyama_2023_1GYZ,RL20_AQUAE,RL20_AQUAE,cssf_310c599ef29a,esm2_150m,0.3710945316379413,59,1.0,59,397758,107200.0,0.814,0.0,0.6328,0.8135593220338984,2.480460222658835,1.283909451613647,0.0,0.147011033762367,0.852988966237633,Prokaryote,Stability,masked-protein-language-model,sequence,known-development-benchmark,available,,elastic_net,1,0.4213978600694857,0.4213978600694857,0.27214447131463954,-0.11851522993984737,False,,False,0.05030332843154439,0.05030332843154439,True
variantshift-development-v1,proteingym-v1.3,proteingym-substitutions-v1.3,RL20_AQUAE_Tsuboyama_2023_1GYZ,RL20_AQUAE_Tsuboyama_2023_1GYZ,RL20_AQUAE,RL20_AQUAE,cssf_310c599ef29a,esm2_35m,0.2658083111649958,59,1.0,59,397758,107200.0,0.814,0.0,0.6328,0.8135593220338984,1.7716677380863073,1.4706269218207444,0.0,0.2034259061979936,0.7965740938020064,Prokaryote,Stability,masked-protein-language-model,sequence,known-development-benchmark,available,,elastic_net,1,0.37043205803483187,0.37043205803483187,0.2771245342418842,-0.17936108263472922,False,,False,0.10462374686983605,0.10462374686983605,True
variantshift-development-v1,proteingym-v1.3,proteingym-substitutions-v1.3,RL20_AQUAE_Tsuboyama_2023_1GYZ,RL20_AQUAE_Tsuboyama_2023_1GYZ,RL20_AQUAE,RL20_AQUAE,cssf_310c599ef29a,esm2_650m,0.4792637570275704,59,1.0,59,397758,107200.0,0.814,0.0,0.6328,0.8135593220338984,6.855073879152116,1.109824871256958,0.0,0.1407517536799314,0.8592482463200686,Prokaryote,Stability,masked-protein-language-model,sequence,known-development-benchmark,available,,elastic_net,1,0.6908393834983592,0.6908393834983592,0.21496371551513416,0.26436838696108733,True,1.0184454834711143,True,0.21157562647078876,0.21157562647078876,True
variantshift-development-v1,proteingym-v1.3,proteingym-substitutions-v1.3,RL20_AQUAE_Tsuboyama_2023_1GYZ,RL20_AQUAE_Tsuboyama_2023_1GYZ,RL20_AQUAE,RL20_AQUAE,cssf_310c599ef29a,esm2_8m,0.2868875877081884,59,1.0,59,397758,107200.0,0.814,0.0,0.6328,0.8135593220338984,1.3885290790246776,1.7072780001855,0.0,0.2698493322688844,0.7301506677311156,Prokaryote,Stability,masked-protein-language-model,sequence,known-development-benchmark,available,,elastic_net,1,0.3454645749212203,0.3454645749212203,0.2735606952980783,-0.19725819137273493,False,,False,0.058576987213031895,0.058576987213031895,True
variantshift-development-v1,proteingym-v1.3,proteingym-substitutions-v1.3,RL20_AQUAE_Tsuboyama_2023_1GYZ,RL20_AQUAE_Tsuboyama_2023_1GYZ,RL20_AQUAE,RL20_AQUAE,cssf_310c599ef29a,vespag,0.4309305102280851,59,1.0,59,397758,107200.0,0.814,0.0,0.6328,0.8135593220338984,0.1042949181565251,2.7665561310850646,0.0,0.1622625683799845,0.8377374316200155,Prokaryote,Stability,distilled-evolutionary-variant-effect-model,sequence,known-development-benchmark,available,,elastic_net,1,0.6535028384651598,0.6535028384651598,0.2996573989268759,0.05900627780669665,False,,False,0.22257232823707468,0.22257232823707468,True
variantshift-development-v1,proteingym-v1.3,proteingym-substitutions-v1.3,RL40A_YEAST_Mavor_2016,RL40A_YEAST_Mavor_2016,RL40A_YEAST,RL40A_YEAST,cssf_40b8ae05fc9a,carp_640m,0.5649528451044973,128,0.5859375,75,16228,3906.9,0.695,0.0,0.5381,1.0,2.707482313236637,1.6979515104316238,0.0,0.2432004545313635,0.7567995454686365,Eukaryote,OrganismalFitness,convolutional-protein-language-model,sequence,known-development-benchmark,available,,elastic_net,3,0.5239718027406252,0.5239718027406252,0.12573485917217167,0.3030504662911601,False,,False,-0.04098104236387212,-0.04098104236387212,True
variantshift-development-v1,proteingym-v1.3,proteingym-substitutions-v1.3,RL40A_YEAST_Mavor_2016,RL40A_YEAST_Mavor_2016,RL40A_YEAST,RL40A_YEAST,cssf_40b8ae05fc9a,esm2_150m,0.5165559935450209,128,0.5859375,75,16228,3906.9,0.695,0.0,0.5381,1.0,2.77586501426481,1.3987710375613185,0.0,0.1790576639636726,0.8209423360363274,Eukaryote,OrganismalFitness,masked-protein-language-model,sequence,known-development-benchmark,available,,elastic_net,3,0.4396263255719145,0.4396263255719145,0.10112956886160203,0.26193749962055013,False,,False,-0.07692966797310641,-0.07692966797310641,True
variantshift-development-v1,proteingym-v1.3,proteingym-substitutions-v1.3,RL40A_YEAST_Mavor_2016,RL40A_YEAST_Mavor_2016,RL40A_YEAST,RL40A_YEAST,cssf_40b8ae05fc9a,esm2_35m,0.4324216183060793,128,0.5859375,75,16228,3906.9,0.695,0.0,0.5381,1.0,2.4651637438080676,1.2838504637096912,0.0,0.1982169219725267,0.8017830780274733,Eukaryote,OrganismalFitness,masked-protein-language-model,sequence,known-development-benchmark,available,,elastic_net,3,0.375167369864331,0.375167369864331,0.0786558105089939,0.23696586479588835,False,,False,-0.05725424844174826,-0.05725424844174826,True
variantshift-development-v1,proteingym-v1.3,proteingym-substitutions-v1.3,RL40A_YEAST_Mavor_2016,RL40A_YEAST_Mavor_2016,RL40A_YEAST,RL40A_YEAST,cssf_40b8ae05fc9a,esm2_650m,0.6350116870957747,128,0.5859375,75,16228,3906.9,0.695,0.0,0.5381,1.0,3.038021195611192,1.752538037065451,0.0,0.1671850743625818,0.8328149256374182,Eukaryote,OrganismalFitness,masked-protein-language-model,sequence,known-development-benchmark,available,,elastic_net,3,0.5493484887975245,0.5493484887975245,0.06849614305164374,0.4289979387254723,False,,False,-0.0856631982982502,-0.0856631982982502,True
variantshift-development-v1,proteingym-v1.3,proteingym-substitutions-v1.3,RL40A_YEAST_Mavor_2016,RL40A_YEAST_Mavor_2016,RL40A_YEAST,RL40A_YEAST,cssf_40b8ae05fc9a,esm2_8m,0.1052572691701606,128,0.5859375,75,16228,3906.9,0.695,0.0,0.5381,1.0,1.4807265678184731,1.2538153171026305,0.0,0.3111930544277542,0.6888069455722458,Eukaryote,OrganismalFitness,masked-protein-language-model,sequence,known-development-benchmark,available,,elastic_net,3,0.21883727916516707,0.21883727916516707,0.07685903059534183,0.08379279055535041,False,,False,0.11358000999500648,0.11358000999500648,True
variantshift-development-v1,proteingym-v1.3,proteingym-substitutions-v1.3,RL40A_YEAST_Mavor_2016,RL40A_YEAST_Mavor_2016,RL40A_YEAST,RL40A_YEAST,cssf_40b8ae05fc9a,vespag,0.6688871629303089,128,0.5859375,75,16228,3906.9,0.695,0.0,0.5381,1.0,0.0955453745556683,2.486278209342554,0.0,0.1831317329047277,0.8168682670952723,Eukaryote,OrganismalFitness,distilled-evolutionary-variant-effect-model,sequence,known-development-benchmark,available,,elastic_net,3,0.5754271210765224,0.5754271210765224,0.07650489343054923,0.4410048660799416,True,-0.17151392292192516,True,-0.09346004185378654,-0.09346004185378654,True
variantshift-development-v1,proteingym-v1.3,proteingym-substitutions-v1.3,RL40A_YEAST_Roscoe_2013,RL40A_YEAST_Roscoe_2013,RL40A_YEAST,RL40A_YEAST,cssf_40b8ae05fc9a,carp_640m,0.5641466863538795,128,0.5859375,75,16228,3906.9,0.695,0.0,0.5381,1.0,2.6924153261796744,1.701886235894098,0.0,0.2440169143108526,0.7559830856891474,Eukaryote,OrganismalFitness,convolutional-protein-language-model,sequence,known-development-benchmark,available,,elastic_net,3,0.5230347178025956,0.5230347178025956,0.12604960051085495,0.30156036783217377,False,,False,-0.04111196855128396,-0.04111196855128396,True
variantshift-development-v1,proteingym-v1.3,proteingym-substitutions-v1.3,RL40A_YEAST_Roscoe_2013,RL40A_YEAST_Roscoe_2013,RL40A_YEAST,RL40A_YEAST,cssf_40b8ae05fc9a,esm2_150m,0.4985973054007764,128,0.5859375,75,16228,3906.9,0.695,0.0,0.5381,1.0,2.671799005913958,1.443642724466694,0.0,0.1849393762166649,0.8150606237833351,Eukaryote,OrganismalFitness,masked-protein-language-model,sequence,known-development-benchmark,available,,elastic_net,3,0.4369943119136781,0.4369943119136781,0.10999573810356643,0.24372726071103484,False,,False,-0.0616029934870983,-0.0616029934870983,True
variantshift-development-v1,proteingym-v1.3,proteingym-substitutions-v1.3,RL40A_YEAST_Roscoe_2013,RL40A_YEAST_Roscoe_2013,RL40A_YEAST,RL40A_YEAST,cssf_40b8ae05fc9a,esm2_35m,0.4338874018636243,128,0.5859375,75,16228,3906.9,0.695,0.0,0.5381,1.0,2.2955579896870897,1.3604378856265429,0.0,0.2069510522624738,0.7930489477375262,Eukaryote,OrganismalFitness,masked-protein-language-model,sequence,known-development-benchmark,available,,elastic_net,3,0.37209163306634685,0.37209163306634685,0.07671681799589163,0.2372970178626591,False,,False,-0.06179576879727744,-0.06179576879727744,True
variantshift-development-v1,proteingym-v1.3,proteingym-substitutions-v1.3,RL40A_YEAST_Roscoe_2013,RL40A_YEAST_Roscoe_2013,RL40A_YEAST,RL40A_YEAST,cssf_40b8ae05fc9a,esm2_650m,0.6456001120884113,128,0.5859375,75,16228,3906.9,0.695,0.0,0.5381,1.0,2.974380211837041,1.7536380813181367,0.0,0.1753521494206453,0.8246478505793546,Eukaryote,OrganismalFitness,masked-protein-language-model,sequence,known-development-benchmark,available,,elastic_net,3,0.5394784242833393,0.5394784242833393,0.07211918274077832,0.4127620439602105,False,,False,-0.10612168780507203,-0.10612168780507203,True
variantshift-development-v1,proteingym-v1.3,proteingym-substitutions-v1.3,RL40A_YEAST_Roscoe_2013,RL40A_YEAST_Roscoe_2013,RL40A_YEAST,RL40A_YEAST,cssf_40b8ae05fc9a,esm2_8m,0.1037027558940079,128,0.5859375,75,16228,3906.9,0.695,0.0,0.5381,1.0,1.4253183992359664,1.3305348204828364,0.0,0.3191608256082894,0.6808391743917106,Eukaryote,OrganismalFitness,masked-protein-language-model,sequence,known-development-benchmark,available,,elastic_net,3,0.22677999359371454,0.22677999359371454,0.08800913227550625,0.07214431618432796,False,,False,0.12307723769970663,0.12307723769970663,True
variantshift-development-v1,proteingym-v1.3,proteingym-substitutions-v1.3,RL40A_YEAST_Roscoe_2013,RL40A_YEAST_Roscoe_2013,RL40A_YEAST,RL40A_YEAST,cssf_40b8ae05fc9a,vespag,0.6782463259372395,128,0.5859375,75,16228,3906.9,0.695,0.0,0.5381,1.0,0.095210255956002,2.46009403106013,0.0,0.1855039600965885,0.8144960399034115,Eukaryote,OrganismalFitness,distilled-evolutionary-variant-effect-model,sequence,known-development-benchmark,available,,elastic_net,3,0.5683044851002023,0.5683044851002023,0.07559017469889068,0.4354894286641786,True,-0.1732945819160052,True,-0.10994184083703729,-0.10994184083703729,True
variantshift-development-v1,proteingym-v1.3,proteingym-substitutions-v1.3,RL40A_YEAST_Roscoe_2014,RL40A_YEAST_Roscoe_2014,RL40A_YEAST,RL40A_YEAST,cssf_40b8ae05fc9a,carp_640m,0.5053831034576557,128,0.5859375,75,16228,3906.9,0.695,0.0,0.5381,1.0,2.7014340802410897,1.720583513562605,0.0,0.2486726144368221,0.7513273855631779,Eukaryote,Activity,convolutional-protein-language-model,sequence,known-development-benchmark,available,,elastic_net,3,0.5256597724913329,0.5256597724913329,0.12879352907829714,0.29936422679020985,False,,False,0.020276669033677197,0.020276669033677197,True
variantshift-development-v1,proteingym-v1.3,proteingym-substitutions-v1.3,RL40A_YEAST_Roscoe_2014,RL40A_YEAST_Roscoe_2014,RL40A_YEAST,RL40A_YEAST,cssf_40b8ae05fc9a,esm2_150m,0.3681897006612881,128,0.5859375,75,16228,3906.9,0.695,0.0,0.5381,1.0,2.8823338242744456,1.4281385672354032,0.0,0.1755976351959673,0.8244023648040326,Eukaryote,Activity,masked-protein-language-model,sequence,known-development-benchmark,available,,elastic_net,3,0.4578689670796726,0.4578689670796726,0.1112624904148546,0.26237617978917943,False,,False,0.08967926641838453,0.08967926641838453,True
variantshift-development-v1,proteingym-v1.3,proteingym-substitutions-v1.3,RL40A_YEAST_Roscoe_2014,RL40A_YEAST_Roscoe_2014,RL40A_YEAST,RL40A_YEAST,cssf_40b8ae05fc9a,esm2_35m,0.5392302925083385,128,0.5859375,75,16228,3906.9,0.695,0.0,0.5381,1.0,2.6237242383741792,1.2505577315655765,0.0,0.1934342243816873,0.8065657756183127,Eukaryote,Activity,masked-protein-language-model,sequence,known-development-benchmark,available,,elastic_net,3,0.38488247431965694,0.38488247431965694,0.07310043766481689,0.2564419886001132,False,,False,-0.1543478181886816,-0.1543478181886816,True
variantshift-development-v1,proteingym-v1.3,proteingym-substitutions-v1.3,RL40A_YEAST_Roscoe_2014,RL40A_YEAST_Roscoe_2014,RL40A_YEAST,RL40A_YEAST,cssf_40b8ae05fc9a,esm2_650m,0.6071054364688048,128,0.5859375,75,16228,3906.9,0.695,0.0,0.5381,1.0,3.053360036740407,1.8024981146591037,0.0,0.1654844663192498,0.8345155336807502,Eukaryote,Activity,masked-protein-language-model,sequence,known-development-benchmark,available,,elastic_net,3,0.5628446513057102,0.5628446513057102,0.0858738902876576,0.41196068218712145,False,,False,-0.04426078516309462,-0.04426078516309462,True
variantshift-development-v1,proteingym-v1.3,proteingym-substitutions-v1.3,RL40A_YEAST_Roscoe_2014,RL40A_YEAST_Roscoe_2014,RL40A_YEAST,RL40A_YEAST,cssf_40b8ae05fc9a,esm2_8m,0.1451080841953615,128,0.5859375,75,16228,3906.9,0.695,0.0,0.5381,1.0,1.6289836570803176,1.1680048956763864,0.0,0.2966108193850589,0.703389180614941,Eukaryote,Activity,masked-protein-language-model,sequence,known-development-benchmark,available,,elastic_net,3,0.22088244937270038,0.22088244937270038,0.08930164196395887,0.06397577910081864,False,,False,0.07577436517733888,0.07577436517733888,True
variantshift-development-v1,proteingym-v1.3,proteingym-substitutions-v1.3,RL40A_YEAST_Roscoe_2014,RL40A_YEAST_Roscoe_2014,RL40A_YEAST,RL40A_YEAST,cssf_40b8ae05fc9a,vespag,0.6195518054156627,128,0.5859375,75,16228,3906.9,0.695,0.0,0.5381,1.0,0.0944498865170949,2.5294303288808653,0.0,0.1878142087369021,0.8121857912630979,Eukaryote,Activity,distilled-evolutionary-variant-effect-model,sequence,known-development-benchmark,available,,elastic_net,3,0.5825804248654352,0.5825804248654352,0.07195348120311261,0.4561551889822323,True,-0.16972559697469697,True,-0.03697138055022753,-0.03697138055022753,True
variantshift-development-v1,proteingym-v1.3,proteingym-substitutions-v1.3,RNC_ECOLI_Weeks_2023,RNC_ECOLI_Weeks_2023,RNC_ECOLI,RNC_ECOLI,cssf_a0ac9f2c6c49,carp_640m,0.5699899291599307,226,1.0,226,66507,15978.2,0.969,0.0,0.2829,1.0,4.358976486887145,1.3132834378760607,0.0,0.0555313761066507,0.9444686238933492,Prokaryote,Activity,convolutional-protein-language-model,sequence,known-development-benchmark,available,,elastic_net,1,0.5821918804628888,0.5821918804628888,0.11122639862095471,0.36152750951331425,True,0.746183692408496,True,0.012201951302958092,0.012201951302958092,True
variantshift-development-v1,proteingym-v1.3,proteingym-substitutions-v1.3,RNC_ECOLI_Weeks_2023,RNC_ECOLI_Weeks_2023,RNC_ECOLI,RNC_ECOLI,cssf_a0ac9f2c6c49,esm2_150m,0.5692547818519152,226,1.0,226,66507,15978.2,0.969,0.0,0.2829,1.0,3.7581414235727775,1.316953798334451,0.0,0.0492844130668301,0.9507155869331698,Prokaryote,Activity,masked-protein-language-model,sequence,known-development-benchmark,available,,elastic_net,1,0.49475667465358153,0.49475667465358153,0.11967637468449674,0.25732822003575107,False,,False,-0.07449810719833372,-0.07449810719833372,True
variantshift-development-v1,proteingym-v1.3,proteingym-substitutions-v1.3,RNC_ECOLI_Weeks_2023,RNC_ECOLI_Weeks_2023,RNC_ECOLI,RNC_ECOLI,cssf_a0ac9f2c6c49,esm2_35m,0.5539643408267233,226,1.0,226,66507,15978.2,0.969,0.0,0.2829,1.0,3.3382119035899,1.323184056166342,0.0,0.0745081755495687,0.9254918244504312,Prokaryote,Activity,masked-protein-language-model,sequence,known-development-benchmark,available,,elastic_net,1,0.44764307768572725,0.44764307768572725,0.1375950722207912,0.17466534547637014,False,,False,-0.10632126314099605,-0.10632126314099605,True
variantshift-development-v1,proteingym-v1.3,proteingym-substitutions-v1.3,RNC_ECOLI_Weeks_2023,RNC_ECOLI_Weeks_2023,RNC_ECOLI,RNC_ECOLI,cssf_a0ac9f2c6c49,esm2_650m,0.5642990079898982,226,1.0,226,66507,15978.2,0.969,0.0,0.2829,1.0,4.523688880238169,1.500066895884538,0.0,0.0756031778063581,0.9243968221936418,Prokaryote,Activity,masked-protein-language-model,sequence,known-development-benchmark,available,,elastic_net,1,0.5683486782127456,0.5683486782127456,0.15651000118282546,0.25784522411800115,False,,False,0.004049670222847412,0.004049670222847412,True
variantshift-development-v1,proteingym-v1.3,proteingym-substitutions-v1.3,RNC_ECOLI_Weeks_2023,RNC_ECOLI_Weeks_2023,RNC_ECOLI,RNC_ECOLI,cssf_a0ac9f2c6c49,esm2_8m,0.1926366942331,226,1.0,226,66507,15978.2,0.969,0.0,0.2829,1.0,1.5961579161233417,1.1441631243616124,0.0,0.3253775017281566,0.6746224982718434,Prokaryote,Activity,masked-protein-language-model,sequence,known-development-benchmark,available,,elastic_net,1,0.09427818278753808,0.09427818278753808,0.11500871720586422,-0.13389000885225083,False,,False,-0.09835851144556193,-0.09835851144556193,True
variantshift-development-v1,proteingym-v1.3,proteingym-substitutions-v1.3,RNC_ECOLI_Weeks_2023,RNC_ECOLI_Weeks_2023,RNC_ECOLI,RNC_ECOLI,cssf_a0ac9f2c6c49,vespag,0.5858007642986163,226,1.0,226,66507,15978.2,0.969,0.0,0.2829,1.0,0.1076616805516785,2.474028562262203,0.0,0.0702343762957817,0.9297656237042182,Prokaryote,Activity,distilled-evolutionary-variant-effect-model,sequence,known-development-benchmark,available,,elastic_net,1,0.5617053588049398,0.5617053588049398,0.07852568145722692,0.4059166223450222,False,,False,-0.024095405493676503,-0.024095405493676503,True
variantshift-development-v1,proteingym-v1.3,proteingym-substitutions-v1.3,RPC1_BP434_Tsuboyama_2023_1R69,RPC1_BP434_Tsuboyama_2023_1R69,RPC1_BP434,RPC1_BP434,cssf_ffbe89385f32,carp_640m,0.6026331003503709,61,1.0,61,820224,554578.3,0.951,0.0,0.4937,1.0,3.1123269584447044,1.798221741590537,0.0,0.0540436628114746,0.9459563371885252,Virus,Stability,convolutional-protein-language-model,sequence,known-development-benchmark,available,,elastic_net,0,0.6299888520666621,0.6299888520666621,0.3103307431552975,-0.1951811371349571,False,,False,0.027355751716291232,0.027355751716291232,True
variantshift-development-v1,proteingym-v1.3,proteingym-substitutions-v1.3,RPC1_BP434_Tsuboyama_2023_1R69,RPC1_BP434_Tsuboyama_2023_1R69,RPC1_BP434,RPC1_BP434,cssf_ffbe89385f32,esm2_150m,0.7752542191534665,61,1.0,61,820224,554578.3,0.951,0.0,0.4937,1.0,6.803637932922955,0.7432517558471976,0.0,0.0359242969443343,0.9640757030556656,Virus,Stability,masked-protein-language-model,sequence,known-development-benchmark,available,,elastic_net,0,0.7068534660574011,0.7068534660574011,0.2937402956577754,-0.07420249421112735,False,,False,-0.06840075309606541,-0.06840075309606541,True
variantshift-development-v1,proteingym-v1.3,proteingym-substitutions-v1.3,RPC1_BP434_Tsuboyama_2023_1R69,RPC1_BP434_Tsuboyama_2023_1R69,RPC1_BP434,RPC1_BP434,cssf_ffbe89385f32,esm2_35m,0.7814742731772211,61,1.0,61,820224,554578.3,0.951,0.0,0.4937,1.0,6.617541777071074,0.7422035387118584,0.0,0.0372835379019732,0.9627164620980267,Virus,Stability,masked-protein-language-model,sequence,known-development-benchmark,available,,elastic_net,0,0.6867998770243914,0.6867998770243914,0.2937402956577754,-0.09425608324413703,False,,False,-0.09467439615282969,-0.09467439615282969,True
variantshift-development-v1,proteingym-v1.3,proteingym-substitutions-v1.3,RPC1_BP434_Tsuboyama_2023_1R69,RPC1_BP434_Tsuboyama_2023_1R69,RPC1_BP434,RPC1_BP434,cssf_ffbe89385f32,esm2_650m,0.8242846463057197,61,1.0,61,820224,554578.3,0.951,0.0,0.4937,1.0,6.634547270637995,0.8887268150587494,0.0,0.0420870113407797,0.9579129886592204,Virus,Stability,masked-protein-language-model,sequence,known-development-benchmark,available,,elastic_net,0,0.7229049137298723,0.7229049137298723,0.2839362267556986,-0.032082010168610786,True,1.9941434470977821,False,-0.10137973257584743,-0.10137973257584743,True
variantshift-development-v1,proteingym-v1.3,proteingym-substitutions-v1.3,RPC1_BP434_Tsuboyama_2023_1R69,RPC1_BP434_Tsuboyama_2023_1R69,RPC1_BP434,RPC1_BP434,cssf_ffbe89385f32,esm2_8m,0.707695885631936,61,1.0,61,820224,554578.3,0.951,0.0,0.4937,1.0,5.726680211512996,0.7427265647758571,0.0,0.0386068120820657,0.9613931879179344,Virus,Stability,masked-protein-language-model,sequence,known-development-benchmark,available,,elastic_net,0,0.5945898811225534,0.5945898811225534,0.2937402956577754,-0.18646607914597502,False,,False,-0.11310600450938257,-0.11310600450938257,True
variantshift-development-v1,proteingym-v1.3,proteingym-substitutions-v1.3,RPC1_BP434_Tsuboyama_2023_1R69,RPC1_BP434_Tsuboyama_2023_1R69,RPC1_BP434,RPC1_BP434,cssf_ffbe89385f32,vespag,0.8637111852744368,61,1.0,61,820224,554578.3,0.951,0.0,0.4937,1.0,0.0777523477237552,2.803845902101806,0.0,0.0642864370938582,0.9357135629061416,Virus,Stability,distilled-evolutionary-variant-effect-model,sequence,known-development-benchmark,available,,elastic_net,0,0.6340450345377929,0.6340450345377929,0.3244059439405709,-0.2285509381867752,False,,False,-0.22966615073664387,-0.22966615073664387,True
variantshift-development-v1,proteingym-v1.3,proteingym-substitutions-v1.3,RS15_GEOSE_Tsuboyama_2023_1A32,RS15_GEOSE_Tsuboyama_2023_1A32,RS15_GEOSE,RS15_GEOSE,cssf_bcab9ac142f5,carp_640m,0.6638352359547678,63,1.0,63,44428,4341.2,1.0,0.0,0.5729,1.0,3.032224004216231,1.7564252204469613,0.0,0.11190360782235,0.8880963921776499,Prokaryote,Stability,convolutional-protein-language-model,sequence,known-development-benchmark,available,,elastic_net,3,0.6141059532089269,0.6141059532089269,0.21617816423122124,0.2342719973148284,False,,False,-0.049729282745840875,-0.049729282745840875,True
variantshift-development-v1,proteingym-v1.3,proteingym-substitutions-v1.3,RS15_GEOSE_Tsuboyama_2023_1A32,RS15_GEOSE_Tsuboyama_2023_1A32,RS15_GEOSE,RS15_GEOSE,cssf_bcab9ac142f5,esm2_150m,0.7119009134677649,63,1.0,63,44428,4341.2,1.0,0.0,0.5729,1.0,2.9710747933722432,1.473383072918376,0.0,0.097141948811521,0.902858051188479,Prokaryote,Stability,masked-protein-language-model,sequence,known-development-benchmark,available,,elastic_net,3,0.49588810800011385,0.49588810800011385,0.269020445910948,0.02320808247516737,False,,False,-0.216012805467651,-0.216012805467651,True
variantshift-development-v1,proteingym-v1.3,proteingym-substitutions-v1.3,RS15_GEOSE_Tsuboyama_2023_1A32,RS15_GEOSE_Tsuboyama_2023_1A32,RS15_GEOSE,RS15_GEOSE,cssf_bcab9ac142f5,esm2_35m,0.478503092517262,63,1.0,63,44428,4341.2,1.0,0.0,0.5729,1.0,1.3831846952503013,1.477305697660914,0.0,0.3247461717706794,0.6752538282293206,Prokaryote,Stability,masked-protein-language-model,sequence,known-development-benchmark,available,,elastic_net,3,0.23205850629893293,0.23205850629893293,0.18147965426606244,-0.08680873563232394,False,,False,-0.24644458621832904,-0.24644458621832904,True
variantshift-development-v1,proteingym-v1.3,proteingym-substitutions-v1.3,RS15_GEOSE_Tsuboyama_2023_1A32,RS15_GEOSE_Tsuboyama_2023_1A32,RS15_GEOSE,RS15_GEOSE,cssf_bcab9ac142f5,esm2_650m,0.5934171312938694,63,1.0,63,44428,4341.2,1.0,0.0,0.5729,1.0,3.341567059160016,1.6248266484202718,0.0,0.1181877362350859,0.8818122637649141,Prokaryote,Stability,masked-protein-language-model,sequence,known-development-benchmark,available,,elastic_net,3,0.5533388328245169,0.5533388328245169,0.26707190367471284,0.0840824764219722,False,,False,-0.040078298469352514,-0.040078298469352514,True
variantshift-development-v1,proteingym-v1.3,proteingym-substitutions-v1.3,RS15_GEOSE_Tsuboyama_2023_1A32,RS15_GEOSE_Tsuboyama_2023_1A32,RS15_GEOSE,RS15_GEOSE,cssf_bcab9ac142f5,esm2_8m,0.3764080151169149,63,1.0,63,44428,4341.2,1.0,0.0,0.5729,1.0,1.3715520577638332,1.4856184611368803,0.0,0.3380471381234954,0.6619528618765046,Prokaryote,Stability,masked-protein-language-model,sequence,known-development-benchmark,available,,elastic_net,3,0.22598107178790272,0.22598107178790272,0.18611979414888669,-0.10103908740890177,False,,False,-0.15042694332901219,-0.15042694332901219,True
variantshift-development-v1,proteingym-v1.3,proteingym-substitutions-v1.3,RS15_GEOSE_Tsuboyama_2023_1A32,RS15_GEOSE_Tsuboyama_2023_1A32,RS15_GEOSE,RS15_GEOSE,cssf_bcab9ac142f5,vespag,0.5944204498614022,63,1.0,63,44428,4341.2,1.0,0.0,0.5729,1.0,0.0850253965512726,2.747354486635889,0.0,0.1317576281228381,0.8682423718771619,Prokaryote,Stability,distilled-evolutionary-variant-effect-model,sequence,known-development-benchmark,available,,elastic_net,3,0.6386361767873995,0.6386361767873995,0.1568284355155924,0.36308214351854423,True,-0.41240866122087316,True,0.04421572692599729,0.04421572692599729,True
variantshift-development-v1,proteingym-v1.3,proteingym-substitutions-v1.3,S22A1_HUMAN_Yee_2023_abundance,S22A1_HUMAN_Yee_2023_abundance,S22A1_HUMAN,S22A1_HUMAN,cssf_dedbcf3c34ac,carp_640m,0.7397490370362886,553,0.9891500904159132,547,198790,34681.1,0.807,0.0,0.2778,1.0,3.8035488999913025,1.6210614975708275,0.0,0.1110711154474666,0.8889288845525334,Human,Expression,convolutional-protein-language-model,sequence,known-development-benchmark,available,,elastic_net,4,0.5954479526431725,0.5954479526431725,0.2328635673398888,-0.0935301469140345,True,1.6409730717117759,False,-0.14430108439311606,-0.14430108439311606,True
variantshift-development-v1,proteingym-v1.3,proteingym-substitutions-v1.3,S22A1_HUMAN_Yee_2023_abundance,S22A1_HUMAN_Yee_2023_abundance,S22A1_HUMAN,S22A1_HUMAN,cssf_dedbcf3c34ac,esm2_150m,0.6421579601088462,553,0.9891500904159132,547,198790,34681.1,0.807,0.0,0.2778,1.0,3.0365498059961538,1.3518933273467737,0.0,0.1150079212983038,0.8849920787016962,Human,Expression,masked-protein-language-model,sequence,known-development-benchmark,available,,elastic_net,4,0.4240580595721225,0.4240580595721225,0.2124166412347805,-0.20442331028789662,False,,False,-0.21809990053672368,-0.21809990053672368,True
variantshift-development-v1,proteingym-v1.3,proteingym-substitutions-v1.3,S22A1_HUMAN_Yee_2023_abundance,S22A1_HUMAN_Yee_2023_abundance,S22A1_HUMAN,S22A1_HUMAN,cssf_dedbcf3c34ac,esm2_35m,0.4969613964983007,553,0.9891500904159132,547,198790,34681.1,0.807,0.0,0.2778,1.0,2.7560468860105787,1.27432919806195,0.0,0.1110711154474666,0.8889288845525334,Human,Expression,masked-protein-language-model,sequence,known-development-benchmark,available,,elastic_net,4,0.38398484565914814,0.38398484565914814,0.21635227066886634,-0.25614094981468993,False,,False,-0.11297655083915253,-0.11297655083915253,True
variantshift-development-v1,proteingym-v1.3,proteingym-substitutions-v1.3,S22A1_HUMAN_Yee_2023_abundance,S22A1_HUMAN_Yee_2023_abundance,S22A1_HUMAN,S22A1_HUMAN,cssf_dedbcf3c34ac,esm2_650m,0.7799267640699822,553,0.9891500904159132,547,198790,34681.1,0.807,0.0,0.2778,1.0,3.758313183620955,1.5152975684601866,0.0,0.1068904437448224,0.8931095562551775,Human,Expression,masked-protein-language-model,sequence,known-development-benchmark,available,,elastic_net,4,0.5314191248894304,0.5314191248894304,0.23933935598635542,-0.17671902020750851,False,,False,-0.24850763918055174,-0.24850763918055174,True
variantshift-development-v1,proteingym-v1.3,proteingym-substitutions-v1.3,S22A1_HUMAN_Yee_2023_abundance,S22A1_HUMAN_Yee_2023_abundance,S22A1_HUMAN,S22A1_HUMAN,cssf_dedbcf3c34ac,esm2_8m,0.5115591272936019,553,0.9891500904159132,547,198790,34681.1,0.807,0.0,0.2778,1.0,2.4992414286965388,1.0928712291380611,0.0,0.1659427719630222,0.8340572280369778,Human,Expression,masked-protein-language-model,sequence,known-development-benchmark,available,,elastic_net,4,0.27805646806553985,0.27805646806553985,0.12766903075380398,-0.0996804496751299,False,,False,-0.23350265922806202,-0.23350265922806202,True
variantshift-development-v1,proteingym-v1.3,proteingym-substitutions-v1.3,S22A1_HUMAN_Yee_2023_abundance,S22A1_HUMAN_Yee_2023_abundance,S22A1_HUMAN,S22A1_HUMAN,cssf_dedbcf3c34ac,vespag,0.7941780034209104,553,0.9891500904159132,547,198790,34681.1,0.807,0.0,0.2778,1.0,0.088977795910961,2.616430943189162,0.0,0.1174003555910739,0.882599644408926,Human,Expression,distilled-evolutionary-variant-effect-model,sequence,known-development-benchmark,available,,elastic_net,4,0.5466652361274875,0.5466652361274875,0.15966618428137988,0.07425769953259426,False,,False,-0.24751276729342286,-0.24751276729342286,True
variantshift-development-v1,proteingym-v1.3,proteingym-substitutions-v1.3,S22A1_HUMAN_Yee_2023_activity,S22A1_HUMAN_Yee_2023_activity,S22A1_HUMAN,S22A1_HUMAN,cssf_dedbcf3c34ac,carp_640m,0.6755780850361874,553,0.9891500904159132,547,198790,34681.1,0.807,0.0,0.2778,1.0,3.839745389231642,1.651016218309581,0.0,0.1072597588044014,0.8927402411955986,Human,Activity,convolutional-protein-language-model,sequence,known-development-benchmark,available,,elastic_net,4,0.608629998693936,0.608629998693936,0.24177748101042765,-0.1067218757328311,True,1.6442685832244668,False,-0.06694808634225147,-0.06694808634225147,True
variantshift-development-v1,proteingym-v1.3,proteingym-substitutions-v1.3,S22A1_HUMAN_Yee_2023_activity,S22A1_HUMAN_Yee_2023_activity,S22A1_HUMAN,S22A1_HUMAN,cssf_dedbcf3c34ac,esm2_150m,0.4747143432096021,553,0.9891500904159132,547,198790,34681.1,0.807,0.0,0.2778,1.0,3.1060456505776783,1.3669178643605666,0.0,0.1112465813737642,0.8887534186262358,Human,Activity,masked-protein-language-model,sequence,known-development-benchmark,available,,elastic_net,4,0.43636658710970716,0.43636658710970716,0.21528091834859975,-0.20058937680135974,False,,False,-0.038347756099894936,-0.038347756099894936,True
variantshift-development-v1,proteingym-v1.3,proteingym-substitutions-v1.3,S22A1_HUMAN_Yee_2023_activity,S22A1_HUMAN_Yee_2023_activity,S22A1_HUMAN,S22A1_HUMAN,cssf_dedbcf3c34ac,esm2_35m,0.3518397691235302,553,0.9891500904159132,547,198790,34681.1,0.807,0.0,0.2778,1.0,2.828545807113414,1.275074938026436,0.0,0.1067055823816566,0.8932944176183434,Human,Activity,masked-protein-language-model,sequence,known-development-benchmark,available,,elastic_net,4,0.3934751195705435,0.3934751195705435,0.2193696062630358,-0.2555781271450033,False,,False,0.041635350447013275,0.041635350447013275,True
variantshift-development-v1,proteingym-v1.3,proteingym-substitutions-v1.3,S22A1_HUMAN_Yee_2023_activity,S22A1_HUMAN_Yee_2023_activity,S22A1_HUMAN,S22A1_HUMAN,cssf_dedbcf3c34ac,esm2_650m,0.6847893835872069,553,0.9891500904159132,547,198790,34681.1,0.807,0.0,0.2778,1.0,3.795400963033523,1.542650693491947,0.0,0.1041373353041869,0.8958626646958131,Human,Activity,masked-protein-language-model,sequence,known-development-benchmark,available,,elastic_net,4,0.5432757633300426,0.5432757633300426,0.21599872032575787,-0.09580397566413534,False,,False,-0.1415136202571643,-0.1415136202571643,True
variantshift-development-v1,proteingym-v1.3,proteingym-substitutions-v1.3,S22A1_HUMAN_Yee_2023_activity,S22A1_HUMAN_Yee_2023_activity,S22A1_HUMAN,S22A1_HUMAN,cssf_dedbcf3c34ac,esm2_8m,0.4329269127140515,553,0.9891500904159132,547,198790,34681.1,0.807,0.0,0.2778,1.0,2.585164873601146,1.0859636826962025,0.0,0.162254976839247,0.8377450231607529,Human,Activity,masked-protein-language-model,sequence,known-development-benchmark,available,,elastic_net,4,0.286319579598879,0.286319579598879,0.13912920871740525,-0.12532479616172487,False,,False,-0.1466073331151725,-0.1466073331151725,True
variantshift-development-v1,proteingym-v1.3,proteingym-substitutions-v1.3,S22A1_HUMAN_Yee_2023_activity,S22A1_HUMAN_Yee_2023_activity,S22A1_HUMAN,S22A1_HUMAN,cssf_dedbcf3c34ac,vespag,0.7165680582330466,553,0.9891500904159132,547,198790,34681.1,0.807,0.0,0.2778,1.0,0.0879596357157288,2.652965876730605,0.0,0.1122085957465395,0.8877914042534605,Human,Activity,distilled-evolutionary-variant-effect-model,sequence,known-development-benchmark,available,,elastic_net,4,0.5592940205187671,0.5592940205187671,0.17976254101439842,0.02742699084770195,False,,False,-0.1572740377142795,-0.1572740377142795,True
variantshift-development-v1,proteingym-v1.3,proteingym-substitutions-v1.3,SAV1_MOUSE_Tsuboyama_2023_2YSB,SAV1_MOUSE_Tsuboyama_2023_2YSB,SAV1_MOUSE,SAV1_MOUSE,cssf_6f0217bf6d08,carp_640m,0.8108670325897189,43,0.9767441860465116,42,177542,4519.3,0.791,0.0,0.4023,1.0,2.7657367473971965,1.9583410291114016,0.0,0.1133076800942447,0.8866923199057553,Eukaryote,Stability,convolutional-protein-language-model,sequence,known-development-benchmark,available,,elastic_net,3,0.5758694410595795,0.5758694410595795,0.1302031988293817,0.34709704743090164,False,,False,-0.23499759153013944,-0.23499759153013944,True
variantshift-development-v1,proteingym-v1.3,proteingym-substitutions-v1.3,SAV1_MOUSE_Tsuboyama_2023_2YSB,SAV1_MOUSE_Tsuboyama_2023_2YSB,SAV1_MOUSE,SAV1_MOUSE,cssf_6f0217bf6d08,esm2_150m,0.7862775759806017,43,0.9767441860465116,42,177542,4519.3,0.791,0.0,0.4023,1.0,3.396983923380262,1.2595419847253608,0.0,0.1010812111166944,0.8989187888833056,Eukaryote,Stability,masked-protein-language-model,sequence,known-development-benchmark,available,,elastic_net,3,0.4274031870477151,0.4274031870477151,0.17609943208273268,0.11798921752605057,False,,False,-0.35887438893288653,-0.35887438893288653,True
variantshift-development-v1,proteingym-v1.3,proteingym-substitutions-v1.3,SAV1_MOUSE_Tsuboyama_2023_2YSB,SAV1_MOUSE_Tsuboyama_2023_2YSB,SAV1_MOUSE,SAV1_MOUSE,cssf_6f0217bf6d08,esm2_35m,0.86117667701525,43,0.9767441860465116,42,177542,4519.3,0.791,0.0,0.4023,1.0,2.155518943486688,1.599651960874639,0.0,0.1643825682608202,0.8356174317391798,Eukaryote,Stability,masked-protein-language-model,sequence,known-development-benchmark,available,,elastic_net,3,0.355803528903689,0.355803528903689,0.13197877985804002,0.12391136613216452,False,,False,-0.5053731481115611,-0.5053731481115611,True
variantshift-development-v1,proteingym-v1.3,proteingym-substitutions-v1.3,SAV1_MOUSE_Tsuboyama_2023_2YSB,SAV1_MOUSE_Tsuboyama_2023_2YSB,SAV1_MOUSE,SAV1_MOUSE,cssf_6f0217bf6d08,esm2_650m,0.7321999955492737,43,0.9767441860465116,42,177542,4519.3,0.791,0.0,0.4023,1.0,3.6978822908352815,1.4430204988404016,0.0,0.0868959095520347,0.9131040904479653,Eukaryote,Stability,masked-protein-language-model,sequence,known-development-benchmark,available,,elastic_net,3,0.503750767070348,0.503750767070348,0.19282703635789153,0.16494570651476775,False,,False,-0.22844922847892568,-0.22844922847892568,True
variantshift-development-v1,proteingym-v1.3,proteingym-substitutions-v1.3,SAV1_MOUSE_Tsuboyama_2023_2YSB,SAV1_MOUSE_Tsuboyama_2023_2YSB,SAV1_MOUSE,SAV1_MOUSE,cssf_6f0217bf6d08,esm2_8m,0.4666895633372682,43,0.9767441860465116,42,177542,4519.3,0.791,0.0,0.4023,1.0,1.480358358551227,1.71770545579182,0.0,0.3783743488262748,0.6216256511737251,Eukaryote,Stability,masked-protein-language-model,sequence,known-development-benchmark,available,,elastic_net,3,0.2092417277057711,0.2092417277057711,0.1297947835446189,-0.01881306341290881,False,,False,-0.2574478356314971,-0.2574478356314971,True
variantshift-development-v1,proteingym-v1.3,proteingym-substitutions-v1.3,SAV1_MOUSE_Tsuboyama_2023_2YSB,SAV1_MOUSE_Tsuboyama_2023_2YSB,SAV1_MOUSE,SAV1_MOUSE,cssf_6f0217bf6d08,vespag,0.7008505307116406,43,0.9767441860465116,42,177542,4519.3,0.791,0.0,0.4023,1.0,0.0617632707919863,2.8632404880510554,0.0,0.1175986463678824,0.8824013536321176,Eukaryote,Stability,distilled-evolutionary-variant-effect-model,sequence,known-development-benchmark,available,,elastic_net,3,0.6117113230956676,0.6117113230956676,0.12045162198536188,0.40007285241448787,True,-0.5638774509984279,True,-0.08913920761597305,-0.08913920761597305,True
variantshift-development-v1,proteingym-v1.3,proteingym-substitutions-v1.3,SBI_STAAM_Tsuboyama_2023_2JVG,SBI_STAAM_Tsuboyama_2023_2JVG,SBI_STAAM,SBI_STAAM,cssf_60dadcbd5371,carp_640m,0.2796460181364781,56,1.0,56,14476,1513.6,0.875,0.0,0.6026,1.0,1.8079764316348368,1.8308060702074376,0.0,0.0809470032688253,0.9190529967311748,Prokaryote,Stability,convolutional-protein-language-model,sequence,known-development-benchmark,available,,elastic_net,2,0.5825723462724423,0.5825723462724423,0.10303631710027157,0.36152432617612523,True,-1.1787943031784742,True,0.30292632813596415,0.30292632813596415,False
variantshift-development-v1,proteingym-v1.3,proteingym-substitutions-v1.3,SBI_STAAM_Tsuboyama_2023_2JVG,SBI_STAAM_Tsuboyama_2023_2JVG,SBI_STAAM,SBI_STAAM,cssf_60dadcbd5371,esm2_150m,0.4352225239355638,56,1.0,56,14476,1513.6,0.875,0.0,0.6026,1.0,1.7574285721292024,1.6149836500038384,0.0,0.0720845849611835,0.9279154150388164,Prokaryote,Stability,masked-protein-language-model,sequence,known-development-benchmark,available,,elastic_net,2,0.4946084939652668,0.4946084939652668,0.14201193080322516,0.18994449764289278,False,,False,0.05938597002970297,0.05938597002970297,True
variantshift-development-v1,proteingym-v1.3,proteingym-substitutions-v1.3,SBI_STAAM_Tsuboyama_2023_2JVG,SBI_STAAM_Tsuboyama_2023_2JVG,SBI_STAAM,SBI_STAAM,cssf_60dadcbd5371,esm2_35m,0.2391845072587166,56,1.0,56,14476,1513.6,0.875,0.0,0.6026,1.0,1.4179709069472672,1.648151994589267,0.0,0.0533788121275808,0.9466211878724192,Prokaryote,Stability,masked-protein-language-model,sequence,known-development-benchmark,available,,elastic_net,2,0.49050006466188034,0.49050006466188034,0.13975256137736425,0.19068318586377386,False,,False,0.25131555740316375,0.25131555740316375,True
variantshift-development-v1,proteingym-v1.3,proteingym-substitutions-v1.3,SBI_STAAM_Tsuboyama_2023_2JVG,SBI_STAAM_Tsuboyama_2023_2JVG,SBI_STAAM,SBI_STAAM,cssf_60dadcbd5371,esm2_650m,0.8606596616932808,56,1.0,56,14476,1513.6,0.875,0.0,0.6026,1.0,2.8085847287319035,1.3614786255713696,0.0,0.1372783059656255,0.8627216940343745,Prokaryote,Stability,masked-protein-language-model,sequence,known-development-benchmark,available,,elastic_net,2,0.47309845821420343,0.47309845821420343,0.1657244381520871,0.11756305122325578,False,,False,-0.38756120347907735,-0.38756120347907735,True
variantshift-development-v1,proteingym-v1.3,proteingym-substitutions-v1.3,SBI_STAAM_Tsuboyama_2023_2JVG,SBI_STAAM_Tsuboyama_2023_2JVG,SBI_STAAM,SBI_STAAM,cssf_60dadcbd5371,esm2_8m,0.1558649249660965,56,1.0,56,14476,1513.6,0.875,0.0,0.6026,1.0,1.466247345297071,1.6891042855046778,0.0,0.0528041537405505,0.9471958462594494,Prokaryote,Stability,masked-protein-language-model,sequence,known-development-benchmark,available,,elastic_net,2,0.5021836577647092,0.5021836577647092,0.1382738229935742,0.2055391768276318,False,,False,0.3463187327986127,0.3463187327986127,False
variantshift-development-v1,proteingym-v1.3,proteingym-substitutions-v1.3,SBI_STAAM_Tsuboyama_2023_2JVG,SBI_STAAM_Tsuboyama_2023_2JVG,SBI_STAAM,SBI_STAAM,cssf_60dadcbd5371,vespag,0.8500893214851317,56,1.0,56,14476,1513.6,0.875,0.0,0.6026,1.0,0.0876268422327256,2.5015639404752923,0.0,0.2577574748609328,0.7422425251390672,Prokaryote,Stability,distilled-evolutionary-variant-effect-model,sequence,known-development-benchmark,available,,elastic_net,2,0.49165515288744754,0.49165515288744754,0.13043432913232028,0.21182905837329524,False,,False,-0.3584341685976842,-0.3584341685976842,True
variantshift-development-v1,proteingym-v1.3,proteingym-substitutions-v1.3,SC6A4_HUMAN_Young_2021,SC6A4_HUMAN_Young_2021,SC6A4_HUMAN,SC6A4_HUMAN,cssf_5602ca7080fe,carp_640m,0.7306525236640516,630,0.9714285714285714,612,40971,5552.2,0.805,0.0,0.275,1.0,4.861955271495686,1.5425347839451642,0.0,0.0922606857948817,0.9077393142051182,Human,Activity,convolutional-protein-language-model,sequence,known-development-benchmark,available,,elastic_net,0,0.727749815895151,0.727749815895151,0.322837299468647,-0.13067512843307527,True,0.8000452471073323,False,-0.0029027077689006697,-0.0029027077689006697,True
variantshift-development-v1,proteingym-v1.3,proteingym-substitutions-v1.3,SC6A4_HUMAN_Young_2021,SC6A4_HUMAN_Young_2021,SC6A4_HUMAN,SC6A4_HUMAN,cssf_5602ca7080fe,esm2_150m,0.5315913306444102,630,0.9714285714285714,612,40971,5552.2,0.805,0.0,0.275,1.0,3.1617188722569542,1.1798451902025673,0.0,0.0922606857948817,0.9077393142051182,Human,Activity,masked-protein-language-model,sequence,known-development-benchmark,available,,elastic_net,0,0.41391601109111,0.41391601109111,0.19470702968726292,-0.10381032163035186,False,,False,-0.11767531955330024,-0.11767531955330024,True
variantshift-development-v1,proteingym-v1.3,proteingym-substitutions-v1.3,SC6A4_HUMAN_Young_2021,SC6A4_HUMAN_Young_2021,SC6A4_HUMAN,SC6A4_HUMAN,cssf_5602ca7080fe,esm2_35m,0.2643572599783089,630,0.9714285714285714,612,40971,5552.2,0.805,0.0,0.275,1.0,2.3495557603990544,1.0307185509506271,0.0,0.1649846953506281,0.8350153046493719,Human,Activity,masked-protein-language-model,sequence,known-development-benchmark,available,,elastic_net,0,0.2593154576127452,0.2593154576127452,0.18076330275101526,-0.22133448078043727,False,,False,-0.0050418023655636746,-0.0050418023655636746,True
variantshift-development-v1,proteingym-v1.3,proteingym-substitutions-v1.3,SC6A4_HUMAN_Young_2021,SC6A4_HUMAN_Young_2021,SC6A4_HUMAN,SC6A4_HUMAN,cssf_5602ca7080fe,esm2_650m,0.5973827117300519,630,0.9714285714285714,612,40971,5552.2,0.805,0.0,0.275,1.0,3.626103791918837,1.2595955162060002,0.0,0.0708266175875136,0.9291733824124864,Human,Activity,masked-protein-language-model,sequence,known-development-benchmark,available,,elastic_net,0,0.49158787457030234,0.49158787457030234,0.20463199295632686,-0.052528952854617283,False,,False,-0.10579483715974952,-0.10579483715974952,True
variantshift-development-v1,proteingym-v1.3,proteingym-substitutions-v1.3,SC6A4_HUMAN_Young_2021,SC6A4_HUMAN_Young_2021,SC6A4_HUMAN,SC6A4_HUMAN,cssf_5602ca7080fe,esm2_8m,0.1000909690044223,630,0.9714285714285714,612,40971,5552.2,0.805,0.0,0.275,1.0,1.287611164434736,1.3617663704004292,0.0,0.3223112068742206,0.6776887931257793,Human,Activity,masked-protein-language-model,sequence,known-development-benchmark,available,,elastic_net,0,0.15962721423663412,0.15962721423663412,0.11768183815439452,-0.15328899938675583,False,,False,0.05953624523221182,0.05953624523221182,True
variantshift-development-v1,proteingym-v1.3,proteingym-substitutions-v1.3,SC6A4_HUMAN_Young_2021,SC6A4_HUMAN_Young_2021,SC6A4_HUMAN,SC6A4_HUMAN,cssf_5602ca7080fe,vespag,0.6984991070178467,630,0.9714285714285714,612,40971,5552.2,0.805,0.0,0.275,1.0,0.1339155335905648,2.4517886780211233,0.0,0.0788998729337329,0.9211001270662672,Human,Activity,distilled-evolutionary-variant-effect-model,sequence,known-development-benchmark,available,,elastic_net,0,0.5443313131052111,0.5443313131052111,0.23723628676538952,-0.08648038862317753,False,,False,-0.15416779391263558,-0.15416779391263558,True
variantshift-development-v1,proteingym-v1.3,proteingym-substitutions-v1.3,SCIN_STAAR_Tsuboyama_2023_2QFF,SCIN_STAAR_Tsuboyama_2023_2QFF,SCIN_STAAR,SCIN_STAAR,cssf_cf940c8da196,carp_640m,0.5143576920046453,70,1.0,70,38043,11456.5,0.9,0.0,0.5436,1.0,1.4777609468234798,1.578655195062378,0.0,0.0633993320030084,0.9366006679969916,Prokaryote,Stability,convolutional-protein-language-model,sequence,known-development-benchmark,available,,elastic_net,2,0.5111717431806222,0.5111717431806222,0.14414589868331074,0.20192965839277055,True,-0.09397154813225078,True,-0.0031859488240231215,-0.0031859488240231215,True
variantshift-development-v1,proteingym-v1.3,proteingym-substitutions-v1.3,SCIN_STAAR_Tsuboyama_2023_2QFF,SCIN_STAAR_Tsuboyama_2023_2QFF,SCIN_STAAR,SCIN_STAAR,cssf_cf940c8da196,esm2_150m,0.6523363885743666,70,1.0,70,38043,11456.5,0.9,0.0,0.5436,1.0,1.2716572670457644,1.6390849387042128,0.0,0.0420657426583752,0.9579342573416249,Prokaryote,Stability,masked-protein-language-model,sequence,known-development-benchmark,available,,elastic_net,2,0.47443265291538833,0.47443265291538833,0.1653901366062847,0.11961443668682825,False,,False,-0.17790373565897827,-0.17790373565897827,True
variantshift-development-v1,proteingym-v1.3,proteingym-substitutions-v1.3,SCIN_STAAR_Tsuboyama_2023_2QFF,SCIN_STAAR_Tsuboyama_2023_2QFF,SCIN_STAAR,SCIN_STAAR,cssf_cf940c8da196,esm2_35m,0.5182374033315688,70,1.0,70,38043,11456.5,0.9,0.0,0.5436,1.0,1.4947030323982848,1.586876636323323,0.0,0.0534115760623599,0.94658842393764,Prokaryote,Stability,masked-protein-language-model,sequence,known-development-benchmark,available,,elastic_net,2,0.4719361520713423,0.4719361520713423,0.12742073323378605,0.1985752479433438,False,,False,-0.04630125126022644,-0.04630125126022644,True
variantshift-development-v1,proteingym-v1.3,proteingym-substitutions-v1.3,SCIN_STAAR_Tsuboyama_2023_2QFF,SCIN_STAAR_Tsuboyama_2023_2QFF,SCIN_STAAR,SCIN_STAAR,cssf_cf940c8da196,esm2_650m,0.6297551236658286,70,1.0,70,38043,11456.5,0.9,0.0,0.5436,1.0,1.4918188556215597,1.6368918728946174,0.0,0.0647640029006375,0.9352359970993624,Prokaryote,Stability,masked-protein-language-model,sequence,known-development-benchmark,available,,elastic_net,2,0.47333720449934585,0.47333720449934585,0.1382193679477634,0.1768095481965284,False,,False,-0.1564179191664828,-0.1564179191664828,True
variantshift-development-v1,proteingym-v1.3,proteingym-substitutions-v1.3,SCIN_STAAR_Tsuboyama_2023_2QFF,SCIN_STAAR_Tsuboyama_2023_2QFF,SCIN_STAAR,SCIN_STAAR,cssf_cf940c8da196,esm2_8m,0.4103848164597106,70,1.0,70,38043,11456.5,0.9,0.0,0.5436,1.0,1.3421880859027022,1.654751782821246,0.0,0.0647640029006375,0.9352359970993624,Prokaryote,Stability,masked-protein-language-model,sequence,known-development-benchmark,available,,elastic_net,2,0.4663094830100174,0.4663094830100174,0.13599211004512485,0.17456005406894665,False,,False,0.05592466655030681,0.05592466655030681,True
variantshift-development-v1,proteingym-v1.3,proteingym-substitutions-v1.3,SCIN_STAAR_Tsuboyama_2023_2QFF,SCIN_STAAR_Tsuboyama_2023_2QFF,SCIN_STAAR,SCIN_STAAR,cssf_cf940c8da196,vespag,0.3117943621171827,70,1.0,70,38043,11456.5,0.9,0.0,0.5436,1.0,0.0722882045644669,2.5547781794019704,0.0,0.2852828345090838,0.7147171654909161,Prokaryote,Stability,distilled-evolutionary-variant-effect-model,sequence,known-development-benchmark,available,,elastic_net,2,0.4692499613211491,0.4692499613211491,0.11981302817054283,0.21221017763915895,False,,False,0.1574555992039664,0.1574555992039664,True
variantshift-development-v1,proteingym-v1.3,proteingym-substitutions-v1.3,SDA_BACSU_Tsuboyama_2023_1PV0,SDA_BACSU_Tsuboyama_2023_1PV0,SDA_BACSU,SDA_BACSU,cssf_3a5047c87583,carp_640m,0.5539423766037148,44,1.0,44,1953,882.2,0.886,0.0,0.5707,1.0,2.4798207603842823,2.163336706876741,0.0,0.1590379236885262,0.8409620763114738,Prokaryote,Stability,convolutional-protein-language-model,sequence,known-development-benchmark,available,,elastic_net,4,0.6591217773430225,0.6591217773430225,0.1681719011740169,0.16154820585909468,False,,False,0.10517940073930765,0.10517940073930765,True
variantshift-development-v1,proteingym-v1.3,proteingym-substitutions-v1.3,SDA_BACSU_Tsuboyama_2023_1PV0,SDA_BACSU_Tsuboyama_2023_1PV0,SDA_BACSU,SDA_BACSU,cssf_3a5047c87583,esm2_150m,0.5779435042072864,44,1.0,44,1953,882.2,0.886,0.0,0.5707,1.0,5.201115944499809,1.7467386764807693,0.0,0.1008083601769885,0.8991916398230114,Prokaryote,Stability,masked-protein-language-model,sequence,known-development-benchmark,available,,elastic_net,4,0.7928418198053024,0.7928418198053024,0.17856265532659374,0.26452491594530037,False,,False,0.2148983155980161,0.2148983155980161,True
variantshift-development-v1,proteingym-v1.3,proteingym-substitutions-v1.3,SDA_BACSU_Tsuboyama_2023_1PV0,SDA_BACSU_Tsuboyama_2023_1PV0,SDA_BACSU,SDA_BACSU,cssf_3a5047c87583,esm2_35m,0.4514635046088784,44,1.0,44,1953,882.2,0.886,0.0,0.5707,1.0,1.1836688526563808,1.5892473809687384,0.0,0.2246817958054433,0.7753182041945567,Prokaryote,Stability,masked-protein-language-model,sequence,known-development-benchmark,available,,elastic_net,4,0.3233895453508123,0.3233895453508123,0.17093383775429447,-0.1823558231983029,False,,False,-0.12807395925806608,-0.12807395925806608,True
variantshift-development-v1,proteingym-v1.3,proteingym-substitutions-v1.3,SDA_BACSU_Tsuboyama_2023_1PV0,SDA_BACSU_Tsuboyama_2023_1PV0,SDA_BACSU,SDA_BACSU,cssf_3a5047c87583,esm2_650m,0.6081099557106011,44,1.0,44,1953,882.2,0.886,0.0,0.5707,1.0,5.4651807398613395,1.7849635556826684,0.0,0.0969204029423409,0.9030795970576592,Prokaryote,Stability,masked-protein-language-model,sequence,known-development-benchmark,available,,elastic_net,4,0.8274847105704586,0.8274847105704586,0.16141663188012123,0.34989808961414187,True,-1.3130886559389625,True,0.21937475485985747,0.21937475485985747,True
variantshift-development-v1,proteingym-v1.3,proteingym-substitutions-v1.3,SDA_BACSU_Tsuboyama_2023_1PV0,SDA_BACSU_Tsuboyama_2023_1PV0,SDA_BACSU,SDA_BACSU,cssf_3a5047c87583,esm2_8m,0.3908148141737163,44,1.0,44,1953,882.2,0.886,0.0,0.5707,1.0,1.2046622871040715,1.5910883498916168,0.0,0.2227417853907202,0.7772582146092798,Prokaryote,Stability,masked-protein-language-model,sequence,known-development-benchmark,available,,elastic_net,4,0.32702356338788013,0.32702356338788013,0.16891042969684464,-0.17273510722486052,False,,False,-0.06379125078583614,-0.06379125078583614,True
variantshift-development-v1,proteingym-v1.3,proteingym-substitutions-v1.3,SDA_BACSU_Tsuboyama_2023_1PV0,SDA_BACSU_Tsuboyama_2023_1PV0,SDA_BACSU,SDA_BACSU,cssf_3a5047c87583,vespag,0.6105478642156442,44,1.0,44,1953,882.2,0.886,0.0,0.5707,1.0,0.0565641109862127,3.0481940928196636,0.0,0.1062650917528678,0.8937349082471322,Prokaryote,Stability,distilled-evolutionary-variant-effect-model,sequence,known-development-benchmark,available,,elastic_net,4,0.735525175676776,0.735525175676776,0.06879704555205363,0.5319739794073324,False,,False,0.12497731146113178,0.12497731146113178,True
variantshift-development-v1,proteingym-v1.3,proteingym-substitutions-v1.3,SERC_HUMAN_Xie_2023,SERC_HUMAN_Xie_2023,SERC_HUMAN,SERC_HUMAN,cssf_f2035d659d6a,carp_640m,0.4831045745451108,370,0.9891891891891892,366,232438,43437.3,0.949,0.0,0.3187,1.0,3.465482465684152,1.6918848558269597,0.0,0.0999116990684263,0.9000883009315737,Human,OrganismalFitness,convolutional-protein-language-model,sequence,known-development-benchmark,available,,elastic_net,2,0.5685838597970986,0.5685838597970986,0.15421904924431767,0.2377314336237354,True,1.3494392258761236,True,0.08547928525198778,0.08547928525198778,True
variantshift-development-v1,proteingym-v1.3,proteingym-substitutions-v1.3,SERC_HUMAN_Xie_2023,SERC_HUMAN_Xie_2023,SERC_HUMAN,SERC_HUMAN,cssf_f2035d659d6a,esm2_150m,0.4775806718783648,370,0.9891891891891892,366,232438,43437.3,0.949,0.0,0.3187,1.0,3.194712527809293,1.3772854179066174,0.0,0.1001895020884001,0.8998104979115998,Human,OrganismalFitness,masked-protein-language-model,sequence,known-development-benchmark,available,,elastic_net,2,0.4396825763491112,0.4396825763491112,0.152083409639512,0.11341182506055741,False,,False,-0.037898095529253606,-0.037898095529253606,True
variantshift-development-v1,proteingym-v1.3,proteingym-substitutions-v1.3,SERC_HUMAN_Xie_2023,SERC_HUMAN_Xie_2023,SERC_HUMAN,SERC_HUMAN,cssf_f2035d659d6a,esm2_35m,0.3971350658003441,370,0.9891891891891892,366,232438,43437.3,0.949,0.0,0.3187,1.0,2.5523182493878376,1.1431362238130718,0.0,0.1476351274839207,0.8523648725160793,Human,OrganismalFitness,masked-protein-language-model,sequence,known-development-benchmark,available,,elastic_net,2,0.31595422471514106,0.31595422471514106,0.10511461672091871,0.09044754354436135,False,,False,-0.08118084108520301,-0.08118084108520301,True
variantshift-development-v1,proteingym-v1.3,proteingym-substitutions-v1.3,SERC_HUMAN_Xie_2023,SERC_HUMAN_Xie_2023,SERC_HUMAN,SERC_HUMAN,cssf_f2035d659d6a,esm2_650m,0.5097345087046786,370,0.9891891891891892,366,232438,43437.3,0.949,0.0,0.3187,1.0,3.592091402955425,1.4687798400852543,0.0,0.1112923393117697,0.8887076606882303,Human,OrganismalFitness,masked-protein-language-model,sequence,known-development-benchmark,available,,elastic_net,2,0.4772726950308028,0.4772726950308028,0.17909728729164448,0.09304796850149105,False,,False,-0.03246181367387585,-0.03246181367387585,True
variantshift-development-v1,proteingym-v1.3,proteingym-substitutions-v1.3,SERC_HUMAN_Xie_2023,SERC_HUMAN_Xie_2023,SERC_HUMAN,SERC_HUMAN,cssf_f2035d659d6a,esm2_8m,0.005220230234308,370,0.9891891891891892,366,232438,43437.3,0.949,0.0,0.3187,1.0,1.3690087184311888,1.4528499302831777,0.0,0.3246648922506878,0.6753351077493122,Human,OrganismalFitness,masked-protein-language-model,sequence,known-development-benchmark,available,,elastic_net,2,0.16745038750758262,0.16745038750758262,0.1257982855004826,-0.10242981322136613,False,,False,0.1622301572732746,0.1622301572732746,True
variantshift-development-v1,proteingym-v1.3,proteingym-substitutions-v1.3,SERC_HUMAN_Xie_2023,SERC_HUMAN_Xie_2023,SERC_HUMAN,SERC_HUMAN,cssf_f2035d659d6a,vespag,0.5166365316718061,370,0.9891891891891892,366,232438,43437.3,0.949,0.0,0.3187,1.0,0.1700162955930249,2.09662878823417,0.0,0.1017391207355189,0.8982608792644811,Human,OrganismalFitness,distilled-evolutionary-variant-effect-model,sequence,known-development-benchmark,available,,elastic_net,2,0.4400967670766782,0.4400967670766782,0.15831881279538979,0.10044895068235432,False,,False,-0.0765397645951279,-0.0765397645951279,True
variantshift-development-v1,proteingym-v1.3,proteingym-substitutions-v1.3,SHOC2_HUMAN_Kwon_2022,SHOC2_HUMAN_Kwon_2022,SHOC2_HUMAN,SHOC2_HUMAN,cssf_6f5083a5504d,carp_640m,0.4555107235415244,582,0.993127147766323,578,22163,9048.0,0.777,0.0,0.2301,1.0,4.839088386119545,1.653722205795046,0.0,0.1821330231931113,0.8178669768068887,Human,OrganismalFitness,convolutional-protein-language-model,sequence,known-development-benchmark,available,,elastic_net,1,0.663951543299598,0.663951543299598,0.23838274551560315,0.19101904493025018,True,0.9430977053073204,True,0.20844081975807366,0.20844081975807366,True
variantshift-development-v1,proteingym-v1.3,proteingym-substitutions-v1.3,SHOC2_HUMAN_Kwon_2022,SHOC2_HUMAN_Kwon_2022,SHOC2_HUMAN,SHOC2_HUMAN,cssf_6f5083a5504d,esm2_150m,0.1303292507650501,582,0.993127147766323,578,22163,9048.0,0.777,0.0,0.2301,1.0,3.499763676222225,1.1085326052891544,0.0,0.1239120275784031,0.8760879724215969,Human,OrganismalFitness,masked-protein-language-model,sequence,known-development-benchmark,available,,elastic_net,1,0.4431639729119745,0.4431639729119745,0.15684732241879612,0.13199130018508626,False,,False,0.3128347221469244,0.3128347221469244,False
variantshift-development-v1,proteingym-v1.3,proteingym-substitutions-v1.3,SHOC2_HUMAN_Kwon_2022,SHOC2_HUMAN_Kwon_2022,SHOC2_HUMAN,SHOC2_HUMAN,cssf_6f5083a5504d,esm2_35m,0.1259019584695169,582,0.993127147766323,578,22163,9048.0,0.777,0.0,0.2301,1.0,3.357288170391038,1.0666472610935018,0.0,0.1268443800263956,0.8731556199736044,Human,OrganismalFitness,masked-protein-language-model,sequence,known-development-benchmark,available,,elastic_net,1,0.42171524259187865,0.42171524259187865,0.138455751573195,0.14702999067279238,False,,False,0.29581328412236174,0.29581328412236174,False
variantshift-development-v1,proteingym-v1.3,proteingym-substitutions-v1.3,SHOC2_HUMAN_Kwon_2022,SHOC2_HUMAN_Kwon_2022,SHOC2_HUMAN,SHOC2_HUMAN,cssf_6f5083a5504d,esm2_650m,0.3160702038369841,582,0.993127147766323,578,22163,9048.0,0.777,0.0,0.2301,1.0,4.661328342131585,1.6171418181236812,0.0,0.1595286229999034,0.8404713770000966,Human,OrganismalFitness,masked-protein-language-model,sequence,known-development-benchmark,available,,elastic_net,1,0.6094691896351705,0.6094691896351705,0.24574891731052767,0.12192278948003482,False,,False,0.2933989857981864,0.2933989857981864,True
variantshift-development-v1,proteingym-v1.3,proteingym-substitutions-v1.3,SHOC2_HUMAN_Kwon_2022,SHOC2_HUMAN_Kwon_2022,SHOC2_HUMAN,SHOC2_HUMAN,cssf_6f5083a5504d,esm2_8m,0.123557687902524,582,0.993127147766323,578,22163,9048.0,0.777,0.0,0.2301,1.0,3.074224415371303,1.0570274647265636,0.0,0.1347922699048229,0.865207730095177,Human,OrganismalFitness,masked-protein-language-model,sequence,known-development-benchmark,available,,elastic_net,1,0.39384046659602845,0.39384046659602845,0.13899029873960242,0.11809471540985589,False,,False,0.2702827786935045,0.2702827786935045,True
variantshift-development-v1,proteingym-v1.3,proteingym-substitutions-v1.3,SHOC2_HUMAN_Kwon_2022,SHOC2_HUMAN_Kwon_2022,SHOC2_HUMAN,SHOC2_HUMAN,cssf_6f5083a5504d,vespag,0.4068297783504308,582,0.993127147766323,578,22163,9048.0,0.777,0.0,0.2301,1.0,0.0884822036224344,2.4445333568148624,0.0,0.1239120275784031,0.8760879724215969,Human,OrganismalFitness,distilled-evolutionary-variant-effect-model,sequence,known-development-benchmark,available,,elastic_net,1,0.5825918129040127,0.5825918129040127,0.13672806676828647,0.3113341508862546,False,,False,0.17576203455358191,0.17576203455358191,True
variantshift-development-v1,proteingym-v1.3,proteingym-substitutions-v1.3,SOX30_HUMAN_Tsuboyama_2023_7JJK,SOX30_HUMAN_Tsuboyama_2023_7JJK,SOX30_HUMAN,SOX30_HUMAN,cssf_6cc095ce3976,carp_640m,0.5034930462048126,57,1.0,57,158104,14947.5,0.982,0.0,0.4393,1.0,2.930010722229436,1.9587507162766735,0.0,0.148254841776714,0.851745158223286,Human,Stability,convolutional-protein-language-model,sequence,known-development-benchmark,available,,elastic_net,3,0.5765864731655215,0.5765864731655215,0.12942553730092568,0.3491804629352343,True,0.10495465102897455,True,0.07309342696070886,0.07309342696070886,True
variantshift-development-v1,proteingym-v1.3,proteingym-substitutions-v1.3,SOX30_HUMAN_Tsuboyama_2023_7JJK,SOX30_HUMAN_Tsuboyama_2023_7JJK,SOX30_HUMAN,SOX30_HUMAN,cssf_6cc095ce3976,esm2_150m,0.6277310478661445,57,1.0,57,158104,14947.5,0.982,0.0,0.4393,1.0,2.9532126402082057,1.5355397078671713,0.0,0.100961546160939,0.899038453839061,Human,Stability,masked-protein-language-model,sequence,known-development-benchmark,available,,elastic_net,3,0.4515629705560543,0.4515629705560543,0.23910346248783526,0.03144831953333943,False,,False,-0.1761680773100902,-0.1761680773100902,True
variantshift-development-v1,proteingym-v1.3,proteingym-substitutions-v1.3,SOX30_HUMAN_Tsuboyama_2023_7JJK,SOX30_HUMAN_Tsuboyama_2023_7JJK,SOX30_HUMAN,SOX30_HUMAN,cssf_6cc095ce3976,esm2_35m,0.5338753841075559,57,1.0,57,158104,14947.5,0.982,0.0,0.4393,1.0,2.5421368677530367,1.6197064938212276,0.0,0.0979280898566251,0.9020719101433748,Human,Stability,masked-protein-language-model,sequence,known-development-benchmark,available,,elastic_net,3,0.4338560467476724,0.4338560467476724,0.23278914563692826,0.024835911014131185,False,,False,-0.10001933735988344,-0.10001933735988344,True
variantshift-development-v1,proteingym-v1.3,proteingym-substitutions-v1.3,SOX30_HUMAN_Tsuboyama_2023_7JJK,SOX30_HUMAN_Tsuboyama_2023_7JJK,SOX30_HUMAN,SOX30_HUMAN,cssf_6cc095ce3976,esm2_650m,0.5826126020652981,57,1.0,57,158104,14947.5,0.982,0.0,0.4393,1.0,2.9729753132981043,1.5043152096875114,0.0,0.0931229301477524,0.9068770698522476,Human,Stability,masked-protein-language-model,sequence,known-development-benchmark,available,,elastic_net,3,0.4504423703234589,0.4504423703234589,0.2255854024788132,0.054079508606109494,False,,False,-0.13217023174183917,-0.13217023174183917,True
variantshift-development-v1,proteingym-v1.3,proteingym-substitutions-v1.3,SOX30_HUMAN_Tsuboyama_2023_7JJK,SOX30_HUMAN_Tsuboyama_2023_7JJK,SOX30_HUMAN,SOX30_HUMAN,cssf_6cc095ce3976,esm2_8m,0.4708098249233233,57,1.0,57,158104,14947.5,0.982,0.0,0.4393,1.0,2.1027634390318077,1.5900455818739436,0.0,0.1351102585180069,0.864889741481993,Human,Stability,masked-protein-language-model,sequence,known-development-benchmark,available,,elastic_net,3,0.3672704407577094,0.3672704407577094,0.2029296598243488,0.01071465385185505,False,,False,-0.10353938416561387,-0.10353938416561387,True
variantshift-development-v1,proteingym-v1.3,proteingym-substitutions-v1.3,SOX30_HUMAN_Tsuboyama_2023_7JJK,SOX30_HUMAN_Tsuboyama_2023_7JJK,SOX30_HUMAN,SOX30_HUMAN,cssf_6cc095ce3976,vespag,0.5148562732431661,57,1.0,57,158104,14947.5,0.982,0.0,0.4393,1.0,0.0654983288486089,2.6221168067480893,0.0,0.129242121025353,0.870757878974647,Human,Stability,distilled-evolutionary-variant-effect-model,sequence,known-development-benchmark,available,,elastic_net,3,0.5554296183163894,0.5554296183163894,0.1609507324958943,0.2726325391322972,False,,False,0.0405733450732233,0.0405733450732233,True
variantshift-development-v1,proteingym-v1.3,proteingym-substitutions-v1.3,SPA_STAAU_Tsuboyama_2023_1LP1,SPA_STAAU_Tsuboyama_2023_1LP1,SPA_STAAU,SPA_STAAU,cssf_5e471b6b3e5d,carp_640m,0.3636787303370016,55,1.0,55,184804,2061.2,0.927,0.0,0.4716,0.0,1.1944545616211446,1.553784807384102,0.0,0.0437064498162937,0.9562935501837062,Prokaryote,Stability,convolutional-protein-language-model,sequence,known-development-benchmark,available,,elastic_net,3,0.43035412980446597,0.43035412980446597,0.19677507317536905,0.08461220563117966,False,,False,0.06667539946746437,0.06667539946746437,True
variantshift-development-v1,proteingym-v1.3,proteingym-substitutions-v1.3,SPA_STAAU_Tsuboyama_2023_1LP1,SPA_STAAU_Tsuboyama_2023_1LP1,SPA_STAAU,SPA_STAAU,cssf_5e471b6b3e5d,esm2_150m,0.187324058794824,55,1.0,55,184804,2061.2,0.927,0.0,0.4716,0.0,1.5764205191071563,1.5625823235861434,0.0,0.0343478303477984,0.9656521696522016,Prokaryote,Stability,masked-protein-language-model,sequence,known-development-benchmark,available,,elastic_net,3,0.4158557141020636,0.4158557141020636,0.15298063855827126,0.14706241887987498,False,,False,0.22853165530723962,0.22853165530723962,True
variantshift-development-v1,proteingym-v1.3,proteingym-substitutions-v1.3,SPA_STAAU_Tsuboyama_2023_1LP1,SPA_STAAU_Tsuboyama_2023_1LP1,SPA_STAAU,SPA_STAAU,cssf_5e471b6b3e5d,esm2_35m,0.2346862128408378,55,1.0,55,184804,2061.2,0.927,0.0,0.4716,0.0,1.4674473784647846,1.5787215726306822,0.0,0.0346576336446597,0.9653423663553402,Prokaryote,Stability,masked-protein-language-model,sequence,known-development-benchmark,available,,elastic_net,3,0.4092038099991166,0.4092038099991166,0.15624605426233196,0.13467304462621715,False,,False,0.1745175971582788,0.1745175971582788,True
variantshift-development-v1,proteingym-v1.3,proteingym-substitutions-v1.3,SPA_STAAU_Tsuboyama_2023_1LP1,SPA_STAAU_Tsuboyama_2023_1LP1,SPA_STAAU,SPA_STAAU,cssf_5e471b6b3e5d,esm2_650m,0.3495925271129964,55,1.0,55,184804,2061.2,0.927,0.0,0.4716,0.0,1.6331120240645418,1.4723647919601066,0.0,0.0412178259626316,0.9587821740373684,Prokaryote,Stability,masked-protein-language-model,sequence,known-development-benchmark,available,,elastic_net,3,0.3973531872240338,0.3973531872240338,0.14656590663936184,0.1398308407094742,False,,False,0.04776066011103741,0.04776066011103741,True
variantshift-development-v1,proteingym-v1.3,proteingym-substitutions-v1.3,SPA_STAAU_Tsuboyama_2023_1LP1,SPA_STAAU_Tsuboyama_2023_1LP1,SPA_STAAU,SPA_STAAU,cssf_5e471b6b3e5d,esm2_8m,0.2438873859385914,55,1.0,55,184804,2061.2,0.927,0.0,0.4716,0.0,1.6417830709798016,1.6202139665338564,0.0,0.0437064498162937,0.9562935501837062,Prokaryote,Stability,masked-protein-language-model,sequence,known-development-benchmark,available,,elastic_net,3,0.43000668307891116,0.43000668307891116,0.1287577831724914,0.20377394440946728,False,,False,0.18611929714031974,0.18611929714031974,True
variantshift-development-v1,proteingym-v1.3,proteingym-substitutions-v1.3,SPA_STAAU_Tsuboyama_2023_1LP1,SPA_STAAU_Tsuboyama_2023_1LP1,SPA_STAAU,SPA_STAAU,cssf_5e471b6b3e5d,vespag,0.2757282671341949,55,1.0,55,184804,2061.2,0.927,0.0,0.4716,0.0,0.0501200625916133,2.8225920880679767,0.0,0.3396365324591619,0.6603634675408381,Prokaryote,Stability,distilled-evolutionary-variant-effect-model,sequence,known-development-benchmark,available,,elastic_net,3,0.5419870891868274,0.5419870891868274,0.13121479023303817,0.31143728771510615,True,-0.8416533581333194,True,0.26625882205263246,0.26625882205263246,False
variantshift-development-v1,proteingym-v1.3,proteingym-substitutions-v1.3,SPG1_STRSG_Olson_2014,SPG1_STRSG_Olson_2014,SPG1_STRSG,SPG1_STRSG,cssf_b501bf9efe41,carp_640m,0.2204449025057381,448,0.1227678571428571,55,44,2.2,0.913,0.0,0.2424,1.0,2.354977707210862,1.4983109005292257,0.0,0.139734348935076,0.8602656510649239,Prokaryote,Binding,convolutional-protein-language-model,sequence,known-development-benchmark,available,,elastic_net,2,0.42353824476914864,0.42353824476914864,0.2524946689744389,-0.11814888295843567,False,,False,0.20309334226341055,0.20309334226341055,True
variantshift-development-v1,proteingym-v1.3,proteingym-substitutions-v1.3,SPG1_STRSG_Olson_2014,SPG1_STRSG_Olson_2014,SPG1_STRSG,SPG1_STRSG,cssf_b501bf9efe41,esm2_150m,0.4667980915112263,448,0.1227678571428571,55,44,2.2,0.913,0.0,0.2424,1.0,4.095733664507893,1.8388777324425276,0.0,0.0815178122745527,0.9184821877254472,Prokaryote,Binding,masked-protein-language-model,sequence,known-development-benchmark,available,,elastic_net,2,0.6032076205540775,0.6032076205540775,0.18685635724689992,0.20233704429268606,True,-3.2574989721705907,True,0.1364095290428512,0.1364095290428512,True
variantshift-development-v1,proteingym-v1.3,proteingym-substitutions-v1.3,SPG1_STRSG_Olson_2014,SPG1_STRSG_Olson_2014,SPG1_STRSG,SPG1_STRSG,cssf_b501bf9efe41,esm2_35m,0.5699493725550302,448,0.1227678571428571,55,44,2.2,0.913,0.0,0.2424,1.0,4.000235521578184,1.8171417933134288,0.0,0.0918249843534046,0.9081750156465952,Prokaryote,Binding,masked-protein-language-model,sequence,known-development-benchmark,available,,elastic_net,2,0.5850300363884452,0.5850300363884452,0.18824719177913019,0.1811756459896376,False,,False,0.015080663833414998,0.015080663833414998,True
variantshift-development-v1,proteingym-v1.3,proteingym-substitutions-v1.3,SPG1_STRSG_Olson_2014,SPG1_STRSG_Olson_2014,SPG1_STRSG,SPG1_STRSG,cssf_b501bf9efe41,esm2_650m,0.4915891422520013,448,0.1227678571428571,55,44,2.2,0.913,0.0,0.2424,1.0,4.11603414712182,1.8059064756773553,0.0,0.0790619501484983,0.9209380498515016,Prokaryote,Binding,masked-protein-language-model,sequence,known-development-benchmark,available,,elastic_net,2,0.6000096214957642,0.6000096214957642,0.19445375613879762,0.18284003503875784,False,,False,0.10842047924376291,0.10842047924376291,True
variantshift-development-v1,proteingym-v1.3,proteingym-substitutions-v1.3,SPG1_STRSG_Olson_2014,SPG1_STRSG_Olson_2014,SPG1_STRSG,SPG1_STRSG,cssf_b501bf9efe41,esm2_8m,0.6012817937155871,448,0.1227678571428571,55,44,2.2,0.913,0.0,0.2424,1.0,3.604500142156587,1.8848615196474092,0.0,0.0951430914529425,0.9048569085470576,Prokaryote,Binding,masked-protein-language-model,sequence,known-development-benchmark,available,,elastic_net,2,0.5680433269656631,0.5680433269656631,0.1788335996084085,0.18438430039480747,False,,False,-0.033238466749924034,-0.033238466749924034,True
variantshift-development-v1,proteingym-v1.3,proteingym-substitutions-v1.3,SPG1_STRSG_Olson_2014,SPG1_STRSG_Olson_2014,SPG1_STRSG,SPG1_STRSG,cssf_b501bf9efe41,vespag,0.5939143636354157,448,0.1227678571428571,55,44,2.2,0.913,0.0,0.2424,1.0,0.0294430313420738,2.648166147039422,0.0,0.176550415508381,0.823449584491619,Prokaryote,Binding,distilled-evolutionary-variant-effect-model,sequence,known-development-benchmark,available,,elastic_net,2,0.48184222839849833,0.48184222839849833,0.17016174542379164,0.11678728485409695,False,,False,-0.11207213523691739,-0.11207213523691739,True
variantshift-development-v1,proteingym-v1.3,proteingym-substitutions-v1.3,SPG2_STRSG_Tsuboyama_2023_5UBS,SPG2_STRSG_Tsuboyama_2023_5UBS,SPG2_STRSG,SPG2_STRSG,cssf_b501bf9efe41,carp_640m,0.4773129250113708,56,1.0,56,39899,3166.9,0.75,0.0,0.5563,1.0,1.7826703633687635,1.5744323046742577,0.0,0.0935295083490145,0.9064704916509856,Prokaryote,Stability,convolutional-protein-language-model,sequence,known-development-benchmark,available,,elastic_net,2,0.5732040460474652,0.5732040460474652,0.10927651498754713,0.33876867451224624,False,,False,0.09589112103609443,0.09589112103609443,True
variantshift-development-v1,proteingym-v1.3,proteingym-substitutions-v1.3,SPG2_STRSG_Tsuboyama_2023_5UBS,SPG2_STRSG_Tsuboyama_2023_5UBS,SPG2_STRSG,SPG2_STRSG,cssf_b501bf9efe41,esm2_150m,0.2614409555048709,56,1.0,56,39899,3166.9,0.75,0.0,0.5563,1.0,2.8924557930032497,0.9899081334679068,0.0,0.05517276393652,0.94482723606348,Prokaryote,Stability,masked-protein-language-model,sequence,known-development-benchmark,available,,elastic_net,2,0.5162373870813184,0.5162373870813184,0.11595987911675176,0.2674639214650995,False,,False,0.2547964315764475,0.2547964315764475,False
variantshift-development-v1,proteingym-v1.3,proteingym-substitutions-v1.3,SPG2_STRSG_Tsuboyama_2023_5UBS,SPG2_STRSG_Tsuboyama_2023_5UBS,SPG2_STRSG,SPG2_STRSG,cssf_b501bf9efe41,esm2_35m,0.2886504898407148,56,1.0,56,39899,3166.9,0.75,0.0,0.5563,1.0,2.510157454267773,1.0751007375698742,0.0,0.0634050362211309,0.9365949637788692,Prokaryote,Stability,masked-protein-language-model,sequence,known-development-benchmark,available,,elastic_net,2,0.5000793128529234,0.5000793128529234,0.11911002419611996,0.24454771231489003,False,,False,0.2114288230122086,0.2114288230122086,True
variantshift-development-v1,proteingym-v1.3,proteingym-substitutions-v1.3,SPG2_STRSG_Tsuboyama_2023_5UBS,SPG2_STRSG_Tsuboyama_2023_5UBS,SPG2_STRSG,SPG2_STRSG,cssf_b501bf9efe41,esm2_650m,0.3996674313721989,56,1.0,56,39899,3166.9,0.75,0.0,0.5563,1.0,3.252823156696411,0.9148806480235844,0.0,0.0584021117681266,0.9415978882318734,Prokaryote,Stability,masked-protein-language-model,sequence,known-development-benchmark,available,,elastic_net,2,0.524700908211958,0.524700908211958,0.11614996663471186,0.27551964007840724,False,,False,0.12503347683975913,0.12503347683975913,True
variantshift-development-v1,proteingym-v1.3,proteingym-substitutions-v1.3,SPG2_STRSG_Tsuboyama_2023_5UBS,SPG2_STRSG_Tsuboyama_2023_5UBS,SPG2_STRSG,SPG2_STRSG,cssf_b501bf9efe41,esm2_8m,0.0349088400014816,56,1.0,56,39899,3166.9,0.75,0.0,0.5563,1.0,2.400145245900497,1.1314674250912982,0.0,0.0815083120906583,0.9184916879093415,Prokaryote,Stability,masked-protein-language-model,sequence,known-development-benchmark,available,,elastic_net,2,0.4904251070222456,0.4904251070222456,0.10315604408441757,0.26912023173600735,False,,False,0.45551626702076403,0.45551626702076403,False
variantshift-development-v1,proteingym-v1.3,proteingym-substitutions-v1.3,SPG2_STRSG_Tsuboyama_2023_5UBS,SPG2_STRSG_Tsuboyama_2023_5UBS,SPG2_STRSG,SPG2_STRSG,cssf_b501bf9efe41,vespag,0.4461996914032497,56,1.0,56,39899,3166.9,0.75,0.0,0.5563,1.0,0.0700483143404864,2.5871217696723066,0.0,0.1566869224141367,0.8433130775858633,Prokaryote,Stability,distilled-evolutionary-variant-effect-model,sequence,known-development-benchmark,available,,elastic_net,2,0.6292887416036543,0.6292887416036543,0.057463616899164,0.5060096968880704,True,-0.8023047760516403,True,0.1830890502004046,0.1830890502004046,False
variantshift-development-v1,proteingym-v1.3,proteingym-substitutions-v1.3,SPIKE_SARS2_Starr_2020_binding,SPIKE_SARS2_Starr_2020_binding,SPIKE_SARS2,SPIKE_SARS2,cssf_761ae81d509c,carp_640m,-0.1402008328364567,1273,0.1578947368421052,201,36931,1347.0,0.998,0.0,0.198,1.0,0.9581326351467756,1.5226749996064868,0.0,0.0408738289235088,0.9591261710764912,Virus,Binding,convolutional-protein-language-model,sequence,known-development-benchmark,available,,elastic_net,1,0.4053078763627143,0.4053078763627143,0.2770815795438164,-0.14440004558587788,True,0.38192456556599214,False,0.545508709199171,0.545508709199171,True
variantshift-development-v1,proteingym-v1.3,proteingym-substitutions-v1.3,SPIKE_SARS2_Starr_2020_binding,SPIKE_SARS2_Starr_2020_binding,SPIKE_SARS2,SPIKE_SARS2,cssf_761ae81d509c,esm2_150m,-0.0994427274010861,1273,0.1578947368421052,201,36931,1347.0,0.998,0.0,0.198,1.0,0.9504462762182192,1.5388772020747472,0.0,0.033702185953772,0.966297814046228,Virus,Binding,masked-protein-language-model,sequence,known-development-benchmark,available,,elastic_net,1,0.3625014958196927,0.3625014958196927,0.3006134141507991,-0.23389172337146424,False,,False,0.4619442232207788,0.4619442232207788,True
variantshift-development-v1,proteingym-v1.3,proteingym-substitutions-v1.3,SPIKE_SARS2_Starr_2020_binding,SPIKE_SARS2_Starr_2020_binding,SPIKE_SARS2,SPIKE_SARS2,cssf_761ae81d509c,esm2_35m,-0.0653473624889405,1273,0.1578947368421052,201,36931,1347.0,0.998,0.0,0.198,1.0,0.9558735990225417,1.4362365806718562,0.0,0.0437220251839749,0.9562779748160252,Virus,Binding,masked-protein-language-model,sequence,known-development-benchmark,available,,elastic_net,1,0.332350483402152,0.332350483402152,0.27638379503823146,-0.21597308931916726,False,,False,0.3976978458910925,0.3976978458910925,True
variantshift-development-v1,proteingym-v1.3,proteingym-substitutions-v1.3,SPIKE_SARS2_Starr_2020_binding,SPIKE_SARS2_Starr_2020_binding,SPIKE_SARS2,SPIKE_SARS2,cssf_761ae81d509c,esm2_650m,-0.0488207882302149,1273,0.1578947368421052,201,36931,1347.0,0.998,0.0,0.198,1.0,0.8816608045184072,1.4973766638804251,0.0,0.0437220251839749,0.9562779748160252,Virus,Binding,masked-protein-language-model,sequence,known-development-benchmark,available,,elastic_net,1,0.3408028459913962,0.3408028459913962,0.2799908957754514,-0.21467692907935731,False,,False,0.3896236342216111,0.3896236342216111,True
variantshift-development-v1,proteingym-v1.3,proteingym-substitutions-v1.3,SPIKE_SARS2_Starr_2020_binding,SPIKE_SARS2_Starr_2020_binding,SPIKE_SARS2,SPIKE_SARS2,cssf_761ae81d509c,esm2_8m,-0.1414291593016323,1273,0.1578947368421052,201,36931,1347.0,0.998,0.0,0.198,1.0,0.8784208762604753,1.538482369542682,0.0,0.040373342902081,0.959626657097919,Virus,Binding,masked-protein-language-model,sequence,known-development-benchmark,available,,elastic_net,1,0.3522936066183472,0.3522936066183472,0.2871163833220635,-0.217322571740447,False,,False,0.4937227659199795,0.4937227659199795,True
variantshift-development-v1,proteingym-v1.3,proteingym-substitutions-v1.3,SPIKE_SARS2_Starr_2020_binding,SPIKE_SARS2_Starr_2020_binding,SPIKE_SARS2,SPIKE_SARS2,cssf_761ae81d509c,vespag,0.5181077084694466,1273,0.1578947368421052,201,36931,1347.0,0.998,0.0,0.198,1.0,0.0373370392480895,2.6266083236026017,0.0,0.414096660702659,0.585903339297341,Virus,Binding,distilled-evolutionary-variant-effect-model,sequence,known-development-benchmark,available,,elastic_net,1,0.32767866488885977,0.32767866488885977,0.14637572507221808,0.03728081243817655,False,,False,-0.19042904358058688,-0.19042904358058688,True
variantshift-development-v1,proteingym-v1.3,proteingym-substitutions-v1.3,SPIKE_SARS2_Starr_2020_expression,SPIKE_SARS2_Starr_2020_expression,SPIKE_SARS2,SPIKE_SARS2,cssf_761ae81d509c,carp_640m,-0.228135489599217,1273,0.1578947368421052,201,36931,1347.0,0.998,0.0,0.198,1.0,0.9585639760649134,1.5233570531587026,0.0,0.0408897500546456,0.9591102499453544,Virus,Expression,convolutional-protein-language-model,sequence,known-development-benchmark,available,,elastic_net,1,0.405477254419583,0.405477254419583,0.30656047746462073,-0.20271446765769102,True,0.38196691008020933,False,0.6336127440188,0.6336127440188,False
variantshift-development-v1,proteingym-v1.3,proteingym-substitutions-v1.3,SPIKE_SARS2_Starr_2020_expression,SPIKE_SARS2_Starr_2020_expression,SPIKE_SARS2,SPIKE_SARS2,cssf_761ae81d509c,esm2_150m,-0.2211263809768465,1273,0.1578947368421052,201,36931,1347.0,0.998,0.0,0.198,1.0,0.9508598707412808,1.539511786337297,0.0,0.0337160216319212,0.9662839783680788,Virus,Expression,masked-protein-language-model,sequence,known-development-benchmark,available,,elastic_net,1,0.3626606876260075,0.3626606876260075,0.32364355554696983,-0.27942250918803674,False,,False,0.583787068602854,0.583787068602854,True
variantshift-development-v1,proteingym-v1.3,proteingym-substitutions-v1.3,SPIKE_SARS2_Starr_2020_expression,SPIKE_SARS2_Starr_2020_expression,SPIKE_SARS2,SPIKE_SARS2,cssf_761ae81d509c,esm2_35m,-0.1612419894258618,1273,0.1578947368421052,201,36931,1347.0,0.998,0.0,0.198,1.0,0.9563059580318644,1.436752701557208,0.0,0.0437306403448223,0.9562693596551776,Virus,Expression,masked-protein-language-model,sequence,known-development-benchmark,available,,elastic_net,1,0.3324886392422372,0.3324886392422372,0.30715871204505363,-0.2768899328904933,False,,False,0.493730628668099,0.493730628668099,True
variantshift-development-v1,proteingym-v1.3,proteingym-substitutions-v1.3,SPIKE_SARS2_Starr_2020_expression,SPIKE_SARS2_Starr_2020_expression,SPIKE_SARS2,SPIKE_SARS2,cssf_761ae81d509c,esm2_650m,-0.2419490613367358,1273,0.1578947368421052,201,36931,1347.0,0.998,0.0,0.198,1.0,0.8820301345765238,1.4979202180203428,0.0,0.0437306403448223,0.9562693596551776,Virus,Expression,masked-protein-language-model,sequence,known-development-benchmark,available,,elastic_net,1,0.34094273277603837,0.34094273277603837,0.3094697936962557,-0.27302084242339697,False,,False,0.5828917941127741,0.5828917941127741,True
variantshift-development-v1,proteingym-v1.3,proteingym-substitutions-v1.3,SPIKE_SARS2_Starr_2020_expression,SPIKE_SARS2_Starr_2020_expression,SPIKE_SARS2,SPIKE_SARS2,cssf_761ae81d509c,esm2_8m,-0.262285708616972,1273,0.1578947368421052,201,36931,1347.0,0.998,0.0,0.198,1.0,0.8788964138165833,1.5389208681414168,0.0,0.0403897075779471,0.9596102924220528,Virus,Expression,masked-protein-language-model,sequence,known-development-benchmark,available,,elastic_net,1,0.3524115380680749,0.3524115380680749,0.31659528124286784,-0.2756884404194012,False,,False,0.6146972466850469,0.6146972466850469,True
variantshift-development-v1,proteingym-v1.3,proteingym-substitutions-v1.3,SPIKE_SARS2_Starr_2020_expression,SPIKE_SARS2_Starr_2020_expression,SPIKE_SARS2,SPIKE_SARS2,cssf_761ae81d509c,vespag,0.567935533496313,1273,0.1578947368421052,201,36931,1347.0,0.998,0.0,0.198,1.0,0.0373356252671594,2.6279861602782613,0.0,0.4144732156180641,0.5855267843819358,Virus,Expression,distilled-evolutionary-variant-effect-model,sequence,known-development-benchmark,available,,elastic_net,1,0.32769570627430034,0.32769570627430034,0.18563360062850398,-0.04058666389745258,False,,False,-0.24023982722201265,-0.24023982722201265,True
variantshift-development-v1,proteingym-v1.3,proteingym-substitutions-v1.3,SPTN1_CHICK_Tsuboyama_2023_1TUD,SPTN1_CHICK_Tsuboyama_2023_1TUD,SPTN1_CHICK,SPTN1_CHICK,cssf_b0e1111705e5,carp_640m,0.6276992762837872,60,1.0,60,420793,17136.8,0.933,0.0,0.5773,0.0,2.5666113922740563,1.640670549079967,0.0,0.1491536179282864,0.8508463820717136,Eukaryote,Stability,convolutional-protein-language-model,sequence,known-development-benchmark,available,,elastic_net,3,0.5664129792497165,0.5664129792497165,0.1393115631620729,0.32163681360033447,False,,False,-0.061286297034070736,-0.061286297034070736,True
variantshift-development-v1,proteingym-v1.3,proteingym-substitutions-v1.3,SPTN1_CHICK_Tsuboyama_2023_1TUD,SPTN1_CHICK_Tsuboyama_2023_1TUD,SPTN1_CHICK,SPTN1_CHICK,cssf_b0e1111705e5,esm2_150m,0.7401747201891618,60,1.0,60,420793,17136.8,0.933,0.0,0.5773,0.0,3.6004470387752563,1.3897906964572064,0.0,0.0812984910292127,0.9187015089707872,Eukaryote,Stability,masked-protein-language-model,sequence,known-development-benchmark,available,,elastic_net,3,0.5843667829815857,0.5843667829815857,0.12056016164664596,0.37253760363626526,False,,False,-0.15580793720757602,-0.15580793720757602,True
variantshift-development-v1,proteingym-v1.3,proteingym-substitutions-v1.3,SPTN1_CHICK_Tsuboyama_2023_1TUD,SPTN1_CHICK_Tsuboyama_2023_1TUD,SPTN1_CHICK,SPTN1_CHICK,cssf_b0e1111705e5,esm2_35m,0.6646883350390469,60,1.0,60,420793,17136.8,0.933,0.0,0.5773,0.0,3.245270596071434,1.3285115258153757,0.0,0.0783197858560751,0.9216802141439248,Eukaryote,Stability,masked-protein-language-model,sequence,known-development-benchmark,available,,elastic_net,3,0.5392228051415535,0.5392228051415535,0.11878159272188732,0.3305186447958338,False,,False,-0.12546552989749338,-0.12546552989749338,True
variantshift-development-v1,proteingym-v1.3,proteingym-substitutions-v1.3,SPTN1_CHICK_Tsuboyama_2023_1TUD,SPTN1_CHICK_Tsuboyama_2023_1TUD,SPTN1_CHICK,SPTN1_CHICK,cssf_b0e1111705e5,esm2_650m,0.7140679675928463,60,1.0,60,420793,17136.8,0.933,0.0,0.5773,0.0,4.487274464647395,1.321657285089846,0.0,0.121165993628338,0.878834006371662,Eukaryote,Stability,masked-protein-language-model,sequence,known-development-benchmark,available,,elastic_net,3,0.6307992363568572,0.6307992363568572,0.15662243907834356,0.3556071473294038,False,,False,-0.0832687312359891,-0.0832687312359891,True
variantshift-development-v1,proteingym-v1.3,proteingym-substitutions-v1.3,SPTN1_CHICK_Tsuboyama_2023_1TUD,SPTN1_CHICK_Tsuboyama_2023_1TUD,SPTN1_CHICK,SPTN1_CHICK,cssf_b0e1111705e5,esm2_8m,-0.1243398984666562,60,1.0,60,420793,17136.8,0.933,0.0,0.5773,0.0,1.5159705503874223,1.3121889111139482,0.0,0.387777655110413,0.6122223448895869,Eukaryote,Stability,masked-protein-language-model,sequence,known-development-benchmark,available,,elastic_net,3,0.21551471157082241,0.21551471157082241,0.12337219393411383,-0.0012553245518200362,False,,False,0.33985461003747863,0.33985461003747863,False
variantshift-development-v1,proteingym-v1.3,proteingym-substitutions-v1.3,SPTN1_CHICK_Tsuboyama_2023_1TUD,SPTN1_CHICK_Tsuboyama_2023_1TUD,SPTN1_CHICK,SPTN1_CHICK,cssf_b0e1111705e5,vespag,0.8574742642053289,60,1.0,60,420793,17136.8,0.933,0.0,0.5773,0.0,0.0486663619725109,3.0041984194394677,0.0,0.121165993628338,0.878834006371662,Eukaryote,Stability,distilled-evolutionary-variant-effect-model,sequence,known-development-benchmark,available,,elastic_net,3,0.7389406912823065,0.7389406912823065,0.12123938991218274,0.5259180798437337,True,0.2312055787326637,True,-0.11853357292302236,-0.11853357292302236,True
variantshift-development-v1,proteingym-v1.3,proteingym-substitutions-v1.3,SQSTM_MOUSE_Tsuboyama_2023_2RRU,SQSTM_MOUSE_Tsuboyama_2023_2RRU,SQSTM_MOUSE,SQSTM_MOUSE,cssf_fd3d638b0af8,carp_640m,0.8148578975791813,40,1.0,40,34660,3370.9,0.925,0.0,0.687,1.0,2.9496020659013076,1.8495006450942744,0.0,0.1472803092819141,0.8527196907180858,Eukaryote,Stability,convolutional-protein-language-model,sequence,known-development-benchmark,available,,elastic_net,2,0.6006687827183714,0.6006687827183714,0.11054384505835446,0.36351455621196915,True,-0.932076402840855,True,-0.21418911486080983,-0.21418911486080983,True
variantshift-development-v1,proteingym-v1.3,proteingym-substitutions-v1.3,SQSTM_MOUSE_Tsuboyama_2023_2RRU,SQSTM_MOUSE_Tsuboyama_2023_2RRU,SQSTM_MOUSE,SQSTM_MOUSE,cssf_fd3d638b0af8,esm2_150m,0.7004100797860173,40,1.0,40,34660,3370.9,0.925,0.0,0.687,1.0,2.5552119116165377,1.631062820337131,0.0,0.1373287069085126,0.8626712930914874,Eukaryote,Stability,masked-protein-language-model,sequence,known-development-benchmark,available,,elastic_net,2,0.4889080126781285,0.4889080126781285,0.15516752959539393,0.1560207728622937,False,,False,-0.21150206710788882,-0.21150206710788882,True
variantshift-development-v1,proteingym-v1.3,proteingym-substitutions-v1.3,SQSTM_MOUSE_Tsuboyama_2023_2RRU,SQSTM_MOUSE_Tsuboyama_2023_2RRU,SQSTM_MOUSE,SQSTM_MOUSE,cssf_fd3d638b0af8,esm2_35m,0.3760429435077123,40,1.0,40,34660,3370.9,0.925,0.0,0.687,1.0,2.1131573238346544,1.5522019806607683,0.0,0.1772920127549043,0.8227079872450956,Eukaryote,Stability,masked-protein-language-model,sequence,known-development-benchmark,available,,elastic_net,2,0.41444946073538264,0.41444946073538264,0.11032619139057456,0.17776217553359464,False,,False,0.038406517227670356,0.038406517227670356,True
variantshift-development-v1,proteingym-v1.3,proteingym-substitutions-v1.3,SQSTM_MOUSE_Tsuboyama_2023_2RRU,SQSTM_MOUSE_Tsuboyama_2023_2RRU,SQSTM_MOUSE,SQSTM_MOUSE,cssf_fd3d638b0af8,esm2_650m,1.059980867736171,40,1.0,40,34660,3370.9,0.925,0.0,0.687,1.0,3.378156746651538,1.6767041035726775,0.0,0.1489362186189466,0.8510637813810533,Eukaryote,Stability,masked-protein-language-model,sequence,known-development-benchmark,available,,elastic_net,2,0.5470813365198436,0.5470813365198436,0.14053645984537316,0.24558272831615985,False,,False,-0.5128995312163275,-0.5128995312163275,True
variantshift-development-v1,proteingym-v1.3,proteingym-substitutions-v1.3,SQSTM_MOUSE_Tsuboyama_2023_2RRU,SQSTM_MOUSE_Tsuboyama_2023_2RRU,SQSTM_MOUSE,SQSTM_MOUSE,cssf_fd3d638b0af8,esm2_8m,-0.1345285245253107,40,1.0,40,34660,3370.9,0.925,0.0,0.687,1.0,0.8096772345380114,1.702204831159203,0.0,0.3260052385486716,0.6739947614513284,Eukaryote,Stability,masked-protein-language-model,sequence,known-development-benchmark,available,,elastic_net,2,0.2467956170221703,0.2467956170221703,0.16666664819793453,-0.11076115166930045,False,,False,0.38132414154748095,0.38132414154748095,False
variantshift-development-v1,proteingym-v1.3,proteingym-substitutions-v1.3,SQSTM_MOUSE_Tsuboyama_2023_2RRU,SQSTM_MOUSE_Tsuboyama_2023_2RRU,SQSTM_MOUSE,SQSTM_MOUSE,cssf_fd3d638b0af8,vespag,0.9511033580896792,40,1.0,40,34660,3370.9,0.925,0.0,0.687,1.0,0.0621536087959635,2.6890292658298276,0.0,0.1568932627371619,0.843106737262838,Eukaryote,Stability,distilled-evolutionary-variant-effect-model,sequence,known-development-benchmark,available,,elastic_net,2,0.5790712919151095,0.5790712919151095,0.07242780255129726,0.42368896843482823,False,,False,-0.37203206617456963,-0.37203206617456963,True
variantshift-development-v1,proteingym-v1.3,proteingym-substitutions-v1.3,SR43C_ARATH_Tsuboyama_2023_2N88,SR43C_ARATH_Tsuboyama_2023_2N88,SR43C_ARATH,SR43C_ARATH,cssf_63a1a4e89751,carp_640m,0.8850028213618454,48,1.0,48,101118,12170.6,0.917,0.0,0.5096,1.0,2.675187313002302,2.1561809053546885,0.0,0.0597377077721332,0.9402622922278668,Eukaryote,Stability,convolutional-protein-language-model,sequence,known-development-benchmark,available,,elastic_net,2,0.7011073487721037,0.7011073487721037,0.0902913091534234,0.5074017148561948,True,-0.1893414073512125,True,-0.1838954725897417,-0.1838954725897417,True
variantshift-development-v1,proteingym-v1.3,proteingym-substitutions-v1.3,SR43C_ARATH_Tsuboyama_2023_2N88,SR43C_ARATH_Tsuboyama_2023_2N88,SR43C_ARATH,SR43C_ARATH,cssf_63a1a4e89751,esm2_150m,0.895160087275496,48,1.0,48,101118,12170.6,0.917,0.0,0.5096,1.0,5.106793571672587,1.2845255874553525,0.0,0.0282566322916922,0.9717433677083076,Eukaryote,Stability,masked-protein-language-model,sequence,known-development-benchmark,available,,elastic_net,2,0.6764043477187205,0.6764043477187205,0.15698901299903745,0.3396094051496723,False,,False,-0.21875573955677552,-0.21875573955677552,True
variantshift-development-v1,proteingym-v1.3,proteingym-substitutions-v1.3,SR43C_ARATH_Tsuboyama_2023_2N88,SR43C_ARATH_Tsuboyama_2023_2N88,SR43C_ARATH,SR43C_ARATH,cssf_63a1a4e89751,esm2_35m,0.6654976771817478,48,1.0,48,101118,12170.6,0.917,0.0,0.5096,1.0,4.73773519144037,1.1524136657508364,0.0,0.0480499765990936,0.9519500234009064,Eukaryote,Stability,masked-protein-language-model,sequence,known-development-benchmark,available,,elastic_net,2,0.6110744117875312,0.6110744117875312,0.15687769581247843,0.27451828252610166,False,,False,-0.0544232653942166,-0.0544232653942166,True
variantshift-development-v1,proteingym-v1.3,proteingym-substitutions-v1.3,SR43C_ARATH_Tsuboyama_2023_2N88,SR43C_ARATH_Tsuboyama_2023_2N88,SR43C_ARATH,SR43C_ARATH,cssf_63a1a4e89751,esm2_650m,0.8400756255377646,48,1.0,48,101118,12170.6,0.917,0.0,0.5096,1.0,5.384240660771503,1.268408247355814,0.0,0.0333951816542701,0.96660481834573,Eukaryote,Stability,masked-protein-language-model,sequence,known-development-benchmark,available,,elastic_net,2,0.6890730475000654,0.6890730475000654,0.18440321704710125,0.2934652931197828,False,,False,-0.15100257803769923,-0.15100257803769923,True
variantshift-development-v1,proteingym-v1.3,proteingym-substitutions-v1.3,SR43C_ARATH_Tsuboyama_2023_2N88,SR43C_ARATH_Tsuboyama_2023_2N88,SR43C_ARATH,SR43C_ARATH,cssf_63a1a4e89751,esm2_8m,-0.4819955809162785,48,1.0,48,101118,12170.6,0.917,0.0,0.5096,1.0,0.9455089035226802,1.6857249760136954,0.0,0.5646294776422545,0.4353705223577455,Eukaryote,Stability,masked-protein-language-model,sequence,known-development-benchmark,available,,elastic_net,2,0.0825478289265924,0.0825478289265924,0.17807348988680144,-0.29948050320810926,False,,False,0.5645434098428709,0.5645434098428709,False
variantshift-development-v1,proteingym-v1.3,proteingym-substitutions-v1.3,SR43C_ARATH_Tsuboyama_2023_2N88,SR43C_ARATH_Tsuboyama_2023_2N88,SR43C_ARATH,SR43C_ARATH,cssf_63a1a4e89751,vespag,0.6918045000098799,48,1.0,48,101118,12170.6,0.917,0.0,0.5096,1.0,0.0597663193960736,2.9018265731312565,0.0,0.0480499765990936,0.9519500234009064,Eukaryote,Stability,distilled-evolutionary-variant-effect-model,sequence,known-development-benchmark,available,,elastic_net,2,0.6955329568101644,0.6955329568101644,0.08835007658066807,0.5059919284317036,False,,False,0.003728456800284441,0.003728456800284441,True
variantshift-development-v1,proteingym-v1.3,proteingym-substitutions-v1.3,SRBS1_HUMAN_Tsuboyama_2023_2O2W,SRBS1_HUMAN_Tsuboyama_2023_2O2W,SRBS1_HUMAN,SRBS1_HUMAN,cssf_784e4bfd3195,carp_640m,0.8346831792317444,67,1.0,67,708655,24366.5,0.836,0.0,0.5953,1.0,3.5803744972503178,2.2192789469072096,0.0,0.1379870224136894,0.8620129775863106,Human,Stability,convolutional-protein-language-model,sequence,known-development-benchmark,available,,elastic_net,0,0.8222065522362451,0.8222065522362451,0.12156834970965663,0.4989560975851052,True,0.5564226568923707,True,-0.01247662699549934,-0.01247662699549934,True
variantshift-development-v1,proteingym-v1.3,proteingym-substitutions-v1.3,SRBS1_HUMAN_Tsuboyama_2023_2O2W,SRBS1_HUMAN_Tsuboyama_2023_2O2W,SRBS1_HUMAN,SRBS1_HUMAN,cssf_784e4bfd3195,esm2_150m,0.7863039007903414,67,1.0,67,708655,24366.5,0.836,0.0,0.5953,1.0,3.155630022534698,1.3515089204573183,0.0,0.0622624866453598,0.9377375133546402,Human,Stability,masked-protein-language-model,sequence,known-development-benchmark,available,,elastic_net,0,0.5487338258323005,0.5487338258323005,0.1253889782656533,0.2153243131637682,False,,False,-0.23757007495804094,-0.23757007495804094,True
variantshift-development-v1,proteingym-v1.3,proteingym-substitutions-v1.3,SRBS1_HUMAN_Tsuboyama_2023_2O2W,SRBS1_HUMAN_Tsuboyama_2023_2O2W,SRBS1_HUMAN,SRBS1_HUMAN,cssf_784e4bfd3195,esm2_35m,0.7836711378767469,67,1.0,67,708655,24366.5,0.836,0.0,0.5953,1.0,2.7174242021373876,1.2845984314558323,0.0,0.091095671136797,0.9089043288632028,Human,Stability,masked-protein-language-model,sequence,known-development-benchmark,available,,elastic_net,0,0.4735300118888674,0.4735300118888674,0.16566671162386204,0.03302193572536527,False,,False,-0.3101411259878795,-0.3101411259878795,True
variantshift-development-v1,proteingym-v1.3,proteingym-substitutions-v1.3,SRBS1_HUMAN_Tsuboyama_2023_2O2W,SRBS1_HUMAN_Tsuboyama_2023_2O2W,SRBS1_HUMAN,SRBS1_HUMAN,cssf_784e4bfd3195,esm2_650m,0.7917770030389841,67,1.0,67,708655,24366.5,0.836,0.0,0.5953,1.0,4.654566819318374,1.3491515337620044,0.0,0.0920185402645001,0.9079814597354998,Human,Stability,masked-protein-language-model,sequence,known-development-benchmark,available,,elastic_net,0,0.6886747187372724,0.6886747187372724,0.14773364455895616,0.29585069928643404,False,,False,-0.10310228430171176,-0.10310228430171176,True
variantshift-development-v1,proteingym-v1.3,proteingym-substitutions-v1.3,SRBS1_HUMAN_Tsuboyama_2023_2O2W,SRBS1_HUMAN_Tsuboyama_2023_2O2W,SRBS1_HUMAN,SRBS1_HUMAN,cssf_784e4bfd3195,esm2_8m,0.4665896395908994,67,1.0,67,708655,24366.5,0.836,0.0,0.5953,1.0,1.975526258316345,1.2742181282553244,0.0,0.1697175472785839,0.8302824527214161,Human,Stability,masked-protein-language-model,sequence,known-development-benchmark,available,,elastic_net,0,0.35806882446379673,0.35806882446379673,0.15854987582524938,-0.06351557285506021,False,,False,-0.10852081512710265,-0.10852081512710265,True
variantshift-development-v1,proteingym-v1.3,proteingym-substitutions-v1.3,SRBS1_HUMAN_Tsuboyama_2023_2O2W,SRBS1_HUMAN_Tsuboyama_2023_2O2W,SRBS1_HUMAN,SRBS1_HUMAN,cssf_784e4bfd3195,vespag,0.7279951171809431,67,1.0,67,708655,24366.5,0.836,0.0,0.5953,1.0,0.0695656423604296,2.7375395539574794,0.0,0.0900014781463131,0.9099985218536868,Human,Stability,distilled-evolutionary-variant-effect-model,sequence,known-development-benchmark,available,,elastic_net,0,0.6825643875812322,0.6825643875812322,0.126909359121745,0.34511217955532847,False,,False,-0.04543072959971095,-0.04543072959971095,True
variantshift-development-v1,proteingym-v1.3,proteingym-substitutions-v1.3,SRC_HUMAN_Ahler_2019,SRC_HUMAN_Ahler_2019,SRC_HUMAN,SRC_HUMAN,cssf_784e4bfd3195,carp_640m,0.4879209858881886,536,0.458955223880597,246,26974,1473.4,0.808,0.31,0.4833,1.0,4.356599355796133,1.7935249098279438,0.0,0.1601697098784514,0.8398302901215485,Human,Activity,convolutional-protein-language-model,sequence,known-development-benchmark,available,,elastic_net,0,0.753063772087418,0.753063772087418,0.15734318092828106,0.33468797861159927,True,0.09764526829313469,True,0.26514278619922943,0.26514278619922943,True
variantshift-development-v1,proteingym-v1.3,proteingym-substitutions-v1.3,SRC_HUMAN_Ahler_2019,SRC_HUMAN_Ahler_2019,SRC_HUMAN,SRC_HUMAN,cssf_784e4bfd3195,esm2_150m,0.3730066988827057,536,0.458955223880597,246,26974,1473.4,0.808,0.31,0.4833,1.0,3.819803626405826,1.216997571907219,0.0,0.0697416848016276,0.9302583151983724,Human,Activity,masked-protein-language-model,sequence,known-development-benchmark,available,,elastic_net,0,0.5475917256209318,0.5475917256209318,0.1642700900618636,0.11079726863519929,False,,False,0.17458502673822612,0.17458502673822612,True
variantshift-development-v1,proteingym-v1.3,proteingym-substitutions-v1.3,SRC_HUMAN_Ahler_2019,SRC_HUMAN_Ahler_2019,SRC_HUMAN,SRC_HUMAN,cssf_784e4bfd3195,esm2_35m,0.4674350646121309,536,0.458955223880597,246,26974,1473.4,0.808,0.31,0.4833,1.0,3.4873625100556915,1.18516380460399,0.0,0.0762897978582224,0.9237102021417776,Human,Activity,masked-protein-language-model,sequence,known-development-benchmark,available,,elastic_net,0,0.5023759140382701,0.5023759140382701,0.1863585060200742,0.00684832035974009,False,,False,0.034940849426139176,0.034940849426139176,True
variantshift-development-v1,proteingym-v1.3,proteingym-substitutions-v1.3,SRC_HUMAN_Ahler_2019,SRC_HUMAN_Ahler_2019,SRC_HUMAN,SRC_HUMAN,cssf_784e4bfd3195,esm2_650m,0.4385355821356749,536,0.458955223880597,246,26974,1473.4,0.808,0.31,0.4833,1.0,4.331722692364842,1.3313367186317386,0.0,0.0762897978582224,0.9237102021417776,Human,Activity,masked-protein-language-model,sequence,known-development-benchmark,available,,elastic_net,0,0.6258099642531467,0.6258099642531467,0.17392101420588635,0.16335368307707393,False,,False,0.18727438211747183,0.18727438211747183,True
variantshift-development-v1,proteingym-v1.3,proteingym-substitutions-v1.3,SRC_HUMAN_Ahler_2019,SRC_HUMAN_Ahler_2019,SRC_HUMAN,SRC_HUMAN,cssf_784e4bfd3195,esm2_8m,0.4163545966560167,536,0.458955223880597,246,26974,1473.4,0.808,0.31,0.4833,1.0,3.0603727854913476,1.14096150651655,0.0,0.1177018889284118,0.8822981110715882,Human,Activity,masked-protein-language-model,sequence,known-development-benchmark,available,,elastic_net,0,0.42815992312135254,0.42815992312135254,0.1494647632869449,0.030732855942927795,False,,False,0.01180532646533583,0.01180532646533583,True
variantshift-development-v1,proteingym-v1.3,proteingym-substitutions-v1.3,SRC_HUMAN_Ahler_2019,SRC_HUMAN_Ahler_2019,SRC_HUMAN,SRC_HUMAN,cssf_784e4bfd3195,vespag,0.4374872622376257,536,0.458955223880597,246,26974,1473.4,0.808,0.31,0.4833,1.0,0.0828320550740817,2.620893636838297,0.0,0.0760130207015005,0.9239869792984996,Human,Activity,distilled-evolutionary-variant-effect-model,sequence,known-development-benchmark,available,,elastic_net,0,0.6288239243615487,0.6288239243615487,0.11563416759643132,0.32135247033568726,False,,False,0.19133666212392297,0.19133666212392297,True
variantshift-development-v1,proteingym-v1.3,proteingym-substitutions-v1.3,SRC_HUMAN_Chakraborty_2023_binding-DAS_25uM,SRC_HUMAN_Chakraborty_2023_binding-DAS_25uM,SRC_HUMAN,SRC_HUMAN,cssf_784e4bfd3195,carp_640m,0.2975808158880463,536,0.4608208955223881,247,37675,1814.3,0.869,0.31,0.4833,1.0,4.374020527327218,1.8103695290621484,0.0,0.1570861892428277,0.8429138107571723,Human,Activity,convolutional-protein-language-model,sequence,known-development-benchmark,available,,elastic_net,0,0.7388624161835089,0.7388624161835089,0.16292404895022675,0.30564708486950687,True,0.1941438512231018,True,0.4412816002954626,0.4412816002954626,False
variantshift-development-v1,proteingym-v1.3,proteingym-substitutions-v1.3,SRC_HUMAN_Chakraborty_2023_binding-DAS_25uM,SRC_HUMAN_Chakraborty_2023_binding-DAS_25uM,SRC_HUMAN,SRC_HUMAN,cssf_784e4bfd3195,esm2_150m,0.2202203238084825,536,0.4608208955223881,247,37675,1814.3,0.869,0.31,0.4833,1.0,3.832914944437907,1.2343867855441002,0.0,0.0686208894341855,0.9313791105658143,Human,Activity,masked-protein-language-model,sequence,known-development-benchmark,available,,elastic_net,0,0.5321718701326761,0.5321718701326761,0.1354172274492253,0.17209722533323463,False,,False,0.3119515463241936,0.3119515463241936,True
variantshift-development-v1,proteingym-v1.3,proteingym-substitutions-v1.3,SRC_HUMAN_Chakraborty_2023_binding-DAS_25uM,SRC_HUMAN_Chakraborty_2023_binding-DAS_25uM,SRC_HUMAN,SRC_HUMAN,cssf_784e4bfd3195,esm2_35m,0.2915154648246569,536,0.4608208955223881,247,37675,1814.3,0.869,0.31,0.4833,1.0,3.4986159018931713,1.1927895812633835,0.0,0.0756004755510171,0.9243995244489828,Human,Activity,masked-protein-language-model,sequence,known-development-benchmark,available,,elastic_net,0,0.484126887351625,0.484126887351625,0.15354861173676304,0.07584085999743995,False,,False,0.1926114225269681,0.1926114225269681,True
variantshift-development-v1,proteingym-v1.3,proteingym-substitutions-v1.3,SRC_HUMAN_Chakraborty_2023_binding-DAS_25uM,SRC_HUMAN_Chakraborty_2023_binding-DAS_25uM,SRC_HUMAN,SRC_HUMAN,cssf_784e4bfd3195,esm2_650m,0.2312885478993278,536,0.4608208955223881,247,37675,1814.3,0.869,0.31,0.4833,1.0,4.354394605822978,1.3378621504335866,0.0,0.0756004755510171,0.9243995244489828,Human,Activity,masked-protein-language-model,sequence,known-development-benchmark,available,,elastic_net,0,0.6084619065976575,0.6084619065976575,0.14592194601885455,0.2204551967358473,False,,False,0.37717335869832974,0.37717335869832974,True
variantshift-development-v1,proteingym-v1.3,proteingym-substitutions-v1.3,SRC_HUMAN_Chakraborty_2023_binding-DAS_25uM,SRC_HUMAN_Chakraborty_2023_binding-DAS_25uM,SRC_HUMAN,SRC_HUMAN,cssf_784e4bfd3195,esm2_8m,0.2617202201598592,536,0.4608208955223881,247,37675,1814.3,0.869,0.31,0.4833,1.0,3.0595797477493565,1.1432163188584108,0.0,0.1160891629003488,0.8839108370996511,Human,Activity,masked-protein-language-model,sequence,known-development-benchmark,available,,elastic_net,0,0.4077580264024354,0.4077580264024354,0.12228186139521063,0.08261034293059444,False,,False,0.14603780624257623,0.14603780624257623,True
variantshift-development-v1,proteingym-v1.3,proteingym-substitutions-v1.3,SRC_HUMAN_Chakraborty_2023_binding-DAS_25uM,SRC_HUMAN_Chakraborty_2023_binding-DAS_25uM,SRC_HUMAN,SRC_HUMAN,cssf_784e4bfd3195,vespag,0.2830762073630886,536,0.4608208955223881,247,37675,1814.3,0.869,0.31,0.4833,1.0,0.083027079433333,2.6368049191386658,0.0,0.0752640367964527,0.9247359632035472,Human,Activity,distilled-evolutionary-variant-effect-model,sequence,known-development-benchmark,available,,elastic_net,0,0.6115326356289743,0.6115326356289743,0.12848243758966812,0.2698976092036063,False,,False,0.3284564282658857,0.3284564282658857,True
variantshift-development-v1,proteingym-v1.3,proteingym-substitutions-v1.3,SRC_HUMAN_Nguyen_2022,SRC_HUMAN_Nguyen_2022,SRC_HUMAN,SRC_HUMAN,cssf_784e4bfd3195,carp_640m,0.4032395193335497,536,0.458955223880597,246,37675,1814.3,0.869,0.31,0.4833,1.0,4.353964318755718,1.7920659165435215,0.0,0.1602493854477269,0.8397506145522731,Human,OrganismalFitness,convolutional-protein-language-model,sequence,known-development-benchmark,available,,elastic_net,0,0.7446994472473432,0.7446994472473432,0.1502927437297829,0.34507077862225194,True,0.19560310898906036,True,0.3414599279137935,0.3414599279137935,True
variantshift-development-v1,proteingym-v1.3,proteingym-substitutions-v1.3,SRC_HUMAN_Nguyen_2022,SRC_HUMAN_Nguyen_2022,SRC_HUMAN,SRC_HUMAN,cssf_784e4bfd3195,esm2_150m,0.2035810945105001,536,0.458955223880597,246,37675,1814.3,0.869,0.31,0.4833,1.0,3.817729778758192,1.2195612848517838,0.0,0.0699161804484765,0.9300838195515234,Human,OrganismalFitness,masked-protein-language-model,sequence,known-development-benchmark,available,,elastic_net,0,0.5402455475023958,0.5402455475023958,0.13222015630652767,0.1886719204670127,False,,False,0.33666445299189574,0.33666445299189574,True
variantshift-development-v1,proteingym-v1.3,proteingym-substitutions-v1.3,SRC_HUMAN_Nguyen_2022,SRC_HUMAN_Nguyen_2022,SRC_HUMAN,SRC_HUMAN,cssf_784e4bfd3195,esm2_35m,0.2715915560317672,536,0.458955223880597,246,37675,1814.3,0.869,0.31,0.4833,1.0,3.483269552429999,1.1865417952445214,0.0,0.0764318100040502,0.9235681899959498,Human,OrganismalFitness,masked-protein-language-model,sequence,known-development-benchmark,available,,elastic_net,0,0.4945408700449569,0.4945408700449569,0.15261436201157608,0.08873901434520037,False,,False,0.22294931401318968,0.22294931401318968,True
variantshift-development-v1,proteingym-v1.3,proteingym-substitutions-v1.3,SRC_HUMAN_Nguyen_2022,SRC_HUMAN_Nguyen_2022,SRC_HUMAN,SRC_HUMAN,cssf_784e4bfd3195,esm2_650m,0.2981987746200116,536,0.458955223880597,246,37675,1814.3,0.869,0.31,0.4833,1.0,4.330170790654118,1.33320039944746,0.0,0.0764318100040502,0.9235681899959498,Human,OrganismalFitness,masked-protein-language-model,sequence,known-development-benchmark,available,,elastic_net,0,0.6183578210205721,0.6183578210205721,0.14056372476480772,0.24459863085141803,False,,False,0.32015904640056053,0.32015904640056053,True
variantshift-development-v1,proteingym-v1.3,proteingym-substitutions-v1.3,SRC_HUMAN_Nguyen_2022,SRC_HUMAN_Nguyen_2022,SRC_HUMAN,SRC_HUMAN,cssf_784e4bfd3195,esm2_8m,0.2638904150352233,536,0.458955223880597,246,37675,1814.3,0.869,0.31,0.4833,1.0,3.057674192688956,1.141985961730665,0.0,0.1179464086727437,0.8820535913272562,Human,OrganismalFitness,masked-protein-language-model,sequence,known-development-benchmark,available,,elastic_net,0,0.42033261624417606,0.42033261624417606,0.11684474122551197,0.10964224481980106,False,,False,0.15644220120895275,0.15644220120895275,True
variantshift-development-v1,proteingym-v1.3,proteingym-substitutions-v1.3,SRC_HUMAN_Nguyen_2022,SRC_HUMAN_Nguyen_2022,SRC_HUMAN,SRC_HUMAN,cssf_784e4bfd3195,vespag,0.2996740930871304,536,0.458955223880597,246,37675,1814.3,0.869,0.31,0.4833,1.0,0.0827707153107713,2.6228363308644167,0.0,0.0761947272217353,0.9238052727782646,Human,OrganismalFitness,distilled-evolutionary-variant-effect-model,sequence,known-development-benchmark,available,,elastic_net,0,0.6215265643464338,0.6215265643464338,0.1359264853351624,0.2600978019369647,False,,False,0.32185247125930344,0.32185247125930344,True
variantshift-development-v1,proteingym-v1.3,proteingym-substitutions-v1.3,SUMO1_HUMAN_Weile_2017,SUMO1_HUMAN_Weile_2017,SUMO1_HUMAN,SUMO1_HUMAN,cssf_19622d9f3f73,carp_640m,0.6643065290352668,101,0.9504950495049505,96,85570,14230.7,0.703,0.0,0.5381,1.0,3.002884017687581,1.842667159691043,0.0,0.1675286128228459,0.8324713871771541,Human,OrganismalFitness,convolutional-protein-language-model,sequence,known-development-benchmark,available,,elastic_net,1,0.624622396816553,0.624622396816553,0.24795384755906005,0.1327015895753964,True,0.3388063672775018,True,-0.03968413221871381,-0.03968413221871381,True
variantshift-development-v1,proteingym-v1.3,proteingym-substitutions-v1.3,SUMO1_HUMAN_Weile_2017,SUMO1_HUMAN_Weile_2017,SUMO1_HUMAN,SUMO1_HUMAN,cssf_19622d9f3f73,esm2_150m,0.5771128968957541,101,0.9504950495049505,96,85570,14230.7,0.703,0.0,0.5381,1.0,3.248043854026456,1.2741630587870931,0.0,0.0967773504012814,0.9032226495987186,Human,OrganismalFitness,masked-protein-language-model,sequence,known-development-benchmark,available,,elastic_net,1,0.518150459784419,0.518150459784419,0.2280818660190166,0.0656540909897404,False,,False,-0.058962437111335086,-0.058962437111335086,True
variantshift-development-v1,proteingym-v1.3,proteingym-substitutions-v1.3,SUMO1_HUMAN_Weile_2017,SUMO1_HUMAN_Weile_2017,SUMO1_HUMAN,SUMO1_HUMAN,cssf_19622d9f3f73,esm2_35m,0.4658371389422941,101,0.9504950495049505,96,85570,14230.7,0.703,0.0,0.5381,1.0,2.2109727361232596,1.2986088479473736,0.0,0.1494042540173482,0.8505957459826518,Human,OrganismalFitness,masked-protein-language-model,sequence,known-development-benchmark,available,,elastic_net,1,0.4112391262070867,0.4112391262070867,0.26311954154627354,-0.11076921749298863,False,,False,-0.054598012735207424,-0.054598012735207424,True
variantshift-development-v1,proteingym-v1.3,proteingym-substitutions-v1.3,SUMO1_HUMAN_Weile_2017,SUMO1_HUMAN_Weile_2017,SUMO1_HUMAN,SUMO1_HUMAN,cssf_19622d9f3f73,esm2_650m,0.7394417537652591,101,0.9504950495049505,96,85570,14230.7,0.703,0.0,0.5381,1.0,3.5259379574490275,1.661388848846841,0.0,0.1405803747174103,0.8594196252825896,Human,OrganismalFitness,masked-protein-language-model,sequence,known-development-benchmark,available,,elastic_net,1,0.5898913159748681,0.5898913159748681,0.26244658802930165,0.0692180587861071,False,,False,-0.149550437790391,-0.149550437790391,True
variantshift-development-v1,proteingym-v1.3,proteingym-substitutions-v1.3,SUMO1_HUMAN_Weile_2017,SUMO1_HUMAN_Weile_2017,SUMO1_HUMAN,SUMO1_HUMAN,cssf_19622d9f3f73,esm2_8m,0.1174539916644711,101,0.9504950495049505,96,85570,14230.7,0.703,0.0,0.5381,1.0,1.361758805619991,1.4868648972425065,0.0,0.2617158123757436,0.7382841876242564,Human,OrganismalFitness,masked-protein-language-model,sequence,known-development-benchmark,available,,elastic_net,1,0.3079317775924186,0.3079317775924186,0.24582857737069153,-0.1797726618167414,False,,False,0.19047778592794748,0.19047778592794748,True
variantshift-development-v1,proteingym-v1.3,proteingym-substitutions-v1.3,SUMO1_HUMAN_Weile_2017,SUMO1_HUMAN_Weile_2017,SUMO1_HUMAN,SUMO1_HUMAN,cssf_19622d9f3f73,vespag,0.598954147577387,101,0.9504950495049505,96,85570,14230.7,0.703,0.0,0.5381,1.0,0.1016069079780892,2.4811823119566228,0.0,0.134830645657763,0.865169354342237,Human,OrganismalFitness,distilled-evolutionary-variant-effect-model,sequence,known-development-benchmark,available,,elastic_net,1,0.6180189798157645,0.6180189798157645,0.22260330544272336,0.17639164155939124,False,,False,0.019064832238377516,0.019064832238377516,True
variantshift-development-v1,proteingym-v1.3,proteingym-substitutions-v1.3,SYUA_HUMAN_Newberry_2020,SYUA_HUMAN_Newberry_2020,SYUA_HUMAN,SYUA_HUMAN,cssf_87dffde05f09,carp_640m,0.2664914389118195,140,0.9928571428571428,139,15711,6603.7,0.707,0.0,0.2012,1.0,4.2638005655550275,1.6196104199644197,0.0,0.1141613536150539,0.885838646384946,Human,OrganismalFitness,convolutional-protein-language-model,sequence,known-development-benchmark,available,,elastic_net,2,0.6995953890499925,0.6995953890499925,0.2603155978922592,0.14112970303100691,True,0.0003718016636483634,True,0.43310395013817304,0.43310395013817304,True
variantshift-development-v1,proteingym-v1.3,proteingym-substitutions-v1.3,SYUA_HUMAN_Newberry_2020,SYUA_HUMAN_Newberry_2020,SYUA_HUMAN,SYUA_HUMAN,cssf_87dffde05f09,esm2_150m,0.1027893372126024,140,0.9928571428571428,139,15711,6603.7,0.707,0.0,0.2012,1.0,3.060273464627356,1.3034313135201825,0.0,0.1141613536150539,0.885838646384946,Human,OrganismalFitness,masked-protein-language-model,sequence,known-development-benchmark,available,,elastic_net,2,0.5053062717323736,0.5053062717323736,0.19708287297699362,0.08249633352328023,False,,False,0.4025169345197712,0.4025169345197712,True
variantshift-development-v1,proteingym-v1.3,proteingym-substitutions-v1.3,SYUA_HUMAN_Newberry_2020,SYUA_HUMAN_Newberry_2020,SYUA_HUMAN,SYUA_HUMAN,cssf_87dffde05f09,esm2_35m,0.0724181474838733,140,0.9928571428571428,139,15711,6603.7,0.707,0.0,0.2012,1.0,3.132232725156926,1.3043048857455894,0.0,0.1071992070413053,0.8928007929586946,Human,OrganismalFitness,masked-protein-language-model,sequence,known-development-benchmark,available,,elastic_net,2,0.5154432728015694,0.5154432728015694,0.1999490404296287,0.08648442847374382,False,,False,0.4430251253176961,0.4430251253176961,False
variantshift-development-v1,proteingym-v1.3,proteingym-substitutions-v1.3,SYUA_HUMAN_Newberry_2020,SYUA_HUMAN_Newberry_2020,SYUA_HUMAN,SYUA_HUMAN,cssf_87dffde05f09,esm2_650m,0.0859969942181184,140,0.9928571428571428,139,15711,6603.7,0.707,0.0,0.2012,1.0,3.590471353535943,1.1944180725308355,0.0,0.1053063273703998,0.8946936726296002,Human,OrganismalFitness,masked-protein-language-model,sequence,known-development-benchmark,available,,elastic_net,2,0.5276625535667132,0.5276625535667132,0.2158330485461605,0.06462709776667952,False,,False,0.4416655593485948,0.4416655593485948,True
variantshift-development-v1,proteingym-v1.3,proteingym-substitutions-v1.3,SYUA_HUMAN_Newberry_2020,SYUA_HUMAN_Newberry_2020,SYUA_HUMAN,SYUA_HUMAN,cssf_87dffde05f09,esm2_8m,0.0421847788104979,140,0.9928571428571428,139,15711,6603.7,0.707,0.0,0.2012,1.0,2.667330744164018,1.332447462730002,0.0,0.1246672868161138,0.8753327131838862,Human,OrganismalFitness,masked-protein-language-model,sequence,known-development-benchmark,available,,elastic_net,2,0.4759586190084042,0.4759586190084042,0.19835047994633848,0.0504292317863837,False,,False,0.4337738401979063,0.4337738401979063,False
variantshift-development-v1,proteingym-v1.3,proteingym-substitutions-v1.3,SYUA_HUMAN_Newberry_2020,SYUA_HUMAN_Newberry_2020,SYUA_HUMAN,SYUA_HUMAN,cssf_87dffde05f09,vespag,0.3661668148332278,140,0.9928571428571428,139,15711,6603.7,0.707,0.0,0.2012,1.0,0.0643892911898908,2.661255541945842,0.0,0.1483997034817096,0.8516002965182904,Human,OrganismalFitness,distilled-evolutionary-variant-effect-model,sequence,known-development-benchmark,available,,elastic_net,2,0.6077116253935679,0.6077116253935679,0.12541578309563606,0.33865202269891354,False,,False,0.2415448105603401,0.2415448105603401,True
variantshift-development-v1,proteingym-v1.3,proteingym-substitutions-v1.3,TADBP_HUMAN_Bolognesi_2019,TADBP_HUMAN_Bolognesi_2019,TADBP_HUMAN,TADBP_HUMAN,cssf_99a238bc9e63,carp_640m,0.0876416252948834,414,0.2028985507246377,84,1211,138.3,0.911,0.0,0.2099,1.0,2.649027660807525,1.5533980946382275,0.0,0.0774280792309765,0.9225719207690236,Human,OrganismalFitness,convolutional-protein-language-model,sequence,known-development-benchmark,available,,elastic_net,1,0.530543937480861,0.530543937480861,0.21976980363773438,0.09453804252513048,True,-1.1182272212177655,True,0.44290231218597764,0.44290231218597764,False
variantshift-development-v1,proteingym-v1.3,proteingym-substitutions-v1.3,TADBP_HUMAN_Bolognesi_2019,TADBP_HUMAN_Bolognesi_2019,TADBP_HUMAN,TADBP_HUMAN,cssf_99a238bc9e63,esm2_150m,0.1304153163155831,414,0.2028985507246377,84,1211,138.3,0.911,0.0,0.2099,1.0,2.277113751199245,1.6979221282301002,0.0,0.0415932149260376,0.9584067850739624,Human,OrganismalFitness,masked-protein-language-model,sequence,known-development-benchmark,available,,elastic_net,1,0.513044014615208,0.513044014615208,0.283227655737592,-0.04885723602084324,False,,False,0.38262869829962487,0.38262869829962487,True
variantshift-development-v1,proteingym-v1.3,proteingym-substitutions-v1.3,TADBP_HUMAN_Bolognesi_2019,TADBP_HUMAN_Bolognesi_2019,TADBP_HUMAN,TADBP_HUMAN,cssf_99a238bc9e63,esm2_35m,0.2116141400457624,414,0.2028985507246377,84,1211,138.3,0.911,0.0,0.2099,1.0,2.13840605961707,1.7985486896610514,0.0,0.0433244885769228,0.9566755114230772,Human,OrganismalFitness,masked-protein-language-model,sequence,known-development-benchmark,available,,elastic_net,1,0.5244763322479146,0.5244763322479146,0.2612192329877228,0.006238050312687982,False,,False,0.31286219220215217,0.31286219220215217,True
variantshift-development-v1,proteingym-v1.3,proteingym-substitutions-v1.3,TADBP_HUMAN_Bolognesi_2019,TADBP_HUMAN_Bolognesi_2019,TADBP_HUMAN,TADBP_HUMAN,cssf_99a238bc9e63,esm2_650m,-0.1269420806415597,414,0.2028985507246377,84,1211,138.3,0.911,0.0,0.2099,1.0,2.459942166278447,1.6752917261029132,0.0,0.0602482192382903,0.9397517807617096,Human,OrganismalFitness,masked-protein-language-model,sequence,known-development-benchmark,available,,elastic_net,1,0.5063556624536406,0.5063556624536406,0.20783963923503468,0.09401826936335456,False,,False,0.6332977430952003,0.6332977430952003,False
variantshift-development-v1,proteingym-v1.3,proteingym-substitutions-v1.3,TADBP_HUMAN_Bolognesi_2019,TADBP_HUMAN_Bolognesi_2019,TADBP_HUMAN,TADBP_HUMAN,cssf_99a238bc9e63,esm2_8m,0.2606146131989278,414,0.2028985507246377,84,1211,138.3,0.911,0.0,0.2099,1.0,2.092062842760417,1.7617816725924076,0.0,0.0678736976219813,0.9321263023780186,Human,OrganismalFitness,masked-protein-language-model,sequence,known-development-benchmark,available,,elastic_net,1,0.4942235491597929,0.4942235491597929,0.19227121408928632,0.1127726792695386,False,,False,0.23360893596086507,0.23360893596086507,True
variantshift-development-v1,proteingym-v1.3,proteingym-substitutions-v1.3,TADBP_HUMAN_Bolognesi_2019,TADBP_HUMAN_Bolognesi_2019,TADBP_HUMAN,TADBP_HUMAN,cssf_99a238bc9e63,vespag,0.0301285444920975,414,0.2028985507246377,84,1211,138.3,0.911,0.0,0.2099,1.0,0.0773428062968299,2.352910360401389,0.0,0.3001606007714603,0.6998393992285397,Human,OrganismalFitness,distilled-evolutionary-variant-effect-model,sequence,known-development-benchmark,available,,elastic_net,1,0.38635223956158676,0.38635223956158676,0.07623863797320754,0.235100816347379,False,,False,0.35622369506948925,0.35622369506948925,False
variantshift-development-v1,proteingym-v1.3,proteingym-substitutions-v1.3,TAT_HV1BR_Fernandes_2016,TAT_HV1BR_Fernandes_2016,TAT_HV1BR,TAT_HV1BR,cssf_0d06a357cd85,carp_640m,0.5069479424940039,86,0.9651162790697676,83,12155,9938.3,0.988,0.0,0.2527,1.0,3.444446699374895,2.0204148887017546,0.0,0.3194697275217922,0.6805302724782077,Virus,OrganismalFitness,convolutional-protein-language-model,sequence,known-development-benchmark,available,,elastic_net,4,0.509613314306568,0.509613314306568,0.18107126406821694,-0.02612586046974874,True,0.15299388808343656,False,0.002665371812564099,0.002665371812564099,True
variantshift-development-v1,proteingym-v1.3,proteingym-substitutions-v1.3,TAT_HV1BR_Fernandes_2016,TAT_HV1BR_Fernandes_2016,TAT_HV1BR,TAT_HV1BR,cssf_0d06a357cd85,esm2_150m,-0.0952517754144186,86,0.9651162790697676,83,12155,9938.3,0.988,0.0,0.2527,1.0,1.0340145448728455,1.434272234233442,0.0,0.3331720884405146,0.6668279115594854,Virus,OrganismalFitness,masked-protein-language-model,sequence,known-development-benchmark,available,,elastic_net,4,0.11357936696867482,0.11357936696867482,0.1337092029636993,-0.2820287292380437,False,,False,0.20883114238309342,0.20883114238309342,True
variantshift-development-v1,proteingym-v1.3,proteingym-substitutions-v1.3,TAT_HV1BR_Fernandes_2016,TAT_HV1BR_Fernandes_2016,TAT_HV1BR,TAT_HV1BR,cssf_0d06a357cd85,esm2_35m,0.0816218894639861,86,0.9651162790697676,83,12155,9938.3,0.988,0.0,0.2527,1.0,1.1493509475449968,1.387953355181904,0.0,0.3264293708632984,0.6735706291367016,Virus,OrganismalFitness,masked-protein-language-model,sequence,known-development-benchmark,available,,elastic_net,4,0.1168585317374774,0.1168585317374774,0.12612374907818283,-0.25630633016675464,False,,False,0.0352366422734913,0.0352366422734913,True
variantshift-development-v1,proteingym-v1.3,proteingym-substitutions-v1.3,TAT_HV1BR_Fernandes_2016,TAT_HV1BR_Fernandes_2016,TAT_HV1BR,TAT_HV1BR,cssf_0d06a357cd85,esm2_650m,0.0002982312080828,86,0.9651162790697676,83,12155,9938.3,0.988,0.0,0.2527,1.0,1.0468786887175296,1.3626676494093315,0.0,0.3223641940041402,0.6776358059958598,Virus,OrganismalFitness,masked-protein-language-model,sequence,known-development-benchmark,available,,elastic_net,4,0.10485991278322276,0.10485991278322276,0.1330521430164068,-0.28880412700044883,False,,False,0.10456168157513997,0.10456168157513997,True
variantshift-development-v1,proteingym-v1.3,proteingym-substitutions-v1.3,TAT_HV1BR_Fernandes_2016,TAT_HV1BR_Fernandes_2016,TAT_HV1BR,TAT_HV1BR,cssf_0d06a357cd85,esm2_8m,-0.0447568041033616,86,0.9651162790697676,83,12155,9938.3,0.988,0.0,0.2527,1.0,0.9912306849941293,1.343904477932618,0.0,0.3314708582350805,0.6685291417649195,Virus,OrganismalFitness,masked-protein-language-model,sequence,known-development-benchmark,available,,elastic_net,4,0.08896153557116065,0.08896153557116065,0.12418102852101365,-0.2784553601194667,False,,False,0.13371833967452226,0.13371833967452226,True
variantshift-development-v1,proteingym-v1.3,proteingym-substitutions-v1.3,TAT_HV1BR_Fernandes_2016,TAT_HV1BR_Fernandes_2016,TAT_HV1BR,TAT_HV1BR,cssf_0d06a357cd85,vespag,0.5342555439187286,86,0.9651162790697676,83,12155,9938.3,0.988,0.0,0.2527,1.0,0.0504036225907505,2.377901977242067,0.0,0.2732627786668812,0.7267372213331188,Virus,OrganismalFitness,distilled-evolutionary-variant-effect-model,sequence,known-development-benchmark,available,,elastic_net,4,0.3691668643545428,0.3691668643545428,0.11622403038886846,0.025292498368718108,False,,False,-0.16508867956418583,-0.16508867956418583,True
variantshift-development-v1,proteingym-v1.3,proteingym-substitutions-v1.3,TCRG1_MOUSE_Tsuboyama_2023_1E0L,TCRG1_MOUSE_Tsuboyama_2023_1E0L,TCRG1_MOUSE,TCRG1_MOUSE,cssf_6f0217bf6d08,carp_640m,0.7337996068535666,37,0.945945945945946,35,43363,2943.8,0.865,0.0,0.4515,1.0,3.0243777414870325,1.859745324584514,0.0,0.1182792869399101,0.8817207130600898,Eukaryote,Stability,convolutional-protein-language-model,sequence,known-development-benchmark,available,,elastic_net,3,0.5927577680136211,0.5927577680136211,0.13640450499867843,0.3530894235271357,False,,False,-0.14104183883994548,-0.14104183883994548,True
variantshift-development-v1,proteingym-v1.3,proteingym-substitutions-v1.3,TCRG1_MOUSE_Tsuboyama_2023_1E0L,TCRG1_MOUSE_Tsuboyama_2023_1E0L,TCRG1_MOUSE,TCRG1_MOUSE,cssf_6f0217bf6d08,esm2_150m,0.8528883713426864,37,0.945945945945946,35,43363,2943.8,0.865,0.0,0.4515,1.0,4.9999157363197435,1.2168086438513606,0.0,0.050349666618636,0.949650333381364,Eukaryote,Stability,masked-protein-language-model,sequence,known-development-benchmark,available,,elastic_net,3,0.6102473642365971,0.6102473642365971,0.2006941418793821,0.25761947461643125,False,,False,-0.24264100710608927,-0.24264100710608927,True
variantshift-development-v1,proteingym-v1.3,proteingym-substitutions-v1.3,TCRG1_MOUSE_Tsuboyama_2023_1E0L,TCRG1_MOUSE_Tsuboyama_2023_1E0L,TCRG1_MOUSE,TCRG1_MOUSE,cssf_6f0217bf6d08,esm2_35m,0.8008912373825124,37,0.945945945945946,35,43363,2943.8,0.865,0.0,0.4515,1.0,4.00516952635384,1.4229739667303654,0.0,0.0479918106001778,0.952008189399822,Eukaryote,Stability,masked-protein-language-model,sequence,known-development-benchmark,available,,elastic_net,3,0.5653875541161721,0.5653875541161721,0.19731335864800573,0.2186998401532509,False,,False,-0.2355036832663403,-0.2355036832663403,True
variantshift-development-v1,proteingym-v1.3,proteingym-substitutions-v1.3,TCRG1_MOUSE_Tsuboyama_2023_1E0L,TCRG1_MOUSE_Tsuboyama_2023_1E0L,TCRG1_MOUSE,TCRG1_MOUSE,cssf_6f0217bf6d08,esm2_650m,0.8188837267645429,37,0.945945945945946,35,43363,2943.8,0.865,0.0,0.4515,1.0,5.468454180711705,1.443603753129755,0.0,0.0543482630590869,0.9456517369409132,Eukaryote,Stability,masked-protein-language-model,sequence,known-development-benchmark,available,,elastic_net,3,0.7024732286454068,0.7024732286454068,0.2213404555920839,0.31356891379046004,True,-0.8047505177212726,True,-0.11641049811913606,-0.11641049811913606,True
variantshift-development-v1,proteingym-v1.3,proteingym-substitutions-v1.3,TCRG1_MOUSE_Tsuboyama_2023_1E0L,TCRG1_MOUSE_Tsuboyama_2023_1E0L,TCRG1_MOUSE,TCRG1_MOUSE,cssf_6f0217bf6d08,esm2_8m,0.6680338516092104,37,0.945945945945946,35,43363,2943.8,0.865,0.0,0.4515,1.0,3.788878647694213,1.0330230397359563,0.0,0.0740003107391147,0.9259996892608852,Eukaryote,Stability,masked-protein-language-model,sequence,known-development-benchmark,available,,elastic_net,3,0.4445193795646454,0.4445193795646454,0.19906978384030247,0.09474555405389662,False,,False,-0.22351447204456498,-0.22351447204456498,True
variantshift-development-v1,proteingym-v1.3,proteingym-substitutions-v1.3,TCRG1_MOUSE_Tsuboyama_2023_1E0L,TCRG1_MOUSE_Tsuboyama_2023_1E0L,TCRG1_MOUSE,TCRG1_MOUSE,cssf_6f0217bf6d08,vespag,0.8769422516198431,37,0.945945945945946,35,43363,2943.8,0.865,0.0,0.4515,1.0,0.0805477770235347,2.9320044639582044,0.0,0.0580719748980511,0.9419280251019488,Eukaryote,Stability,distilled-evolutionary-variant-effect-model,sequence,known-development-benchmark,available,,elastic_net,3,0.677125550201614,0.677125550201614,0.2497290912475173,0.23834123094480636,False,,False,-0.19981670141822905,-0.19981670141822905,True
variantshift-development-v1,proteingym-v1.3,proteingym-substitutions-v1.3,THO1_YEAST_Tsuboyama_2023_2WQG,THO1_YEAST_Tsuboyama_2023_2WQG,THO1_YEAST,THO1_YEAST,cssf_a523304d9a92,carp_640m,0.6761394299380978,41,1.0,41,54877,8481.5,0.805,0.0,0.4867,1.0,2.529013307690037,2.0910025027465164,0.0,0.0910441489830302,0.9089558510169696,Eukaryote,Stability,convolutional-protein-language-model,sequence,known-development-benchmark,available,,elastic_net,1,0.7033818864021627,0.7033818864021627,0.15529292562705355,0.39529301387476495,False,,False,0.027242456464064868,0.027242456464064868,True
variantshift-development-v1,proteingym-v1.3,proteingym-substitutions-v1.3,THO1_YEAST_Tsuboyama_2023_2WQG,THO1_YEAST_Tsuboyama_2023_2WQG,THO1_YEAST,THO1_YEAST,cssf_a523304d9a92,esm2_150m,0.5916885802222412,41,1.0,41,54877,8481.5,0.805,0.0,0.4867,1.0,4.706144993773526,1.5780906590084196,0.0,0.0832844555605721,0.9167155444394278,Eukaryote,Stability,masked-protein-language-model,sequence,known-development-benchmark,available,,elastic_net,1,0.6948469950833246,0.6948469950833246,0.22259634777091084,0.25323346029710614,False,,False,0.10315841486108335,0.10315841486108335,True
variantshift-development-v1,proteingym-v1.3,proteingym-substitutions-v1.3,THO1_YEAST_Tsuboyama_2023_2WQG,THO1_YEAST_Tsuboyama_2023_2WQG,THO1_YEAST,THO1_YEAST,cssf_a523304d9a92,esm2_35m,0.5075435456561104,41,1.0,41,54877,8481.5,0.805,0.0,0.4867,1.0,3.938603872629219,1.6128651146318314,0.0,0.0822757564411751,0.9177242435588248,Eukaryote,Stability,masked-protein-language-model,sequence,known-development-benchmark,available,,elastic_net,1,0.6501323032059555,0.6501323032059555,0.2215042188229282,0.21068546580714131,False,,False,0.14258875754984512,0.14258875754984512,True
variantshift-development-v1,proteingym-v1.3,proteingym-substitutions-v1.3,THO1_YEAST_Tsuboyama_2023_2WQG,THO1_YEAST_Tsuboyama_2023_2WQG,THO1_YEAST,THO1_YEAST,cssf_a523304d9a92,esm2_650m,0.5045582526562802,41,1.0,41,54877,8481.5,0.805,0.0,0.4867,1.0,5.162080710822885,1.5047639823553869,0.0,0.0910441489830302,0.9089558510169696,Eukaryote,Stability,masked-protein-language-model,sequence,known-development-benchmark,available,,elastic_net,1,0.7041922837489247,0.7041922837489247,0.20225685366972473,0.3029306953254221,True,-0.2794311383289292,True,0.19963403109264455,0.19963403109264455,True
variantshift-development-v1,proteingym-v1.3,proteingym-substitutions-v1.3,THO1_YEAST_Tsuboyama_2023_2WQG,THO1_YEAST_Tsuboyama_2023_2WQG,THO1_YEAST,THO1_YEAST,cssf_a523304d9a92,esm2_8m,0.0390622111707651,41,1.0,41,54877,8481.5,0.805,0.0,0.4867,1.0,2.273782421281549,1.1245976080483595,0.0,0.3440568453888565,0.6559431546111435,Eukaryote,Stability,masked-protein-language-model,sequence,known-development-benchmark,available,,elastic_net,1,0.22495782862224714,0.22495782862224714,0.20752367649555237,-0.18675271940233676,False,,False,0.18589561745148203,0.18589561745148203,True
variantshift-development-v1,proteingym-v1.3,proteingym-substitutions-v1.3,THO1_YEAST_Tsuboyama_2023_2WQG,THO1_YEAST_Tsuboyama_2023_2WQG,THO1_YEAST,THO1_YEAST,cssf_a523304d9a92,vespag,0.7107141202016243,41,1.0,41,54877,8481.5,0.805,0.0,0.4867,1.0,0.0751341381356712,2.925573316487261,0.0,0.1497991864563718,0.8502008135436282,Eukaryote,Stability,distilled-evolutionary-variant-effect-model,sequence,known-development-benchmark,available,,elastic_net,1,0.7011436692289341,0.7011436692289341,0.11114184087287368,0.48064705415854425,False,,False,-0.009570450972690159,-0.009570450972690159,True
variantshift-development-v1,proteingym-v1.3,proteingym-substitutions-v1.3,TNKS2_HUMAN_Tsuboyama_2023_5JRT,TNKS2_HUMAN_Tsuboyama_2023_5JRT,TNKS2_HUMAN,TNKS2_HUMAN,cssf_1a40a2a2ccdc,carp_640m,0.8238892103330773,59,1.0,59,270654,11557.3,0.949,0.0,0.5642,1.0,2.485084737189456,1.5493759770812918,0.0,0.1727396308439575,0.8272603691560425,Human,Stability,convolutional-protein-language-model,sequence,known-development-benchmark,available,,elastic_net,4,0.5102902349775986,0.5102902349775986,0.1537101292267713,0.055504997737042316,False,,False,-0.31359897535547865,-0.31359897535547865,True
variantshift-development-v1,proteingym-v1.3,proteingym-substitutions-v1.3,TNKS2_HUMAN_Tsuboyama_2023_5JRT,TNKS2_HUMAN_Tsuboyama_2023_5JRT,TNKS2_HUMAN,TNKS2_HUMAN,cssf_1a40a2a2ccdc,esm2_150m,0.6630360986778967,59,1.0,59,270654,11557.3,0.949,0.0,0.5642,1.0,2.8725315990314053,1.4662160020552777,0.0,0.0879931005959164,0.9120068994040836,Human,Stability,masked-protein-language-model,sequence,known-development-benchmark,available,,elastic_net,4,0.5466087920469418,0.5466087920469418,0.19735786485697482,-0.03731787460656899,False,,False,-0.11642730663095491,-0.11642730663095491,True
variantshift-development-v1,proteingym-v1.3,proteingym-substitutions-v1.3,TNKS2_HUMAN_Tsuboyama_2023_5JRT,TNKS2_HUMAN_Tsuboyama_2023_5JRT,TNKS2_HUMAN,TNKS2_HUMAN,cssf_1a40a2a2ccdc,esm2_35m,0.6620273909841982,59,1.0,59,270654,11557.3,0.949,0.0,0.5642,1.0,2.681674841780183,1.481115763775254,0.0,0.1275033644040745,0.8724966355959255,Human,Stability,masked-protein-language-model,sequence,known-development-benchmark,available,,elastic_net,4,0.5055964149089026,0.5055964149089026,0.21460103073352046,-0.12934795190133452,False,,False,-0.15643097607529555,-0.15643097607529555,True
variantshift-development-v1,proteingym-v1.3,proteingym-substitutions-v1.3,TNKS2_HUMAN_Tsuboyama_2023_5JRT,TNKS2_HUMAN_Tsuboyama_2023_5JRT,TNKS2_HUMAN,TNKS2_HUMAN,cssf_1a40a2a2ccdc,esm2_650m,0.7209751504328522,59,1.0,59,270654,11557.3,0.949,0.0,0.5642,1.0,5.1671551239366,1.0535689058720117,0.0,0.1378154900791158,0.8621845099208841,Human,Stability,masked-protein-language-model,sequence,known-development-benchmark,available,,elastic_net,4,0.6044325756213849,0.6044325756213849,0.20145107302156165,0.008395252008759457,False,,False,-0.11654257481146735,-0.11654257481146735,True
variantshift-development-v1,proteingym-v1.3,proteingym-substitutions-v1.3,TNKS2_HUMAN_Tsuboyama_2023_5JRT,TNKS2_HUMAN_Tsuboyama_2023_5JRT,TNKS2_HUMAN,TNKS2_HUMAN,cssf_1a40a2a2ccdc,esm2_8m,0.3522035592059042,59,1.0,59,270654,11557.3,0.949,0.0,0.5642,1.0,1.244764657811257,1.906377123973074,0.0,0.4675126013540405,0.5324873986459595,Human,Stability,masked-protein-language-model,sequence,known-development-benchmark,available,,elastic_net,4,0.24312324134429752,0.24312324134429752,0.16466753649996368,-0.24408189620698129,False,,False,-0.10908031786160666,-0.10908031786160666,True
variantshift-development-v1,proteingym-v1.3,proteingym-substitutions-v1.3,TNKS2_HUMAN_Tsuboyama_2023_5JRT,TNKS2_HUMAN_Tsuboyama_2023_5JRT,TNKS2_HUMAN,TNKS2_HUMAN,cssf_1a40a2a2ccdc,vespag,0.8204015946649375,59,1.0,59,270654,11557.3,0.949,0.0,0.5642,1.0,0.0529043491007513,2.9010752395251007,0.0,0.1548162869575364,0.8451837130424635,Human,Stability,distilled-evolutionary-variant-effect-model,sequence,known-development-benchmark,available,,elastic_net,4,0.6755562785047549,0.6755562785047549,0.1293355925900407,0.2928884708879157,True,0.10821991795324803,True,-0.1448453161601826,-0.1448453161601826,True
variantshift-development-v1,proteingym-v1.3,proteingym-substitutions-v1.3,TPK1_HUMAN_Weile_2017,TPK1_HUMAN_Weile_2017,TPK1_HUMAN,TPK1_HUMAN,cssf_3c2e5ceba3be,carp_640m,0.3338932453687873,243,0.9917695473251028,241,21515,7273.0,0.823,0.0,0.3975,1.0,4.172236568269527,1.711181206609776,0.0,0.1608572624830369,0.8391427375169631,Human,OrganismalFitness,convolutional-protein-language-model,sequence,known-development-benchmark,available,,elastic_net,2,0.634070850061812,0.634070850061812,0.1828254753000259,0.24184788950208985,True,0.28715593692358565,True,0.3001776046930247,0.3001776046930247,True
variantshift-development-v1,proteingym-v1.3,proteingym-substitutions-v1.3,TPK1_HUMAN_Weile_2017,TPK1_HUMAN_Weile_2017,TPK1_HUMAN,TPK1_HUMAN,cssf_3c2e5ceba3be,esm2_150m,0.2731580778625722,243,0.9917695473251028,241,21515,7273.0,0.823,0.0,0.3975,1.0,3.738291378386109,1.4816966650666652,0.0,0.1154219029351608,0.8845780970648391,Human,OrganismalFitness,masked-protein-language-model,sequence,known-development-benchmark,available,,elastic_net,2,0.5425501109048737,0.5425501109048737,0.18445646005682792,0.146828132120854,False,,False,0.2693920330423015,0.2693920330423015,True
variantshift-development-v1,proteingym-v1.3,proteingym-substitutions-v1.3,TPK1_HUMAN_Weile_2017,TPK1_HUMAN_Weile_2017,TPK1_HUMAN,TPK1_HUMAN,cssf_3c2e5ceba3be,esm2_35m,0.1996005322838526,243,0.9917695473251028,241,21515,7273.0,0.823,0.0,0.3975,1.0,2.828842321547969,1.1293586571325698,0.0,0.1608572624830369,0.8391427375169631,Human,OrganismalFitness,masked-protein-language-model,sequence,known-development-benchmark,available,,elastic_net,2,0.3787627034639196,0.3787627034639196,0.1186766002844573,0.12416094494889057,False,,False,0.179162171180067,0.179162171180067,True
variantshift-development-v1,proteingym-v1.3,proteingym-substitutions-v1.3,TPK1_HUMAN_Weile_2017,TPK1_HUMAN_Weile_2017,TPK1_HUMAN,TPK1_HUMAN,cssf_3c2e5ceba3be,esm2_650m,0.4492450150045073,243,0.9917695473251028,241,21515,7273.0,0.823,0.0,0.3975,1.0,3.4676838223304305,2.011157610721632,0.0,0.1858173436068396,0.8141826563931603,Human,OrganismalFitness,masked-protein-language-model,sequence,known-development-benchmark,available,,elastic_net,2,0.5758476004418446,0.5758476004418446,0.14179256567239756,0.2716542170956741,False,,False,0.12660258543733727,0.12660258543733727,True
variantshift-development-v1,proteingym-v1.3,proteingym-substitutions-v1.3,TPK1_HUMAN_Weile_2017,TPK1_HUMAN_Weile_2017,TPK1_HUMAN,TPK1_HUMAN,cssf_3c2e5ceba3be,esm2_8m,-0.035921598135545,243,0.9917695473251028,241,21515,7273.0,0.823,0.0,0.3975,1.0,1.022264918190887,1.5610021364949669,0.0,0.3865322104290204,0.6134677895709796,Human,OrganismalFitness,masked-protein-language-model,sequence,known-development-benchmark,available,,elastic_net,2,0.17569035037555064,0.17569035037555064,0.16336684306385502,-0.17478721156513827,False,,False,0.21161194851109563,0.21161194851109563,True
variantshift-development-v1,proteingym-v1.3,proteingym-substitutions-v1.3,TPK1_HUMAN_Weile_2017,TPK1_HUMAN_Weile_2017,TPK1_HUMAN,TPK1_HUMAN,cssf_3c2e5ceba3be,vespag,0.4587318847408942,243,0.9917695473251028,241,21515,7273.0,0.823,0.0,0.3975,1.0,0.1214608304189374,2.4846992995463753,0.0,0.1262857461654303,0.8737142538345697,Human,OrganismalFitness,distilled-evolutionary-variant-effect-model,sequence,known-development-benchmark,available,,elastic_net,2,0.5496291146287481,0.5496291146287481,0.14829015521038436,0.231496187020987,False,,False,0.09089722988785387,0.09089722988785387,True
variantshift-development-v1,proteingym-v1.3,proteingym-substitutions-v1.3,TPMT_HUMAN_Matreyek_2018,TPMT_HUMAN_Matreyek_2018,TPMT_HUMAN,TPMT_HUMAN,cssf_b5a772423035,carp_640m,0.6141170685204562,245,0.9836734693877552,241,19526,6544.3,0.731,0.0,0.3975,1.0,3.910136893014916,1.482267723337561,0.0,0.1364477993976487,0.8635522006023513,Human,Expression,convolutional-protein-language-model,sequence,known-development-benchmark,available,,elastic_net,1,0.6253063738182529,0.6253063738182529,0.3148301443053924,0.0007082872986652333,True,0.393327423280486,True,0.011189305297796714,0.011189305297796714,True
variantshift-development-v1,proteingym-v1.3,proteingym-substitutions-v1.3,TPMT_HUMAN_Matreyek_2018,TPMT_HUMAN_Matreyek_2018,TPMT_HUMAN,TPMT_HUMAN,cssf_b5a772423035,esm2_150m,0.5144273849978832,245,0.9836734693877552,241,19526,6544.3,0.731,0.0,0.3975,1.0,3.269055079092875,1.257838495633236,0.0,0.0863936904239296,0.9136063095760704,Human,Expression,masked-protein-language-model,sequence,known-development-benchmark,available,,elastic_net,1,0.5180050649928901,0.5180050649928901,0.28291209180874555,-0.04327013178619343,False,,False,0.0035776799950069105,0.0035776799950069105,True
variantshift-development-v1,proteingym-v1.3,proteingym-substitutions-v1.3,TPMT_HUMAN_Matreyek_2018,TPMT_HUMAN_Matreyek_2018,TPMT_HUMAN,TPMT_HUMAN,cssf_b5a772423035,esm2_35m,0.3322473762335207,245,0.9836734693877552,241,19526,6544.3,0.731,0.0,0.3975,1.0,2.788630485608539,0.9913199966768016,0.0,0.1494058764317871,0.8505941235682128,Human,Expression,masked-protein-language-model,sequence,known-development-benchmark,available,,elastic_net,1,0.3769992460131708,0.3769992460131708,0.19243781538869234,-0.004782147668095482,False,,False,0.04475186977965012,0.04475186977965012,True
variantshift-development-v1,proteingym-v1.3,proteingym-substitutions-v1.3,TPMT_HUMAN_Matreyek_2018,TPMT_HUMAN_Matreyek_2018,TPMT_HUMAN,TPMT_HUMAN,cssf_b5a772423035,esm2_650m,0.561227419477262,245,0.9836734693877552,241,19526,6544.3,0.731,0.0,0.3975,1.0,3.818734758443669,1.5548457172141574,0.0,0.1521280102070235,0.8478719897929765,Human,Expression,masked-protein-language-model,sequence,known-development-benchmark,available,,elastic_net,1,0.5716762433185244,0.5716762433185244,0.293562748258181,-0.01072901282375005,False,,False,0.010448823841262445,0.010448823841262445,True
variantshift-development-v1,proteingym-v1.3,proteingym-substitutions-v1.3,TPMT_HUMAN_Matreyek_2018,TPMT_HUMAN_Matreyek_2018,TPMT_HUMAN,TPMT_HUMAN,cssf_b5a772423035,esm2_8m,0.2778495118222229,245,0.9836734693877552,241,19526,6544.3,0.731,0.0,0.3975,1.0,1.650747707456943,1.1587666615250254,0.0,0.2666281066129894,0.7333718933870106,Human,Expression,masked-protein-language-model,sequence,known-development-benchmark,available,,elastic_net,1,0.2452732462253942,0.2452732462253942,0.22177225428725017,-0.19470535231879654,False,,False,-0.03257626559682869,-0.03257626559682869,True
variantshift-development-v1,proteingym-v1.3,proteingym-substitutions-v1.3,TPMT_HUMAN_Matreyek_2018,TPMT_HUMAN_Matreyek_2018,TPMT_HUMAN,TPMT_HUMAN,cssf_b5a772423035,vespag,0.6483424137827551,245,0.9836734693877552,241,19526,6544.3,0.731,0.0,0.3975,1.0,0.1085473711330017,2.4402364022473204,0.0,0.127571938242307,0.8724280617576929,Human,Expression,distilled-evolutionary-variant-effect-model,sequence,known-development-benchmark,available,,elastic_net,1,0.6090207229561013,0.6090207229561013,0.22504707486063197,0.16254513960652578,False,,False,-0.03932169082665382,-0.03932169082665382,True
variantshift-development-v1,proteingym-v1.3,proteingym-substitutions-v1.3,TPOR_HUMAN_Bridgford_2020,TPOR_HUMAN_Bridgford_2020,TPOR_HUMAN,TPOR_HUMAN,cssf_540579521118,carp_640m,0.6348041110913067,635,0.0488188976377952,31,937,120.5,0.825,0.0,0.2408,1.0,2.9046969761893076,1.620206358506678,0.0,0.0544736724064772,0.9455263275935228,Human,OrganismalFitness,convolutional-protein-language-model,sequence,known-development-benchmark,available,,elastic_net,2,0.5799884251947629,0.5799884251947629,0.23564291761820774,0.07445404804370814,True,-1.3031885158173033,True,-0.05481568589654384,-0.05481568589654384,True
variantshift-development-v1,proteingym-v1.3,proteingym-substitutions-v1.3,TPOR_HUMAN_Bridgford_2020,TPOR_HUMAN_Bridgford_2020,TPOR_HUMAN,TPOR_HUMAN,cssf_540579521118,esm2_150m,0.4634436639551677,635,0.0488188976377952,31,937,120.5,0.825,0.0,0.2408,1.0,2.7932781157458964,1.622494605697555,0.0,0.0449095034975202,0.9550904965024798,Human,OrganismalFitness,masked-protein-language-model,sequence,known-development-benchmark,available,,elastic_net,2,0.5303250260841678,0.5303250260841678,0.3412514907831988,-0.20177573717519615,False,,False,0.06688136212900009,0.06688136212900009,True
variantshift-development-v1,proteingym-v1.3,proteingym-substitutions-v1.3,TPOR_HUMAN_Bridgford_2020,TPOR_HUMAN_Bridgford_2020,TPOR_HUMAN,TPOR_HUMAN,cssf_540579521118,esm2_35m,0.6748479465928395,635,0.0488188976377952,31,937,120.5,0.825,0.0,0.2408,1.0,2.5786817478579662,1.5429740600529038,0.0,0.04005247978795,0.95994752021205,Human,OrganismalFitness,masked-protein-language-model,sequence,known-development-benchmark,available,,elastic_net,2,0.5034114469733786,0.5034114469733786,0.417532826101235,-0.3923387810270996,False,,False,-0.17143649961946095,-0.17143649961946095,True
variantshift-development-v1,proteingym-v1.3,proteingym-substitutions-v1.3,TPOR_HUMAN_Bridgford_2020,TPOR_HUMAN_Bridgford_2020,TPOR_HUMAN,TPOR_HUMAN,cssf_540579521118,esm2_650m,0.3639043374660638,635,0.0488188976377952,31,937,120.5,0.825,0.0,0.2408,1.0,3.1774190082483016,1.5290889390193811,0.0,0.04005247978795,0.95994752021205,Human,OrganismalFitness,masked-protein-language-model,sequence,known-development-benchmark,available,,elastic_net,2,0.5426369153534599,0.5426369153534599,0.4186002109834911,-0.3554032170374658,False,,False,0.1787325778873961,0.1787325778873961,True
variantshift-development-v1,proteingym-v1.3,proteingym-substitutions-v1.3,TPOR_HUMAN_Bridgford_2020,TPOR_HUMAN_Bridgford_2020,TPOR_HUMAN,TPOR_HUMAN,cssf_540579521118,esm2_8m,0.4241588206705247,635,0.0488188976377952,31,937,120.5,0.825,0.0,0.2408,1.0,2.0580341534277258,1.6933190570988566,0.0,0.0544736724064772,0.9455263275935228,Human,OrganismalFitness,masked-protein-language-model,sequence,known-development-benchmark,available,,elastic_net,2,0.48575113635376566,0.48575113635376566,0.2082059512072396,0.039078404040923775,False,,False,0.06159231568324097,0.06159231568324097,True
variantshift-development-v1,proteingym-v1.3,proteingym-substitutions-v1.3,TPOR_HUMAN_Bridgford_2020,TPOR_HUMAN_Bridgford_2020,TPOR_HUMAN,TPOR_HUMAN,cssf_540579521118,vespag,0.6007351734641208,635,0.0488188976377952,31,937,120.5,0.825,0.0,0.2408,1.0,0.0736763479638474,2.420912231896082,0.0,0.1786115794298133,0.8213884205701867,Human,OrganismalFitness,distilled-evolutionary-variant-effect-model,sequence,known-development-benchmark,available,,elastic_net,2,0.4737169403020102,0.4737169403020102,0.14492613169304236,0.16280098976595714,False,,False,-0.12701823316211053,-0.12701823316211053,True
variantshift-development-v1,proteingym-v1.3,proteingym-substitutions-v1.3,TRPC_SACS2_Chan_2017,TRPC_SACS2_Chan_2017,TRPC_SACS2,TRPC_SACS2,cssf_415fc4c4433b,carp_640m,1.069233593833231,248,0.3225806451612903,80,52935,10409.9,0.944,0.0,0.374,1.0,3.6589961740473056,1.6453303783050062,0.0,0.073596236041005,0.9264037639589948,Prokaryote,OrganismalFitness,convolutional-protein-language-model,sequence,known-development-benchmark,available,,elastic_net,2,0.5853215541286361,0.5853215541286361,0.15027477907198344,0.2629309318789415,False,,False,-0.48391203970459484,-0.48391203970459484,True
variantshift-development-v1,proteingym-v1.3,proteingym-substitutions-v1.3,TRPC_SACS2_Chan_2017,TRPC_SACS2_Chan_2017,TRPC_SACS2,TRPC_SACS2,cssf_415fc4c4433b,esm2_150m,1.0915410166836832,248,0.3225806451612903,80,52935,10409.9,0.944,0.0,0.374,1.0,3.4403193090212856,1.6666368591741365,0.0,0.0669290728095259,0.933070927190474,Prokaryote,OrganismalFitness,masked-protein-language-model,sequence,known-development-benchmark,available,,elastic_net,2,0.5297669182177864,0.5297669182177864,0.15388960484217246,0.19962126257810942,False,,False,-0.5617740984658968,-0.5617740984658968,True
variantshift-development-v1,proteingym-v1.3,proteingym-substitutions-v1.3,TRPC_SACS2_Chan_2017,TRPC_SACS2_Chan_2017,TRPC_SACS2,TRPC_SACS2,cssf_415fc4c4433b,esm2_35m,0.8049277456988262,248,0.3225806451612903,80,52935,10409.9,0.944,0.0,0.374,1.0,3.5753939258392764,1.6106259783192465,0.0,0.0988255329175564,0.9011744670824436,Prokaryote,OrganismalFitness,masked-protein-language-model,sequence,known-development-benchmark,available,,elastic_net,2,0.5058210787261603,0.5058210787261603,0.15721939074377883,0.1685318973704154,False,,False,-0.29910666697266586,-0.29910666697266586,True
variantshift-development-v1,proteingym-v1.3,proteingym-substitutions-v1.3,TRPC_SACS2_Chan_2017,TRPC_SACS2_Chan_2017,TRPC_SACS2,TRPC_SACS2,cssf_415fc4c4433b,esm2_650m,1.3072038115573437,248,0.3225806451612903,80,52935,10409.9,0.944,0.0,0.374,1.0,4.235950100083898,1.6601388742684071,0.0,0.0777729372884863,0.9222270627115136,Prokaryote,OrganismalFitness,masked-protein-language-model,sequence,known-development-benchmark,available,,elastic_net,2,0.576514408751474,0.576514408751474,0.15832949854673795,0.2368436677782712,False,,False,-0.7306894028058697,-0.7306894028058697,True
variantshift-development-v1,proteingym-v1.3,proteingym-substitutions-v1.3,TRPC_SACS2_Chan_2017,TRPC_SACS2_Chan_2017,TRPC_SACS2,TRPC_SACS2,cssf_415fc4c4433b,esm2_8m,0.4332443033852355,248,0.3225806451612903,80,52935,10409.9,0.944,0.0,0.374,1.0,2.41773554845529,1.3911051746488925,0.0,0.2070992499417612,0.7929007500582388,Prokaryote,OrganismalFitness,masked-protein-language-model,sequence,known-development-benchmark,available,,elastic_net,2,0.30575844679834063,0.30575844679834063,0.16840570915795117,-0.05552920041108389,False,,False,-0.12748585658689487,-0.12748585658689487,True
variantshift-development-v1,proteingym-v1.3,proteingym-substitutions-v1.3,TRPC_SACS2_Chan_2017,TRPC_SACS2_Chan_2017,TRPC_SACS2,TRPC_SACS2,cssf_415fc4c4433b,vespag,1.4126445128345697,248,0.3225806451612903,80,52935,10409.9,0.944,0.0,0.374,1.0,0.0834756269230588,2.9700602787095995,0.0,0.0932833300156303,0.9067166699843696,Prokaryote,OrganismalFitness,distilled-evolutionary-variant-effect-model,sequence,known-development-benchmark,available,,elastic_net,2,0.6020042924812272,0.6020042924812272,0.11203489246834307,0.36165126105706985,True,0.46584563926174505,True,-0.8106402203533425,-0.8106402203533425,True
variantshift-development-v1,proteingym-v1.3,proteingym-substitutions-v1.3,TRPC_THEMA_Chan_2017,TRPC_THEMA_Chan_2017,TRPC_THEMA,TRPC_THEMA,cssf_415fc4c4433b,carp_640m,1.126653184875941,252,0.3174603174603174,80,52988,10460.9,0.948,0.0,0.3759,1.0,3.5696273725014156,1.5771012438776832,0.0,0.0578956869460038,0.942104313053996,Prokaryote,OrganismalFitness,convolutional-protein-language-model,sequence,known-development-benchmark,available,,elastic_net,2,0.5753074920136643,0.5753074920136643,0.15722885579669255,0.2379980048932573,False,,False,-0.5513456928622766,-0.5513456928622766,True
variantshift-development-v1,proteingym-v1.3,proteingym-substitutions-v1.3,TRPC_THEMA_Chan_2017,TRPC_THEMA_Chan_2017,TRPC_THEMA,TRPC_THEMA,cssf_415fc4c4433b,esm2_150m,1.1098300586027126,252,0.3174603174603174,80,52988,10460.9,0.948,0.0,0.3759,1.0,3.7131405798194774,1.6591314425063994,0.0,0.0514655994597521,0.9485344005402478,Prokaryote,OrganismalFitness,masked-protein-language-model,sequence,known-development-benchmark,available,,elastic_net,2,0.5566439389248007,0.5566439389248007,0.12744894462076445,0.2832225117558857,False,,False,-0.5531861196779119,-0.5531861196779119,True
variantshift-development-v1,proteingym-v1.3,proteingym-substitutions-v1.3,TRPC_THEMA_Chan_2017,TRPC_THEMA_Chan_2017,TRPC_THEMA,TRPC_THEMA,cssf_415fc4c4433b,esm2_35m,0.9736622747322224,252,0.3174603174603174,80,52988,10460.9,0.948,0.0,0.3759,1.0,3.404845858994836,1.585771672407157,0.0,0.0708720433622626,0.9291279566377374,Prokaryote,OrganismalFitness,masked-protein-language-model,sequence,known-development-benchmark,available,,elastic_net,2,0.5071712751488127,0.5071712751488127,0.16872356826052531,0.14520171182212993,False,,False,-0.4664909995834098,-0.4664909995834098,True
variantshift-development-v1,proteingym-v1.3,proteingym-substitutions-v1.3,TRPC_THEMA_Chan_2017,TRPC_THEMA_Chan_2017,TRPC_THEMA,TRPC_THEMA,cssf_415fc4c4433b,esm2_650m,1.0853689945665592,252,0.3174603174603174,80,52988,10460.9,0.948,0.0,0.3759,1.0,4.3112659004704765,1.6036006639600713,0.0,0.0622724201580616,0.9377275798419384,Prokaryote,OrganismalFitness,masked-protein-language-model,sequence,known-development-benchmark,available,,elastic_net,2,0.5801388954092103,0.5801388954092103,0.1716503680001813,0.2118903490416278,False,,False,-0.505230099157349,-0.505230099157349,True
variantshift-development-v1,proteingym-v1.3,proteingym-substitutions-v1.3,TRPC_THEMA_Chan_2017,TRPC_THEMA_Chan_2017,TRPC_THEMA,TRPC_THEMA,cssf_415fc4c4433b,esm2_8m,0.572737038372477,252,0.3174603174603174,80,52988,10460.9,0.948,0.0,0.3759,1.0,2.204171860329024,1.4127452166111445,0.0,0.2317575223919802,0.7682424776080198,Prokaryote,OrganismalFitness,masked-protein-language-model,sequence,known-development-benchmark,available,,elastic_net,2,0.27579155652561027,0.27579155652561027,0.1727942895341047,-0.0949110914377545,False,,False,-0.29694548184686675,-0.29694548184686675,True
variantshift-development-v1,proteingym-v1.3,proteingym-substitutions-v1.3,TRPC_THEMA_Chan_2017,TRPC_THEMA_Chan_2017,TRPC_THEMA,TRPC_THEMA,cssf_415fc4c4433b,vespag,1.0184710672684911,252,0.3174603174603174,80,52988,10460.9,0.948,0.0,0.3759,1.0,0.0820882284054308,2.935323517696568,0.0,0.0763889659421724,0.9236110340578276,Prokaryote,OrganismalFitness,distilled-evolutionary-variant-effect-model,sequence,known-development-benchmark,available,,elastic_net,2,0.6054525921650104,0.6054525921650104,0.1016574866087524,0.3873626334472084,True,0.4765467927018655,True,-0.4130184751034808,-0.4130184751034808,True
variantshift-development-v1,proteingym-v1.3,proteingym-substitutions-v1.3,UBC9_HUMAN_Weile_2017,UBC9_HUMAN_Weile_2017,UBC9_HUMAN,UBC9_HUMAN,cssf_ab8b39992872,carp_640m,0.5954309917515593,159,0.9937106918238994,158,69788,8797.7,0.849,0.0,0.3211,1.0,3.274874769113138,1.8782296636381297,0.0,0.2371607427059725,0.7628392572940275,Human,OrganismalFitness,convolutional-protein-language-model,sequence,known-development-benchmark,available,,elastic_net,2,0.5371581657434166,0.5371581657434166,0.14457575084369523,0.22699390155648325,False,,False,-0.058272826008142764,-0.058272826008142764,True
variantshift-development-v1,proteingym-v1.3,proteingym-substitutions-v1.3,UBC9_HUMAN_Weile_2017,UBC9_HUMAN_Weile_2017,UBC9_HUMAN,UBC9_HUMAN,cssf_ab8b39992872,esm2_150m,0.2496120185577639,159,0.9937106918238994,158,69788,8797.7,0.849,0.0,0.3211,1.0,2.8463280103805344,1.2662624865333203,0.0,0.206164861345354,0.7938351386546459,Human,OrganismalFitness,masked-protein-language-model,sequence,known-development-benchmark,available,,elastic_net,2,0.36202235581148845,0.36202235581148845,0.17997175623243228,-0.024078404658445962,False,,False,0.11241033725372454,0.11241033725372454,True
variantshift-development-v1,proteingym-v1.3,proteingym-substitutions-v1.3,UBC9_HUMAN_Weile_2017,UBC9_HUMAN_Weile_2017,UBC9_HUMAN,UBC9_HUMAN,cssf_ab8b39992872,esm2_35m,-0.1551275787075813,159,0.9937106918238994,158,69788,8797.7,0.849,0.0,0.3211,1.0,0.990972615904939,1.4358932765869097,0.0,0.4413472225022329,0.5586527774977671,Human,OrganismalFitness,masked-protein-language-model,sequence,known-development-benchmark,available,,elastic_net,2,0.09827055110972704,0.09827055110972704,0.17737460679779143,-0.28225843858483174,False,,False,0.25339812981730836,0.25339812981730836,True
variantshift-development-v1,proteingym-v1.3,proteingym-substitutions-v1.3,UBC9_HUMAN_Weile_2017,UBC9_HUMAN_Weile_2017,UBC9_HUMAN,UBC9_HUMAN,cssf_ab8b39992872,esm2_650m,0.4335986976024105,159,0.9937106918238994,158,69788,8797.7,0.849,0.0,0.3211,1.0,3.182566114159747,1.3134923526903182,0.0,0.1650087649867795,0.8349912350132205,Human,OrganismalFitness,masked-protein-language-model,sequence,known-development-benchmark,available,,elastic_net,2,0.42382012476099207,0.42382012476099207,0.15314226876248882,0.09527775974164893,False,,False,-0.00977857284141842,-0.00977857284141842,True
variantshift-development-v1,proteingym-v1.3,proteingym-substitutions-v1.3,UBC9_HUMAN_Weile_2017,UBC9_HUMAN_Weile_2017,UBC9_HUMAN,UBC9_HUMAN,cssf_ab8b39992872,esm2_8m,-0.1203225399408812,159,0.9937106918238994,158,69788,8797.7,0.849,0.0,0.3211,1.0,0.9921551807585628,1.4817848010706465,0.0,0.4364667626093714,0.5635332373906285,Human,OrganismalFitness,masked-protein-language-model,sequence,known-development-benchmark,available,,elastic_net,2,0.11066125509420632,0.11066125509420632,0.19231131294436804,-0.3019120604592446,False,,False,0.23098379503508754,0.23098379503508754,True
variantshift-development-v1,proteingym-v1.3,proteingym-substitutions-v1.3,UBC9_HUMAN_Weile_2017,UBC9_HUMAN_Weile_2017,UBC9_HUMAN,UBC9_HUMAN,cssf_ab8b39992872,vespag,0.6199756830413491,159,0.9937106918238994,158,69788,8797.7,0.849,0.0,0.3211,1.0,0.072123206802482,2.5278738959470783,0.0,0.1278131013051296,0.8721868986948703,Human,OrganismalFitness,distilled-evolutionary-variant-effect-model,sequence,known-development-benchmark,available,,elastic_net,2,0.5411524898712827,0.5411524898712827,0.11348231188507178,0.29769425044550896,True,0.1614427738254817,True,-0.07882319317006636,-0.07882319317006636,True
variantshift-development-v1,proteingym-v1.3,proteingym-substitutions-v1.3,UBE4B_HUMAN_Tsuboyama_2023_3L1X,UBE4B_HUMAN_Tsuboyama_2023_3L1X,UBE4B_HUMAN,UBE4B_HUMAN,cssf_57451dbef5f4,carp_640m,0.7245255019168816,69,1.0,69,310943,34932.4,0.928,0.0,0.3766,0.9855072463768116,2.8772758471425908,2.067831680059386,0.0,0.1493300358660263,0.8506699641339737,Human,Stability,convolutional-protein-language-model,sequence,known-development-benchmark,available,,elastic_net,4,0.641635081748962,0.641635081748962,0.27002250613600237,-0.1572859140962699,False,,False,-0.08289042016791959,-0.08289042016791959,True
variantshift-development-v1,proteingym-v1.3,proteingym-substitutions-v1.3,UBE4B_HUMAN_Tsuboyama_2023_3L1X,UBE4B_HUMAN_Tsuboyama_2023_3L1X,UBE4B_HUMAN,UBE4B_HUMAN,cssf_57451dbef5f4,esm2_150m,0.9625639606813792,69,1.0,69,310943,34932.4,0.928,0.0,0.3766,0.9855072463768116,5.151345508602822,1.7087700661223757,0.0,0.0738267261335405,0.9261732738664594,Human,Stability,masked-protein-language-model,sequence,known-development-benchmark,available,,elastic_net,4,0.7639063141122249,0.7639063141122249,0.2397925663460864,0.05442724644884889,False,,False,-0.1986576465691543,-0.1986576465691543,True
variantshift-development-v1,proteingym-v1.3,proteingym-substitutions-v1.3,UBE4B_HUMAN_Tsuboyama_2023_3L1X,UBE4B_HUMAN_Tsuboyama_2023_3L1X,UBE4B_HUMAN,UBE4B_HUMAN,cssf_57451dbef5f4,esm2_35m,0.7349598486992279,69,1.0,69,310943,34932.4,0.928,0.0,0.3766,0.9855072463768116,3.821045322011323,1.5524103458717622,0.0,0.0596514593305819,0.940348540669418,Human,Stability,masked-protein-language-model,sequence,known-development-benchmark,available,,elastic_net,4,0.6225883468225885,0.6225883468225885,0.24980788697696388,-0.1165232505385152,False,,False,-0.11237150187663947,-0.11237150187663947,True
variantshift-development-v1,proteingym-v1.3,proteingym-substitutions-v1.3,UBE4B_HUMAN_Tsuboyama_2023_3L1X,UBE4B_HUMAN_Tsuboyama_2023_3L1X,UBE4B_HUMAN,UBE4B_HUMAN,cssf_57451dbef5f4,esm2_650m,0.946987392654884,69,1.0,69,310943,34932.4,0.928,0.0,0.3766,0.9855072463768116,5.9490247686141,1.786422465979093,0.0,0.0832407258122718,0.9167592741877282,Human,Stability,masked-protein-language-model,sequence,known-development-benchmark,available,,elastic_net,4,0.8440284822389281,0.8440284822389281,0.20174350891321025,0.24712592269793499,True,0.7914351363107445,True,-0.10295891041595584,-0.10295891041595584,True
variantshift-development-v1,proteingym-v1.3,proteingym-substitutions-v1.3,UBE4B_HUMAN_Tsuboyama_2023_3L1X,UBE4B_HUMAN_Tsuboyama_2023_3L1X,UBE4B_HUMAN,UBE4B_HUMAN,cssf_57451dbef5f4,esm2_8m,0.2366924343906932,69,1.0,69,310943,34932.4,0.928,0.0,0.3766,0.9855072463768116,3.6503788601776943,1.3452259497093864,0.0,0.141877788228282,0.858122211771718,Human,Stability,masked-protein-language-model,sequence,known-development-benchmark,available,,elastic_net,4,0.497967156629696,0.497967156629696,0.2603087454181286,-0.2722135408708592,False,,False,0.2612747222390028,0.2612747222390028,True
variantshift-development-v1,proteingym-v1.3,proteingym-substitutions-v1.3,UBE4B_HUMAN_Tsuboyama_2023_3L1X,UBE4B_HUMAN_Tsuboyama_2023_3L1X,UBE4B_HUMAN,UBE4B_HUMAN,cssf_57451dbef5f4,vespag,0.7393913354621553,69,1.0,69,310943,34932.4,0.928,0.0,0.3766,0.9855072463768116,0.0528189358938605,3.0502618376075614,0.0,0.0690462331980842,0.9309537668019158,Human,Stability,distilled-evolutionary-variant-effect-model,sequence,known-development-benchmark,available,,elastic_net,4,0.727711146867283,0.727711146867283,0.1925041568195145,0.15814524337503522,False,,False,-0.011680188594872298,-0.011680188594872298,True
variantshift-development-v1,proteingym-v1.3,proteingym-substitutions-v1.3,UBE4B_MOUSE_Starita_2013,UBE4B_MOUSE_Starita_2013,UBE4B_MOUSE,UBE4B_MOUSE,cssf_57451dbef5f4,carp_640m,0.3716116097307361,1173,0.0869565217391304,102,4743,753.7,0.765,0.0,0.2068,1.0,4.086659589364801,1.6720630247611052,0.0,0.1585386138025175,0.8414613861974825,Eukaryote,Activity,convolutional-protein-language-model,sequence,known-development-benchmark,available,,elastic_net,4,0.5815184976462886,0.5815184976462886,0.38995033582635164,-0.5722353693430735,True,-0.012744300832786326,False,0.2099068879155525,0.2099068879155525,True
variantshift-development-v1,proteingym-v1.3,proteingym-substitutions-v1.3,UBE4B_MOUSE_Starita_2013,UBE4B_MOUSE_Starita_2013,UBE4B_MOUSE,UBE4B_MOUSE,cssf_57451dbef5f4,esm2_150m,0.4745239610887912,1173,0.0869565217391304,102,4743,753.7,0.765,0.0,0.2068,1.0,3.4079233414911596,1.466991236428288,0.0,0.099522285340554,0.9004777146594459,Eukaryote,Activity,masked-protein-language-model,sequence,known-development-benchmark,available,,elastic_net,4,0.4787077880473092,0.4787077880473092,0.40529137676003274,-0.7204359239421056,False,,False,0.004183826958517989,0.004183826958517989,True
variantshift-development-v1,proteingym-v1.3,proteingym-substitutions-v1.3,UBE4B_MOUSE_Starita_2013,UBE4B_MOUSE_Starita_2013,UBE4B_MOUSE,UBE4B_MOUSE,cssf_57451dbef5f4,esm2_35m,0.4656146056520797,1173,0.0869565217391304,102,4743,753.7,0.765,0.0,0.2068,1.0,2.5787571804771816,1.1788229444903011,0.0,0.1539369240589849,0.846063075941015,Eukaryote,Activity,masked-protein-language-model,sequence,known-development-benchmark,available,,elastic_net,4,0.2982250135592791,0.2982250135592791,0.40148486580430587,-0.8896562982437107,False,,False,-0.16738959209280058,-0.16738959209280058,True
variantshift-development-v1,proteingym-v1.3,proteingym-substitutions-v1.3,UBE4B_MOUSE_Starita_2013,UBE4B_MOUSE_Starita_2013,UBE4B_MOUSE,UBE4B_MOUSE,cssf_57451dbef5f4,esm2_650m,0.4471952505323734,1173,0.0869565217391304,102,4743,753.7,0.765,0.0,0.2068,1.0,4.04792260471269,1.7502761659808108,0.0,0.1575025868055986,0.8424974131944014,Eukaryote,Activity,masked-protein-language-model,sequence,known-development-benchmark,available,,elastic_net,4,0.5609849615916094,0.5609849615916094,0.3751641938928617,-0.5490208511808834,False,,False,0.11378971105923597,0.11378971105923597,True
variantshift-development-v1,proteingym-v1.3,proteingym-substitutions-v1.3,UBE4B_MOUSE_Starita_2013,UBE4B_MOUSE_Starita_2013,UBE4B_MOUSE,UBE4B_MOUSE,cssf_57451dbef5f4,esm2_8m,0.1907278909951643,1173,0.0869565217391304,102,4743,753.7,0.765,0.0,0.2068,1.0,1.7173820879319923,1.1772253052069257,0.0,0.2248494532818367,0.7751505467181633,Eukaryote,Activity,masked-protein-language-model,sequence,known-development-benchmark,available,,elastic_net,4,0.17354175449917836,0.17354175449917836,0.24085810702787178,-0.5390899497158221,False,,False,-0.017186136495985938,-0.017186136495985938,True
variantshift-development-v1,proteingym-v1.3,proteingym-substitutions-v1.3,UBE4B_MOUSE_Starita_2013,UBE4B_MOUSE_Starita_2013,UBE4B_MOUSE,UBE4B_MOUSE,cssf_57451dbef5f4,vespag,0.4669680169062805,1173,0.0869565217391304,102,4743,753.7,0.765,0.0,0.2068,1.0,0.1003926628241443,2.1958717085027355,0.0,0.1539369240589849,0.846063075941015,Eukaryote,Activity,distilled-evolutionary-variant-effect-model,sequence,known-development-benchmark,available,,elastic_net,4,0.401634132150644,0.401634132150644,0.3267116915217457,-0.5650142916417298,False,,False,-0.0653338847556365,-0.0653338847556365,True
variantshift-development-v1,proteingym-v1.3,proteingym-substitutions-v1.3,UBR5_HUMAN_Tsuboyama_2023_1I2T,UBR5_HUMAN_Tsuboyama_2023_1I2T,UBR5_HUMAN,UBR5_HUMAN,cssf_99a238bc9e63,carp_640m,0.6309568597244413,58,1.0,58,17888,1017.9,0.966,0.0,0.6328,0.9827586206896552,2.895104136672008,1.4813387715155766,0.0,0.2538919153432459,0.746108084656754,Human,Stability,convolutional-protein-language-model,sequence,known-development-benchmark,available,,elastic_net,1,0.4013358067130157,0.4013358067130157,0.20384453835041377,-0.003075622446807591,False,,False,-0.22962105301142555,-0.22962105301142555,True
variantshift-development-v1,proteingym-v1.3,proteingym-substitutions-v1.3,UBR5_HUMAN_Tsuboyama_2023_1I2T,UBR5_HUMAN_Tsuboyama_2023_1I2T,UBR5_HUMAN,UBR5_HUMAN,cssf_99a238bc9e63,esm2_150m,0.1948218580528986,58,1.0,58,17888,1017.9,0.966,0.0,0.6328,0.9827586206896552,1.204189955025631,1.81525768701525,0.0,0.2269872056209905,0.7730127943790095,Human,Stability,masked-protein-language-model,sequence,known-development-benchmark,available,,elastic_net,1,0.32763490323814615,0.32763490323814615,0.18098697730678928,-0.03142893405797137,False,,False,0.13281304518524756,0.13281304518524756,True
variantshift-development-v1,proteingym-v1.3,proteingym-substitutions-v1.3,UBR5_HUMAN_Tsuboyama_2023_1I2T,UBR5_HUMAN_Tsuboyama_2023_1I2T,UBR5_HUMAN,UBR5_HUMAN,cssf_99a238bc9e63,esm2_35m,0.2291388790091191,58,1.0,58,17888,1017.9,0.966,0.0,0.6328,0.9827586206896552,1.228654481479306,1.7946298730888468,0.0,0.2571939008661752,0.7428060991338248,Human,Stability,masked-protein-language-model,sequence,known-development-benchmark,available,,elastic_net,1,0.3015350609047717,0.3015350609047717,0.18190588437671293,-0.0593518152837299,False,,False,0.07239618189565261,0.07239618189565261,True
variantshift-development-v1,proteingym-v1.3,proteingym-substitutions-v1.3,UBR5_HUMAN_Tsuboyama_2023_1I2T,UBR5_HUMAN_Tsuboyama_2023_1I2T,UBR5_HUMAN,UBR5_HUMAN,cssf_99a238bc9e63,esm2_650m,0.2920996743477972,58,1.0,58,17888,1017.9,0.966,0.0,0.6328,0.9827586206896552,2.677807933075998,1.2171600266265212,0.0,0.2571939008661752,0.7428060991338248,Human,Stability,masked-protein-language-model,sequence,known-development-benchmark,available,,elastic_net,1,0.27358596186158446,0.27358596186158446,0.1820680879805593,-0.08762271343803008,False,,False,-0.018513712486212752,-0.018513712486212752,True
variantshift-development-v1,proteingym-v1.3,proteingym-substitutions-v1.3,UBR5_HUMAN_Tsuboyama_2023_1I2T,UBR5_HUMAN_Tsuboyama_2023_1I2T,UBR5_HUMAN,UBR5_HUMAN,cssf_99a238bc9e63,esm2_8m,0.1950083116756388,58,1.0,58,17888,1017.9,0.966,0.0,0.6328,0.9827586206896552,1.280553480078308,1.8133321803939897,0.0,0.2504312193153268,0.7495687806846731,Human,Stability,masked-protein-language-model,sequence,known-development-benchmark,available,,elastic_net,1,0.31448951200508124,0.31448951200508124,0.184643089988604,-0.05182776345909912,False,,False,0.11948120032944243,0.11948120032944243,True
variantshift-development-v1,proteingym-v1.3,proteingym-substitutions-v1.3,UBR5_HUMAN_Tsuboyama_2023_1I2T,UBR5_HUMAN_Tsuboyama_2023_1I2T,UBR5_HUMAN,UBR5_HUMAN,cssf_99a238bc9e63,vespag,0.644151625592903,58,1.0,58,17888,1017.9,0.966,0.0,0.6328,0.9827586206896552,0.0667212078918611,2.8193473406513645,0.0,0.1867054142519236,0.8132945857480763,Human,Stability,distilled-evolutionary-variant-effect-model,sequence,known-development-benchmark,available,,elastic_net,1,0.5818639947212674,0.5818639947212674,0.1651728339293082,0.25417416614757926,True,-1.105263659638184,True,-0.06228763087163558,-0.06228763087163558,True
variantshift-development-v1,proteingym-v1.3,proteingym-substitutions-v1.3,VG08_BPP22_Tsuboyama_2023_2GP8,VG08_BPP22_Tsuboyama_2023_2GP8,VG08_BPP22,VG08_BPP22,cssf_ffaeeb6011e9,carp_640m,0.6143793542368614,40,1.0,40,102464,47114.9,0.875,0.0,0.6379,0.0,2.1057977906442136,1.2589486492529365,0.0,0.0667378021501118,0.9332621978498882,Virus,Stability,convolutional-protein-language-model,sequence,known-development-benchmark,available,,elastic_net,1,0.47854495355896226,0.47854495355896226,0.1726923951689797,0.13593691068235858,False,,False,-0.13583440067789915,-0.13583440067789915,True
variantshift-development-v1,proteingym-v1.3,proteingym-substitutions-v1.3,VG08_BPP22_Tsuboyama_2023_2GP8,VG08_BPP22_Tsuboyama_2023_2GP8,VG08_BPP22,VG08_BPP22,cssf_ffaeeb6011e9,esm2_150m,0.6327213932414953,40,1.0,40,102464,47114.9,0.875,0.0,0.6379,0.0,2.3569687782172206,1.0776146485823588,0.0,0.0433723661396918,0.956627633860308,Virus,Stability,masked-protein-language-model,sequence,known-development-benchmark,available,,elastic_net,1,0.42219540154668445,0.42219540154668445,0.19702920374737445,0.031305056784420804,False,,False,-0.2105259916948109,-0.2105259916948109,True
variantshift-development-v1,proteingym-v1.3,proteingym-substitutions-v1.3,VG08_BPP22_Tsuboyama_2023_2GP8,VG08_BPP22_Tsuboyama_2023_2GP8,VG08_BPP22,VG08_BPP22,cssf_ffaeeb6011e9,esm2_35m,0.5533856044803698,40,1.0,40,102464,47114.9,0.875,0.0,0.6379,0.0,1.970772848146311,1.1970360552259238,0.0,0.0511365653319155,0.9488634346680844,Virus,Stability,masked-protein-language-model,sequence,known-development-benchmark,available,,elastic_net,1,0.41601105828273366,0.41601105828273366,0.15301238582267968,0.11244659621541547,False,,False,-0.13737454619763612,-0.13737454619763612,True
variantshift-development-v1,proteingym-v1.3,proteingym-substitutions-v1.3,VG08_BPP22_Tsuboyama_2023_2GP8,VG08_BPP22_Tsuboyama_2023_2GP8,VG08_BPP22,VG08_BPP22,cssf_ffaeeb6011e9,esm2_650m,0.6232321327199166,40,1.0,40,102464,47114.9,0.875,0.0,0.6379,0.0,2.5807411437264345,1.050179269179612,0.0,0.0495053527358324,0.9504946472641675,Virus,Stability,masked-protein-language-model,sequence,known-development-benchmark,available,,elastic_net,1,0.4268984357328628,0.4268984357328628,0.1538472403536019,0.12167768835752019,False,,False,-0.19633369698705383,-0.19633369698705383,True
variantshift-development-v1,proteingym-v1.3,proteingym-substitutions-v1.3,VG08_BPP22_Tsuboyama_2023_2GP8,VG08_BPP22_Tsuboyama_2023_2GP8,VG08_BPP22,VG08_BPP22,cssf_ffaeeb6011e9,esm2_8m,0.4968487297316918,40,1.0,40,102464,47114.9,0.875,0.0,0.6379,0.0,1.406303672039822,1.50993621319339,0.0,0.1317279105384005,0.8682720894615995,Virus,Stability,masked-protein-language-model,sequence,known-development-benchmark,available,,elastic_net,1,0.38454302698989457,0.38454302698989457,0.17141468179877248,0.04446986630480615,False,,False,-0.11230570274179724,-0.11230570274179724,True
variantshift-development-v1,proteingym-v1.3,proteingym-substitutions-v1.3,VG08_BPP22_Tsuboyama_2023_2GP8,VG08_BPP22_Tsuboyama_2023_2GP8,VG08_BPP22,VG08_BPP22,cssf_ffaeeb6011e9,vespag,0.4833599809407474,40,1.0,40,102464,47114.9,0.875,0.0,0.6379,0.0,0.0739539340844061,2.4370937091418825,0.0,0.1732546606278291,0.8267453393721709,Virus,Stability,distilled-evolutionary-variant-effect-model,sequence,known-development-benchmark,available,,elastic_net,1,0.54529244254183,0.54529244254183,0.17737244951941566,0.19339954227477751,True,0.4390275387896106,True,0.06193246160108257,0.06193246160108257,True
variantshift-development-v1,proteingym-v1.3,proteingym-substitutions-v1.3,VILI_CHICK_Tsuboyama_2023_1YU5,VILI_CHICK_Tsuboyama_2023_1YU5,VILI_CHICK,VILI_CHICK,cssf_0815efaffc38,carp_640m,0.8687048403594159,65,1.0,65,254210,49505.5,0.769,0.0,0.3829,1.0,2.839890726071599,1.8111239363506877,0.0,0.15611825427683,0.84388174572317,Eukaryote,Stability,convolutional-protein-language-model,sequence,known-development-benchmark,available,,elastic_net,1,0.6269237178807128,0.6269237178807128,0.14814644972440832,0.3330128878784319,False,,False,-0.2417811224787031,-0.2417811224787031,True
variantshift-development-v1,proteingym-v1.3,proteingym-substitutions-v1.3,VILI_CHICK_Tsuboyama_2023_1YU5,VILI_CHICK_Tsuboyama_2023_1YU5,VILI_CHICK,VILI_CHICK,cssf_0815efaffc38,esm2_150m,0.8652267533629778,65,1.0,65,254210,49505.5,0.769,0.0,0.3829,1.0,5.704763276338277,1.4880650300908196,0.0,0.140796579953999,0.8592034200460009,Eukaryote,Stability,masked-protein-language-model,sequence,known-development-benchmark,available,,elastic_net,1,0.7141156663631663,0.7141156663631663,0.13578320186012313,0.4447325415342164,False,,False,-0.15111108699981157,-0.15111108699981157,True
variantshift-development-v1,proteingym-v1.3,proteingym-substitutions-v1.3,VILI_CHICK_Tsuboyama_2023_1YU5,VILI_CHICK_Tsuboyama_2023_1YU5,VILI_CHICK,VILI_CHICK,cssf_0815efaffc38,esm2_35m,0.1623592070597013,65,1.0,65,254210,49505.5,0.769,0.0,0.3829,1.0,1.0803498998550984,1.7301072921445049,0.0,0.3522255254624667,0.6477744745375332,Eukaryote,Stability,masked-protein-language-model,sequence,known-development-benchmark,available,,elastic_net,1,0.28483151373605015,0.28483151373605015,0.20100451345187678,-0.11394553082185432,False,,False,0.12247230667634884,0.12247230667634884,True
variantshift-development-v1,proteingym-v1.3,proteingym-substitutions-v1.3,VILI_CHICK_Tsuboyama_2023_1YU5,VILI_CHICK_Tsuboyama_2023_1YU5,VILI_CHICK,VILI_CHICK,cssf_0815efaffc38,esm2_650m,0.9427965654688748,65,1.0,65,254210,49505.5,0.769,0.0,0.3829,1.0,6.157794046303325,1.2900834423908325,0.0,0.1301265975028047,0.8698734024971952,Eukaryote,Stability,masked-protein-language-model,sequence,known-development-benchmark,available,,elastic_net,1,0.7096940848370218,0.7096940848370218,0.13114721544782382,0.44950839009737154,False,,False,-0.23310248063185302,-0.23310248063185302,True
variantshift-development-v1,proteingym-v1.3,proteingym-substitutions-v1.3,VILI_CHICK_Tsuboyama_2023_1YU5,VILI_CHICK_Tsuboyama_2023_1YU5,VILI_CHICK,VILI_CHICK,cssf_0815efaffc38,esm2_8m,0.182151777175443,65,1.0,65,254210,49505.5,0.769,0.0,0.3829,1.0,1.3788411578208954,1.4400895021213904,0.0,0.3387845319368734,0.6612154680631266,Eukaryote,Stability,masked-protein-language-model,sequence,known-development-benchmark,available,,elastic_net,1,0.25135226942587596,0.25135226942587596,0.19135757784564322,-0.12828601847413257,False,,False,0.06920049225043295,0.06920049225043295,True
variantshift-development-v1,proteingym-v1.3,proteingym-substitutions-v1.3,VILI_CHICK_Tsuboyama_2023_1YU5,VILI_CHICK_Tsuboyama_2023_1YU5,VILI_CHICK,VILI_CHICK,cssf_0815efaffc38,vespag,0.8217270092402004,65,1.0,65,254210,49505.5,0.769,0.0,0.3829,1.0,0.0692084383127251,3.028983360836744,0.0,0.1239154040847787,0.8760845959152213,Eukaryote,Stability,distilled-evolutionary-variant-effect-model,sequence,known-development-benchmark,available,,elastic_net,1,0.7578513956100562,0.7578513956100562,0.1525938846380506,0.45511720676737544,True,0.7322014354303589,True,-0.06387561363014416,-0.06387561363014416,True
variantshift-development-v1,proteingym-v1.3,proteingym-substitutions-v1.3,VKOR1_HUMAN_Chiasson_2020_abundance,VKOR1_HUMAN_Chiasson_2020_abundance,VKOR1_HUMAN,VKOR1_HUMAN,cssf_893ea5ec829f,carp_640m,0.649119722502782,163,0.9938650306748468,162,14510,4735.7,0.779,0.0,0.3311,1.0,3.809120987052035,1.5447236151108643,0.0,0.1423038677387043,0.8576961322612957,Human,Expression,convolutional-protein-language-model,sequence,known-development-benchmark,available,,elastic_net,3,0.5353023267242827,0.5353023267242827,0.16139777675815717,0.25171977232256654,True,0.012768872914648927,True,-0.11381739577849936,-0.11381739577849936,True
variantshift-development-v1,proteingym-v1.3,proteingym-substitutions-v1.3,VKOR1_HUMAN_Chiasson_2020_abundance,VKOR1_HUMAN_Chiasson_2020_abundance,VKOR1_HUMAN,VKOR1_HUMAN,cssf_893ea5ec829f,esm2_150m,0.6714858473434476,163,0.9938650306748468,162,14510,4735.7,0.779,0.0,0.3311,1.0,2.7896513520491197,1.2611695346054383,0.0,0.1355709675604293,0.8644290324395707,Human,Expression,masked-protein-language-model,sequence,known-development-benchmark,available,,elastic_net,3,0.3239296519630022,0.3239296519630022,0.13986670455003347,0.07817807998514356,False,,False,-0.3475561953804454,-0.3475561953804454,True
variantshift-development-v1,proteingym-v1.3,proteingym-substitutions-v1.3,VKOR1_HUMAN_Chiasson_2020_abundance,VKOR1_HUMAN_Chiasson_2020_abundance,VKOR1_HUMAN,VKOR1_HUMAN,cssf_893ea5ec829f,esm2_35m,0.5642915672927714,163,0.9938650306748468,162,14510,4735.7,0.779,0.0,0.3311,1.0,2.136779890006116,1.22413753458591,0.0,0.1886360102056327,0.8113639897943673,Human,Expression,masked-protein-language-model,sequence,known-development-benchmark,available,,elastic_net,3,0.2276939857720795,0.2276939857720795,0.1059464982971974,0.04154161601511608,False,,False,-0.3365975815206919,-0.3365975815206919,True
variantshift-development-v1,proteingym-v1.3,proteingym-substitutions-v1.3,VKOR1_HUMAN_Chiasson_2020_abundance,VKOR1_HUMAN_Chiasson_2020_abundance,VKOR1_HUMAN,VKOR1_HUMAN,cssf_893ea5ec829f,esm2_650m,0.7138665067250659,163,0.9938650306748468,162,14510,4735.7,0.779,0.0,0.3311,1.0,3.815300420415458,1.320963002619311,0.0,0.1680409794086421,0.8319590205913578,Human,Expression,masked-protein-language-model,sequence,known-development-benchmark,available,,elastic_net,3,0.4157241307052516,0.4157241307052516,0.12374715375782377,0.19829527469833644,False,,False,-0.2981423760198143,-0.2981423760198143,True
variantshift-development-v1,proteingym-v1.3,proteingym-substitutions-v1.3,VKOR1_HUMAN_Chiasson_2020_abundance,VKOR1_HUMAN_Chiasson_2020_abundance,VKOR1_HUMAN,VKOR1_HUMAN,cssf_893ea5ec829f,esm2_8m,0.1146421087611619,163,0.9938650306748468,162,14510,4735.7,0.779,0.0,0.3311,1.0,1.201781918913576,1.6063905525280575,0.0,0.3695477442738796,0.6304522557261204,Human,Expression,masked-protein-language-model,sequence,known-development-benchmark,available,,elastic_net,3,0.13329939030043375,0.13329939030043375,0.20941797807569187,-0.23465663953593024,False,,False,0.018657281539271847,0.018657281539271847,True
variantshift-development-v1,proteingym-v1.3,proteingym-substitutions-v1.3,VKOR1_HUMAN_Chiasson_2020_abundance,VKOR1_HUMAN_Chiasson_2020_abundance,VKOR1_HUMAN,VKOR1_HUMAN,cssf_893ea5ec829f,vespag,0.7220302052401382,163,0.9938650306748468,162,14510,4735.7,0.779,0.0,0.3311,1.0,0.094726883261796,2.615103208099393,0.0,0.1355709675604293,0.8644290324395707,Human,Expression,distilled-evolutionary-variant-effect-model,sequence,known-development-benchmark,available,,elastic_net,3,0.5201831530846799,0.5201831530846799,0.16084857978298164,0.2375655604328603,False,,False,-0.20184705215545828,-0.20184705215545828,True
variantshift-development-v1,proteingym-v1.3,proteingym-substitutions-v1.3,VKOR1_HUMAN_Chiasson_2020_activity,VKOR1_HUMAN_Chiasson_2020_activity,VKOR1_HUMAN,VKOR1_HUMAN,cssf_893ea5ec829f,carp_640m,0.3448267572122422,163,0.9325153374233128,152,14510,4735.7,0.779,0.0,0.3311,1.0,4.046380481290524,1.5832503676757217,0.0,0.124637403911948,0.875362596088052,Human,Activity,convolutional-protein-language-model,sequence,known-development-benchmark,available,,elastic_net,3,0.5776882746756947,0.5776882746756947,0.14604332093433675,0.3210841328111713,True,0.023365359902501937,True,0.23286151746345252,0.23286151746345252,True
variantshift-development-v1,proteingym-v1.3,proteingym-substitutions-v1.3,VKOR1_HUMAN_Chiasson_2020_activity,VKOR1_HUMAN_Chiasson_2020_activity,VKOR1_HUMAN,VKOR1_HUMAN,cssf_893ea5ec829f,esm2_150m,0.3457786560475753,163,0.9325153374233128,152,14510,4735.7,0.779,0.0,0.3311,1.0,2.946162158078311,1.1659662912170818,0.0,0.1180805155750285,0.8819194844249715,Human,Activity,masked-protein-language-model,sequence,known-development-benchmark,available,,elastic_net,3,0.3287653873432878,0.3287653873432878,0.1533705723516802,0.05928696235411268,False,,False,-0.017013268704287487,-0.017013268704287487,True
variantshift-development-v1,proteingym-v1.3,proteingym-substitutions-v1.3,VKOR1_HUMAN_Chiasson_2020_activity,VKOR1_HUMAN_Chiasson_2020_activity,VKOR1_HUMAN,VKOR1_HUMAN,cssf_893ea5ec829f,esm2_35m,0.2679750401188459,163,0.9325153374233128,152,14510,4735.7,0.779,0.0,0.3311,1.0,2.329548456346405,1.1502549023473922,0.0,0.187605901164064,0.8123940988359359,Human,Activity,masked-protein-language-model,sequence,known-development-benchmark,available,,elastic_net,3,0.23218013904573628,0.23218013904573628,0.11679056465377644,0.026974297182348866,False,,False,-0.03579490107310959,-0.03579490107310959,True
variantshift-development-v1,proteingym-v1.3,proteingym-substitutions-v1.3,VKOR1_HUMAN_Chiasson_2020_activity,VKOR1_HUMAN_Chiasson_2020_activity,VKOR1_HUMAN,VKOR1_HUMAN,cssf_893ea5ec829f,esm2_650m,0.2625332490546069,163,0.9325153374233128,152,14510,4735.7,0.779,0.0,0.3311,1.0,3.9971976482345695,1.3205217962492115,0.0,0.1462122698419425,0.8537877301580574,Human,Activity,masked-protein-language-model,sequence,known-development-benchmark,available,,elastic_net,3,0.44638878480212413,0.44638878480212413,0.09288140473150958,0.2831923236163606,False,,False,0.18385553574751723,0.18385553574751723,False
variantshift-development-v1,proteingym-v1.3,proteingym-substitutions-v1.3,VKOR1_HUMAN_Chiasson_2020_activity,VKOR1_HUMAN_Chiasson_2020_activity,VKOR1_HUMAN,VKOR1_HUMAN,cssf_893ea5ec829f,esm2_8m,-0.1428322099737222,163,0.9325153374233128,152,14510,4735.7,0.779,0.0,0.3311,1.0,1.2925215997623098,1.4126878566910226,0.0,0.3718470460087177,0.6281529539912822,Human,Activity,masked-protein-language-model,sequence,known-development-benchmark,available,,elastic_net,3,0.09975181818784012,0.09975181818784012,0.14037549838400584,-0.1468937255534458,False,,False,0.24258402816156233,0.24258402816156233,True
variantshift-development-v1,proteingym-v1.3,proteingym-substitutions-v1.3,VKOR1_HUMAN_Chiasson_2020_activity,VKOR1_HUMAN_Chiasson_2020_activity,VKOR1_HUMAN,VKOR1_HUMAN,cssf_893ea5ec829f,vespag,0.3273414994212823,163,0.9325153374233128,152,14510,4735.7,0.779,0.0,0.3311,1.0,0.0952941472959723,2.6897237746429017,0.0,0.1291141711829191,0.8708858288170809,Human,Activity,distilled-evolutionary-variant-effect-model,sequence,known-development-benchmark,available,,elastic_net,3,0.5429185214360693,0.5429185214360693,0.10325544122229222,0.3614944500154946,False,,False,0.215577022014787,0.215577022014787,False
variantshift-development-v1,proteingym-v1.3,proteingym-substitutions-v1.3,VRPI_BPT7_Tsuboyama_2023_2WNM,VRPI_BPT7_Tsuboyama_2023_2WNM,VRPI_BPT7,VRPI_BPT7,cssf_c5c95e85f55b,carp_640m,0.4277753674398917,56,1.0,56,6266,4546.6,0.875,0.0,0.5563,1.0,2.1209308695631046,1.2667586194669591,0.0,0.0863229551691965,0.9136770448308036,Virus,Stability,convolutional-protein-language-model,sequence,known-development-benchmark,available,,elastic_net,2,0.47580361736145205,0.47580361736145205,0.15465547274089098,0.14401491403304306,False,,False,0.04802824992156035,0.04802824992156035,True
variantshift-development-v1,proteingym-v1.3,proteingym-substitutions-v1.3,VRPI_BPT7_Tsuboyama_2023_2WNM,VRPI_BPT7_Tsuboyama_2023_2WNM,VRPI_BPT7,VRPI_BPT7,cssf_c5c95e85f55b,esm2_150m,0.5462602358747025,56,1.0,56,6266,4546.6,0.875,0.0,0.5563,1.0,2.2753789276259755,1.011620096238647,0.0,0.0743196332304617,0.9256803667695382,Virus,Stability,masked-protein-language-model,sequence,known-development-benchmark,available,,elastic_net,2,0.3968295688513517,0.3968295688513517,0.16903365162112013,0.03419477102431706,False,,False,-0.14943066702335084,-0.14943066702335084,True
variantshift-development-v1,proteingym-v1.3,proteingym-substitutions-v1.3,VRPI_BPT7_Tsuboyama_2023_2WNM,VRPI_BPT7_Tsuboyama_2023_2WNM,VRPI_BPT7,VRPI_BPT7,cssf_c5c95e85f55b,esm2_35m,0.3688457843487878,56,1.0,56,6266,4546.6,0.875,0.0,0.5563,1.0,1.7278792698197645,1.378175089728087,0.0,0.074570521554544,0.925429478445456,Virus,Stability,masked-protein-language-model,sequence,known-development-benchmark,available,,elastic_net,2,0.42902590837643667,0.42902590837643667,0.1536866709711679,0.09931561506004988,False,,False,0.060180124027648885,0.060180124027648885,True
variantshift-development-v1,proteingym-v1.3,proteingym-substitutions-v1.3,VRPI_BPT7_Tsuboyama_2023_2WNM,VRPI_BPT7_Tsuboyama_2023_2WNM,VRPI_BPT7,VRPI_BPT7,cssf_c5c95e85f55b,esm2_650m,0.6124808782121035,56,1.0,56,6266,4546.6,0.875,0.0,0.5563,1.0,2.2762412238822187,1.0986968152257748,0.0,0.08298076950824,0.91701923049176,Virus,Stability,masked-protein-language-model,sequence,known-development-benchmark,available,,elastic_net,2,0.4075469250017956,0.4075469250017956,0.1621861424616003,0.05960236829460075,False,,False,-0.20493395321030788,-0.20493395321030788,True
variantshift-development-v1,proteingym-v1.3,proteingym-substitutions-v1.3,VRPI_BPT7_Tsuboyama_2023_2WNM,VRPI_BPT7_Tsuboyama_2023_2WNM,VRPI_BPT7,VRPI_BPT7,cssf_c5c95e85f55b,esm2_8m,0.1243877187909093,56,1.0,56,6266,4546.6,0.875,0.0,0.5563,1.0,1.6681773250910406,1.495398021256881,0.0,0.1179518217884068,0.8820481782115932,Virus,Stability,masked-protein-language-model,sequence,known-development-benchmark,available,,elastic_net,2,0.4167206583767613,0.4167206583767613,0.17694035782652667,0.037123280739274844,False,,False,0.292332939585852,0.292332939585852,True
variantshift-development-v1,proteingym-v1.3,proteingym-substitutions-v1.3,VRPI_BPT7_Tsuboyama_2023_2WNM,VRPI_BPT7_Tsuboyama_2023_2WNM,VRPI_BPT7,VRPI_BPT7,cssf_c5c95e85f55b,vespag,0.608065717809918,56,1.0,56,6266,4546.6,0.875,0.0,0.5563,1.0,0.0623274106374108,2.500273612694353,0.0,0.2149944814187691,0.7850055185812309,Virus,Stability,distilled-evolutionary-variant-effect-model,sequence,known-development-benchmark,available,,elastic_net,2,0.5038474635473882,0.5038474635473882,0.08941561583343656,0.31202049028281337,True,-0.6549321490715803,True,-0.10421825426252984,-0.10421825426252984,True
variantshift-development-v1,proteingym-v1.3,proteingym-substitutions-v1.3,YAIA_ECOLI_Tsuboyama_2023_2KVT,YAIA_ECOLI_Tsuboyama_2023_2KVT,YAIA_ECOLI,YAIA_ECOLI,cssf_ac44f5c3e836,carp_640m,0.4279763576020681,52,1.0,52,5877,844.8,0.788,0.0,0.4515,1.0,1.4372699003803937,1.2032265707968923,0.0,0.2853348449429073,0.7146651550570927,Prokaryote,Stability,convolutional-protein-language-model,sequence,known-development-benchmark,available,,elastic_net,0,0.2677320041935759,0.2677320041935759,0.17768568673836294,-0.20473454783541323,False,,False,-0.1602443534084922,-0.1602443534084922,True
variantshift-development-v1,proteingym-v1.3,proteingym-substitutions-v1.3,YAIA_ECOLI_Tsuboyama_2023_2KVT,YAIA_ECOLI_Tsuboyama_2023_2KVT,YAIA_ECOLI,YAIA_ECOLI,cssf_ac44f5c3e836,esm2_150m,0.5365050163008398,52,1.0,52,5877,844.8,0.788,0.0,0.4515,1.0,4.335692993925365,1.0431251878914145,0.0,0.2196162013974436,0.7803837986025564,Prokaryote,Stability,masked-protein-language-model,sequence,known-development-benchmark,available,,elastic_net,0,0.5084685748175114,0.5084685748175114,0.1906425965968042,0.0015495767972917296,False,,False,-0.0280364414833284,-0.0280364414833284,True
variantshift-development-v1,proteingym-v1.3,proteingym-substitutions-v1.3,YAIA_ECOLI_Tsuboyama_2023_2KVT,YAIA_ECOLI_Tsuboyama_2023_2KVT,YAIA_ECOLI,YAIA_ECOLI,cssf_ac44f5c3e836,esm2_35m,0.2277680216417426,52,1.0,52,5877,844.8,0.788,0.0,0.4515,1.0,1.2985520531482568,1.4858809359580307,0.0,0.3200232772303983,0.6799767227696016,Prokaryote,Stability,masked-protein-language-model,sequence,known-development-benchmark,available,,elastic_net,0,0.2597076783916711,0.2597076783916711,0.18546248229682366,-0.2334373866384838,False,,False,0.03193965674992849,0.03193965674992849,True
variantshift-development-v1,proteingym-v1.3,proteingym-substitutions-v1.3,YAIA_ECOLI_Tsuboyama_2023_2KVT,YAIA_ECOLI_Tsuboyama_2023_2KVT,YAIA_ECOLI,YAIA_ECOLI,cssf_ac44f5c3e836,esm2_650m,0.5959656040301629,52,1.0,52,5877,844.8,0.788,0.0,0.4515,1.0,6.196158969859881,1.6007234274385846,0.0,0.2075644822176203,0.7924355177823796,Prokaryote,Stability,masked-protein-language-model,sequence,known-development-benchmark,available,,elastic_net,0,0.8448386849661436,0.8448386849661436,0.20913259050477367,0.28875476078280127,True,-1.1639154555763915,True,0.2488730809359807,0.2488730809359807,True
variantshift-development-v1,proteingym-v1.3,proteingym-substitutions-v1.3,YAIA_ECOLI_Tsuboyama_2023_2KVT,YAIA_ECOLI_Tsuboyama_2023_2KVT,YAIA_ECOLI,YAIA_ECOLI,cssf_ac44f5c3e836,esm2_8m,-0.019941052197765,52,1.0,52,5877,844.8,0.788,0.0,0.4515,1.0,1.2901650296356175,1.849454889985661,0.0,0.4912129148449586,0.5087870851550413,Prokaryote,Stability,masked-protein-language-model,sequence,known-development-benchmark,available,,elastic_net,0,0.2701861917360302,0.2701861917360302,0.19065632025733947,-0.23676929752157239,False,,False,0.2901272439337952,0.2901272439337952,True
variantshift-development-v1,proteingym-v1.3,proteingym-substitutions-v1.3,YAIA_ECOLI_Tsuboyama_2023_2KVT,YAIA_ECOLI_Tsuboyama_2023_2KVT,YAIA_ECOLI,YAIA_ECOLI,cssf_ac44f5c3e836,vespag,0.7300805288041256,52,1.0,52,5877,844.8,0.788,0.0,0.4515,1.0,0.0665504484920825,2.9667118026152077,0.0,0.1861630152565538,0.8138369847434461,Prokaryote,Stability,distilled-evolutionary-variant-effect-model,sequence,known-development-benchmark,available,,elastic_net,0,0.6830914017144628,0.6830914017144628,0.11852632983063248,0.36792968324589737,False,,False,-0.04698912708966274,-0.04698912708966274,True
variantshift-development-v1,proteingym-v1.3,proteingym-substitutions-v1.3,YNZC_BACSU_Tsuboyama_2023_2JVD,YNZC_BACSU_Tsuboyama_2023_2JVD,YNZC_BACSU,YNZC_BACSU,cssf_ca121528f828,carp_640m,0.6301153597127063,39,1.0,39,7116,1598.7,0.974,0.0,0.5659,0.8717948717948718,2.098818511808763,2.1921793154146867,0.0,0.1348132290680057,0.8651867709319943,Prokaryote,Stability,convolutional-protein-language-model,sequence,known-development-benchmark,available,,elastic_net,3,0.6164168129133477,0.6164168129133477,0.11556167623216605,0.41337017872106196,False,,False,-0.013698546799358557,-0.013698546799358557,True
variantshift-development-v1,proteingym-v1.3,proteingym-substitutions-v1.3,YNZC_BACSU_Tsuboyama_2023_2JVD,YNZC_BACSU_Tsuboyama_2023_2JVD,YNZC_BACSU,YNZC_BACSU,cssf_ca121528f828,esm2_150m,0.6175462845841306,39,1.0,39,7116,1598.7,0.974,0.0,0.5659,0.8717948717948718,4.948534802768087,1.959366242723223,0.0,0.0815762358531554,0.9184237641468446,Prokaryote,Stability,masked-protein-language-model,sequence,known-development-benchmark,available,,elastic_net,3,0.7993287303122791,0.7993287303122791,0.16670426807738697,0.5064224516719534,False,,False,0.1817824457281485,0.1817824457281485,True
variantshift-development-v1,proteingym-v1.3,proteingym-substitutions-v1.3,YNZC_BACSU_Tsuboyama_2023_2JVD,YNZC_BACSU_Tsuboyama_2023_2JVD,YNZC_BACSU,YNZC_BACSU,cssf_ca121528f828,esm2_35m,0.7049505431294517,39,1.0,39,7116,1598.7,0.974,0.0,0.5659,0.8717948717948718,2.8006763447756664,1.5614966361381133,0.0,0.1505369133093532,0.8494630866906467,Prokaryote,Stability,masked-protein-language-model,sequence,known-development-benchmark,available,,elastic_net,3,0.47534766356884356,0.47534766356884356,0.11846246387722902,0.2672042257731444,False,,False,-0.22960287956060815,-0.22960287956060815,True
variantshift-development-v1,proteingym-v1.3,proteingym-substitutions-v1.3,YNZC_BACSU_Tsuboyama_2023_2JVD,YNZC_BACSU_Tsuboyama_2023_2JVD,YNZC_BACSU,YNZC_BACSU,cssf_ca121528f828,esm2_650m,0.6604626304469721,39,1.0,39,7116,1598.7,0.974,0.0,0.5659,0.8717948717948718,6.157278254398275,2.006996492230789,0.0,0.1137303869137741,0.8862696130862259,Prokaryote,Stability,masked-protein-language-model,sequence,known-development-benchmark,available,,elastic_net,3,0.9055451143184898,0.9055451143184898,0.1402745180106859,0.6590769972604315,True,-1.0158408305178976,True,0.24508248387151776,0.24508248387151776,True
variantshift-development-v1,proteingym-v1.3,proteingym-substitutions-v1.3,YNZC_BACSU_Tsuboyama_2023_2JVD,YNZC_BACSU_Tsuboyama_2023_2JVD,YNZC_BACSU,YNZC_BACSU,cssf_ca121528f828,esm2_8m,0.7253075676697396,39,1.0,39,7116,1598.7,0.974,0.0,0.5659,0.8717948717948718,2.9224235179652447,1.5446704688905075,0.0,0.1374474421080889,0.8625525578919111,Prokaryote,Stability,masked-protein-language-model,sequence,known-development-benchmark,available,,elastic_net,3,0.4896229202866562,0.4896229202866562,0.160951191773826,0.2068250341322843,False,,False,-0.23568464738308337,-0.23568464738308337,True
variantshift-development-v1,proteingym-v1.3,proteingym-substitutions-v1.3,YNZC_BACSU_Tsuboyama_2023_2JVD,YNZC_BACSU_Tsuboyama_2023_2JVD,YNZC_BACSU,YNZC_BACSU,cssf_ca121528f828,vespag,0.5509488040390383,39,1.0,39,7116,1598.7,0.974,0.0,0.5659,0.8717948717948718,0.0598611391570395,2.986604028158529,0.0,0.1136303949494459,0.8863696050505541,Prokaryote,Stability,distilled-evolutionary-variant-effect-model,sequence,known-development-benchmark,available,,elastic_net,3,0.7023320666148172,0.7023320666148172,0.08959937647830402,0.5449022645141862,False,,False,0.15138326257577883,0.15138326257577883,True
