protocol_id,panel_id,dataset_id,assay_id,task_id,target_id,protein_id,family_id,model_id,selection_gain_sd,protein_length,assayed_fraction,mutated_positions,msa_depth,msa_neff,alignment_coverage,sequence_identity_to_development,structure_similarity_to_development,domain_coverage,score_dispersion,score_tail_separation,missing_fraction,ensemble_disagreement,ensemble_agreement,taxon,assay_modality,model_family,model_modalities,exposure_status,structure_available,development_crossover_probability_supervised_wins,transport_estimator,fold,predicted_selection_gain_sd,decision_selection_gain_sd,predicted_error_scale,lower_selection_gain_sd,auditor_selected,auditor_confidence,trusted,prediction_error,decision_prediction_error,lower_bound_covers,elastic_predicted_selection_gain_sd
variantshift-development-v1,proteingym-v1.3,proteingym-substitutions-v1.3,A0A140D2T1_ZIKV_Sourisseau_2019,A0A140D2T1_ZIKV_Sourisseau_2019,A0A140D2T1_ZIKV,A0A140D2T1_ZIKV,cssf_a5d49b9502ef,carp_640m,0.1931785880143609,3423,0.147239263803681,504,16501,854.1,0.948,0.0,0.2561,0.0,3.2334919852757023,0.8034737699939535,0.0,0.249238015250917,0.750761984749083,Virus,OrganismalFitness,convolutional-protein-language-model,sequence,known-development-benchmark,available,,histgb,0,0.34588425037758574,0.34588425037758574,0.2778871524934235,-0.3270940093013259,False,,False,0.15270566236322483,0.15270566236322483,True,0.25265881852090727
variantshift-development-v1,proteingym-v1.3,proteingym-substitutions-v1.3,A0A140D2T1_ZIKV_Sourisseau_2019,A0A140D2T1_ZIKV_Sourisseau_2019,A0A140D2T1_ZIKV,A0A140D2T1_ZIKV,cssf_a5d49b9502ef,esm2_150m,-0.0292027775723766,3423,0.147239263803681,504,16501,854.1,0.948,0.0,0.2561,0.0,1.16476556788347,1.3671608963584232,0.0,0.2459015735691048,0.7540984264308952,Virus,OrganismalFitness,masked-protein-language-model,sequence,known-development-benchmark,available,,histgb,0,-0.0020166401633061287,-0.0020166401633061287,0.17007672447339492,-0.41390303728885813,False,,False,0.02718613740907047,0.02718613740907047,True,0.13372325758928183
variantshift-development-v1,proteingym-v1.3,proteingym-substitutions-v1.3,A0A140D2T1_ZIKV_Sourisseau_2019,A0A140D2T1_ZIKV_Sourisseau_2019,A0A140D2T1_ZIKV,A0A140D2T1_ZIKV,cssf_a5d49b9502ef,esm2_35m,0.0064560410628843,3423,0.147239263803681,504,16501,854.1,0.948,0.0,0.2561,0.0,1.0740707067010231,1.4386513232028433,0.0,0.2566739298132409,0.7433260701867591,Virus,OrganismalFitness,masked-protein-language-model,sequence,known-development-benchmark,available,,histgb,0,0.0069153824903267725,0.0069153824903267725,0.1793354080978254,-0.4273933998969344,False,,False,0.0004593414274424723,0.0004593414274424723,True,0.1372357857044777
variantshift-development-v1,proteingym-v1.3,proteingym-substitutions-v1.3,A0A140D2T1_ZIKV_Sourisseau_2019,A0A140D2T1_ZIKV_Sourisseau_2019,A0A140D2T1_ZIKV,A0A140D2T1_ZIKV,cssf_a5d49b9502ef,esm2_650m,0.0776851337432295,3423,0.147239263803681,504,16501,854.1,0.948,0.0,0.2561,0.0,3.694563718346456,0.9796610424011084,0.0,0.2705748558535195,0.7294251441464805,Virus,OrganismalFitness,masked-protein-language-model,sequence,known-development-benchmark,available,,histgb,0,0.36259914389279013,0.36259914389279013,0.279498391321894,-0.31428116268890827,False,,False,0.28491401014956064,0.28491401014956064,True,0.28600438351413815
variantshift-development-v1,proteingym-v1.3,proteingym-substitutions-v1.3,A0A140D2T1_ZIKV_Sourisseau_2019,A0A140D2T1_ZIKV_Sourisseau_2019,A0A140D2T1_ZIKV,A0A140D2T1_ZIKV,cssf_a5d49b9502ef,esm2_8m,-0.0588386739735913,3423,0.147239263803681,504,16501,854.1,0.948,0.0,0.2561,0.0,0.9631763832469032,1.6732384107069358,0.0,0.2682674581475833,0.7317325418524167,Virus,OrganismalFitness,masked-protein-language-model,sequence,known-development-benchmark,available,,histgb,0,-0.06024008744266079,-0.06024008744266079,0.1995006813108923,-0.5433844865581934,False,,False,-0.0014014134690694888,-0.0014014134690694888,True,0.17900831114802862
variantshift-development-v1,proteingym-v1.3,proteingym-substitutions-v1.3,A0A140D2T1_ZIKV_Sourisseau_2019,A0A140D2T1_ZIKV_Sourisseau_2019,A0A140D2T1_ZIKV,A0A140D2T1_ZIKV,cssf_a5d49b9502ef,vespag,0.5073360330040683,3423,0.147239263803681,504,16501,854.1,0.948,0.0,0.2561,0.0,0.0621498380469193,2.7562548796402333,0.0,0.3139720706345916,0.6860279293654084,Virus,OrganismalFitness,distilled-evolutionary-variant-effect-model,sequence,known-development-benchmark,available,,histgb,0,0.7354459573566542,0.7354459573566542,0.24517980882239052,0.141677301378197,True,0.7064920987933442,True,0.22810992435258592,0.22810992435258592,True,0.45382830869806623
variantshift-development-v1,proteingym-v1.3,proteingym-substitutions-v1.3,A0A192B1T2_9HIV1_Haddox_2018,A0A192B1T2_9HIV1_Haddox_2018,A0A192B1T2_9HIV1,A0A192B1T2_9HIV1,cssf_1bf288bd319a,carp_640m,0.9306828129101086,852,0.7769953051643192,662,74854,36470.5,0.986,0.0,0.2133,0.0,4.004955417402801,1.9845519226290504,0.0,0.3950689952639725,0.6049310047360275,Virus,OrganismalFitness,convolutional-protein-language-model,sequence,known-development-benchmark,available,,histgb,3,0.5887975688074927,0.5887975688074927,0.08752380249638331,0.4345132066966274,False,,False,-0.3418852441026159,-0.3418852441026159,True,0.5048952215296121
variantshift-development-v1,proteingym-v1.3,proteingym-substitutions-v1.3,A0A192B1T2_9HIV1_Haddox_2018,A0A192B1T2_9HIV1_Haddox_2018,A0A192B1T2_9HIV1,A0A192B1T2_9HIV1,cssf_1bf288bd319a,esm2_150m,-0.0634174838363436,852,0.7769953051643192,662,74854,36470.5,0.986,0.0,0.2133,0.0,1.3803243047834917,1.125505730995576,0.0,0.36424669718893,0.63575330281107,Virus,OrganismalFitness,masked-protein-language-model,sequence,known-development-benchmark,available,,histgb,3,-0.00015559493399780596,-0.00015559493399780596,0.11491073067927353,-0.20271682144466907,False,,False,0.0632618889023458,0.0632618889023458,True,0.028078954842228554
variantshift-development-v1,proteingym-v1.3,proteingym-substitutions-v1.3,A0A192B1T2_9HIV1_Haddox_2018,A0A192B1T2_9HIV1_Haddox_2018,A0A192B1T2_9HIV1,A0A192B1T2_9HIV1,cssf_1bf288bd319a,esm2_35m,-0.0611938948174764,852,0.7769953051643192,662,74854,36470.5,0.986,0.0,0.2133,0.0,1.0712538172559896,1.4117689813719854,0.0,0.3724082813817592,0.6275917186182408,Virus,OrganismalFitness,masked-protein-language-model,sequence,known-development-benchmark,available,,histgb,3,0.01102364555386748,0.01102364555386748,0.061960812179363334,-0.09819903570885793,False,,False,0.07221754037134388,0.07221754037134388,True,0.05934929133205069
variantshift-development-v1,proteingym-v1.3,proteingym-substitutions-v1.3,A0A192B1T2_9HIV1_Haddox_2018,A0A192B1T2_9HIV1_Haddox_2018,A0A192B1T2_9HIV1,A0A192B1T2_9HIV1,cssf_1bf288bd319a,esm2_650m,-0.0074212903913124,852,0.7769953051643192,662,74854,36470.5,0.986,0.0,0.2133,0.0,1.8167178351083464,0.9388887861334512,0.0,0.3555543728155607,0.6444456271844393,Virus,OrganismalFitness,masked-protein-language-model,sequence,known-development-benchmark,available,,histgb,3,0.06022140832807252,0.06022140832807252,0.07563472667912864,-0.07310524369440113,False,,False,0.06764269871938491,0.06764269871938491,True,0.03122415736299039
variantshift-development-v1,proteingym-v1.3,proteingym-substitutions-v1.3,A0A192B1T2_9HIV1_Haddox_2018,A0A192B1T2_9HIV1_Haddox_2018,A0A192B1T2_9HIV1,A0A192B1T2_9HIV1,cssf_1bf288bd319a,esm2_8m,-0.0487206072792298,852,0.7769953051643192,662,74854,36470.5,0.986,0.0,0.2133,0.0,1.040000320209489,1.4165589170423645,0.0,0.3675946156538821,0.6324053843461179,Virus,OrganismalFitness,masked-protein-language-model,sequence,known-development-benchmark,available,,histgb,3,0.007589455313674114,0.007589455313674114,0.08353306273257635,-0.13966014915129407,False,,False,0.056310062592903914,0.056310062592903914,True,0.06000658129038733
variantshift-development-v1,proteingym-v1.3,proteingym-substitutions-v1.3,A0A192B1T2_9HIV1_Haddox_2018,A0A192B1T2_9HIV1_Haddox_2018,A0A192B1T2_9HIV1,A0A192B1T2_9HIV1,cssf_1bf288bd319a,vespag,0.3249930860882668,852,0.7769953051643192,662,74854,36470.5,0.986,0.0,0.2133,0.0,0.0500829330531196,2.6192548754721616,0.0,0.3483812775371809,0.651618722462819,Virus,OrganismalFitness,distilled-evolutionary-variant-effect-model,sequence,known-development-benchmark,available,,histgb,3,0.5869538006842389,0.5869538006842389,0.1637530364408858,0.2982948067831988,True,1.5106240908505217,True,0.26196071459597203,0.26196071459597203,True,0.39044377670620717
variantshift-development-v1,proteingym-v1.3,proteingym-substitutions-v1.3,A0A1I9GEU1_NEIME_Kennouche_2019,A0A1I9GEU1_NEIME_Kennouche_2019,A0A1I9GEU1_NEIME,A0A1I9GEU1_NEIME,cssf_977f4be4ca9f,carp_640m,0.1182394227272361,161,1.0,161,5553,2265.9,0.857,0.0,0.3352,1.0,3.688862080752421,1.8222147553571104,0.0,0.1694782142531274,0.8305217857468725,Prokaryote,Activity,convolutional-protein-language-model,sequence,known-development-benchmark,available,,histgb,2,0.5281913533439292,0.5281913533439292,0.14676290422165136,0.14463025786467976,False,,False,0.4099519306166931,0.4099519306166931,False,0.6004201440466148
variantshift-development-v1,proteingym-v1.3,proteingym-substitutions-v1.3,A0A1I9GEU1_NEIME_Kennouche_2019,A0A1I9GEU1_NEIME_Kennouche_2019,A0A1I9GEU1_NEIME,A0A1I9GEU1_NEIME,cssf_977f4be4ca9f,esm2_150m,0.0465745686909572,161,1.0,161,5553,2265.9,0.857,0.0,0.3352,1.0,2.6906822039899785,0.7891462869214394,0.0,0.1958393278034969,0.8041606721965031,Prokaryote,Activity,masked-protein-language-model,sequence,known-development-benchmark,available,,histgb,2,0.3220846618179932,0.3220846618179932,0.17747745511254812,-0.14174812662989072,False,,False,0.275510093127036,0.275510093127036,True,0.26357209258500514
variantshift-development-v1,proteingym-v1.3,proteingym-substitutions-v1.3,A0A1I9GEU1_NEIME_Kennouche_2019,A0A1I9GEU1_NEIME_Kennouche_2019,A0A1I9GEU1_NEIME,A0A1I9GEU1_NEIME,cssf_977f4be4ca9f,esm2_35m,-0.1024327389071795,161,1.0,161,5553,2265.9,0.857,0.0,0.3352,1.0,2.3815977493941523,0.7825894825235253,0.0,0.2533463039693026,0.7466536960306974,Prokaryote,Activity,masked-protein-language-model,sequence,known-development-benchmark,available,,histgb,2,0.20659573229175965,0.20659573229175965,0.16598790926005216,-0.22720942201305266,False,,False,0.30902847119893917,0.30902847119893917,True,0.19993474271296052
variantshift-development-v1,proteingym-v1.3,proteingym-substitutions-v1.3,A0A1I9GEU1_NEIME_Kennouche_2019,A0A1I9GEU1_NEIME_Kennouche_2019,A0A1I9GEU1_NEIME,A0A1I9GEU1_NEIME,cssf_977f4be4ca9f,esm2_650m,-0.0986406890395417,161,1.0,161,5553,2265.9,0.857,0.0,0.3352,1.0,3.148522148985061,0.9420645869465428,0.0,0.1653213405883502,0.8346786594116498,Prokaryote,Activity,masked-protein-language-model,sequence,known-development-benchmark,available,,histgb,2,0.3584659344962689,0.3584659344962689,0.09038355138185379,0.1222508352844717,False,,False,0.4571066235358106,0.4571066235358106,False,0.3467260370314068
variantshift-development-v1,proteingym-v1.3,proteingym-substitutions-v1.3,A0A1I9GEU1_NEIME_Kennouche_2019,A0A1I9GEU1_NEIME_Kennouche_2019,A0A1I9GEU1_NEIME,A0A1I9GEU1_NEIME,cssf_977f4be4ca9f,esm2_8m,-0.0676967240975468,161,1.0,161,5553,2265.9,0.857,0.0,0.3352,1.0,2.017446481405209,0.8695717942097353,0.0,0.2556958282774597,0.7443041717225403,Prokaryote,Activity,masked-protein-language-model,sequence,known-development-benchmark,available,,histgb,2,0.12336804312524578,0.12336804312524578,0.14991318555993302,-0.2684262320364815,False,,False,0.1910647672227926,0.1910647672227926,True,0.18955953831277705
variantshift-development-v1,proteingym-v1.3,proteingym-substitutions-v1.3,A0A1I9GEU1_NEIME_Kennouche_2019,A0A1I9GEU1_NEIME_Kennouche_2019,A0A1I9GEU1_NEIME,A0A1I9GEU1_NEIME,cssf_977f4be4ca9f,vespag,0.0065171137355787,161,1.0,161,5553,2265.9,0.857,0.0,0.3352,1.0,0.1208308929165832,1.8962517089987208,0.0,0.1633919436877853,0.8366080563122147,Prokaryote,Activity,distilled-evolutionary-variant-effect-model,sequence,known-development-benchmark,available,,histgb,2,0.5228999935542054,0.5228999935542054,0.14373104901699085,0.14726257408696614,True,-0.8007030326518727,True,0.5163828798186266,0.5163828798186266,False,0.39468580115946583
variantshift-development-v1,proteingym-v1.3,proteingym-substitutions-v1.3,A0A247D711_LISMN_Stadelmann_2021,A0A247D711_LISMN_Stadelmann_2021,A0A247D711_LISMN,A0A247D711_LISMN,cssf_c9df9de4e934,carp_640m,-0.1575417440549658,87,1.0,87,57,8.9,1.0,0.0,0.4406,1.0,1.5970209118077243,1.1549808752096529,0.0,0.0304538425626779,0.969546157437322,Prokaryote,Activity,convolutional-protein-language-model,sequence,known-development-benchmark,available,,histgb,4,0.18520866788094656,0.18520866788094656,0.14887236358416153,-0.43042263785657664,False,,False,0.3427504119359124,0.3427504119359124,True,0.39439700549356127
variantshift-development-v1,proteingym-v1.3,proteingym-substitutions-v1.3,A0A247D711_LISMN_Stadelmann_2021,A0A247D711_LISMN_Stadelmann_2021,A0A247D711_LISMN,A0A247D711_LISMN,cssf_c9df9de4e934,esm2_150m,-0.080339686002854,87,1.0,87,57,8.9,1.0,0.0,0.4406,1.0,1.5901521286838236,1.2887762948728676,0.0,0.0444323572810678,0.955567642718932,Prokaryote,Activity,masked-protein-language-model,sequence,known-development-benchmark,available,,histgb,4,0.1514892941063707,0.1514892941063707,0.1461889755718889,-0.45304540762740186,False,,False,0.2318289801092247,0.2318289801092247,True,0.3794203841401812
variantshift-development-v1,proteingym-v1.3,proteingym-substitutions-v1.3,A0A247D711_LISMN_Stadelmann_2021,A0A247D711_LISMN_Stadelmann_2021,A0A247D711_LISMN,A0A247D711_LISMN,cssf_c9df9de4e934,esm2_35m,-0.1457350484874278,87,1.0,87,57,8.9,1.0,0.0,0.4406,1.0,1.5427714393498029,1.304092019859985,0.0,0.0284989379158651,0.9715010620841348,Prokaryote,Activity,masked-protein-language-model,sequence,known-development-benchmark,available,,histgb,4,0.12943517773234478,0.12943517773234478,0.16683916343652985,-0.5604941655102067,False,,False,0.2751702262197726,0.2751702262197726,True,0.3906272240010825
variantshift-development-v1,proteingym-v1.3,proteingym-substitutions-v1.3,A0A247D711_LISMN_Stadelmann_2021,A0A247D711_LISMN_Stadelmann_2021,A0A247D711_LISMN,A0A247D711_LISMN,cssf_c9df9de4e934,esm2_650m,-0.0410214007610705,87,1.0,87,57,8.9,1.0,0.0,0.4406,1.0,1.5013306586472837,1.3364199090299784,0.0,0.0416462465360523,0.9583537534639476,Prokaryote,Activity,masked-protein-language-model,sequence,known-development-benchmark,available,,histgb,4,0.16333572697535378,0.16333572697535378,0.17437124865118617,-0.5577410189414607,False,,False,0.20435712773642428,0.20435712773642428,True,0.3855816566732605
variantshift-development-v1,proteingym-v1.3,proteingym-substitutions-v1.3,A0A247D711_LISMN_Stadelmann_2021,A0A247D711_LISMN_Stadelmann_2021,A0A247D711_LISMN,A0A247D711_LISMN,cssf_c9df9de4e934,esm2_8m,-0.139853911085786,87,1.0,87,57,8.9,1.0,0.0,0.4406,1.0,1.4358834057940102,1.391704389563489,0.0,0.0416462465360523,0.9583537534639476,Prokaryote,Activity,masked-protein-language-model,sequence,known-development-benchmark,available,,histgb,4,0.15730793791912867,0.15730793791912867,0.1685170238088113,-0.539559854790902,False,,False,0.29716184900491466,0.29716184900491466,True,0.39360178382175043
variantshift-development-v1,proteingym-v1.3,proteingym-substitutions-v1.3,A0A247D711_LISMN_Stadelmann_2021,A0A247D711_LISMN_Stadelmann_2021,A0A247D711_LISMN,A0A247D711_LISMN,cssf_c9df9de4e934,vespag,0.4376326656161532,87,1.0,87,57,8.9,1.0,0.0,0.4406,1.0,0.0605721809351165,2.6305464915787997,0.0,0.2995034949219288,0.7004965050780712,Prokaryote,Activity,distilled-evolutionary-variant-effect-model,sequence,known-development-benchmark,available,,histgb,4,0.5905680613603886,0.5905680613603886,0.14821874858919823,-0.02236035283224813,True,-3.63653811921505,False,0.15293539574423543,0.15293539574423543,True,0.45963942579182837
variantshift-development-v1,proteingym-v1.3,proteingym-substitutions-v1.3,A0A2Z5U3Z0_9INFA_Doud_2016,A0A2Z5U3Z0_9INFA_Doud_2016,A0A2Z5U3Z0_9INFA,A0A2Z5U3Z0_9INFA,cssf_97ae43962602,carp_640m,0.3395793640269513,565,0.9982300884955752,564,57581,9047.2,0.968,0.0,0.2744,0.0,3.967669696053643,1.334058079473013,0.0,0.3270275814961783,0.6729724185038217,Virus,OrganismalFitness,convolutional-protein-language-model,sequence,known-development-benchmark,available,,histgb,2,0.5352673827433859,0.5352673827433859,0.04355417363121304,0.4214396642250099,False,,False,0.1956880187164346,0.1956880187164346,False,0.34867826463101725
variantshift-development-v1,proteingym-v1.3,proteingym-substitutions-v1.3,A0A2Z5U3Z0_9INFA_Doud_2016,A0A2Z5U3Z0_9INFA_Doud_2016,A0A2Z5U3Z0_9INFA,A0A2Z5U3Z0_9INFA,cssf_97ae43962602,esm2_150m,-0.076061916711406,565,0.9982300884955752,564,57581,9047.2,0.968,0.0,0.2744,0.0,1.4823047245492371,1.130250712005371,0.0,0.3576418676156818,0.6423581323843182,Virus,OrganismalFitness,masked-protein-language-model,sequence,known-development-benchmark,available,,histgb,2,-0.0031404919278769233,-0.0031404919278769233,0.10467163598780924,-0.27669713471858604,False,,False,0.07292142478352907,0.07292142478352907,True,0.06466073244237314
variantshift-development-v1,proteingym-v1.3,proteingym-substitutions-v1.3,A0A2Z5U3Z0_9INFA_Doud_2016,A0A2Z5U3Z0_9INFA_Doud_2016,A0A2Z5U3Z0_9INFA,A0A2Z5U3Z0_9INFA,cssf_97ae43962602,esm2_35m,-0.0775595938458854,565,0.9982300884955752,564,57581,9047.2,0.968,0.0,0.2744,0.0,1.1893120403586468,1.2879005554011085,0.0,0.3739001849692982,0.6260998150307018,Virus,OrganismalFitness,masked-protein-language-model,sequence,known-development-benchmark,available,,histgb,2,-0.002340196084174803,-0.002340196084174803,0.10284696693396247,-0.2711281129840174,False,,False,0.07521939776171059,0.07521939776171059,True,0.06304033338583381
variantshift-development-v1,proteingym-v1.3,proteingym-substitutions-v1.3,A0A2Z5U3Z0_9INFA_Doud_2016,A0A2Z5U3Z0_9INFA_Doud_2016,A0A2Z5U3Z0_9INFA,A0A2Z5U3Z0_9INFA,cssf_97ae43962602,esm2_650m,0.8742570202757723,565,0.9982300884955752,564,57581,9047.2,0.968,0.0,0.2744,0.0,3.7526839380363217,2.0455210525947716,0.0,0.2758764666816439,0.7241235333183561,Virus,OrganismalFitness,masked-protein-language-model,sequence,known-development-benchmark,available,,histgb,2,0.34146537353189416,0.34146537353189416,0.04151071496294177,0.23297818196428602,False,,False,-0.5327916467438782,-0.5327916467438782,True,0.45799606272196364
variantshift-development-v1,proteingym-v1.3,proteingym-substitutions-v1.3,A0A2Z5U3Z0_9INFA_Doud_2016,A0A2Z5U3Z0_9INFA_Doud_2016,A0A2Z5U3Z0_9INFA,A0A2Z5U3Z0_9INFA,cssf_97ae43962602,esm2_8m,-0.0881576719563229,565,0.9982300884955752,564,57581,9047.2,0.968,0.0,0.2744,0.0,1.1436082628082327,1.3054475101665055,0.0,0.3892645103107433,0.6107354896892567,Virus,OrganismalFitness,masked-protein-language-model,sequence,known-development-benchmark,available,,histgb,2,-0.0495859709378823,-0.0495859709378823,0.08628020406792897,-0.2750770769225909,False,,False,0.0385717010184406,0.0385717010184406,True,0.05234072826875297
variantshift-development-v1,proteingym-v1.3,proteingym-substitutions-v1.3,A0A2Z5U3Z0_9INFA_Doud_2016,A0A2Z5U3Z0_9INFA_Doud_2016,A0A2Z5U3Z0_9INFA,A0A2Z5U3Z0_9INFA,cssf_97ae43962602,vespag,0.9555504623191544,565,0.9982300884955752,564,57581,9047.2,0.968,0.0,0.2744,0.0,0.0849962361941021,2.7958781072369687,0.0,0.2397747520024045,0.7602252479975955,Virus,OrganismalFitness,distilled-evolutionary-variant-effect-model,sequence,known-development-benchmark,available,,histgb,2,0.5276159638178477,0.5276159638178477,0.053867390323356204,0.3868349173224028,True,0.4769559203368122,True,-0.4279344985013067,-0.4279344985013067,True,0.4460652771864507
variantshift-development-v1,proteingym-v1.3,proteingym-substitutions-v1.3,A0A2Z5U3Z0_9INFA_Wu_2014,A0A2Z5U3Z0_9INFA_Wu_2014,A0A2Z5U3Z0_9INFA,A0A2Z5U3Z0_9INFA,cssf_97ae43962602,carp_640m,0.1800957985902728,565,0.976991150442478,552,57581,9047.2,0.968,0.0,0.2744,0.0,3.4065443331494265,1.264323390684626,0.0,0.3252282014653208,0.6747717985346792,Virus,OrganismalFitness,convolutional-protein-language-model,sequence,known-development-benchmark,available,,histgb,2,0.5059177512895295,0.5059177512895295,0.045376664729861196,0.38732699891047895,False,,False,0.32582195269925673,0.32582195269925673,False,0.29688646854096773
variantshift-development-v1,proteingym-v1.3,proteingym-substitutions-v1.3,A0A2Z5U3Z0_9INFA_Wu_2014,A0A2Z5U3Z0_9INFA_Wu_2014,A0A2Z5U3Z0_9INFA,A0A2Z5U3Z0_9INFA,cssf_97ae43962602,esm2_150m,0.0317338842150716,565,0.976991150442478,552,57581,9047.2,0.968,0.0,0.2744,0.0,1.2312404271261912,1.1685166216665102,0.0,0.3841609092997226,0.6158390907002774,Virus,OrganismalFitness,masked-protein-language-model,sequence,known-development-benchmark,available,,histgb,2,-0.01825413654980501,-0.01825413654980501,0.09794368940903045,-0.27422746308108054,False,,False,-0.049988020764876614,-0.049988020764876614,True,0.03533479160793207
variantshift-development-v1,proteingym-v1.3,proteingym-substitutions-v1.3,A0A2Z5U3Z0_9INFA_Wu_2014,A0A2Z5U3Z0_9INFA_Wu_2014,A0A2Z5U3Z0_9INFA,A0A2Z5U3Z0_9INFA,cssf_97ae43962602,esm2_35m,0.0049960908117437,565,0.976991150442478,552,57581,9047.2,0.968,0.0,0.2744,0.0,0.9628040920094172,1.3505500939264237,0.0,0.3991683658569419,0.6008316341430581,Virus,OrganismalFitness,masked-protein-language-model,sequence,known-development-benchmark,available,,histgb,2,-0.023424980740794674,-0.023424980740794674,0.08285607645412643,-0.23996721680788896,False,,False,-0.028421071552538375,-0.028421071552538375,True,0.0410216454760533
variantshift-development-v1,proteingym-v1.3,proteingym-substitutions-v1.3,A0A2Z5U3Z0_9INFA_Wu_2014,A0A2Z5U3Z0_9INFA_Wu_2014,A0A2Z5U3Z0_9INFA,A0A2Z5U3Z0_9INFA,cssf_97ae43962602,esm2_650m,0.4035045921062407,565,0.976991150442478,552,57581,9047.2,0.968,0.0,0.2744,0.0,3.3047818227373704,2.0764999110157025,0.0,0.2680835634590508,0.7319164365409492,Virus,OrganismalFitness,masked-protein-language-model,sequence,known-development-benchmark,available,,histgb,2,0.29372202640569084,0.29372202640569084,0.04057539733074513,0.1876792635411601,False,,False,-0.10978256570054984,-0.10978256570054984,True,0.4377974359252727
variantshift-development-v1,proteingym-v1.3,proteingym-substitutions-v1.3,A0A2Z5U3Z0_9INFA_Wu_2014,A0A2Z5U3Z0_9INFA_Wu_2014,A0A2Z5U3Z0_9INFA,A0A2Z5U3Z0_9INFA,cssf_97ae43962602,esm2_8m,0.0068066359937221,565,0.976991150442478,552,57581,9047.2,0.968,0.0,0.2744,0.0,0.9289140171485388,1.3947668163162503,0.0,0.405745307417545,0.594254692582455,Virus,OrganismalFitness,masked-protein-language-model,sequence,known-development-benchmark,available,,histgb,2,-0.058932771659089944,-0.058932771659089944,0.08616445795840574,-0.2841213781477465,False,,False,-0.06573940765281204,-0.06573940765281204,True,0.04251768110778209
variantshift-development-v1,proteingym-v1.3,proteingym-substitutions-v1.3,A0A2Z5U3Z0_9INFA_Wu_2014,A0A2Z5U3Z0_9INFA_Wu_2014,A0A2Z5U3Z0_9INFA,A0A2Z5U3Z0_9INFA,cssf_97ae43962602,vespag,0.4966412255502964,565,0.976991150442478,552,57581,9047.2,0.968,0.0,0.2744,0.0,0.1097432640308314,2.469360284374108,0.0,0.2330852166436735,0.7669147833563265,Virus,OrganismalFitness,distilled-evolutionary-variant-effect-model,sequence,known-development-benchmark,available,,histgb,2,0.5941175828724092,0.5941175828724092,0.0953862284272599,0.34482811518827033,True,0.6272240638799984,True,0.09747635732211285,0.09747635732211285,True,0.38921931284763817
variantshift-development-v1,proteingym-v1.3,proteingym-substitutions-v1.3,A4D664_9INFA_Soh_2019,A4D664_9INFA_Soh_2019,A4D664_9INFA,A4D664_9INFA,cssf_c55b9af61b07,carp_640m,0.123342382848954,759,1.0,759,26683,1288.0,1.0,0.0,0.2345,0.0,3.577922204581919,0.5142565383894416,0.0,0.2674074318106139,0.7325925681893861,Virus,OrganismalFitness,convolutional-protein-language-model,sequence,known-development-benchmark,available,,histgb,3,0.24931162273268515,0.24931162273268515,0.13988841861283446,0.0027204690488548955,False,,False,0.12596923988373115,0.12596923988373115,True,0.20011057873946475
variantshift-development-v1,proteingym-v1.3,proteingym-substitutions-v1.3,A4D664_9INFA_Soh_2019,A4D664_9INFA_Soh_2019,A4D664_9INFA,A4D664_9INFA,cssf_c55b9af61b07,esm2_150m,0.0244979683310171,759,1.0,759,26683,1288.0,1.0,0.0,0.2345,0.0,1.036318582269835,1.4277270968875893,0.0,0.2620178426544411,0.7379821573455588,Virus,OrganismalFitness,masked-protein-language-model,sequence,known-development-benchmark,available,,histgb,3,-0.06641861140667824,-0.06641861140667824,0.07955892071852892,-0.20666271624655147,False,,False,-0.09091657973769533,-0.09091657973769533,True,0.11509646548010632
variantshift-development-v1,proteingym-v1.3,proteingym-substitutions-v1.3,A4D664_9INFA_Soh_2019,A4D664_9INFA_Soh_2019,A4D664_9INFA,A4D664_9INFA,cssf_c55b9af61b07,esm2_35m,0.0436645705952879,759,1.0,759,26683,1288.0,1.0,0.0,0.2345,0.0,1.0086630479033871,1.4521627812055158,0.0,0.2674074318106139,0.7325925681893861,Virus,OrganismalFitness,masked-protein-language-model,sequence,known-development-benchmark,available,,histgb,3,-0.0749116620425245,-0.0749116620425245,0.07895785302260308,-0.21409622258237493,False,,False,-0.1185762326378124,-0.1185762326378124,True,0.11522683243715237
variantshift-development-v1,proteingym-v1.3,proteingym-substitutions-v1.3,A4D664_9INFA_Soh_2019,A4D664_9INFA_Soh_2019,A4D664_9INFA,A4D664_9INFA,cssf_c55b9af61b07,esm2_650m,0.1742785979310174,759,1.0,759,26683,1288.0,1.0,0.0,0.2345,0.0,5.219589243376182,0.4684279487736524,0.0,0.3369608082133111,0.6630391917866889,Virus,OrganismalFitness,masked-protein-language-model,sequence,known-development-benchmark,available,,histgb,3,0.23461038434058407,0.23461038434058407,0.1519301426200751,-0.03320756313170142,False,,False,0.06033178640956666,0.06033178640956666,True,0.24952034169740017
variantshift-development-v1,proteingym-v1.3,proteingym-substitutions-v1.3,A4D664_9INFA_Soh_2019,A4D664_9INFA_Soh_2019,A4D664_9INFA,A4D664_9INFA,cssf_c55b9af61b07,esm2_8m,0.0358308135485761,759,1.0,759,26683,1288.0,1.0,0.0,0.2345,0.0,0.9431579817857187,1.503621806821404,0.0,0.2636939376105278,0.7363060623894722,Virus,OrganismalFitness,masked-protein-language-model,sequence,known-development-benchmark,available,,histgb,3,-0.042771871059719184,-0.042771871059719184,0.0924602400474367,-0.20575803881592156,False,,False,-0.07860268460829528,-0.07860268460829528,True,0.12259776296412334
variantshift-development-v1,proteingym-v1.3,proteingym-substitutions-v1.3,A4D664_9INFA_Soh_2019,A4D664_9INFA_Soh_2019,A4D664_9INFA,A4D664_9INFA,cssf_c55b9af61b07,vespag,0.3033962883191091,759,1.0,759,26683,1288.0,1.0,0.0,0.2345,0.0,0.0721421813336286,2.772766869969212,0.0,0.3831631650238479,0.616836834976152,Virus,OrganismalFitness,distilled-evolutionary-variant-effect-model,sequence,known-development-benchmark,available,,histgb,3,0.6227303372965115,0.6227303372965115,0.1560142727579901,0.3477130063978488,True,-0.01941427385734997,True,0.3193340489774024,0.3193340489774024,False,0.40741754464497
variantshift-development-v1,proteingym-v1.3,proteingym-substitutions-v1.3,A4GRB6_PSEAI_Chen_2020,A4GRB6_PSEAI_Chen_2020,A4GRB6_PSEAI,A4GRB6_PSEAI,cssf_579275b2407d,carp_640m,0.8521874651640285,266,1.0,266,108496,32081.3,0.726,0.0,0.3512,0.0,3.4319872314078217,1.2344331049201906,0.0,0.092470513614374,0.907529486385626,Prokaryote,OrganismalFitness,convolutional-protein-language-model,sequence,known-development-benchmark,available,,histgb,4,0.4541481610719626,0.4541481610719626,0.2320953253244531,-0.5056347344571428,False,,False,-0.39803930409206595,-0.39803930409206595,True,0.503359432408233
variantshift-development-v1,proteingym-v1.3,proteingym-substitutions-v1.3,A4GRB6_PSEAI_Chen_2020,A4GRB6_PSEAI_Chen_2020,A4GRB6_PSEAI,A4GRB6_PSEAI,cssf_579275b2407d,esm2_150m,0.8054090783227137,266,1.0,266,108496,32081.3,0.726,0.0,0.3512,0.0,3.2700358996203196,1.1494001874930475,0.0,0.1050328337653407,0.8949671662346592,Prokaryote,OrganismalFitness,masked-protein-language-model,sequence,known-development-benchmark,available,,histgb,4,0.39243530604742805,0.39243530604742805,0.1831395457572248,-0.36490094476690527,False,,False,-0.41297377227528564,-0.41297377227528564,True,0.42244669017630676
variantshift-development-v1,proteingym-v1.3,proteingym-substitutions-v1.3,A4GRB6_PSEAI_Chen_2020,A4GRB6_PSEAI_Chen_2020,A4GRB6_PSEAI,A4GRB6_PSEAI,cssf_579275b2407d,esm2_35m,0.5921255699466161,266,1.0,266,108496,32081.3,0.726,0.0,0.3512,0.0,2.6555041283974603,1.1480481601869783,0.0,0.092470513614374,0.907529486385626,Prokaryote,OrganismalFitness,masked-protein-language-model,sequence,known-development-benchmark,available,,histgb,4,0.3069187689201864,0.3069187689201864,0.14964763579245216,-0.3119185169630215,False,,False,-0.28520680102642976,-0.28520680102642976,True,0.3789111434299607
variantshift-development-v1,proteingym-v1.3,proteingym-substitutions-v1.3,A4GRB6_PSEAI_Chen_2020,A4GRB6_PSEAI_Chen_2020,A4GRB6_PSEAI,A4GRB6_PSEAI,cssf_579275b2407d,esm2_650m,0.8928406568560099,266,1.0,266,108496,32081.3,0.726,0.0,0.3512,0.0,3.973600455105853,1.2078282185889009,0.0,0.091814795543049,0.908185204456951,Prokaryote,OrganismalFitness,masked-protein-language-model,sequence,known-development-benchmark,available,,histgb,4,0.43763891216784034,0.43763891216784034,0.2765734475796097,-0.7060741892198923,False,,False,-0.45520174468816954,-0.45520174468816954,True,0.5061380367987467
variantshift-development-v1,proteingym-v1.3,proteingym-substitutions-v1.3,A4GRB6_PSEAI_Chen_2020,A4GRB6_PSEAI_Chen_2020,A4GRB6_PSEAI,A4GRB6_PSEAI,cssf_579275b2407d,esm2_8m,0.4070115687468193,266,1.0,266,108496,32081.3,0.726,0.0,0.3512,0.0,2.226623179147092,1.1371666894764223,0.0,0.1722366991383999,0.8277633008616001,Prokaryote,OrganismalFitness,masked-protein-language-model,sequence,known-development-benchmark,available,,histgb,4,0.11885489823471032,0.11885489823471032,0.0941835875610859,-0.270622124856259,False,,False,-0.288156670512109,-0.288156670512109,True,0.2823431771958862
variantshift-development-v1,proteingym-v1.3,proteingym-substitutions-v1.3,A4GRB6_PSEAI_Chen_2020,A4GRB6_PSEAI_Chen_2020,A4GRB6_PSEAI,A4GRB6_PSEAI,cssf_579275b2407d,vespag,0.9143051266626342,266,1.0,266,108496,32081.3,0.726,0.0,0.3512,0.0,0.1038566910857312,2.462832746454231,0.0,0.1103312817652903,0.8896687182347096,Prokaryote,OrganismalFitness,distilled-evolutionary-variant-effect-model,sequence,known-development-benchmark,available,,histgb,4,0.6267257543025346,0.6267257543025346,0.20140733045168235,-0.20615319546292432,True,1.1116653078535375,False,-0.28757937236009956,-0.28757937236009956,True,0.5363898897571762
variantshift-development-v1,proteingym-v1.3,proteingym-substitutions-v1.3,A4_HUMAN_Seuma_2022,A4_HUMAN_Seuma_2022,A4_HUMAN,A4_HUMAN,cssf_6a1f189f4e62,carp_640m,0.5369753614568427,770,0.0545454545454545,42,5272,62.3,0.987,0.0,0.2072,1.0,3.006298076146299,1.1484666501739578,0.0,0.1425018515644563,0.8574981484355436,Human,Stability,convolutional-protein-language-model,sequence,known-development-benchmark,available,,histgb,4,0.2203821029507311,0.2203821029507311,0.27707999753070467,-0.9254257324783375,False,,False,-0.31659325850611153,-0.31659325850611153,True,0.3837169108503402
variantshift-development-v1,proteingym-v1.3,proteingym-substitutions-v1.3,A4_HUMAN_Seuma_2022,A4_HUMAN_Seuma_2022,A4_HUMAN,A4_HUMAN,cssf_6a1f189f4e62,esm2_150m,0.2822175047191781,770,0.0545454545454545,42,5272,62.3,0.987,0.0,0.2072,1.0,3.4681190934103543,0.8642339840143852,0.0,0.1425018515644563,0.8574981484355436,Human,Stability,masked-protein-language-model,sequence,known-development-benchmark,available,,histgb,4,0.2857691449716164,0.2857691449716164,0.2766431774203981,-0.858232309955349,False,,False,0.0035516402524382595,0.0035516402524382595,True,0.3159350957167605
variantshift-development-v1,proteingym-v1.3,proteingym-substitutions-v1.3,A4_HUMAN_Seuma_2022,A4_HUMAN_Seuma_2022,A4_HUMAN,A4_HUMAN,cssf_6a1f189f4e62,esm2_35m,0.128325668492933,770,0.0545454545454545,42,5272,62.3,0.987,0.0,0.2072,1.0,2.906194877749919,1.111507882217956,0.0,0.136584588123988,0.863415411876012,Human,Stability,masked-protein-language-model,sequence,known-development-benchmark,available,,histgb,4,0.2075785133870495,0.2075785133870495,0.26809696954796386,-0.9010818413857787,False,,False,0.07925284489411649,0.07925284489411649,True,0.3331803314399727
variantshift-development-v1,proteingym-v1.3,proteingym-substitutions-v1.3,A4_HUMAN_Seuma_2022,A4_HUMAN_Seuma_2022,A4_HUMAN,A4_HUMAN,cssf_6a1f189f4e62,esm2_650m,0.4188962307272343,770,0.0545454545454545,42,5272,62.3,0.987,0.0,0.2072,1.0,5.432009020294577,0.8782602833574008,0.0,0.078838524401207,0.9211614755987928,Human,Stability,masked-protein-language-model,sequence,known-development-benchmark,available,,histgb,4,0.3671799496206655,0.3671799496206655,0.30521164943106716,-0.8949605964272069,True,-2.1483138039775134,False,-0.051716281106568784,-0.051716281106568784,True,0.5321897303438436
variantshift-development-v1,proteingym-v1.3,proteingym-substitutions-v1.3,A4_HUMAN_Seuma_2022,A4_HUMAN_Seuma_2022,A4_HUMAN,A4_HUMAN,cssf_6a1f189f4e62,esm2_8m,0.2150131053058477,770,0.0545454545454545,42,5272,62.3,0.987,0.0,0.2072,1.0,3.269172976038457,0.9809272847260596,0.0,0.1277710740947604,0.8722289259052396,Human,Stability,masked-protein-language-model,sequence,known-development-benchmark,available,,histgb,4,0.1973405565071609,0.1973405565071609,0.25466800064923606,-0.8557870354425752,False,,False,-0.017672548798686794,-0.017672548798686794,True,0.3383003406803777
variantshift-development-v1,proteingym-v1.3,proteingym-substitutions-v1.3,A4_HUMAN_Seuma_2022,A4_HUMAN_Seuma_2022,A4_HUMAN,A4_HUMAN,cssf_6a1f189f4e62,vespag,0.5444273349218336,770,0.0545454545454545,42,5272,62.3,0.987,0.0,0.2072,1.0,0.0411679891213008,2.773595618778536,0.0,0.163123102347747,0.8368768976522529,Human,Stability,distilled-evolutionary-variant-effect-model,sequence,known-development-benchmark,available,,histgb,4,0.2716206502188237,0.2716206502188237,0.18175407054428044,-0.47998625033951187,False,,False,-0.2728066847030099,-0.2728066847030099,True,0.5431068162838409
variantshift-development-v1,proteingym-v1.3,proteingym-substitutions-v1.3,AACC1_PSEAI_Dandage_2018,AACC1_PSEAI_Dandage_2018,AACC1_PSEAI,AACC1_PSEAI,cssf_c8ac09285ada,carp_640m,0.3121352491307402,177,0.9096045197740112,161,539868,174397.6,0.746,0.0,0.3165,1.0,2.8203777648981005,1.1523734127589855,0.0,0.1080243472703968,0.8919756527296031,Prokaryote,OrganismalFitness,convolutional-protein-language-model,sequence,known-development-benchmark,available,,histgb,0,0.4162525648903859,0.4162525648903859,0.19346263714680326,-0.05226909108300298,False,,False,0.10411731575964572,0.10411731575964572,True,0.45649001396351796
variantshift-development-v1,proteingym-v1.3,proteingym-substitutions-v1.3,AACC1_PSEAI_Dandage_2018,AACC1_PSEAI_Dandage_2018,AACC1_PSEAI,AACC1_PSEAI,cssf_c8ac09285ada,esm2_150m,0.2996367896578366,177,0.9096045197740112,161,539868,174397.6,0.746,0.0,0.3165,1.0,2.5409304432401285,1.091017130572627,0.0,0.1580133031285493,0.8419866968714507,Prokaryote,OrganismalFitness,masked-protein-language-model,sequence,known-development-benchmark,available,,histgb,0,0.29104491962281637,0.29104491962281637,0.22195357034901672,-0.24647517140239633,False,,False,-0.00859187003502021,-0.00859187003502021,True,0.3409859568927286
variantshift-development-v1,proteingym-v1.3,proteingym-substitutions-v1.3,AACC1_PSEAI_Dandage_2018,AACC1_PSEAI_Dandage_2018,AACC1_PSEAI,AACC1_PSEAI,cssf_c8ac09285ada,esm2_35m,0.2042091834529837,177,0.9096045197740112,161,539868,174397.6,0.746,0.0,0.3165,1.0,2.440643347030866,1.0275224140098282,0.0,0.1770654729367886,0.8229345270632114,Prokaryote,OrganismalFitness,masked-protein-language-model,sequence,known-development-benchmark,available,,histgb,0,0.17238049132380937,0.17238049132380937,0.20345118046892618,-0.3203311008928853,False,,False,-0.03182869212917433,-0.03182869212917433,True,0.3059668199141562
variantshift-development-v1,proteingym-v1.3,proteingym-substitutions-v1.3,AACC1_PSEAI_Dandage_2018,AACC1_PSEAI_Dandage_2018,AACC1_PSEAI,AACC1_PSEAI,cssf_c8ac09285ada,esm2_650m,0.4269994629296324,177,0.9096045197740112,161,539868,174397.6,0.746,0.0,0.3165,1.0,3.867904266995963,1.1741155573407605,0.0,0.1580133031285493,0.8419866968714507,Prokaryote,OrganismalFitness,masked-protein-language-model,sequence,known-development-benchmark,available,,histgb,0,0.4574608423290974,0.4574608423290974,0.22344287891302184,-0.08366600876593461,False,,False,0.030461379399464972,0.030461379399464972,True,0.4983637890820376
variantshift-development-v1,proteingym-v1.3,proteingym-substitutions-v1.3,AACC1_PSEAI_Dandage_2018,AACC1_PSEAI_Dandage_2018,AACC1_PSEAI,AACC1_PSEAI,cssf_c8ac09285ada,esm2_8m,0.173247980649592,177,0.9096045197740112,161,539868,174397.6,0.746,0.0,0.3165,1.0,2.14417836169509,1.0870130577231514,0.0,0.202371225506116,0.7976287744938839,Prokaryote,OrganismalFitness,masked-protein-language-model,sequence,known-development-benchmark,available,,histgb,0,0.1675312463763243,0.1675312463763243,0.19173038217136185,-0.2967952896419588,False,,False,-0.005716734273267687,-0.005716734273267687,True,0.2785528894655658
variantshift-development-v1,proteingym-v1.3,proteingym-substitutions-v1.3,AACC1_PSEAI_Dandage_2018,AACC1_PSEAI_Dandage_2018,AACC1_PSEAI,AACC1_PSEAI,cssf_c8ac09285ada,vespag,0.3621404924011575,177,0.9096045197740112,161,539868,174397.6,0.746,0.0,0.3165,1.0,0.1188561927778529,2.290638355017577,0.0,0.1873974741160955,0.8126025258839045,Prokaryote,OrganismalFitness,distilled-evolutionary-variant-effect-model,sequence,known-development-benchmark,available,,histgb,0,0.6228985757242748,0.6228985757242748,0.21742218051066076,0.09635246035781686,True,1.727165733951909,True,0.2607580833231173,0.2607580833231173,True,0.49587875709333185
variantshift-development-v1,proteingym-v1.3,proteingym-substitutions-v1.3,ACE2_HUMAN_Chan_2020,ACE2_HUMAN_Chan_2020,ACE2_HUMAN,ACE2_HUMAN,cssf_67d793b1df10,carp_640m,0.1607757202512393,805,0.1453416149068323,117,11106,1584.2,0.743,0.0,0.2414,1.0,3.1962893307280287,1.4304310462912413,0.0,0.1518310976453425,0.8481689023546575,Human,Binding,convolutional-protein-language-model,sequence,known-development-benchmark,available,,histgb,1,0.7372087428206477,0.683433480657196,0.2612232683210782,0.08426482286924497,False,,False,0.5764330225694084,0.5226577604059567,True,0.5612387572796165
variantshift-development-v1,proteingym-v1.3,proteingym-substitutions-v1.3,ACE2_HUMAN_Chan_2020,ACE2_HUMAN_Chan_2020,ACE2_HUMAN,ACE2_HUMAN,cssf_67d793b1df10,esm2_150m,0.1825857528444436,805,0.1453416149068323,117,11106,1584.2,0.743,0.0,0.2414,1.0,2.81476226895925,1.3573896131031926,0.0,0.1677740810594146,0.8322259189405854,Human,Binding,masked-protein-language-model,sequence,known-development-benchmark,available,,histgb,1,0.6657698889455885,0.6077781087469125,0.22091545897222756,0.10106360399497072,False,,False,0.48318413610114497,0.42519235590246895,True,0.4549002875043959
variantshift-development-v1,proteingym-v1.3,proteingym-substitutions-v1.3,ACE2_HUMAN_Chan_2020,ACE2_HUMAN_Chan_2020,ACE2_HUMAN,ACE2_HUMAN,cssf_67d793b1df10,esm2_35m,0.0041032033847909,805,0.1453416149068323,117,11106,1584.2,0.743,0.0,0.2414,1.0,2.149002626343818,1.0278922093483245,0.0,0.2466677235617425,0.7533322764382575,Human,Binding,masked-protein-language-model,sequence,known-development-benchmark,available,,histgb,1,0.29326050021493705,0.29847814600614087,0.09819339430283289,0.07325163901765888,False,,False,0.2891572968301461,0.29437494262134994,False,0.27483312394536324
variantshift-development-v1,proteingym-v1.3,proteingym-substitutions-v1.3,ACE2_HUMAN_Chan_2020,ACE2_HUMAN_Chan_2020,ACE2_HUMAN,ACE2_HUMAN,cssf_67d793b1df10,esm2_650m,0.203323484215918,805,0.1453416149068323,117,11106,1584.2,0.743,0.0,0.2414,1.0,3.3765041158936473,1.466445270255415,0.0,0.1832121114421173,0.8167878885578826,Human,Binding,masked-protein-language-model,sequence,known-development-benchmark,available,,histgb,1,0.7310362340844819,0.6745075104849412,0.26621458351269184,0.0638902568533769,False,,False,0.5277127498685639,0.47118402626902317,True,0.5062479509148581
variantshift-development-v1,proteingym-v1.3,proteingym-substitutions-v1.3,ACE2_HUMAN_Chan_2020,ACE2_HUMAN_Chan_2020,ACE2_HUMAN,ACE2_HUMAN,cssf_67d793b1df10,esm2_8m,-0.1596199205380805,805,0.1453416149068323,117,11106,1584.2,0.743,0.0,0.2414,1.0,1.517134700765833,1.0814597100773984,0.0,0.3535577209164134,0.6464422790835865,Human,Binding,masked-protein-language-model,sequence,known-development-benchmark,available,,histgb,1,0.09372457947757006,0.11113102738840844,0.11038056240738688,-0.14204922660880634,False,,False,0.25334450001565056,0.2707509479264889,False,0.16080589866873418
variantshift-development-v1,proteingym-v1.3,proteingym-substitutions-v1.3,ACE2_HUMAN_Chan_2020,ACE2_HUMAN_Chan_2020,ACE2_HUMAN,ACE2_HUMAN,cssf_67d793b1df10,vespag,0.2428614985366881,805,0.1453416149068323,117,11106,1584.2,0.743,0.0,0.2414,1.0,0.1552723874480561,2.240723641416045,0.0,0.1684684509873785,0.8315315490126215,Human,Binding,distilled-evolutionary-variant-effect-model,sequence,known-development-benchmark,available,,histgb,1,0.78053409762877,0.7375474377400705,0.24738291958309447,0.17012443274160227,True,0.5539494006111946,True,0.5376725990920819,0.4946859392033824,True,0.5452461627101974
variantshift-development-v1,proteingym-v1.3,proteingym-substitutions-v1.3,ADRB2_HUMAN_Jones_2020,ADRB2_HUMAN_Jones_2020,ADRB2_HUMAN,ADRB2_HUMAN,cssf_516e14d168fd,carp_640m,0.4886448420801732,413,0.9975786924939468,412,204722,28078.5,0.712,0.0,0.248,1.0,5.55668735830833,1.3331212710367455,0.0,0.1007441842571664,0.8992558157428335,Human,Activity,convolutional-protein-language-model,sequence,known-development-benchmark,available,,histgb,0,0.7630744729016685,0.7630744729016685,0.17140022197161023,0.34798287166701536,False,,False,0.2744296308214953,0.2744296308214953,True,0.7703832980461257
variantshift-development-v1,proteingym-v1.3,proteingym-substitutions-v1.3,ADRB2_HUMAN_Jones_2020,ADRB2_HUMAN_Jones_2020,ADRB2_HUMAN,ADRB2_HUMAN,cssf_516e14d168fd,esm2_150m,0.3604395385239958,413,0.9975786924939468,412,204722,28078.5,0.712,0.0,0.248,1.0,3.373704807862423,0.8591746559872157,0.0,0.0966175252819853,0.9033824747180148,Human,Activity,masked-protein-language-model,sequence,known-development-benchmark,available,,histgb,0,0.5844595902788913,0.5844595902788913,0.23005834811334688,0.027311606470645566,False,,False,0.22402005175489548,0.22402005175489548,True,0.3809809727510991
variantshift-development-v1,proteingym-v1.3,proteingym-substitutions-v1.3,ADRB2_HUMAN_Jones_2020,ADRB2_HUMAN_Jones_2020,ADRB2_HUMAN,ADRB2_HUMAN,cssf_516e14d168fd,esm2_35m,0.3539345013821672,413,0.9975786924939468,412,204722,28078.5,0.712,0.0,0.248,1.0,2.9336192562631433,0.862582216230683,0.0,0.1176450687419534,0.8823549312580465,Human,Activity,masked-protein-language-model,sequence,known-development-benchmark,available,,histgb,0,0.46801846179782836,0.46801846179782836,0.21366428003722113,-0.04942688983065213,False,,False,0.11408396041566116,0.11408396041566116,True,0.3267619779687477
variantshift-development-v1,proteingym-v1.3,proteingym-substitutions-v1.3,ADRB2_HUMAN_Jones_2020,ADRB2_HUMAN_Jones_2020,ADRB2_HUMAN,ADRB2_HUMAN,cssf_516e14d168fd,esm2_650m,0.341727042075223,413,0.9975786924939468,412,204722,28078.5,0.712,0.0,0.248,1.0,3.628796539752475,0.8590782500542695,0.0,0.0829260364613848,0.9170739635386153,Human,Activity,masked-protein-language-model,sequence,known-development-benchmark,available,,histgb,0,0.6054527619706271,0.6054527619706271,0.23770272989457117,0.029791857715038228,False,,False,0.26372571989540416,0.26372571989540416,True,0.41357503614257424
variantshift-development-v1,proteingym-v1.3,proteingym-substitutions-v1.3,ADRB2_HUMAN_Jones_2020,ADRB2_HUMAN_Jones_2020,ADRB2_HUMAN,ADRB2_HUMAN,cssf_516e14d168fd,esm2_8m,0.2634686373250481,413,0.9975786924939468,412,204722,28078.5,0.712,0.0,0.248,1.0,2.715691575728144,0.900434899914272,0.0,0.1418497445552956,0.8581502554447044,Human,Activity,masked-protein-language-model,sequence,known-development-benchmark,available,,histgb,0,0.4403245365772524,0.4403245365772524,0.21622505319866872,-0.08332241397424506,False,,False,0.1768558992522043,0.1768558992522043,True,0.30254304231034745
variantshift-development-v1,proteingym-v1.3,proteingym-substitutions-v1.3,ADRB2_HUMAN_Jones_2020,ADRB2_HUMAN_Jones_2020,ADRB2_HUMAN,ADRB2_HUMAN,cssf_516e14d168fd,vespag,0.4696349395627509,413,0.9975786924939468,412,204722,28078.5,0.712,0.0,0.248,1.0,0.0925405468029195,2.467208908695919,0.0,0.098981382825952,0.901018617174048,Human,Activity,distilled-evolutionary-variant-effect-model,sequence,known-development-benchmark,available,,histgb,0,0.8049662124005592,0.8049662124005592,0.18837774518001407,0.3487589859204376,True,1.6052284016906693,True,0.33533127283780834,0.33533127283780834,True,0.5619257526599717
variantshift-development-v1,proteingym-v1.3,proteingym-substitutions-v1.3,AMFR_HUMAN_Tsuboyama_2023_4G3O,AMFR_HUMAN_Tsuboyama_2023_4G3O,AMFR_HUMAN,AMFR_HUMAN,cssf_265b55e38391,carp_640m,0.8029776375885939,47,1.0,47,17787,1245.9,0.872,0.0,0.6812,1.0,2.489902124870686,2.232690949458179,0.0,0.1731911746573704,0.8268088253426296,Human,Stability,convolutional-protein-language-model,sequence,known-development-benchmark,available,,histgb,2,0.7342795842070908,0.7342795842070908,0.13320795894067267,0.38614399143717293,False,,False,-0.06869805338150303,-0.06869805338150303,True,0.6458863771537566
variantshift-development-v1,proteingym-v1.3,proteingym-substitutions-v1.3,AMFR_HUMAN_Tsuboyama_2023_4G3O,AMFR_HUMAN_Tsuboyama_2023_4G3O,AMFR_HUMAN,AMFR_HUMAN,cssf_265b55e38391,esm2_150m,0.74751797021522,47,1.0,47,17787,1245.9,0.872,0.0,0.6812,1.0,6.023047258117683,1.9118251521616756,0.0,0.1238155215108109,0.876184478489189,Human,Stability,masked-protein-language-model,sequence,known-development-benchmark,available,,histgb,2,0.7670622510550194,0.7670622510550194,0.12411204930687524,0.4426985854081197,False,,False,0.01954428083979931,0.01954428083979931,True,0.8171749994703097
variantshift-development-v1,proteingym-v1.3,proteingym-substitutions-v1.3,AMFR_HUMAN_Tsuboyama_2023_4G3O,AMFR_HUMAN_Tsuboyama_2023_4G3O,AMFR_HUMAN,AMFR_HUMAN,cssf_265b55e38391,esm2_35m,0.5680517706963065,47,1.0,47,17787,1245.9,0.872,0.0,0.6812,1.0,2.2351816425701405,1.6536631602945715,0.0,0.3023899454851264,0.6976100545148736,Human,Stability,masked-protein-language-model,sequence,known-development-benchmark,available,,histgb,2,0.5070891984824792,0.5070891984824792,0.13014742555884015,0.16695223140692333,False,,False,-0.06096257221382728,-0.06096257221382728,True,0.3757773739046619
variantshift-development-v1,proteingym-v1.3,proteingym-substitutions-v1.3,AMFR_HUMAN_Tsuboyama_2023_4G3O,AMFR_HUMAN_Tsuboyama_2023_4G3O,AMFR_HUMAN,AMFR_HUMAN,cssf_265b55e38391,esm2_650m,0.7323335894629511,47,1.0,47,17787,1245.9,0.872,0.0,0.6812,1.0,5.885018085269015,2.193718543066441,0.0,0.1549540346506145,0.8450459653493855,Human,Stability,masked-protein-language-model,sequence,known-development-benchmark,available,,histgb,2,0.7247376234857179,0.7247376234857179,0.11608629136191735,0.42134907090124557,False,,False,-0.007595965977233221,-0.007595965977233221,True,0.839818709499371
variantshift-development-v1,proteingym-v1.3,proteingym-substitutions-v1.3,AMFR_HUMAN_Tsuboyama_2023_4G3O,AMFR_HUMAN_Tsuboyama_2023_4G3O,AMFR_HUMAN,AMFR_HUMAN,cssf_265b55e38391,esm2_8m,0.3262401855479921,47,1.0,47,17787,1245.9,0.872,0.0,0.6812,1.0,0.9478948280016474,1.572092511757479,0.0,0.3671201535703061,0.6328798464296939,Human,Stability,masked-protein-language-model,sequence,known-development-benchmark,available,,histgb,2,0.15783244912400174,0.15783244912400174,0.20204989088606337,-0.37021977156984465,False,,False,-0.16840773642399037,-0.16840773642399037,True,0.22409545527562413
variantshift-development-v1,proteingym-v1.3,proteingym-substitutions-v1.3,AMFR_HUMAN_Tsuboyama_2023_4G3O,AMFR_HUMAN_Tsuboyama_2023_4G3O,AMFR_HUMAN,AMFR_HUMAN,cssf_265b55e38391,vespag,0.7850078514916546,47,1.0,47,17787,1245.9,0.872,0.0,0.6812,1.0,0.0485501960726775,3.034885173223086,0.0,0.1349096574017072,0.8650903425982928,Human,Stability,distilled-evolutionary-variant-effect-model,sequence,known-development-benchmark,available,,histgb,2,0.7002545121678312,0.7002545121678312,0.0939428060499008,0.4547373919391704,True,-1.2620559190453307,True,-0.08475333932382345,-0.08475333932382345,True,0.6822405474834772
variantshift-development-v1,proteingym-v1.3,proteingym-substitutions-v1.3,AMIE_PSEAE_Wrenbeck_2017,AMIE_PSEAE_Wrenbeck_2017,AMIE_PSEAE,AMIE_PSEAE,cssf_0406336ba271,carp_640m,0.3490523257870373,346,0.9855491329479767,341,140703,30827.3,0.725,0.0,0.3759,1.0,2.700052612659427,1.1161920605103566,0.0,0.120345655362557,0.879654344637443,Prokaryote,Activity,convolutional-protein-language-model,sequence,known-development-benchmark,available,,histgb,3,0.41092051317966644,0.41092051317966644,0.2261104795499232,0.012339668781557733,False,,False,0.061868187392629115,0.061868187392629115,True,0.3698469703363395
variantshift-development-v1,proteingym-v1.3,proteingym-substitutions-v1.3,AMIE_PSEAE_Wrenbeck_2017,AMIE_PSEAE_Wrenbeck_2017,AMIE_PSEAE,AMIE_PSEAE,cssf_0406336ba271,esm2_150m,0.2780979674762875,346,0.9855491329479767,341,140703,30827.3,0.725,0.0,0.3759,1.0,2.655866660260734,0.9515477469761132,0.0,0.1009566367661878,0.8990433632338122,Prokaryote,Activity,masked-protein-language-model,sequence,known-development-benchmark,available,,histgb,3,0.36437108909955696,0.36437108909955696,0.1819873201125808,0.04356924097377862,False,,False,0.08627312162326944,0.08627312162326944,True,0.2821225619677384
variantshift-development-v1,proteingym-v1.3,proteingym-substitutions-v1.3,AMIE_PSEAE_Wrenbeck_2017,AMIE_PSEAE_Wrenbeck_2017,AMIE_PSEAE,AMIE_PSEAE,cssf_0406336ba271,esm2_35m,0.2159715068293396,346,0.9855491329479767,341,140703,30827.3,0.725,0.0,0.3759,1.0,2.3116267378000264,1.0898939502518268,0.0,0.1387134565730292,0.8612865434269708,Prokaryote,Activity,masked-protein-language-model,sequence,known-development-benchmark,available,,histgb,3,0.32086731717022904,0.32086731717022904,0.21836523009216002,-0.06406043129400618,False,,False,0.10489581034088943,0.10489581034088943,True,0.2617158221630206
variantshift-development-v1,proteingym-v1.3,proteingym-substitutions-v1.3,AMIE_PSEAE_Wrenbeck_2017,AMIE_PSEAE_Wrenbeck_2017,AMIE_PSEAE,AMIE_PSEAE,cssf_0406336ba271,esm2_650m,0.490190249921031,346,0.9855491329479767,341,140703,30827.3,0.725,0.0,0.3759,1.0,3.6288834165212887,1.0265525370520925,0.0,0.1578617424122694,0.8421382575877305,Prokaryote,Activity,masked-protein-language-model,sequence,known-development-benchmark,available,,histgb,3,0.36118121215629045,0.36118121215629045,0.19186580941332407,0.022965856197061207,False,,False,-0.12900903776474054,-0.12900903776474054,True,0.35983876831418327
variantshift-development-v1,proteingym-v1.3,proteingym-substitutions-v1.3,AMIE_PSEAE_Wrenbeck_2017,AMIE_PSEAE_Wrenbeck_2017,AMIE_PSEAE,AMIE_PSEAE,cssf_0406336ba271,esm2_8m,0.1313363145578411,346,0.9855491329479767,341,140703,30827.3,0.725,0.0,0.3759,1.0,2.1282648743157933,1.2053230903451526,0.0,0.1898730338511306,0.8101269661488694,Prokaryote,Activity,masked-protein-language-model,sequence,known-development-benchmark,available,,histgb,3,0.24320046800196488,0.24320046800196488,0.19947150602244165,-0.10842198427023553,False,,False,0.11186415344412379,0.11186415344412379,True,0.24418350542732298
variantshift-development-v1,proteingym-v1.3,proteingym-substitutions-v1.3,AMIE_PSEAE_Wrenbeck_2017,AMIE_PSEAE_Wrenbeck_2017,AMIE_PSEAE,AMIE_PSEAE,cssf_0406336ba271,vespag,0.8375614287593252,346,0.9855491329479767,341,140703,30827.3,0.725,0.0,0.3759,1.0,0.100601641693646,2.5075000441265547,0.0,0.2080750570141365,0.7919249429858635,Prokaryote,Activity,distilled-evolutionary-variant-effect-model,sequence,known-development-benchmark,available,,histgb,3,0.5778794894425213,0.5778794894425213,0.1751028657452118,0.26921335320602907,True,1.0203405826059804,True,-0.25968193931680383,-0.25968193931680383,True,0.4813474165155974
variantshift-development-v1,proteingym-v1.3,proteingym-substitutions-v1.3,ANCSZ_Hobbs_2022,ANCSZ_Hobbs_2022,ANCSZ,ANCSZ,cssf_88339869d8cb,carp_640m,0.5585334809559855,627,0.4370015948963317,274,7424,1119.9,1.0,0.31,0.4833,0.0,4.758635131572005,1.5551317500241475,0.0,0.1093103743334482,0.8906896256665517,Eukaryote,Activity,convolutional-protein-language-model,sequence,known-development-benchmark,available,,histgb,1,0.6099115869542451,0.5879606137573938,0.25345670787976576,0.006606140843396724,False,,False,0.05137810599825954,0.029427132801408296,True,0.18264469326046018
variantshift-development-v1,proteingym-v1.3,proteingym-substitutions-v1.3,ANCSZ_Hobbs_2022,ANCSZ_Hobbs_2022,ANCSZ,ANCSZ,cssf_88339869d8cb,esm2_150m,0.6585189378991979,627,0.4370015948963317,274,7424,1119.9,1.0,0.31,0.4833,0.0,3.853595396028976,1.227568330260897,0.0,0.0822833804895595,0.9177166195104404,Eukaryote,Activity,masked-protein-language-model,sequence,known-development-benchmark,available,,histgb,1,0.5724821024508874,0.5378122688758867,0.2616463635995189,-0.062326843924472186,False,,False,-0.08603683544831053,-0.12070666902331117,True,0.016408718509907216
variantshift-development-v1,proteingym-v1.3,proteingym-substitutions-v1.3,ANCSZ_Hobbs_2022,ANCSZ_Hobbs_2022,ANCSZ,ANCSZ,cssf_88339869d8cb,esm2_35m,0.6566448387169809,627,0.4370015948963317,274,7424,1119.9,1.0,0.31,0.4833,0.0,3.444682693666478,1.2114568594283237,0.0,0.0751989075762618,0.9248010924237382,Eukaryote,Activity,masked-protein-language-model,sequence,known-development-benchmark,available,,histgb,1,0.5702592509644356,0.5062272090682648,0.26288744108710177,-0.09675856719061826,False,,False,-0.08638558775254523,-0.15041762964871608,True,-0.010087104414699954
variantshift-development-v1,proteingym-v1.3,proteingym-substitutions-v1.3,ANCSZ_Hobbs_2022,ANCSZ_Hobbs_2022,ANCSZ,ANCSZ,cssf_88339869d8cb,esm2_650m,0.6710121702948658,627,0.4370015948963317,274,7424,1119.9,1.0,0.31,0.4833,0.0,4.0861873058356615,1.2083033835746084,0.0,0.0840024856195293,0.9159975143804706,Eukaryote,Activity,masked-protein-language-model,sequence,known-development-benchmark,available,,histgb,1,0.5830774899982316,0.5635384524202536,0.26781866348834843,-0.05075808465407561,False,,False,-0.0879346802966342,-0.10747371787461224,True,0.026931832598881766
variantshift-development-v1,proteingym-v1.3,proteingym-substitutions-v1.3,ANCSZ_Hobbs_2022,ANCSZ_Hobbs_2022,ANCSZ,ANCSZ,cssf_88339869d8cb,esm2_8m,0.5795214937564382,627,0.4370015948963317,274,7424,1119.9,1.0,0.31,0.4833,0.0,2.9805920183013854,1.1360686626783856,0.0,0.1039295610849602,0.8960704389150398,Eukaryote,Activity,masked-protein-language-model,sequence,known-development-benchmark,available,,histgb,1,0.5283324574411407,0.4370869358610864,0.2488851155476865,-0.13378166089352195,False,,False,-0.05118903631529759,-0.14243455789535187,True,-0.08111067415627526
variantshift-development-v1,proteingym-v1.3,proteingym-substitutions-v1.3,ANCSZ_Hobbs_2022,ANCSZ_Hobbs_2022,ANCSZ,ANCSZ,cssf_88339869d8cb,vespag,0.5648973194468099,627,0.4370015948963317,274,7424,1119.9,1.0,0.31,0.4833,0.0,0.0773000323910331,2.6497067524399793,0.0,0.0751989075762618,0.9248010924237382,Eukaryote,Activity,distilled-evolutionary-variant-effect-model,sequence,known-development-benchmark,available,,histgb,1,0.5581488171442079,0.570758477376649,0.18214459849330208,0.1529728210528976,True,-0.25653073834916995,True,-0.006748502302601933,0.0058611579298391,True,0.15512670981388266
variantshift-development-v1,proteingym-v1.3,proteingym-substitutions-v1.3,ARGR_ECOLI_Tsuboyama_2023_1AOY,ARGR_ECOLI_Tsuboyama_2023_1AOY,ARGR_ECOLI,ARGR_ECOLI,cssf_8af86fe1b209,carp_640m,0.5674790434731172,69,1.0,69,21443,3742.9,0.913,0.0,0.5514,0.9855072463768116,2.748353630371254,1.3829050952213806,0.0,0.1567356388409746,0.8432643611590254,Prokaryote,Stability,convolutional-protein-language-model,sequence,known-development-benchmark,available,,histgb,4,0.6624301683964865,0.6624301683964865,0.19393189435220953,-0.13953563956025683,True,-0.5241860679337398,False,0.09495112492336932,0.09495112492336932,True,0.48725500153679857
variantshift-development-v1,proteingym-v1.3,proteingym-substitutions-v1.3,ARGR_ECOLI_Tsuboyama_2023_1AOY,ARGR_ECOLI_Tsuboyama_2023_1AOY,ARGR_ECOLI,ARGR_ECOLI,cssf_8af86fe1b209,esm2_150m,0.6307344916233956,69,1.0,69,21443,3742.9,0.913,0.0,0.5514,0.9855072463768116,2.2664911762463595,1.445756182663427,0.0,0.1188356209571301,0.8811643790428698,Prokaryote,Stability,masked-protein-language-model,sequence,known-development-benchmark,available,,histgb,4,0.48868384952068483,0.48868384952068483,0.16360683205198834,-0.18787884632718949,False,,False,-0.14205064210271073,-0.14205064210271073,True,0.4518132873616194
variantshift-development-v1,proteingym-v1.3,proteingym-substitutions-v1.3,ARGR_ECOLI_Tsuboyama_2023_1AOY,ARGR_ECOLI_Tsuboyama_2023_1AOY,ARGR_ECOLI,ARGR_ECOLI,cssf_8af86fe1b209,esm2_35m,0.4506416305868964,69,1.0,69,21443,3742.9,0.913,0.0,0.5514,0.9855072463768116,2.1838360970144777,1.2779864571832606,0.0,0.1721458466928072,0.8278541533071928,Prokaryote,Stability,masked-protein-language-model,sequence,known-development-benchmark,available,,histgb,4,0.449619067152902,0.449619067152902,0.16806176508313095,-0.24536609592063086,False,,False,-0.0010225634339943723,-0.0010225634339943723,True,0.3651789982015151
variantshift-development-v1,proteingym-v1.3,proteingym-substitutions-v1.3,ARGR_ECOLI_Tsuboyama_2023_1AOY,ARGR_ECOLI_Tsuboyama_2023_1AOY,ARGR_ECOLI,ARGR_ECOLI,cssf_8af86fe1b209,esm2_650m,0.6885579941023509,69,1.0,69,21443,3742.9,0.913,0.0,0.5514,0.9855072463768116,2.982255547501415,1.2782457389047517,0.0,0.1267527663582164,0.8732472336417836,Prokaryote,Stability,masked-protein-language-model,sequence,known-development-benchmark,available,,histgb,4,0.6347051476856299,0.6347051476856299,0.1583193114110224,-0.019992084634007146,False,,False,-0.053852846416720945,-0.053852846416720945,True,0.465807265927599
variantshift-development-v1,proteingym-v1.3,proteingym-substitutions-v1.3,ARGR_ECOLI_Tsuboyama_2023_1AOY,ARGR_ECOLI_Tsuboyama_2023_1AOY,ARGR_ECOLI,ARGR_ECOLI,cssf_8af86fe1b209,esm2_8m,0.3665321064980325,69,1.0,69,21443,3742.9,0.913,0.0,0.5514,0.9855072463768116,1.7777392594467991,1.3718260410177343,0.0,0.1929355524003573,0.8070644475996427,Prokaryote,Stability,masked-protein-language-model,sequence,known-development-benchmark,available,,histgb,4,0.38552812341571313,0.38552812341571313,0.13294130806886476,-0.16422355045101894,False,,False,0.018996016917680658,0.018996016917680658,True,0.338742330239557
variantshift-development-v1,proteingym-v1.3,proteingym-substitutions-v1.3,ARGR_ECOLI_Tsuboyama_2023_1AOY,ARGR_ECOLI_Tsuboyama_2023_1AOY,ARGR_ECOLI,ARGR_ECOLI,cssf_8af86fe1b209,vespag,0.6422743921328842,69,1.0,69,21443,3742.9,0.913,0.0,0.5514,0.9855072463768116,0.0813261100685817,2.5374957914325513,0.0,0.144769935813955,0.855230064186045,Prokaryote,Stability,distilled-evolutionary-variant-effect-model,sequence,known-development-benchmark,available,,histgb,4,0.5010844965155712,0.5010844965155712,0.1815901876021618,-0.2498446995500324,False,,False,-0.141189895617313,-0.141189895617313,True,0.5798312154910856
variantshift-development-v1,proteingym-v1.3,proteingym-substitutions-v1.3,BBC1_YEAST_Tsuboyama_2023_1TG0,BBC1_YEAST_Tsuboyama_2023_1TG0,BBC1_YEAST,BBC1_YEAST,cssf_784e4bfd3195,carp_640m,0.7398008453378505,64,1.0,64,604824,17392.4,0.844,0.0,0.6808,1.0,2.6352777245139136,1.6632056332156873,0.0,0.1651299067819988,0.8348700932180012,Eukaryote,Stability,convolutional-protein-language-model,sequence,known-development-benchmark,available,,histgb,0,0.6472704421762482,0.6472704421762482,0.20892217755432738,0.14130936338126043,False,,False,-0.09253040316160233,-0.09253040316160233,True,0.5877359925231114
variantshift-development-v1,proteingym-v1.3,proteingym-substitutions-v1.3,BBC1_YEAST_Tsuboyama_2023_1TG0,BBC1_YEAST_Tsuboyama_2023_1TG0,BBC1_YEAST,BBC1_YEAST,cssf_784e4bfd3195,esm2_150m,0.7306612828131853,64,1.0,64,604824,17392.4,0.844,0.0,0.6808,1.0,3.6867927587038527,1.2719952856196837,0.0,0.0964850061777937,0.9035149938222062,Eukaryote,Stability,masked-protein-language-model,sequence,known-development-benchmark,available,,histgb,0,0.690618448074915,0.690618448074915,0.22992248753388098,0.1337994870930489,False,,False,-0.040042834738270305,-0.040042834738270305,True,0.5819638278211232
variantshift-development-v1,proteingym-v1.3,proteingym-substitutions-v1.3,BBC1_YEAST_Tsuboyama_2023_1TG0,BBC1_YEAST_Tsuboyama_2023_1TG0,BBC1_YEAST,BBC1_YEAST,cssf_784e4bfd3195,esm2_35m,0.6358315415515549,64,1.0,64,604824,17392.4,0.844,0.0,0.6808,1.0,2.977296743888187,1.438900293767901,0.0,0.0932369845714995,0.9067630154285004,Eukaryote,Stability,masked-protein-language-model,sequence,known-development-benchmark,available,,histgb,0,0.6191865524841977,0.6191865524841977,0.18732792009523105,0.16552175897438504,False,,False,-0.01664498906735712,-0.01664498906735712,True,0.5520901269345775
variantshift-development-v1,proteingym-v1.3,proteingym-substitutions-v1.3,BBC1_YEAST_Tsuboyama_2023_1TG0,BBC1_YEAST_Tsuboyama_2023_1TG0,BBC1_YEAST,BBC1_YEAST,cssf_784e4bfd3195,esm2_650m,0.9647871636186672,64,1.0,64,604824,17392.4,0.844,0.0,0.6808,1.0,4.6554985470667845,1.2338668558075483,0.0,0.0598913198137104,0.9401086801862896,Eukaryote,Stability,masked-protein-language-model,sequence,known-development-benchmark,available,,histgb,0,0.7125808446111102,0.7125808446111102,0.25380055633443266,0.09793473673993647,False,,False,-0.2522063190075571,-0.2522063190075571,True,0.6891654970291837
variantshift-development-v1,proteingym-v1.3,proteingym-substitutions-v1.3,BBC1_YEAST_Tsuboyama_2023_1TG0,BBC1_YEAST_Tsuboyama_2023_1TG0,BBC1_YEAST,BBC1_YEAST,cssf_784e4bfd3195,esm2_8m,0.2345662829806957,64,1.0,64,604824,17392.4,0.844,0.0,0.6808,1.0,1.86170121621933,1.6379411631144931,0.0,0.4068565780166571,0.5931434219833429,Eukaryote,Stability,masked-protein-language-model,sequence,known-development-benchmark,available,,histgb,0,0.21851063496650114,0.21851063496650114,0.21610860941629978,-0.304854315739714,False,,False,-0.016055648014194568,-0.016055648014194568,True,0.34139870702358954
variantshift-development-v1,proteingym-v1.3,proteingym-substitutions-v1.3,BBC1_YEAST_Tsuboyama_2023_1TG0,BBC1_YEAST_Tsuboyama_2023_1TG0,BBC1_YEAST,BBC1_YEAST,cssf_784e4bfd3195,vespag,0.4890523212492144,64,1.0,64,604824,17392.4,0.844,0.0,0.6808,1.0,0.0798261309812893,2.918050690934934,0.0,0.1329818002056424,0.8670181997943576,Eukaryote,Stability,distilled-evolutionary-variant-effect-model,sequence,known-development-benchmark,available,,histgb,0,0.8041683021373415,0.8041683021373415,0.14237396979395775,0.45937155440794375,True,0.5598791941341219,True,0.3151159808881271,0.3151159808881271,True,0.723017791438743
variantshift-development-v1,proteingym-v1.3,proteingym-substitutions-v1.3,BCHB_CHLTE_Tsuboyama_2023_2KRU,BCHB_CHLTE_Tsuboyama_2023_2KRU,BCHB_CHLTE,BCHB_CHLTE,cssf_39e5faa59a41,carp_640m,0.4782169613620783,52,1.0,52,12079,2701.3,0.923,0.0,0.5237,1.0,1.2117658899044506,1.6272653795001184,0.0,0.1746267023397049,0.8253732976602951,Prokaryote,Stability,convolutional-protein-language-model,sequence,known-development-benchmark,available,,histgb,0,0.29747589275931996,0.29747589275931996,0.21359219595377646,-0.2197948879305911,False,,False,-0.18074106860275835,-0.18074106860275835,True,0.3683615177451222
variantshift-development-v1,proteingym-v1.3,proteingym-substitutions-v1.3,BCHB_CHLTE_Tsuboyama_2023_2KRU,BCHB_CHLTE_Tsuboyama_2023_2KRU,BCHB_CHLTE,BCHB_CHLTE,cssf_39e5faa59a41,esm2_150m,0.3384205941174789,52,1.0,52,12079,2701.3,0.923,0.0,0.5237,1.0,1.286902814520966,1.830928935961156,0.0,0.1538332648188991,0.8461667351811009,Prokaryote,Stability,masked-protein-language-model,sequence,known-development-benchmark,available,,histgb,0,0.27928815211649993,0.27928815211649993,0.14303682365211196,-0.0671138739853574,False,,False,-0.059132442000978946,-0.059132442000978946,True,0.38837840256802214
variantshift-development-v1,proteingym-v1.3,proteingym-substitutions-v1.3,BCHB_CHLTE_Tsuboyama_2023_2KRU,BCHB_CHLTE_Tsuboyama_2023_2KRU,BCHB_CHLTE,BCHB_CHLTE,cssf_39e5faa59a41,esm2_35m,0.2694798567027799,52,1.0,52,12079,2701.3,0.923,0.0,0.5237,1.0,1.18390691374991,1.539557464411308,0.0,0.1823492916006823,0.8176507083993176,Prokaryote,Stability,masked-protein-language-model,sequence,known-development-benchmark,available,,histgb,0,0.17589804776686338,0.17589804776686338,0.21944303090800937,-0.3555420987603597,False,,False,-0.09358180893591653,-0.09358180893591653,True,0.2917944142861716
variantshift-development-v1,proteingym-v1.3,proteingym-substitutions-v1.3,BCHB_CHLTE_Tsuboyama_2023_2KRU,BCHB_CHLTE_Tsuboyama_2023_2KRU,BCHB_CHLTE,BCHB_CHLTE,cssf_39e5faa59a41,esm2_650m,0.5780993209419584,52,1.0,52,12079,2701.3,0.923,0.0,0.5237,1.0,3.76573239489223,1.5810813296692734,0.0,0.1631877084132154,0.8368122915867846,Prokaryote,Stability,masked-protein-language-model,sequence,known-development-benchmark,available,,histgb,0,0.6427718746376255,0.6427718746376255,0.13724566422893203,0.31039469407168047,True,-0.767353363990004,True,0.06467255369566716,0.06467255369566716,True,0.5768876513717509
variantshift-development-v1,proteingym-v1.3,proteingym-substitutions-v1.3,BCHB_CHLTE_Tsuboyama_2023_2KRU,BCHB_CHLTE_Tsuboyama_2023_2KRU,BCHB_CHLTE,BCHB_CHLTE,cssf_39e5faa59a41,esm2_8m,0.2366849043700464,52,1.0,52,12079,2701.3,0.923,0.0,0.5237,1.0,1.5218597093403528,1.4849448771075102,0.0,0.1455706446224647,0.8544293553775353,Prokaryote,Stability,masked-protein-language-model,sequence,known-development-benchmark,available,,histgb,0,0.288261562213188,0.288261562213188,0.18507061392461055,-0.15993655907145732,False,,False,0.05157665784314158,0.05157665784314158,True,0.3300214702863596
variantshift-development-v1,proteingym-v1.3,proteingym-substitutions-v1.3,BCHB_CHLTE_Tsuboyama_2023_2KRU,BCHB_CHLTE_Tsuboyama_2023_2KRU,BCHB_CHLTE,BCHB_CHLTE,cssf_39e5faa59a41,vespag,0.5398016926365916,52,1.0,52,12079,2701.3,0.923,0.0,0.5237,1.0,0.0976620628570486,2.771702158686038,0.0,0.2320948884595319,0.767905111540468,Prokaryote,Stability,distilled-evolutionary-variant-effect-model,sequence,known-development-benchmark,available,,histgb,0,0.5667469593493324,0.5667469593493324,0.12699988469082837,0.25918268150572527,False,,False,0.02694526671274078,0.02694526671274078,True,0.5829018811304947
variantshift-development-v1,proteingym-v1.3,proteingym-substitutions-v1.3,BLAT_ECOLX_Deng_2012,BLAT_ECOLX_Deng_2012,BLAT_ECOLX,BLAT_ECOLX,cssf_1ca89f8f1279,carp_640m,0.8294984283132191,286,0.9195804195804196,263,209644,50901.4,0.752,0.0,0.2795,1.0,3.612158930115387,1.613532677550302,0.0,0.1169309466487104,0.8830690533512896,Prokaryote,OrganismalFitness,convolutional-protein-language-model,sequence,known-development-benchmark,available,,histgb,4,0.5569810344140629,0.5569810344140629,0.22369071857237546,-0.3680463235228225,False,,False,-0.2725173938991562,-0.2725173938991562,True,0.5828513333730988
variantshift-development-v1,proteingym-v1.3,proteingym-substitutions-v1.3,BLAT_ECOLX_Deng_2012,BLAT_ECOLX_Deng_2012,BLAT_ECOLX,BLAT_ECOLX,cssf_1ca89f8f1279,esm2_150m,0.6743537992201408,286,0.9195804195804196,263,209644,50901.4,0.752,0.0,0.2795,1.0,3.4707111352049687,1.4788092783327833,0.0,0.1020081314676473,0.8979918685323527,Prokaryote,OrganismalFitness,masked-protein-language-model,sequence,known-development-benchmark,available,,histgb,4,0.49163924635625067,0.49163924635625067,0.1975250862484044,-0.3251854740645873,False,,False,-0.18271455286389016,-0.18271455286389016,True,0.5112607225267495
variantshift-development-v1,proteingym-v1.3,proteingym-substitutions-v1.3,BLAT_ECOLX_Deng_2012,BLAT_ECOLX_Deng_2012,BLAT_ECOLX,BLAT_ECOLX,cssf_1ca89f8f1279,esm2_35m,0.5337071838731202,286,0.9195804195804196,263,209644,50901.4,0.752,0.0,0.2795,1.0,2.799912370924541,1.3609139066385458,0.0,0.1295973015109059,0.870402698489094,Prokaryote,OrganismalFitness,masked-protein-language-model,sequence,known-development-benchmark,available,,histgb,4,0.3588749190882458,0.3588749190882458,0.11032314326529913,-0.09734394589328488,False,,False,-0.1748322647848744,-0.1748322647848744,True,0.40539584937763473
variantshift-development-v1,proteingym-v1.3,proteingym-substitutions-v1.3,BLAT_ECOLX_Deng_2012,BLAT_ECOLX_Deng_2012,BLAT_ECOLX,BLAT_ECOLX,cssf_1ca89f8f1279,esm2_650m,0.7498876022299403,286,0.9195804195804196,263,209644,50901.4,0.752,0.0,0.2795,1.0,4.009975887601031,1.590206312781759,0.0,0.1507716210883347,0.8492283789116652,Prokaryote,OrganismalFitness,masked-protein-language-model,sequence,known-development-benchmark,available,,histgb,4,0.5670669478825187,0.5670669478825187,0.22452137574433226,-0.36139542342474895,False,,False,-0.18282065434742167,-0.18282065434742167,True,0.549373016298095
variantshift-development-v1,proteingym-v1.3,proteingym-substitutions-v1.3,BLAT_ECOLX_Deng_2012,BLAT_ECOLX_Deng_2012,BLAT_ECOLX,BLAT_ECOLX,cssf_1ca89f8f1279,esm2_8m,0.2444844721583246,286,0.9195804195804196,263,209644,50901.4,0.752,0.0,0.2795,1.0,2.3408694003964268,1.221926272498928,0.0,0.2318028294341512,0.7681971705658488,Prokaryote,OrganismalFitness,masked-protein-language-model,sequence,known-development-benchmark,available,,histgb,4,0.11927135932677323,0.11927135932677323,0.08992235771283472,-0.2525842165568805,False,,False,-0.1252131128315514,-0.1252131128315514,True,0.2586292656875379
variantshift-development-v1,proteingym-v1.3,proteingym-substitutions-v1.3,BLAT_ECOLX_Deng_2012,BLAT_ECOLX_Deng_2012,BLAT_ECOLX,BLAT_ECOLX,cssf_1ca89f8f1279,vespag,0.9821531594530822,286,0.9195804195804196,263,209644,50901.4,0.752,0.0,0.2795,1.0,0.0922986087390897,2.5580008476471328,0.0,0.1487010327360014,0.8512989672639986,Prokaryote,OrganismalFitness,distilled-evolutionary-variant-effect-model,sequence,known-development-benchmark,available,,histgb,4,0.6655173181428167,0.6655173181428167,0.22890023238782603,-0.2810529220003448,True,1.4579462795207434,False,-0.31663584131026556,-0.31663584131026556,True,0.5197986250733043
variantshift-development-v1,proteingym-v1.3,proteingym-substitutions-v1.3,BLAT_ECOLX_Firnberg_2014,BLAT_ECOLX_Firnberg_2014,BLAT_ECOLX,BLAT_ECOLX,cssf_1ca89f8f1279,carp_640m,0.9823691066677872,286,0.9195804195804196,263,209644,50901.4,0.752,0.0,0.2795,1.0,3.5873625830298166,1.6233721080269032,0.0,0.1172289220745385,0.8827710779254615,Prokaryote,OrganismalFitness,convolutional-protein-language-model,sequence,known-development-benchmark,available,,histgb,4,0.5931580040351493,0.5931580040351493,0.23058202785295315,-0.36036695834962107,False,,False,-0.3892111026326379,-0.3892111026326379,True,0.5829463356781411
variantshift-development-v1,proteingym-v1.3,proteingym-substitutions-v1.3,BLAT_ECOLX_Firnberg_2014,BLAT_ECOLX_Firnberg_2014,BLAT_ECOLX,BLAT_ECOLX,cssf_1ca89f8f1279,esm2_150m,0.9056068570862104,286,0.9195804195804196,263,209644,50901.4,0.752,0.0,0.2795,1.0,3.4442098987214083,1.4792942614822284,0.0,0.1035770636103881,0.8964229363896119,Prokaryote,OrganismalFitness,masked-protein-language-model,sequence,known-development-benchmark,available,,histgb,4,0.4873142083741411,0.4873142083741411,0.1971088419243817,-0.32778921851353504,False,,False,-0.4182926487120693,-0.4182926487120693,True,0.5079971300955508
variantshift-development-v1,proteingym-v1.3,proteingym-substitutions-v1.3,BLAT_ECOLX_Firnberg_2014,BLAT_ECOLX_Firnberg_2014,BLAT_ECOLX,BLAT_ECOLX,cssf_1ca89f8f1279,esm2_35m,0.6974248642314707,286,0.9195804195804196,263,209644,50901.4,0.752,0.0,0.2795,1.0,2.7723521155185624,1.3606372466934908,0.0,0.1312328419628201,0.8687671580371799,Prokaryote,OrganismalFitness,masked-protein-language-model,sequence,known-development-benchmark,available,,histgb,4,0.35868398129233314,0.35868398129233314,0.10001792078295167,-0.05491973726454441,False,,False,-0.3387408829391375,-0.3387408829391375,True,0.4018071103983146
variantshift-development-v1,proteingym-v1.3,proteingym-substitutions-v1.3,BLAT_ECOLX_Firnberg_2014,BLAT_ECOLX_Firnberg_2014,BLAT_ECOLX,BLAT_ECOLX,cssf_1ca89f8f1279,esm2_650m,0.9649413854155756,286,0.9195804195804196,263,209644,50901.4,0.752,0.0,0.2795,1.0,3.990443218225201,1.5925616174357276,0.0,0.153407580528768,0.846592419471232,Prokaryote,OrganismalFitness,masked-protein-language-model,sequence,known-development-benchmark,available,,histgb,4,0.5697189606952396,0.5697189606952396,0.22452137574433226,-0.35874341061202797,False,,False,-0.395222424720336,-0.395222424720336,True,0.546393230286261
variantshift-development-v1,proteingym-v1.3,proteingym-substitutions-v1.3,BLAT_ECOLX_Firnberg_2014,BLAT_ECOLX_Firnberg_2014,BLAT_ECOLX,BLAT_ECOLX,cssf_1ca89f8f1279,esm2_8m,0.4869359807837134,286,0.9195804195804196,263,209644,50901.4,0.752,0.0,0.2795,1.0,2.3139489352239284,1.2266307649353465,0.0,0.2337286652656128,0.7662713347343871,Prokaryote,OrganismalFitness,masked-protein-language-model,sequence,known-development-benchmark,available,,histgb,4,0.11927135932677323,0.11927135932677323,0.08992235771283472,-0.2525842165568805,False,,False,-0.3676646214569402,-0.3676646214569402,True,0.25610988330666834
variantshift-development-v1,proteingym-v1.3,proteingym-substitutions-v1.3,BLAT_ECOLX_Firnberg_2014,BLAT_ECOLX_Firnberg_2014,BLAT_ECOLX,BLAT_ECOLX,cssf_1ca89f8f1279,vespag,1.1473303880249548,286,0.9195804195804196,263,209644,50901.4,0.752,0.0,0.2795,1.0,0.0928928211090989,2.5463454344790524,0.0,0.1508193551846842,0.8491806448153157,Prokaryote,OrganismalFitness,distilled-evolutionary-variant-effect-model,sequence,known-development-benchmark,available,,histgb,4,0.6711408909909395,0.6711408909909395,0.23264703749782323,-0.2909234977415106,True,1.468851387043416,False,-0.47618949703401525,-0.47618949703401525,True,0.5154600187728624
variantshift-development-v1,proteingym-v1.3,proteingym-substitutions-v1.3,BLAT_ECOLX_Jacquier_2013,BLAT_ECOLX_Jacquier_2013,BLAT_ECOLX,BLAT_ECOLX,cssf_1ca89f8f1279,carp_640m,0.6415049046151341,286,0.9195804195804196,263,209644,50901.4,0.752,0.0,0.2795,1.0,3.271686170175111,1.510001975759064,0.0,0.1198912240261822,0.8801087759738178,Prokaryote,OrganismalFitness,convolutional-protein-language-model,sequence,known-development-benchmark,available,,histgb,4,0.45888699624134405,0.45888699624134405,0.15521818188013634,-0.1829861471984165,False,,False,-0.18261790837379005,-0.18261790837379005,True,0.5263331385721866
variantshift-development-v1,proteingym-v1.3,proteingym-substitutions-v1.3,BLAT_ECOLX_Jacquier_2013,BLAT_ECOLX_Jacquier_2013,BLAT_ECOLX,BLAT_ECOLX,cssf_1ca89f8f1279,esm2_150m,0.5226642221354637,286,0.9195804195804196,263,209644,50901.4,0.752,0.0,0.2795,1.0,3.2324253264023017,1.2869106241009918,0.0,0.1062409917260643,0.8937590082739356,Prokaryote,OrganismalFitness,masked-protein-language-model,sequence,known-development-benchmark,available,,histgb,4,0.297656532630592,0.297656532630592,0.16004449748412222,-0.3641748549429328,False,,False,-0.2250076895048717,-0.2250076895048717,True,0.44080052786631374
variantshift-development-v1,proteingym-v1.3,proteingym-substitutions-v1.3,BLAT_ECOLX_Jacquier_2013,BLAT_ECOLX_Jacquier_2013,BLAT_ECOLX,BLAT_ECOLX,cssf_1ca89f8f1279,esm2_35m,0.4477686174015766,286,0.9195804195804196,263,209644,50901.4,0.752,0.0,0.2795,1.0,2.595629405943503,1.2368765943785145,0.0,0.1319495743821219,0.868050425617878,Prokaryote,OrganismalFitness,masked-protein-language-model,sequence,known-development-benchmark,available,,histgb,4,0.24835237815040595,0.24835237815040595,0.09216850503978029,-0.13279168203264985,False,,False,-0.19941623925117063,-0.19941623925117063,True,0.35585549003895756
variantshift-development-v1,proteingym-v1.3,proteingym-substitutions-v1.3,BLAT_ECOLX_Jacquier_2013,BLAT_ECOLX_Jacquier_2013,BLAT_ECOLX,BLAT_ECOLX,cssf_1ca89f8f1279,esm2_650m,0.5786177184482141,286,0.9195804195804196,263,209644,50901.4,0.752,0.0,0.2795,1.0,3.640755065142113,1.4265728614640676,0.0,0.1455782655958272,0.8544217344041728,Prokaryote,OrganismalFitness,masked-protein-language-model,sequence,known-development-benchmark,available,,histgb,4,0.4899034975303947,0.4899034975303947,0.1874393108174923,-0.2852135550035311,False,,False,-0.08871422091781939,-0.08871422091781939,True,0.48151266987540514
variantshift-development-v1,proteingym-v1.3,proteingym-substitutions-v1.3,BLAT_ECOLX_Jacquier_2013,BLAT_ECOLX_Jacquier_2013,BLAT_ECOLX,BLAT_ECOLX,cssf_1ca89f8f1279,esm2_8m,0.3968211587359206,286,0.9195804195804196,263,209644,50901.4,0.752,0.0,0.2795,1.0,2.096017297799469,1.092468624891145,0.0,0.2415608374737745,0.7584391625262255,Prokaryote,OrganismalFitness,masked-protein-language-model,sequence,known-development-benchmark,available,,histgb,4,0.10810272174518103,0.10810272174518103,0.08112156245715664,-0.22735895976922854,False,,False,-0.28871843699073957,-0.28871843699073957,True,0.19897579058173648
variantshift-development-v1,proteingym-v1.3,proteingym-substitutions-v1.3,BLAT_ECOLX_Jacquier_2013,BLAT_ECOLX_Jacquier_2013,BLAT_ECOLX,BLAT_ECOLX,cssf_1ca89f8f1279,vespag,0.6908722650435279,286,0.9195804195804196,263,209644,50901.4,0.752,0.0,0.2795,1.0,0.1099393244386346,2.209149883741073,0.0,0.1439687811168839,0.8560312188831161,Prokaryote,OrganismalFitness,distilled-evolutionary-variant-effect-model,sequence,known-development-benchmark,available,,histgb,4,0.7186205575722928,0.7186205575722928,0.22383877568096044,-0.2070190603495049,True,1.5609229015758768,False,0.027748292528764873,0.027748292528764873,True,0.4389859165315045
variantshift-development-v1,proteingym-v1.3,proteingym-substitutions-v1.3,BLAT_ECOLX_Stiffler_2015,BLAT_ECOLX_Stiffler_2015,BLAT_ECOLX,BLAT_ECOLX,cssf_1ca89f8f1279,carp_640m,0.8558521177330869,286,0.9195804195804196,263,209644,50901.4,0.752,0.0,0.2795,1.0,3.612158930115387,1.613532677550302,0.0,0.1169309574413989,0.8830690425586011,Prokaryote,OrganismalFitness,convolutional-protein-language-model,sequence,known-development-benchmark,available,,histgb,4,0.5569810344140629,0.5569810344140629,0.22369071857237546,-0.3680463235228225,False,,False,-0.298871083319024,-0.298871083319024,True,0.5828513256025378
variantshift-development-v1,proteingym-v1.3,proteingym-substitutions-v1.3,BLAT_ECOLX_Stiffler_2015,BLAT_ECOLX_Stiffler_2015,BLAT_ECOLX,BLAT_ECOLX,cssf_1ca89f8f1279,esm2_150m,0.8011424133934247,286,0.9195804195804196,263,209644,50901.4,0.752,0.0,0.2795,1.0,3.4707111352049687,1.4788092783327833,0.0,0.1020259983370016,0.8979740016629983,Prokaryote,OrganismalFitness,masked-protein-language-model,sequence,known-development-benchmark,available,,histgb,4,0.49163924635625067,0.49163924635625067,0.1975250862484044,-0.3251854740645873,False,,False,-0.30950316703717407,-0.30950316703717407,True,0.5112478586701936
variantshift-development-v1,proteingym-v1.3,proteingym-substitutions-v1.3,BLAT_ECOLX_Stiffler_2015,BLAT_ECOLX_Stiffler_2015,BLAT_ECOLX,BLAT_ECOLX,cssf_1ca89f8f1279,esm2_35m,0.6496994458281283,286,0.9195804195804196,263,209644,50901.4,0.752,0.0,0.2795,1.0,2.7999124148088175,1.3609141892163803,0.0,0.1295972996254949,0.8704027003745051,Prokaryote,OrganismalFitness,masked-protein-language-model,sequence,known-development-benchmark,available,,histgb,4,0.3588749190882458,0.3588749190882458,0.11032314326529913,-0.09734394589328488,False,,False,-0.2908245267398825,-0.2908245267398825,True,0.4053959239012207
variantshift-development-v1,proteingym-v1.3,proteingym-substitutions-v1.3,BLAT_ECOLX_Stiffler_2015,BLAT_ECOLX_Stiffler_2015,BLAT_ECOLX,BLAT_ECOLX,cssf_1ca89f8f1279,esm2_650m,0.8160607296964733,286,0.9195804195804196,263,209644,50901.4,0.752,0.0,0.2795,1.0,4.009975914677313,1.5902062520117903,0.0,0.1507715901898549,0.849228409810145,Prokaryote,OrganismalFitness,masked-protein-language-model,sequence,known-development-benchmark,available,,histgb,4,0.5670669478825187,0.5670669478825187,0.22452137574433226,-0.36139542342474895,False,,False,-0.2489937818139546,-0.2489937818139546,True,0.5493730259141472
variantshift-development-v1,proteingym-v1.3,proteingym-substitutions-v1.3,BLAT_ECOLX_Stiffler_2015,BLAT_ECOLX_Stiffler_2015,BLAT_ECOLX,BLAT_ECOLX,cssf_1ca89f8f1279,esm2_8m,0.4749421929674169,286,0.9195804195804196,263,209644,50901.4,0.752,0.0,0.2795,1.0,2.3408694003964268,1.221926272498928,0.0,0.2318028294341512,0.7681971705658488,Prokaryote,OrganismalFitness,masked-protein-language-model,sequence,known-development-benchmark,available,,histgb,4,0.11927135932677323,0.11927135932677323,0.08992235771283472,-0.2525842165568805,False,,False,-0.35567083364064367,-0.35567083364064367,True,0.2586292656875379
variantshift-development-v1,proteingym-v1.3,proteingym-substitutions-v1.3,BLAT_ECOLX_Stiffler_2015,BLAT_ECOLX_Stiffler_2015,BLAT_ECOLX,BLAT_ECOLX,cssf_1ca89f8f1279,vespag,0.9947649027874556,286,0.9195804195804196,263,209644,50901.4,0.752,0.0,0.2795,1.0,0.0923160547645186,2.5571022612692875,0.0,0.1486867010941344,0.8513132989058656,Prokaryote,OrganismalFitness,distilled-evolutionary-variant-effect-model,sequence,known-development-benchmark,available,,histgb,4,0.6655173181428167,0.6655173181428167,0.22890023238782603,-0.2810529220003448,True,1.4579462795207434,False,-0.3292475846446389,-0.3292475846446389,True,0.5195896261965153
variantshift-development-v1,proteingym-v1.3,proteingym-substitutions-v1.3,BRCA1_HUMAN_Findlay_2018,BRCA1_HUMAN_Findlay_2018,BRCA1_HUMAN,BRCA1_HUMAN,cssf_234425dd63e3,carp_640m,0.5929562006692969,1863,0.1749865807836822,326,1008,100.2,0.769,0.0,0.1127,1.0,3.440064414214538,1.8223009181105283,0.0,0.197627424271416,0.802372575728584,Human,OrganismalFitness,convolutional-protein-language-model,sequence,known-development-benchmark,available,,histgb,2,0.3982312908244738,0.3982312908244738,0.3640623796782252,-0.553236424486395,False,,False,-0.1947249098448231,-0.1947249098448231,True,0.5683891176479999
variantshift-development-v1,proteingym-v1.3,proteingym-substitutions-v1.3,BRCA1_HUMAN_Findlay_2018,BRCA1_HUMAN_Findlay_2018,BRCA1_HUMAN,BRCA1_HUMAN,cssf_234425dd63e3,esm2_150m,0.4152312895774246,1863,0.1749865807836822,326,1008,100.2,0.769,0.0,0.1127,1.0,2.867715793695402,0.9178980603686232,0.0,0.1601836603463637,0.8398163396536362,Human,OrganismalFitness,masked-protein-language-model,sequence,known-development-benchmark,available,,histgb,2,0.14636501754250483,0.14636501754250483,0.25067979755157527,-0.5087802201000049,False,,False,-0.26886627203491975,-0.26886627203491975,True,0.33135997542170925
variantshift-development-v1,proteingym-v1.3,proteingym-substitutions-v1.3,BRCA1_HUMAN_Findlay_2018,BRCA1_HUMAN_Findlay_2018,BRCA1_HUMAN,BRCA1_HUMAN,cssf_234425dd63e3,esm2_35m,0.2978447747213537,1863,0.1749865807836822,326,1008,100.2,0.769,0.0,0.1127,1.0,2.408619329615583,0.9062273397865366,0.0,0.1993477147776179,0.8006522852223821,Human,OrganismalFitness,masked-protein-language-model,sequence,known-development-benchmark,available,,histgb,2,0.09977762911205165,0.09977762911205165,0.2505848507017871,-0.5551194673676063,False,,False,-0.19806714560930203,-0.19806714560930203,True,0.26923281760657525
variantshift-development-v1,proteingym-v1.3,proteingym-substitutions-v1.3,BRCA1_HUMAN_Findlay_2018,BRCA1_HUMAN_Findlay_2018,BRCA1_HUMAN,BRCA1_HUMAN,cssf_234425dd63e3,esm2_650m,0.5285509362118892,1863,0.1749865807836822,326,1008,100.2,0.769,0.0,0.1127,1.0,3.859631532715609,1.354499191664526,0.0,0.1832015058019364,0.8167984941980636,Human,OrganismalFitness,masked-protein-language-model,sequence,known-development-benchmark,available,,histgb,2,0.3606786387526214,0.3606786387526214,0.3246587135436894,-0.4878086031980624,False,,False,-0.1678722974592678,-0.1678722974592678,True,0.46867316294621003
variantshift-development-v1,proteingym-v1.3,proteingym-substitutions-v1.3,BRCA1_HUMAN_Findlay_2018,BRCA1_HUMAN_Findlay_2018,BRCA1_HUMAN,BRCA1_HUMAN,cssf_234425dd63e3,esm2_8m,0.0541123946874024,1863,0.1749865807836822,326,1008,100.2,0.769,0.0,0.1127,1.0,1.8043276866694689,0.8102784938571118,0.0,0.2697721900673291,0.7302278099326709,Human,OrganismalFitness,masked-protein-language-model,sequence,known-development-benchmark,available,,histgb,2,-0.07404476843792963,-0.07404476843792963,0.2914247679844131,-0.8356759439090213,False,,False,-0.12815716312533204,-0.12815716312533204,True,0.1585440094863772
variantshift-development-v1,proteingym-v1.3,proteingym-substitutions-v1.3,BRCA1_HUMAN_Findlay_2018,BRCA1_HUMAN_Findlay_2018,BRCA1_HUMAN,BRCA1_HUMAN,cssf_234425dd63e3,vespag,0.5480791640018494,1863,0.1749865807836822,326,1008,100.2,0.769,0.0,0.1127,1.0,0.065343779518909,2.537247141948094,0.0,0.1647969791714042,0.8352030208285958,Human,OrganismalFitness,distilled-evolutionary-variant-effect-model,sequence,known-development-benchmark,available,,histgb,2,0.4101345939846009,0.4101345939846009,0.34115129316550963,-0.48145558287033013,True,-1.4546849317993629,False,-0.13794457001724852,-0.13794457001724852,True,0.5187325495692239
variantshift-development-v1,proteingym-v1.3,proteingym-substitutions-v1.3,C6KNH7_9INFA_Lee_2018,C6KNH7_9INFA_Lee_2018,C6KNH7_9INFA,C6KNH7_9INFA,cssf_97ae43962602,carp_640m,0.3529133048557877,566,1.0,566,57453,9056.9,0.977,0.0,0.2778,1.0,2.994930380543571,0.9775803445425528,0.0,0.2826378933393432,0.7173621066606568,Virus,OrganismalFitness,convolutional-protein-language-model,sequence,known-development-benchmark,available,,histgb,2,0.4040226558345254,0.4040226558345254,0.048190446558859915,0.27807815663168345,False,,False,0.0511093509787377,0.0511093509787377,True,0.23966936712440398
variantshift-development-v1,proteingym-v1.3,proteingym-substitutions-v1.3,C6KNH7_9INFA_Lee_2018,C6KNH7_9INFA_Lee_2018,C6KNH7_9INFA,C6KNH7_9INFA,cssf_97ae43962602,esm2_150m,-0.0800001631728798,566,1.0,566,57453,9056.9,0.977,0.0,0.2778,1.0,1.5360567834448386,1.0511811737531145,0.0,0.3636667082632954,0.6363332917367046,Virus,OrganismalFitness,masked-protein-language-model,sequence,known-development-benchmark,available,,histgb,2,0.06409569852474413,0.06409569852474413,0.1046171347401508,-0.2093185066495406,False,,False,0.14409586169762395,0.14409586169762395,True,0.0452745307773349
variantshift-development-v1,proteingym-v1.3,proteingym-substitutions-v1.3,C6KNH7_9INFA_Lee_2018,C6KNH7_9INFA_Lee_2018,C6KNH7_9INFA,C6KNH7_9INFA,cssf_97ae43962602,esm2_35m,-0.1130278341119772,566,1.0,566,57453,9056.9,0.977,0.0,0.2778,1.0,1.3109113366783378,1.2007332725204507,0.0,0.3724160156537519,0.6275839843462481,Virus,OrganismalFitness,masked-protein-language-model,sequence,known-development-benchmark,available,,histgb,2,0.01896989430798527,0.01896989430798527,0.10700664024011436,-0.26068922235861713,False,,False,0.13199772841996246,0.13199772841996246,True,0.052160627683872085
variantshift-development-v1,proteingym-v1.3,proteingym-substitutions-v1.3,C6KNH7_9INFA_Lee_2018,C6KNH7_9INFA_Lee_2018,C6KNH7_9INFA,C6KNH7_9INFA,cssf_97ae43962602,esm2_650m,0.7584494751538366,566,1.0,566,57453,9056.9,0.977,0.0,0.2778,1.0,3.8967838659828664,1.7958607818398964,0.0,0.2875655495625933,0.7124344504374067,Virus,OrganismalFitness,masked-protein-language-model,sequence,known-development-benchmark,available,,histgb,2,0.3166285386099335,0.3166285386099335,0.04091224542064048,0.20970543188020352,False,,False,-0.44182093654390314,-0.44182093654390314,True,0.40802105153523877
variantshift-development-v1,proteingym-v1.3,proteingym-substitutions-v1.3,C6KNH7_9INFA_Lee_2018,C6KNH7_9INFA_Lee_2018,C6KNH7_9INFA,C6KNH7_9INFA,cssf_97ae43962602,esm2_8m,-0.1276248390097384,566,1.0,566,57453,9056.9,0.977,0.0,0.2778,1.0,1.2029582148396791,1.2648381820864991,0.0,0.3719383060129536,0.6280616939870464,Virus,OrganismalFitness,masked-protein-language-model,sequence,known-development-benchmark,available,,histgb,2,0.011853659171168427,0.011853659171168427,0.10514856149816368,-0.26294941623944357,False,,False,0.13947849818090682,0.13947849818090682,True,0.057306709496797614
variantshift-development-v1,proteingym-v1.3,proteingym-substitutions-v1.3,C6KNH7_9INFA_Lee_2018,C6KNH7_9INFA_Lee_2018,C6KNH7_9INFA,C6KNH7_9INFA,cssf_97ae43962602,vespag,0.839684533488462,566,1.0,566,57453,9056.9,0.977,0.0,0.2778,1.0,0.0751770177980557,2.765442501164975,0.0,0.2661830316697665,0.7338169683302335,Virus,OrganismalFitness,distilled-evolutionary-variant-effect-model,sequence,known-development-benchmark,available,,histgb,2,0.5117777002791868,0.5117777002791868,0.05173897710297431,0.37655920728301884,True,0.44251946131291225,True,-0.32790683320927516,-0.32790683320927516,True,0.41716839986745735
variantshift-development-v1,proteingym-v1.3,proteingym-substitutions-v1.3,CALM1_HUMAN_Weile_2017,CALM1_HUMAN_Weile_2017,CALM1_HUMAN,CALM1_HUMAN,cssf_16d6e5408850,carp_640m,0.4493013885168005,149,0.9932885906040269,148,177633,28424.0,0.893,0.0,0.3311,1.0,2.8072494358082856,1.628071468931088,0.0,0.2445594504418493,0.7554405495581507,Human,OrganismalFitness,convolutional-protein-language-model,sequence,known-development-benchmark,available,,histgb,0,0.49990351317706,0.49990351317706,0.1282889444097038,0.18921743154206855,False,,False,0.050602124660259484,0.050602124660259484,True,0.4606510132307861
variantshift-development-v1,proteingym-v1.3,proteingym-substitutions-v1.3,CALM1_HUMAN_Weile_2017,CALM1_HUMAN_Weile_2017,CALM1_HUMAN,CALM1_HUMAN,cssf_16d6e5408850,esm2_150m,0.2594361748603432,149,0.9932885906040269,148,177633,28424.0,0.893,0.0,0.3311,1.0,3.727326419321352,1.4720907339354414,0.0,0.1148903909391158,0.8851096090608842,Human,OrganismalFitness,masked-protein-language-model,sequence,known-development-benchmark,available,,histgb,0,0.47479251589401705,0.47479251589401705,0.13752889241395638,0.14172942232583552,False,,False,0.21535634103367385,0.21535634103367385,True,0.5283913725992144
variantshift-development-v1,proteingym-v1.3,proteingym-substitutions-v1.3,CALM1_HUMAN_Weile_2017,CALM1_HUMAN_Weile_2017,CALM1_HUMAN,CALM1_HUMAN,cssf_16d6e5408850,esm2_35m,0.2812904805163329,149,0.9932885906040269,148,177633,28424.0,0.893,0.0,0.3311,1.0,3.514637836178948,1.3263218521379692,0.0,0.1208341718521452,0.8791658281478547,Human,OrganismalFitness,masked-protein-language-model,sequence,known-development-benchmark,available,,histgb,0,0.4360547363285212,0.4360547363285212,0.15967241026766918,0.0493651761365787,False,,False,0.15476425581218833,0.15476425581218833,True,0.4673396340441401
variantshift-development-v1,proteingym-v1.3,proteingym-substitutions-v1.3,CALM1_HUMAN_Weile_2017,CALM1_HUMAN_Weile_2017,CALM1_HUMAN,CALM1_HUMAN,cssf_16d6e5408850,esm2_650m,0.209312472846587,149,0.9932885906040269,148,177633,28424.0,0.893,0.0,0.3311,1.0,3.8272639651171807,1.4157116353483048,0.0,0.1218923663927257,0.8781076336072743,Human,OrganismalFitness,masked-protein-language-model,sequence,known-development-benchmark,available,,histgb,0,0.46653627877286624,0.46653627877286624,0.13582365230273497,0.1376028814216108,False,,False,0.25722380592627925,0.25722380592627925,True,0.521356051697038
variantshift-development-v1,proteingym-v1.3,proteingym-substitutions-v1.3,CALM1_HUMAN_Weile_2017,CALM1_HUMAN_Weile_2017,CALM1_HUMAN,CALM1_HUMAN,cssf_16d6e5408850,esm2_8m,0.2934064815094747,149,0.9932885906040269,148,177633,28424.0,0.893,0.0,0.3311,1.0,2.796351773665968,1.3359965644768472,0.0,0.1572301065058392,0.8427698934941608,Human,OrganismalFitness,masked-protein-language-model,sequence,known-development-benchmark,available,,histgb,0,0.4383503983406779,0.4383503983406779,0.12308015036120472,0.14027880831615314,False,,False,0.14494391683120322,0.14494391683120322,True,0.37890978682093246
variantshift-development-v1,proteingym-v1.3,proteingym-substitutions-v1.3,CALM1_HUMAN_Weile_2017,CALM1_HUMAN_Weile_2017,CALM1_HUMAN,CALM1_HUMAN,cssf_16d6e5408850,vespag,0.4321322173539256,149,0.9932885906040269,148,177633,28424.0,0.893,0.0,0.3311,1.0,0.0885636896972863,2.486467070402472,0.0,0.1175274873093479,0.8824725126906521,Human,OrganismalFitness,distilled-evolutionary-variant-effect-model,sequence,known-development-benchmark,available,,histgb,0,0.587258971640375,0.587258971640375,0.14046514674236313,0.24708495081206183,True,0.70389686046504,True,0.1551267542864494,0.1551267542864494,True,0.5241692602204528
variantshift-development-v1,proteingym-v1.3,proteingym-substitutions-v1.3,CAPSD_AAV2S_Sinai_2021,CAPSD_AAV2S_Sinai_2021,CAPSD_AAV2S,CAPSD_AAV2S,cssf_c257cf3223e7,carp_640m,0.952068387929748,735,0.0380952380952381,28,604,193.6,0.782,0.0,0.2228,1.0,0.4419882771487178,1.4790497614230596,0.0,0.103368954143006,0.8966310458569939,Virus,OrganismalFitness,convolutional-protein-language-model,sequence,known-development-benchmark,available,,histgb,0,0.2413451520688138,0.2413451520688138,0.15389633441195544,-0.1313560914907374,False,,False,-0.7107232358609342,-0.7107232358609342,True,0.25471013960055666
variantshift-development-v1,proteingym-v1.3,proteingym-substitutions-v1.3,CAPSD_AAV2S_Sinai_2021,CAPSD_AAV2S_Sinai_2021,CAPSD_AAV2S,CAPSD_AAV2S,cssf_c257cf3223e7,esm2_150m,0.4813375629197395,735,0.0380952380952381,28,604,193.6,0.782,0.0,0.2228,1.0,1.918162893269598,1.033261058904691,0.0,0.069298352970152,0.930701647029848,Virus,OrganismalFitness,masked-protein-language-model,sequence,known-development-benchmark,available,,histgb,0,0.3663280922944075,0.3663280922944075,0.12759637353411532,0.057319256758689596,False,,False,-0.11500947062533201,-0.11500947062533201,True,0.26299325052973144
variantshift-development-v1,proteingym-v1.3,proteingym-substitutions-v1.3,CAPSD_AAV2S_Sinai_2021,CAPSD_AAV2S_Sinai_2021,CAPSD_AAV2S,CAPSD_AAV2S,cssf_c257cf3223e7,esm2_35m,0.5549621847442153,735,0.0380952380952381,28,604,193.6,0.782,0.0,0.2228,1.0,2.0792078790298296,1.0019701440708624,0.0,0.086019255102109,0.9139807448978908,Virus,OrganismalFitness,masked-protein-language-model,sequence,known-development-benchmark,available,,histgb,0,0.38820631539888395,0.38820631539888395,0.11049756341238058,0.12060683389430477,False,,False,-0.16675586934533138,-0.16675586934533138,True,0.2640040197319199
variantshift-development-v1,proteingym-v1.3,proteingym-substitutions-v1.3,CAPSD_AAV2S_Sinai_2021,CAPSD_AAV2S_Sinai_2021,CAPSD_AAV2S,CAPSD_AAV2S,cssf_c257cf3223e7,esm2_650m,0.571776352132433,735,0.0380952380952381,28,604,193.6,0.782,0.0,0.2228,1.0,3.4365557731182665,0.8440552228058119,0.0,0.103368954143006,0.8966310458569939,Virus,OrganismalFitness,masked-protein-language-model,sequence,known-development-benchmark,available,,histgb,0,0.44546993115592326,0.44546993115592326,0.19225340585004438,-0.020123246957513774,False,,False,-0.1263064209765098,-0.1263064209765098,True,0.3562844331992953
variantshift-development-v1,proteingym-v1.3,proteingym-substitutions-v1.3,CAPSD_AAV2S_Sinai_2021,CAPSD_AAV2S_Sinai_2021,CAPSD_AAV2S,CAPSD_AAV2S,cssf_c257cf3223e7,esm2_8m,0.3045473876692777,735,0.0380952380952381,28,604,193.6,0.782,0.0,0.2228,1.0,2.1318109985739153,0.9656858344220948,0.0,0.0722053564682483,0.9277946435317516,Virus,OrganismalFitness,masked-protein-language-model,sequence,known-development-benchmark,available,,histgb,0,0.39667570196246776,0.39667570196246776,0.123741918430708,0.09700146309387336,False,,False,0.09212831429319007,0.09212831429319007,True,0.2667707212164969
variantshift-development-v1,proteingym-v1.3,proteingym-substitutions-v1.3,CAPSD_AAV2S_Sinai_2021,CAPSD_AAV2S_Sinai_2021,CAPSD_AAV2S,CAPSD_AAV2S,cssf_c257cf3223e7,vespag,0.3848015279441145,735,0.0380952380952381,28,604,193.6,0.782,0.0,0.2228,1.0,0.0310081741518259,2.7888909676574,0.0,0.2796999595455276,0.7203000404544724,Virus,OrganismalFitness,distilled-evolutionary-variant-effect-model,sequence,known-development-benchmark,available,,histgb,0,0.6169747708494615,0.6169747708494615,0.10755639511607858,0.35649811709603196,True,-0.9318258199191233,True,0.23217324290534702,0.23217324290534702,True,0.5277911583392918
variantshift-development-v1,proteingym-v1.3,proteingym-substitutions-v1.3,CAR11_HUMAN_Meitlis_2020_gof,CAR11_HUMAN_Meitlis_2020_gof,CAR11_HUMAN,CAR11_HUMAN,cssf_0fc8efec29c6,carp_640m,0.255824435488027,1154,0.1221837088388214,141,1352,42.1,0.998,0.0,0.2352,1.0,4.026418164154746,1.6995704163134515,0.0,0.1926243829747184,0.8073756170252816,Human,OrganismalFitness,convolutional-protein-language-model,sequence,known-development-benchmark,available,,histgb,2,0.48522196201847445,0.48522196201847445,0.3411116543050049,-0.40626461968862704,True,-1.929946152795514,False,0.22939752653044743,0.22939752653044743,True,0.5013868344089204
variantshift-development-v1,proteingym-v1.3,proteingym-substitutions-v1.3,CAR11_HUMAN_Meitlis_2020_gof,CAR11_HUMAN_Meitlis_2020_gof,CAR11_HUMAN,CAR11_HUMAN,cssf_0fc8efec29c6,esm2_150m,0.2968953498875313,1154,0.1221837088388214,141,1352,42.1,0.998,0.0,0.2352,1.0,2.764036502651018,1.0007603785713308,0.0,0.1755920971210784,0.8244079028789215,Human,OrganismalFitness,masked-protein-language-model,sequence,known-development-benchmark,available,,histgb,2,0.3137917359135277,0.3137917359135277,0.21222271655422598,-0.24084690440790357,False,,False,0.016896386025996413,0.016896386025996413,True,0.24125363735041316
variantshift-development-v1,proteingym-v1.3,proteingym-substitutions-v1.3,CAR11_HUMAN_Meitlis_2020_gof,CAR11_HUMAN_Meitlis_2020_gof,CAR11_HUMAN,CAR11_HUMAN,cssf_0fc8efec29c6,esm2_35m,0.0241221700625527,1154,0.1221837088388214,141,1352,42.1,0.998,0.0,0.2352,1.0,1.2172085376944812,1.4987731109809577,0.0,0.305344186995123,0.694655813004877,Human,OrganismalFitness,masked-protein-language-model,sequence,known-development-benchmark,available,,histgb,2,-0.04388089791822189,-0.04388089791822189,0.18027206795037504,-0.5150173355218789,False,,False,-0.06800306798077459,-0.06800306798077459,True,0.1371169291002951
variantshift-development-v1,proteingym-v1.3,proteingym-substitutions-v1.3,CAR11_HUMAN_Meitlis_2020_gof,CAR11_HUMAN_Meitlis_2020_gof,CAR11_HUMAN,CAR11_HUMAN,cssf_0fc8efec29c6,esm2_650m,0.2138806087965325,1154,0.1221837088388214,141,1352,42.1,0.998,0.0,0.2352,1.0,4.003822959673985,1.3623289750545118,0.0,0.1763403647605379,0.8236596352394621,Human,OrganismalFitness,masked-protein-language-model,sequence,known-development-benchmark,available,,histgb,2,0.4343748932654999,0.4343748932654999,0.31185320866497274,-0.3806454892938798,False,,False,0.22049428446896738,0.22049428446896738,True,0.3972210776577505
variantshift-development-v1,proteingym-v1.3,proteingym-substitutions-v1.3,CAR11_HUMAN_Meitlis_2020_gof,CAR11_HUMAN_Meitlis_2020_gof,CAR11_HUMAN,CAR11_HUMAN,cssf_0fc8efec29c6,esm2_8m,0.1097087764041616,1154,0.1221837088388214,141,1352,42.1,0.998,0.0,0.2352,1.0,1.0897928876100922,1.471764337704618,0.0,0.3358405889713076,0.6641594110286924,Human,OrganismalFitness,masked-protein-language-model,sequence,known-development-benchmark,available,,histgb,2,-0.04134168331548346,-0.04134168331548346,0.16418070990549483,-0.4704237683415867,False,,False,-0.15105045971964506,-0.15105045971964506,True,0.10138547014940469
variantshift-development-v1,proteingym-v1.3,proteingym-substitutions-v1.3,CAR11_HUMAN_Meitlis_2020_gof,CAR11_HUMAN_Meitlis_2020_gof,CAR11_HUMAN,CAR11_HUMAN,cssf_0fc8efec29c6,vespag,0.2447541336701031,1154,0.1221837088388214,141,1352,42.1,0.998,0.0,0.2352,1.0,0.0754745424736898,2.79106994176895,0.0,0.1699042683163014,0.8300957316836985,Human,OrganismalFitness,distilled-evolutionary-variant-effect-model,sequence,known-development-benchmark,available,,histgb,2,0.2979419937493605,0.2979419937493605,0.273476172057901,-0.416780985455118,False,,False,0.05318786007925738,0.05318786007925738,True,0.4768595875038053
variantshift-development-v1,proteingym-v1.3,proteingym-substitutions-v1.3,CAR11_HUMAN_Meitlis_2020_lof,CAR11_HUMAN_Meitlis_2020_lof,CAR11_HUMAN,CAR11_HUMAN,cssf_0fc8efec29c6,carp_640m,0.6754860741973131,1154,0.1221837088388214,141,1352,42.1,0.998,0.0,0.2352,1.0,4.027582903313294,1.7062852772983228,0.0,0.1929211960128503,0.8070788039871497,Human,OrganismalFitness,convolutional-protein-language-model,sequence,known-development-benchmark,available,,histgb,2,0.48522196201847445,0.48522196201847445,0.3411116543050049,-0.40626461968862704,True,-1.929946152795514,False,-0.19026411217883865,-0.19026411217883865,True,0.5025530552368623
variantshift-development-v1,proteingym-v1.3,proteingym-substitutions-v1.3,CAR11_HUMAN_Meitlis_2020_lof,CAR11_HUMAN_Meitlis_2020_lof,CAR11_HUMAN,CAR11_HUMAN,cssf_0fc8efec29c6,esm2_150m,0.4068113878854703,1154,0.1221837088388214,141,1352,42.1,0.998,0.0,0.2352,1.0,2.756133924115252,1.000667343347872,0.0,0.1758949729326959,0.824105027067304,Human,OrganismalFitness,masked-protein-language-model,sequence,known-development-benchmark,available,,histgb,2,0.3137917359135277,0.3137917359135277,0.21222271655422598,-0.24084690440790357,False,,False,-0.09301965197194256,-0.09301965197194256,True,0.24046805021404893
variantshift-development-v1,proteingym-v1.3,proteingym-substitutions-v1.3,CAR11_HUMAN_Meitlis_2020_lof,CAR11_HUMAN_Meitlis_2020_lof,CAR11_HUMAN,CAR11_HUMAN,cssf_0fc8efec29c6,esm2_35m,0.1437144903357883,1154,0.1221837088388214,141,1352,42.1,0.998,0.0,0.2352,1.0,1.2177346566476706,1.4917357076940052,0.0,0.3051071735544434,0.6948928264455566,Human,OrganismalFitness,masked-protein-language-model,sequence,known-development-benchmark,available,,histgb,2,-0.04388089791822189,-0.04388089791822189,0.18027206795037504,-0.5150173355218789,False,,False,-0.18759538825401018,-0.18759538825401018,True,0.13596447588075333
variantshift-development-v1,proteingym-v1.3,proteingym-substitutions-v1.3,CAR11_HUMAN_Meitlis_2020_lof,CAR11_HUMAN_Meitlis_2020_lof,CAR11_HUMAN,CAR11_HUMAN,cssf_0fc8efec29c6,esm2_650m,0.4942115177900636,1154,0.1221837088388214,141,1352,42.1,0.998,0.0,0.2352,1.0,4.002367509551513,1.3654899937520129,0.0,0.1768935065100532,0.8231064934899468,Human,OrganismalFitness,masked-protein-language-model,sequence,known-development-benchmark,available,,histgb,2,0.4343748932654999,0.4343748932654999,0.31185320866497274,-0.3806454892938798,False,,False,-0.05983662452456373,-0.05983662452456373,True,0.3973369527144556
variantshift-development-v1,proteingym-v1.3,proteingym-substitutions-v1.3,CAR11_HUMAN_Meitlis_2020_lof,CAR11_HUMAN_Meitlis_2020_lof,CAR11_HUMAN,CAR11_HUMAN,cssf_0fc8efec29c6,esm2_8m,0.2385712164791801,1154,0.1221837088388214,141,1352,42.1,0.998,0.0,0.2352,1.0,1.0899488409630094,1.4656510189427348,0.0,0.3370335672100025,0.6629664327899975,Human,OrganismalFitness,masked-protein-language-model,sequence,known-development-benchmark,available,,histgb,2,-0.04966594776839607,-0.04966594776839607,0.15562018583859122,-0.4563753221535386,False,,False,-0.28823716424757617,-0.28823716424757617,True,0.09937223527603956
variantshift-development-v1,proteingym-v1.3,proteingym-substitutions-v1.3,CAR11_HUMAN_Meitlis_2020_lof,CAR11_HUMAN_Meitlis_2020_lof,CAR11_HUMAN,CAR11_HUMAN,cssf_0fc8efec29c6,vespag,0.6709586346397929,1154,0.1221837088388214,141,1352,42.1,0.998,0.0,0.2352,1.0,0.0752654395925834,2.7910017860948124,0.0,0.1705318359837053,0.8294681640162946,Human,OrganismalFitness,distilled-evolutionary-variant-effect-model,sequence,known-development-benchmark,available,,histgb,2,0.2979419937493605,0.2979419937493605,0.273476172057901,-0.416780985455118,False,,False,-0.3730166408904324,-0.3730166408904324,True,0.47638720419273434
variantshift-development-v1,proteingym-v1.3,proteingym-substitutions-v1.3,CAS9_STRP1_Spencer_2017_positive,CAS9_STRP1_Spencer_2017_positive,CAS9_STRP1,CAS9_STRP1,cssf_2fb7a12de8e4,carp_640m,0.1035019859541477,1368,1.0,1368,5349,1559.5,0.992,0.0,0.1975,1.0,3.00756560343082,1.0405288693168102,0.0,0.2496694314564138,0.7503305685435862,Prokaryote,Activity,convolutional-protein-language-model,sequence,known-development-benchmark,available,,histgb,2,0.3960469814543848,0.3960469814543848,0.06519774219286877,0.22565435021766123,False,,False,0.29254499550023716,0.29254499550023716,False,0.27690445625379667
variantshift-development-v1,proteingym-v1.3,proteingym-substitutions-v1.3,CAS9_STRP1_Spencer_2017_positive,CAS9_STRP1_Spencer_2017_positive,CAS9_STRP1,CAS9_STRP1,cssf_2fb7a12de8e4,esm2_150m,0.1148333658104571,1368,1.0,1368,5349,1559.5,0.992,0.0,0.1975,1.0,2.453215993591926,0.9136365781949776,0.0,0.2102785061442451,0.7897214938557549,Prokaryote,Activity,masked-protein-language-model,sequence,known-development-benchmark,available,,histgb,2,0.24607842883545647,0.24607842883545647,0.06689957877326005,0.07123809123476163,False,,False,0.1312450630249994,0.1312450630249994,True,0.1924601404145122
variantshift-development-v1,proteingym-v1.3,proteingym-substitutions-v1.3,CAS9_STRP1_Spencer_2017_positive,CAS9_STRP1_Spencer_2017_positive,CAS9_STRP1,CAS9_STRP1,cssf_2fb7a12de8e4,esm2_35m,0.0076483882064967,1368,1.0,1368,5349,1559.5,0.992,0.0,0.1975,1.0,1.595028777638109,1.0918597108778267,0.0,0.2496694314564138,0.7503305685435862,Prokaryote,Activity,masked-protein-language-model,sequence,known-development-benchmark,available,,histgb,2,0.16567264646402352,0.16567264646402352,0.054689793716884275,0.022742269739523785,False,,False,0.15802425825752683,0.15802425825752683,False,0.1388631660043151
variantshift-development-v1,proteingym-v1.3,proteingym-substitutions-v1.3,CAS9_STRP1_Spencer_2017_positive,CAS9_STRP1_Spencer_2017_positive,CAS9_STRP1,CAS9_STRP1,cssf_2fb7a12de8e4,esm2_650m,0.1297139165379282,1368,1.0,1368,5349,1559.5,0.992,0.0,0.1975,1.0,3.3960237727673097,1.0979412137320386,0.0,0.2831383961389062,0.7168616038610938,Prokaryote,Activity,masked-protein-language-model,sequence,known-development-benchmark,available,,histgb,2,0.38972683539820724,0.38972683539820724,0.04681029325364981,0.26738933154942424,False,,False,0.26001291886027905,0.26001291886027905,False,0.24236921722061816
variantshift-development-v1,proteingym-v1.3,proteingym-substitutions-v1.3,CAS9_STRP1_Spencer_2017_positive,CAS9_STRP1_Spencer_2017_positive,CAS9_STRP1,CAS9_STRP1,cssf_2fb7a12de8e4,esm2_8m,-0.0005803045725101,1368,1.0,1368,5349,1559.5,0.992,0.0,0.1975,1.0,1.1756940007993009,1.339339407845742,0.0,0.3002424582579537,0.6997575417420463,Prokaryote,Activity,masked-protein-language-model,sequence,known-development-benchmark,available,,histgb,2,0.12340528537666322,0.12340528537666322,0.0433393661999628,0.01013896058434069,False,,False,0.12398558994917332,0.12398558994917332,False,0.12141407671674004
variantshift-development-v1,proteingym-v1.3,proteingym-substitutions-v1.3,CAS9_STRP1_Spencer_2017_positive,CAS9_STRP1_Spencer_2017_positive,CAS9_STRP1,CAS9_STRP1,cssf_2fb7a12de8e4,vespag,0.2037307864631725,1368,1.0,1368,5349,1559.5,0.992,0.0,0.1975,1.0,0.1499629972060802,2.1778818141562786,0.0,0.3417192584962585,0.6582807415037415,Prokaryote,Activity,distilled-evolutionary-variant-effect-model,sequence,known-development-benchmark,available,,histgb,2,0.44604249514897737,0.44604249514897737,0.07232091171231254,0.2570336426085656,True,-0.16485917380296522,True,0.24231170868580487,0.24231170868580487,False,0.2564292209069125
variantshift-development-v1,proteingym-v1.3,proteingym-substitutions-v1.3,CASP3_HUMAN_Roychowdhury_2020,CASP3_HUMAN_Roychowdhury_2020,CASP3_HUMAN,CASP3_HUMAN,cssf_99e3b36fb3c0,carp_640m,0.6409793493237597,258,0.996124031007752,257,86012,28780.9,0.884,0.0,0.4023,1.0,3.527864897807929,1.7468981792684863,0.0,0.0836455922105802,0.9163544077894198,Human,Activity,convolutional-protein-language-model,sequence,known-development-benchmark,available,,histgb,2,0.6200458488967955,0.6200458488967955,0.1770780250987825,0.15725696057108307,False,,False,-0.02093350042696418,-0.02093350042696418,True,0.6252786474550117
variantshift-development-v1,proteingym-v1.3,proteingym-substitutions-v1.3,CASP3_HUMAN_Roychowdhury_2020,CASP3_HUMAN_Roychowdhury_2020,CASP3_HUMAN,CASP3_HUMAN,cssf_99e3b36fb3c0,esm2_150m,0.7132208576804496,258,0.996124031007752,257,86012,28780.9,0.884,0.0,0.4023,1.0,3.56936572880883,1.360008059959284,0.0,0.0748809586807384,0.9251190413192616,Human,Activity,masked-protein-language-model,sequence,known-development-benchmark,available,,histgb,2,0.5821637035320518,0.5821637035320518,0.15470559252666138,0.1778445953691693,False,,False,-0.1310571541483978,-0.1310571541483978,True,0.5106966327250975
variantshift-development-v1,proteingym-v1.3,proteingym-substitutions-v1.3,CASP3_HUMAN_Roychowdhury_2020,CASP3_HUMAN_Roychowdhury_2020,CASP3_HUMAN,CASP3_HUMAN,cssf_99e3b36fb3c0,esm2_35m,0.5993635227433283,258,0.996124031007752,257,86012,28780.9,0.884,0.0,0.4023,1.0,3.008453270111231,1.1890582690533231,0.0,0.0943931223950385,0.9056068776049616,Human,Activity,masked-protein-language-model,sequence,known-development-benchmark,available,,histgb,2,0.43277259920835137,0.43277259920835137,0.13149824973187613,0.08910528771533271,False,,False,-0.1665909235349769,-0.1665909235349769,True,0.42464876921918326
variantshift-development-v1,proteingym-v1.3,proteingym-substitutions-v1.3,CASP3_HUMAN_Roychowdhury_2020,CASP3_HUMAN_Roychowdhury_2020,CASP3_HUMAN,CASP3_HUMAN,cssf_99e3b36fb3c0,esm2_650m,0.644054616244123,258,0.996124031007752,257,86012,28780.9,0.884,0.0,0.4023,1.0,3.729739768369074,1.6803358308804988,0.0,0.0995595535744537,0.9004404464255462,Human,Activity,masked-protein-language-model,sequence,known-development-benchmark,available,,histgb,2,0.5698946509684117,0.5698946509684117,0.1975481865797155,0.0536075193099983,False,,False,-0.07415996527571123,-0.07415996527571123,True,0.5662131917106743
variantshift-development-v1,proteingym-v1.3,proteingym-substitutions-v1.3,CASP3_HUMAN_Roychowdhury_2020,CASP3_HUMAN_Roychowdhury_2020,CASP3_HUMAN,CASP3_HUMAN,cssf_99e3b36fb3c0,esm2_8m,0.1363396072073994,258,0.996124031007752,257,86012,28780.9,0.884,0.0,0.4023,1.0,1.9257993358400651,0.9202498603380054,0.0,0.2501849486209406,0.7498150513790593,Human,Activity,masked-protein-language-model,sequence,known-development-benchmark,available,,histgb,2,0.024889978396553082,0.024889978396553082,0.1584918035189994,-0.38932429533039775,False,,False,-0.11144962881084633,-0.11144962881084633,True,0.18666555746195834
variantshift-development-v1,proteingym-v1.3,proteingym-substitutions-v1.3,CASP3_HUMAN_Roychowdhury_2020,CASP3_HUMAN_Roychowdhury_2020,CASP3_HUMAN,CASP3_HUMAN,cssf_99e3b36fb3c0,vespag,0.6796699695570538,258,0.996124031007752,257,86012,28780.9,0.884,0.0,0.4023,1.0,0.1090084918640695,2.288837117634891,0.0,0.0930688060016677,0.9069311939983322,Human,Activity,distilled-evolutionary-variant-effect-model,sequence,known-development-benchmark,available,,histgb,2,0.6571113804108768,0.6571113804108768,0.1850503598572632,0.17348699915384475,True,0.9775088432078575,True,-0.022558589146177033,-0.022558589146177033,True,0.5092332054913075
variantshift-development-v1,proteingym-v1.3,proteingym-substitutions-v1.3,CASP7_HUMAN_Roychowdhury_2020,CASP7_HUMAN_Roychowdhury_2020,CASP7_HUMAN,CASP7_HUMAN,cssf_99e3b36fb3c0,carp_640m,0.8471349821763141,281,0.99644128113879,280,71075,22666.7,0.854,0.0,0.3653,1.0,3.4530366227090123,1.3974925670098317,0.0,0.0776990729213997,0.9223009270786002,Human,Activity,convolutional-protein-language-model,sequence,known-development-benchmark,available,,histgb,2,0.6179325788823457,0.6179325788823457,0.2668227024636015,-0.07940172775625642,False,,False,-0.22920240329396846,-0.22920240329396846,True,0.5681986838553272
variantshift-development-v1,proteingym-v1.3,proteingym-substitutions-v1.3,CASP7_HUMAN_Roychowdhury_2020,CASP7_HUMAN_Roychowdhury_2020,CASP7_HUMAN,CASP7_HUMAN,cssf_99e3b36fb3c0,esm2_150m,0.8445121646479955,281,0.99644128113879,280,71075,22666.7,0.854,0.0,0.3653,1.0,3.564487084622812,1.15882235923264,0.0,0.0841488874231763,0.9158511125768236,Human,Activity,masked-protein-language-model,sequence,known-development-benchmark,available,,histgb,2,0.5200757669782203,0.5200757669782203,0.2320423848008867,-0.08636106925001408,False,,False,-0.32443639766977517,-0.32443639766977517,True,0.47631811470312335
variantshift-development-v1,proteingym-v1.3,proteingym-substitutions-v1.3,CASP7_HUMAN_Roychowdhury_2020,CASP7_HUMAN_Roychowdhury_2020,CASP7_HUMAN,CASP7_HUMAN,cssf_99e3b36fb3c0,esm2_35m,0.7395048193965401,281,0.99644128113879,280,71075,22666.7,0.854,0.0,0.3653,1.0,3.042087339932556,1.0043204722123558,0.0,0.1047105380412701,0.8952894619587298,Human,Activity,masked-protein-language-model,sequence,known-development-benchmark,available,,histgb,2,0.38930798508053344,0.38930798508053344,0.1603387301264428,-0.02973318408418335,False,,False,-0.3501968343160067,-0.3501968343160067,True,0.395394124125746
variantshift-development-v1,proteingym-v1.3,proteingym-substitutions-v1.3,CASP7_HUMAN_Roychowdhury_2020,CASP7_HUMAN_Roychowdhury_2020,CASP7_HUMAN,CASP7_HUMAN,cssf_99e3b36fb3c0,esm2_650m,0.7676549210542067,281,0.99644128113879,280,71075,22666.7,0.854,0.0,0.3653,1.0,3.765540082092946,1.7188230333988472,0.0,0.1064176217769756,0.8935823782230243,Human,Activity,masked-protein-language-model,sequence,known-development-benchmark,available,,histgb,2,0.5856619147750696,0.5856619147750696,0.29256232896865797,-0.17894224722559127,False,,False,-0.18199300627913717,-0.18199300627913717,True,0.5826106852791595
variantshift-development-v1,proteingym-v1.3,proteingym-substitutions-v1.3,CASP7_HUMAN_Roychowdhury_2020,CASP7_HUMAN_Roychowdhury_2020,CASP7_HUMAN,CASP7_HUMAN,cssf_99e3b36fb3c0,esm2_8m,0.140905255893437,281,0.99644128113879,280,71075,22666.7,0.854,0.0,0.3653,1.0,1.8986422835616417,0.9344245168931612,0.0,0.253359387431197,0.746640612568803,Human,Activity,masked-protein-language-model,sequence,known-development-benchmark,available,,histgb,2,0.050257451660502515,0.050257451660502515,0.21585686109075622,-0.5138789324331308,False,,False,-0.09064780423293448,-0.09064780423293448,True,0.19657784684788127
variantshift-development-v1,proteingym-v1.3,proteingym-substitutions-v1.3,CASP7_HUMAN_Roychowdhury_2020,CASP7_HUMAN_Roychowdhury_2020,CASP7_HUMAN,CASP7_HUMAN,cssf_99e3b36fb3c0,vespag,0.6978314659807858,281,0.99644128113879,280,71075,22666.7,0.854,0.0,0.3653,1.0,0.1174102568551719,2.0418493437105507,0.0,0.0988699042646179,0.901130095735382,Human,Activity,distilled-evolutionary-variant-effect-model,sequence,known-development-benchmark,available,,histgb,2,0.6788368159650553,0.6788368159650553,0.29360546594158876,-0.08849355782729906,True,0.9481689437127979,False,-0.01899465001573053,-0.01899465001573053,True,0.46940714075321754
variantshift-development-v1,proteingym-v1.3,proteingym-substitutions-v1.3,CATR_CHLRE_Tsuboyama_2023_2AMI,CATR_CHLRE_Tsuboyama_2023_2AMI,CATR_CHLRE,CATR_CHLRE,cssf_16d6e5408850,carp_640m,0.4447492140993179,72,1.0,72,551057,79740.7,0.903,0.0,0.4406,1.0,2.891686811685746,2.0918478226308075,0.0,0.1824288854275007,0.8175711145724993,Eukaryote,Stability,convolutional-protein-language-model,sequence,known-development-benchmark,available,,histgb,0,0.5618065706200003,0.5618065706200003,0.20298651908127457,0.07022028055993979,False,,False,0.11705735652068239,0.11705735652068239,True,0.6441673294188238
variantshift-development-v1,proteingym-v1.3,proteingym-substitutions-v1.3,CATR_CHLRE_Tsuboyama_2023_2AMI,CATR_CHLRE_Tsuboyama_2023_2AMI,CATR_CHLRE,CATR_CHLRE,cssf_16d6e5408850,esm2_150m,0.490310926144567,72,1.0,72,551057,79740.7,0.903,0.0,0.4406,1.0,5.578424998417766,1.1607753642560454,0.0,0.0307606865400411,0.9692393134599588,Eukaryote,Stability,masked-protein-language-model,sequence,known-development-benchmark,available,,histgb,0,0.6783703201202119,0.6783703201202119,0.16205646501523477,0.28590713203435697,True,1.0767607503842302,True,0.18805939397564492,0.18805939397564492,True,0.7104981738986872
variantshift-development-v1,proteingym-v1.3,proteingym-substitutions-v1.3,CATR_CHLRE_Tsuboyama_2023_2AMI,CATR_CHLRE_Tsuboyama_2023_2AMI,CATR_CHLRE,CATR_CHLRE,cssf_16d6e5408850,esm2_35m,0.6325828801086208,72,1.0,72,551057,79740.7,0.903,0.0,0.4406,1.0,4.934082941463122,1.2158061749988875,0.0,0.0363986109005534,0.9636013890994466,Eukaryote,Stability,masked-protein-language-model,sequence,known-development-benchmark,available,,histgb,0,0.6112401776017097,0.6112401776017097,0.20805858408300645,0.10737052198402552,False,,False,-0.02134270250691117,-0.02134270250691117,True,0.6552778999575013
variantshift-development-v1,proteingym-v1.3,proteingym-substitutions-v1.3,CATR_CHLRE_Tsuboyama_2023_2AMI,CATR_CHLRE_Tsuboyama_2023_2AMI,CATR_CHLRE,CATR_CHLRE,cssf_16d6e5408850,esm2_650m,0.5087731576268903,72,1.0,72,551057,79740.7,0.903,0.0,0.4406,1.0,6.097736417285124,1.197215451824933,0.0,0.0406476531244175,0.9593523468755824,Eukaryote,Stability,masked-protein-language-model,sequence,known-development-benchmark,available,,histgb,0,0.6783703201202119,0.6783703201202119,0.17691956452316718,0.24991215079635404,False,,False,0.16959716249332157,0.16959716249332157,True,0.7684790243050778
variantshift-development-v1,proteingym-v1.3,proteingym-substitutions-v1.3,CATR_CHLRE_Tsuboyama_2023_2AMI,CATR_CHLRE_Tsuboyama_2023_2AMI,CATR_CHLRE,CATR_CHLRE,cssf_16d6e5408850,esm2_8m,0.5009904132833042,72,1.0,72,551057,79740.7,0.903,0.0,0.4406,1.0,3.2312164678806337,1.3025282867203145,0.0,0.0998723117803062,0.9001276882196938,Eukaryote,Stability,masked-protein-language-model,sequence,known-development-benchmark,available,,histgb,0,0.47717151544993025,0.47717151544993025,0.26849832923889494,-0.17306919095395162,False,,False,-0.02381889783337393,-0.02381889783337393,True,0.4721443054264514
variantshift-development-v1,proteingym-v1.3,proteingym-substitutions-v1.3,CATR_CHLRE_Tsuboyama_2023_2AMI,CATR_CHLRE_Tsuboyama_2023_2AMI,CATR_CHLRE,CATR_CHLRE,cssf_16d6e5408850,vespag,0.5583762330427523,72,1.0,72,551057,79740.7,0.903,0.0,0.4406,1.0,0.0770924802220055,2.8703105657660712,0.0,0.0368344696855353,0.9631655303144646,Eukaryote,Stability,distilled-evolutionary-variant-effect-model,sequence,known-development-benchmark,available,,histgb,0,0.4907007462294832,0.4907007462294832,0.24265126556046826,-0.0969443641706243,False,,False,-0.06767548681326913,-0.06767548681326913,True,0.686466412498763
variantshift-development-v1,proteingym-v1.3,proteingym-substitutions-v1.3,CBPA2_HUMAN_Tsuboyama_2023_1O6X,CBPA2_HUMAN_Tsuboyama_2023_1O6X,CBPA2_HUMAN,CBPA2_HUMAN,cssf_f46e1f61009b,carp_640m,0.5726136832396327,72,1.0,72,12711,3142.0,0.986,0.0,0.4288,0.9166666666666666,1.5987622984920593,1.5870153927359123,0.0,0.0547513873424986,0.9452486126575014,Human,Stability,convolutional-protein-language-model,sequence,known-development-benchmark,available,,histgb,1,0.46671737897295457,0.480564957771426,0.23385476235820593,-0.055828469123693714,False,,False,-0.10589630426667812,-0.0920487254682067,True,0.4795749697143405
variantshift-development-v1,proteingym-v1.3,proteingym-substitutions-v1.3,CBPA2_HUMAN_Tsuboyama_2023_1O6X,CBPA2_HUMAN_Tsuboyama_2023_1O6X,CBPA2_HUMAN,CBPA2_HUMAN,cssf_f46e1f61009b,esm2_150m,0.5763423329578891,72,1.0,72,12711,3142.0,0.986,0.0,0.4288,0.9166666666666666,3.0238665809943845,0.9823505409293776,0.0,0.0532376810618888,0.9467623189381112,Human,Stability,masked-protein-language-model,sequence,known-development-benchmark,available,,histgb,1,0.5771800523720682,0.5413357313167723,0.23956416878008335,-0.008153379605841837,False,,False,0.0008377194141790945,-0.0350066016411168,True,0.393685495698451
variantshift-development-v1,proteingym-v1.3,proteingym-substitutions-v1.3,CBPA2_HUMAN_Tsuboyama_2023_1O6X,CBPA2_HUMAN_Tsuboyama_2023_1O6X,CBPA2_HUMAN,CBPA2_HUMAN,cssf_f46e1f61009b,esm2_35m,0.6026727879294657,72,1.0,72,12711,3142.0,0.986,0.0,0.4288,0.9166666666666666,2.202308679045943,1.1952262069197197,0.0,0.0444064429076495,0.9555935570923504,Human,Stability,masked-protein-language-model,sequence,known-development-benchmark,available,,histgb,1,0.5393605643915563,0.48305319413860526,0.2607409133028611,-0.11500908437961244,False,,False,-0.06331222353790933,-0.1196195937908604,True,0.3908478827474608
variantshift-development-v1,proteingym-v1.3,proteingym-substitutions-v1.3,CBPA2_HUMAN_Tsuboyama_2023_1O6X,CBPA2_HUMAN_Tsuboyama_2023_1O6X,CBPA2_HUMAN,CBPA2_HUMAN,cssf_f46e1f61009b,esm2_650m,0.6429327664766418,72,1.0,72,12711,3142.0,0.986,0.0,0.4288,0.9166666666666666,4.685783556259302,1.1372405062611015,0.0,0.1352121966191486,0.8647878033808514,Human,Stability,masked-protein-language-model,sequence,known-development-benchmark,available,,histgb,1,0.6282978121360545,0.5974536940236207,0.25600347363252657,0.010257696242449765,False,,False,-0.014634954340587258,-0.045479072453021074,True,0.4803964415150755
variantshift-development-v1,proteingym-v1.3,proteingym-substitutions-v1.3,CBPA2_HUMAN_Tsuboyama_2023_1O6X,CBPA2_HUMAN_Tsuboyama_2023_1O6X,CBPA2_HUMAN,CBPA2_HUMAN,cssf_f46e1f61009b,esm2_8m,0.3700411210703701,72,1.0,72,12711,3142.0,0.986,0.0,0.4288,0.9166666666666666,1.97219184472859,1.1146054320574452,0.0,0.0799891834271406,0.9200108165728592,Human,Stability,masked-protein-language-model,sequence,known-development-benchmark,available,,histgb,1,0.4832028485263286,0.40323972917497736,0.2605551260760637,-0.19439640857856116,False,,False,0.11316172745595848,0.03319860810460723,True,0.32962052087289684
variantshift-development-v1,proteingym-v1.3,proteingym-substitutions-v1.3,CBPA2_HUMAN_Tsuboyama_2023_1O6X,CBPA2_HUMAN_Tsuboyama_2023_1O6X,CBPA2_HUMAN,CBPA2_HUMAN,cssf_f46e1f61009b,vespag,0.6192756592942499,72,1.0,72,12711,3142.0,0.986,0.0,0.4288,0.9166666666666666,0.1181669874785338,2.709291113970478,0.0,0.1215562809364293,0.8784437190635707,Human,Stability,distilled-evolutionary-variant-effect-model,sequence,known-development-benchmark,available,,histgb,1,0.6069659277718283,0.6073713103473642,0.1589595894550784,0.24276518445181045,True,-0.6599411799876929,True,-0.012309731522421541,-0.011904348946885634,True,0.6026332003374911
variantshift-development-v1,proteingym-v1.3,proteingym-substitutions-v1.3,CBS_HUMAN_Sun_2020,CBS_HUMAN_Sun_2020,CBS_HUMAN,CBS_HUMAN,cssf_c188af622fce,carp_640m,0.3856055607054861,551,0.9963702359346642,549,19563,1925.9,0.833,0.0,0.2724,1.0,5.128895603560953,1.9106755998166456,0.0,0.139430930739128,0.860569069260872,Human,OrganismalFitness,convolutional-protein-language-model,sequence,known-development-benchmark,available,,histgb,1,0.5329238353926925,0.5302198000862295,0.14062447858002855,0.20766897747205815,False,,False,0.14731827468720643,0.14461423938074341,True,0.750988930983226
variantshift-development-v1,proteingym-v1.3,proteingym-substitutions-v1.3,CBS_HUMAN_Sun_2020,CBS_HUMAN_Sun_2020,CBS_HUMAN,CBS_HUMAN,cssf_c188af622fce,esm2_150m,0.2921525263849386,551,0.9963702359346642,549,19563,1925.9,0.833,0.0,0.2724,1.0,3.5195027519310877,1.1352587640782066,0.0,0.1133625220559715,0.8866374779440285,Human,OrganismalFitness,masked-protein-language-model,sequence,known-development-benchmark,available,,histgb,1,0.4801856938356517,0.46858996241445994,0.1292848947083094,0.17204878010515123,False,,False,0.18803316745071308,0.17643743602952133,True,0.43556416939992704
variantshift-development-v1,proteingym-v1.3,proteingym-substitutions-v1.3,CBS_HUMAN_Sun_2020,CBS_HUMAN_Sun_2020,CBS_HUMAN,CBS_HUMAN,cssf_c188af622fce,esm2_35m,0.187506275989093,551,0.9963702359346642,549,19563,1925.9,0.833,0.0,0.2724,1.0,2.723843737185817,1.1594474480266554,0.0,0.1627505762900962,0.8372494237099037,Human,OrganismalFitness,masked-protein-language-model,sequence,known-development-benchmark,available,,histgb,1,0.38287982849427504,0.36569264221564435,0.10341184796680541,0.12849655113280878,False,,False,0.19537355250518204,0.17818636622655135,True,0.3478245116394286
variantshift-development-v1,proteingym-v1.3,proteingym-substitutions-v1.3,CBS_HUMAN_Sun_2020,CBS_HUMAN_Sun_2020,CBS_HUMAN,CBS_HUMAN,cssf_c188af622fce,esm2_650m,0.2703350833616323,551,0.9963702359346642,549,19563,1925.9,0.833,0.0,0.2724,1.0,4.161042519257959,1.3439963454437525,0.0,0.1151288552889409,0.8848711447110591,Human,OrganismalFitness,masked-protein-language-model,sequence,known-development-benchmark,available,,histgb,1,0.5393964699527376,0.530777687386133,0.1391173058290873,0.21168387179909243,False,,False,0.2690613865911053,0.26044260402450065,True,0.5251203990445018
variantshift-development-v1,proteingym-v1.3,proteingym-substitutions-v1.3,CBS_HUMAN_Sun_2020,CBS_HUMAN_Sun_2020,CBS_HUMAN,CBS_HUMAN,cssf_c188af622fce,esm2_8m,-0.0099591910370852,551,0.9963702359346642,549,19563,1925.9,0.833,0.0,0.2724,1.0,1.8172556324941929,1.1772357457659977,0.0,0.2982894970401254,0.7017105029598746,Human,OrganismalFitness,masked-protein-language-model,sequence,known-development-benchmark,available,,histgb,1,0.1749272703445604,0.17203304553865123,0.0862233475421049,-0.025737726371633324,False,,False,0.1848864613816456,0.18199223657573643,True,0.18477783528902525
variantshift-development-v1,proteingym-v1.3,proteingym-substitutions-v1.3,CBS_HUMAN_Sun_2020,CBS_HUMAN_Sun_2020,CBS_HUMAN,CBS_HUMAN,cssf_c188af622fce,vespag,0.3549882973544954,551,0.9963702359346642,549,19563,1925.9,0.833,0.0,0.2724,1.0,0.1234611159225044,2.387844476252783,0.0,0.1221925537635166,0.8778074462364833,Human,OrganismalFitness,distilled-evolutionary-variant-effect-model,sequence,known-development-benchmark,available,,histgb,1,0.6193055314510019,0.6166260131067444,0.16107806807556768,0.24716072592839528,True,0.0762310614120906,True,0.2643172340965065,0.261637715752249,True,0.5507116645742844
variantshift-development-v1,proteingym-v1.3,proteingym-substitutions-v1.3,CBX4_HUMAN_Tsuboyama_2023_2K28,CBX4_HUMAN_Tsuboyama_2023_2K28,CBX4_HUMAN,CBX4_HUMAN,cssf_63a1a4e89751,carp_640m,0.6175629248120089,50,1.0,50,108263,13482.4,0.96,0.0,0.4949,0.98,2.286704880543731,2.232288278873519,0.0,0.2406621655802662,0.7593378344197338,Human,Stability,convolutional-protein-language-model,sequence,known-development-benchmark,available,,histgb,2,0.6279513882950899,0.6279513882950899,0.08194336406104916,0.41379450271695495,False,,False,0.010388463483080979,0.010388463483080979,True,0.5421165909603987
variantshift-development-v1,proteingym-v1.3,proteingym-substitutions-v1.3,CBX4_HUMAN_Tsuboyama_2023_2K28,CBX4_HUMAN_Tsuboyama_2023_2K28,CBX4_HUMAN,CBX4_HUMAN,cssf_63a1a4e89751,esm2_150m,0.8908479239640227,50,1.0,50,108263,13482.4,0.96,0.0,0.4949,0.98,5.396413219404308,1.79757201675539,0.0,0.0626697024170036,0.9373302975829964,Human,Stability,masked-protein-language-model,sequence,known-development-benchmark,available,,histgb,2,0.7556282203011333,0.7556282203011333,0.13018180053442965,0.41540141510630535,False,,False,-0.13521970366288938,-0.13521970366288938,True,0.7529336056139704
variantshift-development-v1,proteingym-v1.3,proteingym-substitutions-v1.3,CBX4_HUMAN_Tsuboyama_2023_2K28,CBX4_HUMAN_Tsuboyama_2023_2K28,CBX4_HUMAN,CBX4_HUMAN,cssf_63a1a4e89751,esm2_35m,0.9620765114708812,50,1.0,50,108263,13482.4,0.96,0.0,0.4949,0.98,4.708865426978041,1.5281658046818836,0.0,0.0686605347225273,0.9313394652774728,Human,Stability,masked-protein-language-model,sequence,known-development-benchmark,available,,histgb,2,0.7600426002811632,0.7600426002811632,0.13855196185277338,0.3979405926185966,True,0.0782961480770869,True,-0.20203391118971803,-0.20203391118971803,True,0.648614651708513
variantshift-development-v1,proteingym-v1.3,proteingym-substitutions-v1.3,CBX4_HUMAN_Tsuboyama_2023_2K28,CBX4_HUMAN_Tsuboyama_2023_2K28,CBX4_HUMAN,CBX4_HUMAN,cssf_63a1a4e89751,esm2_650m,0.895259639209035,50,1.0,50,108263,13482.4,0.96,0.0,0.4949,0.98,5.534476633019481,1.8888407302243275,0.0,0.070798364968363,0.929201635031637,Human,Stability,masked-protein-language-model,sequence,known-development-benchmark,available,,histgb,2,0.7388057398129878,0.7388057398129878,0.09986632615500898,0.4778076513338127,False,,False,-0.15645389939604715,-0.15645389939604715,True,0.7744388036265148
variantshift-development-v1,proteingym-v1.3,proteingym-substitutions-v1.3,CBX4_HUMAN_Tsuboyama_2023_2K28,CBX4_HUMAN_Tsuboyama_2023_2K28,CBX4_HUMAN,CBX4_HUMAN,cssf_63a1a4e89751,esm2_8m,0.0899198756262414,50,1.0,50,108263,13482.4,0.96,0.0,0.4949,0.98,1.0785131325489763,1.78847185795854,0.0,0.6399614343890806,0.3600385656109194,Human,Stability,masked-protein-language-model,sequence,known-development-benchmark,available,,histgb,2,0.04612074344195177,0.04612074344195177,0.17546358780013607,-0.41244885430665285,False,,False,-0.04379913218428963,-0.04379913218428963,True,0.039999181779656556
variantshift-development-v1,proteingym-v1.3,proteingym-substitutions-v1.3,CBX4_HUMAN_Tsuboyama_2023_2K28,CBX4_HUMAN_Tsuboyama_2023_2K28,CBX4_HUMAN,CBX4_HUMAN,cssf_63a1a4e89751,vespag,0.8132751332676253,50,1.0,50,108263,13482.4,0.96,0.0,0.4949,0.98,0.0544729430439307,3.0480338364057413,0.0,0.0701879270667357,0.9298120729332644,Human,Stability,distilled-evolutionary-variant-effect-model,sequence,known-development-benchmark,available,,histgb,2,0.6742216326718695,0.6742216326718695,0.07223174792168303,0.485445807417149,False,,False,-0.13905350059575583,-0.13905350059575583,True,0.6893725808892464
variantshift-development-v1,proteingym-v1.3,proteingym-substitutions-v1.3,CCDB_ECOLI_Adkar_2012,CCDB_ECOLI_Adkar_2012,CCDB_ECOLI,CCDB_ECOLI,cssf_e2b2659337b1,carp_640m,0.1598020257367375,101,0.99009900990099,100,43564,17050.6,0.851,0.0,0.4213,1.0,2.689716482256725,1.3510668282421834,0.0,0.2015882722509998,0.7984117277490002,Prokaryote,Activity,convolutional-protein-language-model,sequence,known-development-benchmark,available,,histgb,0,0.40246332766264376,0.40246332766264376,0.14702525902239427,0.04640223574845842,False,,False,0.24266130192590626,0.24266130192590626,True,0.4183610506380748
variantshift-development-v1,proteingym-v1.3,proteingym-substitutions-v1.3,CCDB_ECOLI_Adkar_2012,CCDB_ECOLI_Adkar_2012,CCDB_ECOLI,CCDB_ECOLI,cssf_e2b2659337b1,esm2_150m,0.1254374126454387,101,0.99009900990099,100,43564,17050.6,0.851,0.0,0.4213,1.0,2.887960173758034,1.4114600501744687,0.0,0.1803635500368733,0.8196364499631267,Prokaryote,Activity,masked-protein-language-model,sequence,known-development-benchmark,available,,histgb,0,0.42128268490790616,0.42128268490790616,0.1473976582716674,0.06431972834674876,False,,False,0.2958452722624675,0.2958452722624675,True,0.4154828653081009
variantshift-development-v1,proteingym-v1.3,proteingym-substitutions-v1.3,CCDB_ECOLI_Adkar_2012,CCDB_ECOLI_Adkar_2012,CCDB_ECOLI,CCDB_ECOLI,cssf_e2b2659337b1,esm2_35m,-0.2135551769114345,101,0.99009900990099,100,43564,17050.6,0.851,0.0,0.4213,1.0,0.8383717834902799,1.8154643481035104,0.0,0.3545638632749419,0.6454361367250581,Prokaryote,Activity,masked-protein-language-model,sequence,known-development-benchmark,available,,histgb,0,-0.15708637290614189,-0.15708637290614189,0.19467466424871752,-0.6285432775314066,False,,False,0.05646880400529261,0.05646880400529261,True,0.22448873632976304
variantshift-development-v1,proteingym-v1.3,proteingym-substitutions-v1.3,CCDB_ECOLI_Adkar_2012,CCDB_ECOLI_Adkar_2012,CCDB_ECOLI,CCDB_ECOLI,cssf_e2b2659337b1,esm2_650m,0.4318552127095186,101,0.99009900990099,100,43564,17050.6,0.851,0.0,0.4213,1.0,3.058187084035858,1.3122908511403384,0.0,0.1590057554864532,0.8409942445135468,Prokaryote,Activity,masked-protein-language-model,sequence,known-development-benchmark,available,,histgb,0,0.43252138043070887,0.43252138043070887,0.18684357655324704,-0.019970445307667117,False,,False,0.0006661677211902695,0.0006661677211902695,True,0.41816030095205436
variantshift-development-v1,proteingym-v1.3,proteingym-substitutions-v1.3,CCDB_ECOLI_Adkar_2012,CCDB_ECOLI_Adkar_2012,CCDB_ECOLI,CCDB_ECOLI,cssf_e2b2659337b1,esm2_8m,-0.2779888264576197,101,0.99009900990099,100,43564,17050.6,0.851,0.0,0.4213,1.0,0.820504261305422,1.800097405825371,0.0,0.3590639965380754,0.6409360034619246,Prokaryote,Activity,masked-protein-language-model,sequence,known-development-benchmark,available,,histgb,0,-0.15152309492108168,-0.15152309492108168,0.1799950102820058,-0.5874292808802861,False,,False,0.126465731536538,0.126465731536538,True,0.21672423916761188
variantshift-development-v1,proteingym-v1.3,proteingym-substitutions-v1.3,CCDB_ECOLI_Adkar_2012,CCDB_ECOLI_Adkar_2012,CCDB_ECOLI,CCDB_ECOLI,cssf_e2b2659337b1,vespag,0.4927092150586933,101,0.99009900990099,100,43564,17050.6,0.851,0.0,0.4213,1.0,0.0909496298574462,2.523812300171995,0.0,0.1520344082245056,0.8479655917754944,Prokaryote,Activity,distilled-evolutionary-variant-effect-model,sequence,known-development-benchmark,available,,histgb,0,0.5508075383516132,0.5508075383516132,0.11122108249853482,0.28145586135661427,True,0.21145400714172466,True,0.05809832329291992,0.05809832329291992,True,0.5367612157714721
variantshift-development-v1,proteingym-v1.3,proteingym-substitutions-v1.3,CCR5_HUMAN_Gill_2023,CCR5_HUMAN_Gill_2023,CCR5_HUMAN,CCR5_HUMAN,cssf_516e14d168fd,carp_640m,0.4241207239723271,352,0.9176136363636364,323,632074,64326.0,0.83,0.0,0.2757,1.0,4.2879369885521585,1.4486947516736683,0.0,0.0914198086865969,0.9085801913134032,Human,Binding,convolutional-protein-language-model,sequence,known-development-benchmark,available,,histgb,0,0.7379801681401204,0.7379801681401204,0.33115945490952287,-0.06401125766536742,False,,False,0.31385944416779327,0.31385944416779327,True,0.6512853105284548
variantshift-development-v1,proteingym-v1.3,proteingym-substitutions-v1.3,CCR5_HUMAN_Gill_2023,CCR5_HUMAN_Gill_2023,CCR5_HUMAN,CCR5_HUMAN,cssf_516e14d168fd,esm2_150m,0.3867627845263315,352,0.9176136363636364,323,632074,64326.0,0.83,0.0,0.2757,1.0,3.3652510670959264,1.1489721971666536,0.0,0.0801681163805783,0.9198318836194216,Human,Binding,masked-protein-language-model,sequence,known-development-benchmark,available,,histgb,0,0.691230209502183,0.691230209502183,0.32266936803704593,-0.09020019418805059,False,,False,0.30446742497585144,0.30446742497585144,True,0.4384531259968841
variantshift-development-v1,proteingym-v1.3,proteingym-substitutions-v1.3,CCR5_HUMAN_Gill_2023,CCR5_HUMAN_Gill_2023,CCR5_HUMAN,CCR5_HUMAN,cssf_516e14d168fd,esm2_35m,0.3404188851103597,352,0.9176136363636364,323,632074,64326.0,0.83,0.0,0.2757,1.0,2.952774459165728,1.0430916716973269,0.0,0.0659753211753663,0.9340246788246336,Human,Binding,masked-protein-language-model,sequence,known-development-benchmark,available,,histgb,0,0.5307884986401801,0.5307884986401801,0.2576552988039273,-0.09319290183215934,False,,False,0.19036961352982035,0.19036961352982035,True,0.37613291701827223
variantshift-development-v1,proteingym-v1.3,proteingym-substitutions-v1.3,CCR5_HUMAN_Gill_2023,CCR5_HUMAN_Gill_2023,CCR5_HUMAN,CCR5_HUMAN,cssf_516e14d168fd,esm2_650m,0.2993547192561465,352,0.9176136363636364,323,632074,64326.0,0.83,0.0,0.2757,1.0,3.74984906685537,1.232790473705292,0.0,0.0709601510899076,0.9290398489100924,Human,Binding,masked-protein-language-model,sequence,known-development-benchmark,available,,histgb,0,0.6957923985777074,0.6957923985777074,0.2673319455445043,0.04837640307436786,False,,False,0.3964376793215609,0.3964376793215609,True,0.503252523958016
variantshift-development-v1,proteingym-v1.3,proteingym-substitutions-v1.3,CCR5_HUMAN_Gill_2023,CCR5_HUMAN_Gill_2023,CCR5_HUMAN,CCR5_HUMAN,cssf_516e14d168fd,esm2_8m,0.2785970231709954,352,0.9176136363636364,323,632074,64326.0,0.83,0.0,0.2757,1.0,2.7018842249477553,0.98778601419697,0.0,0.1118987939258983,0.8881012060741017,Human,Binding,masked-protein-language-model,sequence,known-development-benchmark,available,,histgb,0,0.45876677135060495,0.45876677135060495,0.2568110543110942,-0.1631700646845795,False,,False,0.18016974817960957,0.18016974817960957,True,0.3151833107191587
variantshift-development-v1,proteingym-v1.3,proteingym-substitutions-v1.3,CCR5_HUMAN_Gill_2023,CCR5_HUMAN_Gill_2023,CCR5_HUMAN,CCR5_HUMAN,cssf_516e14d168fd,vespag,0.4371895750531251,352,0.9176136363636364,323,632074,64326.0,0.83,0.0,0.2757,1.0,0.0802956391552799,2.574224912243513,0.0,0.088727527387614,0.911272472612386,Human,Binding,distilled-evolutionary-variant-effect-model,sequence,known-development-benchmark,available,,histgb,0,0.8456303233836829,0.8456303233836829,0.3577252801389837,-0.020697372268896008,True,2.020091876068885,False,0.4084407483305578,0.4084407483305578,True,0.5704971736913347
variantshift-development-v1,proteingym-v1.3,proteingym-substitutions-v1.3,CD19_HUMAN_Klesmith_2019_FMC_singles,CD19_HUMAN_Klesmith_2019_FMC_singles,CD19_HUMAN,CD19_HUMAN,cssf_1ca77773c7d8,carp_640m,0.3195174505324564,556,0.4892086330935252,272,1183,277.4,1.0,0.0,0.1962,1.0,2.663464326457784,1.0598894320016368,0.0,0.1406549218156856,0.8593450781843144,Human,Binding,convolutional-protein-language-model,sequence,known-development-benchmark,available,,histgb,0,0.3034897069949395,0.3034897069949395,0.2934736929448342,-0.4072355401689498,False,,False,-0.016027743537516903,-0.016027743537516903,True,0.2917253881000852
variantshift-development-v1,proteingym-v1.3,proteingym-substitutions-v1.3,CD19_HUMAN_Klesmith_2019_FMC_singles,CD19_HUMAN_Klesmith_2019_FMC_singles,CD19_HUMAN,CD19_HUMAN,cssf_1ca77773c7d8,esm2_150m,0.1441614377776676,556,0.4892086330935252,272,1183,277.4,1.0,0.0,0.1962,1.0,2.1945836316390053,1.0662964485135016,0.0,0.0863224803463147,0.9136775196536852,Human,Binding,masked-protein-language-model,sequence,known-development-benchmark,available,,histgb,0,0.2656232196367524,0.2656232196367524,0.2541413539517798,-0.34984822105519786,False,,False,0.1214617818590848,0.1214617818590848,True,0.22204066437131742
variantshift-development-v1,proteingym-v1.3,proteingym-substitutions-v1.3,CD19_HUMAN_Klesmith_2019_FMC_singles,CD19_HUMAN_Klesmith_2019_FMC_singles,CD19_HUMAN,CD19_HUMAN,cssf_1ca77773c7d8,esm2_35m,0.3209276594405303,556,0.4892086330935252,272,1183,277.4,1.0,0.0,0.1962,1.0,2.0860034127077105,1.1024528203046406,0.0,0.075600547825556,0.924399452174444,Human,Binding,masked-protein-language-model,sequence,known-development-benchmark,available,,histgb,0,0.25024097185512173,0.25024097185512173,0.2692996937405549,-0.4019404535883291,False,,False,-0.07068668758540858,-0.07068668758540858,True,0.22486310428969325
variantshift-development-v1,proteingym-v1.3,proteingym-substitutions-v1.3,CD19_HUMAN_Klesmith_2019_FMC_singles,CD19_HUMAN_Klesmith_2019_FMC_singles,CD19_HUMAN,CD19_HUMAN,cssf_1ca77773c7d8,esm2_650m,0.0926306797594768,556,0.4892086330935252,272,1183,277.4,1.0,0.0,0.1962,1.0,2.5980078214385407,0.9937036929660612,0.0,0.1130851064852207,0.8869148935147793,Human,Binding,masked-protein-language-model,sequence,known-development-benchmark,available,,histgb,0,0.32510581173177566,0.32510581173177566,0.2753493376528425,-0.3417264487547409,False,,False,0.23247513197229885,0.23247513197229885,True,0.23303639255738817
variantshift-development-v1,proteingym-v1.3,proteingym-substitutions-v1.3,CD19_HUMAN_Klesmith_2019_FMC_singles,CD19_HUMAN_Klesmith_2019_FMC_singles,CD19_HUMAN,CD19_HUMAN,cssf_1ca77773c7d8,esm2_8m,0.1579320571125059,556,0.4892086330935252,272,1183,277.4,1.0,0.0,0.1962,1.0,1.823896435722378,1.1548752879923772,0.0,0.1130851064852207,0.8869148935147793,Human,Binding,masked-protein-language-model,sequence,known-development-benchmark,available,,histgb,0,0.1840552403122403,0.1840552403122403,0.26023333712544144,-0.44616957129814805,False,,False,0.02612318319973439,0.02612318319973439,True,0.19357107019294556
variantshift-development-v1,proteingym-v1.3,proteingym-substitutions-v1.3,CD19_HUMAN_Klesmith_2019_FMC_singles,CD19_HUMAN_Klesmith_2019_FMC_singles,CD19_HUMAN,CD19_HUMAN,cssf_1ca77773c7d8,vespag,0.3068309884296251,556,0.4892086330935252,272,1183,277.4,1.0,0.0,0.1962,1.0,0.0700008718962249,2.2938836096619175,0.0,0.2489637842329034,0.7510362157670966,Human,Binding,distilled-evolutionary-variant-effect-model,sequence,known-development-benchmark,available,,histgb,0,0.4600364823685922,0.4600364823685922,0.18581901848449398,0.01002589874545129,True,-1.2144881692664653,True,0.1532054939389671,0.1532054939389671,True,0.35271495126143637
variantshift-development-v1,proteingym-v1.3,proteingym-substitutions-v1.3,CP2C9_HUMAN_Amorosi_2021_abundance,CP2C9_HUMAN_Amorosi_2021_abundance,CP2C9_HUMAN,CP2C9_HUMAN,cssf_1d3a8e32222c,carp_640m,0.8103419376642587,490,0.9918367346938776,486,264279,81087.0,0.886,0.0,0.2588,1.0,3.655330884743322,1.8490833668511713,0.0,0.1217832994820982,0.8782167005179018,Human,Expression,convolutional-protein-language-model,sequence,known-development-benchmark,available,,histgb,3,0.4867989979214972,0.4867989979214972,0.19142064879358917,0.1493683578943199,False,,False,-0.32354293974276144,-0.32354293974276144,True,0.563625972017244
variantshift-development-v1,proteingym-v1.3,proteingym-substitutions-v1.3,CP2C9_HUMAN_Amorosi_2021_abundance,CP2C9_HUMAN_Amorosi_2021_abundance,CP2C9_HUMAN,CP2C9_HUMAN,cssf_1d3a8e32222c,esm2_150m,0.7913313581279716,490,0.9918367346938776,486,264279,81087.0,0.886,0.0,0.2588,1.0,3.4058995459137185,1.4528564883857926,0.0,0.0775659639347116,0.9224340360652884,Human,Expression,masked-protein-language-model,sequence,known-development-benchmark,available,,histgb,3,0.533836796007104,0.533836796007104,0.24607053030157838,0.10007096638115548,False,,False,-0.25749456212086763,-0.25749456212086763,True,0.41777207094022123
variantshift-development-v1,proteingym-v1.3,proteingym-substitutions-v1.3,CP2C9_HUMAN_Amorosi_2021_abundance,CP2C9_HUMAN_Amorosi_2021_abundance,CP2C9_HUMAN,CP2C9_HUMAN,cssf_1d3a8e32222c,esm2_35m,0.7762954479889091,490,0.9918367346938776,486,264279,81087.0,0.886,0.0,0.2588,1.0,3.1915181395204772,1.340256609280687,0.0,0.0802728021585117,0.9197271978414884,Human,Expression,masked-protein-language-model,sequence,known-development-benchmark,available,,histgb,3,0.4842215291340673,0.4842215291340673,0.20078496583786096,0.13028374887107724,False,,False,-0.29207391885484185,-0.29207391885484185,True,0.37125515912926943
variantshift-development-v1,proteingym-v1.3,proteingym-substitutions-v1.3,CP2C9_HUMAN_Amorosi_2021_abundance,CP2C9_HUMAN_Amorosi_2021_abundance,CP2C9_HUMAN,CP2C9_HUMAN,cssf_1d3a8e32222c,esm2_650m,0.858641519623652,490,0.9918367346938776,486,264279,81087.0,0.886,0.0,0.2588,1.0,3.5569360895528037,1.610130139060636,0.0,0.0779655254872098,0.9220344745127902,Human,Expression,masked-protein-language-model,sequence,known-development-benchmark,available,,histgb,3,0.5632211482166438,0.5632211482166438,0.2574765129945847,0.1093491907278118,False,,False,-0.29542037140700816,-0.29542037140700816,True,0.466821737301263
variantshift-development-v1,proteingym-v1.3,proteingym-substitutions-v1.3,CP2C9_HUMAN_Amorosi_2021_abundance,CP2C9_HUMAN_Amorosi_2021_abundance,CP2C9_HUMAN,CP2C9_HUMAN,cssf_1d3a8e32222c,esm2_8m,0.59993149883562,490,0.9918367346938776,486,264279,81087.0,0.886,0.0,0.2588,1.0,2.497872856669936,1.1918891773833222,0.0,0.1439889542180785,0.8560110457819214,Human,Expression,masked-protein-language-model,sequence,known-development-benchmark,available,,histgb,3,0.3698607806737617,0.3698607806737617,0.17252263195502393,0.06574300400417116,False,,False,-0.2300707181618583,-0.2300707181618583,True,0.24079263702642695
variantshift-development-v1,proteingym-v1.3,proteingym-substitutions-v1.3,CP2C9_HUMAN_Amorosi_2021_abundance,CP2C9_HUMAN_Amorosi_2021_abundance,CP2C9_HUMAN,CP2C9_HUMAN,cssf_1d3a8e32222c,vespag,0.8419889586024428,490,0.9918367346938776,486,264279,81087.0,0.886,0.0,0.2588,1.0,0.1104983742251218,2.4556970945065784,0.0,0.1125092040553696,0.8874907959446303,Human,Expression,distilled-evolutionary-variant-effect-model,sequence,known-development-benchmark,available,,histgb,3,0.5521028320647547,0.5521028320647547,0.21404985733876591,0.17478209464823458,True,1.5665462637266565,True,-0.2898861265376881,-0.2898861265376881,True,0.4616175122168396
variantshift-development-v1,proteingym-v1.3,proteingym-substitutions-v1.3,CP2C9_HUMAN_Amorosi_2021_activity,CP2C9_HUMAN_Amorosi_2021_activity,CP2C9_HUMAN,CP2C9_HUMAN,cssf_1d3a8e32222c,carp_640m,0.9914829563937072,490,0.973469387755102,477,264279,81087.0,0.886,0.0,0.2588,1.0,3.5537657656865123,1.8329003615120036,0.0,0.123870709501703,0.8761292904982969,Human,Binding,convolutional-protein-language-model,sequence,known-development-benchmark,available,,histgb,3,0.46800645548645947,0.46800645548645947,0.09720920927467674,0.296648945683742,False,,False,-0.5234765009072477,-0.5234765009072477,True,0.5502882019197615
variantshift-development-v1,proteingym-v1.3,proteingym-substitutions-v1.3,CP2C9_HUMAN_Amorosi_2021_activity,CP2C9_HUMAN_Amorosi_2021_activity,CP2C9_HUMAN,CP2C9_HUMAN,cssf_1d3a8e32222c,esm2_150m,1.0231939802448753,490,0.973469387755102,477,264279,81087.0,0.886,0.0,0.2588,1.0,3.368489980269622,1.455901933774335,0.0,0.0794366373511592,0.9205633626488408,Human,Binding,masked-protein-language-model,sequence,known-development-benchmark,available,,histgb,3,0.4901900814881284,0.4901900814881284,0.13160478906825382,0.2582010641808702,False,,False,-0.5330038987567469,-0.5330038987567469,True,0.41480656668796884
variantshift-development-v1,proteingym-v1.3,proteingym-substitutions-v1.3,CP2C9_HUMAN_Amorosi_2021_activity,CP2C9_HUMAN_Amorosi_2021_activity,CP2C9_HUMAN,CP2C9_HUMAN,cssf_1d3a8e32222c,esm2_35m,0.9797527645822912,490,0.973469387755102,477,264279,81087.0,0.886,0.0,0.2588,1.0,3.12485803116579,1.3591383403465336,0.0,0.0846609025628862,0.9153390974371136,Human,Binding,masked-protein-language-model,sequence,known-development-benchmark,available,,histgb,3,0.4884997542115472,0.4884997542115472,0.07501156049445915,0.3562716010493666,False,,False,-0.49125301037074404,-0.49125301037074404,True,0.36782652958185
variantshift-development-v1,proteingym-v1.3,proteingym-substitutions-v1.3,CP2C9_HUMAN_Amorosi_2021_activity,CP2C9_HUMAN_Amorosi_2021_activity,CP2C9_HUMAN,CP2C9_HUMAN,cssf_1d3a8e32222c,esm2_650m,1.108111639028626,490,0.973469387755102,477,264279,81087.0,0.886,0.0,0.2588,1.0,3.4980510517153265,1.6234447101396845,0.0,0.0794591489210776,0.9205408510789224,Human,Binding,masked-protein-language-model,sequence,known-development-benchmark,available,,histgb,3,0.5570738081209863,0.5570738081209863,0.1379520192080916,0.3138960818526863,False,,False,-0.5510378309076398,-0.5510378309076398,True,0.46435986307494637
variantshift-development-v1,proteingym-v1.3,proteingym-substitutions-v1.3,CP2C9_HUMAN_Amorosi_2021_activity,CP2C9_HUMAN_Amorosi_2021_activity,CP2C9_HUMAN,CP2C9_HUMAN,cssf_1d3a8e32222c,esm2_8m,0.737018056934055,490,0.973469387755102,477,264279,81087.0,0.886,0.0,0.2588,1.0,2.489160673885293,1.208694447710886,0.0,0.1452738716410352,0.8547261283589648,Human,Binding,masked-protein-language-model,sequence,known-development-benchmark,available,,histgb,3,0.36026484186374647,0.36026484186374647,0.09481837715596096,0.19312181998122047,False,,False,-0.3767532150703085,-0.3767532150703085,True,0.24387496617410542
variantshift-development-v1,proteingym-v1.3,proteingym-substitutions-v1.3,CP2C9_HUMAN_Amorosi_2021_activity,CP2C9_HUMAN_Amorosi_2021_activity,CP2C9_HUMAN,CP2C9_HUMAN,cssf_1d3a8e32222c,vespag,1.045074295780641,490,0.973469387755102,477,264279,81087.0,0.886,0.0,0.2588,1.0,0.1089328090326668,2.465754790385954,0.0,0.1127982955204645,0.8872017044795355,Human,Binding,distilled-evolutionary-variant-effect-model,sequence,known-development-benchmark,available,,histgb,3,0.5124223652168,0.5124223652168,0.12100017006585373,0.2991268556359875,True,1.4808173150951667,True,-0.532651930563841,-0.532651930563841,True,0.46436436175742707
variantshift-development-v1,proteingym-v1.3,proteingym-substitutions-v1.3,CSN4_MOUSE_Tsuboyama_2023_1UFM,CSN4_MOUSE_Tsuboyama_2023_1UFM,CSN4_MOUSE,CSN4_MOUSE,cssf_322a3fa1e236,carp_640m,0.671552339688106,72,1.0,72,39217,3472.5,0.889,0.0,0.5514,0.9710144927536232,2.621072246167301,2.0080593314753883,0.0,0.1705955648653776,0.8294044351346224,Eukaryote,Stability,convolutional-protein-language-model,sequence,known-development-benchmark,available,,histgb,4,0.6155524677362947,0.6155524677362947,0.1479444214360791,0.003758477552305406,False,,False,-0.05599987195181133,-0.05599987195181133,True,0.6208845604010682
variantshift-development-v1,proteingym-v1.3,proteingym-substitutions-v1.3,CSN4_MOUSE_Tsuboyama_2023_1UFM,CSN4_MOUSE_Tsuboyama_2023_1UFM,CSN4_MOUSE,CSN4_MOUSE,cssf_322a3fa1e236,esm2_150m,0.7025162760051481,72,1.0,72,39217,3472.5,0.889,0.0,0.5514,0.9710144927536232,4.420890459133119,1.763186258483307,0.0,0.1676065040219406,0.8323934959780593,Eukaryote,Stability,masked-protein-language-model,sequence,known-development-benchmark,available,,histgb,4,0.5566077252122923,0.5566077252122923,0.22022381356684465,-0.3540829539479692,False,,False,-0.1459085507928558,-0.1459085507928558,True,0.6786838777690699
variantshift-development-v1,proteingym-v1.3,proteingym-substitutions-v1.3,CSN4_MOUSE_Tsuboyama_2023_1UFM,CSN4_MOUSE_Tsuboyama_2023_1UFM,CSN4_MOUSE,CSN4_MOUSE,cssf_322a3fa1e236,esm2_35m,0.791303856747284,72,1.0,72,39217,3472.5,0.889,0.0,0.5514,0.9710144927536232,2.558229591588117,1.5778851249125034,0.0,0.1222216596891092,0.8777783403108907,Eukaryote,Stability,masked-protein-language-model,sequence,known-development-benchmark,available,,histgb,4,0.6420353618093892,0.6420353618093892,0.16790755535157267,-0.052312098361395165,False,,False,-0.14926849493789474,-0.14926849493789474,True,0.5074630746012553
variantshift-development-v1,proteingym-v1.3,proteingym-substitutions-v1.3,CSN4_MOUSE_Tsuboyama_2023_1UFM,CSN4_MOUSE_Tsuboyama_2023_1UFM,CSN4_MOUSE,CSN4_MOUSE,cssf_322a3fa1e236,esm2_650m,0.5357602339985665,72,1.0,72,39217,3472.5,0.889,0.0,0.5514,0.9710144927536232,5.257354854979007,1.5212532238527734,0.0,0.181235632233518,0.818764367766482,Eukaryote,Stability,masked-protein-language-model,sequence,known-development-benchmark,available,,histgb,4,0.5961892551277879,0.5961892551277879,0.21628254995411036,-0.2982031319536237,False,,False,0.06042902112922133,0.06042902112922133,True,0.6805402122029504
variantshift-development-v1,proteingym-v1.3,proteingym-substitutions-v1.3,CSN4_MOUSE_Tsuboyama_2023_1UFM,CSN4_MOUSE_Tsuboyama_2023_1UFM,CSN4_MOUSE,CSN4_MOUSE,cssf_322a3fa1e236,esm2_8m,0.4062309230437989,72,1.0,72,39217,3472.5,0.889,0.0,0.5514,0.9710144927536232,1.2412314334875505,1.6013059012894717,0.0,0.2960955437187101,0.7039044562812898,Eukaryote,Stability,masked-protein-language-model,sequence,known-development-benchmark,available,,histgb,4,0.1433080507441658,0.1433080507441658,0.19463228374153507,-0.6615540747284301,False,,False,-0.26292287229963307,-0.26292287229963307,True,0.2760593888848083
variantshift-development-v1,proteingym-v1.3,proteingym-substitutions-v1.3,CSN4_MOUSE_Tsuboyama_2023_1UFM,CSN4_MOUSE_Tsuboyama_2023_1UFM,CSN4_MOUSE,CSN4_MOUSE,cssf_322a3fa1e236,vespag,0.7186822116175953,72,1.0,72,39217,3472.5,0.889,0.0,0.5514,0.9710144927536232,0.0765872047118823,3.0513143119822885,0.0,0.1448606260311262,0.8551393739688737,Eukaryote,Stability,distilled-evolutionary-variant-effect-model,sequence,known-development-benchmark,available,,histgb,4,0.6276909343162839,0.6276909343162839,0.19239910965527315,-0.16793635504861903,True,-0.6118105552014708,False,-0.0909912773013114,-0.0909912773013114,True,0.706435643677694
variantshift-development-v1,proteingym-v1.3,proteingym-substitutions-v1.3,CUE1_YEAST_Tsuboyama_2023_2MYX,CUE1_YEAST_Tsuboyama_2023_2MYX,CUE1_YEAST,CUE1_YEAST,cssf_265b55e38391,carp_640m,0.4783888046652909,52,1.0,52,3213,397.2,0.923,0.0,0.6629,1.0,2.233326770072455,1.6045600006034717,0.0,0.1753496789940787,0.8246503210059213,Eukaryote,Stability,convolutional-protein-language-model,sequence,known-development-benchmark,available,,histgb,2,0.7037276053908428,0.7037276053908428,0.15738630473596438,0.29240252445086146,False,,False,0.2253388007255519,0.2253388007255519,True,0.4835134770217183
variantshift-development-v1,proteingym-v1.3,proteingym-substitutions-v1.3,CUE1_YEAST_Tsuboyama_2023_2MYX,CUE1_YEAST_Tsuboyama_2023_2MYX,CUE1_YEAST,CUE1_YEAST,cssf_265b55e38391,esm2_150m,0.3729689626238666,52,1.0,52,3213,397.2,0.923,0.0,0.6629,1.0,2.731113978375111,1.4919915377084618,0.0,0.1232435108390885,0.8767564891609114,Eukaryote,Stability,masked-protein-language-model,sequence,known-development-benchmark,available,,histgb,2,0.7268620067259569,0.7268620067259569,0.1822082251977452,0.25066547168991454,False,,False,0.3538930441020903,0.3538930441020903,True,0.4844746828837919
variantshift-development-v1,proteingym-v1.3,proteingym-substitutions-v1.3,CUE1_YEAST_Tsuboyama_2023_2MYX,CUE1_YEAST_Tsuboyama_2023_2MYX,CUE1_YEAST,CUE1_YEAST,cssf_265b55e38391,esm2_35m,0.2456757334754985,52,1.0,52,3213,397.2,0.923,0.0,0.6629,1.0,2.37917837647654,1.4594302813605953,0.0,0.1614672721423381,0.8385327278576619,Eukaryote,Stability,masked-protein-language-model,sequence,known-development-benchmark,available,,histgb,2,0.5902922131070476,0.5902922131070476,0.1420600019617385,0.21902203236753182,False,,False,0.34461647963154907,0.34461647963154907,True,0.42648463567411943
variantshift-development-v1,proteingym-v1.3,proteingym-substitutions-v1.3,CUE1_YEAST_Tsuboyama_2023_2MYX,CUE1_YEAST_Tsuboyama_2023_2MYX,CUE1_YEAST,CUE1_YEAST,cssf_265b55e38391,esm2_650m,0.4953064298346739,52,1.0,52,3213,397.2,0.923,0.0,0.6629,1.0,3.24564295849815,1.3186418355063918,0.0,0.126993345011623,0.8730066549883769,Eukaryote,Stability,masked-protein-language-model,sequence,known-development-benchmark,available,,histgb,2,0.7344863290081105,0.7344863290081105,0.15731179648440202,0.3233559734774079,True,-1.7028629154934278,True,0.23917989917343663,0.23917989917343663,True,0.48439683846634685
variantshift-development-v1,proteingym-v1.3,proteingym-substitutions-v1.3,CUE1_YEAST_Tsuboyama_2023_2MYX,CUE1_YEAST_Tsuboyama_2023_2MYX,CUE1_YEAST,CUE1_YEAST,cssf_265b55e38391,esm2_8m,0.1727528510654159,52,1.0,52,3213,397.2,0.923,0.0,0.6629,1.0,1.3305029580250238,1.8821046057291488,0.0,0.2713581478204243,0.7286418521795757,Eukaryote,Stability,masked-protein-language-model,sequence,known-development-benchmark,available,,histgb,2,0.18959552547650788,0.18959552547650788,0.09576824283215483,-0.060692327081570685,False,,False,0.016842674411091968,0.016842674411091968,True,0.35675320804351485
variantshift-development-v1,proteingym-v1.3,proteingym-substitutions-v1.3,CUE1_YEAST_Tsuboyama_2023_2MYX,CUE1_YEAST_Tsuboyama_2023_2MYX,CUE1_YEAST,CUE1_YEAST,cssf_265b55e38391,vespag,0.8319142521172496,52,1.0,52,3213,397.2,0.923,0.0,0.6629,1.0,0.0691929752478113,2.8004017961274723,0.0,0.2163446775570975,0.7836553224429025,Eukaryote,Stability,distilled-evolutionary-variant-effect-model,sequence,known-development-benchmark,available,,histgb,2,0.542103406557485,0.542103406557485,0.11344538726045103,0.24561678927870984,False,,False,-0.28981084555976455,-0.28981084555976455,True,0.5590213462322073
variantshift-development-v1,proteingym-v1.3,proteingym-substitutions-v1.3,D7PM05_CLYGR_Somermeyer_2022,D7PM05_CLYGR_Somermeyer_2022,D7PM05_CLYGR,D7PM05_CLYGR,cssf_cba7b508de0e,carp_640m,-0.2359840891636538,235,0.9957446808510638,234,694,141.6,1.0,0.0,0.3112,1.0,0.4472700666567714,1.6344716010029834,0.0,0.0533275383180344,0.9466724616819656,Eukaryote,Activity,convolutional-protein-language-model,sequence,known-development-benchmark,available,,histgb,1,0.33653774123644814,0.3829302294690462,0.258115008265164,-0.20910900214746242,False,,False,0.572521830400102,0.6189143186327,False,0.37140120364665363
variantshift-development-v1,proteingym-v1.3,proteingym-substitutions-v1.3,D7PM05_CLYGR_Somermeyer_2022,D7PM05_CLYGR_Somermeyer_2022,D7PM05_CLYGR,D7PM05_CLYGR,cssf_cba7b508de0e,esm2_150m,-0.2816273091580595,235,0.9957446808510638,234,694,141.6,1.0,0.0,0.3112,1.0,1.3041316583006275,1.555341247472491,0.0,0.0533275383180344,0.9466724616819656,Eukaryote,Activity,masked-protein-language-model,sequence,known-development-benchmark,available,,histgb,1,0.15606933856812688,0.22550269596381634,0.24059889803443313,-0.32635977680549455,False,,False,0.4376966477261864,0.5071300051218759,True,0.361832116984797
variantshift-development-v1,proteingym-v1.3,proteingym-substitutions-v1.3,D7PM05_CLYGR_Somermeyer_2022,D7PM05_CLYGR_Somermeyer_2022,D7PM05_CLYGR,D7PM05_CLYGR,cssf_cba7b508de0e,esm2_35m,-0.2598546629546408,235,0.9957446808510638,234,694,141.6,1.0,0.0,0.3112,1.0,1.335008902820046,1.5392262101593872,0.0,0.041788079139976,0.958211920860024,Eukaryote,Activity,masked-protein-language-model,sequence,known-development-benchmark,available,,histgb,1,0.15686478284103803,0.1961813579757166,0.33429808444350284,-0.5705992425598383,False,,False,0.4167194457956789,0.45603602093035744,True,0.36925498293513803
variantshift-development-v1,proteingym-v1.3,proteingym-substitutions-v1.3,D7PM05_CLYGR_Somermeyer_2022,D7PM05_CLYGR_Somermeyer_2022,D7PM05_CLYGR,D7PM05_CLYGR,cssf_cba7b508de0e,esm2_650m,-0.2847551312771903,235,0.9957446808510638,234,694,141.6,1.0,0.0,0.3112,1.0,1.3224633156075312,1.5872018689617118,0.0,0.0500411845313168,0.9499588154686832,Eukaryote,Activity,masked-protein-language-model,sequence,known-development-benchmark,available,,histgb,1,0.18397546040293164,0.26421193022377853,0.24031716006585752,-0.2870043192532341,False,,False,0.468730591680122,0.5489670615009689,True,0.3727145848828218
variantshift-development-v1,proteingym-v1.3,proteingym-substitutions-v1.3,D7PM05_CLYGR_Somermeyer_2022,D7PM05_CLYGR_Somermeyer_2022,D7PM05_CLYGR,D7PM05_CLYGR,cssf_cba7b508de0e,esm2_8m,-0.1672200632512236,235,0.9957446808510638,234,694,141.6,1.0,0.0,0.3112,1.0,1.2628541496857613,1.5335346379519952,0.0,0.0498335269185622,0.9501664730814378,Eukaryote,Activity,masked-protein-language-model,sequence,known-development-benchmark,available,,histgb,1,0.15606933856812688,0.15788959670632607,0.24144896243724995,-0.39592267154078664,False,,False,0.3232894018193505,0.3251096599575497,True,0.35680415086743256
variantshift-development-v1,proteingym-v1.3,proteingym-substitutions-v1.3,D7PM05_CLYGR_Somermeyer_2022,D7PM05_CLYGR_Somermeyer_2022,D7PM05_CLYGR,D7PM05_CLYGR,cssf_cba7b508de0e,vespag,0.7272218145456276,235,0.9957446808510638,234,694,141.6,1.0,0.0,0.3112,1.0,0.0236413408309454,2.6142416558505808,0.0,0.4198540778028806,0.5801459221971194,Eukaryote,Activity,distilled-evolutionary-variant-effect-model,sequence,known-development-benchmark,available,,histgb,1,0.5552038902603103,0.5685497822137257,0.11793331568357934,0.2980457535306452,True,-1.6364859649912462,True,-0.17201792428531737,-0.15867203233190197,True,0.30577630554247437
variantshift-development-v1,proteingym-v1.3,proteingym-substitutions-v1.3,DLG4_HUMAN_Faure_2021,DLG4_HUMAN_Faure_2021,DLG4_HUMAN,DLG4_HUMAN,cssf_784e4bfd3195,carp_640m,0.6595413587313091,724,0.1160220994475138,84,25338,330.3,0.825,0.0,0.2352,1.0,2.922475373638932,1.814082916346141,0.0,0.2637185336803754,0.7362814663196245,Human,OrganismalFitness,convolutional-protein-language-model,sequence,known-development-benchmark,available,,histgb,0,0.4379627696630853,0.4379627696630853,0.14630439008283846,0.08364745519865208,False,,False,-0.22157858906822386,-0.22157858906822386,True,0.5226878997301784
variantshift-development-v1,proteingym-v1.3,proteingym-substitutions-v1.3,DLG4_HUMAN_Faure_2021,DLG4_HUMAN_Faure_2021,DLG4_HUMAN,DLG4_HUMAN,cssf_784e4bfd3195,esm2_150m,0.9019658809505986,724,0.1160220994475138,84,25338,330.3,0.825,0.0,0.2352,1.0,6.048315833109502,1.3445254688365529,0.0,0.0921269569275888,0.9078730430724112,Human,OrganismalFitness,masked-protein-language-model,sequence,known-development-benchmark,available,,histgb,0,0.5323458129940208,0.5323458129940208,0.18152567776289413,0.09273270525670463,False,,False,-0.36962006795657776,-0.36962006795657776,True,0.7587027922883866
variantshift-development-v1,proteingym-v1.3,proteingym-substitutions-v1.3,DLG4_HUMAN_Faure_2021,DLG4_HUMAN_Faure_2021,DLG4_HUMAN,DLG4_HUMAN,cssf_784e4bfd3195,esm2_35m,0.9012597595812364,724,0.1160220994475138,84,25338,330.3,0.825,0.0,0.2352,1.0,5.285417229799818,1.1713288888002498,0.0,0.0923308970685179,0.907669102931482,Human,OrganismalFitness,masked-protein-language-model,sequence,known-development-benchmark,available,,histgb,0,0.5050898375199488,0.5050898375199488,0.20913814332447156,-0.0013942603021429578,False,,False,-0.39616992206128754,-0.39616992206128754,True,0.6368146339196799
variantshift-development-v1,proteingym-v1.3,proteingym-substitutions-v1.3,DLG4_HUMAN_Faure_2021,DLG4_HUMAN_Faure_2021,DLG4_HUMAN,DLG4_HUMAN,cssf_784e4bfd3195,esm2_650m,0.6694839022497332,724,0.1160220994475138,84,25338,330.3,0.825,0.0,0.2352,1.0,5.997716893341626,1.818019849238318,0.0,0.1154973377419441,0.8845026622580558,Human,OrganismalFitness,masked-protein-language-model,sequence,known-development-benchmark,available,,histgb,0,0.545188658647892,0.545188658647892,0.2559435256728759,-0.07464722414806857,False,,False,-0.12429524360184119,-0.12429524360184119,True,0.8608677782720235
variantshift-development-v1,proteingym-v1.3,proteingym-substitutions-v1.3,DLG4_HUMAN_Faure_2021,DLG4_HUMAN_Faure_2021,DLG4_HUMAN,DLG4_HUMAN,cssf_784e4bfd3195,esm2_8m,0.8525172933550997,724,0.1160220994475138,84,25338,330.3,0.825,0.0,0.2352,1.0,3.945792664999462,1.256945076578472,0.0,0.1463372727482514,0.8536627272517485,Human,OrganismalFitness,masked-protein-language-model,sequence,known-development-benchmark,available,,histgb,0,0.42409371997004436,0.42409371997004436,0.27344074541508984,-0.2381163725930025,False,,False,-0.4284235733850554,-0.4284235733850554,True,0.49519859149949075
variantshift-development-v1,proteingym-v1.3,proteingym-substitutions-v1.3,DLG4_HUMAN_Faure_2021,DLG4_HUMAN_Faure_2021,DLG4_HUMAN,DLG4_HUMAN,cssf_784e4bfd3195,vespag,0.8156066616719755,724,0.1160220994475138,84,25338,330.3,0.825,0.0,0.2352,1.0,0.0250129383874366,2.534574239773454,0.0,0.0739580852249814,0.9260419147750184,Human,OrganismalFitness,distilled-evolutionary-variant-effect-model,sequence,known-development-benchmark,available,,histgb,0,0.5218814653108407,0.5218814653108407,0.127602949150047,0.21285670515778687,True,-0.8839851107246944,True,-0.2937251963611348,-0.2937251963611348,True,0.5624738400820578
variantshift-development-v1,proteingym-v1.3,proteingym-substitutions-v1.3,DLG4_RAT_McLaughlin_2012,DLG4_RAT_McLaughlin_2012,DLG4_RAT,DLG4_RAT,cssf_784e4bfd3195,carp_640m,0.5257794082287941,724,0.1146408839779005,83,24705,257.4,0.841,0.0,0.2343,1.0,4.057781645423612,1.9357308813331593,0.0,0.1795711896093974,0.8204288103906026,Eukaryote,Binding,convolutional-protein-language-model,sequence,known-development-benchmark,available,,histgb,0,0.5669642355739108,0.5669642355739108,0.3438972003200579,-0.26587505657479604,False,,False,0.04118482734511675,0.04118482734511675,True,0.7031628517031618
variantshift-development-v1,proteingym-v1.3,proteingym-substitutions-v1.3,DLG4_RAT_McLaughlin_2012,DLG4_RAT_McLaughlin_2012,DLG4_RAT,DLG4_RAT,cssf_784e4bfd3195,esm2_150m,0.5585516303739894,724,0.1146408839779005,83,24705,257.4,0.841,0.0,0.2343,1.0,3.892139860002726,1.6153319611626968,0.0,0.1012597284293848,0.8987402715706152,Eukaryote,Binding,masked-protein-language-model,sequence,known-development-benchmark,available,,histgb,0,0.5104217446262611,0.5104217446262611,0.25272677532789084,-0.10162391458589837,False,,False,-0.04812988574772825,-0.04812988574772825,True,0.5942324977901046
variantshift-development-v1,proteingym-v1.3,proteingym-substitutions-v1.3,DLG4_RAT_McLaughlin_2012,DLG4_RAT_McLaughlin_2012,DLG4_RAT,DLG4_RAT,cssf_784e4bfd3195,esm2_35m,0.4649168794403852,724,0.1146408839779005,83,24705,257.4,0.841,0.0,0.2343,1.0,3.4071649871552805,1.3934462879656828,0.0,0.1287096488266321,0.8712903511733678,Eukaryote,Binding,masked-protein-language-model,sequence,known-development-benchmark,available,,histgb,0,0.49693435130521413,0.49693435130521413,0.3037409994262874,-0.23865593184713063,False,,False,0.03201747186482895,0.03201747186482895,True,0.4761618735191056
variantshift-development-v1,proteingym-v1.3,proteingym-substitutions-v1.3,DLG4_RAT_McLaughlin_2012,DLG4_RAT_McLaughlin_2012,DLG4_RAT,DLG4_RAT,cssf_784e4bfd3195,esm2_650m,0.5202357913241588,724,0.1146408839779005,83,24705,257.4,0.841,0.0,0.2343,1.0,3.6019393517782814,1.9588901897715327,0.0,0.1429120504766288,0.8570879495233712,Eukaryote,Binding,masked-protein-language-model,sequence,known-development-benchmark,available,,histgb,0,0.5333203514437814,0.5333203514437814,0.33359368516991206,-0.27456621571529316,False,,False,0.013084560119622668,0.013084560119622668,True,0.63080273929002
variantshift-development-v1,proteingym-v1.3,proteingym-substitutions-v1.3,DLG4_RAT_McLaughlin_2012,DLG4_RAT_McLaughlin_2012,DLG4_RAT,DLG4_RAT,cssf_784e4bfd3195,esm2_8m,0.4350052575458256,724,0.1146408839779005,83,24705,257.4,0.841,0.0,0.2343,1.0,2.77656016735756,1.338960452203703,0.0,0.1672568885796875,0.8327431114203124,Eukaryote,Binding,masked-protein-language-model,sequence,known-development-benchmark,available,,histgb,0,0.39316562583705106,0.39316562583705106,0.22170804346623407,-0.1437598559995149,False,,False,-0.04183963170877453,-0.04183963170877453,True,0.37974265710595256
variantshift-development-v1,proteingym-v1.3,proteingym-substitutions-v1.3,DLG4_RAT_McLaughlin_2012,DLG4_RAT_McLaughlin_2012,DLG4_RAT,DLG4_RAT,cssf_784e4bfd3195,vespag,0.5249180459445363,724,0.1146408839779005,83,24705,257.4,0.841,0.0,0.2343,1.0,0.0521446659659218,2.831566201987296,0.0,0.1217866082857439,0.878213391714256,Eukaryote,Binding,distilled-evolutionary-variant-effect-model,sequence,known-development-benchmark,available,,histgb,0,0.5859641580793665,0.5859641580793665,0.1636752621381697,0.18958061865380088,True,-0.8677484304826888,True,0.061046112134830244,0.061046112134830244,True,0.6113882666291541
variantshift-development-v1,proteingym-v1.3,proteingym-substitutions-v1.3,DN7A_SACS2_Tsuboyama_2023_1JIC,DN7A_SACS2_Tsuboyama_2023_1JIC,DN7A_SACS2,DN7A_SACS2,cssf_0500559dbf7c,carp_640m,0.2483964365714378,55,1.0,55,42895,1365.3,0.764,0.0,0.5382,1.0,1.7183282613580655,1.639735482435998,0.0,0.0828541026444601,0.91714589735554,Prokaryote,Stability,convolutional-protein-language-model,sequence,known-development-benchmark,available,,histgb,2,0.6560881757589345,0.6560881757589345,0.19282911157895613,0.15213422588470238,False,,False,0.4076917391874967,0.4076917391874967,True,0.582550632886557
variantshift-development-v1,proteingym-v1.3,proteingym-substitutions-v1.3,DN7A_SACS2_Tsuboyama_2023_1JIC,DN7A_SACS2_Tsuboyama_2023_1JIC,DN7A_SACS2,DN7A_SACS2,cssf_0500559dbf7c,esm2_150m,0.1365813197600932,55,1.0,55,42895,1365.3,0.764,0.0,0.5382,1.0,1.6060011097988276,1.5847953742377878,0.0,0.0976160177169367,0.9023839822830632,Prokaryote,Stability,masked-protein-language-model,sequence,known-development-benchmark,available,,histgb,2,0.40792579742776025,0.40792579742776025,0.19611841909439393,-0.10462467348617566,False,,False,0.27134447766766706,0.27134447766766706,True,0.5045529807817104
variantshift-development-v1,proteingym-v1.3,proteingym-substitutions-v1.3,DN7A_SACS2_Tsuboyama_2023_1JIC,DN7A_SACS2_Tsuboyama_2023_1JIC,DN7A_SACS2,DN7A_SACS2,cssf_0500559dbf7c,esm2_35m,0.1712747539739043,55,1.0,55,42895,1365.3,0.764,0.0,0.5382,1.0,1.5819980021905788,1.6035512178247349,0.0,0.1042146840538524,0.8957853159461475,Prokaryote,Stability,masked-protein-language-model,sequence,known-development-benchmark,available,,histgb,2,0.42561667296699174,0.42561667296699174,0.1969915892052026,-0.08921580569282322,False,,False,0.25434191899308745,0.25434191899308745,True,0.501815354616488
variantshift-development-v1,proteingym-v1.3,proteingym-substitutions-v1.3,DN7A_SACS2_Tsuboyama_2023_1JIC,DN7A_SACS2_Tsuboyama_2023_1JIC,DN7A_SACS2,DN7A_SACS2,cssf_0500559dbf7c,esm2_650m,0.2204713298757423,55,1.0,55,42895,1365.3,0.764,0.0,0.5382,1.0,2.048929117220071,1.542023877576994,0.0,0.1281552575737827,0.8718447424262172,Prokaryote,Stability,masked-protein-language-model,sequence,known-development-benchmark,available,,histgb,2,0.5267233556351769,0.5267233556351769,0.19547566169552635,0.01585271473921812,False,,False,0.3062520257594346,0.3062520257594346,True,0.5056673826791102
variantshift-development-v1,proteingym-v1.3,proteingym-substitutions-v1.3,DN7A_SACS2_Tsuboyama_2023_1JIC,DN7A_SACS2_Tsuboyama_2023_1JIC,DN7A_SACS2,DN7A_SACS2,cssf_0500559dbf7c,esm2_8m,-0.0380891568065857,55,1.0,55,42895,1365.3,0.764,0.0,0.5382,1.0,1.4869342625574573,1.6444452147966673,0.0,0.0828541026444601,0.91714589735554,Prokaryote,Stability,masked-protein-language-model,sequence,known-development-benchmark,available,,histgb,2,0.4141092902199,0.4141092902199,0.20707819403983027,-0.1270842721248842,False,,False,0.4521984470264857,0.4521984470264857,True,0.5181818319908237
variantshift-development-v1,proteingym-v1.3,proteingym-substitutions-v1.3,DN7A_SACS2_Tsuboyama_2023_1JIC,DN7A_SACS2_Tsuboyama_2023_1JIC,DN7A_SACS2,DN7A_SACS2,cssf_0500559dbf7c,vespag,0.6340221989097086,55,1.0,55,42895,1365.3,0.764,0.0,0.5382,1.0,0.074656220508756,2.3853003999339424,0.0,0.321091989843337,0.678908010156663,Prokaryote,Stability,distilled-evolutionary-variant-effect-model,sequence,known-development-benchmark,available,,histgb,2,0.6155891580233604,0.6155891580233604,0.16213492282662292,0.19185368518956109,True,-1.336355760745523,True,-0.018433040886348118,-0.018433040886348118,True,0.4679078956772549
variantshift-development-v1,proteingym-v1.3,proteingym-substitutions-v1.3,DNJA1_HUMAN_Tsuboyama_2023_2LO1,DNJA1_HUMAN_Tsuboyama_2023_2LO1,DNJA1_HUMAN,DNJA1_HUMAN,cssf_3bc8071abc2c,carp_640m,0.7312976681579832,65,1.0,65,280284,35598.9,0.969,0.0,0.5041,1.0,2.8595122463816978,1.9780140973114997,0.0,0.2172461496750968,0.7827538503249032,Human,Stability,convolutional-protein-language-model,sequence,known-development-benchmark,available,,histgb,3,0.6689078168943071,0.6689078168943071,0.06827140952641447,0.5485610018707281,False,,False,-0.06238985126367613,-0.06238985126367613,True,0.5665227806411369
variantshift-development-v1,proteingym-v1.3,proteingym-substitutions-v1.3,DNJA1_HUMAN_Tsuboyama_2023_2LO1,DNJA1_HUMAN_Tsuboyama_2023_2LO1,DNJA1_HUMAN,DNJA1_HUMAN,cssf_3bc8071abc2c,esm2_150m,0.8247603777823989,65,1.0,65,280284,35598.9,0.969,0.0,0.5041,1.0,6.212489345911365,1.3364917206701186,0.0,0.0292657263608451,0.9707342736391548,Human,Stability,masked-protein-language-model,sequence,known-development-benchmark,available,,histgb,3,0.8980451734075828,0.8980451734075828,0.24010709041250689,0.4747915186761141,False,,False,0.07328479562518397,0.07328479562518397,True,0.7740347798004976
variantshift-development-v1,proteingym-v1.3,proteingym-substitutions-v1.3,DNJA1_HUMAN_Tsuboyama_2023_2LO1,DNJA1_HUMAN_Tsuboyama_2023_2LO1,DNJA1_HUMAN,DNJA1_HUMAN,cssf_3bc8071abc2c,esm2_35m,0.8468525817029842,65,1.0,65,280284,35598.9,0.969,0.0,0.5041,1.0,6.025958635560362,1.3816447778798784,0.0,0.0265417648077144,0.9734582351922856,Human,Stability,masked-protein-language-model,sequence,known-development-benchmark,available,,histgb,3,0.8591451183113421,0.8591451183113421,0.24367550145054395,0.4296011744807946,False,,False,0.01229253660835794,0.01229253660835794,True,0.7682551696146938
variantshift-development-v1,proteingym-v1.3,proteingym-substitutions-v1.3,DNJA1_HUMAN_Tsuboyama_2023_2LO1,DNJA1_HUMAN_Tsuboyama_2023_2LO1,DNJA1_HUMAN,DNJA1_HUMAN,cssf_3bc8071abc2c,esm2_650m,0.819041965481402,65,1.0,65,280284,35598.9,0.969,0.0,0.5041,1.0,6.007168999137992,1.2266237054113776,0.0,0.0267547718608611,0.9732452281391388,Human,Stability,masked-protein-language-model,sequence,known-development-benchmark,available,,histgb,3,0.8245347850050937,0.8245347850050937,0.22019688627547307,0.4363782473682154,False,,False,0.005492819523691739,0.005492819523691739,True,0.7316621890296706
variantshift-development-v1,proteingym-v1.3,proteingym-substitutions-v1.3,DNJA1_HUMAN_Tsuboyama_2023_2LO1,DNJA1_HUMAN_Tsuboyama_2023_2LO1,DNJA1_HUMAN,DNJA1_HUMAN,cssf_3bc8071abc2c,esm2_8m,0.6816152249215006,65,1.0,65,280284,35598.9,0.969,0.0,0.5041,1.0,4.154123611523311,1.4421617834758844,0.0,0.0432977934834016,0.9567022065165984,Human,Stability,masked-protein-language-model,sequence,known-development-benchmark,available,,histgb,3,0.8382548516327988,0.8382548516327988,0.1723370887298227,0.5344641450553165,False,,False,0.15663962671129816,0.15663962671129816,True,0.599532851156492
variantshift-development-v1,proteingym-v1.3,proteingym-substitutions-v1.3,DNJA1_HUMAN_Tsuboyama_2023_2LO1,DNJA1_HUMAN_Tsuboyama_2023_2LO1,DNJA1_HUMAN,DNJA1_HUMAN,cssf_3bc8071abc2c,vespag,0.6641159370826958,65,1.0,65,280284,35598.9,0.969,0.0,0.5041,1.0,0.0747959752317745,2.990664459364145,0.0,0.0312607187696484,0.9687392812303516,Human,Stability,distilled-evolutionary-variant-effect-model,sequence,known-development-benchmark,available,,histgb,3,0.8158751626506958,0.8158751626506958,0.15200125285185254,0.5479318641717537,True,0.8775222280721882,True,0.15175922556800003,0.15175922556800003,True,0.717174280118211
variantshift-development-v1,proteingym-v1.3,proteingym-substitutions-v1.3,DOCK1_MOUSE_Tsuboyama_2023_2M0Y,DOCK1_MOUSE_Tsuboyama_2023_2M0Y,DOCK1_MOUSE,DOCK1_MOUSE,cssf_784e4bfd3195,carp_640m,0.89759945909348,66,1.0,66,705447,24306.5,0.848,0.0,0.5909,1.0,2.9041641055449885,1.6757610734538122,0.0,0.109278977615095,0.8907210223849049,Eukaryote,Stability,convolutional-protein-language-model,sequence,known-development-benchmark,available,,histgb,0,0.6504183965718403,0.6504183965718403,0.17753355978356178,0.2204732730722177,False,,False,-0.24718106252163974,-0.24718106252163974,True,0.6250676994623401
variantshift-development-v1,proteingym-v1.3,proteingym-substitutions-v1.3,DOCK1_MOUSE_Tsuboyama_2023_2M0Y,DOCK1_MOUSE_Tsuboyama_2023_2M0Y,DOCK1_MOUSE,DOCK1_MOUSE,cssf_784e4bfd3195,esm2_150m,0.7520593714042955,66,1.0,66,705447,24306.5,0.848,0.0,0.5909,1.0,5.774963281623767,0.8979668353675722,0.0,0.0836648132486483,0.9163351867513516,Eukaryote,Stability,masked-protein-language-model,sequence,known-development-benchmark,available,,histgb,0,0.8093843235555671,0.8093843235555671,0.24042932969815292,0.22712022669394816,True,0.7452321384389178,True,0.057324952151271646,0.057324952151271646,True,0.6901301438202785
variantshift-development-v1,proteingym-v1.3,proteingym-substitutions-v1.3,DOCK1_MOUSE_Tsuboyama_2023_2M0Y,DOCK1_MOUSE_Tsuboyama_2023_2M0Y,DOCK1_MOUSE,DOCK1_MOUSE,cssf_784e4bfd3195,esm2_35m,0.7674758034507799,66,1.0,66,705447,24306.5,0.848,0.0,0.5909,1.0,5.014198979021734,0.9914319981819436,0.0,0.0707761182248696,0.9292238817751304,Eukaryote,Stability,masked-protein-language-model,sequence,known-development-benchmark,available,,histgb,0,0.744331891022939,0.744331891022939,0.26575258247792477,0.1007407467169682,False,,False,-0.023143912427840974,-0.023143912427840974,True,0.6411150141543773
variantshift-development-v1,proteingym-v1.3,proteingym-substitutions-v1.3,DOCK1_MOUSE_Tsuboyama_2023_2M0Y,DOCK1_MOUSE_Tsuboyama_2023_2M0Y,DOCK1_MOUSE,DOCK1_MOUSE,cssf_784e4bfd3195,esm2_650m,0.788641338986126,66,1.0,66,705447,24306.5,0.848,0.0,0.5909,1.0,6.627766792028968,0.91795410385044,0.0,0.0759180600939967,0.9240819399060032,Eukaryote,Stability,masked-protein-language-model,sequence,known-development-benchmark,available,,histgb,0,0.8036063986979245,0.8036063986979245,0.2282380705988805,0.25086670502769537,False,,False,0.014965059711798512,0.014965059711798512,True,0.7865229165066553
variantshift-development-v1,proteingym-v1.3,proteingym-substitutions-v1.3,DOCK1_MOUSE_Tsuboyama_2023_2M0Y,DOCK1_MOUSE_Tsuboyama_2023_2M0Y,DOCK1_MOUSE,DOCK1_MOUSE,cssf_784e4bfd3195,esm2_8m,0.4146546329985306,66,1.0,66,705447,24306.5,0.848,0.0,0.5909,1.0,3.104118656823414,1.5101129935096709,0.0,0.1663201800645702,0.8336798199354297,Eukaryote,Stability,masked-protein-language-model,sequence,known-development-benchmark,available,,histgb,0,0.5684739874937192,0.5684739874937192,0.22333470449956888,0.027609109749574978,False,,False,0.15381935449518863,0.15381935449518863,True,0.5296136119127279
variantshift-development-v1,proteingym-v1.3,proteingym-substitutions-v1.3,DOCK1_MOUSE_Tsuboyama_2023_2M0Y,DOCK1_MOUSE_Tsuboyama_2023_2M0Y,DOCK1_MOUSE,DOCK1_MOUSE,cssf_784e4bfd3195,vespag,0.7302726262002056,66,1.0,66,705447,24306.5,0.848,0.0,0.5909,1.0,0.0542422099427307,3.0260824969750053,0.0,0.1045765399876759,0.8954234600123241,Eukaryote,Stability,distilled-evolutionary-variant-effect-model,sequence,known-development-benchmark,available,,histgb,0,0.7521868328810651,0.7521868328810651,0.15431420470453153,0.37847360434939104,False,,False,0.021914206680859527,0.021914206680859527,True,0.7411326848774271
variantshift-development-v1,proteingym-v1.3,proteingym-substitutions-v1.3,DYR_ECOLI_Nguyen_2023,DYR_ECOLI_Nguyen_2023,DYR_ECOLI,DYR_ECOLI,cssf_0932cd92de6e,carp_640m,0.4346908682541016,159,0.9937106918238994,158,188828,53599.5,0.969,0.0,0.3772,1.0,3.655129607574832,1.5153016840737688,0.0,0.0624353918135875,0.9375646081864124,Prokaryote,OrganismalFitness,convolutional-protein-language-model,sequence,known-development-benchmark,available,,histgb,3,0.5271877217467403,0.5271877217467403,0.25613800326136044,0.07567524950054522,False,,False,0.09249685349263875,0.09249685349263875,True,0.5638897134917864
variantshift-development-v1,proteingym-v1.3,proteingym-substitutions-v1.3,DYR_ECOLI_Nguyen_2023,DYR_ECOLI_Nguyen_2023,DYR_ECOLI,DYR_ECOLI,cssf_0932cd92de6e,esm2_150m,0.4336131076378393,159,0.9937106918238994,158,188828,53599.5,0.969,0.0,0.3772,1.0,3.6158048775781375,1.5226964474602125,0.0,0.0619733019557945,0.9380266980442056,Prokaryote,OrganismalFitness,masked-protein-language-model,sequence,known-development-benchmark,available,,histgb,3,0.5087272997936965,0.5087272997936965,0.25287428952248603,0.06296800528832808,False,,False,0.07511419215585718,0.07511419215585718,True,0.5054067261058526
variantshift-development-v1,proteingym-v1.3,proteingym-substitutions-v1.3,DYR_ECOLI_Nguyen_2023,DYR_ECOLI_Nguyen_2023,DYR_ECOLI,DYR_ECOLI,cssf_0932cd92de6e,esm2_35m,0.4309785816869754,159,0.9937106918238994,158,188828,53599.5,0.969,0.0,0.3772,1.0,3.1741893801676393,1.441466122309753,0.0,0.0744916399938508,0.9255083600061492,Prokaryote,OrganismalFitness,masked-protein-language-model,sequence,known-development-benchmark,available,,histgb,3,0.5230341815111488,0.5230341815111488,0.2442269754425296,0.0925181156903832,False,,False,0.09205559982417338,0.09205559982417338,True,0.439779151486857
variantshift-development-v1,proteingym-v1.3,proteingym-substitutions-v1.3,DYR_ECOLI_Nguyen_2023,DYR_ECOLI_Nguyen_2023,DYR_ECOLI,DYR_ECOLI,cssf_0932cd92de6e,esm2_650m,0.4598386159668968,159,0.9937106918238994,158,188828,53599.5,0.969,0.0,0.3772,1.0,4.024828125567618,1.4756564117654738,0.0,0.0600044808344645,0.9399955191655356,Prokaryote,OrganismalFitness,masked-protein-language-model,sequence,known-development-benchmark,available,,histgb,3,0.5096424968687453,0.5096424968687453,0.23795060778918903,0.09019022572039392,False,,False,0.04980388090184851,0.04980388090184851,True,0.5338237111354933
variantshift-development-v1,proteingym-v1.3,proteingym-substitutions-v1.3,DYR_ECOLI_Nguyen_2023,DYR_ECOLI_Nguyen_2023,DYR_ECOLI,DYR_ECOLI,cssf_0932cd92de6e,esm2_8m,0.1293253603130189,159,0.9937106918238994,158,188828,53599.5,0.969,0.0,0.3772,1.0,1.4703524899748206,1.1601621401237687,0.0,0.3050753537811621,0.6949246462188379,Prokaryote,OrganismalFitness,masked-protein-language-model,sequence,known-development-benchmark,available,,histgb,3,0.09687187364453972,0.09687187364453972,0.1494402751648789,-0.16655700935489656,False,,False,-0.032453486668479165,-0.032453486668479165,True,0.09973777699821657
variantshift-development-v1,proteingym-v1.3,proteingym-substitutions-v1.3,DYR_ECOLI_Nguyen_2023,DYR_ECOLI_Nguyen_2023,DYR_ECOLI,DYR_ECOLI,cssf_0932cd92de6e,vespag,0.4471449909309139,159,0.9937106918238994,158,188828,53599.5,0.969,0.0,0.3772,1.0,0.1022355592713188,2.513699652956979,0.0,0.0820404097614271,0.9179595902385728,Prokaryote,OrganismalFitness,distilled-evolutionary-variant-effect-model,sequence,known-development-benchmark,available,,histgb,3,0.5255706287062725,0.5255706287062725,0.1493543562555389,0.26229320101091,True,0.8272418116320561,True,0.07842563777535855,0.07842563777535855,True,0.5340348202563183
variantshift-development-v1,proteingym-v1.3,proteingym-substitutions-v1.3,DYR_ECOLI_Thompson_2019,DYR_ECOLI_Thompson_2019,DYR_ECOLI,DYR_ECOLI,cssf_0932cd92de6e,carp_640m,0.3804574515696735,159,0.9874213836477987,157,41921,12324.2,0.981,0.0,0.3772,1.0,3.3342208321838256,1.5616263509383947,0.0,0.0759354740830353,0.9240645259169646,Prokaryote,OrganismalFitness,convolutional-protein-language-model,sequence,known-development-benchmark,available,,histgb,3,0.5901363462451515,0.5901363462451515,0.3767314866128894,-0.07395474030869698,False,,False,0.20967889467547807,0.20967889467547807,True,0.5371161534186124
variantshift-development-v1,proteingym-v1.3,proteingym-substitutions-v1.3,DYR_ECOLI_Thompson_2019,DYR_ECOLI_Thompson_2019,DYR_ECOLI,DYR_ECOLI,cssf_0932cd92de6e,esm2_150m,0.3820418326814361,159,0.9874213836477987,157,41921,12324.2,0.981,0.0,0.3772,1.0,3.279827391490925,1.5887797239046484,0.0,0.0707846700694239,0.929215329930576,Prokaryote,OrganismalFitness,masked-protein-language-model,sequence,known-development-benchmark,available,,histgb,3,0.5817543435862059,0.5817543435862059,0.3559192924735461,-0.045649624660039856,False,,False,0.19971251090476982,0.19971251090476982,True,0.4840818474183653
variantshift-development-v1,proteingym-v1.3,proteingym-substitutions-v1.3,DYR_ECOLI_Thompson_2019,DYR_ECOLI_Thompson_2019,DYR_ECOLI,DYR_ECOLI,cssf_0932cd92de6e,esm2_35m,0.3115913128837854,159,0.9874213836477987,157,41921,12324.2,0.981,0.0,0.3772,1.0,2.915734645460166,1.5082332359233983,0.0,0.0847667100113964,0.9152332899886036,Prokaryote,OrganismalFitness,masked-protein-language-model,sequence,known-development-benchmark,available,,histgb,3,0.5546894993970156,0.5546894993970156,0.24914725089383485,0.11550011800080129,False,,False,0.24309818651323023,0.24309818651323023,True,0.42504387131164967
variantshift-development-v1,proteingym-v1.3,proteingym-substitutions-v1.3,DYR_ECOLI_Thompson_2019,DYR_ECOLI_Thompson_2019,DYR_ECOLI,DYR_ECOLI,cssf_0932cd92de6e,esm2_650m,0.4265724694339692,159,0.9874213836477987,157,41921,12324.2,0.981,0.0,0.3772,1.0,3.6339138423532513,1.5333621473478378,0.0,0.0705816577982094,0.9294183422017904,Prokaryote,OrganismalFitness,masked-protein-language-model,sequence,known-development-benchmark,available,,histgb,3,0.5619248921714722,0.5619248921714722,0.3594422607052263,-0.07168925994314557,False,,False,0.13535242273750303,0.13535242273750303,True,0.5046143442005532
variantshift-development-v1,proteingym-v1.3,proteingym-substitutions-v1.3,DYR_ECOLI_Thompson_2019,DYR_ECOLI_Thompson_2019,DYR_ECOLI,DYR_ECOLI,cssf_0932cd92de6e,esm2_8m,-0.0366956412301471,159,0.9874213836477987,157,41921,12324.2,0.981,0.0,0.3772,1.0,1.3632150970701653,1.2483377417586874,0.0,0.296839899468893,0.703160100531107,Prokaryote,OrganismalFitness,masked-protein-language-model,sequence,known-development-benchmark,available,,histgb,3,0.00972136022015043,0.00972136022015043,0.16854681838872104,-0.28738797026162616,False,,False,0.04641700145029753,0.04641700145029753,True,0.11338559476672028
variantshift-development-v1,proteingym-v1.3,proteingym-substitutions-v1.3,DYR_ECOLI_Thompson_2019,DYR_ECOLI_Thompson_2019,DYR_ECOLI,DYR_ECOLI,cssf_0932cd92de6e,vespag,0.4872467905119875,159,0.9874213836477987,157,41921,12324.2,0.981,0.0,0.3772,1.0,0.1000886418458485,2.448818811817378,0.0,0.1011288158746078,0.8988711841253921,Prokaryote,OrganismalFitness,distilled-evolutionary-variant-effect-model,sequence,known-development-benchmark,available,,histgb,3,0.5445684947174961,0.5445684947174961,0.1620690329955791,0.25887801212356454,True,0.183619446256905,True,0.05732170420550864,0.05732170420550864,True,0.5090274255179394
variantshift-development-v1,proteingym-v1.3,proteingym-substitutions-v1.3,ENVZ_ECOLI_Ghose_2023,ENVZ_ECOLI_Ghose_2023,ENVZ_ECOLI,ENVZ_ECOLI,cssf_2ee5fd080c0f,carp_640m,0.1407452686613596,60,1.0,60,1879223,275719.5,0.933,0.0,0.5755,0.9824561403508772,2.939193643327078,1.2090942221447951,0.0,0.0895552789682898,0.91044472103171,Prokaryote,Activity,convolutional-protein-language-model,sequence,known-development-benchmark,available,,histgb,3,0.5830318811898036,0.5830318811898036,0.08198648070629819,0.43850854563192865,False,,False,0.44228661252844403,0.44228661252844403,False,0.4999050854470706
variantshift-development-v1,proteingym-v1.3,proteingym-substitutions-v1.3,ENVZ_ECOLI_Ghose_2023,ENVZ_ECOLI_Ghose_2023,ENVZ_ECOLI,ENVZ_ECOLI,cssf_2ee5fd080c0f,esm2_150m,0.1387301741639945,60,1.0,60,1879223,275719.5,0.933,0.0,0.5755,0.9824561403508772,3.1813850392136573,1.3350521699712603,0.0,0.0894763718073394,0.9105236281926604,Prokaryote,Activity,masked-protein-language-model,sequence,known-development-benchmark,available,,histgb,3,0.617964657810367,0.617964657810367,0.08378477207938563,0.4702713475773431,False,,False,0.47923448364637256,0.47923448364637256,False,0.4939091614110238
variantshift-development-v1,proteingym-v1.3,proteingym-substitutions-v1.3,ENVZ_ECOLI_Ghose_2023,ENVZ_ECOLI_Ghose_2023,ENVZ_ECOLI,ENVZ_ECOLI,cssf_2ee5fd080c0f,esm2_35m,0.1684127833057875,60,1.0,60,1879223,275719.5,0.933,0.0,0.5755,0.9824561403508772,2.6600798295613783,1.15227369837003,0.0,0.090580711280761,0.9094192887192388,Prokaryote,Activity,masked-protein-language-model,sequence,known-development-benchmark,available,,histgb,3,0.5510653786716648,0.5510653786716648,0.10725631498648626,0.3619971290291076,False,,False,0.38265259536587737,0.38265259536587737,False,0.4040201647455127
variantshift-development-v1,proteingym-v1.3,proteingym-substitutions-v1.3,ENVZ_ECOLI_Ghose_2023,ENVZ_ECOLI_Ghose_2023,ENVZ_ECOLI,ENVZ_ECOLI,cssf_2ee5fd080c0f,esm2_650m,0.1178994674644161,60,1.0,60,1879223,275719.5,0.933,0.0,0.5755,0.9824561403508772,3.2027410602775097,1.3927418593616987,0.0,0.0860513299472737,0.9139486700527264,Prokaryote,Activity,masked-protein-language-model,sequence,known-development-benchmark,available,,histgb,3,0.6253349216840095,0.6253349216840095,0.0836740859444993,0.47783672568538105,False,,False,0.5074354542195934,0.5074354542195934,False,0.510585244145153
variantshift-development-v1,proteingym-v1.3,proteingym-substitutions-v1.3,ENVZ_ECOLI_Ghose_2023,ENVZ_ECOLI_Ghose_2023,ENVZ_ECOLI,ENVZ_ECOLI,cssf_2ee5fd080c0f,esm2_8m,0.0632160659456616,60,1.0,60,1879223,275719.5,0.933,0.0,0.5755,0.9824561403508772,2.1839923841373734,1.298441725874913,0.0,0.1251900484465946,0.8748099515534054,Prokaryote,Activity,masked-protein-language-model,sequence,known-development-benchmark,available,,histgb,3,0.5451935761332098,0.5451935761332098,0.1415086599253417,0.29574630913807576,False,,False,0.48197751018754825,0.48197751018754825,False,0.3747590713916331
variantshift-development-v1,proteingym-v1.3,proteingym-substitutions-v1.3,ENVZ_ECOLI_Ghose_2023,ENVZ_ECOLI_Ghose_2023,ENVZ_ECOLI,ENVZ_ECOLI,cssf_2ee5fd080c0f,vespag,0.1638531015028823,60,1.0,60,1879223,275719.5,0.933,0.0,0.5755,0.9824561403508772,0.0695570201969022,2.802644328762369,0.0,0.1318754348710533,0.8681245651289466,Prokaryote,Activity,distilled-evolutionary-variant-effect-model,sequence,known-development-benchmark,available,,histgb,3,0.6694633125214626,0.6694633125214626,0.11062659790310138,0.47445402815358484,True,1.480321659092146,True,0.5056102110185803,0.5056102110185803,False,0.6550881204195327
variantshift-development-v1,proteingym-v1.3,proteingym-substitutions-v1.3,ENV_HV1BR_Haddox_2016,ENV_HV1BR_Haddox_2016,ENV_HV1BR,ENV_HV1BR,cssf_1bf288bd319a,carp_640m,0.3781731873007267,861,0.7862950058072009,677,74844,37355.2,0.98,0.0,0.237,1.0,4.064841306311619,1.9379402150031573,0.0,0.4172778241028221,0.5827221758971779,Virus,OrganismalFitness,convolutional-protein-language-model,sequence,known-development-benchmark,available,,histgb,3,0.6623261150333338,0.6623261150333338,0.10398014313603514,0.47903300392104453,False,,False,0.28415292773260714,0.28415292773260714,False,0.46340889698152227
variantshift-development-v1,proteingym-v1.3,proteingym-substitutions-v1.3,ENV_HV1BR_Haddox_2016,ENV_HV1BR_Haddox_2016,ENV_HV1BR,ENV_HV1BR,cssf_1bf288bd319a,esm2_150m,-0.0225598498035299,861,0.7862950058072009,677,74844,37355.2,0.98,0.0,0.237,1.0,1.4421798969062831,1.1419275006559957,0.0,0.3999898356348275,0.6000101643651725,Virus,OrganismalFitness,masked-protein-language-model,sequence,known-development-benchmark,available,,histgb,3,0.08857321055186182,0.08857321055186182,0.08957676046226094,-0.06933004494767839,False,,False,0.11113306035539172,0.11113306035539172,True,-0.006080489883545981
variantshift-development-v1,proteingym-v1.3,proteingym-substitutions-v1.3,ENV_HV1BR_Haddox_2016,ENV_HV1BR_Haddox_2016,ENV_HV1BR,ENV_HV1BR,cssf_1bf288bd319a,esm2_35m,-0.0069795119527728,861,0.7862950058072009,677,74844,37355.2,0.98,0.0,0.237,1.0,1.1302837399288617,1.3734596522997935,0.0,0.4163820605520832,0.5836179394479167,Virus,OrganismalFitness,masked-protein-language-model,sequence,known-development-benchmark,available,,histgb,3,0.02804067270681291,0.02804067270681291,0.06828586697491755,-0.0923316274780186,False,,False,0.03502018465958571,0.03502018465958571,True,0.008416811298929405
variantshift-development-v1,proteingym-v1.3,proteingym-substitutions-v1.3,ENV_HV1BR_Haddox_2016,ENV_HV1BR_Haddox_2016,ENV_HV1BR,ENV_HV1BR,cssf_1bf288bd319a,esm2_650m,0.0168509481508108,861,0.7862950058072009,677,74844,37355.2,0.98,0.0,0.237,1.0,1.8977978234156037,0.9335873989222494,0.0,0.3913272356036037,0.6086727643963963,Virus,OrganismalFitness,masked-protein-language-model,sequence,known-development-benchmark,available,,histgb,3,0.15272692153271253,0.15272692153271253,0.057101531960789924,0.052070035258973385,False,,False,0.13587597338190172,0.13587597338190172,False,-0.006035410722187773
variantshift-development-v1,proteingym-v1.3,proteingym-substitutions-v1.3,ENV_HV1BR_Haddox_2016,ENV_HV1BR_Haddox_2016,ENV_HV1BR,ENV_HV1BR,cssf_1bf288bd319a,esm2_8m,-0.0270565908036847,861,0.7862950058072009,677,74844,37355.2,0.98,0.0,0.237,1.0,1.065681795916973,1.4106874878548066,0.0,0.3978534654443683,0.6021465345556317,Virus,OrganismalFitness,masked-protein-language-model,sequence,known-development-benchmark,available,,histgb,3,0.06692674900373237,0.06692674900373237,0.07593682469686826,-0.06693243244082438,False,,False,0.09398333980741708,0.09398333980741708,True,0.02032459597513475
variantshift-development-v1,proteingym-v1.3,proteingym-substitutions-v1.3,ENV_HV1BR_Haddox_2016,ENV_HV1BR_Haddox_2016,ENV_HV1BR,ENV_HV1BR,cssf_1bf288bd319a,vespag,0.39778311823259,861,0.7862950058072009,677,74844,37355.2,0.98,0.0,0.237,1.0,0.0513526694917883,2.6257933663566417,0.0,0.3570851551638049,0.6429148448361951,Virus,OrganismalFitness,distilled-evolutionary-variant-effect-model,sequence,known-development-benchmark,available,,histgb,3,0.6536501017295856,0.6536501017295856,0.18194551607709936,0.33292194451718116,True,1.6704629428467457,True,0.2558669834969956,0.2558669834969956,True,0.3623972816965334
variantshift-development-v1,proteingym-v1.3,proteingym-substitutions-v1.3,EPHB2_HUMAN_Tsuboyama_2023_1F0M,EPHB2_HUMAN_Tsuboyama_2023_1F0M,EPHB2_HUMAN,EPHB2_HUMAN,cssf_1a40a2a2ccdc,carp_640m,0.7748820964421117,66,1.0,66,212234,8337.7,0.894,0.0,0.546,0.953846153846154,3.331031816883035,1.912257899277241,0.0,0.0967345979353591,0.9032654020646408,Human,Stability,convolutional-protein-language-model,sequence,known-development-benchmark,available,,histgb,4,0.6725347698495081,0.6725347698495081,0.15903566689490434,0.014875195485337334,False,,False,-0.1023473265926036,-0.1023473265926036,True,0.7183367772850189
variantshift-development-v1,proteingym-v1.3,proteingym-substitutions-v1.3,EPHB2_HUMAN_Tsuboyama_2023_1F0M,EPHB2_HUMAN_Tsuboyama_2023_1F0M,EPHB2_HUMAN,EPHB2_HUMAN,cssf_1a40a2a2ccdc,esm2_150m,0.6934188561843672,66,1.0,66,212234,8337.7,0.894,0.0,0.546,0.953846153846154,5.522622355686391,1.1107268761519935,0.0,0.0409023485867658,0.959097651413234,Human,Stability,masked-protein-language-model,sequence,known-development-benchmark,available,,histgb,4,0.7588120810866779,0.7588120810866779,0.13348583560166183,0.20680862463280103,False,,False,0.0653932249023107,0.0653932249023107,True,0.7107091108538639
variantshift-development-v1,proteingym-v1.3,proteingym-substitutions-v1.3,EPHB2_HUMAN_Tsuboyama_2023_1F0M,EPHB2_HUMAN_Tsuboyama_2023_1F0M,EPHB2_HUMAN,EPHB2_HUMAN,cssf_1a40a2a2ccdc,esm2_35m,0.6461693656713214,66,1.0,66,212234,8337.7,0.894,0.0,0.546,0.953846153846154,4.647671888510858,1.205402169453236,0.0,0.0508207448119857,0.9491792551880144,Human,Stability,masked-protein-language-model,sequence,known-development-benchmark,available,,histgb,4,0.8052450644923604,0.8052450644923604,0.14025675998572146,0.2252418307846472,True,0.14814463888077334,True,0.159075698821039,0.159075698821039,True,0.6524426413605267
variantshift-development-v1,proteingym-v1.3,proteingym-substitutions-v1.3,EPHB2_HUMAN_Tsuboyama_2023_1F0M,EPHB2_HUMAN_Tsuboyama_2023_1F0M,EPHB2_HUMAN,EPHB2_HUMAN,cssf_1a40a2a2ccdc,esm2_650m,0.7762164349677471,66,1.0,66,212234,8337.7,0.894,0.0,0.546,0.953846153846154,7.702921686771701,0.9984639384053952,0.0,0.0308518868187492,0.9691481131812508,Human,Stability,masked-protein-language-model,sequence,known-development-benchmark,available,,histgb,4,0.7684491422429407,0.7684491422429407,0.12743502660045675,0.24146757270277808,False,,False,-0.007767292724806363,-0.007767292724806363,True,0.8757308557838426
variantshift-development-v1,proteingym-v1.3,proteingym-substitutions-v1.3,EPHB2_HUMAN_Tsuboyama_2023_1F0M,EPHB2_HUMAN_Tsuboyama_2023_1F0M,EPHB2_HUMAN,EPHB2_HUMAN,cssf_1a40a2a2ccdc,esm2_8m,-0.4617547218478326,66,1.0,66,212234,8337.7,0.894,0.0,0.546,0.953846153846154,1.2120226127635296,1.8764474169081873,0.0,0.629426581887131,0.370573418112869,Human,Stability,masked-protein-language-model,sequence,known-development-benchmark,available,,histgb,4,0.038470697462699786,0.038470697462699786,0.1422076629951137,-0.54960009786709,False,,False,0.5002254193105324,0.5002254193105324,True,0.10864338108604832
variantshift-development-v1,proteingym-v1.3,proteingym-substitutions-v1.3,EPHB2_HUMAN_Tsuboyama_2023_1F0M,EPHB2_HUMAN_Tsuboyama_2023_1F0M,EPHB2_HUMAN,EPHB2_HUMAN,cssf_1a40a2a2ccdc,vespag,0.7636967639833167,66,1.0,66,212234,8337.7,0.894,0.0,0.546,0.953846153846154,0.0614776524275813,2.951976679629704,0.0,0.0508207448119857,0.9491792551880144,Human,Stability,distilled-evolutionary-variant-effect-model,sequence,known-development-benchmark,available,,histgb,4,0.7323344705409931,0.7323344705409931,0.12659225838560817,0.2088379971197485,False,,False,-0.03136229344232355,-0.03136229344232355,True,0.7559014671316815
variantshift-development-v1,proteingym-v1.3,proteingym-substitutions-v1.3,ESTA_BACSU_Nutschel_2020,ESTA_BACSU_Nutschel_2020,ESTA_BACSU,ESTA_BACSU,cssf_eb7894768bb9,carp_640m,0.6229921072653241,212,0.7924528301886793,168,234310,66416.1,0.774,0.0,0.4403,1.0,2.78016907724648,1.3421859430026846,0.0,0.1332236173429679,0.866776382657032,Prokaryote,Stability,convolutional-protein-language-model,sequence,known-development-benchmark,available,,histgb,4,0.46739245316555383,0.46739245316555383,0.14507054196686223,-0.1325171944341515,False,,False,-0.15559965409977022,-0.15559965409977022,True,0.48176715820698035
variantshift-development-v1,proteingym-v1.3,proteingym-substitutions-v1.3,ESTA_BACSU_Nutschel_2020,ESTA_BACSU_Nutschel_2020,ESTA_BACSU,ESTA_BACSU,cssf_eb7894768bb9,esm2_150m,0.3994688791877974,212,0.7924528301886793,168,234310,66416.1,0.774,0.0,0.4403,1.0,2.642040168070098,1.2284668307952158,0.0,0.0972682233947069,0.902731776605293,Prokaryote,Stability,masked-protein-language-model,sequence,known-development-benchmark,available,,histgb,4,0.41710702675055,0.41710702675055,0.1566417953285889,-0.23065317984207623,False,,False,0.017638147562752615,0.017638147562752615,True,0.4307630125444329
variantshift-development-v1,proteingym-v1.3,proteingym-substitutions-v1.3,ESTA_BACSU_Nutschel_2020,ESTA_BACSU_Nutschel_2020,ESTA_BACSU,ESTA_BACSU,cssf_eb7894768bb9,esm2_35m,0.4887507320058852,212,0.7924528301886793,168,234310,66416.1,0.774,0.0,0.4403,1.0,2.495729643306712,1.33292181040912,0.0,0.0972076793519287,0.9027923206480712,Prokaryote,Stability,masked-protein-language-model,sequence,known-development-benchmark,available,,histgb,4,0.41949352102390813,0.41949352102390813,0.1579738045174673,-0.2337749379834787,False,,False,-0.06925721098197707,-0.06925721098197707,True,0.4440338471160231
variantshift-development-v1,proteingym-v1.3,proteingym-substitutions-v1.3,ESTA_BACSU_Nutschel_2020,ESTA_BACSU_Nutschel_2020,ESTA_BACSU,ESTA_BACSU,cssf_eb7894768bb9,esm2_650m,0.4805047170520717,212,0.7924528301886793,168,234310,66416.1,0.774,0.0,0.4403,1.0,2.9644656456960368,1.2560792148154176,0.0,0.1307148102854425,0.8692851897145575,Prokaryote,Stability,masked-protein-language-model,sequence,known-development-benchmark,available,,histgb,4,0.4406377971225265,0.4406377971225265,0.13587211346396744,-0.12123362488825673,False,,False,-0.03986691992954522,-0.03986691992954522,True,0.44087980614591027
variantshift-development-v1,proteingym-v1.3,proteingym-substitutions-v1.3,ESTA_BACSU_Nutschel_2020,ESTA_BACSU_Nutschel_2020,ESTA_BACSU,ESTA_BACSU,cssf_eb7894768bb9,esm2_8m,0.361968252091033,212,0.7924528301886793,168,234310,66416.1,0.774,0.0,0.4403,1.0,1.9290992020604056,1.2489044123858006,0.0,0.1410485836820436,0.8589514163179564,Prokaryote,Stability,masked-protein-language-model,sequence,known-development-benchmark,available,,histgb,4,0.21671517948975583,0.21671517948975583,0.13575070511757323,-0.344654183058689,False,,False,-0.14525307260127718,-0.14525307260127718,True,0.34364896233389297
variantshift-development-v1,proteingym-v1.3,proteingym-substitutions-v1.3,ESTA_BACSU_Nutschel_2020,ESTA_BACSU_Nutschel_2020,ESTA_BACSU,ESTA_BACSU,cssf_eb7894768bb9,vespag,0.6198061469422603,212,0.7924528301886793,168,234310,66416.1,0.774,0.0,0.4403,1.0,0.0865536186314576,2.4179304433900173,0.0,0.2226631033560375,0.7773368966439624,Prokaryote,Stability,distilled-evolutionary-variant-effect-model,sequence,known-development-benchmark,available,,histgb,4,0.7076127261686924,0.7076127261686924,0.2122175250825255,-0.16996957938180746,True,1.5454224655017281,False,0.08780657922643209,0.08780657922643209,True,0.479698657929212
variantshift-development-v1,proteingym-v1.3,proteingym-substitutions-v1.3,FECA_ECOLI_Tsuboyama_2023_2D1U,FECA_ECOLI_Tsuboyama_2023_2D1U,FECA_ECOLI,FECA_ECOLI,cssf_9a3ea6c0c19c,carp_640m,0.8481533125018644,72,1.0,72,74248,10195.5,0.986,0.0,0.4275,0.9803921568627452,2.4859957853475745,1.5015911155287776,0.0,0.1420221920287525,0.8579778079712475,Prokaryote,Stability,convolutional-protein-language-model,sequence,known-development-benchmark,available,,histgb,1,0.4464752474187273,0.46538335910575557,0.16431704641790362,0.08848881679843268,False,,False,-0.40167806508313714,-0.38276995339610886,True,0.4548937600846456
variantshift-development-v1,proteingym-v1.3,proteingym-substitutions-v1.3,FECA_ECOLI_Tsuboyama_2023_2D1U,FECA_ECOLI_Tsuboyama_2023_2D1U,FECA_ECOLI,FECA_ECOLI,cssf_9a3ea6c0c19c,esm2_150m,0.8216150266171312,72,1.0,72,74248,10195.5,0.986,0.0,0.4275,0.9803921568627452,3.3403662461300527,1.3383228083400485,0.0,0.1090100576282013,0.8909899423717986,Prokaryote,Stability,masked-protein-language-model,sequence,known-development-benchmark,available,,histgb,1,0.5252467770935579,0.5023857748578896,0.2647127321707527,-0.10478667747963122,False,,False,-0.2963682495235732,-0.31922925175924155,True,0.4518020905189532
variantshift-development-v1,proteingym-v1.3,proteingym-substitutions-v1.3,FECA_ECOLI_Tsuboyama_2023_2D1U,FECA_ECOLI_Tsuboyama_2023_2D1U,FECA_ECOLI,FECA_ECOLI,cssf_9a3ea6c0c19c,esm2_35m,0.8122199195045418,72,1.0,72,74248,10195.5,0.986,0.0,0.4275,0.9803921568627452,2.6648576117097784,1.4908587162037177,0.0,0.1226290266279597,0.8773709733720403,Prokaryote,Stability,masked-protein-language-model,sequence,known-development-benchmark,available,,histgb,1,0.510193581246868,0.461177956780089,0.19121392514388996,0.022589956502834796,False,,False,-0.3020263382576738,-0.35104196272445276,True,0.42842262995849884
variantshift-development-v1,proteingym-v1.3,proteingym-substitutions-v1.3,FECA_ECOLI_Tsuboyama_2023_2D1U,FECA_ECOLI_Tsuboyama_2023_2D1U,FECA_ECOLI,FECA_ECOLI,cssf_9a3ea6c0c19c,esm2_650m,0.8231124700489622,72,1.0,72,74248,10195.5,0.986,0.0,0.4275,0.9803921568627452,4.509421518252157,1.2205178539152264,0.0,0.0884257131301486,0.9115742868698512,Prokaryote,Stability,masked-protein-language-model,sequence,known-development-benchmark,available,,histgb,1,0.636352350029312,0.6034945974435638,0.27063775358768544,-0.017268095734925715,True,-0.14454341901084763,False,-0.18676012001965014,-0.21961787260539833,True,0.5224822230865502
variantshift-development-v1,proteingym-v1.3,proteingym-substitutions-v1.3,FECA_ECOLI_Tsuboyama_2023_2D1U,FECA_ECOLI_Tsuboyama_2023_2D1U,FECA_ECOLI,FECA_ECOLI,cssf_9a3ea6c0c19c,esm2_8m,0.3995399952196669,72,1.0,72,74248,10195.5,0.986,0.0,0.4275,0.9803921568627452,1.3577497560670135,1.4347035566934945,0.0,0.3055432186310076,0.6944567813689924,Prokaryote,Stability,masked-protein-language-model,sequence,known-development-benchmark,available,,histgb,1,0.06801962878117905,0.09185231436611518,0.20685865098640796,-0.3826200443175284,False,,False,-0.3315203664384878,-0.3076876808535517,True,0.1847569657963063
variantshift-development-v1,proteingym-v1.3,proteingym-substitutions-v1.3,FECA_ECOLI_Tsuboyama_2023_2D1U,FECA_ECOLI_Tsuboyama_2023_2D1U,FECA_ECOLI,FECA_ECOLI,cssf_9a3ea6c0c19c,vespag,0.6250997365128665,72,1.0,72,74248,10195.5,0.986,0.0,0.4275,0.9803921568627452,0.0877981845525027,2.7640605490983017,0.0,0.1340536967762226,0.8659463032237774,Prokaryote,Stability,distilled-evolutionary-variant-effect-model,sequence,known-development-benchmark,available,,histgb,1,0.5209762168953889,0.5428790271900347,0.17164238347862126,0.14918233550787235,False,,False,-0.10412351961747768,-0.08222070932283188,True,0.6029531884094645
variantshift-development-v1,proteingym-v1.3,proteingym-substitutions-v1.3,FKBP3_HUMAN_Tsuboyama_2023_2KFV,FKBP3_HUMAN_Tsuboyama_2023_2KFV,FKBP3_HUMAN,FKBP3_HUMAN,cssf_178ecc1910b6,carp_640m,0.1405896315762572,69,1.0,69,3216,127.7,0.957,0.0,0.4367,0.9855072463768116,1.0139773229442477,1.6114575498713832,0.0,0.0982834145090274,0.9017165854909726,Human,Stability,convolutional-protein-language-model,sequence,known-development-benchmark,available,,histgb,2,0.46544507871324264,0.46544507871324264,0.26240896998657426,-0.22035405101523148,False,,False,0.32485544713698544,0.32485544713698544,True,0.4337268764529565
variantshift-development-v1,proteingym-v1.3,proteingym-substitutions-v1.3,FKBP3_HUMAN_Tsuboyama_2023_2KFV,FKBP3_HUMAN_Tsuboyama_2023_2KFV,FKBP3_HUMAN,FKBP3_HUMAN,cssf_178ecc1910b6,esm2_150m,-0.0557361874432147,69,1.0,69,3216,127.7,0.957,0.0,0.4367,0.9855072463768116,1.052965423608781,1.5324431808965226,0.0,0.0979638021327669,0.9020361978672332,Human,Stability,masked-protein-language-model,sequence,known-development-benchmark,available,,histgb,2,0.2786274751675148,0.2786274751675148,0.26461838961346795,-0.41294591623123006,False,,False,0.3343636626107295,0.3343636626107295,True,0.37236099636244735
variantshift-development-v1,proteingym-v1.3,proteingym-substitutions-v1.3,FKBP3_HUMAN_Tsuboyama_2023_2KFV,FKBP3_HUMAN_Tsuboyama_2023_2KFV,FKBP3_HUMAN,FKBP3_HUMAN,cssf_178ecc1910b6,esm2_35m,-0.0120060189020517,69,1.0,69,3216,127.7,0.957,0.0,0.4367,0.9855072463768116,0.9863639561272056,1.5985424494596114,0.0,0.1204593300383432,0.8795406699616568,Human,Stability,masked-protein-language-model,sequence,known-development-benchmark,available,,histgb,2,0.27801660900842823,0.27801660900842823,0.26251745302915075,-0.4080660383764471,False,,False,0.29002262791047995,0.29002262791047995,True,0.3645101765781277
variantshift-development-v1,proteingym-v1.3,proteingym-substitutions-v1.3,FKBP3_HUMAN_Tsuboyama_2023_2KFV,FKBP3_HUMAN_Tsuboyama_2023_2KFV,FKBP3_HUMAN,FKBP3_HUMAN,cssf_178ecc1910b6,esm2_650m,0.2623084928531036,69,1.0,69,3216,127.7,0.957,0.0,0.4367,0.9855072463768116,1.3540656023558295,1.5931040955849565,0.0,0.1234340568992192,0.8765659431007807,Human,Stability,masked-protein-language-model,sequence,known-development-benchmark,available,,histgb,2,0.28651195400822776,0.28651195400822776,0.2761764739746268,-0.4352681951725265,False,,False,0.024203461155124173,0.024203461155124173,True,0.38708789378282543
variantshift-development-v1,proteingym-v1.3,proteingym-substitutions-v1.3,FKBP3_HUMAN_Tsuboyama_2023_2KFV,FKBP3_HUMAN_Tsuboyama_2023_2KFV,FKBP3_HUMAN,FKBP3_HUMAN,cssf_178ecc1910b6,esm2_8m,0.0441541602182323,69,1.0,69,3216,127.7,0.957,0.0,0.4367,0.9855072463768116,1.028356480492861,1.5415188782737466,0.0,0.1234340568992192,0.8765659431007807,Human,Stability,masked-protein-language-model,sequence,known-development-benchmark,available,,histgb,2,0.277851243001862,0.277851243001862,0.2678144539899554,-0.4220749808784227,False,,False,0.2336970827836297,0.2336970827836297,True,0.3543444031293012
variantshift-development-v1,proteingym-v1.3,proteingym-substitutions-v1.3,FKBP3_HUMAN_Tsuboyama_2023_2KFV,FKBP3_HUMAN_Tsuboyama_2023_2KFV,FKBP3_HUMAN,FKBP3_HUMAN,cssf_178ecc1910b6,vespag,0.5433204932926171,69,1.0,69,3216,127.7,0.957,0.0,0.4367,0.9855072463768116,0.0586911992051339,2.5135115533069654,0.0,0.2516802758158316,0.7483197241841684,Human,Stability,distilled-evolutionary-variant-effect-model,sequence,known-development-benchmark,available,,histgb,2,0.46544869926759286,0.46544869926759286,0.09157692665769847,0.22611474430305356,True,-2.7395848209085956,True,-0.07787179402502425,-0.07787179402502425,True,0.45754728611759504
variantshift-development-v1,proteingym-v1.3,proteingym-substitutions-v1.3,GAL4_YEAST_Kitzman_2015,GAL4_YEAST_Kitzman_2015,GAL4_YEAST,GAL4_YEAST,cssf_2be67f569203,carp_640m,0.8101093669835603,881,0.0726447219069239,64,16159,8829.6,0.707,0.0,0.2239,1.0,4.039195334566635,1.4031108708910236,0.0,0.1237911897546253,0.8762088102453747,Eukaryote,OrganismalFitness,convolutional-protein-language-model,sequence,known-development-benchmark,available,,histgb,4,0.5601134812753064,0.5601134812753064,0.24172535666247233,-0.43949244536706855,False,,False,-0.24999588570825393,-0.24999588570825393,True,0.5490842972239381
variantshift-development-v1,proteingym-v1.3,proteingym-substitutions-v1.3,GAL4_YEAST_Kitzman_2015,GAL4_YEAST_Kitzman_2015,GAL4_YEAST,GAL4_YEAST,cssf_2be67f569203,esm2_150m,0.547758795914342,881,0.0726447219069239,64,16159,8829.6,0.707,0.0,0.2239,1.0,3.787121704827549,1.2400308870258163,0.0,0.0940224766096895,0.9059775233903103,Eukaryote,OrganismalFitness,masked-protein-language-model,sequence,known-development-benchmark,available,,histgb,4,0.5106682476658979,0.5106682476658979,0.27578508453833106,-0.6297847391054425,False,,False,-0.037090548248444044,-0.037090548248444044,True,0.4718092117593658
variantshift-development-v1,proteingym-v1.3,proteingym-substitutions-v1.3,GAL4_YEAST_Kitzman_2015,GAL4_YEAST_Kitzman_2015,GAL4_YEAST,GAL4_YEAST,cssf_2be67f569203,esm2_35m,0.5228780094623994,881,0.0726447219069239,64,16159,8829.6,0.707,0.0,0.2239,1.0,3.1450278091681443,1.0388895043939348,0.0,0.0671999711126123,0.9328000288873876,Eukaryote,OrganismalFitness,masked-protein-language-model,sequence,known-development-benchmark,available,,histgb,4,0.32328114418814674,0.32328114418814674,0.2929591183268643,-0.8881915576697883,False,,False,-0.19959686527425263,-0.19959686527425263,True,0.38710515999636785
variantshift-development-v1,proteingym-v1.3,proteingym-substitutions-v1.3,GAL4_YEAST_Kitzman_2015,GAL4_YEAST_Kitzman_2015,GAL4_YEAST,GAL4_YEAST,cssf_2be67f569203,esm2_650m,0.8320454021275833,881,0.0726447219069239,64,16159,8829.6,0.707,0.0,0.2239,1.0,4.475195735038269,1.4710413515696152,0.0,0.1622298813022304,0.8377701186977695,Eukaryote,OrganismalFitness,masked-protein-language-model,sequence,known-development-benchmark,available,,histgb,4,0.5233123412606259,0.5233123412606259,0.2566226387157026,-0.5378982578781698,False,,False,-0.3087330608669574,-0.3087330608669574,True,0.5379655077310506
variantshift-development-v1,proteingym-v1.3,proteingym-substitutions-v1.3,GAL4_YEAST_Kitzman_2015,GAL4_YEAST_Kitzman_2015,GAL4_YEAST,GAL4_YEAST,cssf_2be67f569203,esm2_8m,0.4023321738360568,881,0.0726447219069239,64,16159,8829.6,0.707,0.0,0.2239,1.0,2.9548837485515898,0.9983761431305416,0.0,0.0940224766096895,0.9059775233903103,Eukaryote,OrganismalFitness,masked-protein-language-model,sequence,known-development-benchmark,available,,histgb,4,0.3620511577058945,0.3620511577058945,0.26251561638989035,-0.7235286490742596,False,,False,-0.04028101613016227,-0.04028101613016227,True,0.3416722412779265
variantshift-development-v1,proteingym-v1.3,proteingym-substitutions-v1.3,GAL4_YEAST_Kitzman_2015,GAL4_YEAST_Kitzman_2015,GAL4_YEAST,GAL4_YEAST,cssf_2be67f569203,vespag,0.8573198719094618,881,0.0726447219069239,64,16159,8829.6,0.707,0.0,0.2239,1.0,0.0578563610622996,2.7269003213174594,0.0,0.1597247442625872,0.8402752557374128,Eukaryote,OrganismalFitness,distilled-evolutionary-variant-effect-model,sequence,known-development-benchmark,available,,histgb,4,0.5588168811294949,0.5588168811294949,0.14187388125446318,-0.027873627867218254,True,0.8405524865724916,False,-0.2985029907799669,-0.2985029907799669,True,0.5370055160721728
variantshift-development-v1,proteingym-v1.3,proteingym-substitutions-v1.3,GDIA_HUMAN_Silverstein_2021,GDIA_HUMAN_Silverstein_2021,GDIA_HUMAN,GDIA_HUMAN,cssf_8931019bd293,carp_640m,0.5630896154879128,447,0.9955257270693512,445,5196,357.4,0.996,0.0,0.4881,1.0,3.468024192018462,1.8652866149769904,0.0,0.1936846605800025,0.8063153394199974,Human,OrganismalFitness,convolutional-protein-language-model,sequence,known-development-benchmark,available,,histgb,0,0.5174984707896196,0.5174984707896196,0.14792592753739706,0.159256168537585,False,,False,-0.04559114469829317,-0.04559114469829317,True,0.6064128624716028
variantshift-development-v1,proteingym-v1.3,proteingym-substitutions-v1.3,GDIA_HUMAN_Silverstein_2021,GDIA_HUMAN_Silverstein_2021,GDIA_HUMAN,GDIA_HUMAN,cssf_8931019bd293,esm2_150m,0.4952769360133736,447,0.9955257270693512,445,5196,357.4,0.996,0.0,0.4881,1.0,3.3861529357572873,1.628029310718529,0.0,0.1984404519859463,0.8015595480140537,Human,OrganismalFitness,masked-protein-language-model,sequence,known-development-benchmark,available,,histgb,0,0.4764102365077537,0.4764102365077537,0.1446797485211969,0.12602942725863975,False,,False,-0.018866699505619866,-0.018866699505619866,True,0.48832259722453997
variantshift-development-v1,proteingym-v1.3,proteingym-substitutions-v1.3,GDIA_HUMAN_Silverstein_2021,GDIA_HUMAN_Silverstein_2021,GDIA_HUMAN,GDIA_HUMAN,cssf_8931019bd293,esm2_35m,0.1929188652590299,447,0.9955257270693512,445,5196,357.4,0.996,0.0,0.4881,1.0,1.8898238022684637,0.861597367288968,0.0,0.3099894572427231,0.6900105427572769,Human,OrganismalFitness,masked-protein-language-model,sequence,known-development-benchmark,available,,histgb,0,0.11376480625716676,0.11376480625716676,0.15850367684780872,-0.27009435254389136,False,,False,-0.07915405900186315,-0.07915405900186315,True,0.09113822975272101
variantshift-development-v1,proteingym-v1.3,proteingym-substitutions-v1.3,GDIA_HUMAN_Silverstein_2021,GDIA_HUMAN_Silverstein_2021,GDIA_HUMAN,GDIA_HUMAN,cssf_8931019bd293,esm2_650m,0.4874923058623666,447,0.9955257270693512,445,5196,357.4,0.996,0.0,0.4881,1.0,3.3637488650589553,2.2120632933545674,0.0,0.1789775151548598,0.8210224848451402,Human,OrganismalFitness,masked-protein-language-model,sequence,known-development-benchmark,available,,histgb,0,0.5372297682360965,0.5372297682360965,0.14717365232078214,0.1808093021558117,False,,False,0.04973746237372989,0.04973746237372989,True,0.6408641920432226
variantshift-development-v1,proteingym-v1.3,proteingym-substitutions-v1.3,GDIA_HUMAN_Silverstein_2021,GDIA_HUMAN_Silverstein_2021,GDIA_HUMAN,GDIA_HUMAN,cssf_8931019bd293,esm2_8m,-0.0142338410007597,447,0.9955257270693512,445,5196,357.4,0.996,0.0,0.4881,1.0,1.1500984940946168,1.1838538299103682,0.0,0.3739767730604685,0.6260232269395315,Human,OrganismalFitness,masked-protein-language-model,sequence,known-development-benchmark,available,,histgb,0,0.04511203953805514,0.04511203953805514,0.12477467925392326,-0.2570633066154052,False,,False,0.059345880538814844,0.059345880538814844,True,0.0657416609391373
variantshift-development-v1,proteingym-v1.3,proteingym-substitutions-v1.3,GDIA_HUMAN_Silverstein_2021,GDIA_HUMAN_Silverstein_2021,GDIA_HUMAN,GDIA_HUMAN,cssf_8931019bd293,vespag,0.5250501590071296,447,0.9955257270693512,445,5196,357.4,0.996,0.0,0.4881,1.0,0.1439160023992177,2.282852016300215,0.0,0.1282487507427043,0.8717512492572956,Human,OrganismalFitness,distilled-evolutionary-variant-effect-model,sequence,known-development-benchmark,available,,histgb,0,0.49025657720851107,0.49025657720851107,0.1235224458258486,0.19111385010769788,True,-1.1246210912128123,True,-0.03479358179861852,-0.03479358179861852,True,0.46895027316105986
variantshift-development-v1,proteingym-v1.3,proteingym-substitutions-v1.3,GFP_AEQVI_Sarkisyan_2016,GFP_AEQVI_Sarkisyan_2016,GFP_AEQVI,GFP_AEQVI,cssf_cba7b508de0e,carp_640m,-0.1169253941089834,238,0.9789915966386554,233,396,13.1,0.975,0.0,0.302,1.0,0.4760149290485618,1.7025710473370486,0.0,0.0840637663639018,0.915936233636098,Eukaryote,Activity,convolutional-protein-language-model,sequence,known-development-benchmark,available,,histgb,1,0.3583135765881922,0.3992621059828542,0.20136007718785473,-0.06259815614521885,False,,False,0.4752389706971756,0.5161875000918377,False,0.3755436634147753
variantshift-development-v1,proteingym-v1.3,proteingym-substitutions-v1.3,GFP_AEQVI_Sarkisyan_2016,GFP_AEQVI_Sarkisyan_2016,GFP_AEQVI,GFP_AEQVI,cssf_cba7b508de0e,esm2_150m,-0.0448418320726619,238,0.9789915966386554,233,396,13.1,0.975,0.0,0.302,1.0,1.6383400385883764,1.6048372051314437,0.0,0.0625593729101738,0.937440627089826,Eukaryote,Activity,masked-protein-language-model,sequence,known-development-benchmark,available,,histgb,1,0.14676244997310903,0.21852252951755294,0.1913810030756507,-0.22044869795367397,False,,False,0.19160428204577093,0.2633643615902148,True,0.3995410192202208
variantshift-development-v1,proteingym-v1.3,proteingym-substitutions-v1.3,GFP_AEQVI_Sarkisyan_2016,GFP_AEQVI_Sarkisyan_2016,GFP_AEQVI,GFP_AEQVI,cssf_cba7b508de0e,esm2_35m,0.0331572157897336,238,0.9789915966386554,233,396,13.1,0.975,0.0,0.302,1.0,1.5743948554898042,1.6336597937638735,0.0,0.0595622112420524,0.9404377887579476,Eukaryote,Activity,masked-protein-language-model,sequence,known-development-benchmark,available,,histgb,1,0.15156024657284334,0.19220295577457058,0.2021206847807366,-0.27140191445621636,False,,False,0.11840303078310974,0.15904573998483698,True,0.40382021195847845
variantshift-development-v1,proteingym-v1.3,proteingym-substitutions-v1.3,GFP_AEQVI_Sarkisyan_2016,GFP_AEQVI_Sarkisyan_2016,GFP_AEQVI,GFP_AEQVI,cssf_cba7b508de0e,esm2_650m,0.0150151797858523,238,0.9789915966386554,233,396,13.1,0.975,0.0,0.302,1.0,1.644148244139445,1.5953777291003923,0.0,0.0665029205935715,0.9334970794064285,Eukaryote,Activity,masked-protein-language-model,sequence,known-development-benchmark,available,,histgb,1,0.14516766074008927,0.23510608047664677,0.19286582811114436,-0.20727089499430723,False,,False,0.13015248095423698,0.22009090069079448,True,0.39480994239945333
variantshift-development-v1,proteingym-v1.3,proteingym-substitutions-v1.3,GFP_AEQVI_Sarkisyan_2016,GFP_AEQVI_Sarkisyan_2016,GFP_AEQVI,GFP_AEQVI,cssf_cba7b508de0e,esm2_8m,-0.0078419998672645,238,0.9789915966386554,233,396,13.1,0.975,0.0,0.302,1.0,1.4070135853798855,1.6686319227537632,0.0,0.0840637663639018,0.915936233636098,Eukaryote,Activity,masked-protein-language-model,sequence,known-development-benchmark,available,,histgb,1,0.14968507573971307,0.1531013995850157,0.2024550887961416,-0.3112704942204968,False,,False,0.15752707560697757,0.1609433994522802,True,0.3811667746212941
variantshift-development-v1,proteingym-v1.3,proteingym-substitutions-v1.3,GFP_AEQVI_Sarkisyan_2016,GFP_AEQVI_Sarkisyan_2016,GFP_AEQVI,GFP_AEQVI,cssf_cba7b508de0e,vespag,0.3982244884098689,238,0.9789915966386554,233,396,13.1,0.975,0.0,0.302,1.0,0.0129904310429433,2.181555635101452,0.0,0.3864455990031075,0.6135544009968925,Eukaryote,Activity,distilled-evolutionary-variant-effect-model,sequence,known-development-benchmark,available,,histgb,1,0.5225703686718256,0.5440746410223622,0.10523537634107175,0.3026959169931214,True,-2.748119963286419,True,0.1243458802619567,0.14585015261249334,True,0.24508761069284207
variantshift-development-v1,proteingym-v1.3,proteingym-substitutions-v1.3,GRB2_HUMAN_Faure_2021,GRB2_HUMAN_Faure_2021,GRB2_HUMAN,GRB2_HUMAN,cssf_784e4bfd3195,carp_640m,0.8822130996795066,217,0.2534562211981567,55,33228,1471.1,0.816,0.0,0.2748,1.0,2.8083890339757667,1.702118829679438,0.0,0.1063709802298107,0.8936290197701893,Human,OrganismalFitness,convolutional-protein-language-model,sequence,known-development-benchmark,available,,histgb,0,0.5163796025196928,0.5163796025196928,0.2383623175599617,-0.060878670146696234,False,,False,-0.3658334971598137,-0.3658334971598137,True,0.5659002194144833
variantshift-development-v1,proteingym-v1.3,proteingym-substitutions-v1.3,GRB2_HUMAN_Faure_2021,GRB2_HUMAN_Faure_2021,GRB2_HUMAN,GRB2_HUMAN,cssf_784e4bfd3195,esm2_150m,0.9713735895264308,217,0.2534562211981567,55,33228,1471.1,0.816,0.0,0.2748,1.0,5.038372376226358,1.5547071386665758,0.0,0.0576118948886947,0.9423881051113052,Human,OrganismalFitness,masked-protein-language-model,sequence,known-development-benchmark,available,,histgb,0,0.548613906451709,0.548613906451709,0.29821579994069697,-0.17359562447503774,False,,False,-0.4227596830747218,-0.4227596830747218,True,0.7331106133227736
variantshift-development-v1,proteingym-v1.3,proteingym-substitutions-v1.3,GRB2_HUMAN_Faure_2021,GRB2_HUMAN_Faure_2021,GRB2_HUMAN,GRB2_HUMAN,cssf_784e4bfd3195,esm2_35m,0.9446735071491582,217,0.2534562211981567,55,33228,1471.1,0.816,0.0,0.2748,1.0,4.395230183195083,1.5666524444316303,0.0,0.0691642732613784,0.9308357267386216,Human,OrganismalFitness,masked-protein-language-model,sequence,known-development-benchmark,available,,histgb,0,0.5506402113255178,0.5506402113255178,0.29767710942798314,-0.17026473606615433,False,,False,-0.39403329582364044,-0.39403329582364044,True,0.6645122674010094
variantshift-development-v1,proteingym-v1.3,proteingym-substitutions-v1.3,GRB2_HUMAN_Faure_2021,GRB2_HUMAN_Faure_2021,GRB2_HUMAN,GRB2_HUMAN,cssf_784e4bfd3195,esm2_650m,1.0037161929241771,217,0.2534562211981567,55,33228,1471.1,0.816,0.0,0.2748,1.0,5.87751513522974,1.5943787085092642,0.0,0.0564000841328788,0.9435999158671212,Human,OrganismalFitness,masked-protein-language-model,sequence,known-development-benchmark,available,,histgb,0,0.6263428215978034,0.6263428215978034,0.28747357029931087,-0.06985151955041502,False,,False,-0.3773733713263737,-0.3773733713263737,True,0.8299792269670503
variantshift-development-v1,proteingym-v1.3,proteingym-substitutions-v1.3,GRB2_HUMAN_Faure_2021,GRB2_HUMAN_Faure_2021,GRB2_HUMAN,GRB2_HUMAN,cssf_784e4bfd3195,esm2_8m,0.7585637843028145,217,0.2534562211981567,55,33228,1471.1,0.816,0.0,0.2748,1.0,3.1766075583336604,1.4372809176336796,0.0,0.0944664503024848,0.9055335496975152,Human,OrganismalFitness,masked-protein-language-model,sequence,known-development-benchmark,available,,histgb,0,0.3964191538539271,0.3964191538539271,0.24478598979093352,-0.19639576373094003,False,,False,-0.36214463044888734,-0.36214463044888734,True,0.49499726000859545
variantshift-development-v1,proteingym-v1.3,proteingym-substitutions-v1.3,GRB2_HUMAN_Faure_2021,GRB2_HUMAN_Faure_2021,GRB2_HUMAN,GRB2_HUMAN,cssf_784e4bfd3195,vespag,0.925684763601735,217,0.2534562211981567,55,33228,1471.1,0.816,0.0,0.2748,1.0,0.0189731311275558,2.4883049817592138,0.0,0.0564538169774005,0.9435461830225994,Human,OrganismalFitness,distilled-evolutionary-variant-effect-model,sequence,known-development-benchmark,available,,histgb,0,0.6007794612638094,0.6007794612638094,0.21889248512535894,0.07067260898699412,True,-0.527289285084963,True,-0.3249053023379256,-0.3249053023379256,True,0.5683255467788091
variantshift-development-v1,proteingym-v1.3,proteingym-substitutions-v1.3,HCP_LAMBD_Tsuboyama_2023_2L6Q,HCP_LAMBD_Tsuboyama_2023_2L6Q,HCP_LAMBD,HCP_LAMBD,cssf_f4afbafe8fe3,carp_640m,0.792773574792699,55,1.0,55,2128,1691.9,0.945,0.0,0.6414,1.0,2.768594753306876,1.5378071237387274,0.0,0.1311821824055794,0.8688178175944206,Virus,Stability,convolutional-protein-language-model,sequence,known-development-benchmark,available,,histgb,0,0.4705881490590737,0.4705881490590737,0.15559758634120166,0.09376686773474457,False,,False,-0.32218542573362535,-0.32218542573362535,True,0.5254621817894829
variantshift-development-v1,proteingym-v1.3,proteingym-substitutions-v1.3,HCP_LAMBD_Tsuboyama_2023_2L6Q,HCP_LAMBD_Tsuboyama_2023_2L6Q,HCP_LAMBD,HCP_LAMBD,cssf_f4afbafe8fe3,esm2_150m,0.7642185074664947,55,1.0,55,2128,1691.9,0.945,0.0,0.6414,1.0,2.4659224691367765,1.4426974991493964,0.0,0.1131093888983596,0.8868906111016404,Virus,Stability,masked-protein-language-model,sequence,known-development-benchmark,available,,histgb,0,0.28957646665021314,0.28957646665021314,0.16559439165286183,-0.11145475954067174,False,,False,-0.47464204081628153,-0.47464204081628153,True,0.43072036232272776
variantshift-development-v1,proteingym-v1.3,proteingym-substitutions-v1.3,HCP_LAMBD_Tsuboyama_2023_2L6Q,HCP_LAMBD_Tsuboyama_2023_2L6Q,HCP_LAMBD,HCP_LAMBD,cssf_f4afbafe8fe3,esm2_35m,0.5829402210858102,55,1.0,55,2128,1691.9,0.945,0.0,0.6414,1.0,1.5137294090022524,1.8731823710370132,0.0,0.1218026345182528,0.8781973654817472,Virus,Stability,masked-protein-language-model,sequence,known-development-benchmark,available,,histgb,0,0.18322386395269472,0.18322386395269472,0.11039698096747606,-0.08413203018874546,False,,False,-0.3997163571331155,-0.3997163571331155,True,0.4361256277123883
variantshift-development-v1,proteingym-v1.3,proteingym-substitutions-v1.3,HCP_LAMBD_Tsuboyama_2023_2L6Q,HCP_LAMBD_Tsuboyama_2023_2L6Q,HCP_LAMBD,HCP_LAMBD,cssf_f4afbafe8fe3,esm2_650m,0.8561447478134085,55,1.0,55,2128,1691.9,0.945,0.0,0.6414,1.0,3.3875833108009403,1.6089851213550923,0.0,0.1790297068720264,0.8209702931279735,Virus,Stability,masked-protein-language-model,sequence,known-development-benchmark,available,,histgb,0,0.5135674834716858,0.5135674834716858,0.16474558685542276,0.1145918657184784,False,,False,-0.34257726434172275,-0.34257726434172275,True,0.5365484511366879
variantshift-development-v1,proteingym-v1.3,proteingym-substitutions-v1.3,HCP_LAMBD_Tsuboyama_2023_2L6Q,HCP_LAMBD_Tsuboyama_2023_2L6Q,HCP_LAMBD,HCP_LAMBD,cssf_f4afbafe8fe3,esm2_8m,0.4265129206701782,55,1.0,55,2128,1691.9,0.945,0.0,0.6414,1.0,1.4510019302795512,1.8265727811570744,0.0,0.1675611365139091,0.8324388634860909,Virus,Stability,masked-protein-language-model,sequence,known-development-benchmark,available,,histgb,0,0.16842543736565252,0.16842543736565252,0.13389427471432705,-0.15583545476159477,False,,False,-0.2580874833045257,-0.2580874833045257,True,0.3967977124792331
variantshift-development-v1,proteingym-v1.3,proteingym-substitutions-v1.3,HCP_LAMBD_Tsuboyama_2023_2L6Q,HCP_LAMBD_Tsuboyama_2023_2L6Q,HCP_LAMBD,HCP_LAMBD,cssf_f4afbafe8fe3,vespag,0.7464006330582457,55,1.0,55,2128,1691.9,0.945,0.0,0.6414,1.0,0.0810883234492017,2.6264075798778284,0.0,0.2021094036201529,0.797890596379847,Virus,Stability,distilled-evolutionary-variant-effect-model,sequence,known-development-benchmark,available,,histgb,0,0.6006635684708516,0.6006635684708516,0.13527820653012307,0.2730511143280457,True,-1.057330996362513,True,-0.1457370645873941,-0.1457370645873941,True,0.5578130226085367
variantshift-development-v1,proteingym-v1.3,proteingym-substitutions-v1.3,HECD1_HUMAN_Tsuboyama_2023_3DKM,HECD1_HUMAN_Tsuboyama_2023_3DKM,HECD1_HUMAN,HECD1_HUMAN,cssf_45f2530c8897,carp_640m,0.9322981963001422,72,1.0,72,18660,1239.8,0.903,0.0,0.6027,1.0,2.2814967669660273,2.312638752711573,0.0,0.2756405429425755,0.7243594570574244,Human,Stability,convolutional-protein-language-model,sequence,known-development-benchmark,available,,histgb,1,0.518326117170687,0.5192715114197253,0.17831299944595524,0.11027440625811075,False,,False,-0.4139720791294552,-0.41302668488041694,True,0.5529557208682176
variantshift-development-v1,proteingym-v1.3,proteingym-substitutions-v1.3,HECD1_HUMAN_Tsuboyama_2023_3DKM,HECD1_HUMAN_Tsuboyama_2023_3DKM,HECD1_HUMAN,HECD1_HUMAN,cssf_45f2530c8897,esm2_150m,0.6390827105243576,72,1.0,72,18660,1239.8,0.903,0.0,0.6027,1.0,3.9483350760886857,2.0413871507694124,0.0,0.2411462187162592,0.7588537812837408,Human,Stability,masked-protein-language-model,sequence,known-development-benchmark,available,,histgb,1,0.4894737905150102,0.47555603492397885,0.15865774837348337,0.11164224289625752,False,,False,-0.1496089200093474,-0.16352667560037876,True,0.5833250847840732
variantshift-development-v1,proteingym-v1.3,proteingym-substitutions-v1.3,HECD1_HUMAN_Tsuboyama_2023_3DKM,HECD1_HUMAN_Tsuboyama_2023_3DKM,HECD1_HUMAN,HECD1_HUMAN,cssf_45f2530c8897,esm2_35m,0.0301195215633078,72,1.0,72,18660,1239.8,0.903,0.0,0.6027,1.0,1.3435789315783024,1.671774867969081,0.0,0.3043925818864111,0.6956074181135888,Human,Stability,masked-protein-language-model,sequence,known-development-benchmark,available,,histgb,1,0.1825632875200584,0.21545523648498185,0.2706425482089448,-0.405318454131841,False,,False,0.1524437659567506,0.18533571492167406,True,0.2719007219907218
variantshift-development-v1,proteingym-v1.3,proteingym-substitutions-v1.3,HECD1_HUMAN_Tsuboyama_2023_3DKM,HECD1_HUMAN_Tsuboyama_2023_3DKM,HECD1_HUMAN,HECD1_HUMAN,cssf_45f2530c8897,esm2_650m,0.7669093321046405,72,1.0,72,18660,1239.8,0.903,0.0,0.6027,1.0,6.307879701635355,2.42881248896376,0.0,0.3644760182346952,0.6355239817653048,Human,Stability,masked-protein-language-model,sequence,known-development-benchmark,available,,histgb,1,0.4009300863852431,0.4269278997105121,0.16801625783938326,0.0415484641678841,False,,False,-0.36597924571939744,-0.3399814323941284,True,0.7383577196758135
variantshift-development-v1,proteingym-v1.3,proteingym-substitutions-v1.3,HECD1_HUMAN_Tsuboyama_2023_3DKM,HECD1_HUMAN_Tsuboyama_2023_3DKM,HECD1_HUMAN,HECD1_HUMAN,cssf_45f2530c8897,esm2_8m,0.0306003660562051,72,1.0,72,18660,1239.8,0.903,0.0,0.6027,1.0,1.2500942597091094,1.899043309950651,0.0,0.3502078184890346,0.6497921815109654,Human,Stability,masked-protein-language-model,sequence,known-development-benchmark,available,,histgb,1,0.17901346053795233,0.17509768818369517,0.24773299580465474,-0.3931282877795874,False,,False,0.14841309448174722,0.14449732212749006,True,0.28076568884745534
variantshift-development-v1,proteingym-v1.3,proteingym-substitutions-v1.3,HECD1_HUMAN_Tsuboyama_2023_3DKM,HECD1_HUMAN_Tsuboyama_2023_3DKM,HECD1_HUMAN,HECD1_HUMAN,cssf_45f2530c8897,vespag,0.8556928719583426,72,1.0,72,18660,1239.8,0.903,0.0,0.6027,1.0,0.0543362184221799,3.020532911414168,0.0,0.3388391410818074,0.6611608589181925,Human,Stability,distilled-evolutionary-variant-effect-model,sequence,known-development-benchmark,available,,histgb,1,0.5135298931790899,0.5372942844028105,0.21118973766255156,0.052887698162843055,True,-1.3041273036113434,True,-0.3421629787792527,-0.3183985875555322,True,0.534849985435663
variantshift-development-v1,proteingym-v1.3,proteingym-substitutions-v1.3,HEM3_HUMAN_Loggerenberg_2023,HEM3_HUMAN_Loggerenberg_2023,HEM3_HUMAN,HEM3_HUMAN,cssf_afe0fb52df15,carp_640m,0.3718126828628308,361,0.9473684210526316,342,59544,11856.8,0.85,0.0,0.2936,1.0,4.710317237520534,1.515792214868123,0.0,0.0713430236164907,0.9286569763835092,Human,Activity,convolutional-protein-language-model,sequence,known-development-benchmark,available,,histgb,4,0.6376447933704953,0.6376447933704953,0.24841225172376813,-0.389613424394322,False,,False,0.2658321105076645,0.2658321105076645,True,0.6783895850169525
variantshift-development-v1,proteingym-v1.3,proteingym-substitutions-v1.3,HEM3_HUMAN_Loggerenberg_2023,HEM3_HUMAN_Loggerenberg_2023,HEM3_HUMAN,HEM3_HUMAN,cssf_afe0fb52df15,esm2_150m,0.4085790175934138,361,0.9473684210526316,342,59544,11856.8,0.85,0.0,0.2936,1.0,4.147540553268961,1.2894384173359243,0.0,0.0610534851933677,0.9389465148066324,Human,Activity,masked-protein-language-model,sequence,known-development-benchmark,available,,histgb,4,0.6128164332421799,0.6128164332421799,0.23753912981643388,-0.36947820581602775,False,,False,0.20423741564876613,0.20423741564876613,True,0.5451259360230443
variantshift-development-v1,proteingym-v1.3,proteingym-substitutions-v1.3,HEM3_HUMAN_Loggerenberg_2023,HEM3_HUMAN_Loggerenberg_2023,HEM3_HUMAN,HEM3_HUMAN,cssf_afe0fb52df15,esm2_35m,0.3798192147966244,361,0.9473684210526316,342,59544,11856.8,0.85,0.0,0.2936,1.0,3.504582057953723,1.2112368955226276,0.0,0.0793063967714318,0.9206936032285682,Human,Activity,masked-protein-language-model,sequence,known-development-benchmark,available,,histgb,4,0.6635912166554403,0.6635912166554403,0.24207355535290603,-0.33745461467634064,False,,False,0.2837720018588159,0.2837720018588159,True,0.45810359550904994
variantshift-development-v1,proteingym-v1.3,proteingym-substitutions-v1.3,HEM3_HUMAN_Loggerenberg_2023,HEM3_HUMAN_Loggerenberg_2023,HEM3_HUMAN,HEM3_HUMAN,cssf_afe0fb52df15,esm2_650m,0.3550037589519834,361,0.9473684210526316,342,59544,11856.8,0.85,0.0,0.2936,1.0,4.700397223037648,1.653782207361662,0.0,0.0882717840046649,0.911728215995335,Human,Activity,masked-protein-language-model,sequence,known-development-benchmark,available,,histgb,4,0.688142836154974,0.688142836154974,0.2545136018325254,-0.3643462709689187,False,,False,0.3331390772029906,0.3331390772029906,True,0.6620601070840577
variantshift-development-v1,proteingym-v1.3,proteingym-substitutions-v1.3,HEM3_HUMAN_Loggerenberg_2023,HEM3_HUMAN_Loggerenberg_2023,HEM3_HUMAN,HEM3_HUMAN,cssf_afe0fb52df15,esm2_8m,0.103293535397192,361,0.9473684210526316,342,59544,11856.8,0.85,0.0,0.2936,1.0,1.625956692840602,1.264064817452213,0.0,0.313229807377464,0.686770192622536,Human,Activity,masked-protein-language-model,sequence,known-development-benchmark,available,,histgb,4,0.07382698339946613,0.07382698339946613,0.11584420072445847,-0.4052230890056818,False,,False,-0.029466551997725868,-0.029466551997725868,True,0.14294114467108227
variantshift-development-v1,proteingym-v1.3,proteingym-substitutions-v1.3,HEM3_HUMAN_Loggerenberg_2023,HEM3_HUMAN_Loggerenberg_2023,HEM3_HUMAN,HEM3_HUMAN,cssf_afe0fb52df15,vespag,0.4835492608649019,361,0.9473684210526316,342,59544,11856.8,0.85,0.0,0.2936,1.0,0.1304168060122726,2.5320504434216424,0.0,0.0793063967714318,0.9206936032285682,Human,Activity,distilled-evolutionary-variant-effect-model,sequence,known-development-benchmark,available,,histgb,4,0.6421759645107566,0.6421759645107566,0.2484839768151049,-0.3853788577451208,True,0.7607925085869333,False,0.15862670364585474,0.15862670364585474,True,0.5599921054731354
variantshift-development-v1,proteingym-v1.3,proteingym-substitutions-v1.3,HMDH_HUMAN_Jiang_2019,HMDH_HUMAN_Jiang_2019,HMDH_HUMAN,HMDH_HUMAN,cssf_5e5c54cd042b,carp_640m,0.5293859580461854,888,0.9988738738738738,887,3153,518.9,0.995,0.0,0.2185,1.0,4.500731042706749,1.2861326029570483,0.0,0.1742857533336782,0.8257142466663218,Human,OrganismalFitness,convolutional-protein-language-model,sequence,known-development-benchmark,available,,histgb,3,0.4355211076256229,0.4355211076256229,0.16876768524745714,0.13802243959863475,False,,False,-0.09386485042056247,-0.09386485042056247,True,0.4654364130499229
variantshift-development-v1,proteingym-v1.3,proteingym-substitutions-v1.3,HMDH_HUMAN_Jiang_2019,HMDH_HUMAN_Jiang_2019,HMDH_HUMAN,HMDH_HUMAN,cssf_5e5c54cd042b,esm2_150m,0.2179144786245432,888,0.9988738738738738,887,3153,518.9,0.995,0.0,0.2185,1.0,2.3979071755013885,0.9867675962043412,0.0,0.189948671971189,0.810051328028811,Human,OrganismalFitness,masked-protein-language-model,sequence,known-development-benchmark,available,,histgb,3,0.15426494176917666,0.15426494176917666,0.12284792675808377,-0.062287738483677524,False,,False,-0.06364953685536653,-0.06364953685536653,True,0.1384705121457483
variantshift-development-v1,proteingym-v1.3,proteingym-substitutions-v1.3,HMDH_HUMAN_Jiang_2019,HMDH_HUMAN_Jiang_2019,HMDH_HUMAN,HMDH_HUMAN,cssf_5e5c54cd042b,esm2_35m,0.0211182985077763,888,0.9988738738738738,887,3153,518.9,0.995,0.0,0.2185,1.0,1.3324887241646566,1.2847673556568646,0.0,0.3099088941521091,0.6900911058478909,Human,OrganismalFitness,masked-protein-language-model,sequence,known-development-benchmark,available,,histgb,3,-0.031379355948065527,-0.031379355948065527,0.15564061800909446,-0.3057380193421321,False,,False,-0.05249765445584183,-0.05249765445584183,True,0.04453783011771617
variantshift-development-v1,proteingym-v1.3,proteingym-substitutions-v1.3,HMDH_HUMAN_Jiang_2019,HMDH_HUMAN_Jiang_2019,HMDH_HUMAN,HMDH_HUMAN,cssf_5e5c54cd042b,esm2_650m,0.4633748344927211,888,0.9988738738738738,887,3153,518.9,0.995,0.0,0.2185,1.0,4.041161680977959,0.993960287385946,0.0,0.1402871712464692,0.8597128287535307,Human,OrganismalFitness,masked-protein-language-model,sequence,known-development-benchmark,available,,histgb,3,0.3254948721023059,0.3254948721023059,0.1594254146378481,0.04446448151024951,False,,False,-0.13787996239041522,-0.13787996239041522,True,0.3181363307219307
variantshift-development-v1,proteingym-v1.3,proteingym-substitutions-v1.3,HMDH_HUMAN_Jiang_2019,HMDH_HUMAN_Jiang_2019,HMDH_HUMAN,HMDH_HUMAN,cssf_5e5c54cd042b,esm2_8m,0.0135053538645084,888,0.9988738738738738,887,3153,518.9,0.995,0.0,0.2185,1.0,1.0167117119949385,1.549680184482578,0.0,0.3283931217284574,0.6716068782715425,Human,OrganismalFitness,masked-protein-language-model,sequence,known-development-benchmark,available,,histgb,3,-0.040193835770467354,-0.040193835770467354,0.1887245325230672,-0.3728718420327738,False,,False,-0.053699189634975754,-0.053699189634975754,True,0.06507655791898015
variantshift-development-v1,proteingym-v1.3,proteingym-substitutions-v1.3,HMDH_HUMAN_Jiang_2019,HMDH_HUMAN_Jiang_2019,HMDH_HUMAN,HMDH_HUMAN,cssf_5e5c54cd042b,vespag,0.3342164543849277,888,0.9988738738738738,887,3153,518.9,0.995,0.0,0.2185,1.0,0.1251085518438875,2.509827653995348,0.0,0.189948671971189,0.810051328028811,Human,OrganismalFitness,distilled-evolutionary-variant-effect-model,sequence,known-development-benchmark,available,,histgb,3,0.3893344008092071,0.3893344008092071,0.1363456238210514,0.14898838066562192,True,-0.8781952866232647,True,0.05511794642427942,0.05511794642427942,True,0.4117835567406283
variantshift-development-v1,proteingym-v1.3,proteingym-substitutions-v1.3,HSP82_YEAST_Cote-Hammarlof_2020_growth-H2O2,HSP82_YEAST_Cote-Hammarlof_2020_growth-H2O2,HSP82_YEAST,HSP82_YEAST,cssf_4ba74830b6b6,carp_640m,0.4750336662788819,709,0.1678420310296191,119,48695,4590.4,0.917,0.0,0.2301,1.0,3.878545930546832,1.987489381211964,0.0,0.1677590179459792,0.8322409820540208,Eukaryote,OrganismalFitness,convolutional-protein-language-model,sequence,known-development-benchmark,available,,histgb,1,0.7902670187998001,0.7232271876415601,0.18794970183083473,0.29212634696449696,False,,False,0.3152333525209182,0.24819352136267825,True,0.640618540661876
variantshift-development-v1,proteingym-v1.3,proteingym-substitutions-v1.3,HSP82_YEAST_Cote-Hammarlof_2020_growth-H2O2,HSP82_YEAST_Cote-Hammarlof_2020_growth-H2O2,HSP82_YEAST,HSP82_YEAST,cssf_4ba74830b6b6,esm2_150m,0.0092637688893821,709,0.1678420310296191,119,48695,4590.4,0.917,0.0,0.2301,1.0,2.7012979076345114,1.1060455865006118,0.0,0.2161876445326359,0.783812355467364,Eukaryote,OrganismalFitness,masked-protein-language-model,sequence,known-development-benchmark,available,,histgb,1,0.35317039076598117,0.37332848511220706,0.12275731533537743,0.09175963278185212,False,,False,0.3439066218765991,0.364064716222825,False,0.27434076113165523
variantshift-development-v1,proteingym-v1.3,proteingym-substitutions-v1.3,HSP82_YEAST_Cote-Hammarlof_2020_growth-H2O2,HSP82_YEAST_Cote-Hammarlof_2020_growth-H2O2,HSP82_YEAST,HSP82_YEAST,cssf_4ba74830b6b6,esm2_35m,-0.2810337897503559,709,0.1678420310296191,119,48695,4590.4,0.917,0.0,0.2301,1.0,1.252848232662001,1.4431083510465648,0.0,0.3352197264518091,0.6647802735481909,Eukaryote,OrganismalFitness,masked-protein-language-model,sequence,known-development-benchmark,available,,histgb,1,0.07155276274249363,0.1321973429018083,0.13657500879737144,-0.18106519773801283,False,,False,0.35258655249284954,0.4132311326521642,False,0.15741375716019684
variantshift-development-v1,proteingym-v1.3,proteingym-substitutions-v1.3,HSP82_YEAST_Cote-Hammarlof_2020_growth-H2O2,HSP82_YEAST_Cote-Hammarlof_2020_growth-H2O2,HSP82_YEAST,HSP82_YEAST,cssf_4ba74830b6b6,esm2_650m,0.2845336537142638,709,0.1678420310296191,119,48695,4590.4,0.917,0.0,0.2301,1.0,3.548224836371698,1.366347818674832,0.0,0.1677590179459792,0.8322409820540208,Eukaryote,OrganismalFitness,masked-protein-language-model,sequence,known-development-benchmark,available,,histgb,1,0.6146495945487356,0.5872175308331316,0.1826117341266015,0.16836040399219443,False,,False,0.33011594083447177,0.30268387711886774,True,0.42817378057733085
variantshift-development-v1,proteingym-v1.3,proteingym-substitutions-v1.3,HSP82_YEAST_Cote-Hammarlof_2020_growth-H2O2,HSP82_YEAST_Cote-Hammarlof_2020_growth-H2O2,HSP82_YEAST,HSP82_YEAST,cssf_4ba74830b6b6,esm2_8m,-0.4552073986164478,709,0.1678420310296191,119,48695,4590.4,0.917,0.0,0.2301,1.0,1.2233577905485238,1.3140755840072604,0.0,0.4442787564370845,0.5557212435629155,Eukaryote,OrganismalFitness,masked-protein-language-model,sequence,known-development-benchmark,available,,histgb,1,-0.06130833679111224,-0.005143659813103274,0.12519889180347882,-0.29231276400724254,False,,False,0.3938990618253356,0.45006373880334455,False,0.042877807627428655
variantshift-development-v1,proteingym-v1.3,proteingym-substitutions-v1.3,HSP82_YEAST_Cote-Hammarlof_2020_growth-H2O2,HSP82_YEAST_Cote-Hammarlof_2020_growth-H2O2,HSP82_YEAST,HSP82_YEAST,cssf_4ba74830b6b6,vespag,0.457063583262486,709,0.1678420310296191,119,48695,4590.4,0.917,0.0,0.2301,1.0,0.1067788890016805,2.6477727228236807,0.0,0.1316180314914641,0.8683819685085359,Eukaryote,OrganismalFitness,distilled-evolutionary-variant-effect-model,sequence,known-development-benchmark,available,,histgb,1,0.7687565865449498,0.7287143044272054,0.14141668746643715,0.4043463897208637,True,0.9443799139337473,True,0.31169300328246385,0.27165072116471944,True,0.5811391126733176
variantshift-development-v1,proteingym-v1.3,proteingym-substitutions-v1.3,HSP82_YEAST_Flynn_2019,HSP82_YEAST_Flynn_2019,HSP82_YEAST,HSP82_YEAST,cssf_4ba74830b6b6,carp_640m,0.4373467546901942,709,0.997179125528914,707,38923,3864.2,0.862,0.0,0.2301,1.0,4.1087648910774055,1.8297430293664971,0.0,0.1516294657051101,0.8483705342948898,Eukaryote,OrganismalFitness,convolutional-protein-language-model,sequence,known-development-benchmark,available,,histgb,1,0.5063414890711223,0.5102830403450518,0.17877166419918958,0.1002338943513309,False,,False,0.06899473438092812,0.0729362856548576,True,0.6396201578203999
variantshift-development-v1,proteingym-v1.3,proteingym-substitutions-v1.3,HSP82_YEAST_Flynn_2019,HSP82_YEAST_Flynn_2019,HSP82_YEAST,HSP82_YEAST,cssf_4ba74830b6b6,esm2_150m,0.1301701258691827,709,0.997179125528914,707,38923,3864.2,0.862,0.0,0.2301,1.0,2.9722344834108863,1.0463062680611512,0.0,0.2474967456794307,0.7525032543205693,Eukaryote,OrganismalFitness,masked-protein-language-model,sequence,known-development-benchmark,available,,histgb,1,0.2179775487191315,0.2719338535770698,0.11310777045519288,0.012498193635297472,False,,False,0.0878074228499488,0.1417637277078871,True,0.26151628273058747
variantshift-development-v1,proteingym-v1.3,proteingym-substitutions-v1.3,HSP82_YEAST_Flynn_2019,HSP82_YEAST_Flynn_2019,HSP82_YEAST,HSP82_YEAST,cssf_4ba74830b6b6,esm2_35m,0.074189073603358,709,0.997179125528914,707,38923,3864.2,0.862,0.0,0.2301,1.0,2.4196966046917976,0.9669742419103567,0.0,0.3296569248603906,0.6703430751396093,Eukaryote,OrganismalFitness,masked-protein-language-model,sequence,known-development-benchmark,available,,histgb,1,0.16610692506066027,0.20311296464043327,0.09993940102683556,-0.02611836363381395,False,,False,0.09191785145730227,0.12892389103707527,True,0.14243143603812386
variantshift-development-v1,proteingym-v1.3,proteingym-substitutions-v1.3,HSP82_YEAST_Flynn_2019,HSP82_YEAST_Flynn_2019,HSP82_YEAST,HSP82_YEAST,cssf_4ba74830b6b6,esm2_650m,0.301702450593569,709,0.997179125528914,707,38923,3864.2,0.862,0.0,0.2301,1.0,3.5728645363774367,1.2402774875507274,0.0,0.1554339101136395,0.8445660898863605,Eukaryote,OrganismalFitness,masked-protein-language-model,sequence,known-development-benchmark,available,,histgb,1,0.42987401568947886,0.44863584668868894,0.14628903935735854,0.11309220264737208,False,,False,0.12817156509590988,0.14693339609511996,True,0.41704202245867356
variantshift-development-v1,proteingym-v1.3,proteingym-substitutions-v1.3,HSP82_YEAST_Flynn_2019,HSP82_YEAST_Flynn_2019,HSP82_YEAST,HSP82_YEAST,cssf_4ba74830b6b6,esm2_8m,-0.0516925423670193,709,0.997179125528914,707,38923,3864.2,0.862,0.0,0.2301,1.0,2.0988070146035436,0.9638210185186246,0.0,0.3755300328873621,0.6244699671126379,Eukaryote,OrganismalFitness,masked-protein-language-model,sequence,known-development-benchmark,available,,histgb,1,0.0329775019312281,0.06557071922865199,0.13538998065778937,-0.24497371852394234,False,,False,0.0846700442982474,0.11726326159567128,True,0.08423333079904266
variantshift-development-v1,proteingym-v1.3,proteingym-substitutions-v1.3,HSP82_YEAST_Flynn_2019,HSP82_YEAST_Flynn_2019,HSP82_YEAST,HSP82_YEAST,cssf_4ba74830b6b6,vespag,0.4744077843046194,709,0.997179125528914,707,38923,3864.2,0.862,0.0,0.2301,1.0,0.1432176801293321,2.34307443501313,0.0,0.1554339101136395,0.8445660898863605,Eukaryote,OrganismalFitness,distilled-evolutionary-variant-effect-model,sequence,known-development-benchmark,available,,histgb,1,0.5886212714540708,0.5936128181090461,0.19232755946424712,0.1524704711792768,True,0.429068393610834,True,0.11421348714945145,0.11920503380442671,True,0.5033280239714771
variantshift-development-v1,proteingym-v1.3,proteingym-substitutions-v1.3,HSP82_YEAST_Mishra_2016,HSP82_YEAST_Mishra_2016,HSP82_YEAST,HSP82_YEAST,cssf_4ba74830b6b6,carp_640m,0.4894892548454581,709,0.3229901269393512,229,38923,3864.2,0.862,0.0,0.2301,1.0,4.2501926760323405,1.8657248260439665,0.0,0.1169322747902288,0.8830677252097712,Eukaryote,OrganismalFitness,convolutional-protein-language-model,sequence,known-development-benchmark,available,,histgb,1,0.8578652758168546,0.773925880404351,0.2120950470867253,0.287442783001916,False,,False,0.3683760209713965,0.2844366255588929,True,0.6979676496723495
variantshift-development-v1,proteingym-v1.3,proteingym-substitutions-v1.3,HSP82_YEAST_Mishra_2016,HSP82_YEAST_Mishra_2016,HSP82_YEAST,HSP82_YEAST,cssf_4ba74830b6b6,esm2_150m,0.3270126292724464,709,0.3229901269393512,229,38923,3864.2,0.862,0.0,0.2301,1.0,3.6931617311073466,1.137391238745544,0.0,0.1550679788961536,0.8449320211038464,Eukaryote,OrganismalFitness,masked-protein-language-model,sequence,known-development-benchmark,available,,histgb,1,0.6378511708083052,0.5868390701439501,0.185674715052846,0.16095637401815033,False,,False,0.3108385415358588,0.2598264408715037,True,0.41666041528684183
variantshift-development-v1,proteingym-v1.3,proteingym-substitutions-v1.3,HSP82_YEAST_Mishra_2016,HSP82_YEAST_Mishra_2016,HSP82_YEAST,HSP82_YEAST,cssf_4ba74830b6b6,esm2_35m,0.2930418953263595,709,0.3229901269393512,229,38923,3864.2,0.862,0.0,0.2301,1.0,3.1982389116311385,0.9745896877680764,0.0,0.2115544735777768,0.7884455264222232,Eukaryote,OrganismalFitness,masked-protein-language-model,sequence,known-development-benchmark,available,,histgb,1,0.3852278260386821,0.3674536403739497,0.12463060477990662,0.08158801796893472,False,,False,0.09218593071232262,0.07441174504759018,True,0.3027313758565179
variantshift-development-v1,proteingym-v1.3,proteingym-substitutions-v1.3,HSP82_YEAST_Mishra_2016,HSP82_YEAST_Mishra_2016,HSP82_YEAST,HSP82_YEAST,cssf_4ba74830b6b6,esm2_650m,0.4441605257485854,709,0.3229901269393512,229,38923,3864.2,0.862,0.0,0.2301,1.0,4.259249029823049,1.345501809019491,0.0,0.1130349283905609,0.886965071609439,Eukaryote,OrganismalFitness,masked-protein-language-model,sequence,known-development-benchmark,available,,histgb,1,0.7721721566890577,0.7053594524383731,0.18982414659368135,0.26995919172927807,False,,False,0.3280116309404723,0.26119892668978767,True,0.5344968831983391
variantshift-development-v1,proteingym-v1.3,proteingym-substitutions-v1.3,HSP82_YEAST_Mishra_2016,HSP82_YEAST_Mishra_2016,HSP82_YEAST,HSP82_YEAST,cssf_4ba74830b6b6,esm2_8m,0.1490394726999324,709,0.3229901269393512,229,38923,3864.2,0.862,0.0,0.2301,1.0,2.6155638198732425,0.9465889145947533,0.0,0.2801680037360409,0.7198319962639591,Eukaryote,OrganismalFitness,masked-protein-language-model,sequence,known-development-benchmark,available,,histgb,1,0.27814095791765087,0.24944331121846908,0.078013357064603,0.07050382109434744,False,,False,0.12910148521771847,0.10040383851853668,True,0.2033817410276867
variantshift-development-v1,proteingym-v1.3,proteingym-substitutions-v1.3,HSP82_YEAST_Mishra_2016,HSP82_YEAST_Mishra_2016,HSP82_YEAST,HSP82_YEAST,cssf_4ba74830b6b6,vespag,0.5030305996550409,709,0.3229901269393512,229,38923,3864.2,0.862,0.0,0.2301,1.0,0.1382969752486115,2.364409425444293,0.0,0.1169322747902288,0.8830677252097712,Eukaryote,OrganismalFitness,distilled-evolutionary-variant-effect-model,sequence,known-development-benchmark,available,,histgb,1,0.8974849573010202,0.8252605824942582,0.2190334219584831,0.32286291214485685,True,1.1801948880867708,True,0.39445435764597925,0.3222299828392172,True,0.55119251290889
variantshift-development-v1,proteingym-v1.3,proteingym-substitutions-v1.3,HXK4_HUMAN_Gersing_2022_activity,HXK4_HUMAN_Gersing_2022_activity,HXK4_HUMAN,HXK4_HUMAN,cssf_b10f2912eeeb,carp_640m,0.5563632308267791,465,0.9978494623655914,464,23354,2318.4,1.0,0.0,0.4448,1.0,4.259930136982457,1.7701388267385587,0.0,0.1528369273333385,0.8471630726666615,Human,OrganismalFitness,convolutional-protein-language-model,sequence,known-development-benchmark,available,,histgb,3,0.5625161872070578,0.5625161872070578,0.11344106467226507,0.36254564432689595,False,,False,0.006152956380278685,0.006152956380278685,True,0.656671528915328
variantshift-development-v1,proteingym-v1.3,proteingym-substitutions-v1.3,HXK4_HUMAN_Gersing_2022_activity,HXK4_HUMAN_Gersing_2022_activity,HXK4_HUMAN,HXK4_HUMAN,cssf_b10f2912eeeb,esm2_150m,0.5344389944866332,465,0.9978494623655914,464,23354,2318.4,1.0,0.0,0.4448,1.0,3.3689843374658923,1.1961285794570304,0.0,0.1183943706523746,0.8816056293476253,Human,OrganismalFitness,masked-protein-language-model,sequence,known-development-benchmark,available,,histgb,3,0.3530460125385202,0.3530460125385202,0.16651615699055533,0.059516271717420244,False,,False,-0.18139298194811304,-0.18139298194811304,True,0.4064242374573931
variantshift-development-v1,proteingym-v1.3,proteingym-substitutions-v1.3,HXK4_HUMAN_Gersing_2022_activity,HXK4_HUMAN_Gersing_2022_activity,HXK4_HUMAN,HXK4_HUMAN,cssf_b10f2912eeeb,esm2_35m,0.2562343875754309,465,0.9978494623655914,464,23354,2318.4,1.0,0.0,0.4448,1.0,2.196803015814697,1.0047591692935145,0.0,0.240989133979015,0.759010866020985,Human,OrganismalFitness,masked-protein-language-model,sequence,known-development-benchmark,available,,histgb,3,0.13334215593300253,0.13334215593300253,0.10366497625130609,-0.04939538834624271,False,,False,-0.12289223164242835,-0.12289223164242835,True,0.1915615036179718
variantshift-development-v1,proteingym-v1.3,proteingym-substitutions-v1.3,HXK4_HUMAN_Gersing_2022_activity,HXK4_HUMAN_Gersing_2022_activity,HXK4_HUMAN,HXK4_HUMAN,cssf_b10f2912eeeb,esm2_650m,0.5672986359234378,465,0.9978494623655914,464,23354,2318.4,1.0,0.0,0.4448,1.0,3.858137950307971,1.2704174956154124,0.0,0.0930535871919522,0.9069464128080478,Human,OrganismalFitness,masked-protein-language-model,sequence,known-development-benchmark,available,,histgb,3,0.5369706143612889,0.5369706143612889,0.1170621648770314,0.3306169034822849,False,,False,-0.030328021562148866,-0.030328021562148866,True,0.4815204929975915
variantshift-development-v1,proteingym-v1.3,proteingym-substitutions-v1.3,HXK4_HUMAN_Gersing_2022_activity,HXK4_HUMAN_Gersing_2022_activity,HXK4_HUMAN,HXK4_HUMAN,cssf_b10f2912eeeb,esm2_8m,0.1625051024685304,465,0.9978494623655914,464,23354,2318.4,1.0,0.0,0.4448,1.0,1.5602425307504073,1.296629508545501,0.0,0.3301748117136738,0.6698251882863262,Human,OrganismalFitness,masked-protein-language-model,sequence,known-development-benchmark,available,,histgb,3,0.03364373827474315,0.03364373827474315,0.17030131706748644,-0.2665583704200099,False,,False,-0.12886136419378724,-0.12886136419378724,True,0.15191304912427112
variantshift-development-v1,proteingym-v1.3,proteingym-substitutions-v1.3,HXK4_HUMAN_Gersing_2022_activity,HXK4_HUMAN_Gersing_2022_activity,HXK4_HUMAN,HXK4_HUMAN,cssf_b10f2912eeeb,vespag,0.4857858810780891,465,0.9978494623655914,464,23354,2318.4,1.0,0.0,0.4448,1.0,0.1331982422051227,2.2964815892564037,0.0,0.1123865315866101,0.8876134684133898,Human,OrganismalFitness,distilled-evolutionary-variant-effect-model,sequence,known-development-benchmark,available,,histgb,3,0.6237708913766388,0.6237708913766388,0.1435076079404799,0.3707999381314572,True,0.0430715094404153,True,0.13798501029854965,0.13798501029854965,True,0.4987766555510535
variantshift-development-v1,proteingym-v1.3,proteingym-substitutions-v1.3,HXK4_HUMAN_Gersing_2023_abundance,HXK4_HUMAN_Gersing_2023_abundance,HXK4_HUMAN,HXK4_HUMAN,cssf_b10f2912eeeb,carp_640m,0.4626275339989107,465,0.9956989247311828,463,24177,2499.8,0.966,0.0,0.4448,1.0,4.264108961403741,1.769123757981773,0.0,0.1536959776095565,0.8463040223904434,Human,Expression,convolutional-protein-language-model,sequence,known-development-benchmark,available,,histgb,3,0.5299622811297164,0.5299622811297164,0.15766518108847224,0.25203477801038865,False,,False,0.06733474713080573,0.06733474713080573,True,0.6584398491945782
variantshift-development-v1,proteingym-v1.3,proteingym-substitutions-v1.3,HXK4_HUMAN_Gersing_2023_abundance,HXK4_HUMAN_Gersing_2023_abundance,HXK4_HUMAN,HXK4_HUMAN,cssf_b10f2912eeeb,esm2_150m,0.4682605361229255,465,0.9956989247311828,463,24177,2499.8,0.966,0.0,0.4448,1.0,3.373744643741734,1.1996150678872732,0.0,0.1175999516244779,0.8824000483755221,Human,Expression,masked-protein-language-model,sequence,known-development-benchmark,available,,histgb,3,0.3836768130443759,0.3836768130443759,0.20220519948416807,0.027235487049606932,False,,False,-0.08458372307854961,-0.08458372307854961,True,0.4101082251155522
variantshift-development-v1,proteingym-v1.3,proteingym-substitutions-v1.3,HXK4_HUMAN_Gersing_2023_abundance,HXK4_HUMAN_Gersing_2023_abundance,HXK4_HUMAN,HXK4_HUMAN,cssf_b10f2912eeeb,esm2_35m,0.2367608665814736,465,0.9956989247311828,463,24177,2499.8,0.966,0.0,0.4448,1.0,2.1979837852620925,1.0034789683356375,0.0,0.2415136510479789,0.758486348952021,Human,Expression,masked-protein-language-model,sequence,known-development-benchmark,available,,histgb,3,0.1398603872889623,0.1398603872889623,0.12246195657277865,-0.07601191617340597,False,,False,-0.0969004792925113,-0.0969004792925113,True,0.19316486043104758
variantshift-development-v1,proteingym-v1.3,proteingym-substitutions-v1.3,HXK4_HUMAN_Gersing_2023_abundance,HXK4_HUMAN_Gersing_2023_abundance,HXK4_HUMAN,HXK4_HUMAN,cssf_b10f2912eeeb,esm2_650m,0.4940215540377028,465,0.9956989247311828,463,24177,2499.8,0.966,0.0,0.4448,1.0,3.8574682752854255,1.2728126980146268,0.0,0.0930857584042663,0.9069142415957336,Human,Expression,masked-protein-language-model,sequence,known-development-benchmark,available,,histgb,3,0.5242881001463827,0.5242881001463827,0.16278141792858344,0.2373418465298141,False,,False,0.030266546108679904,0.030266546108679904,True,0.4840298214499542
variantshift-development-v1,proteingym-v1.3,proteingym-substitutions-v1.3,HXK4_HUMAN_Gersing_2023_abundance,HXK4_HUMAN_Gersing_2023_abundance,HXK4_HUMAN,HXK4_HUMAN,cssf_b10f2912eeeb,esm2_8m,0.1178545752769051,465,0.9956989247311828,463,24177,2499.8,0.966,0.0,0.4448,1.0,1.5657703667972307,1.2934165795258492,0.0,0.3298648280327246,0.6701351719672753,Human,Expression,masked-protein-language-model,sequence,known-development-benchmark,available,,histgb,3,0.05906755070561246,0.05906755070561246,0.19717242302141355,-0.2885021462687567,False,,False,-0.05878702457129264,-0.05878702457129264,True,0.1539170103849411
variantshift-development-v1,proteingym-v1.3,proteingym-substitutions-v1.3,HXK4_HUMAN_Gersing_2023_abundance,HXK4_HUMAN_Gersing_2023_abundance,HXK4_HUMAN,HXK4_HUMAN,cssf_b10f2912eeeb,vespag,0.493390536343175,465,0.9956989247311828,463,24177,2499.8,0.966,0.0,0.4448,1.0,0.1333529620160268,2.3005561532481713,0.0,0.1128507260550744,0.8871492739449256,Human,Expression,distilled-evolutionary-variant-effect-model,sequence,known-development-benchmark,available,,histgb,3,0.6014286725132588,0.6014286725132588,0.19769276593233154,0.25294173049468344,True,0.029876343342506786,True,0.10803813617008384,0.10803813617008384,True,0.5015159459792059
variantshift-development-v1,proteingym-v1.3,proteingym-substitutions-v1.3,I6TAH8_I68A0_Doud_2015,I6TAH8_I68A0_Doud_2015,I6TAH8_I68A0,I6TAH8_I68A0,cssf_ac5654d2afd9,carp_640m,-0.0314004444198703,498,1.0,498,15390,1072.6,1.0,0.0,0.2911,1.0,1.1891280438680447,1.198683525123284,0.0,0.0384336893619412,0.9615663106380588,Virus,OrganismalFitness,convolutional-protein-language-model,sequence,known-development-benchmark,available,,histgb,4,0.19192146590482104,0.19192146590482104,0.11493182251674772,-0.2833556524488391,False,,False,0.22332191032469134,0.22332191032469134,True,0.3169284074662998
variantshift-development-v1,proteingym-v1.3,proteingym-substitutions-v1.3,I6TAH8_I68A0_Doud_2015,I6TAH8_I68A0_Doud_2015,I6TAH8_I68A0,I6TAH8_I68A0,cssf_ac5654d2afd9,esm2_150m,-0.0564423342622728,498,1.0,498,15390,1072.6,1.0,0.0,0.2911,1.0,1.108975158968402,1.3172554941656751,0.0,0.0375961602266692,0.9624038397733308,Virus,OrganismalFitness,masked-protein-language-model,sequence,known-development-benchmark,available,,histgb,4,0.1871171505518201,0.1871171505518201,0.10234841746282403,-0.2361238618553408,False,,False,0.2435594848140929,0.2435594848140929,True,0.3026477162208906
variantshift-development-v1,proteingym-v1.3,proteingym-substitutions-v1.3,I6TAH8_I68A0_Doud_2015,I6TAH8_I68A0_Doud_2015,I6TAH8_I68A0,I6TAH8_I68A0,cssf_ac5654d2afd9,esm2_35m,-0.0826047996029881,498,1.0,498,15390,1072.6,1.0,0.0,0.2911,1.0,1.058535003281008,1.4141119466063157,0.0,0.0298621548459657,0.9701378451540342,Virus,OrganismalFitness,masked-protein-language-model,sequence,known-development-benchmark,available,,histgb,4,0.22795904745077986,0.22795904745077986,0.10144298105271074,-0.19153771729348137,False,,False,0.31056384705376794,0.31056384705376794,True,0.32772718524146605
variantshift-development-v1,proteingym-v1.3,proteingym-substitutions-v1.3,I6TAH8_I68A0_Doud_2015,I6TAH8_I68A0_Doud_2015,I6TAH8_I68A0,I6TAH8_I68A0,cssf_ac5654d2afd9,esm2_650m,-6.6495043159437e-05,498,1.0,498,15390,1072.6,1.0,0.0,0.2911,1.0,1.1983376477879717,1.2137601709977155,0.0,0.0447638975614015,0.9552361024385984,Virus,OrganismalFitness,masked-protein-language-model,sequence,known-development-benchmark,available,,histgb,4,0.19577571648490563,0.19577571648490563,0.11573319288553108,-0.28281530563595414,False,,False,0.19584221152806508,0.19584221152806508,True,0.2796538558637456
variantshift-development-v1,proteingym-v1.3,proteingym-substitutions-v1.3,I6TAH8_I68A0_Doud_2015,I6TAH8_I68A0_Doud_2015,I6TAH8_I68A0,I6TAH8_I68A0,cssf_ac5654d2afd9,esm2_8m,-0.0644300639341175,498,1.0,498,15390,1072.6,1.0,0.0,0.2911,1.0,0.9832945601857788,1.4873317536233943,0.0,0.0447638975614015,0.9552361024385984,Virus,OrganismalFitness,masked-protein-language-model,sequence,known-development-benchmark,available,,histgb,4,0.2183767614335023,0.2183767614335023,0.133858685780364,-0.33516854091327675,False,,False,0.2828068253676198,0.2828068253676198,True,0.328592743518667
variantshift-development-v1,proteingym-v1.3,proteingym-substitutions-v1.3,I6TAH8_I68A0_Doud_2015,I6TAH8_I68A0_Doud_2015,I6TAH8_I68A0,I6TAH8_I68A0,cssf_ac5654d2afd9,vespag,0.4671366821221521,498,1.0,498,15390,1072.6,1.0,0.0,0.2911,1.0,0.0403520435156087,2.6624499474797316,0.0,0.4071427816382249,0.5928572183617751,Virus,OrganismalFitness,distilled-evolutionary-variant-effect-model,sequence,known-development-benchmark,available,,histgb,4,0.6983428093450487,0.6983428093450487,0.08420004994441968,0.350150670505637,True,-0.23237904229731843,True,0.23120612722289657,0.23120612722289657,True,0.3404785989058495
variantshift-development-v1,proteingym-v1.3,proteingym-substitutions-v1.3,IF1_ECOLI_Kelsic_2016,IF1_ECOLI_Kelsic_2016,IF1_ECOLI,IF1_ECOLI,cssf_ab9383c4e9ad,carp_640m,0.5795607881992021,72,1.0,72,361806,38609.4,0.806,0.0,0.45,1.0,3.3771895797924527,1.9002327791595537,0.0,0.0948726233837041,0.9051273766162958,Prokaryote,OrganismalFitness,convolutional-protein-language-model,sequence,known-development-benchmark,available,,histgb,1,0.5779407699438986,0.563982500999634,0.17767188370944662,0.1564559250822155,False,,False,-0.001620018255303446,-0.015578287199568108,True,0.6752803314572405
variantshift-development-v1,proteingym-v1.3,proteingym-substitutions-v1.3,IF1_ECOLI_Kelsic_2016,IF1_ECOLI_Kelsic_2016,IF1_ECOLI,IF1_ECOLI,cssf_ab9383c4e9ad,esm2_150m,0.5535857324047653,72,1.0,72,361806,38609.4,0.806,0.0,0.45,1.0,3.5449559897988374,1.664480372733019,0.0,0.0759919186829841,0.9240080813170158,Prokaryote,OrganismalFitness,masked-protein-language-model,sequence,known-development-benchmark,available,,histgb,1,0.518393767346433,0.49724601754754594,0.19878843393043405,0.041284341899771704,False,,False,-0.03519196505833222,-0.056339714857219336,True,0.5975979656472659
variantshift-development-v1,proteingym-v1.3,proteingym-substitutions-v1.3,IF1_ECOLI_Kelsic_2016,IF1_ECOLI_Kelsic_2016,IF1_ECOLI,IF1_ECOLI,cssf_ab9383c4e9ad,esm2_35m,0.5234206020673197,72,1.0,72,361806,38609.4,0.806,0.0,0.45,1.0,2.9796897135158167,1.2843608869755585,0.0,0.1368254701258358,0.8631745298741642,Prokaryote,OrganismalFitness,masked-protein-language-model,sequence,known-development-benchmark,available,,histgb,1,0.32772569720732814,0.3243270437504342,0.14986588721287858,-0.019420827818077746,False,,False,-0.19569490485999153,-0.19909355831688547,True,0.4271160933404208
variantshift-development-v1,proteingym-v1.3,proteingym-substitutions-v1.3,IF1_ECOLI_Kelsic_2016,IF1_ECOLI_Kelsic_2016,IF1_ECOLI,IF1_ECOLI,cssf_ab9383c4e9ad,esm2_650m,0.564314282109037,72,1.0,72,361806,38609.4,0.806,0.0,0.45,1.0,3.885162340655151,1.7768204629783435,0.0,0.0919338618658258,0.908066138134174,Prokaryote,OrganismalFitness,masked-protein-language-model,sequence,known-development-benchmark,available,,histgb,1,0.6085221699098983,0.5826219623540034,0.18397859846218012,0.16062965435332283,False,,False,0.04420788780086127,0.01830768024496643,True,0.6339268968728793
variantshift-development-v1,proteingym-v1.3,proteingym-substitutions-v1.3,IF1_ECOLI_Kelsic_2016,IF1_ECOLI_Kelsic_2016,IF1_ECOLI,IF1_ECOLI,cssf_ab9383c4e9ad,esm2_8m,0.2363451374619026,72,1.0,72,361806,38609.4,0.806,0.0,0.45,1.0,1.9691764101848528,1.1412943937228313,0.0,0.3067083432006399,0.6932916567993601,Prokaryote,OrganismalFitness,masked-protein-language-model,sequence,known-development-benchmark,available,,histgb,1,0.10792292334914871,0.12177978529209244,0.1647389918947157,-0.25608257472391344,False,,False,-0.1284222141127539,-0.11456535216981018,True,0.19469907672456477
variantshift-development-v1,proteingym-v1.3,proteingym-substitutions-v1.3,IF1_ECOLI_Kelsic_2016,IF1_ECOLI_Kelsic_2016,IF1_ECOLI,IF1_ECOLI,cssf_ab9383c4e9ad,vespag,0.5428146006844516,72,1.0,72,361806,38609.4,0.806,0.0,0.45,1.0,0.0949923322701084,2.709550098590697,0.0,0.0923139046654617,0.9076860953345384,Prokaryote,OrganismalFitness,distilled-evolutionary-variant-effect-model,sequence,known-development-benchmark,available,,histgb,1,0.5183079948245682,0.5408778606369192,0.17597646406296832,0.13724007426147644,True,0.24974922374573322,True,-0.0245066058598834,-0.0019367400475324148,True,0.6570951820822277
variantshift-development-v1,proteingym-v1.3,proteingym-substitutions-v1.3,ILF3_HUMAN_Tsuboyama_2023_2L33,ILF3_HUMAN_Tsuboyama_2023_2L33,ILF3_HUMAN,ILF3_HUMAN,cssf_a0ac9f2c6c49,carp_640m,0.4505208367086155,71,1.0,71,145438,21975.3,0.915,0.0,0.4016,1.0,2.9600600371331884,1.8362607938258424,0.0,0.1698846864911742,0.8301153135088257,Human,Stability,convolutional-protein-language-model,sequence,known-development-benchmark,available,,histgb,1,0.5508477121124394,0.5436627076260396,0.12061775191970987,0.2670013788415659,False,,False,0.10032687540382396,0.09314187091742415,True,0.5700305365717795
variantshift-development-v1,proteingym-v1.3,proteingym-substitutions-v1.3,ILF3_HUMAN_Tsuboyama_2023_2L33,ILF3_HUMAN_Tsuboyama_2023_2L33,ILF3_HUMAN,ILF3_HUMAN,cssf_a0ac9f2c6c49,esm2_150m,0.3605844591907212,71,1.0,71,145438,21975.3,0.915,0.0,0.4016,1.0,3.606557370569754,1.5529006843128552,0.0,0.1296646693019638,0.8703353306980361,Human,Stability,masked-protein-language-model,sequence,known-development-benchmark,available,,histgb,1,0.5352492098832763,0.5098875994501784,0.12339168707527473,0.22686368660252798,False,,False,0.1746647506925551,0.14930314025945718,True,0.5313517630410955
variantshift-development-v1,proteingym-v1.3,proteingym-substitutions-v1.3,ILF3_HUMAN_Tsuboyama_2023_2L33,ILF3_HUMAN_Tsuboyama_2023_2L33,ILF3_HUMAN,ILF3_HUMAN,cssf_a0ac9f2c6c49,esm2_35m,0.2797491461148432,71,1.0,71,145438,21975.3,0.915,0.0,0.4016,1.0,3.364054383905275,1.5055263410133497,0.0,0.1671061782389832,0.8328938217610168,Human,Stability,masked-protein-language-model,sequence,known-development-benchmark,available,,histgb,1,0.45142702423903486,0.4171030390242142,0.1139890958572636,0.15564588014926078,False,,False,0.17167787812419166,0.137353892909371,True,0.475231922114839
variantshift-development-v1,proteingym-v1.3,proteingym-substitutions-v1.3,ILF3_HUMAN_Tsuboyama_2023_2L33,ILF3_HUMAN_Tsuboyama_2023_2L33,ILF3_HUMAN,ILF3_HUMAN,cssf_a0ac9f2c6c49,esm2_650m,0.3613703394069363,71,1.0,71,145438,21975.3,0.915,0.0,0.4016,1.0,3.0891869458386125,1.9631870235646296,0.0,0.1793236201139526,0.8206763798860474,Human,Stability,masked-protein-language-model,sequence,known-development-benchmark,available,,histgb,1,0.5312740457087645,0.5246858692031531,0.1140176919377864,0.2631631194055573,False,,False,0.16990370630182816,0.16331552979621677,True,0.5485759083316613
variantshift-development-v1,proteingym-v1.3,proteingym-substitutions-v1.3,ILF3_HUMAN_Tsuboyama_2023_2L33,ILF3_HUMAN_Tsuboyama_2023_2L33,ILF3_HUMAN,ILF3_HUMAN,cssf_a0ac9f2c6c49,esm2_8m,0.2295431609100976,71,1.0,71,145438,21975.3,0.915,0.0,0.4016,1.0,1.9495620010585937,1.2320484878071332,0.0,0.2871924560715068,0.7128075439284932,Human,Stability,masked-protein-language-model,sequence,known-development-benchmark,available,,histgb,1,0.09680278119830953,0.11343967867896304,0.13304254397259624,-0.19172043593523236,False,,False,-0.1327403797117881,-0.11610348223113456,True,0.22405552760061814
variantshift-development-v1,proteingym-v1.3,proteingym-substitutions-v1.3,ILF3_HUMAN_Tsuboyama_2023_2L33,ILF3_HUMAN_Tsuboyama_2023_2L33,ILF3_HUMAN,ILF3_HUMAN,cssf_a0ac9f2c6c49,vespag,0.3809623040340517,71,1.0,71,145438,21975.3,0.915,0.0,0.4016,1.0,0.0721118343676121,2.6190494418590937,0.0,0.1570026401367448,0.8429973598632552,Human,Stability,distilled-evolutionary-variant-effect-model,sequence,known-development-benchmark,available,,histgb,1,0.4987082003592894,0.5261780147879601,0.16377291336943922,0.1505315522187169,True,-0.057050685698409764,True,0.11774589632523774,0.14521571075390843,True,0.5812152405646086
variantshift-development-v1,proteingym-v1.3,proteingym-substitutions-v1.3,ISDH_STAAW_Tsuboyama_2023_2LHR,ISDH_STAAW_Tsuboyama_2023_2LHR,ISDH_STAAW,ISDH_STAAW,cssf_952abe758b6a,carp_640m,0.5214078980874436,55,1.0,55,115488,39251.7,0.818,0.0,0.6307,1.0,1.2758995044774122,1.833074496468331,0.0,0.0784400494786456,0.9215599505213544,Prokaryote,Stability,convolutional-protein-language-model,sequence,known-development-benchmark,available,,histgb,3,0.47585116801346555,0.47585116801346555,0.21055684376464096,0.10468781128376753,False,,False,-0.045556730073978036,-0.045556730073978036,True,0.5201888958953407
variantshift-development-v1,proteingym-v1.3,proteingym-substitutions-v1.3,ISDH_STAAW_Tsuboyama_2023_2LHR,ISDH_STAAW_Tsuboyama_2023_2LHR,ISDH_STAAW,ISDH_STAAW,cssf_952abe758b6a,esm2_150m,0.6229171471279418,55,1.0,55,115488,39251.7,0.818,0.0,0.6307,1.0,2.6881098683541382,1.445198744883578,0.0,0.0689831334615127,0.9310168665384873,Prokaryote,Stability,masked-protein-language-model,sequence,known-development-benchmark,available,,histgb,3,0.7296624067883508,0.7296624067883508,0.18624186901122275,0.4013607661013023,True,0.6650803946626134,True,0.10674525966040904,0.10674525966040904,True,0.5124176088343831
variantshift-development-v1,proteingym-v1.3,proteingym-substitutions-v1.3,ISDH_STAAW_Tsuboyama_2023_2LHR,ISDH_STAAW_Tsuboyama_2023_2LHR,ISDH_STAAW,ISDH_STAAW,cssf_952abe758b6a,esm2_35m,0.2961622208406931,55,1.0,55,115488,39251.7,0.818,0.0,0.6307,1.0,1.8640393993949869,1.5816563917923867,0.0,0.0492050674539523,0.9507949325460476,Prokaryote,Stability,masked-protein-language-model,sequence,known-development-benchmark,available,,histgb,3,0.546863572446209,0.546863572446209,0.22491730634641796,0.150386018368447,False,,False,0.2507013516055159,0.2507013516055159,True,0.4767551951089919
variantshift-development-v1,proteingym-v1.3,proteingym-substitutions-v1.3,ISDH_STAAW_Tsuboyama_2023_2LHR,ISDH_STAAW_Tsuboyama_2023_2LHR,ISDH_STAAW,ISDH_STAAW,cssf_952abe758b6a,esm2_650m,0.5645936211890089,55,1.0,55,115488,39251.7,0.818,0.0,0.6307,1.0,3.006072678742249,1.334468837440522,0.0,0.0930359218821172,0.9069640781178828,Prokaryote,Stability,masked-protein-language-model,sequence,known-development-benchmark,available,,histgb,3,0.6972276446253588,0.6972276446253588,0.16051789111811554,0.4142714689088941,False,,False,0.1326340234363499,0.1326340234363499,True,0.5046914588341799
variantshift-development-v1,proteingym-v1.3,proteingym-substitutions-v1.3,ISDH_STAAW_Tsuboyama_2023_2LHR,ISDH_STAAW_Tsuboyama_2023_2LHR,ISDH_STAAW,ISDH_STAAW,cssf_952abe758b6a,esm2_8m,0.4375056489840624,55,1.0,55,115488,39251.7,0.818,0.0,0.6307,1.0,1.7900671445957914,1.5477335617687555,0.0,0.0574160538108636,0.9425839461891364,Prokaryote,Stability,masked-protein-language-model,sequence,known-development-benchmark,available,,histgb,3,0.49323272774296517,0.49323272774296517,0.218422296071397,0.10820438506374291,False,,False,0.05572707875890276,0.05572707875890276,True,0.4580555049894351
variantshift-development-v1,proteingym-v1.3,proteingym-substitutions-v1.3,ISDH_STAAW_Tsuboyama_2023_2LHR,ISDH_STAAW_Tsuboyama_2023_2LHR,ISDH_STAAW,ISDH_STAAW,cssf_952abe758b6a,vespag,0.5032611332225406,55,1.0,55,115488,39251.7,0.818,0.0,0.6307,1.0,0.0674516511763041,2.666581303428253,0.0,0.1942744932470095,0.8057255067529905,Prokaryote,Stability,distilled-evolutionary-variant-effect-model,sequence,known-development-benchmark,available,,histgb,3,0.5267369825804324,0.5267369825804324,0.1512686089196285,0.2600851670868445,False,,False,0.02347584935789182,0.02347584935789182,True,0.6212250982235844
variantshift-development-v1,proteingym-v1.3,proteingym-substitutions-v1.3,KCNE1_HUMAN_Muhammad_2023_expression,KCNE1_HUMAN_Muhammad_2023_expression,KCNE1_HUMAN,KCNE1_HUMAN,cssf_8626537a0620,carp_640m,0.0658916287413971,129,0.9844961240310076,127,2118,224.8,0.969,0.0,0.2846,1.0,4.011410715376109,1.8106980168963445,0.0,0.1777273500112985,0.8222726499887014,Human,Expression,convolutional-protein-language-model,sequence,known-development-benchmark,available,,histgb,4,0.5678101584209475,0.5678101584209475,0.23899312704991832,-0.42049718973811845,False,,False,0.5019185296795504,0.5019185296795504,True,0.6143432710059701
variantshift-development-v1,proteingym-v1.3,proteingym-substitutions-v1.3,KCNE1_HUMAN_Muhammad_2023_expression,KCNE1_HUMAN_Muhammad_2023_expression,KCNE1_HUMAN,KCNE1_HUMAN,cssf_8626537a0620,esm2_150m,0.1570659087887747,129,0.9844961240310076,127,2118,224.8,0.969,0.0,0.2846,1.0,3.4260603571455257,1.2203337266537675,0.0,0.1424775305507641,0.8575224694492358,Human,Expression,masked-protein-language-model,sequence,known-development-benchmark,available,,histgb,4,0.5150563127669991,0.5150563127669991,0.23510726999441472,-0.4571818658336978,False,,False,0.35799040397822446,0.35799040397822446,True,0.4076867063590299
variantshift-development-v1,proteingym-v1.3,proteingym-substitutions-v1.3,KCNE1_HUMAN_Muhammad_2023_expression,KCNE1_HUMAN_Muhammad_2023_expression,KCNE1_HUMAN,KCNE1_HUMAN,cssf_8626537a0620,esm2_35m,0.1459590277094279,129,0.9844961240310076,127,2118,224.8,0.969,0.0,0.2846,1.0,0.9298926473789456,1.527534616283807,0.0,0.373588542104884,0.626411457895116,Human,Expression,masked-protein-language-model,sequence,known-development-benchmark,available,,histgb,4,-0.01973579739091581,-0.01973579739091581,0.17347019723195076,-0.7370864288805421,False,,False,-0.1656948251003437,-0.1656948251003437,True,0.10454972418889369
variantshift-development-v1,proteingym-v1.3,proteingym-substitutions-v1.3,KCNE1_HUMAN_Muhammad_2023_expression,KCNE1_HUMAN_Muhammad_2023_expression,KCNE1_HUMAN,KCNE1_HUMAN,cssf_8626537a0620,esm2_650m,0.1833614530292057,129,0.9844961240310076,127,2118,224.8,0.969,0.0,0.2846,1.0,3.5976012909968933,1.6371244350872318,0.0,0.2005010641252906,0.7994989358747093,Human,Expression,masked-protein-language-model,sequence,known-development-benchmark,available,,histgb,4,0.5397240193630906,0.5397240193630906,0.2430476549990525,-0.46535000244432956,False,,False,0.35636256633388486,0.35636256633388486,True,0.48290909188160097
variantshift-development-v1,proteingym-v1.3,proteingym-substitutions-v1.3,KCNE1_HUMAN_Muhammad_2023_expression,KCNE1_HUMAN_Muhammad_2023_expression,KCNE1_HUMAN,KCNE1_HUMAN,cssf_8626537a0620,esm2_8m,0.1660941604490978,129,0.9844961240310076,127,2118,224.8,0.969,0.0,0.2846,1.0,0.9477801139635772,1.4421440962070886,0.0,0.3382181851688755,0.6617818148311245,Human,Expression,masked-protein-language-model,sequence,known-development-benchmark,available,,histgb,4,0.07608796424668388,0.07608796424668388,0.19474313084150824,-0.7292325468070284,False,,False,-0.09000619620241393,-0.09000619620241393,True,0.1105544512943169
variantshift-development-v1,proteingym-v1.3,proteingym-substitutions-v1.3,KCNE1_HUMAN_Muhammad_2023_expression,KCNE1_HUMAN_Muhammad_2023_expression,KCNE1_HUMAN,KCNE1_HUMAN,cssf_8626537a0620,vespag,0.1199150232796301,129,0.9844961240310076,127,2118,224.8,0.969,0.0,0.2846,1.0,0.0803306234994201,2.7012614382823323,0.0,0.1578036767399384,0.8421963232600616,Human,Expression,distilled-evolutionary-variant-effect-model,sequence,known-development-benchmark,available,,histgb,4,0.7579369209330129,0.7579369209330129,0.22284121065072315,-0.16357747020163904,True,-1.5195946089011445,False,0.6380218976533828,0.6380218976533828,True,0.5403015128443224
variantshift-development-v1,proteingym-v1.3,proteingym-substitutions-v1.3,KCNE1_HUMAN_Muhammad_2023_function,KCNE1_HUMAN_Muhammad_2023_function,KCNE1_HUMAN,KCNE1_HUMAN,cssf_8626537a0620,carp_640m,0.7106105765093679,129,0.9844961240310076,127,2118,224.8,0.969,0.0,0.2846,1.0,4.017196910054956,1.8158043221024192,0.0,0.176027588810938,0.823972411189062,Human,Activity,convolutional-protein-language-model,sequence,known-development-benchmark,available,,histgb,4,0.5128562653786017,0.5128562653786017,0.2370980343291805,-0.46761431322785385,False,,False,-0.19775431113076614,-0.19775431113076614,True,0.6173137401832297
variantshift-development-v1,proteingym-v1.3,proteingym-substitutions-v1.3,KCNE1_HUMAN_Muhammad_2023_function,KCNE1_HUMAN_Muhammad_2023_function,KCNE1_HUMAN,KCNE1_HUMAN,cssf_8626537a0620,esm2_150m,0.7011841090572764,129,0.9844961240310076,127,2118,224.8,0.969,0.0,0.2846,1.0,3.43263901281774,1.220669061005367,0.0,0.1423024963650889,0.857697503634911,Human,Activity,masked-protein-language-model,sequence,known-development-benchmark,available,,histgb,4,0.49618901431473145,0.49618901431473145,0.22764282052000273,-0.4451814554251054,False,,False,-0.2049950947425449,-0.2049950947425449,True,0.40845444919922785
variantshift-development-v1,proteingym-v1.3,proteingym-substitutions-v1.3,KCNE1_HUMAN_Muhammad_2023_function,KCNE1_HUMAN_Muhammad_2023_function,KCNE1_HUMAN,KCNE1_HUMAN,cssf_8626537a0620,esm2_35m,0.096479593998416,129,0.9844961240310076,127,2118,224.8,0.969,0.0,0.2846,1.0,0.9324146060766209,1.5229052965962595,0.0,0.372821167956983,0.6271788320430169,Human,Activity,masked-protein-language-model,sequence,known-development-benchmark,available,,histgb,4,-0.03450063487995486,-0.03450063487995486,0.1700337404307439,-0.7376404999337975,False,,False,-0.13098022887837085,-0.13098022887837085,True,0.10417912340749474
variantshift-development-v1,proteingym-v1.3,proteingym-substitutions-v1.3,KCNE1_HUMAN_Muhammad_2023_function,KCNE1_HUMAN_Muhammad_2023_function,KCNE1_HUMAN,KCNE1_HUMAN,cssf_8626537a0620,esm2_650m,0.7321640145156568,129,0.9844961240310076,127,2118,224.8,0.969,0.0,0.2846,1.0,3.606412949916338,1.631659924617583,0.0,0.1994476573731998,0.8005523426268002,Human,Activity,masked-protein-language-model,sequence,known-development-benchmark,available,,histgb,4,0.5163862643628455,0.5163862643628455,0.2423782511422964,-0.48591957428096466,False,,False,-0.2157777501528113,-0.2157777501528113,True,0.48307396226472976
variantshift-development-v1,proteingym-v1.3,proteingym-substitutions-v1.3,KCNE1_HUMAN_Muhammad_2023_function,KCNE1_HUMAN_Muhammad_2023_function,KCNE1_HUMAN,KCNE1_HUMAN,cssf_8626537a0620,esm2_8m,0.0449316540046591,129,0.9844961240310076,127,2118,224.8,0.969,0.0,0.2846,1.0,0.9501625378491084,1.4398884813571873,0.0,0.3374699728053534,0.6625300271946466,Human,Activity,masked-protein-language-model,sequence,known-development-benchmark,available,,histgb,4,0.045410252542224014,0.045410252542224014,0.19130667404030133,-0.7456994920757045,False,,False,0.00047859853756491294,0.00047859853756491294,True,0.11074145787903461
variantshift-development-v1,proteingym-v1.3,proteingym-substitutions-v1.3,KCNE1_HUMAN_Muhammad_2023_function,KCNE1_HUMAN_Muhammad_2023_function,KCNE1_HUMAN,KCNE1_HUMAN,cssf_8626537a0620,vespag,0.6649480104543904,129,0.9844961240310076,127,2118,224.8,0.969,0.0,0.2846,1.0,0.0805255605733683,2.7003161728264176,0.0,0.1569651678303485,0.8430348321696515,Human,Activity,distilled-evolutionary-variant-effect-model,sequence,known-development-benchmark,available,,histgb,4,0.7498662523676911,0.7498662523676911,0.21912537891177503,-0.1562820742384271,True,-1.535245070069095,False,0.08491824191330066,0.08491824191330066,True,0.54068952869957
variantshift-development-v1,proteingym-v1.3,proteingym-substitutions-v1.3,KCNJ2_MOUSE_Coyote-Maestas_2022_function,KCNJ2_MOUSE_Coyote-Maestas_2022_function,KCNJ2_MOUSE,KCNJ2_MOUSE,cssf_f35e7c0d2382,carp_640m,0.4156347931286204,428,0.9135514018691588,391,20953,2259.4,0.86,0.0,0.2412,1.0,4.690077386679416,1.8269726490133429,0.0,0.1201679179992616,0.8798320820007384,Eukaryote,Activity,convolutional-protein-language-model,sequence,known-development-benchmark,available,,histgb,4,0.49953784179322536,0.49953784179322536,0.11362352951022035,0.02967090241775,False,,False,0.08390304866460496,0.08390304866460496,True,0.7019657543666048
variantshift-development-v1,proteingym-v1.3,proteingym-substitutions-v1.3,KCNJ2_MOUSE_Coyote-Maestas_2022_function,KCNJ2_MOUSE_Coyote-Maestas_2022_function,KCNJ2_MOUSE,KCNJ2_MOUSE,cssf_f35e7c0d2382,esm2_150m,0.4328643582421321,428,0.9135514018691588,391,20953,2259.4,0.86,0.0,0.2412,1.0,3.787314337166437,1.2654600796491229,0.0,0.1207235937022925,0.8792764062977074,Eukaryote,Activity,masked-protein-language-model,sequence,known-development-benchmark,available,,histgb,4,0.37725981410973675,0.37725981410973675,0.10074617149659831,-0.03935543678902581,False,,False,-0.05560454413239535,-0.05560454413239535,True,0.44963257332945095
variantshift-development-v1,proteingym-v1.3,proteingym-substitutions-v1.3,KCNJ2_MOUSE_Coyote-Maestas_2022_function,KCNJ2_MOUSE_Coyote-Maestas_2022_function,KCNJ2_MOUSE,KCNJ2_MOUSE,cssf_f35e7c0d2382,esm2_35m,0.2717876006473833,428,0.9135514018691588,391,20953,2259.4,0.86,0.0,0.2412,1.0,2.852741559858767,0.9021833774814212,0.0,0.1831564544358906,0.8168435455641093,Eukaryote,Activity,masked-protein-language-model,sequence,known-development-benchmark,available,,histgb,4,0.21589929527238721,0.21589929527238721,0.09648668449444499,-0.18310171560374539,False,,False,-0.05588830537499606,-0.05588830537499606,True,0.23595940881355446
variantshift-development-v1,proteingym-v1.3,proteingym-substitutions-v1.3,KCNJ2_MOUSE_Coyote-Maestas_2022_function,KCNJ2_MOUSE_Coyote-Maestas_2022_function,KCNJ2_MOUSE,KCNJ2_MOUSE,cssf_f35e7c0d2382,esm2_650m,0.4601810234946104,428,0.9135514018691588,391,20953,2259.4,0.86,0.0,0.2412,1.0,4.173821173811569,1.3664800783971576,0.0,0.1225702355697844,0.8774297644302156,Eukaryote,Activity,masked-protein-language-model,sequence,known-development-benchmark,available,,histgb,4,0.5236326213753474,0.5236326213753474,0.09124247634162398,0.146317964063793,False,,False,0.06345159788073701,0.06345159788073701,True,0.5059867888499373
variantshift-development-v1,proteingym-v1.3,proteingym-substitutions-v1.3,KCNJ2_MOUSE_Coyote-Maestas_2022_function,KCNJ2_MOUSE_Coyote-Maestas_2022_function,KCNJ2_MOUSE,KCNJ2_MOUSE,cssf_f35e7c0d2382,esm2_8m,-0.0584933731019193,428,0.9135514018691588,391,20953,2259.4,0.86,0.0,0.2412,1.0,1.227407685678625,1.2020212844399,0.0,0.4024965495630723,0.5975034504369277,Eukaryote,Activity,masked-protein-language-model,sequence,known-development-benchmark,available,,histgb,4,-0.08500770793876884,-0.08500770793876884,0.09172961843918771,-0.46433684207048426,False,,False,-0.02651433483684954,-0.02651433483684954,True,0.013527067839305129
variantshift-development-v1,proteingym-v1.3,proteingym-substitutions-v1.3,KCNJ2_MOUSE_Coyote-Maestas_2022_function,KCNJ2_MOUSE_Coyote-Maestas_2022_function,KCNJ2_MOUSE,KCNJ2_MOUSE,cssf_f35e7c0d2382,vespag,0.385935404430243,428,0.9135514018691588,391,20953,2259.4,0.86,0.0,0.2412,1.0,0.1150779064832183,2.5722700927164652,0.0,0.1261305648854148,0.8738694351145851,Eukaryote,Activity,distilled-evolutionary-variant-effect-model,sequence,known-development-benchmark,available,,histgb,4,0.48445867797809505,0.48445867797809505,0.15534618182633259,-0.15794378314101154,True,-0.32839175695002937,False,0.09852327354785206,0.09852327354785206,True,0.5188449468593057
variantshift-development-v1,proteingym-v1.3,proteingym-substitutions-v1.3,KCNJ2_MOUSE_Coyote-Maestas_2022_surface,KCNJ2_MOUSE_Coyote-Maestas_2022_surface,KCNJ2_MOUSE,KCNJ2_MOUSE,cssf_f35e7c0d2382,carp_640m,0.4199753618225674,428,0.9135514018691588,391,20953,2259.4,0.86,0.0,0.2412,1.0,4.682891446912884,1.826333174222448,0.0,0.1209826198829739,0.879017380117026,Eukaryote,Expression,convolutional-protein-language-model,sequence,known-development-benchmark,available,,histgb,4,0.5311378383698883,0.5311378383698883,0.11979432973584601,0.03575281283734261,False,,False,0.11116247654732087,0.11116247654732087,True,0.7006110959458374
variantshift-development-v1,proteingym-v1.3,proteingym-substitutions-v1.3,KCNJ2_MOUSE_Coyote-Maestas_2022_surface,KCNJ2_MOUSE_Coyote-Maestas_2022_surface,KCNJ2_MOUSE,KCNJ2_MOUSE,cssf_f35e7c0d2382,esm2_150m,0.5126248598432768,428,0.9135514018691588,391,20953,2259.4,0.86,0.0,0.2412,1.0,3.767637090260583,1.2526493084174983,0.0,0.1209826198829739,0.879017380117026,Eukaryote,Expression,masked-protein-language-model,sequence,known-development-benchmark,available,,histgb,4,0.398991624808976,0.398991624808976,0.09776689014340417,-0.005303415504902043,False,,False,-0.11363323503430078,-0.11363323503430078,True,0.44462523953179683
variantshift-development-v1,proteingym-v1.3,proteingym-substitutions-v1.3,KCNJ2_MOUSE_Coyote-Maestas_2022_surface,KCNJ2_MOUSE_Coyote-Maestas_2022_surface,KCNJ2_MOUSE,KCNJ2_MOUSE,cssf_f35e7c0d2382,esm2_35m,0.4734765748798629,428,0.9135514018691588,391,20953,2259.4,0.86,0.0,0.2412,1.0,2.8337686967917777,0.9023423701647147,0.0,0.1837271710722734,0.8162728289277266,Eukaryote,Expression,masked-protein-language-model,sequence,known-development-benchmark,available,,histgb,4,0.23448470329135382,0.23448470329135382,0.09502449639957708,-0.1584697268467192,False,,False,-0.23899187158850907,-0.23899187158850907,True,0.233974481443398
variantshift-development-v1,proteingym-v1.3,proteingym-substitutions-v1.3,KCNJ2_MOUSE_Coyote-Maestas_2022_surface,KCNJ2_MOUSE_Coyote-Maestas_2022_surface,KCNJ2_MOUSE,KCNJ2_MOUSE,cssf_f35e7c0d2382,esm2_650m,0.4972178170417692,428,0.9135514018691588,391,20953,2259.4,0.86,0.0,0.2412,1.0,4.157941880850642,1.3562882503969118,0.0,0.1247705656581081,0.8752294343418918,Eukaryote,Expression,masked-protein-language-model,sequence,known-development-benchmark,available,,histgb,4,0.5658272823744286,0.5658272823744286,0.09580492798505706,0.16964553653825942,True,-0.17060356715037098,True,0.06860946533265938,0.06860946533265938,True,0.500548179728167
variantshift-development-v1,proteingym-v1.3,proteingym-substitutions-v1.3,KCNJ2_MOUSE_Coyote-Maestas_2022_surface,KCNJ2_MOUSE_Coyote-Maestas_2022_surface,KCNJ2_MOUSE,KCNJ2_MOUSE,cssf_f35e7c0d2382,esm2_8m,0.1028371083581346,428,0.9135514018691588,391,20953,2259.4,0.86,0.0,0.2412,1.0,1.227099681342381,1.2039784184049651,0.0,0.4009761928324892,0.5990238071675108,Eukaryote,Expression,masked-protein-language-model,sequence,known-development-benchmark,available,,histgb,4,-0.07772360336426982,-0.07772360336426982,0.09241283678738077,-0.4598780476722702,False,,False,-0.18056071172240443,-0.18056071172240443,True,0.01507642036343454
variantshift-development-v1,proteingym-v1.3,proteingym-substitutions-v1.3,KCNJ2_MOUSE_Coyote-Maestas_2022_surface,KCNJ2_MOUSE_Coyote-Maestas_2022_surface,KCNJ2_MOUSE,KCNJ2_MOUSE,cssf_f35e7c0d2382,vespag,0.4601787632210639,428,0.9135514018691588,391,20953,2259.4,0.86,0.0,0.2412,1.0,0.1155616586304318,2.5604313620178756,0.0,0.1284971785201372,0.8715028214798628,Eukaryote,Expression,distilled-evolutionary-variant-effect-model,sequence,known-development-benchmark,available,,histgb,4,0.5111316245820727,0.5111316245820727,0.16422486923479118,-0.16798683802252512,False,,False,0.05095286136100885,0.05095286136100885,True,0.5142731387125974
variantshift-development-v1,proteingym-v1.3,proteingym-substitutions-v1.3,KKA2_KLEPN_Melnikov_2014,KKA2_KLEPN_Melnikov_2014,KKA2_KLEPN,KKA2_KLEPN,cssf_72f0344ad526,carp_640m,0.6488648111626162,264,1.0,264,234760,78843.3,0.795,0.0,0.4778,1.0,3.4252817810491205,1.414958224612268,0.0,0.110482967849812,0.889517032150188,Prokaryote,OrganismalFitness,convolutional-protein-language-model,sequence,known-development-benchmark,available,,histgb,0,0.5883095679540572,0.5883095679540572,0.15572928019395174,0.21116935464946585,False,,False,-0.060555243208558984,-0.060555243208558984,True,0.5973064668234862
variantshift-development-v1,proteingym-v1.3,proteingym-substitutions-v1.3,KKA2_KLEPN_Melnikov_2014,KKA2_KLEPN_Melnikov_2014,KKA2_KLEPN,KKA2_KLEPN,cssf_72f0344ad526,esm2_150m,0.4829757801605373,264,1.0,264,234760,78843.3,0.795,0.0,0.4778,1.0,3.322080037807323,1.414408541394215,0.0,0.1325823998466063,0.8674176001533936,Prokaryote,OrganismalFitness,masked-protein-language-model,sequence,known-development-benchmark,available,,histgb,0,0.531668777194991,0.531668777194991,0.13756452410503014,0.1985193919316624,False,,False,0.04869299703445362,0.04869299703445362,True,0.5280719381381473
variantshift-development-v1,proteingym-v1.3,proteingym-substitutions-v1.3,KKA2_KLEPN_Melnikov_2014,KKA2_KLEPN_Melnikov_2014,KKA2_KLEPN,KKA2_KLEPN,cssf_72f0344ad526,esm2_35m,0.21928020320544,264,1.0,264,234760,78843.3,0.795,0.0,0.4778,1.0,2.4850760179747176,1.3276499659395218,0.0,0.1714615658558118,0.8285384341441882,Prokaryote,OrganismalFitness,masked-protein-language-model,sequence,known-development-benchmark,available,,histgb,0,0.45627685215167707,0.45627685215167707,0.126544767375924,0.14981476293314983,False,,False,0.23699664894623707,0.23699664894623707,True,0.4021894079853745
variantshift-development-v1,proteingym-v1.3,proteingym-substitutions-v1.3,KKA2_KLEPN_Melnikov_2014,KKA2_KLEPN_Melnikov_2014,KKA2_KLEPN,KKA2_KLEPN,cssf_72f0344ad526,esm2_650m,0.7665573167833868,264,1.0,264,234760,78843.3,0.795,0.0,0.4778,1.0,3.7008455127887503,1.3718264573734316,0.0,0.0926673813740628,0.9073326186259372,Prokaryote,OrganismalFitness,masked-protein-language-model,sequence,known-development-benchmark,available,,histgb,0,0.5112398639231313,0.5112398639231313,0.1705858898944502,0.09812038618958469,False,,False,-0.25531745286025553,-0.25531745286025553,True,0.5749602053900302
variantshift-development-v1,proteingym-v1.3,proteingym-substitutions-v1.3,KKA2_KLEPN_Melnikov_2014,KKA2_KLEPN_Melnikov_2014,KKA2_KLEPN,KKA2_KLEPN,cssf_72f0344ad526,esm2_8m,0.1247339933114506,264,1.0,264,234760,78843.3,0.795,0.0,0.4778,1.0,2.1775391038695022,1.3327449219685938,0.0,0.214176974191853,0.785823025808147,Prokaryote,OrganismalFitness,masked-protein-language-model,sequence,known-development-benchmark,available,,histgb,0,0.29777472095868085,0.29777472095868085,0.12702557918606056,-0.009851782995523806,False,,False,0.17304072764723025,0.17304072764723025,True,0.35197619580137457
variantshift-development-v1,proteingym-v1.3,proteingym-substitutions-v1.3,KKA2_KLEPN_Melnikov_2014,KKA2_KLEPN_Melnikov_2014,KKA2_KLEPN,KKA2_KLEPN,cssf_72f0344ad526,vespag,0.7400148679935535,264,1.0,264,234760,78843.3,0.795,0.0,0.4778,1.0,0.1022128738488937,2.4437219722870607,0.0,0.136142321480811,0.8638576785191889,Prokaryote,OrganismalFitness,distilled-evolutionary-variant-effect-model,sequence,known-development-benchmark,available,,histgb,0,0.6555507247970928,0.6555507247970928,0.13653053207862068,0.32490542850733195,True,1.5892940166616216,True,-0.08446414319646078,-0.08446414319646078,True,0.570282141287768
variantshift-development-v1,proteingym-v1.3,proteingym-substitutions-v1.3,LGK_LIPST_Klesmith_2015,LGK_LIPST_Klesmith_2015,LGK_LIPST,LGK_LIPST,cssf_bba3db8a5a23,carp_640m,0.6137700008022723,439,1.0,439,31069,8264.5,0.813,0.0,0.4448,1.0,3.773740067728742,1.2700076423114108,0.0,0.0928388300816982,0.9071611699183018,Eukaryote,Activity,convolutional-protein-language-model,sequence,known-development-benchmark,available,,histgb,0,0.41305613754135684,0.41305613754135684,0.10900014447396245,0.1490830575531656,False,,False,-0.20071386326091545,-0.20071386326091545,True,0.5782778954612269
variantshift-development-v1,proteingym-v1.3,proteingym-substitutions-v1.3,LGK_LIPST_Klesmith_2015,LGK_LIPST_Klesmith_2015,LGK_LIPST,LGK_LIPST,cssf_bba3db8a5a23,esm2_150m,0.3831790502551069,439,1.0,439,31069,8264.5,0.813,0.0,0.4448,1.0,3.204101841983664,1.1613124985458976,0.0,0.0995194492001022,0.9004805507998977,Eukaryote,Activity,masked-protein-language-model,sequence,known-development-benchmark,available,,histgb,0,0.40823286193177893,0.40823286193177893,0.126296402228333,0.10237225552125823,False,,False,0.025053811676672033,0.025053811676672033,True,0.441170621764351
variantshift-development-v1,proteingym-v1.3,proteingym-substitutions-v1.3,LGK_LIPST_Klesmith_2015,LGK_LIPST_Klesmith_2015,LGK_LIPST,LGK_LIPST,cssf_bba3db8a5a23,esm2_35m,0.2520767258317405,439,1.0,439,31069,8264.5,0.813,0.0,0.4448,1.0,2.934833734476331,1.080647988177154,0.0,0.131909583477176,0.8680904165228239,Eukaryote,Activity,masked-protein-language-model,sequence,known-development-benchmark,available,,histgb,0,0.32783380191556316,0.32783380191556316,0.13590573234274758,-0.0012983742636676343,False,,False,0.07575707608382265,0.07575707608382265,True,0.3782768485556603
variantshift-development-v1,proteingym-v1.3,proteingym-substitutions-v1.3,LGK_LIPST_Klesmith_2015,LGK_LIPST_Klesmith_2015,LGK_LIPST,LGK_LIPST,cssf_bba3db8a5a23,esm2_650m,0.7756731112679457,439,1.0,439,31069,8264.5,0.813,0.0,0.4448,1.0,4.016447366864668,1.4982451553364011,0.0,0.131909583477176,0.8680904165228239,Eukaryote,Activity,masked-protein-language-model,sequence,known-development-benchmark,available,,histgb,0,0.49312123823269066,0.49312123823269066,0.18854816150741885,0.03650130291587511,False,,False,-0.28255187303525503,-0.28255187303525503,True,0.5939067569526384
variantshift-development-v1,proteingym-v1.3,proteingym-substitutions-v1.3,LGK_LIPST_Klesmith_2015,LGK_LIPST_Klesmith_2015,LGK_LIPST,LGK_LIPST,cssf_bba3db8a5a23,esm2_8m,0.0938888940209493,439,1.0,439,31069,8264.5,0.813,0.0,0.4448,1.0,1.9722524288621848,1.086819228280941,0.0,0.2549530032592081,0.7450469967407919,Eukaryote,Activity,masked-protein-language-model,sequence,known-development-benchmark,available,,histgb,0,0.1283912433550434,0.1283912433550434,0.11319439881710551,-0.14573934828193105,False,,False,0.0345023493340941,0.0345023493340941,True,0.22361397783759748
variantshift-development-v1,proteingym-v1.3,proteingym-substitutions-v1.3,LGK_LIPST_Klesmith_2015,LGK_LIPST_Klesmith_2015,LGK_LIPST,LGK_LIPST,cssf_bba3db8a5a23,vespag,1.0196461554850065,439,1.0,439,31069,8264.5,0.813,0.0,0.4448,1.0,0.1313616304176907,2.4572647265386323,0.0,0.1302322345573305,0.8697677654426694,Eukaryote,Activity,distilled-evolutionary-variant-effect-model,sequence,known-development-benchmark,available,,histgb,0,0.6241374371536568,0.6241374371536568,0.12028122139704807,0.3328442041937236,True,0.6606104802176259,True,-0.3955087183313497,-0.3955087183313497,True,0.5525030925682599
variantshift-development-v1,proteingym-v1.3,proteingym-substitutions-v1.3,MAFG_MOUSE_Tsuboyama_2023_1K1V,MAFG_MOUSE_Tsuboyama_2023_1K1V,MAFG_MOUSE,MAFG_MOUSE,cssf_a1eda43852c5,carp_640m,0.7327867798863248,41,1.0,41,6178,159.3,1.0,0.0,0.4867,1.0,2.156561762589352,1.675594172305232,0.0,0.0888025139146861,0.9111974860853138,Eukaryote,Stability,convolutional-protein-language-model,sequence,known-development-benchmark,available,,histgb,2,0.6635239291437057,0.6635239291437057,0.2692445701365121,-0.04013986669827452,False,,False,-0.06926285074261906,-0.06926285074261906,True,0.5164314011331186
variantshift-development-v1,proteingym-v1.3,proteingym-substitutions-v1.3,MAFG_MOUSE_Tsuboyama_2023_1K1V,MAFG_MOUSE_Tsuboyama_2023_1K1V,MAFG_MOUSE,MAFG_MOUSE,cssf_a1eda43852c5,esm2_150m,0.6068620997508841,41,1.0,41,6178,159.3,1.0,0.0,0.4867,1.0,3.058049683329077,1.048111652149729,0.0,0.0799873139662379,0.920012686033762,Eukaryote,Stability,masked-protein-language-model,sequence,known-development-benchmark,available,,histgb,2,0.7435676460598242,0.7435676460598242,0.21990286866205505,0.16885712468950587,False,,False,0.13670554630894005,0.13670554630894005,True,0.41567322415204405
variantshift-development-v1,proteingym-v1.3,proteingym-substitutions-v1.3,MAFG_MOUSE_Tsuboyama_2023_1K1V,MAFG_MOUSE_Tsuboyama_2023_1K1V,MAFG_MOUSE,MAFG_MOUSE,cssf_a1eda43852c5,esm2_35m,0.7337153469271763,41,1.0,41,6178,159.3,1.0,0.0,0.4867,1.0,2.625394481110964,1.1099675780250968,0.0,0.0761466418157645,0.9238533581842354,Eukaryote,Stability,masked-protein-language-model,sequence,known-development-benchmark,available,,histgb,2,0.7035092530823966,0.7035092530823966,0.23231591338462193,0.09635755689837999,False,,False,-0.03020609384477968,-0.03020609384477968,True,0.400043477202348
variantshift-development-v1,proteingym-v1.3,proteingym-substitutions-v1.3,MAFG_MOUSE_Tsuboyama_2023_1K1V,MAFG_MOUSE_Tsuboyama_2023_1K1V,MAFG_MOUSE,MAFG_MOUSE,cssf_a1eda43852c5,esm2_650m,0.7042069353308418,41,1.0,41,6178,159.3,1.0,0.0,0.4867,1.0,2.9312554543840488,1.1039458914116536,0.0,0.0701333244617318,0.9298666755382682,Eukaryote,Stability,masked-protein-language-model,sequence,known-development-benchmark,available,,histgb,2,0.7581527504829132,0.7581527504829132,0.240561313050125,0.12945191321902116,True,-2.2075784844656208,True,0.05394581515207142,0.05394581515207142,True,0.42454835791614887
variantshift-development-v1,proteingym-v1.3,proteingym-substitutions-v1.3,MAFG_MOUSE_Tsuboyama_2023_1K1V,MAFG_MOUSE_Tsuboyama_2023_1K1V,MAFG_MOUSE,MAFG_MOUSE,cssf_a1eda43852c5,esm2_8m,0.7114159556666791,41,1.0,41,6178,159.3,1.0,0.0,0.4867,1.0,1.7723028483950594,1.5436889814387924,0.0,0.0868711291178668,0.9131288708821332,Eukaryote,Stability,masked-protein-language-model,sequence,known-development-benchmark,available,,histgb,2,0.5670859695315412,0.5670859695315412,0.28127911751055124,-0.16802980798703493,False,,False,-0.14432998613513792,-0.14432998613513792,True,0.4163858189851014
variantshift-development-v1,proteingym-v1.3,proteingym-substitutions-v1.3,MAFG_MOUSE_Tsuboyama_2023_1K1V,MAFG_MOUSE_Tsuboyama_2023_1K1V,MAFG_MOUSE,MAFG_MOUSE,cssf_a1eda43852c5,vespag,0.6355583985787546,41,1.0,41,6178,159.3,1.0,0.0,0.4867,1.0,0.0568989342533394,2.8621536051864256,0.0,0.1536981747927288,0.8463018252072712,Eukaryote,Stability,distilled-evolutionary-variant-effect-model,sequence,known-development-benchmark,available,,histgb,2,0.5711028165134253,0.5711028165134253,0.15763829528437362,0.15911916472196852,False,,False,-0.06445558206532931,-0.06445558206532931,True,0.5777286017239648
variantshift-development-v1,proteingym-v1.3,proteingym-substitutions-v1.3,MBD11_ARATH_Tsuboyama_2023_6ACV,MBD11_ARATH_Tsuboyama_2023_6ACV,MBD11_ARATH,MBD11_ARATH,cssf_029b997580c1,carp_640m,0.6705917673628297,66,1.0,66,26035,1643.9,0.909,0.0,0.3849,0.9848484848484848,2.4562153308982384,2.111584942612766,0.0,0.1872148436572078,0.8127851563427921,Eukaryote,Stability,convolutional-protein-language-model,sequence,known-development-benchmark,available,,histgb,4,0.6295946434676855,0.6295946434676855,0.13959730970641346,0.052318431933499054,False,,False,-0.040997123895144205,-0.040997123895144205,True,0.5772093804490723
variantshift-development-v1,proteingym-v1.3,proteingym-substitutions-v1.3,MBD11_ARATH_Tsuboyama_2023_6ACV,MBD11_ARATH_Tsuboyama_2023_6ACV,MBD11_ARATH,MBD11_ARATH,cssf_029b997580c1,esm2_150m,0.5027281253924264,66,1.0,66,26035,1643.9,0.909,0.0,0.3849,0.9848484848484848,2.681831470092467,1.5141409896222118,0.0,0.1333114853747457,0.8666885146252543,Eukaryote,Stability,masked-protein-language-model,sequence,known-development-benchmark,available,,histgb,4,0.6902399292078696,0.6902399292078696,0.1687277718779575,-0.007499369172296988,False,,False,0.1875118038154432,0.1875118038154432,True,0.45119248100767906
variantshift-development-v1,proteingym-v1.3,proteingym-substitutions-v1.3,MBD11_ARATH_Tsuboyama_2023_6ACV,MBD11_ARATH_Tsuboyama_2023_6ACV,MBD11_ARATH,MBD11_ARATH,cssf_029b997580c1,esm2_35m,-0.304790476781456,66,1.0,66,26035,1643.9,0.909,0.0,0.3849,0.9848484848484848,1.394914012648614,1.4606804674317957,0.0,0.3459798822092381,0.6540201177907619,Eukaryote,Stability,masked-protein-language-model,sequence,known-development-benchmark,available,,histgb,4,0.1127416055682498,0.1127416055682498,0.17747817081230738,-0.6211831834697084,False,,False,0.4175320823497058,0.4175320823497058,True,0.17552358256963319
variantshift-development-v1,proteingym-v1.3,proteingym-substitutions-v1.3,MBD11_ARATH_Tsuboyama_2023_6ACV,MBD11_ARATH_Tsuboyama_2023_6ACV,MBD11_ARATH,MBD11_ARATH,cssf_029b997580c1,esm2_650m,0.526405799584484,66,1.0,66,26035,1643.9,0.909,0.0,0.3849,0.9848484848484848,2.6435699975338984,1.440453924326814,0.0,0.1574627054194317,0.8425372945805683,Eukaryote,Stability,masked-protein-language-model,sequence,known-development-benchmark,available,,histgb,4,0.6697658051321179,0.6697658051321179,0.19354670646156527,-0.13060713683954583,False,,False,0.14336000554763395,0.14336000554763395,True,0.41244458167328685
variantshift-development-v1,proteingym-v1.3,proteingym-substitutions-v1.3,MBD11_ARATH_Tsuboyama_2023_6ACV,MBD11_ARATH_Tsuboyama_2023_6ACV,MBD11_ARATH,MBD11_ARATH,cssf_029b997580c1,esm2_8m,-0.2338271141454512,66,1.0,66,26035,1643.9,0.909,0.0,0.3849,0.9848484848484848,1.1663093258191166,1.5759915067622583,0.0,0.4298416446358448,0.5701583553641552,Eukaryote,Stability,masked-protein-language-model,sequence,known-development-benchmark,available,,histgb,4,0.04713583985345859,0.04713583985345859,0.12033827280029932,-0.4504985513165645,False,,False,0.2809629539989098,0.2809629539989098,True,0.12404255047851365
variantshift-development-v1,proteingym-v1.3,proteingym-substitutions-v1.3,MBD11_ARATH_Tsuboyama_2023_6ACV,MBD11_ARATH_Tsuboyama_2023_6ACV,MBD11_ARATH,MBD11_ARATH,cssf_029b997580c1,vespag,0.5614165475435299,66,1.0,66,26035,1643.9,0.909,0.0,0.3849,0.9848484848484848,0.0478835925487063,2.9404023837597437,0.0,0.1635692342264233,0.8364307657735767,Eukaryote,Stability,distilled-evolutionary-variant-effect-model,sequence,known-development-benchmark,available,,histgb,4,0.7414901860768973,0.7414901860768973,0.1645167905580412,0.06116454236038393,True,-0.8162522619534665,True,0.18007363853336744,0.18007363853336744,True,0.6201404396596157
variantshift-development-v1,proteingym-v1.3,proteingym-substitutions-v1.3,MET_HUMAN_Estevam_2023,MET_HUMAN_Estevam_2023,MET_HUMAN,MET_HUMAN,cssf_784e4bfd3195,carp_640m,0.6989332849117392,287,1.0,287,185885,5102.2,0.951,0.268,0.6157,1.0,4.913116081430026,1.8119619560597044,0.0,0.1150794180704084,0.8849205819295916,Human,Activity,convolutional-protein-language-model,sequence,known-development-benchmark,available,,histgb,0,0.6994619274467826,0.6994619274467826,0.13133004321895875,0.3814110095255492,False,,False,0.0005286425350433666,0.0005286425350433666,True,0.8068060484451527
variantshift-development-v1,proteingym-v1.3,proteingym-substitutions-v1.3,MET_HUMAN_Estevam_2023,MET_HUMAN_Estevam_2023,MET_HUMAN,MET_HUMAN,cssf_784e4bfd3195,esm2_150m,0.599327406050641,287,1.0,287,185885,5102.2,0.951,0.268,0.6157,1.0,4.022477689695346,1.110459264577334,0.0,0.0653079147822445,0.9346920852177556,Human,Activity,masked-protein-language-model,sequence,known-development-benchmark,available,,histgb,0,0.6065631008856254,0.6065631008856254,0.10145116385099495,0.36087190185670126,False,,False,0.007235694834984319,0.007235694834984319,True,0.514833249821847
variantshift-development-v1,proteingym-v1.3,proteingym-substitutions-v1.3,MET_HUMAN_Estevam_2023,MET_HUMAN_Estevam_2023,MET_HUMAN,MET_HUMAN,cssf_784e4bfd3195,esm2_35m,0.526952775943109,287,1.0,287,185885,5102.2,0.951,0.268,0.6157,1.0,3.4464062353021316,1.0944183447667517,0.0,0.0552228393374402,0.9447771606625598,Human,Activity,masked-protein-language-model,sequence,known-development-benchmark,available,,histgb,0,0.5827424416241196,0.5827424416241196,0.10672530086429603,0.32427850547269216,False,,False,0.055789665681010625,0.055789665681010625,True,0.45619321038026456
variantshift-development-v1,proteingym-v1.3,proteingym-substitutions-v1.3,MET_HUMAN_Estevam_2023,MET_HUMAN_Estevam_2023,MET_HUMAN,MET_HUMAN,cssf_784e4bfd3195,esm2_650m,0.666733354308363,287,1.0,287,185885,5102.2,0.951,0.268,0.6157,1.0,4.2712983874208295,1.2141048066000606,0.0,0.0567209702126502,0.9432790297873498,Human,Activity,masked-protein-language-model,sequence,known-development-benchmark,available,,histgb,0,0.6341339718076796,0.6341339718076796,0.09713031760877566,0.39890686065880865,False,,False,-0.032599382500683394,-0.032599382500683394,True,0.5703146657737695
variantshift-development-v1,proteingym-v1.3,proteingym-substitutions-v1.3,MET_HUMAN_Estevam_2023,MET_HUMAN_Estevam_2023,MET_HUMAN,MET_HUMAN,cssf_784e4bfd3195,esm2_8m,0.3938621050423336,287,1.0,287,185885,5102.2,0.951,0.268,0.6157,1.0,3.079518558981869,0.990355190608812,0.0,0.0942165320944397,0.9057834679055604,Human,Activity,masked-protein-language-model,sequence,known-development-benchmark,available,,histgb,0,0.5059689597802651,0.5059689597802651,0.07705225764756084,0.31936625508266747,False,,False,0.11210685473793153,0.11210685473793153,True,0.37434206316351765
variantshift-development-v1,proteingym-v1.3,proteingym-substitutions-v1.3,MET_HUMAN_Estevam_2023,MET_HUMAN_Estevam_2023,MET_HUMAN,MET_HUMAN,cssf_784e4bfd3195,vespag,0.6842534496044572,287,1.0,287,185885,5102.2,0.951,0.268,0.6157,1.0,0.0754614722843976,2.702250560759152,0.0,0.074991448007426,0.925008551992574,Human,Activity,distilled-evolutionary-variant-effect-model,sequence,known-development-benchmark,available,,histgb,0,0.6850703575635796,0.6850703575635796,0.1448643608936037,0.3342424599479012,True,0.3715944782243248,True,0.0008169079591223705,0.0008169079591223705,True,0.6197675365558684
variantshift-development-v1,proteingym-v1.3,proteingym-substitutions-v1.3,MK01_HUMAN_Brenan_2016,MK01_HUMAN_Brenan_2016,MK01_HUMAN,MK01_HUMAN,cssf_29a8f9564eb0,carp_640m,0.0468958755726114,360,0.9972222222222222,359,124248,9354.4,0.806,0.267,0.6157,1.0,4.640278718825668,1.864670836981541,0.0,0.1606487799298916,0.8393512200701083,Human,OrganismalFitness,convolutional-protein-language-model,sequence,known-development-benchmark,available,,histgb,0,0.6532554651693944,0.6532554651693944,0.1415601512690574,0.3104295972365891,False,,False,0.6063595895967829,0.6063595895967829,False,0.8360538023560773
variantshift-development-v1,proteingym-v1.3,proteingym-substitutions-v1.3,MK01_HUMAN_Brenan_2016,MK01_HUMAN_Brenan_2016,MK01_HUMAN,MK01_HUMAN,cssf_29a8f9564eb0,esm2_150m,0.0064976134119844,360,0.9972222222222222,359,124248,9354.4,0.806,0.267,0.6157,1.0,4.037988982530899,1.1758871772245143,0.0,0.1094689786024931,0.8905310213975068,Human,OrganismalFitness,masked-protein-language-model,sequence,known-development-benchmark,available,,histgb,0,0.584964712836828,0.584964712836828,0.15479926165629812,0.2100767888206163,False,,False,0.5784670994248436,0.5784670994248436,False,0.5775995589467441
variantshift-development-v1,proteingym-v1.3,proteingym-substitutions-v1.3,MK01_HUMAN_Brenan_2016,MK01_HUMAN_Brenan_2016,MK01_HUMAN,MK01_HUMAN,cssf_29a8f9564eb0,esm2_35m,-0.0113705615214297,360,0.9972222222222222,359,124248,9354.4,0.806,0.267,0.6157,1.0,3.5220884519219395,0.9161121950195138,0.0,0.1395009853911073,0.8604990146088927,Human,OrganismalFitness,masked-protein-language-model,sequence,known-development-benchmark,available,,histgb,0,0.49927832589628235,0.49927832589628235,0.17463294929115164,0.07635780854945684,False,,False,0.5106488874177121,0.5106488874177121,False,0.4456866731119967
variantshift-development-v1,proteingym-v1.3,proteingym-substitutions-v1.3,MK01_HUMAN_Brenan_2016,MK01_HUMAN_Brenan_2016,MK01_HUMAN,MK01_HUMAN,cssf_29a8f9564eb0,esm2_650m,-0.0154588185983388,360,0.9972222222222222,359,124248,9354.4,0.806,0.267,0.6157,1.0,4.2970173464527495,1.4432780814358073,0.0,0.113077491820536,0.8869225081794639,Human,OrganismalFitness,masked-protein-language-model,sequence,known-development-benchmark,available,,histgb,0,0.6092775623625918,0.6092775623625918,0.14174873181655523,0.2659949960631091,False,,False,0.6247363809609305,0.6247363809609305,False,0.6693560669146013
variantshift-development-v1,proteingym-v1.3,proteingym-substitutions-v1.3,MK01_HUMAN_Brenan_2016,MK01_HUMAN_Brenan_2016,MK01_HUMAN,MK01_HUMAN,cssf_29a8f9564eb0,esm2_8m,0.0276898900113739,360,0.9972222222222222,359,124248,9354.4,0.806,0.267,0.6157,1.0,2.858009496487812,0.8680395301485614,0.0,0.1698199437578736,0.8301800562421263,Human,OrganismalFitness,masked-protein-language-model,sequence,known-development-benchmark,available,,histgb,0,0.43145838116235574,0.43145838116235574,0.173805480852164,0.010541800539529411,False,,False,0.40376849115098185,0.40376849115098185,True,0.35123997407701346
variantshift-development-v1,proteingym-v1.3,proteingym-substitutions-v1.3,MK01_HUMAN_Brenan_2016,MK01_HUMAN_Brenan_2016,MK01_HUMAN,MK01_HUMAN,cssf_29a8f9564eb0,vespag,0.0561814921920976,360,0.9972222222222222,359,124248,9354.4,0.806,0.267,0.6157,1.0,0.109491070974221,2.6750847602210333,0.0,0.1088552337422894,0.8911447662577106,Human,OrganismalFitness,distilled-evolutionary-variant-effect-model,sequence,known-development-benchmark,available,,histgb,0,0.7166813221171712,0.7166813221171712,0.09059872502009518,0.4972722139735521,True,0.829336804827989,True,0.6604998299250736,0.6604998299250736,False,0.6661003787475724
variantshift-development-v1,proteingym-v1.3,proteingym-substitutions-v1.3,MLAC_ECOLI_MacRae_2023,MLAC_ECOLI_MacRae_2023,MLAC_ECOLI,MLAC_ECOLI,cssf_2185c9b20e14,carp_640m,0.3391698463187122,211,1.0,211,22874,7947.9,0.934,0.0,0.2829,1.0,3.3224432497569567,1.3959712403668096,0.0,0.1046371759315338,0.8953628240684661,Prokaryote,OrganismalFitness,convolutional-protein-language-model,sequence,known-development-benchmark,available,,histgb,3,0.49634945425780397,0.49634945425780397,0.18736214344610896,0.16607302703674176,False,,False,0.15717960793909175,0.15717960793909175,True,0.446973904714282
variantshift-development-v1,proteingym-v1.3,proteingym-substitutions-v1.3,MLAC_ECOLI_MacRae_2023,MLAC_ECOLI_MacRae_2023,MLAC_ECOLI,MLAC_ECOLI,cssf_2185c9b20e14,esm2_150m,0.218494912655756,211,1.0,211,22874,7947.9,0.934,0.0,0.2829,1.0,3.1661481398635547,1.300572073780868,0.0,0.1203475815163617,0.8796524184836383,Prokaryote,OrganismalFitness,masked-protein-language-model,sequence,known-development-benchmark,available,,histgb,3,0.3848399546286458,0.3848399546286458,0.1789512135545186,0.06939006505871975,False,,False,0.1663450419728898,0.1663450419728898,True,0.34626166526272806
variantshift-development-v1,proteingym-v1.3,proteingym-substitutions-v1.3,MLAC_ECOLI_MacRae_2023,MLAC_ECOLI_MacRae_2023,MLAC_ECOLI,MLAC_ECOLI,cssf_2185c9b20e14,esm2_35m,0.218630383382099,211,1.0,211,22874,7947.9,0.934,0.0,0.2829,1.0,2.6191679306753843,1.30944062565038,0.0,0.1433467498652942,0.8566532501347057,Prokaryote,OrganismalFitness,masked-protein-language-model,sequence,known-development-benchmark,available,,histgb,3,0.29106721749894504,0.29106721749894504,0.13509183800972194,0.052931333782334805,False,,False,0.07243683411684604,0.07243683411684604,True,0.2856445505289732
variantshift-development-v1,proteingym-v1.3,proteingym-substitutions-v1.3,MLAC_ECOLI_MacRae_2023,MLAC_ECOLI_MacRae_2023,MLAC_ECOLI,MLAC_ECOLI,cssf_2185c9b20e14,esm2_650m,0.3692714056936064,211,1.0,211,22874,7947.9,0.934,0.0,0.2829,1.0,4.1618690873365,1.3740825850979026,0.0,0.0985479241714043,0.9014520758285955,Prokaryote,OrganismalFitness,masked-protein-language-model,sequence,known-development-benchmark,available,,histgb,3,0.48948939627744076,0.48948939627744076,0.14508342147249478,0.23374064569418496,False,,False,0.12021799058383437,0.12021799058383437,True,0.46634849542315154
variantshift-development-v1,proteingym-v1.3,proteingym-substitutions-v1.3,MLAC_ECOLI_MacRae_2023,MLAC_ECOLI_MacRae_2023,MLAC_ECOLI,MLAC_ECOLI,cssf_2185c9b20e14,esm2_8m,-0.0576381808018702,211,1.0,211,22874,7947.9,0.934,0.0,0.2829,1.0,1.733184851350025,1.0602102258209691,0.0,0.2851013494113482,0.7148986505886518,Prokaryote,OrganismalFitness,masked-protein-language-model,sequence,known-development-benchmark,available,,histgb,3,0.060482294320607075,0.060482294320607075,0.15274607133462398,-0.2087739480801616,False,,False,0.11812047512247728,0.11812047512247728,True,0.07448090328504259
variantshift-development-v1,proteingym-v1.3,proteingym-substitutions-v1.3,MLAC_ECOLI_MacRae_2023,MLAC_ECOLI_MacRae_2023,MLAC_ECOLI,MLAC_ECOLI,cssf_2185c9b20e14,vespag,0.4945256194872868,211,1.0,211,22874,7947.9,0.934,0.0,0.2829,1.0,0.108339894953951,2.42098951943003,0.0,0.1729779947887719,0.827022005211228,Prokaryote,OrganismalFitness,distilled-evolutionary-variant-effect-model,sequence,known-development-benchmark,available,,histgb,3,0.5498372603584806,0.5498372603584806,0.16726899892979316,0.2549804321045601,True,0.1134692124182876,True,0.05531164087119378,0.05531164087119378,True,0.4293724481635069
variantshift-development-v1,proteingym-v1.3,proteingym-substitutions-v1.3,MSH2_HUMAN_Jia_2020,MSH2_HUMAN_Jia_2020,MSH2_HUMAN,MSH2_HUMAN,cssf_48cbc265b524,carp_640m,0.4714064313243712,934,1.0,934,61226,10941.3,0.901,0.0,0.2585,1.0,4.788387002873245,1.4678885334960927,0.0,0.1510697921376576,0.8489302078623424,Human,OrganismalFitness,convolutional-protein-language-model,sequence,known-development-benchmark,available,,histgb,0,0.5314238835090467,0.5314238835090467,0.1944761939701219,0.0604476278864034,False,,False,0.06001745218467547,0.06001745218467547,True,0.6506039721532405
variantshift-development-v1,proteingym-v1.3,proteingym-substitutions-v1.3,MSH2_HUMAN_Jia_2020,MSH2_HUMAN_Jia_2020,MSH2_HUMAN,MSH2_HUMAN,cssf_48cbc265b524,esm2_150m,0.4469197320506676,934,1.0,934,61226,10941.3,0.901,0.0,0.2585,1.0,4.035936678006793,1.2290526466592913,0.0,0.1139126632504046,0.8860873367495954,Human,OrganismalFitness,masked-protein-language-model,sequence,known-development-benchmark,available,,histgb,0,0.40958048389562013,0.40958048389562013,0.14108020929904336,0.06791692414737394,False,,False,-0.037339248155047466,-0.037339248155047466,True,0.48252187299971383
variantshift-development-v1,proteingym-v1.3,proteingym-substitutions-v1.3,MSH2_HUMAN_Jia_2020,MSH2_HUMAN_Jia_2020,MSH2_HUMAN,MSH2_HUMAN,cssf_48cbc265b524,esm2_35m,0.3546279610882883,934,1.0,934,61226,10941.3,0.901,0.0,0.2585,1.0,3.179656589452311,0.939373905442209,0.0,0.1510697921376576,0.8489302078623424,Human,OrganismalFitness,masked-protein-language-model,sequence,known-development-benchmark,available,,histgb,0,0.2538753465449212,0.2538753465449212,0.20332806170236056,-0.23853808056225434,False,,False,-0.10075261454336709,-0.10075261454336709,True,0.30478993969738977
variantshift-development-v1,proteingym-v1.3,proteingym-substitutions-v1.3,MSH2_HUMAN_Jia_2020,MSH2_HUMAN_Jia_2020,MSH2_HUMAN,MSH2_HUMAN,cssf_48cbc265b524,esm2_650m,0.4258958276991899,934,1.0,934,61226,10941.3,0.901,0.0,0.2585,1.0,4.164291734277989,2.059548563239824,0.0,0.1647330752700452,0.8352669247299548,Human,OrganismalFitness,masked-protein-language-model,sequence,known-development-benchmark,available,,histgb,0,0.6300534983919291,0.6300534983919291,0.24789718129553107,0.029703996262562704,False,,False,0.20415767069273927,0.20415767069273927,True,0.6795094162058375
variantshift-development-v1,proteingym-v1.3,proteingym-substitutions-v1.3,MSH2_HUMAN_Jia_2020,MSH2_HUMAN_Jia_2020,MSH2_HUMAN,MSH2_HUMAN,cssf_48cbc265b524,esm2_8m,0.1506864942330711,934,1.0,934,61226,10941.3,0.901,0.0,0.2585,1.0,2.3160543070182364,0.844448430822186,0.0,0.2552455191492312,0.7447544808507688,Human,OrganismalFitness,masked-protein-language-model,sequence,known-development-benchmark,available,,histgb,0,0.11710776210476047,0.11710776210476047,0.14000890360891652,-0.2219613436269664,False,,False,-0.033578732128310626,-0.033578732128310626,True,0.1438318806469513
variantshift-development-v1,proteingym-v1.3,proteingym-substitutions-v1.3,MSH2_HUMAN_Jia_2020,MSH2_HUMAN_Jia_2020,MSH2_HUMAN,MSH2_HUMAN,cssf_48cbc265b524,vespag,0.4756629651330509,934,1.0,934,61226,10941.3,0.901,0.0,0.2585,1.0,0.1136210401862556,2.5940995643434053,0.0,0.1439809217373175,0.8560190782626824,Human,OrganismalFitness,distilled-evolutionary-variant-effect-model,sequence,known-development-benchmark,available,,histgb,0,0.6118498252449736,0.6118498252449736,0.2466365185303195,0.01455335606859387,True,1.1006226132707266,True,0.13618686011192266,0.13618686011192266,True,0.523928891412011
variantshift-development-v1,proteingym-v1.3,proteingym-substitutions-v1.3,MTH3_HAEAE_RockahShmuel_2015,MTH3_HAEAE_RockahShmuel_2015,MTH3_HAEAE,MTH3_HAEAE,cssf_9a90786f7320,carp_640m,0.3188500906780145,330,0.996969696969697,329,82734,27229.1,0.891,0.0,0.3316,1.0,3.0830152253581415,1.1311954100950163,0.0,0.1099656801890394,0.8900343198109606,Prokaryote,OrganismalFitness,convolutional-protein-language-model,sequence,known-development-benchmark,available,,histgb,0,0.5464039627142848,0.5464039627142848,0.11331782360471114,0.2719744648557785,False,,False,0.2275538720362703,0.2275538720362703,True,0.42821668578207167
variantshift-development-v1,proteingym-v1.3,proteingym-substitutions-v1.3,MTH3_HAEAE_RockahShmuel_2015,MTH3_HAEAE_RockahShmuel_2015,MTH3_HAEAE,MTH3_HAEAE,cssf_9a90786f7320,esm2_150m,0.2567830744881222,330,0.996969696969697,329,82734,27229.1,0.891,0.0,0.3316,1.0,3.2261173949661948,1.0319517882114224,0.0,0.1454094694601675,0.8545905305398325,Prokaryote,OrganismalFitness,masked-protein-language-model,sequence,known-development-benchmark,available,,histgb,0,0.35948813150920905,0.35948813150920905,0.13149529726876644,0.04103700659083098,False,,False,0.10270505702108684,0.10270505702108684,True,0.3535095273777841
variantshift-development-v1,proteingym-v1.3,proteingym-substitutions-v1.3,MTH3_HAEAE_RockahShmuel_2015,MTH3_HAEAE_RockahShmuel_2015,MTH3_HAEAE,MTH3_HAEAE,cssf_9a90786f7320,esm2_35m,0.2112672626155339,330,0.996969696969697,329,82734,27229.1,0.891,0.0,0.3316,1.0,2.9231983725860795,0.9624291681445156,0.0,0.1280123519053038,0.8719876480946962,Prokaryote,OrganismalFitness,masked-protein-language-model,sequence,known-development-benchmark,available,,histgb,0,0.38525709928590535,0.38525709928590535,0.1286715916875875,0.07364433465448733,False,,False,0.17398983667037143,0.17398983667037143,True,0.3130341989147085
variantshift-development-v1,proteingym-v1.3,proteingym-substitutions-v1.3,MTH3_HAEAE_RockahShmuel_2015,MTH3_HAEAE_RockahShmuel_2015,MTH3_HAEAE,MTH3_HAEAE,cssf_9a90786f7320,esm2_650m,0.4802243327717351,330,0.996969696969697,329,82734,27229.1,0.891,0.0,0.3316,1.0,3.502092104469182,1.114928899475949,0.0,0.1181881481492356,0.8818118518507644,Prokaryote,OrganismalFitness,masked-protein-language-model,sequence,known-development-benchmark,available,,histgb,0,0.47467727431917994,0.47467727431917994,0.12910224082993546,0.16202157730406197,False,,False,-0.005547058452555154,-0.005547058452555154,True,0.41527288677290614
variantshift-development-v1,proteingym-v1.3,proteingym-substitutions-v1.3,MTH3_HAEAE_RockahShmuel_2015,MTH3_HAEAE_RockahShmuel_2015,MTH3_HAEAE,MTH3_HAEAE,cssf_9a90786f7320,esm2_8m,-0.0710227221296068,330,0.996969696969697,329,82734,27229.1,0.891,0.0,0.3316,1.0,2.0676380292089993,0.9172859913633394,0.0,0.2151115939079152,0.7848884060920848,Prokaryote,OrganismalFitness,masked-protein-language-model,sequence,known-development-benchmark,available,,histgb,0,0.17331879899297964,0.17331879899297964,0.11114060468086295,-0.09583797938510374,False,,False,0.24434152112258645,0.24434152112258645,True,0.1732570106839254
variantshift-development-v1,proteingym-v1.3,proteingym-substitutions-v1.3,MTH3_HAEAE_RockahShmuel_2015,MTH3_HAEAE_RockahShmuel_2015,MTH3_HAEAE,MTH3_HAEAE,cssf_9a90786f7320,vespag,0.9062645920505036,330,0.996969696969697,329,82734,27229.1,0.891,0.0,0.3316,1.0,0.1351587584990405,2.2391830358025335,0.0,0.1610507374845655,0.8389492625154344,Prokaryote,OrganismalFitness,distilled-evolutionary-variant-effect-model,sequence,known-development-benchmark,available,,histgb,0,0.6134070002487931,0.6134070002487931,0.11791810268935372,0.3278366929478879,True,1.086307548951247,True,-0.29285759180171045,-0.29285759180171045,True,0.44780815359102555
variantshift-development-v1,proteingym-v1.3,proteingym-substitutions-v1.3,MTHR_HUMAN_Weile_2021,MTHR_HUMAN_Weile_2021,MTHR_HUMAN,MTHR_HUMAN,cssf_095a60e097b5,carp_640m,0.4557911354767389,656,1.0,656,4783,646.2,0.96,0.0,0.3361,1.0,3.7889845368594033,1.3158027455676506,0.0,0.2057268037763783,0.7942731962236217,Human,OrganismalFitness,convolutional-protein-language-model,sequence,known-development-benchmark,available,,histgb,0,0.44469980746066656,0.44469980746066656,0.14507631777015206,0.09335859942877567,False,,False,-0.011091328016072322,-0.011091328016072322,True,0.47898783098488296
variantshift-development-v1,proteingym-v1.3,proteingym-substitutions-v1.3,MTHR_HUMAN_Weile_2021,MTHR_HUMAN_Weile_2021,MTHR_HUMAN,MTHR_HUMAN,cssf_095a60e097b5,esm2_150m,0.4249263087041103,656,1.0,656,4783,646.2,0.96,0.0,0.3361,1.0,3.445177336451576,0.6195172588350634,0.0,0.2539915961683545,0.7460084038316455,Human,OrganismalFitness,masked-protein-language-model,sequence,known-development-benchmark,available,,histgb,0,0.2561702915689027,0.2561702915689027,0.21315504373709443,-0.2600418077989044,False,,False,-0.1687560171352076,-0.1687560171352076,True,0.19913234244282885
variantshift-development-v1,proteingym-v1.3,proteingym-substitutions-v1.3,MTHR_HUMAN_Weile_2021,MTHR_HUMAN_Weile_2021,MTHR_HUMAN,MTHR_HUMAN,cssf_095a60e097b5,esm2_35m,0.3027982673460712,656,1.0,656,4783,646.2,0.96,0.0,0.3361,1.0,2.722155752862143,0.7692041401954951,0.0,0.2690679114512631,0.7309320885487369,Human,OrganismalFitness,masked-protein-language-model,sequence,known-development-benchmark,available,,histgb,0,0.1715518472481039,0.1715518472481039,0.14643446970474344,-0.1830784899037181,False,,False,-0.13124642009796728,-0.13124642009796728,True,0.15506454317786772
variantshift-development-v1,proteingym-v1.3,proteingym-substitutions-v1.3,MTHR_HUMAN_Weile_2021,MTHR_HUMAN_Weile_2021,MTHR_HUMAN,MTHR_HUMAN,cssf_095a60e097b5,esm2_650m,0.428469866910794,656,1.0,656,4783,646.2,0.96,0.0,0.3361,1.0,4.310121636041242,1.8753869855754393,0.0,0.2358344768526908,0.7641655231473091,Human,OrganismalFitness,masked-protein-language-model,sequence,known-development-benchmark,available,,histgb,0,0.5264918109564389,0.5264918109564389,0.21626083930612158,0.0027581947491231995,False,,False,0.09802194404564496,0.09802194404564496,True,0.6101721523244032
variantshift-development-v1,proteingym-v1.3,proteingym-substitutions-v1.3,MTHR_HUMAN_Weile_2021,MTHR_HUMAN_Weile_2021,MTHR_HUMAN,MTHR_HUMAN,cssf_095a60e097b5,esm2_8m,0.1461966221460202,656,1.0,656,4783,646.2,0.96,0.0,0.3361,1.0,1.2151460334296391,1.303333898013214,0.0,0.3857933221954263,0.6142066778045737,Human,OrganismalFitness,masked-protein-language-model,sequence,known-development-benchmark,available,,histgb,0,-0.017277194722998254,-0.017277194722998254,0.09186170644009131,-0.23974495106394955,False,,False,-0.16347381686901846,-0.16347381686901846,True,0.07909378644234943
variantshift-development-v1,proteingym-v1.3,proteingym-substitutions-v1.3,MTHR_HUMAN_Weile_2021,MTHR_HUMAN_Weile_2021,MTHR_HUMAN,MTHR_HUMAN,cssf_095a60e097b5,vespag,0.4537387436352025,656,1.0,656,4783,646.2,0.96,0.0,0.3361,1.0,0.1157053506232697,2.6501887847422316,0.0,0.239294143336488,0.760705856663512,Human,OrganismalFitness,distilled-evolutionary-variant-effect-model,sequence,known-development-benchmark,available,,histgb,0,0.6411765026122701,0.6411765026122701,0.18500368213723062,0.1931404745996022,True,-0.3523966770360499,True,0.1874377589770676,0.1874377589770676,True,0.48854080648219855
variantshift-development-v1,proteingym-v1.3,proteingym-substitutions-v1.3,MYO3_YEAST_Tsuboyama_2023_2BTT,MYO3_YEAST_Tsuboyama_2023_2BTT,MYO3_YEAST,MYO3_YEAST,cssf_784e4bfd3195,carp_640m,0.9632519532676204,61,1.0,61,442941,12712.4,0.885,0.0,0.6351,1.0,1.9114613886991212,1.612296778398222,0.0,0.1334781667334033,0.8665218332665967,Eukaryote,Stability,convolutional-protein-language-model,sequence,known-development-benchmark,available,,histgb,0,0.493786608731549,0.493786608731549,0.2001052231271925,0.009178149490219611,False,,False,-0.46946534453607136,-0.46946534453607136,True,0.49151360490900153
variantshift-development-v1,proteingym-v1.3,proteingym-substitutions-v1.3,MYO3_YEAST_Tsuboyama_2023_2BTT,MYO3_YEAST_Tsuboyama_2023_2BTT,MYO3_YEAST,MYO3_YEAST,cssf_784e4bfd3195,esm2_150m,0.9152471249683216,61,1.0,61,442941,12712.4,0.885,0.0,0.6351,1.0,3.89197863494572,1.2581356120776253,0.0,0.1052933857889002,0.8947066142110998,Eukaryote,Stability,masked-protein-language-model,sequence,known-development-benchmark,available,,histgb,0,0.6272802720398527,0.6272802720398527,0.13475497842367512,0.30093495506885537,False,,False,-0.2879668529284689,-0.2879668529284689,True,0.5718716842579409
variantshift-development-v1,proteingym-v1.3,proteingym-substitutions-v1.3,MYO3_YEAST_Tsuboyama_2023_2BTT,MYO3_YEAST_Tsuboyama_2023_2BTT,MYO3_YEAST,MYO3_YEAST,cssf_784e4bfd3195,esm2_35m,0.818623837576893,61,1.0,61,442941,12712.4,0.885,0.0,0.6351,1.0,3.0740657291759357,1.5645340291561511,0.0,0.0752248713345837,0.9247751286654162,Eukaryote,Stability,masked-protein-language-model,sequence,known-development-benchmark,available,,histgb,0,0.596992043621738,0.596992043621738,0.2066045993847216,0.09664360186036791,False,,False,-0.2216317939551551,-0.2216317939551551,True,0.5781074960181871
variantshift-development-v1,proteingym-v1.3,proteingym-substitutions-v1.3,MYO3_YEAST_Tsuboyama_2023_2BTT,MYO3_YEAST_Tsuboyama_2023_2BTT,MYO3_YEAST,MYO3_YEAST,cssf_784e4bfd3195,esm2_650m,0.932303496948034,61,1.0,61,442941,12712.4,0.885,0.0,0.6351,1.0,4.447648843570677,1.3396956485180247,0.0,0.1334781667334033,0.8665218332665967,Eukaryote,Stability,masked-protein-language-model,sequence,known-development-benchmark,available,,histgb,0,0.6164226257483651,0.6164226257483651,0.18133228915126728,0.1772778603943746,False,,False,-0.3158808711996689,-0.3158808711996689,True,0.6363711676330246
variantshift-development-v1,proteingym-v1.3,proteingym-substitutions-v1.3,MYO3_YEAST_Tsuboyama_2023_2BTT,MYO3_YEAST_Tsuboyama_2023_2BTT,MYO3_YEAST,MYO3_YEAST,cssf_784e4bfd3195,esm2_8m,0.1916047584827265,61,1.0,61,442941,12712.4,0.885,0.0,0.6351,1.0,2.0310038610454386,1.5418698947530538,0.0,0.1846128765527683,0.8153871234472316,Eukaryote,Stability,masked-protein-language-model,sequence,known-development-benchmark,available,,histgb,0,0.34182398692845084,0.34182398692845084,0.21900777556603518,-0.1885620720674508,False,,False,0.15021922844572433,0.15021922844572433,True,0.4142947735000437
variantshift-development-v1,proteingym-v1.3,proteingym-substitutions-v1.3,MYO3_YEAST_Tsuboyama_2023_2BTT,MYO3_YEAST_Tsuboyama_2023_2BTT,MYO3_YEAST,MYO3_YEAST,cssf_784e4bfd3195,vespag,0.7213196825033772,61,1.0,61,442941,12712.4,0.885,0.0,0.6351,1.0,0.0478209440634317,3.0155284605167174,0.0,0.1765676735513817,0.8234323264486183,Eukaryote,Stability,distilled-evolutionary-variant-effect-model,sequence,known-development-benchmark,available,,histgb,0,0.7273885091124808,0.7273885091124808,0.18493255577568718,0.27952473265796984,True,0.22568359899117924,True,0.0060688266091035725,0.0060688266091035725,True,0.7001646211949255
variantshift-development-v1,proteingym-v1.3,proteingym-substitutions-v1.3,NCAP_I34A1_Doud_2015,NCAP_I34A1_Doud_2015,NCAP_I34A1,NCAP_I34A1,cssf_ac5654d2afd9,carp_640m,-0.0175343091330163,498,1.0,498,15390,1072.5,1.0,0.0,0.2944,1.0,1.15647947483706,1.2118941641657446,0.0,0.0396768979786708,0.9603231020213292,Virus,OrganismalFitness,convolutional-protein-language-model,sequence,known-development-benchmark,available,,histgb,4,0.19330569311961052,0.19330569311961052,0.11247582151257199,-0.2718151338399213,False,,False,0.2108400022526268,0.2108400022526268,True,0.3173483505303439
variantshift-development-v1,proteingym-v1.3,proteingym-substitutions-v1.3,NCAP_I34A1_Doud_2015,NCAP_I34A1_Doud_2015,NCAP_I34A1,NCAP_I34A1,cssf_ac5654d2afd9,esm2_150m,-0.1013906710009069,498,1.0,498,15390,1072.5,1.0,0.0,0.2944,1.0,1.0851850455585337,1.3263879382743842,0.0,0.0347538756862273,0.9652461243137728,Virus,OrganismalFitness,masked-protein-language-model,sequence,known-development-benchmark,available,,histgb,4,0.18821296454357064,0.18821296454357064,0.10292423440196508,-0.23740922141101486,False,,False,0.28960363554447754,0.28960363554447754,True,0.30576020700663864
variantshift-development-v1,proteingym-v1.3,proteingym-substitutions-v1.3,NCAP_I34A1_Doud_2015,NCAP_I34A1_Doud_2015,NCAP_I34A1,NCAP_I34A1,cssf_ac5654d2afd9,esm2_35m,-0.0746505637486808,498,1.0,498,15390,1072.5,1.0,0.0,0.2944,1.0,1.0292905958305745,1.430676403314081,0.0,0.0304408908045542,0.9695591091954456,Virus,OrganismalFitness,masked-protein-language-model,sequence,known-development-benchmark,available,,histgb,4,0.21905993669202645,0.21905993669202645,0.1096983580302848,-0.23457525633873316,False,,False,0.29371050044070723,0.29371050044070723,True,0.32973906274861764
variantshift-development-v1,proteingym-v1.3,proteingym-substitutions-v1.3,NCAP_I34A1_Doud_2015,NCAP_I34A1_Doud_2015,NCAP_I34A1,NCAP_I34A1,cssf_ac5654d2afd9,esm2_650m,-0.0481290232118024,498,1.0,498,15390,1072.5,1.0,0.0,0.2944,1.0,1.1722273461801016,1.239053862585012,0.0,0.0427393276040224,0.9572606723959776,Virus,OrganismalFitness,masked-protein-language-model,sequence,known-development-benchmark,available,,histgb,4,0.21301255213369397,0.21301255213369397,0.11008947763207905,-0.24224003626417828,False,,False,0.26114157534549637,0.26114157534549637,True,0.2859514838590801
variantshift-development-v1,proteingym-v1.3,proteingym-substitutions-v1.3,NCAP_I34A1_Doud_2015,NCAP_I34A1_Doud_2015,NCAP_I34A1,NCAP_I34A1,cssf_ac5654d2afd9,esm2_8m,-0.0613975178407132,498,1.0,498,15390,1072.5,1.0,0.0,0.2944,1.0,0.9379444988200007,1.512762100169786,0.0,0.0427393276040224,0.9572606723959776,Virus,OrganismalFitness,masked-protein-language-model,sequence,known-development-benchmark,available,,histgb,4,0.18901076742641604,0.18901076742641604,0.16157073153022908,-0.4791320498580682,False,,False,0.2504082852671292,0.2504082852671292,True,0.33328817027661545
variantshift-development-v1,proteingym-v1.3,proteingym-substitutions-v1.3,NCAP_I34A1_Doud_2015,NCAP_I34A1_Doud_2015,NCAP_I34A1,NCAP_I34A1,cssf_ac5654d2afd9,vespag,0.5903307649374441,498,1.0,498,15390,1072.5,1.0,0.0,0.2944,1.0,0.0412185365216914,2.6599728158515425,0.0,0.4100856580857338,0.5899143419142662,Virus,OrganismalFitness,distilled-evolutionary-variant-effect-model,sequence,known-development-benchmark,available,,histgb,4,0.6983428093450487,0.6983428093450487,0.08420004994441968,0.350150670505637,True,-0.23242728957564496,True,0.10801204440760459,0.10801204440760459,True,0.3386694866212683
variantshift-development-v1,proteingym-v1.3,proteingym-substitutions-v1.3,NKX31_HUMAN_Tsuboyama_2023_2L9R,NKX31_HUMAN_Tsuboyama_2023_2L9R,NKX31_HUMAN,NKX31_HUMAN,cssf_3de478b56341,carp_640m,0.4791578539036411,61,1.0,61,319273,9025.7,0.902,0.0,0.6308,0.8771929824561403,3.2800800508307155,2.35327550092286,0.0,0.1894592420739753,0.8105407579260246,Human,Stability,convolutional-protein-language-model,sequence,known-development-benchmark,available,,histgb,1,0.6191687604507143,0.5949034938797458,0.1974550244081768,0.142000263977894,False,,False,0.14001090654707327,0.11574563997610476,True,0.6971995670437308
variantshift-development-v1,proteingym-v1.3,proteingym-substitutions-v1.3,NKX31_HUMAN_Tsuboyama_2023_2L9R,NKX31_HUMAN_Tsuboyama_2023_2L9R,NKX31_HUMAN,NKX31_HUMAN,cssf_3de478b56341,esm2_150m,0.8164539337605833,61,1.0,61,319273,9025.7,0.902,0.0,0.6308,0.8771929824561403,3.369001865211158,1.6364197459355083,0.0,0.0794997514678572,0.9205002485321429,Human,Stability,masked-protein-language-model,sequence,known-development-benchmark,available,,histgb,1,0.7781466159499942,0.6920606540002169,0.25245085922278004,0.11301329941307259,False,,False,-0.03830731781058905,-0.1243932797603664,True,0.5770220760199046
variantshift-development-v1,proteingym-v1.3,proteingym-substitutions-v1.3,NKX31_HUMAN_Tsuboyama_2023_2L9R,NKX31_HUMAN_Tsuboyama_2023_2L9R,NKX31_HUMAN,NKX31_HUMAN,cssf_3de478b56341,esm2_35m,0.8102676571185715,61,1.0,61,319273,9025.7,0.902,0.0,0.6308,0.8771929824561403,3.4368178364295257,1.3588816952339149,0.0,0.1267191174546085,0.8732808825453915,Human,Stability,masked-protein-language-model,sequence,known-development-benchmark,available,,histgb,1,0.6388909193444379,0.5577009603532664,0.3073856452263383,-0.14735049106327347,False,,False,-0.17137673777413365,-0.2525666967653051,True,0.4837162318073328
variantshift-development-v1,proteingym-v1.3,proteingym-substitutions-v1.3,NKX31_HUMAN_Tsuboyama_2023_2L9R,NKX31_HUMAN_Tsuboyama_2023_2L9R,NKX31_HUMAN,NKX31_HUMAN,cssf_3de478b56341,esm2_650m,0.8969411225015833,61,1.0,61,319273,9025.7,0.902,0.0,0.6308,0.8771929824561403,3.722601336319981,1.6220770587925055,0.0,0.0846077337294887,0.9153922662705112,Human,Stability,masked-protein-language-model,sequence,known-development-benchmark,available,,histgb,1,0.7232793419228186,0.6686898413636937,0.23412735685646066,0.13167116358380626,False,,False,-0.1736617805787647,-0.22825128113788962,True,0.5944273512252083
variantshift-development-v1,proteingym-v1.3,proteingym-substitutions-v1.3,NKX31_HUMAN_Tsuboyama_2023_2L9R,NKX31_HUMAN_Tsuboyama_2023_2L9R,NKX31_HUMAN,NKX31_HUMAN,cssf_3de478b56341,esm2_8m,0.7521228165715552,61,1.0,61,319273,9025.7,0.902,0.0,0.6308,0.8771929824561403,2.3720649748192733,1.4513441882287317,0.0,0.1271988487541295,0.8728011512458704,Human,Stability,masked-protein-language-model,sequence,known-development-benchmark,available,,histgb,1,0.5651076962167905,0.46466836494282376,0.2345722576613842,-0.07337078325628826,False,,False,-0.18701512035476475,-0.28745445162873146,True,0.43007896461848133
variantshift-development-v1,proteingym-v1.3,proteingym-substitutions-v1.3,NKX31_HUMAN_Tsuboyama_2023_2L9R,NKX31_HUMAN_Tsuboyama_2023_2L9R,NKX31_HUMAN,NKX31_HUMAN,cssf_3de478b56341,vespag,0.7404100258958302,61,1.0,61,319273,9025.7,0.902,0.0,0.6308,0.8771929824561403,0.0335551087981011,3.015806425435199,0.0,0.0839756251941816,0.9160243748058184,Human,Stability,distilled-evolutionary-variant-effect-model,sequence,known-development-benchmark,available,,histgb,1,0.714705156843847,0.6881757321513783,0.24615942490600684,0.1235590608619741,True,0.0006413675253092443,True,-0.025704869051983215,-0.052234293744451876,True,0.7279194136328445
variantshift-development-v1,proteingym-v1.3,proteingym-substitutions-v1.3,NPC1_HUMAN_Erwood_2022_HEK293T,NPC1_HUMAN_Erwood_2022_HEK293T,NPC1_HUMAN,NPC1_HUMAN,cssf_5e5c54cd042b,carp_640m,0.988596202042118,1278,0.0892018779342723,114,6333,857.4,0.987,0.0,0.198,1.0,4.144785491179548,1.4877384459921432,0.0,0.1285774825601946,0.8714225174398054,Human,Activity,convolutional-protein-language-model,sequence,known-development-benchmark,available,,histgb,3,0.5137188197521427,0.5137188197521427,0.2364619139501982,0.09689077393194212,False,,False,-0.4748773822899752,-0.4748773822899752,True,0.5320863292387324
variantshift-development-v1,proteingym-v1.3,proteingym-substitutions-v1.3,NPC1_HUMAN_Erwood_2022_HEK293T,NPC1_HUMAN_Erwood_2022_HEK293T,NPC1_HUMAN,NPC1_HUMAN,cssf_5e5c54cd042b,esm2_150m,0.6745001162384189,1278,0.0892018779342723,114,6333,857.4,0.987,0.0,0.198,1.0,3.39965518130799,1.1285101536480466,0.0,0.1214712418355878,0.8785287581644121,Human,Activity,masked-protein-language-model,sequence,known-development-benchmark,available,,histgb,3,0.35587110451040616,0.35587110451040616,0.21080894051302773,-0.01573664088735377,False,,False,-0.3186290117280127,-0.3186290117280127,True,0.3293967840186078
variantshift-development-v1,proteingym-v1.3,proteingym-substitutions-v1.3,NPC1_HUMAN_Erwood_2022_HEK293T,NPC1_HUMAN_Erwood_2022_HEK293T,NPC1_HUMAN,NPC1_HUMAN,cssf_5e5c54cd042b,esm2_35m,0.2858579398159875,1278,0.0892018779342723,114,6333,857.4,0.987,0.0,0.198,1.0,2.48676096985942,0.913748735464504,0.0,0.1687686093997089,0.831231390600291,Human,Activity,masked-protein-language-model,sequence,known-development-benchmark,available,,histgb,3,0.21912675467972947,0.21912675467972947,0.17775094410736444,-0.09420733552209909,False,,False,-0.06673118513625803,-0.06673118513625803,True,0.17218634134703453
variantshift-development-v1,proteingym-v1.3,proteingym-substitutions-v1.3,NPC1_HUMAN_Erwood_2022_HEK293T,NPC1_HUMAN_Erwood_2022_HEK293T,NPC1_HUMAN,NPC1_HUMAN,cssf_5e5c54cd042b,esm2_650m,0.9514393145607476,1278,0.0892018779342723,114,6333,857.4,0.987,0.0,0.198,1.0,3.8904011593951897,1.3128865462632702,0.0,0.1379052678894672,0.8620947321105328,Human,Activity,masked-protein-language-model,sequence,known-development-benchmark,available,,histgb,3,0.48426265881900704,0.48426265881900704,0.18712042244569652,0.15441233020533768,False,,False,-0.46717665574174055,-0.46717665574174055,True,0.4077619972380854
variantshift-development-v1,proteingym-v1.3,proteingym-substitutions-v1.3,NPC1_HUMAN_Erwood_2022_HEK293T,NPC1_HUMAN_Erwood_2022_HEK293T,NPC1_HUMAN,NPC1_HUMAN,cssf_5e5c54cd042b,esm2_8m,0.1205939385659732,1278,0.0892018779342723,114,6333,857.4,0.987,0.0,0.198,1.0,1.2064513791947775,1.2828752883517551,0.0,0.3094137018293539,0.6905862981706461,Human,Activity,masked-protein-language-model,sequence,known-development-benchmark,available,,histgb,3,-0.06786698004092832,-0.06786698004092832,0.14408869559124796,-0.321862257355359,False,,False,-0.1884609186069015,-0.1884609186069015,True,0.06358859406437994
variantshift-development-v1,proteingym-v1.3,proteingym-substitutions-v1.3,NPC1_HUMAN_Erwood_2022_HEK293T,NPC1_HUMAN_Erwood_2022_HEK293T,NPC1_HUMAN,NPC1_HUMAN,cssf_5e5c54cd042b,vespag,0.8058753987738755,1278,0.0892018779342723,114,6333,857.4,0.987,0.0,0.198,1.0,0.158762686645664,1.9074955196296677,0.0,0.1275297107391169,0.8724702892608831,Human,Activity,distilled-evolutionary-variant-effect-model,sequence,known-development-benchmark,available,,histgb,3,0.401793951034089,0.401793951034089,0.12792214944644495,0.17629658158409173,True,-0.45903409167648995,True,-0.4040814477397865,-0.4040814477397865,True,0.3430329809834036
variantshift-development-v1,proteingym-v1.3,proteingym-substitutions-v1.3,NUD15_HUMAN_Suiter_2020,NUD15_HUMAN_Suiter_2020,NUD15_HUMAN,NUD15_HUMAN,cssf_7dd15a2e7599,carp_640m,0.8220977092856786,164,0.9939024390243902,163,153922,46167.2,0.72,0.0,0.3011,1.0,3.76529326575156,1.7301980215659227,0.0,0.1838182040036878,0.8161817959963121,Human,Expression,convolutional-protein-language-model,sequence,known-development-benchmark,available,,histgb,4,0.4926188904405723,0.4926188904405723,0.24857410287381396,-0.5353086297551256,False,,False,-0.3294788188451063,-0.3294788188451063,True,0.5799384351925836
variantshift-development-v1,proteingym-v1.3,proteingym-substitutions-v1.3,NUD15_HUMAN_Suiter_2020,NUD15_HUMAN_Suiter_2020,NUD15_HUMAN,NUD15_HUMAN,cssf_7dd15a2e7599,esm2_150m,0.3523048680593851,164,0.9939024390243902,163,153922,46167.2,0.72,0.0,0.3011,1.0,2.9731196165233142,1.000862611686527,0.0,0.1421965355280009,0.8578034644719991,Human,Expression,masked-protein-language-model,sequence,known-development-benchmark,available,,histgb,4,0.2811357936572786,0.2811357936572786,0.14525602264376408,-0.3195408714637521,False,,False,-0.07116907440210651,-0.07116907440210651,True,0.32613722096861386
variantshift-development-v1,proteingym-v1.3,proteingym-substitutions-v1.3,NUD15_HUMAN_Suiter_2020,NUD15_HUMAN_Suiter_2020,NUD15_HUMAN,NUD15_HUMAN,cssf_7dd15a2e7599,esm2_35m,0.2867945598799049,164,0.9939024390243902,163,153922,46167.2,0.72,0.0,0.3011,1.0,2.400424396883696,0.9378692720977692,0.0,0.1719707901267064,0.8280292098732935,Human,Expression,masked-protein-language-model,sequence,known-development-benchmark,available,,histgb,4,0.20355381502594175,0.20355381502594175,0.12303743473779806,-0.3052424099994294,False,,False,-0.08324074485396313,-0.08324074485396313,True,0.2405304967282771
variantshift-development-v1,proteingym-v1.3,proteingym-substitutions-v1.3,NUD15_HUMAN_Suiter_2020,NUD15_HUMAN_Suiter_2020,NUD15_HUMAN,NUD15_HUMAN,cssf_7dd15a2e7599,esm2_650m,0.6630211524150196,164,0.9939024390243902,163,153922,46167.2,0.72,0.0,0.3011,1.0,3.62514568214241,1.0727970824198376,0.0,0.1319550424911424,0.8680449575088576,Human,Expression,masked-protein-language-model,sequence,known-development-benchmark,available,,histgb,4,0.36102033623642,0.36102033623642,0.21053594053646077,-0.5096081192852489,False,,False,-0.3020008161785996,-0.3020008161785996,True,0.4066224619373332
variantshift-development-v1,proteingym-v1.3,proteingym-substitutions-v1.3,NUD15_HUMAN_Suiter_2020,NUD15_HUMAN_Suiter_2020,NUD15_HUMAN,NUD15_HUMAN,cssf_7dd15a2e7599,esm2_8m,0.2007403691146573,164,0.9939024390243902,163,153922,46167.2,0.72,0.0,0.3011,1.0,2.129077905138487,1.0294612883546566,0.0,0.2203026072769656,0.7796973927230344,Human,Expression,masked-protein-language-model,sequence,known-development-benchmark,available,,histgb,4,0.20344451588648682,0.20344451588648682,0.10813411535391786,-0.24372207049252353,False,,False,0.0027041467718295076,0.0027041467718295076,True,0.20516826671941574
variantshift-development-v1,proteingym-v1.3,proteingym-substitutions-v1.3,NUD15_HUMAN_Suiter_2020,NUD15_HUMAN_Suiter_2020,NUD15_HUMAN,NUD15_HUMAN,cssf_7dd15a2e7599,vespag,0.884203196014059,164,0.9939024390243902,163,153922,46167.2,0.72,0.0,0.3011,1.0,0.1042626878137655,2.344956960918092,0.0,0.1435525100208189,0.8564474899791811,Human,Expression,distilled-evolutionary-variant-effect-model,sequence,known-development-benchmark,available,,histgb,4,0.612184081940291,0.612184081940291,0.20538796098162534,-0.23715595376354015,True,1.059011406049105,False,-0.272019114073768,-0.272019114073768,True,0.47573173796885104
variantshift-development-v1,proteingym-v1.3,proteingym-substitutions-v1.3,NUSA_ECOLI_Tsuboyama_2023_1WCL,NUSA_ECOLI_Tsuboyama_2023_1WCL,NUSA_ECOLI,NUSA_ECOLI,cssf_a92a5d40f0e3,carp_640m,0.454343179239743,69,1.0,69,205612,41321.1,0.812,0.0,0.5642,0.0,2.5574694701420566,1.1999670262137647,0.0,0.0597392577119424,0.9402607422880576,Prokaryote,Stability,convolutional-protein-language-model,sequence,known-development-benchmark,available,,histgb,3,0.6584433870089591,0.6584433870089591,0.06925992386816994,0.536354048234067,False,,False,0.2041002077692161,0.2041002077692161,False,0.5144414887205455
variantshift-development-v1,proteingym-v1.3,proteingym-substitutions-v1.3,NUSA_ECOLI_Tsuboyama_2023_1WCL,NUSA_ECOLI_Tsuboyama_2023_1WCL,NUSA_ECOLI,NUSA_ECOLI,cssf_a92a5d40f0e3,esm2_150m,0.4129630953559989,69,1.0,69,205612,41321.1,0.812,0.0,0.5642,0.0,3.947847137653042,0.9478137998627884,0.0,0.0544607166163291,0.9455392833836708,Prokaryote,Stability,masked-protein-language-model,sequence,known-development-benchmark,available,,histgb,3,0.6865282143093865,0.6865282143093865,0.06666606808397556,0.5690112475482507,False,,False,0.2735651189533876,0.2735651189533876,False,0.532904801762895
variantshift-development-v1,proteingym-v1.3,proteingym-substitutions-v1.3,NUSA_ECOLI_Tsuboyama_2023_1WCL,NUSA_ECOLI_Tsuboyama_2023_1WCL,NUSA_ECOLI,NUSA_ECOLI,cssf_a92a5d40f0e3,esm2_35m,0.3210065236876561,69,1.0,69,205612,41321.1,0.812,0.0,0.5642,0.0,3.903583378511065,0.9672432388050548,0.0,0.0620921498803944,0.9379078501196056,Prokaryote,Stability,masked-protein-language-model,sequence,known-development-benchmark,available,,histgb,3,0.6880915580829199,0.6880915580829199,0.06666606808397556,0.5705745913217841,False,,False,0.3670850343952638,0.3670850343952638,False,0.529216172255313
variantshift-development-v1,proteingym-v1.3,proteingym-substitutions-v1.3,NUSA_ECOLI_Tsuboyama_2023_1WCL,NUSA_ECOLI_Tsuboyama_2023_1WCL,NUSA_ECOLI,NUSA_ECOLI,cssf_a92a5d40f0e3,esm2_650m,0.5311408219104619,69,1.0,69,205612,41321.1,0.812,0.0,0.5642,0.0,5.936853883099644,0.8137903029000789,0.0,0.0597392577119424,0.9402607422880576,Prokaryote,Stability,masked-protein-language-model,sequence,known-development-benchmark,available,,histgb,3,0.7066487291915964,0.7066487291915964,0.09716042008350226,0.535377223527451,True,0.7366375537098161,True,0.17550790728113452,0.17550790728113452,False,0.6846574187505896
variantshift-development-v1,proteingym-v1.3,proteingym-substitutions-v1.3,NUSA_ECOLI_Tsuboyama_2023_1WCL,NUSA_ECOLI_Tsuboyama_2023_1WCL,NUSA_ECOLI,NUSA_ECOLI,cssf_a92a5d40f0e3,esm2_8m,0.3378353112520262,69,1.0,69,205612,41321.1,0.812,0.0,0.5642,0.0,1.7651440317221565,1.4072794932905568,0.0,0.1149191730518666,0.8850808269481334,Prokaryote,Stability,masked-protein-language-model,sequence,known-development-benchmark,available,,histgb,3,0.5044734051099709,0.5044734051099709,0.14463697845942036,0.24951163102369583,False,,False,0.16663809385794465,0.16663809385794465,True,0.40220525944838775
variantshift-development-v1,proteingym-v1.3,proteingym-substitutions-v1.3,NUSA_ECOLI_Tsuboyama_2023_1WCL,NUSA_ECOLI_Tsuboyama_2023_1WCL,NUSA_ECOLI,NUSA_ECOLI,cssf_a92a5d40f0e3,vespag,0.7020579231623432,69,1.0,69,205612,41321.1,0.812,0.0,0.5642,0.0,0.0823599651518294,2.7638845698516725,0.0,0.1752455229688285,0.8247544770311714,Prokaryote,Stability,distilled-evolutionary-variant-effect-model,sequence,known-development-benchmark,available,,histgb,3,0.5061908395886763,0.5061908395886763,0.09629060006007648,0.33645262685328653,False,,False,-0.1958670835736669,-0.1958670835736669,True,0.6618295954885892
variantshift-development-v1,proteingym-v1.3,proteingym-substitutions-v1.3,NUSG_MYCTU_Tsuboyama_2023_2MI6,NUSG_MYCTU_Tsuboyama_2023_2MI6,NUSG_MYCTU,NUSG_MYCTU,cssf_12ebdb52f01c,carp_640m,0.7444956423573666,55,1.0,55,102004,17618.2,0.964,0.0,0.6599,0.0,2.9536707132500504,1.888607761370095,0.0,0.1434426042934873,0.8565573957065127,Prokaryote,Stability,convolutional-protein-language-model,sequence,known-development-benchmark,available,,histgb,1,0.6593955192543661,0.6250735629824846,0.1738396946946404,0.22633689143747804,False,,False,-0.08510012310300052,-0.11942207937488203,True,0.5814810769462214
variantshift-development-v1,proteingym-v1.3,proteingym-substitutions-v1.3,NUSG_MYCTU_Tsuboyama_2023_2MI6,NUSG_MYCTU_Tsuboyama_2023_2MI6,NUSG_MYCTU,NUSG_MYCTU,cssf_12ebdb52f01c,esm2_150m,0.8161779980002584,55,1.0,55,102004,17618.2,0.964,0.0,0.6599,0.0,3.5903910547609175,1.592470021321526,0.0,0.0595437515297819,0.940456248470218,Prokaryote,Stability,masked-protein-language-model,sequence,known-development-benchmark,available,,histgb,1,0.7222210969625982,0.6501165147596698,0.1851650433329234,0.22540285431090296,False,,False,-0.09395690103766019,-0.16606148324058856,True,0.5728416039596798
variantshift-development-v1,proteingym-v1.3,proteingym-substitutions-v1.3,NUSG_MYCTU_Tsuboyama_2023_2MI6,NUSG_MYCTU_Tsuboyama_2023_2MI6,NUSG_MYCTU,NUSG_MYCTU,cssf_12ebdb52f01c,esm2_35m,0.706803983750662,55,1.0,55,102004,17618.2,0.964,0.0,0.6599,0.0,2.86802261439932,1.4788847757330807,0.0,0.0762097169215338,0.923790283078466,Prokaryote,Stability,masked-protein-language-model,sequence,known-development-benchmark,available,,histgb,1,0.6906161121094455,0.5964948549270221,0.1722444772706561,0.20141713876126538,False,,False,-0.01618787164121649,-0.11030912882363986,True,0.4846819829575036
variantshift-development-v1,proteingym-v1.3,proteingym-substitutions-v1.3,NUSG_MYCTU_Tsuboyama_2023_2MI6,NUSG_MYCTU_Tsuboyama_2023_2MI6,NUSG_MYCTU,NUSG_MYCTU,cssf_12ebdb52f01c,esm2_650m,0.759852448362792,55,1.0,55,102004,17618.2,0.964,0.0,0.6599,0.0,3.9440965540885657,1.6544319146773878,0.0,0.061244096248829,0.9387559037511708,Prokaryote,Stability,masked-protein-language-model,sequence,known-development-benchmark,available,,histgb,1,0.696308844518604,0.6484619683105328,0.20498907176029074,0.17827786956154418,False,,False,-0.063543603844188,-0.11139048005225916,True,0.6098437587662084
variantshift-development-v1,proteingym-v1.3,proteingym-substitutions-v1.3,NUSG_MYCTU_Tsuboyama_2023_2MI6,NUSG_MYCTU_Tsuboyama_2023_2MI6,NUSG_MYCTU,NUSG_MYCTU,cssf_12ebdb52f01c,esm2_8m,0.2566843032938122,55,1.0,55,102004,17618.2,0.964,0.0,0.6599,0.0,1.7866938071512164,1.3456476581100438,0.0,0.2142207959388853,0.7857792040611147,Prokaryote,Stability,masked-protein-language-model,sequence,known-development-benchmark,available,,histgb,1,0.3518809543769889,0.3047483085629726,0.22361751214223788,-0.2081639043087406,False,,False,0.09519665108317671,0.04806400526916038,True,0.2740282398851562
variantshift-development-v1,proteingym-v1.3,proteingym-substitutions-v1.3,NUSG_MYCTU_Tsuboyama_2023_2MI6,NUSG_MYCTU_Tsuboyama_2023_2MI6,NUSG_MYCTU,NUSG_MYCTU,cssf_12ebdb52f01c,vespag,0.7617087803120483,55,1.0,55,102004,17618.2,0.964,0.0,0.6599,0.0,0.0991674750300106,2.7106646134064825,0.0,0.0754657346308296,0.9245342653691704,Prokaryote,Stability,distilled-evolutionary-variant-effect-model,sequence,known-development-benchmark,available,,histgb,1,0.6294411354693303,0.6242277161204908,0.18407963083544915,0.20200366983755913,True,0.04675650979702386,True,-0.1322676448427179,-0.13748106419155748,True,0.6460491950243556
variantshift-development-v1,proteingym-v1.3,proteingym-substitutions-v1.3,OBSCN_HUMAN_Tsuboyama_2023_1V1C,OBSCN_HUMAN_Tsuboyama_2023_1V1C,OBSCN_HUMAN,OBSCN_HUMAN,cssf_784e4bfd3195,carp_640m,0.7860392531989673,65,1.0,65,718751,24605.3,0.815,0.0,0.6495,0.0,2.520394575099828,1.8304555873525377,0.0,0.2055258568771707,0.7944741431228293,Human,Stability,convolutional-protein-language-model,sequence,known-development-benchmark,available,,histgb,0,0.5852893246053968,0.5852893246053968,0.15711378742347748,0.204796155766594,False,,False,-0.20074992859357044,-0.20074992859357044,True,0.6029349892138669
variantshift-development-v1,proteingym-v1.3,proteingym-substitutions-v1.3,OBSCN_HUMAN_Tsuboyama_2023_1V1C,OBSCN_HUMAN_Tsuboyama_2023_1V1C,OBSCN_HUMAN,OBSCN_HUMAN,cssf_784e4bfd3195,esm2_150m,0.7871351539607996,65,1.0,65,718751,24605.3,0.815,0.0,0.6495,0.0,4.4519296570016555,1.028302950465631,0.0,0.089766534346353,0.9102334656536468,Human,Stability,masked-protein-language-model,sequence,known-development-benchmark,available,,histgb,0,0.5814620017362324,0.5814620017362324,0.2398351206276352,0.0006369414856057798,False,,False,-0.20567315222456717,-0.20567315222456717,True,0.6070331495185006
variantshift-development-v1,proteingym-v1.3,proteingym-substitutions-v1.3,OBSCN_HUMAN_Tsuboyama_2023_1V1C,OBSCN_HUMAN_Tsuboyama_2023_1V1C,OBSCN_HUMAN,OBSCN_HUMAN,cssf_784e4bfd3195,esm2_35m,0.5633331906504829,65,1.0,65,718751,24605.3,0.815,0.0,0.6495,0.0,4.217101420016572,1.0835351789030927,0.0,0.0923206032084105,0.9076793967915896,Human,Stability,masked-protein-language-model,sequence,known-development-benchmark,available,,histgb,0,0.5797377942232049,0.5797377942232049,0.23776997886054177,0.003914028562624683,False,,False,0.016404603572722,0.016404603572722,True,0.5954592215176376
variantshift-development-v1,proteingym-v1.3,proteingym-substitutions-v1.3,OBSCN_HUMAN_Tsuboyama_2023_1V1C,OBSCN_HUMAN_Tsuboyama_2023_1V1C,OBSCN_HUMAN,OBSCN_HUMAN,cssf_784e4bfd3195,esm2_650m,0.8370900726957279,65,1.0,65,718751,24605.3,0.815,0.0,0.6495,0.0,7.052866368458639,1.2967413043789209,0.0,0.100327159123934,0.8996728408760659,Human,Stability,masked-protein-language-model,sequence,known-development-benchmark,available,,histgb,0,0.6510599748735266,0.6510599748735266,0.17661043811951369,0.22335043803334015,False,,False,-0.18603009782220126,-0.18603009782220126,True,0.9369573838798948
variantshift-development-v1,proteingym-v1.3,proteingym-substitutions-v1.3,OBSCN_HUMAN_Tsuboyama_2023_1V1C,OBSCN_HUMAN_Tsuboyama_2023_1V1C,OBSCN_HUMAN,OBSCN_HUMAN,cssf_784e4bfd3195,esm2_8m,0.1256766163830976,65,1.0,65,718751,24605.3,0.815,0.0,0.6495,0.0,2.926754438450579,0.7952196370589747,0.0,0.2144956592733053,0.7855043407266946,Human,Stability,masked-protein-language-model,sequence,known-development-benchmark,available,,histgb,0,0.36485163876289345,0.36485163876289345,0.24047555710510382,-0.21752441016128093,False,,False,0.23917502237979585,0.23917502237979585,True,0.3339258330276698
variantshift-development-v1,proteingym-v1.3,proteingym-substitutions-v1.3,OBSCN_HUMAN_Tsuboyama_2023_1V1C,OBSCN_HUMAN_Tsuboyama_2023_1V1C,OBSCN_HUMAN,OBSCN_HUMAN,cssf_784e4bfd3195,vespag,0.7677691938987133,65,1.0,65,718751,24605.3,0.815,0.0,0.6495,0.0,0.0364326542409037,2.97631951031585,0.0,0.1431814963819095,0.8568185036180904,Human,Stability,distilled-evolutionary-variant-effect-model,sequence,known-development-benchmark,available,,histgb,0,0.6946776079981445,0.6946776079981445,0.15449540838817535,0.3205255461538403,True,0.5014706510891157,True,-0.07309158590056886,-0.07309158590056886,True,0.7323791507216317
variantshift-development-v1,proteingym-v1.3,proteingym-substitutions-v1.3,ODP2_GEOSE_Tsuboyama_2023_1W4G,ODP2_GEOSE_Tsuboyama_2023_1W4G,ODP2_GEOSE,ODP2_GEOSE,cssf_a7d25cc6753c,carp_640m,0.7390421594455537,44,1.0,44,163835,17505.9,0.909,0.0,0.5237,1.0,2.42644250029231,1.604656736258821,0.0,0.1833661053527573,0.8166338946472427,Prokaryote,Stability,convolutional-protein-language-model,sequence,known-development-benchmark,available,,histgb,4,0.4771774437760799,0.4771774437760799,0.16292551488904022,-0.19656780385945366,False,,False,-0.26186471566947384,-0.26186471566947384,True,0.4958835774759044
variantshift-development-v1,proteingym-v1.3,proteingym-substitutions-v1.3,ODP2_GEOSE_Tsuboyama_2023_1W4G,ODP2_GEOSE_Tsuboyama_2023_1W4G,ODP2_GEOSE,ODP2_GEOSE,cssf_a7d25cc6753c,esm2_150m,0.7520311885553355,44,1.0,44,163835,17505.9,0.909,0.0,0.5237,1.0,3.7331111130352217,1.208803656052003,0.0,0.1134038505836119,0.8865961494163881,Prokaryote,Stability,masked-protein-language-model,sequence,known-development-benchmark,available,,histgb,4,0.6707911399839286,0.6707911399839286,0.12736125648412575,0.14411463171872585,True,0.09544284701550904,True,-0.08124004857140688,-0.08124004857140688,True,0.5228757105798846
variantshift-development-v1,proteingym-v1.3,proteingym-substitutions-v1.3,ODP2_GEOSE_Tsuboyama_2023_1W4G,ODP2_GEOSE_Tsuboyama_2023_1W4G,ODP2_GEOSE,ODP2_GEOSE,cssf_a7d25cc6753c,esm2_35m,0.4414042240940942,44,1.0,44,163835,17505.9,0.909,0.0,0.5237,1.0,2.135272927477359,1.1627397284300345,0.0,0.1941994316743044,0.8058005683256956,Prokaryote,Stability,masked-protein-language-model,sequence,known-development-benchmark,available,,histgb,4,0.4643098200161961,0.4643098200161961,0.10039219764236777,0.04915835581921246,False,,False,0.022905595922101896,0.022905595922101896,True,0.317535860825422
variantshift-development-v1,proteingym-v1.3,proteingym-substitutions-v1.3,ODP2_GEOSE_Tsuboyama_2023_1W4G,ODP2_GEOSE_Tsuboyama_2023_1W4G,ODP2_GEOSE,ODP2_GEOSE,cssf_a7d25cc6753c,esm2_650m,0.7443271583779111,44,1.0,44,163835,17505.9,0.909,0.0,0.5237,1.0,3.15665667051103,1.4815254824071924,0.0,0.113382429930212,0.8866175700697879,Prokaryote,Stability,masked-protein-language-model,sequence,known-development-benchmark,available,,histgb,4,0.6382445431531166,0.6382445431531166,0.11487642458692136,0.1631965116430658,False,,False,-0.10608261522479445,-0.10608261522479445,True,0.5408937297526113
variantshift-development-v1,proteingym-v1.3,proteingym-substitutions-v1.3,ODP2_GEOSE_Tsuboyama_2023_1W4G,ODP2_GEOSE_Tsuboyama_2023_1W4G,ODP2_GEOSE,ODP2_GEOSE,cssf_a7d25cc6753c,esm2_8m,0.6309138252762707,44,1.0,44,163835,17505.9,0.909,0.0,0.5237,1.0,2.0772511495756683,1.1335672986805403,0.0,0.1380593456381489,0.8619406543618511,Prokaryote,Stability,masked-protein-language-model,sequence,known-development-benchmark,available,,histgb,4,0.468765117221039,0.468765117221039,0.14963693070596032,-0.15002789995966204,False,,False,-0.16214870805523174,-0.16214870805523174,True,0.34585450321330674
variantshift-development-v1,proteingym-v1.3,proteingym-substitutions-v1.3,ODP2_GEOSE_Tsuboyama_2023_1W4G,ODP2_GEOSE_Tsuboyama_2023_1W4G,ODP2_GEOSE,ODP2_GEOSE,cssf_a7d25cc6753c,vespag,0.5455813681175837,44,1.0,44,163835,17505.9,0.909,0.0,0.5237,1.0,0.0598152518977364,2.653067621597062,0.0,0.1710393109734456,0.8289606890265544,Prokaryote,Stability,distilled-evolutionary-variant-effect-model,sequence,known-development-benchmark,available,,histgb,4,0.4917094664853798,0.4917094664853798,0.10246484585950569,0.06798698818254556,False,,False,-0.053871901632203956,-0.053871901632203956,True,0.5881695381338818
variantshift-development-v1,proteingym-v1.3,proteingym-substitutions-v1.3,OTC_HUMAN_Lo_2023,OTC_HUMAN_Lo_2023,OTC_HUMAN,OTC_HUMAN,cssf_85ec1183d131,carp_640m,0.661417199812276,354,0.9096045197740112,322,135607,19105.3,0.87,0.0,0.3338,1.0,3.5531912415871867,1.5665136126706445,0.0,0.1180727139934258,0.8819272860065741,Human,Activity,convolutional-protein-language-model,sequence,known-development-benchmark,available,,histgb,3,0.5534314029572193,0.5534314029572193,0.2588719892683303,0.09709954129838055,False,,False,-0.10798579685505671,-0.10798579685505671,True,0.528436770678215
variantshift-development-v1,proteingym-v1.3,proteingym-substitutions-v1.3,OTC_HUMAN_Lo_2023,OTC_HUMAN_Lo_2023,OTC_HUMAN,OTC_HUMAN,cssf_85ec1183d131,esm2_150m,0.6554719058705434,354,0.9096045197740112,322,135607,19105.3,0.87,0.0,0.3338,1.0,2.9675591498809513,1.3419312369077427,0.0,0.1070095090497151,0.8929904909502848,Human,Activity,masked-protein-language-model,sequence,known-development-benchmark,available,,histgb,3,0.5323558704385424,0.5323558704385424,0.22176799186998705,0.14142983447612661,False,,False,-0.123116035432001,-0.123116035432001,True,0.3727582689020567
variantshift-development-v1,proteingym-v1.3,proteingym-substitutions-v1.3,OTC_HUMAN_Lo_2023,OTC_HUMAN_Lo_2023,OTC_HUMAN,OTC_HUMAN,cssf_85ec1183d131,esm2_35m,0.5177555068595854,354,0.9096045197740112,322,135607,19105.3,0.87,0.0,0.3338,1.0,2.5887939472494415,1.2372553984043462,0.0,0.1915442377345022,0.8084557622654978,Human,Activity,masked-protein-language-model,sequence,known-development-benchmark,available,,histgb,3,0.33526186641647593,0.33526186641647593,0.20435720262421528,-0.024972946861212264,False,,False,-0.18249364044310945,-0.18249364044310945,True,0.27055769418155196
variantshift-development-v1,proteingym-v1.3,proteingym-substitutions-v1.3,OTC_HUMAN_Lo_2023,OTC_HUMAN_Lo_2023,OTC_HUMAN,OTC_HUMAN,cssf_85ec1183d131,esm2_650m,0.7400542707738293,354,0.9096045197740112,322,135607,19105.3,0.87,0.0,0.3338,1.0,3.533273490816371,1.3994256989648757,0.0,0.1097076855202627,0.8902923144797372,Human,Activity,masked-protein-language-model,sequence,known-development-benchmark,available,,histgb,3,0.5076225584683548,0.5076225584683548,0.23315558618896687,0.09662280912318566,False,,False,-0.23243171230547455,-0.23243171230547455,True,0.43672933835646366
variantshift-development-v1,proteingym-v1.3,proteingym-substitutions-v1.3,OTC_HUMAN_Lo_2023,OTC_HUMAN_Lo_2023,OTC_HUMAN,OTC_HUMAN,cssf_85ec1183d131,esm2_8m,0.0424243830262935,354,0.9096045197740112,322,135607,19105.3,0.87,0.0,0.3338,1.0,1.0776989241002397,1.6093857935221074,0.0,0.4254615623096136,0.5745384376903864,Human,Activity,masked-protein-language-model,sequence,known-development-benchmark,available,,histgb,3,-0.08724876814757342,-0.08724876814757342,0.15397941723199082,-0.35867911610145903,False,,False,-0.1296731511738669,-0.1296731511738669,True,0.09311044021493159
variantshift-development-v1,proteingym-v1.3,proteingym-substitutions-v1.3,OTC_HUMAN_Lo_2023,OTC_HUMAN_Lo_2023,OTC_HUMAN,OTC_HUMAN,cssf_85ec1183d131,vespag,0.8697136594156628,354,0.9096045197740112,322,135607,19105.3,0.87,0.0,0.3338,1.0,0.1452440546765989,2.0477038361685556,0.0,0.1170108283890538,0.8829891716109461,Human,Activity,distilled-evolutionary-variant-effect-model,sequence,known-development-benchmark,available,,histgb,3,0.5004669563191161,0.5004669563191161,0.21565455659171046,0.12031750267273877,True,0.6401959375153832,True,-0.3692467030965467,-0.3692467030965467,True,0.40678295839530465
variantshift-development-v1,proteingym-v1.3,proteingym-substitutions-v1.3,OTU7A_HUMAN_Tsuboyama_2023_2L2D,OTU7A_HUMAN_Tsuboyama_2023_2L2D,OTU7A_HUMAN,OTU7A_HUMAN,cssf_24059a2f71bf,carp_640m,0.654698709288959,42,1.0,42,1359071,520600.5,0.881,0.0,0.7106,0.9523809523809524,2.569841891527699,1.3139435061641191,0.0,0.1087536503029675,0.8912463496970324,Human,Stability,convolutional-protein-language-model,sequence,known-development-benchmark,available,,histgb,1,0.6522847133164681,0.6197404585290611,0.2638652429175514,0.014511895040316913,False,,False,-0.0024139959724909232,-0.03495825075989789,True,0.48503403780664045
variantshift-development-v1,proteingym-v1.3,proteingym-substitutions-v1.3,OTU7A_HUMAN_Tsuboyama_2023_2L2D,OTU7A_HUMAN_Tsuboyama_2023_2L2D,OTU7A_HUMAN,OTU7A_HUMAN,cssf_24059a2f71bf,esm2_150m,0.6804487798460566,42,1.0,42,1359071,520600.5,0.881,0.0,0.7106,0.9523809523809524,2.793051886048755,1.31623567802821,0.0,0.1144220886739493,0.8855779113260507,Human,Stability,masked-protein-language-model,sequence,known-development-benchmark,available,,histgb,1,0.6432036521537362,0.5908534311530234,0.28010891062223364,-0.05163328563393765,False,,False,-0.03724512769232036,-0.0895953486930332,True,0.44527977203688857
variantshift-development-v1,proteingym-v1.3,proteingym-substitutions-v1.3,OTU7A_HUMAN_Tsuboyama_2023_2L2D,OTU7A_HUMAN_Tsuboyama_2023_2L2D,OTU7A_HUMAN,OTU7A_HUMAN,cssf_24059a2f71bf,esm2_35m,0.6956977481786618,42,1.0,42,1359071,520600.5,0.881,0.0,0.7106,0.9523809523809524,2.373446030599186,1.424427443984981,0.0,0.1140041111163705,0.8859958888836295,Human,Stability,masked-protein-language-model,sequence,known-development-benchmark,available,,histgb,1,0.6103986283130579,0.5363317420797314,0.2598918339710335,-0.05978300042120732,False,,False,-0.0852991198656039,-0.15936600609893037,True,0.44056752003389665
variantshift-development-v1,proteingym-v1.3,proteingym-substitutions-v1.3,OTU7A_HUMAN_Tsuboyama_2023_2L2D,OTU7A_HUMAN_Tsuboyama_2023_2L2D,OTU7A_HUMAN,OTU7A_HUMAN,cssf_24059a2f71bf,esm2_650m,0.4928189929891479,42,1.0,42,1359071,520600.5,0.881,0.0,0.7106,0.9523809523809524,3.5286118942092615,1.7663682080030318,0.0,0.1852437776716515,0.8147562223283484,Human,Stability,masked-protein-language-model,sequence,known-development-benchmark,available,,histgb,1,0.6623614620742557,0.6230014314772716,0.2434207219165018,0.06466653211748219,False,,False,0.16954246908510784,0.13018243848812372,True,0.5419894104019523
variantshift-development-v1,proteingym-v1.3,proteingym-substitutions-v1.3,OTU7A_HUMAN_Tsuboyama_2023_2L2D,OTU7A_HUMAN_Tsuboyama_2023_2L2D,OTU7A_HUMAN,OTU7A_HUMAN,cssf_24059a2f71bf,esm2_8m,-0.1225431970426176,42,1.0,42,1359071,520600.5,0.881,0.0,0.7106,0.9523809523809524,1.0943463016838264,1.8872732212856165,0.0,0.2711584940341478,0.7288415059658522,Human,Stability,masked-protein-language-model,sequence,known-development-benchmark,available,,histgb,1,0.3185156680605221,0.2797243438256225,0.26823558920607876,-0.335528497119703,False,,False,0.44105886510313974,0.4022675408682401,True,0.33407000318815966
variantshift-development-v1,proteingym-v1.3,proteingym-substitutions-v1.3,OTU7A_HUMAN_Tsuboyama_2023_2L2D,OTU7A_HUMAN_Tsuboyama_2023_2L2D,OTU7A_HUMAN,OTU7A_HUMAN,cssf_24059a2f71bf,vespag,0.5004296367085915,42,1.0,42,1359071,520600.5,0.881,0.0,0.7106,0.9523809523809524,0.0713226074012326,2.379017696930203,0.0,0.1616046242091888,0.8383953757908111,Human,Stability,distilled-evolutionary-variant-effect-model,sequence,known-development-benchmark,available,,histgb,1,0.7085220444216291,0.6835383978347148,0.245925240867849,0.11945887523317533,True,1.6372434157063256,True,0.2080924077130376,0.1831087611261233,True,0.5355042064296276
variantshift-development-v1,proteingym-v1.3,proteingym-substitutions-v1.3,OXDA_RHOTO_Vanella_2023_activity,OXDA_RHOTO_Vanella_2023_activity,OXDA_RHOTO,OXDA_RHOTO,cssf_08db490a0d52,carp_640m,0.4748162725496903,364,1.0,364,520184,98744.9,0.876,0.0,0.4881,1.0,3.1763304163366524,1.2015743662416267,0.0,0.1087726038887666,0.8912273961112334,Eukaryote,Activity,convolutional-protein-language-model,sequence,known-development-benchmark,available,,histgb,4,0.46729397808412704,0.46729397808412704,0.1944971079082019,-0.33700915529097314,False,,False,-0.0075222944655632396,-0.0075222944655632396,True,0.515067931175784
variantshift-development-v1,proteingym-v1.3,proteingym-substitutions-v1.3,OXDA_RHOTO_Vanella_2023_activity,OXDA_RHOTO_Vanella_2023_activity,OXDA_RHOTO,OXDA_RHOTO,cssf_08db490a0d52,esm2_150m,0.3794582463957684,364,1.0,364,520184,98744.9,0.876,0.0,0.4881,1.0,3.013767771412777,1.199918468203443,0.0,0.1139211756236127,0.8860788243763873,Eukaryote,Activity,masked-protein-language-model,sequence,known-development-benchmark,available,,histgb,4,0.49071692901347663,0.49071692901347663,0.17316988918549753,-0.22539183978041188,False,,False,0.11125868261770822,0.11125868261770822,True,0.4599283999141553
variantshift-development-v1,proteingym-v1.3,proteingym-substitutions-v1.3,OXDA_RHOTO_Vanella_2023_activity,OXDA_RHOTO_Vanella_2023_activity,OXDA_RHOTO,OXDA_RHOTO,cssf_08db490a0d52,esm2_35m,0.1195002006023965,364,1.0,364,520184,98744.9,0.876,0.0,0.4881,1.0,2.692939029393028,1.0534948056971958,0.0,0.1337527687839699,0.8662472312160301,Eukaryote,Activity,masked-protein-language-model,sequence,known-development-benchmark,available,,histgb,4,0.41961220863906307,0.41961220863906307,0.1357888505735309,-0.14191489666494633,False,,False,0.3001120080366666,0.3001120080366666,True,0.38239362042014646
variantshift-development-v1,proteingym-v1.3,proteingym-substitutions-v1.3,OXDA_RHOTO_Vanella_2023_activity,OXDA_RHOTO_Vanella_2023_activity,OXDA_RHOTO,OXDA_RHOTO,cssf_08db490a0d52,esm2_650m,0.470947894142424,364,1.0,364,520184,98744.9,0.876,0.0,0.4881,1.0,3.48029104900642,1.2313672114187075,0.0,0.1260986600165371,0.8739013399834629,Eukaryote,Activity,masked-protein-language-model,sequence,known-development-benchmark,available,,histgb,4,0.5109585999870834,0.5109585999870834,0.19663460352500808,-0.3021837106933378,False,,False,0.04001070584465938,0.04001070584465938,True,0.49855258600700314
variantshift-development-v1,proteingym-v1.3,proteingym-substitutions-v1.3,OXDA_RHOTO_Vanella_2023_activity,OXDA_RHOTO_Vanella_2023_activity,OXDA_RHOTO,OXDA_RHOTO,cssf_08db490a0d52,esm2_8m,0.0794354475077938,364,1.0,364,520184,98744.9,0.876,0.0,0.4881,1.0,1.893123662891759,1.0609132526508205,0.0,0.2063626690399765,0.7936373309600234,Eukaryote,Activity,masked-protein-language-model,sequence,known-development-benchmark,available,,histgb,4,0.11781241846583648,0.11781241846583648,0.11262206944887637,-0.34791318701551666,False,,False,0.03837697095804268,0.03837697095804268,True,0.26393757322537076
variantshift-development-v1,proteingym-v1.3,proteingym-substitutions-v1.3,OXDA_RHOTO_Vanella_2023_activity,OXDA_RHOTO_Vanella_2023_activity,OXDA_RHOTO,OXDA_RHOTO,cssf_08db490a0d52,vespag,0.7731685238609244,364,1.0,364,520184,98744.9,0.876,0.0,0.4881,1.0,0.1150541120833444,2.347438634460529,0.0,0.1583666684663685,0.8416333315336315,Eukaryote,Activity,distilled-evolutionary-variant-effect-model,sequence,known-development-benchmark,available,,histgb,4,0.6422919303494697,0.6422919303494697,0.26954215494394007,-0.4723446939668633,True,1.8625160707423585,False,-0.13087659351145464,-0.13087659351145464,True,0.527658497158354
variantshift-development-v1,proteingym-v1.3,proteingym-substitutions-v1.3,OXDA_RHOTO_Vanella_2023_expression,OXDA_RHOTO_Vanella_2023_expression,OXDA_RHOTO,OXDA_RHOTO,cssf_08db490a0d52,carp_640m,0.3984875810311282,364,1.0,364,520184,98744.9,0.876,0.0,0.4881,1.0,3.234885467672105,1.2044917369647918,0.0,0.1061319133424847,0.8938680866575153,Eukaryote,Expression,convolutional-protein-language-model,sequence,known-development-benchmark,available,,histgb,4,0.48024084338681744,0.48024084338681744,0.2032954677229452,-0.36044611308810787,False,,False,0.08175326235568925,0.08175326235568925,True,0.5226644404517061
variantshift-development-v1,proteingym-v1.3,proteingym-substitutions-v1.3,OXDA_RHOTO_Vanella_2023_expression,OXDA_RHOTO_Vanella_2023_expression,OXDA_RHOTO,OXDA_RHOTO,cssf_08db490a0d52,esm2_150m,0.3643291266329281,364,1.0,364,520184,98744.9,0.876,0.0,0.4881,1.0,3.0865829218142578,1.1924710791366513,0.0,0.1118165578454818,0.8881834421545182,Eukaryote,Expression,masked-protein-language-model,sequence,known-development-benchmark,available,,histgb,4,0.4918670383990255,0.4918670383990255,0.19835343725659255,-0.32838315872213747,False,,False,0.1275379117660974,0.1275379117660974,True,0.4658045213217796
variantshift-development-v1,proteingym-v1.3,proteingym-substitutions-v1.3,OXDA_RHOTO_Vanella_2023_expression,OXDA_RHOTO_Vanella_2023_expression,OXDA_RHOTO,OXDA_RHOTO,cssf_08db490a0d52,esm2_35m,0.2135137648137149,364,1.0,364,520184,98744.9,0.876,0.0,0.4881,1.0,2.7812348399861166,1.0337440486824303,0.0,0.1305644139432586,0.8694355860567413,Eukaryote,Expression,masked-protein-language-model,sequence,known-development-benchmark,available,,histgb,4,0.42571165424650104,0.42571165424650104,0.14487931455621103,-0.17340721138617088,False,,False,0.21219788943278614,0.21219788943278614,True,0.3873430089867552
variantshift-development-v1,proteingym-v1.3,proteingym-substitutions-v1.3,OXDA_RHOTO_Vanella_2023_expression,OXDA_RHOTO_Vanella_2023_expression,OXDA_RHOTO,OXDA_RHOTO,cssf_08db490a0d52,esm2_650m,0.4265122479213749,364,1.0,364,520184,98744.9,0.876,0.0,0.4881,1.0,3.5454144753970867,1.2325292013354132,0.0,0.1227993861732847,0.8772006138267152,Eukaryote,Expression,masked-protein-language-model,sequence,known-development-benchmark,available,,histgb,4,0.520969673865182,0.520969673865182,0.20373182304599605,-0.32152174107891673,False,,False,0.09445742594380713,0.09445742594380713,True,0.5067503809228614
variantshift-development-v1,proteingym-v1.3,proteingym-substitutions-v1.3,OXDA_RHOTO_Vanella_2023_expression,OXDA_RHOTO_Vanella_2023_expression,OXDA_RHOTO,OXDA_RHOTO,cssf_08db490a0d52,esm2_8m,0.1237106813237636,364,1.0,364,520184,98744.9,0.876,0.0,0.4881,1.0,1.9775248570985344,1.0227727241714566,0.0,0.2014647175253124,0.7985352824746875,Eukaryote,Expression,masked-protein-language-model,sequence,known-development-benchmark,available,,histgb,4,0.13755904109265465,0.13755904109265465,0.11380340053801322,-0.3330517182440177,False,,False,0.013848359768891053,0.013848359768891053,True,0.2652679844201502
variantshift-development-v1,proteingym-v1.3,proteingym-substitutions-v1.3,OXDA_RHOTO_Vanella_2023_expression,OXDA_RHOTO_Vanella_2023_expression,OXDA_RHOTO,OXDA_RHOTO,cssf_08db490a0d52,vespag,0.5357934498915897,364,1.0,364,520184,98744.9,0.876,0.0,0.4881,1.0,0.1143591636481765,2.382009409697692,0.0,0.1548452349378413,0.8451547650621587,Eukaryote,Expression,distilled-evolutionary-variant-effect-model,sequence,known-development-benchmark,available,,histgb,4,0.6642645399583973,0.6642645399583973,0.27001737482794547,-0.45233725929476876,True,1.9051248671090746,False,0.12847109006680757,0.12847109006680757,True,0.5386295202794931
variantshift-development-v1,proteingym-v1.3,proteingym-substitutions-v1.3,P53_HUMAN_Giacomelli_2018_Null_Etoposide,P53_HUMAN_Giacomelli_2018_Null_Etoposide,P53_HUMAN,P53_HUMAN,cssf_a3526b63cbae,carp_640m,0.4068831578599982,393,1.0,393,5069,152.7,0.858,0.0,0.2457,1.0,4.26782902317086,1.105127001139848,0.0,0.1602827619485938,0.8397172380514062,Human,OrganismalFitness,convolutional-protein-language-model,sequence,known-development-benchmark,available,,histgb,2,0.36580164824783185,0.36580164824783185,0.14482038683430729,-0.012682727735924881,False,,False,-0.041081509612166334,-0.041081509612166334,True,0.5047163558012638
variantshift-development-v1,proteingym-v1.3,proteingym-substitutions-v1.3,P53_HUMAN_Giacomelli_2018_Null_Etoposide,P53_HUMAN_Giacomelli_2018_Null_Etoposide,P53_HUMAN,P53_HUMAN,cssf_a3526b63cbae,esm2_150m,0.2269424341689771,393,1.0,393,5069,152.7,0.858,0.0,0.2457,1.0,2.691878756949992,1.0784128580936003,0.0,0.2344518632030883,0.7655481367969117,Human,OrganismalFitness,masked-protein-language-model,sequence,known-development-benchmark,available,,histgb,2,0.2130355304545129,0.2130355304545129,0.11423153624878445,-0.08550566709285429,False,,False,-0.013906903714464208,-0.013906903714464208,True,0.2876415017791942
variantshift-development-v1,proteingym-v1.3,proteingym-substitutions-v1.3,P53_HUMAN_Giacomelli_2018_Null_Etoposide,P53_HUMAN_Giacomelli_2018_Null_Etoposide,P53_HUMAN,P53_HUMAN,cssf_a3526b63cbae,esm2_35m,-0.1125560693123935,393,1.0,393,5069,152.7,0.858,0.0,0.2457,1.0,1.4743162337058595,1.297282834855872,0.0,0.3954597688812614,0.6045402311187386,Human,OrganismalFitness,masked-protein-language-model,sequence,known-development-benchmark,available,,histgb,2,-0.019001993110513427,-0.019001993110513427,0.1581071299555572,-0.4322109323206918,False,,False,0.09355407620188007,0.09355407620188007,True,0.13057170231521975
variantshift-development-v1,proteingym-v1.3,proteingym-substitutions-v1.3,P53_HUMAN_Giacomelli_2018_Null_Etoposide,P53_HUMAN_Giacomelli_2018_Null_Etoposide,P53_HUMAN,P53_HUMAN,cssf_a3526b63cbae,esm2_650m,0.3763020724258319,393,1.0,393,5069,152.7,0.858,0.0,0.2457,1.0,3.309332022669966,1.0478345555964927,0.0,0.1791247693016179,0.8208752306983821,Human,OrganismalFitness,masked-protein-language-model,sequence,known-development-benchmark,available,,histgb,2,0.2520557352088819,0.2520557352088819,0.12973440899017274,-0.08700182363085779,False,,False,-0.12424633721695,-0.12424633721695,True,0.3641543798644698
variantshift-development-v1,proteingym-v1.3,proteingym-substitutions-v1.3,P53_HUMAN_Giacomelli_2018_Null_Etoposide,P53_HUMAN_Giacomelli_2018_Null_Etoposide,P53_HUMAN,P53_HUMAN,cssf_a3526b63cbae,esm2_8m,-0.0935918464582543,393,1.0,393,5069,152.7,0.858,0.0,0.2457,1.0,1.280089615060953,1.355527332044736,0.0,0.3959191134753778,0.6040808865246222,Human,OrganismalFitness,masked-protein-language-model,sequence,known-development-benchmark,available,,histgb,2,-0.06556464126050221,-0.06556464126050221,0.15659729182049129,-0.47482765713158115,False,,False,0.028027205197752092,0.028027205197752092,True,0.12788577752929642
variantshift-development-v1,proteingym-v1.3,proteingym-substitutions-v1.3,P53_HUMAN_Giacomelli_2018_Null_Etoposide,P53_HUMAN_Giacomelli_2018_Null_Etoposide,P53_HUMAN,P53_HUMAN,cssf_a3526b63cbae,vespag,0.4328007986601744,393,1.0,393,5069,152.7,0.858,0.0,0.2457,1.0,0.1027171977111549,2.365366569559635,0.0,0.228738156721218,0.771261843278782,Human,OrganismalFitness,distilled-evolutionary-variant-effect-model,sequence,known-development-benchmark,available,,histgb,2,0.42750795495294514,0.42750795495294514,0.19278599978675162,-0.07633332335530973,True,-1.932729676534691,False,-0.005292843707229267,-0.005292843707229267,True,0.43314846963132814
variantshift-development-v1,proteingym-v1.3,proteingym-substitutions-v1.3,P53_HUMAN_Giacomelli_2018_Null_Nutlin,P53_HUMAN_Giacomelli_2018_Null_Nutlin,P53_HUMAN,P53_HUMAN,cssf_a3526b63cbae,carp_640m,0.355729431586798,393,1.0,393,5069,152.7,0.858,0.0,0.2457,1.0,4.26782902317086,1.105127001139848,0.0,0.1602826893308881,0.8397173106691118,Human,OrganismalFitness,convolutional-protein-language-model,sequence,known-development-benchmark,available,,histgb,2,0.36580164824783185,0.36580164824783185,0.14482038683430729,-0.012682727735924881,False,,False,0.010072216661033861,0.010072216661033861,True,0.5047164072478151
variantshift-development-v1,proteingym-v1.3,proteingym-substitutions-v1.3,P53_HUMAN_Giacomelli_2018_Null_Nutlin,P53_HUMAN_Giacomelli_2018_Null_Nutlin,P53_HUMAN,P53_HUMAN,cssf_a3526b63cbae,esm2_150m,0.1213417641579669,393,1.0,393,5069,152.7,0.858,0.0,0.2457,1.0,2.6918788387432504,1.078412054491836,0.0,0.2344148240338088,0.7655851759661911,Human,OrganismalFitness,masked-protein-language-model,sequence,known-development-benchmark,available,,histgb,2,0.2130355304545129,0.2130355304545129,0.11423153624878445,-0.08550566709285429,False,,False,0.091693766296546,0.091693766296546,True,0.28766759319986746
variantshift-development-v1,proteingym-v1.3,proteingym-substitutions-v1.3,P53_HUMAN_Giacomelli_2018_Null_Nutlin,P53_HUMAN_Giacomelli_2018_Null_Nutlin,P53_HUMAN,P53_HUMAN,cssf_a3526b63cbae,esm2_35m,-0.1489997950081341,393,1.0,393,5069,152.7,0.858,0.0,0.2457,1.0,1.4743161588802298,1.2972834095999235,0.0,0.3954598596839337,0.6045401403160663,Human,OrganismalFitness,masked-protein-language-model,sequence,known-development-benchmark,available,,histgb,2,-0.019001993110513427,-0.019001993110513427,0.1581071299555572,-0.4322109323206918,False,,False,0.12999780189762067,0.12999780189762067,True,0.1305717435900683
variantshift-development-v1,proteingym-v1.3,proteingym-substitutions-v1.3,P53_HUMAN_Giacomelli_2018_Null_Nutlin,P53_HUMAN_Giacomelli_2018_Null_Nutlin,P53_HUMAN,P53_HUMAN,cssf_a3526b63cbae,esm2_650m,0.2201319133802353,393,1.0,393,5069,152.7,0.858,0.0,0.2457,1.0,3.309332022669966,1.0478345555964927,0.0,0.1791247693016179,0.8208752306983821,Human,OrganismalFitness,masked-protein-language-model,sequence,known-development-benchmark,available,,histgb,2,0.2520557352088819,0.2520557352088819,0.12973440899017274,-0.08700182363085779,False,,False,0.031923821828646615,0.031923821828646615,True,0.3641543798644698
variantshift-development-v1,proteingym-v1.3,proteingym-substitutions-v1.3,P53_HUMAN_Giacomelli_2018_Null_Nutlin,P53_HUMAN_Giacomelli_2018_Null_Nutlin,P53_HUMAN,P53_HUMAN,cssf_a3526b63cbae,esm2_8m,-0.102463498097429,393,1.0,393,5069,152.7,0.858,0.0,0.2457,1.0,1.280089615060953,1.355527332044736,0.0,0.3959191134753778,0.6040808865246222,Human,OrganismalFitness,masked-protein-language-model,sequence,known-development-benchmark,available,,histgb,2,-0.06556464126050221,-0.06556464126050221,0.15659729182049129,-0.47482765713158115,False,,False,0.036898856836926786,0.036898856836926786,True,0.12788577752929642
variantshift-development-v1,proteingym-v1.3,proteingym-substitutions-v1.3,P53_HUMAN_Giacomelli_2018_Null_Nutlin,P53_HUMAN_Giacomelli_2018_Null_Nutlin,P53_HUMAN,P53_HUMAN,cssf_a3526b63cbae,vespag,0.3041952511583049,393,1.0,393,5069,152.7,0.858,0.0,0.2457,1.0,0.102695463503151,2.365548230613593,0.0,0.228688692946503,0.7713113070534969,Human,OrganismalFitness,distilled-evolutionary-variant-effect-model,sequence,known-development-benchmark,available,,histgb,2,0.42750795495294514,0.42750795495294514,0.19278599978675162,-0.07633332335530973,True,-1.932729676534691,False,0.12331270379464021,0.12331270379464021,True,0.433217025494584
variantshift-development-v1,proteingym-v1.3,proteingym-substitutions-v1.3,P53_HUMAN_Giacomelli_2018_WT_Nutlin,P53_HUMAN_Giacomelli_2018_WT_Nutlin,P53_HUMAN,P53_HUMAN,cssf_a3526b63cbae,carp_640m,0.4353935560868218,393,1.0,393,5069,152.7,0.858,0.0,0.2457,1.0,4.26782902317086,1.105127001139848,0.0,0.1602827619485938,0.8397172380514062,Human,OrganismalFitness,convolutional-protein-language-model,sequence,known-development-benchmark,available,,histgb,2,0.36580164824783185,0.36580164824783185,0.14482038683430729,-0.012682727735924881,False,,False,-0.06959190783898994,-0.06959190783898994,True,0.5047163558012638
variantshift-development-v1,proteingym-v1.3,proteingym-substitutions-v1.3,P53_HUMAN_Giacomelli_2018_WT_Nutlin,P53_HUMAN_Giacomelli_2018_WT_Nutlin,P53_HUMAN,P53_HUMAN,cssf_a3526b63cbae,esm2_150m,0.2939378992563344,393,1.0,393,5069,152.7,0.858,0.0,0.2457,1.0,2.691878756949992,1.0784128580936003,0.0,0.2344149058322506,0.7655850941677493,Human,OrganismalFitness,masked-protein-language-model,sequence,known-development-benchmark,available,,histgb,2,0.2130355304545129,0.2130355304545129,0.11423153624878445,-0.08550566709285429,False,,False,-0.0809023688018215,-0.0809023688018215,True,0.2876676845022131
variantshift-development-v1,proteingym-v1.3,proteingym-substitutions-v1.3,P53_HUMAN_Giacomelli_2018_WT_Nutlin,P53_HUMAN_Giacomelli_2018_WT_Nutlin,P53_HUMAN,P53_HUMAN,cssf_a3526b63cbae,esm2_35m,0.0372595499945208,393,1.0,393,5069,152.7,0.858,0.0,0.2457,1.0,1.4743161588802298,1.2972834095999235,0.0,0.3954603103144295,0.6045396896855705,Human,OrganismalFitness,masked-protein-language-model,sequence,known-development-benchmark,available,,histgb,2,-0.019001993110513427,-0.019001993110513427,0.1581071299555572,-0.4322109323206918,False,,False,-0.05626154310503423,-0.05626154310503423,True,0.13057142433755686
variantshift-development-v1,proteingym-v1.3,proteingym-substitutions-v1.3,P53_HUMAN_Giacomelli_2018_WT_Nutlin,P53_HUMAN_Giacomelli_2018_WT_Nutlin,P53_HUMAN,P53_HUMAN,cssf_a3526b63cbae,esm2_650m,0.2935818458339989,393,1.0,393,5069,152.7,0.858,0.0,0.2457,1.0,3.309332376434575,1.0478329715941974,0.0,0.1791247553465453,0.8208752446534546,Human,OrganismalFitness,masked-protein-language-model,sequence,known-development-benchmark,available,,histgb,2,0.2520557352088819,0.2520557352088819,0.12973440899017274,-0.08700182363085779,False,,False,-0.04152611062511696,-0.04152611062511696,True,0.3641541090291853
variantshift-development-v1,proteingym-v1.3,proteingym-substitutions-v1.3,P53_HUMAN_Giacomelli_2018_WT_Nutlin,P53_HUMAN_Giacomelli_2018_WT_Nutlin,P53_HUMAN,P53_HUMAN,cssf_a3526b63cbae,esm2_8m,-0.0022294241846414,393,1.0,393,5069,152.7,0.858,0.0,0.2457,1.0,1.280089615060953,1.355527332044736,0.0,0.3959196147843323,0.6040803852156676,Human,OrganismalFitness,masked-protein-language-model,sequence,known-development-benchmark,available,,histgb,2,-0.06556464126050221,-0.06556464126050221,0.15659729182049129,-0.47482765713158115,False,,False,-0.06333521707586082,-0.06333521707586082,True,0.12788542237325562
variantshift-development-v1,proteingym-v1.3,proteingym-substitutions-v1.3,P53_HUMAN_Giacomelli_2018_WT_Nutlin,P53_HUMAN_Giacomelli_2018_WT_Nutlin,P53_HUMAN,P53_HUMAN,cssf_a3526b63cbae,vespag,0.4288772591282231,393,1.0,393,5069,152.7,0.858,0.0,0.2457,1.0,0.102695463503151,2.365548230613593,0.0,0.2286886927106663,0.7713113072893336,Human,OrganismalFitness,distilled-evolutionary-variant-effect-model,sequence,known-development-benchmark,available,,histgb,2,0.42750795495294514,0.42750795495294514,0.19278599978675162,-0.07633332335530973,True,-1.932729676534691,False,-0.0013693041752779744,-0.0013693041752779744,True,0.43321702566166426
variantshift-development-v1,proteingym-v1.3,proteingym-substitutions-v1.3,P53_HUMAN_Kotler_2018,P53_HUMAN_Kotler_2018,P53_HUMAN,P53_HUMAN,cssf_a3526b63cbae,carp_640m,0.8583384657051399,393,0.4834605597964376,190,4129,143.9,0.863,0.0,0.2457,1.0,3.638132511532315,1.796587778938224,0.0,0.2002330114509134,0.7997669885490866,Human,OrganismalFitness,convolutional-protein-language-model,sequence,known-development-benchmark,available,,histgb,2,0.3828359815674859,0.3828359815674859,0.27002287013416515,-0.32286188140674765,False,,False,-0.47550248413765406,-0.47550248413765406,True,0.5551733080709041
variantshift-development-v1,proteingym-v1.3,proteingym-substitutions-v1.3,P53_HUMAN_Kotler_2018,P53_HUMAN_Kotler_2018,P53_HUMAN,P53_HUMAN,cssf_a3526b63cbae,esm2_150m,0.6660311335607481,393,0.4834605597964376,190,4129,143.9,0.863,0.0,0.2457,1.0,3.0544708937344067,1.1933483032609913,0.0,0.2369680875408532,0.7630319124591468,Human,OrganismalFitness,masked-protein-language-model,sequence,known-development-benchmark,available,,histgb,2,0.25595220930546886,0.25595220930546886,0.17007869017036803,-0.18854409625209217,False,,False,-0.4100789242552792,-0.4100789242552792,True,0.3228802897731058
variantshift-development-v1,proteingym-v1.3,proteingym-substitutions-v1.3,P53_HUMAN_Kotler_2018,P53_HUMAN_Kotler_2018,P53_HUMAN,P53_HUMAN,cssf_a3526b63cbae,esm2_35m,0.0505112192997654,393,0.4834605597964376,190,4129,143.9,0.863,0.0,0.2457,1.0,0.982296329633318,1.3001374256438112,0.0,0.3879623142831461,0.6120376857168539,Human,OrganismalFitness,masked-protein-language-model,sequence,known-development-benchmark,available,,histgb,2,-0.10843899829660177,-0.10843899829660177,0.18397425476249568,-0.589251006418959,False,,False,-0.15895021759636718,-0.15895021759636718,True,0.0914786342721165
variantshift-development-v1,proteingym-v1.3,proteingym-substitutions-v1.3,P53_HUMAN_Kotler_2018,P53_HUMAN_Kotler_2018,P53_HUMAN,P53_HUMAN,cssf_a3526b63cbae,esm2_650m,0.8364499403484907,393,0.4834605597964376,190,4129,143.9,0.863,0.0,0.2457,1.0,3.5172616183634897,1.371979538197787,0.0,0.222405161166992,0.777594838833008,Human,OrganismalFitness,masked-protein-language-model,sequence,known-development-benchmark,available,,histgb,2,0.28815978204253856,0.28815978204253856,0.23271435152409195,-0.32003322202555373,False,,False,-0.5482901583059522,-0.5482901583059522,True,0.4000360693355361
variantshift-development-v1,proteingym-v1.3,proteingym-substitutions-v1.3,P53_HUMAN_Kotler_2018,P53_HUMAN_Kotler_2018,P53_HUMAN,P53_HUMAN,cssf_a3526b63cbae,esm2_8m,0.0840777672291055,393,0.4834605597964376,190,4129,143.9,0.863,0.0,0.2457,1.0,0.7575658152610427,1.562067687746954,0.0,0.4001281265331381,0.5998718734668619,Human,OrganismalFitness,masked-protein-language-model,sequence,known-development-benchmark,available,,histgb,2,-0.08589437498213749,-0.08589437498213749,0.2071622158669043,-0.62730752622241,False,,False,-0.169972142211243,-0.169972142211243,True,0.11764584918010046
variantshift-development-v1,proteingym-v1.3,proteingym-substitutions-v1.3,P53_HUMAN_Kotler_2018,P53_HUMAN_Kotler_2018,P53_HUMAN,P53_HUMAN,cssf_a3526b63cbae,vespag,0.7729172990461078,393,0.4834605597964376,190,4129,143.9,0.863,0.0,0.2457,1.0,0.0765695234980914,2.67215964224386,0.0,0.1607772912372177,0.8392227087627823,Human,OrganismalFitness,distilled-evolutionary-variant-effect-model,sequence,known-development-benchmark,available,,histgb,2,0.357106234835049,0.357106234835049,0.268485468236451,-0.3445736676115805,True,-2.120958505132303,False,-0.41581106421105885,-0.41581106421105885,True,0.5281113279230056
variantshift-development-v1,proteingym-v1.3,proteingym-substitutions-v1.3,P84126_THETH_Chan_2017,P84126_THETH_Chan_2017,P84126_THETH,P84126_THETH,cssf_415fc4c4433b,carp_640m,0.8690242535987242,254,0.3149606299212598,80,53441,10591.4,0.941,0.0,0.362,1.0,3.7936429574578385,1.69787814009887,0.0,0.070885213000626,0.929114786999374,Prokaryote,OrganismalFitness,convolutional-protein-language-model,sequence,known-development-benchmark,available,,histgb,2,0.551915804737709,0.551915804737709,0.16225605068195548,0.12786376735286853,False,,False,-0.3171084488610152,-0.3171084488610152,True,0.6075574326729807
variantshift-development-v1,proteingym-v1.3,proteingym-substitutions-v1.3,P84126_THETH_Chan_2017,P84126_THETH_Chan_2017,P84126_THETH,P84126_THETH,cssf_415fc4c4433b,esm2_150m,0.9308059427373506,254,0.3149606299212598,80,53441,10591.4,0.941,0.0,0.362,1.0,3.4710252019291965,1.864721566063643,0.0,0.0677283275993849,0.932271672400615,Prokaryote,OrganismalFitness,masked-protein-language-model,sequence,known-development-benchmark,available,,histgb,2,0.5263218993434607,0.5263218993434607,0.11540694282542774,0.22470880677901262,False,,False,-0.4044840433938899,-0.4044840433938899,True,0.5703088159618864
variantshift-development-v1,proteingym-v1.3,proteingym-substitutions-v1.3,P84126_THETH_Chan_2017,P84126_THETH_Chan_2017,P84126_THETH,P84126_THETH,cssf_415fc4c4433b,esm2_35m,1.0084970674585534,254,0.3149606299212598,80,53441,10591.4,0.941,0.0,0.362,1.0,3.2067463553325424,1.790040370684972,0.0,0.0762337398705228,0.9237662601294772,Prokaryote,OrganismalFitness,masked-protein-language-model,sequence,known-development-benchmark,available,,histgb,2,0.5171556390686687,0.5171556390686687,0.1534330374097215,0.11616232114753572,False,,False,-0.4913414283898847,-0.4913414283898847,True,0.5313847249279853
variantshift-development-v1,proteingym-v1.3,proteingym-substitutions-v1.3,P84126_THETH_Chan_2017,P84126_THETH_Chan_2017,P84126_THETH,P84126_THETH,cssf_415fc4c4433b,esm2_650m,1.0970208117918294,254,0.3149606299212598,80,53441,10591.4,0.941,0.0,0.362,1.0,3.9430779898874313,1.8957681235348487,0.0,0.0762337398705228,0.9237662601294772,Prokaryote,OrganismalFitness,masked-protein-language-model,sequence,known-development-benchmark,available,,histgb,2,0.5676718852684299,0.5676718852684299,0.10124939559211787,0.3030591801990832,False,,False,-0.5293489265233995,-0.5293489265233995,True,0.6033076479596797
variantshift-development-v1,proteingym-v1.3,proteingym-substitutions-v1.3,P84126_THETH_Chan_2017,P84126_THETH_Chan_2017,P84126_THETH,P84126_THETH,cssf_415fc4c4433b,esm2_8m,0.3888338134537532,254,0.3149606299212598,80,53441,10591.4,0.941,0.0,0.362,1.0,2.253612349705786,1.585288746177297,0.0,0.2537908323841424,0.7462091676158575,Prokaryote,OrganismalFitness,masked-protein-language-model,sequence,known-development-benchmark,available,,histgb,2,0.26109778257331245,0.26109778257331245,0.19424013936971954,-0.2465438523330959,False,,False,-0.12773603088044072,-0.12773603088044072,True,0.2993999165205695
variantshift-development-v1,proteingym-v1.3,proteingym-substitutions-v1.3,P84126_THETH_Chan_2017,P84126_THETH_Chan_2017,P84126_THETH,P84126_THETH,cssf_415fc4c4433b,vespag,1.122148405295767,254,0.3149606299212598,80,53441,10591.4,0.941,0.0,0.362,1.0,0.0638751971192792,2.9705377619266407,0.0,0.070885213000626,0.929114786999374,Prokaryote,OrganismalFitness,distilled-evolutionary-variant-effect-model,sequence,known-development-benchmark,available,,histgb,2,0.5770398808684889,0.5770398808684889,0.10527638117283164,0.3019027520082027,True,0.29514262366351646,True,-0.5451085244272782,-0.5451085244272782,True,0.6173505458874611
variantshift-development-v1,proteingym-v1.3,proteingym-substitutions-v1.3,PABP_YEAST_Melamed_2013,PABP_YEAST_Melamed_2013,PABP_YEAST,PABP_YEAST,cssf_99a238bc9e63,carp_640m,0.7803181920016196,577,0.1299826689774696,75,7866,818.1,0.919,0.0,0.2415,1.0,2.5541064275071443,1.7324204974402204,0.0,0.1227685069013841,0.8772314930986158,Eukaryote,OrganismalFitness,convolutional-protein-language-model,sequence,known-development-benchmark,available,,histgb,1,0.7765486533415409,0.7129384135478658,0.16033176514562889,0.34518492382044297,False,,False,-0.003769538660078675,-0.06737977845375376,True,0.5267943750098918
variantshift-development-v1,proteingym-v1.3,proteingym-substitutions-v1.3,PABP_YEAST_Melamed_2013,PABP_YEAST_Melamed_2013,PABP_YEAST,PABP_YEAST,cssf_99a238bc9e63,esm2_150m,0.4779234774947657,577,0.1299826689774696,75,7866,818.1,0.919,0.0,0.2415,1.0,4.155567742399653,1.5172859519404378,0.0,0.0871400846472223,0.9128599153527776,Eukaryote,OrganismalFitness,masked-protein-language-model,sequence,known-development-benchmark,available,,histgb,1,0.7970396393410101,0.7062304215434787,0.0987986181576871,0.4796157106361616,False,,False,0.31911616184624436,0.228306944048713,False,0.5659829529760655
variantshift-development-v1,proteingym-v1.3,proteingym-substitutions-v1.3,PABP_YEAST_Melamed_2013,PABP_YEAST_Melamed_2013,PABP_YEAST,PABP_YEAST,cssf_99a238bc9e63,esm2_35m,0.3622537125381103,577,0.1299826689774696,75,7866,818.1,0.919,0.0,0.2415,1.0,3.875203718267309,1.4734535045782342,0.0,0.1020478255984215,0.8979521744015785,Eukaryote,OrganismalFitness,masked-protein-language-model,sequence,known-development-benchmark,available,,histgb,1,0.8016410050195408,0.6797635246095937,0.14847284699051067,0.3392108739172515,False,,False,0.43938729248143055,0.3175098120714834,True,0.5253385593325159
variantshift-development-v1,proteingym-v1.3,proteingym-substitutions-v1.3,PABP_YEAST_Melamed_2013,PABP_YEAST_Melamed_2013,PABP_YEAST,PABP_YEAST,cssf_99a238bc9e63,esm2_650m,0.6346346455266614,577,0.1299826689774696,75,7866,818.1,0.919,0.0,0.2415,1.0,5.125962623902567,1.5160993786503554,0.0,0.0859888927075773,0.9140111072924226,Eukaryote,OrganismalFitness,masked-protein-language-model,sequence,known-development-benchmark,available,,histgb,1,0.7982569324517322,0.724923034260379,0.10745766935233357,0.4784470295435209,False,,False,0.16362228692507086,0.09028838873371758,True,0.6338942371199976
variantshift-development-v1,proteingym-v1.3,proteingym-substitutions-v1.3,PABP_YEAST_Melamed_2013,PABP_YEAST_Melamed_2013,PABP_YEAST,PABP_YEAST,cssf_99a238bc9e63,esm2_8m,0.2372375224430874,577,0.1299826689774696,75,7866,818.1,0.919,0.0,0.2415,1.0,3.458537494240956,1.5263262382524043,0.0,0.1198278540337869,0.8801721459662131,Eukaryote,OrganismalFitness,masked-protein-language-model,sequence,known-development-benchmark,available,,histgb,1,0.7832843676734594,0.6283008685353255,0.1665398926637483,0.24630777658442837,False,,False,0.5460468452303721,0.39106334609223814,False,0.494544448949364
variantshift-development-v1,proteingym-v1.3,proteingym-substitutions-v1.3,PABP_YEAST_Melamed_2013,PABP_YEAST_Melamed_2013,PABP_YEAST,PABP_YEAST,cssf_99a238bc9e63,vespag,0.7570295511940054,577,0.1299826689774696,75,7866,818.1,0.919,0.0,0.2415,1.0,0.0557522160842735,2.8710911174271097,0.0,0.0997623154156917,0.9002376845843083,Eukaryote,OrganismalFitness,distilled-evolutionary-variant-effect-model,sequence,known-development-benchmark,available,,histgb,1,0.7312023804895531,0.7005486498856578,0.08298710957324848,0.5102008475008091,True,-0.014366443020989106,True,-0.025827170704452285,-0.0564809013083476,True,0.6519274402794749
variantshift-development-v1,proteingym-v1.3,proteingym-substitutions-v1.3,PAI1_HUMAN_Huttinger_2021,PAI1_HUMAN_Huttinger_2021,PAI1_HUMAN,PAI1_HUMAN,cssf_51cbf66f0934,carp_640m,0.5685161202703636,402,0.9427860696517412,379,52528,12194.7,0.94,0.0,0.2649,1.0,3.3306277594996927,1.3108005312949145,0.0,0.0756300722785199,0.92436992772148,Human,Activity,convolutional-protein-language-model,sequence,known-development-benchmark,available,,histgb,3,0.5347334700591235,0.5347334700591235,0.2294204061410061,0.13031798527550237,False,,False,-0.03378265021124005,-0.03378265021124005,True,0.43821656122725877
variantshift-development-v1,proteingym-v1.3,proteingym-substitutions-v1.3,PAI1_HUMAN_Huttinger_2021,PAI1_HUMAN_Huttinger_2021,PAI1_HUMAN,PAI1_HUMAN,cssf_51cbf66f0934,esm2_150m,0.5785670669684952,402,0.9427860696517412,379,52528,12194.7,0.94,0.0,0.2649,1.0,3.099548928143736,1.212900508028078,0.0,0.0851346981934497,0.9148653018065502,Human,Activity,masked-protein-language-model,sequence,known-development-benchmark,available,,histgb,3,0.5242441032910504,0.5242441032910504,0.145088870386154,0.2684857475244716,False,,False,-0.054322963677444824,-0.054322963677444824,True,0.33320778656103545
variantshift-development-v1,proteingym-v1.3,proteingym-substitutions-v1.3,PAI1_HUMAN_Huttinger_2021,PAI1_HUMAN_Huttinger_2021,PAI1_HUMAN,PAI1_HUMAN,cssf_51cbf66f0934,esm2_35m,0.5218856425763017,402,0.9427860696517412,379,52528,12194.7,0.94,0.0,0.2649,1.0,2.772380800724063,1.1765135896339418,0.0,0.1041308046457125,0.8958691953542874,Human,Activity,masked-protein-language-model,sequence,known-development-benchmark,available,,histgb,3,0.4951915271899967,0.4951915271899967,0.15681401583536042,0.21876443292382308,False,,False,-0.02669411538630495,-0.02669411538630495,True,0.2849047663819651
variantshift-development-v1,proteingym-v1.3,proteingym-substitutions-v1.3,PAI1_HUMAN_Huttinger_2021,PAI1_HUMAN_Huttinger_2021,PAI1_HUMAN,PAI1_HUMAN,cssf_51cbf66f0934,esm2_650m,0.593393858835467,402,0.9427860696517412,379,52528,12194.7,0.94,0.0,0.2649,1.0,3.7805633517295503,1.2357409162796928,0.0,0.0826480407790704,0.9173519592209296,Human,Activity,masked-protein-language-model,sequence,known-development-benchmark,available,,histgb,3,0.5834669084920422,0.5834669084920422,0.20231668728992233,0.22682905510125828,False,,False,-0.009926950343424834,-0.009926950343424834,True,0.40278327998741703
variantshift-development-v1,proteingym-v1.3,proteingym-substitutions-v1.3,PAI1_HUMAN_Huttinger_2021,PAI1_HUMAN_Huttinger_2021,PAI1_HUMAN,PAI1_HUMAN,cssf_51cbf66f0934,esm2_8m,0.0124042351926278,402,0.9427860696517412,379,52528,12194.7,0.94,0.0,0.2649,1.0,1.0136164576975248,1.3221336952240137,0.0,0.3374163730803735,0.6625836269196265,Human,Activity,masked-protein-language-model,sequence,known-development-benchmark,available,,histgb,3,0.0032494403450583236,0.0032494403450583236,0.1633496686207458,-0.2846985087310163,False,,False,-0.009154794847569477,-0.009154794847569477,True,0.03404762123633803
variantshift-development-v1,proteingym-v1.3,proteingym-substitutions-v1.3,PAI1_HUMAN_Huttinger_2021,PAI1_HUMAN_Huttinger_2021,PAI1_HUMAN,PAI1_HUMAN,cssf_51cbf66f0934,vespag,0.5973687934281768,402,0.9427860696517412,379,52528,12194.7,0.94,0.0,0.2649,1.0,0.0719452983635519,2.5974467624896116,0.0,0.0936534426517206,0.9063465573482794,Human,Activity,distilled-evolutionary-variant-effect-model,sequence,known-development-benchmark,available,,histgb,3,0.5800472644607965,0.5800472644607965,0.20767571518589226,0.21396267570338795,True,0.6583446021483019,True,-0.017321528967380373,-0.017321528967380373,True,0.5010662432185652
variantshift-development-v1,proteingym-v1.3,proteingym-substitutions-v1.3,PA_I34A1_Wu_2015,PA_I34A1_Wu_2015,PA_I34A1,PA_I34A1,cssf_ec35c0fe8f0c,carp_640m,-0.0083926038738064,716,0.9413407821229052,674,26750,1254.1,1.0,0.0,0.2241,1.0,0.7812519036830887,1.7216247401507512,0.0,0.1813705951553474,0.8186294048446525,Virus,OrganismalFitness,convolutional-protein-language-model,sequence,known-development-benchmark,available,,histgb,3,-0.016115450110601327,-0.016115450110601327,0.1590071333090606,-0.2964085067871491,False,,False,-0.007722846236794926,-0.007722846236794926,True,0.21884911889685668
variantshift-development-v1,proteingym-v1.3,proteingym-substitutions-v1.3,PA_I34A1_Wu_2015,PA_I34A1_Wu_2015,PA_I34A1,PA_I34A1,cssf_ec35c0fe8f0c,esm2_150m,-0.0252445478057627,716,0.9413407821229052,674,26750,1254.1,1.0,0.0,0.2241,1.0,0.7961494455092897,1.670874998032756,0.0,0.1713983473264284,0.8286016526735716,Virus,OrganismalFitness,masked-protein-language-model,sequence,known-development-benchmark,available,,histgb,3,-0.09507064653241447,-0.09507064653241447,0.14389940939343926,-0.3487322557536826,False,,False,-0.06982609872665177,-0.06982609872665177,True,0.15727167794038482
variantshift-development-v1,proteingym-v1.3,proteingym-substitutions-v1.3,PA_I34A1_Wu_2015,PA_I34A1_Wu_2015,PA_I34A1,PA_I34A1,cssf_ec35c0fe8f0c,esm2_35m,-0.0480389439642086,716,0.9413407821229052,674,26750,1254.1,1.0,0.0,0.2241,1.0,0.7919605489797431,1.7397090718929982,0.0,0.1804952258150378,0.8195047741849621,Virus,OrganismalFitness,masked-protein-language-model,sequence,known-development-benchmark,available,,histgb,3,-0.10769675572243453,-0.10769675572243453,0.1217290228623691,-0.3222770653870612,False,,False,-0.05965781175822593,-0.05965781175822593,True,0.16761618404304884
variantshift-development-v1,proteingym-v1.3,proteingym-substitutions-v1.3,PA_I34A1_Wu_2015,PA_I34A1_Wu_2015,PA_I34A1,PA_I34A1,cssf_ec35c0fe8f0c,esm2_650m,-0.0402711005441758,716,0.9413407821229052,674,26750,1254.1,1.0,0.0,0.2241,1.0,0.8121686833301337,1.7158494992369422,0.0,0.1751527803581315,0.8248472196418685,Virus,OrganismalFitness,masked-protein-language-model,sequence,known-development-benchmark,available,,histgb,3,-0.10422628923026216,-0.10422628923026216,0.15104568749683783,-0.3704851454540843,False,,False,-0.06395518868608635,-0.06395518868608635,True,0.16689974691262327
variantshift-development-v1,proteingym-v1.3,proteingym-substitutions-v1.3,PA_I34A1_Wu_2015,PA_I34A1_Wu_2015,PA_I34A1,PA_I34A1,cssf_ec35c0fe8f0c,esm2_8m,-0.0186218160313226,716,0.9413407821229052,674,26750,1254.1,1.0,0.0,0.2241,1.0,0.7937072005546666,1.734536415056796,0.0,0.1746673783715517,0.8253326216284482,Virus,OrganismalFitness,masked-protein-language-model,sequence,known-development-benchmark,available,,histgb,3,-0.10422628923026216,-0.10422628923026216,0.14833225254378052,-0.36570198282950483,False,,False,-0.08560447319893956,-0.08560447319893956,True,0.16962528132151594
variantshift-development-v1,proteingym-v1.3,proteingym-substitutions-v1.3,PA_I34A1_Wu_2015,PA_I34A1_Wu_2015,PA_I34A1,PA_I34A1,cssf_ec35c0fe8f0c,vespag,0.4700558399930814,716,0.9413407821229052,674,26750,1254.1,1.0,0.0,0.2241,1.0,0.058651019476341,2.5510215799808456,0.0,0.3653923331401497,0.6346076668598503,Virus,OrganismalFitness,distilled-evolutionary-variant-effect-model,sequence,known-development-benchmark,available,,histgb,3,0.6312752672087959,0.6312752672087959,0.18253289230689534,0.30951170060662114,True,-0.038775503430027156,True,0.16121942721571447,0.16121942721571447,True,0.3288598691445452
variantshift-development-v1,proteingym-v1.3,proteingym-substitutions-v1.3,PHOT_CHLRE_Chen_2023,PHOT_CHLRE_Chen_2023,PHOT_CHLRE,PHOT_CHLRE,cssf_3193156583c0,carp_640m,0.6396916722012618,118,1.0,118,1627150,615446.5,0.873,0.0,0.2829,1.0,0.9765759802205958,1.5997018887734955,0.0,0.1834421602377739,0.8165578397622261,Eukaryote,Activity,convolutional-protein-language-model,sequence,known-development-benchmark,available,,histgb,0,0.10453722416810754,0.10453722416810754,0.27662063488648736,-0.5653738234885112,False,,False,-0.5351544480331543,-0.5351544480331543,True,0.2768944610549799
variantshift-development-v1,proteingym-v1.3,proteingym-substitutions-v1.3,PHOT_CHLRE_Chen_2023,PHOT_CHLRE_Chen_2023,PHOT_CHLRE,PHOT_CHLRE,cssf_3193156583c0,esm2_150m,0.6374685891588573,118,1.0,118,1627150,615446.5,0.873,0.0,0.2829,1.0,6.807421023364803,1.8343290631075193,0.0,0.0760835565535319,0.923916443446468,Eukaryote,Activity,masked-protein-language-model,sequence,known-development-benchmark,available,,histgb,0,0.6921490988273225,0.6921490988273225,0.28332578610510695,0.005999729400512077,True,2.3035669231883324,True,0.05468050966846516,0.05468050966846516,True,0.9374387755189921
variantshift-development-v1,proteingym-v1.3,proteingym-substitutions-v1.3,PHOT_CHLRE_Chen_2023,PHOT_CHLRE_Chen_2023,PHOT_CHLRE,PHOT_CHLRE,cssf_3193156583c0,esm2_35m,0.6366672222938259,118,1.0,118,1627150,615446.5,0.873,0.0,0.2829,1.0,5.566201323599166,1.8801558864619088,0.0,0.0414235621636676,0.9585764378363324,Eukaryote,Activity,masked-protein-language-model,sequence,known-development-benchmark,available,,histgb,0,0.6820812602859923,0.6820812602859923,0.28972004578421867,-0.019553523677517504,False,,False,0.04541403799216637,0.04541403799216637,True,0.8371620297460051
variantshift-development-v1,proteingym-v1.3,proteingym-substitutions-v1.3,PHOT_CHLRE_Chen_2023,PHOT_CHLRE_Chen_2023,PHOT_CHLRE,PHOT_CHLRE,cssf_3193156583c0,esm2_650m,0.6374681305309337,118,1.0,118,1627150,615446.5,0.873,0.0,0.2829,1.0,8.38060832367455,1.8600871399189856,0.0,0.0655429898264385,0.9344570101735614,Eukaryote,Activity,masked-protein-language-model,sequence,known-development-benchmark,available,,histgb,0,0.6716035344503645,0.6716035344503645,0.27270584329573716,0.011173204445171114,False,,False,0.03413540391943082,0.03413540391943082,True,1.110742223835512
variantshift-development-v1,proteingym-v1.3,proteingym-substitutions-v1.3,PHOT_CHLRE_Chen_2023,PHOT_CHLRE_Chen_2023,PHOT_CHLRE,PHOT_CHLRE,cssf_3193156583c0,esm2_8m,0.5571896517005084,118,1.0,118,1627150,615446.5,0.873,0.0,0.2829,1.0,5.0858094964120655,1.775894556896081,0.0,0.0517722894036055,0.9482277105963944,Eukaryote,Activity,masked-protein-language-model,sequence,known-development-benchmark,available,,histgb,0,0.6421224755659312,0.6421224755659312,0.3404637545385078,-0.18240180688896068,False,,False,0.08493282386542278,0.08493282386542278,True,0.7568659296553644
variantshift-development-v1,proteingym-v1.3,proteingym-substitutions-v1.3,PHOT_CHLRE_Chen_2023,PHOT_CHLRE_Chen_2023,PHOT_CHLRE,PHOT_CHLRE,cssf_3193156583c0,vespag,0.6611755369302528,118,1.0,118,1627150,615446.5,0.873,0.0,0.2829,1.0,0.0133457018636299,0.8223176191118966,0.0,0.1129801908739118,0.8870198091260881,Eukaryote,Activity,distilled-evolutionary-variant-effect-model,sequence,known-development-benchmark,available,,histgb,0,0.037941013644966916,0.037941013644966916,0.27661989315579083,-0.6319682377118631,False,,False,-0.6232345232852858,-0.6232345232852858,True,0.08650245064061024
variantshift-development-v1,proteingym-v1.3,proteingym-substitutions-v1.3,PIN1_HUMAN_Tsuboyama_2023_1I6C,PIN1_HUMAN_Tsuboyama_2023_1I6C,PIN1_HUMAN,PIN1_HUMAN,cssf_6f0217bf6d08,carp_640m,0.9410523602927204,39,1.0,39,248269,11218.6,0.821,0.0,0.4308,1.0,3.287600519948118,1.8297746979242624,0.0,0.1131358128994098,0.8868641871005901,Human,Stability,convolutional-protein-language-model,sequence,known-development-benchmark,available,,histgb,3,0.7227679807321514,0.7227679807321514,0.16222759097154676,0.4367979968427777,False,,False,-0.218284379560569,-0.218284379560569,True,0.6047061976799776
variantshift-development-v1,proteingym-v1.3,proteingym-substitutions-v1.3,PIN1_HUMAN_Tsuboyama_2023_1I6C,PIN1_HUMAN_Tsuboyama_2023_1I6C,PIN1_HUMAN,PIN1_HUMAN,cssf_6f0217bf6d08,esm2_150m,0.9326980092315322,39,1.0,39,248269,11218.6,0.821,0.0,0.4308,1.0,3.4125493560749276,1.266022915913142,0.0,0.0894930597164161,0.9105069402835838,Human,Stability,masked-protein-language-model,sequence,known-development-benchmark,available,,histgb,3,0.6367221460078754,0.6367221460078754,0.13622149538440503,0.3965949357893799,False,,False,-0.2959758632236569,-0.2959758632236569,True,0.4454262015101151
variantshift-development-v1,proteingym-v1.3,proteingym-substitutions-v1.3,PIN1_HUMAN_Tsuboyama_2023_1I6C,PIN1_HUMAN_Tsuboyama_2023_1I6C,PIN1_HUMAN,PIN1_HUMAN,cssf_6f0217bf6d08,esm2_35m,0.843853156645784,39,1.0,39,248269,11218.6,0.821,0.0,0.4308,1.0,2.6073846766682296,1.2710303418615887,0.0,0.0771919088245403,0.9228080911754596,Human,Stability,masked-protein-language-model,sequence,known-development-benchmark,available,,histgb,3,0.6336862300197085,0.6336862300197085,0.14495164037302982,0.37816977924849593,False,,False,-0.2101669266260755,-0.2101669266260755,True,0.3782027877277805
variantshift-development-v1,proteingym-v1.3,proteingym-substitutions-v1.3,PIN1_HUMAN_Tsuboyama_2023_1I6C,PIN1_HUMAN_Tsuboyama_2023_1I6C,PIN1_HUMAN,PIN1_HUMAN,cssf_6f0217bf6d08,esm2_650m,0.9211583027609784,39,1.0,39,248269,11218.6,0.821,0.0,0.4308,1.0,3.298078030964782,1.4346689589244406,0.0,0.0898247615600762,0.9101752384399238,Human,Stability,masked-protein-language-model,sequence,known-development-benchmark,available,,histgb,3,0.6478452315940146,0.6478452315940146,0.17815013160955614,0.33380746550766516,False,,False,-0.2733130711669638,-0.2733130711669638,True,0.472429598017137
variantshift-development-v1,proteingym-v1.3,proteingym-substitutions-v1.3,PIN1_HUMAN_Tsuboyama_2023_1I6C,PIN1_HUMAN_Tsuboyama_2023_1I6C,PIN1_HUMAN,PIN1_HUMAN,cssf_6f0217bf6d08,esm2_8m,0.8344075847655074,39,1.0,39,248269,11218.6,0.821,0.0,0.4308,1.0,2.1688613708500077,1.2887519025507688,0.0,0.1206258098811999,0.8793741901188,Human,Stability,masked-protein-language-model,sequence,known-development-benchmark,available,,histgb,3,0.5103460475367739,0.5103460475367739,0.20203574619687567,0.15420342876897414,False,,False,-0.32406153722873343,-0.32406153722873343,True,0.31908949756539434
variantshift-development-v1,proteingym-v1.3,proteingym-substitutions-v1.3,PIN1_HUMAN_Tsuboyama_2023_1I6C,PIN1_HUMAN_Tsuboyama_2023_1I6C,PIN1_HUMAN,PIN1_HUMAN,cssf_6f0217bf6d08,vespag,0.8331227412177967,39,1.0,39,248269,11218.6,0.821,0.0,0.4308,1.0,0.0623476696999759,2.687218865743722,0.0,0.1131358128994098,0.8868641871005901,Human,Stability,distilled-evolutionary-variant-effect-model,sequence,known-development-benchmark,available,,histgb,3,0.6296905483034969,0.6296905483034969,0.13837749972479507,0.385762797604838,True,-0.2810266469899157,True,-0.20343219291429981,-0.20343219291429981,True,0.583770416105609
variantshift-development-v1,proteingym-v1.3,proteingym-substitutions-v1.3,PITX2_HUMAN_Tsuboyama_2023_2L7M,PITX2_HUMAN_Tsuboyama_2023_2L7M,PITX2_HUMAN,PITX2_HUMAN,cssf_3de478b56341,carp_640m,0.5836245472463446,52,1.0,52,344174,9971.5,1.0,0.0,0.6727,1.0,2.7002363390716173,2.3330148545356897,0.0,0.2096637958616587,0.7903362041383413,Human,Stability,convolutional-protein-language-model,sequence,known-development-benchmark,available,,histgb,1,0.5575349685601081,0.5486781499617912,0.20820362545658297,0.07112081897367706,False,,False,-0.026089578686236514,-0.0349463972845534,True,0.5963792562334097
variantshift-development-v1,proteingym-v1.3,proteingym-substitutions-v1.3,PITX2_HUMAN_Tsuboyama_2023_2L7M,PITX2_HUMAN_Tsuboyama_2023_2L7M,PITX2_HUMAN,PITX2_HUMAN,cssf_3de478b56341,esm2_150m,0.8447255769058971,52,1.0,52,344174,9971.5,1.0,0.0,0.6727,1.0,3.938091839067516,1.557682901596125,0.0,0.0828015630604852,0.9171984369395147,Human,Stability,masked-protein-language-model,sequence,known-development-benchmark,available,,histgb,1,0.5827508584298179,0.5455138358600846,0.20749303629141228,0.06958638554481567,False,,False,-0.2619747184760792,-0.2992117410458125,True,0.5558536328091349
variantshift-development-v1,proteingym-v1.3,proteingym-substitutions-v1.3,PITX2_HUMAN_Tsuboyama_2023_2L7M,PITX2_HUMAN_Tsuboyama_2023_2L7M,PITX2_HUMAN,PITX2_HUMAN,cssf_3de478b56341,esm2_35m,0.8427756253417266,52,1.0,52,344174,9971.5,1.0,0.0,0.6727,1.0,4.217901310866647,1.5650928962566777,0.0,0.0658392126402165,0.9341607873597836,Human,Stability,masked-protein-language-model,sequence,known-development-benchmark,available,,histgb,1,0.5919871331651293,0.522523120718785,0.19259316989951425,0.08077154227217448,False,,False,-0.25078849217659727,-0.3202525046229415,True,0.5899372193446137
variantshift-development-v1,proteingym-v1.3,proteingym-substitutions-v1.3,PITX2_HUMAN_Tsuboyama_2023_2L7M,PITX2_HUMAN_Tsuboyama_2023_2L7M,PITX2_HUMAN,PITX2_HUMAN,cssf_3de478b56341,esm2_650m,0.9981953750924276,52,1.0,52,344174,9971.5,1.0,0.0,0.6727,1.0,5.662617882447857,1.5640473953427074,0.0,0.0508210882653398,0.9491789117346602,Human,Stability,masked-protein-language-model,sequence,known-development-benchmark,available,,histgb,1,0.5926431951003,0.5707127312468048,0.18891122849208244,0.13740643374826506,False,,False,-0.40555217999212767,-0.42748264384562285,True,0.701425284739286
variantshift-development-v1,proteingym-v1.3,proteingym-substitutions-v1.3,PITX2_HUMAN_Tsuboyama_2023_2L7M,PITX2_HUMAN_Tsuboyama_2023_2L7M,PITX2_HUMAN,PITX2_HUMAN,cssf_3de478b56341,esm2_8m,0.7444919981666754,52,1.0,52,344174,9971.5,1.0,0.0,0.6727,1.0,2.0467362498819885,1.6869866831201568,0.0,0.1541524688482943,0.8458475311517056,Human,Stability,masked-protein-language-model,sequence,known-development-benchmark,available,,histgb,1,0.4457931172372165,0.3751824307081433,0.23948487360940404,-0.17412480062430125,False,,False,-0.29869888092945895,-0.36930956745853216,True,0.39863923996092115
variantshift-development-v1,proteingym-v1.3,proteingym-substitutions-v1.3,PITX2_HUMAN_Tsuboyama_2023_2L7M,PITX2_HUMAN_Tsuboyama_2023_2L7M,PITX2_HUMAN,PITX2_HUMAN,cssf_3de478b56341,vespag,0.7867875392252093,52,1.0,52,344174,9971.5,1.0,0.0,0.6727,1.0,0.0403430710447926,2.9922388171517813,0.0,0.0513681821759216,0.9486318178240783,Human,Stability,distilled-evolutionary-variant-effect-model,sequence,known-development-benchmark,available,,histgb,1,0.5615110694749398,0.5732801666246978,0.22343093693154253,0.060795901918886286,True,-0.3989719398707086,True,-0.2252764697502695,-0.21350737260051145,True,0.7076191535701751
variantshift-development-v1,proteingym-v1.3,proteingym-substitutions-v1.3,PKN1_HUMAN_Tsuboyama_2023_1URF,PKN1_HUMAN_Tsuboyama_2023_1URF,PKN1_HUMAN,PKN1_HUMAN,cssf_32b373a919b9,carp_640m,0.4871029188035471,71,1.0,71,187829,54841.6,0.845,0.0,0.6142,0.9393939393939394,3.0681187500232263,1.4598612154239727,0.0,0.1613055809331627,0.8386944190668373,Human,Stability,convolutional-protein-language-model,sequence,known-development-benchmark,available,,histgb,2,0.5102490908353889,0.5102490908353889,0.1718858780390028,0.061029746017283615,False,,False,0.023146172031841827,0.023146172031841827,True,0.5549881092384431
variantshift-development-v1,proteingym-v1.3,proteingym-substitutions-v1.3,PKN1_HUMAN_Tsuboyama_2023_1URF,PKN1_HUMAN_Tsuboyama_2023_1URF,PKN1_HUMAN,PKN1_HUMAN,cssf_32b373a919b9,esm2_150m,0.609909105060561,71,1.0,71,187829,54841.6,0.845,0.0,0.6142,0.9393939393939394,2.711998502958207,1.292372330769719,0.0,0.1550673996851874,0.8449326003148125,Human,Stability,masked-protein-language-model,sequence,known-development-benchmark,available,,histgb,2,0.44875365459965905,0.44875365459965905,0.13709765541141555,0.09045243961537908,False,,False,-0.1611554504609019,-0.1611554504609019,True,0.4531005820993816
variantshift-development-v1,proteingym-v1.3,proteingym-substitutions-v1.3,PKN1_HUMAN_Tsuboyama_2023_1URF,PKN1_HUMAN_Tsuboyama_2023_1URF,PKN1_HUMAN,PKN1_HUMAN,cssf_32b373a919b9,esm2_35m,0.4217167752995154,71,1.0,71,187829,54841.6,0.845,0.0,0.6142,0.9393939393939394,1.7392805283244792,1.3257699683381892,0.0,0.2263724547501295,0.7736275452498704,Human,Stability,masked-protein-language-model,sequence,known-development-benchmark,available,,histgb,2,0.2231352895504302,0.2231352895504302,0.12357390208462063,-0.09982194209877923,False,,False,-0.1985814857490852,-0.1985814857490852,True,0.34094813986349953
variantshift-development-v1,proteingym-v1.3,proteingym-substitutions-v1.3,PKN1_HUMAN_Tsuboyama_2023_1URF,PKN1_HUMAN_Tsuboyama_2023_1URF,PKN1_HUMAN,PKN1_HUMAN,cssf_32b373a919b9,esm2_650m,0.468913206850426,71,1.0,71,187829,54841.6,0.845,0.0,0.6142,0.9393939393939394,3.887264656233407,1.6607557466836926,0.0,0.1654749775279889,0.8345250224720111,Human,Stability,masked-protein-language-model,sequence,known-development-benchmark,available,,histgb,2,0.578424527128134,0.578424527128134,0.1727725627419053,0.12688785452346246,True,0.5221504456178077,True,0.10951132027770799,0.10951132027770799,True,0.5990235526371758
variantshift-development-v1,proteingym-v1.3,proteingym-substitutions-v1.3,PKN1_HUMAN_Tsuboyama_2023_1URF,PKN1_HUMAN_Tsuboyama_2023_1URF,PKN1_HUMAN,PKN1_HUMAN,cssf_32b373a919b9,esm2_8m,0.4451608999230647,71,1.0,71,187829,54841.6,0.845,0.0,0.6142,0.9393939393939394,1.5286783499408456,1.4285775929010407,0.0,0.2324936752766462,0.7675063247233538,Human,Stability,masked-protein-language-model,sequence,known-development-benchmark,available,,histgb,2,0.24664863206279639,0.24664863206279639,0.14974347358189713,-0.14470210518615503,False,,False,-0.1985122678602683,-0.1985122678602683,True,0.3416991131011472
variantshift-development-v1,proteingym-v1.3,proteingym-substitutions-v1.3,PKN1_HUMAN_Tsuboyama_2023_1URF,PKN1_HUMAN_Tsuboyama_2023_1URF,PKN1_HUMAN,PKN1_HUMAN,cssf_32b373a919b9,vespag,0.4555550649951425,71,1.0,71,187829,54841.6,0.845,0.0,0.6142,0.9393939393939394,0.067154539464151,2.77441774348188,0.0,0.1551867908442256,0.8448132091557744,Human,Stability,distilled-evolutionary-variant-effect-model,sequence,known-development-benchmark,available,,histgb,2,0.48005774882892555,0.48005774882892555,0.12542749208444587,0.152256207136433,False,,False,0.024502683833783068,0.024502683833783068,True,0.6282021818519765
variantshift-development-v1,proteingym-v1.3,proteingym-substitutions-v1.3,POLG_CXB3N_Mattenberger_2021,POLG_CXB3N_Mattenberger_2021,POLG_CXB3N,POLG_CXB3N,cssf_6872ef7481de,carp_640m,0.4372524358112244,2185,0.3894736842105263,851,7909,1541.4,0.959,0.0,0.191,1.0,3.841970804264173,1.090875748531693,0.0,0.3003996406232401,0.6996003593767599,Virus,OrganismalFitness,convolutional-protein-language-model,sequence,known-development-benchmark,available,,histgb,0,0.3358720819967882,0.3358720819967882,0.2896638082852757,-0.36562650778204,False,,False,-0.10138035381443622,-0.10138035381443622,True,0.34427579375195827
variantshift-development-v1,proteingym-v1.3,proteingym-substitutions-v1.3,POLG_CXB3N_Mattenberger_2021,POLG_CXB3N_Mattenberger_2021,POLG_CXB3N,POLG_CXB3N,cssf_6872ef7481de,esm2_150m,0.1438477660705032,2185,0.3894736842105263,851,7909,1541.4,0.959,0.0,0.191,1.0,2.1452656123893705,1.0573886104512558,0.0,0.2679507376335768,0.7320492623664232,Virus,OrganismalFitness,masked-protein-language-model,sequence,known-development-benchmark,available,,histgb,0,0.09502071734182996,0.09502071734182996,0.12720394556332212,-0.21303774862673072,False,,False,-0.048827048728673245,-0.048827048728673245,True,0.12805494883385693
variantshift-development-v1,proteingym-v1.3,proteingym-substitutions-v1.3,POLG_CXB3N_Mattenberger_2021,POLG_CXB3N_Mattenberger_2021,POLG_CXB3N,POLG_CXB3N,cssf_6872ef7481de,esm2_35m,-0.1380905882947057,2185,0.3894736842105263,851,7909,1541.4,0.959,0.0,0.191,1.0,0.8599737671955431,1.6833064800925794,0.0,0.3810345805709905,0.6189654194290095,Virus,OrganismalFitness,masked-protein-language-model,sequence,known-development-benchmark,available,,histgb,0,-0.11968494518226966,-0.11968494518226966,0.16675855113623494,-0.52353549575026,False,,False,0.018405643112436032,0.018405643112436032,True,0.09951984442178974
variantshift-development-v1,proteingym-v1.3,proteingym-substitutions-v1.3,POLG_CXB3N_Mattenberger_2021,POLG_CXB3N_Mattenberger_2021,POLG_CXB3N,POLG_CXB3N,cssf_6872ef7481de,esm2_650m,0.5537873580469844,2185,0.3894736842105263,851,7909,1541.4,0.959,0.0,0.191,1.0,3.773319562876676,1.2571639242462496,0.0,0.3166132045240244,0.6833867954759756,Virus,OrganismalFitness,masked-protein-language-model,sequence,known-development-benchmark,available,,histgb,0,0.4123308927716523,0.4123308927716523,0.27311200308013517,-0.24908306206974945,False,,False,-0.14145646527533212,-0.14145646527533212,True,0.3229846965213128
variantshift-development-v1,proteingym-v1.3,proteingym-substitutions-v1.3,POLG_CXB3N_Mattenberger_2021,POLG_CXB3N_Mattenberger_2021,POLG_CXB3N,POLG_CXB3N,cssf_6872ef7481de,esm2_8m,-0.1111386722928875,2185,0.3894736842105263,851,7909,1541.4,0.959,0.0,0.191,1.0,0.7997664224538128,1.705444378049803,0.0,0.3779737513463309,0.6220262486536691,Virus,OrganismalFitness,masked-protein-language-model,sequence,known-development-benchmark,available,,histgb,0,-0.019203126212408855,-0.019203126212408855,0.16517747316605794,-0.41922467248409023,False,,False,0.09193554608047864,0.09193554608047864,True,0.10026813247761335
variantshift-development-v1,proteingym-v1.3,proteingym-substitutions-v1.3,POLG_CXB3N_Mattenberger_2021,POLG_CXB3N_Mattenberger_2021,POLG_CXB3N,POLG_CXB3N,cssf_6872ef7481de,vespag,0.7860752834587815,2185,0.3894736842105263,851,7909,1541.4,0.959,0.0,0.191,1.0,0.1092489469297562,2.5308721759710764,0.0,0.3311699063237211,0.6688300936762789,Virus,OrganismalFitness,distilled-evolutionary-variant-effect-model,sequence,known-development-benchmark,available,,histgb,0,0.38088308014188627,0.38088308014188627,0.22117276236527358,-0.15474607496445453,True,0.041890463361874075,False,-0.40519220331689526,-0.40519220331689526,True,0.3753742381955873
variantshift-development-v1,proteingym-v1.3,proteingym-substitutions-v1.3,POLG_DEN26_Suphatrakul_2023,POLG_DEN26_Suphatrakul_2023,POLG_DEN26,POLG_DEN26,cssf_1d81bb997017,carp_640m,0.4324005542933785,900,1.0,900,10676,491.6,1.0,0.0,0.3951,1.0,4.001709673526323,1.0895290905713602,0.0,0.3194359430231609,0.6805640569768391,Virus,OrganismalFitness,convolutional-protein-language-model,sequence,known-development-benchmark,available,,histgb,4,0.33273258046211085,0.33273258046211085,0.1369579771018123,-0.23362920922421082,False,,False,-0.09966797383126763,-0.09966797383126763,True,0.3432443581204729
variantshift-development-v1,proteingym-v1.3,proteingym-substitutions-v1.3,POLG_DEN26_Suphatrakul_2023,POLG_DEN26_Suphatrakul_2023,POLG_DEN26,POLG_DEN26,cssf_1d81bb997017,esm2_150m,-0.0374503414381294,900,1.0,900,10676,491.6,1.0,0.0,0.3951,1.0,1.5380899358233215,1.1198752636023406,0.0,0.2083405317458684,0.7916594682541316,Virus,OrganismalFitness,masked-protein-language-model,sequence,known-development-benchmark,available,,histgb,4,0.12471262633923083,0.12471262633923083,0.05700737188039409,-0.1110297367324157,False,,False,0.16216296777736022,0.16216296777736022,True,0.1840244077510796
variantshift-development-v1,proteingym-v1.3,proteingym-substitutions-v1.3,POLG_DEN26_Suphatrakul_2023,POLG_DEN26_Suphatrakul_2023,POLG_DEN26,POLG_DEN26,cssf_1d81bb997017,esm2_35m,-0.1431598040552914,900,1.0,900,10676,491.6,1.0,0.0,0.3951,1.0,1.2010863320530538,1.300231627398433,0.0,0.2067946715644351,0.7932053284355649,Virus,OrganismalFitness,masked-protein-language-model,sequence,known-development-benchmark,available,,histgb,4,0.13650293277766132,0.13650293277766132,0.04942033778572345,-0.067864797730053,False,,False,0.27966273683295273,0.27966273683295273,False,0.2008022573904597
variantshift-development-v1,proteingym-v1.3,proteingym-substitutions-v1.3,POLG_DEN26_Suphatrakul_2023,POLG_DEN26_Suphatrakul_2023,POLG_DEN26,POLG_DEN26,cssf_1d81bb997017,esm2_650m,0.0274321123337764,900,1.0,900,10676,491.6,1.0,0.0,0.3951,1.0,2.2505143067912727,0.9807706661977832,0.0,0.2214880292516421,0.7785119707483579,Virus,OrganismalFitness,masked-protein-language-model,sequence,known-development-benchmark,available,,histgb,4,0.16294281393902335,0.16294281393902335,0.05694603180816563,-0.07254588977066448,False,,False,0.13551070160524695,0.13551070160524695,True,0.20094853434025073
variantshift-development-v1,proteingym-v1.3,proteingym-substitutions-v1.3,POLG_DEN26_Suphatrakul_2023,POLG_DEN26_Suphatrakul_2023,POLG_DEN26,POLG_DEN26,cssf_1d81bb997017,esm2_8m,-0.1566659954802068,900,1.0,900,10676,491.6,1.0,0.0,0.3951,1.0,0.9045053351476342,1.596788704001343,0.0,0.2355367998469633,0.7644632001530367,Virus,OrganismalFitness,masked-protein-language-model,sequence,known-development-benchmark,available,,histgb,4,0.1453203412853127,0.1453203412853127,0.09866242775133921,-0.2626780122133421,False,,False,0.3019863367655195,0.3019863367655195,True,0.22776285554535006
variantshift-development-v1,proteingym-v1.3,proteingym-substitutions-v1.3,POLG_DEN26_Suphatrakul_2023,POLG_DEN26_Suphatrakul_2023,POLG_DEN26,POLG_DEN26,cssf_1d81bb997017,vespag,0.8843124630805173,900,1.0,900,10676,491.6,1.0,0.0,0.3951,1.0,0.0700442061941165,2.6181796701390123,0.0,0.3612567810238085,0.6387432189761915,Virus,OrganismalFitness,distilled-evolutionary-variant-effect-model,sequence,known-development-benchmark,available,,histgb,4,0.5745350389017194,0.5745350389017194,0.1473426970922594,-0.03477064294510579,True,-0.6145098464003088,False,-0.30977742417879783,-0.30977742417879783,True,0.3814886000453481
variantshift-development-v1,proteingym-v1.3,proteingym-substitutions-v1.3,POLG_HCVJF_Qi_2014,POLG_HCVJF_Qi_2014,POLG_HCVJF,POLG_HCVJF,cssf_55f4d290e887,carp_640m,1.033476776692083,3033,0.0283547642598087,86,16556,4448.8,1.0,0.0,0.3018,1.0,4.037998886849084,1.7054429099787534,0.0,0.3741639162682981,0.6258360837317019,Virus,OrganismalFitness,convolutional-protein-language-model,sequence,known-development-benchmark,available,,histgb,1,0.45197024270216546,0.4695046055683342,0.21469258720603288,-0.02293647803050225,False,,False,-0.5815065339899175,-0.5639721711237488,True,0.3984420037736587
variantshift-development-v1,proteingym-v1.3,proteingym-substitutions-v1.3,POLG_HCVJF_Qi_2014,POLG_HCVJF_Qi_2014,POLG_HCVJF,POLG_HCVJF,cssf_55f4d290e887,esm2_150m,-0.1019852553755632,3033,0.0283547642598087,86,16556,4448.8,1.0,0.0,0.3018,1.0,1.1458472420137558,1.4301098490644395,0.0,0.3765470330572679,0.6234529669427321,Virus,OrganismalFitness,masked-protein-language-model,sequence,known-development-benchmark,available,,histgb,1,0.051731617672046606,0.14724940529175612,0.15155999637667852,-0.2003842499603618,False,,False,0.1537168730476098,0.2492346606673193,True,0.08343302049730822
variantshift-development-v1,proteingym-v1.3,proteingym-substitutions-v1.3,POLG_HCVJF_Qi_2014,POLG_HCVJF_Qi_2014,POLG_HCVJF,POLG_HCVJF,cssf_55f4d290e887,esm2_35m,-0.0743272228781737,3033,0.0283547642598087,86,16556,4448.8,1.0,0.0,0.3018,1.0,0.8978750705646172,1.748402989138378,0.0,0.3817517315731725,0.6182482684268275,Virus,OrganismalFitness,masked-protein-language-model,sequence,known-development-benchmark,available,,histgb,1,0.060105424623774106,0.12361183931276865,0.13188656660303358,-0.17889680625961546,False,,False,0.1344326475019478,0.19793906219094234,True,0.13303243146141802
variantshift-development-v1,proteingym-v1.3,proteingym-substitutions-v1.3,POLG_HCVJF_Qi_2014,POLG_HCVJF_Qi_2014,POLG_HCVJF,POLG_HCVJF,cssf_55f4d290e887,esm2_650m,-0.0060550175606663,3033,0.0283547642598087,86,16556,4448.8,1.0,0.0,0.3018,1.0,1.0013050625764346,1.5564455475818888,0.0,0.3741639162682981,0.6258360837317019,Virus,OrganismalFitness,masked-protein-language-model,sequence,known-development-benchmark,available,,histgb,1,0.06426307606938143,0.17442764197361588,0.11961093328923306,-0.09992434365266256,False,,False,0.07031809363004773,0.18048265953428216,True,0.10334004266127272
variantshift-development-v1,proteingym-v1.3,proteingym-substitutions-v1.3,POLG_HCVJF_Qi_2014,POLG_HCVJF_Qi_2014,POLG_HCVJF,POLG_HCVJF,cssf_55f4d290e887,esm2_8m,-0.1086318944187485,3033,0.0283547642598087,86,16556,4448.8,1.0,0.0,0.3018,1.0,0.7699597766835532,1.7469358503621355,0.0,0.3811049057358918,0.6188950942641082,Virus,OrganismalFitness,masked-protein-language-model,sequence,known-development-benchmark,available,,histgb,1,0.04050437440677446,0.07121587358531176,0.14560628804807332,-0.2627617415634924,False,,False,0.14913626882552294,0.17984776800406027,True,0.12433297128202864
variantshift-development-v1,proteingym-v1.3,proteingym-substitutions-v1.3,POLG_HCVJF_Qi_2014,POLG_HCVJF_Qi_2014,POLG_HCVJF,POLG_HCVJF,cssf_55f4d290e887,vespag,0.9635513769820852,3033,0.0283547642598087,86,16556,4448.8,1.0,0.0,0.3018,1.0,0.0471401495374629,2.6538568612533804,0.0,0.3808978388401532,0.6191021611598467,Virus,OrganismalFitness,distilled-evolutionary-variant-effect-model,sequence,known-development-benchmark,available,,histgb,1,0.5846625603473513,0.5906437847790065,0.11653721645937946,0.32334199341451925,True,1.147156551848403,True,-0.37888881663473384,-0.3729075922030787,True,0.35491333513378764
variantshift-development-v1,proteingym-v1.3,proteingym-substitutions-v1.3,POLG_PESV_Tsuboyama_2023_2MXD,POLG_PESV_Tsuboyama_2023_2MXD,POLG_PESV,POLG_PESV,cssf_dc63c2b3ba7c,carp_640m,0.1878066276523365,53,1.0,53,20190,13925.1,0.887,0.0,0.449,0.9433962264150944,0.6843835014684166,1.537263273932835,0.0,0.0985554182620107,0.9014445817379892,Virus,Stability,convolutional-protein-language-model,sequence,known-development-benchmark,available,,histgb,1,0.5733436668675239,0.5605346736923531,0.17465044734590537,0.15993837616158108,False,,False,0.38553703921518745,0.37272804604001664,True,0.41257276883387195
variantshift-development-v1,proteingym-v1.3,proteingym-substitutions-v1.3,POLG_PESV_Tsuboyama_2023_2MXD,POLG_PESV_Tsuboyama_2023_2MXD,POLG_PESV,POLG_PESV,cssf_dc63c2b3ba7c,esm2_150m,-0.0124439808336625,53,1.0,53,20190,13925.1,0.887,0.0,0.449,0.9433962264150944,1.247141236726026,1.6431234461670732,0.0,0.0587716006495511,0.9412283993504488,Virus,Stability,masked-protein-language-model,sequence,known-development-benchmark,available,,histgb,1,0.36885170398647166,0.38508947002757493,0.2257905324195738,-0.13280700650214067,False,,False,0.38129568482013415,0.3975334508612374,True,0.4543209626000628
variantshift-development-v1,proteingym-v1.3,proteingym-substitutions-v1.3,POLG_PESV_Tsuboyama_2023_2MXD,POLG_PESV_Tsuboyama_2023_2MXD,POLG_PESV,POLG_PESV,cssf_dc63c2b3ba7c,esm2_35m,0.1047515668745776,53,1.0,53,20190,13925.1,0.887,0.0,0.449,0.9433962264150944,1.0939843502709434,1.629738848819816,0.0,0.0553531091799885,0.9446468908200114,Virus,Stability,masked-protein-language-model,sequence,known-development-benchmark,available,,histgb,1,0.4168242370271948,0.39115094861533417,0.19406032461814318,-0.05396584736789972,False,,False,0.3120726701526172,0.2863993817407566,True,0.44335004193276456
variantshift-development-v1,proteingym-v1.3,proteingym-substitutions-v1.3,POLG_PESV_Tsuboyama_2023_2MXD,POLG_PESV_Tsuboyama_2023_2MXD,POLG_PESV,POLG_PESV,cssf_dc63c2b3ba7c,esm2_650m,0.125166869702823,53,1.0,53,20190,13925.1,0.887,0.0,0.449,0.9433962264150944,1.091019605365248,1.663117254068758,0.0,0.0498782598128043,0.9501217401871956,Virus,Stability,masked-protein-language-model,sequence,known-development-benchmark,available,,histgb,1,0.356375790711334,0.3935121779550803,0.21691632077289402,-0.10402949053842381,False,,False,0.231208921008511,0.26834530825225733,True,0.4547747795353772
variantshift-development-v1,proteingym-v1.3,proteingym-substitutions-v1.3,POLG_PESV_Tsuboyama_2023_2MXD,POLG_PESV_Tsuboyama_2023_2MXD,POLG_PESV,POLG_PESV,cssf_dc63c2b3ba7c,esm2_8m,-0.1063888166701041,53,1.0,53,20190,13925.1,0.887,0.0,0.449,0.9433962264150944,1.1956954224362346,1.7019337558816965,0.0,0.0739240564690084,0.9260759435309917,Virus,Stability,masked-protein-language-model,sequence,known-development-benchmark,available,,histgb,1,0.37076706386354674,0.31891289067789097,0.22431431220896675,-0.19559757476684847,False,,False,0.4771558805336508,0.42530170734799505,True,0.4521919900105391
variantshift-development-v1,proteingym-v1.3,proteingym-substitutions-v1.3,POLG_PESV_Tsuboyama_2023_2MXD,POLG_PESV_Tsuboyama_2023_2MXD,POLG_PESV,POLG_PESV,cssf_dc63c2b3ba7c,vespag,0.5739391667806554,53,1.0,53,20190,13925.1,0.887,0.0,0.449,0.9433962264150944,0.0315046172762671,2.91600051601659,0.0,0.3551505422252898,0.6448494577747101,Virus,Stability,distilled-evolutionary-variant-effect-model,sequence,known-development-benchmark,available,,histgb,1,0.5373327658626537,0.5551464389154832,0.1563330331888393,0.1965648536466575,True,-0.2994088402616474,True,-0.036606400918001714,-0.018792727865172165,True,0.5042498755956873
variantshift-development-v1,proteingym-v1.3,proteingym-substitutions-v1.3,PPARG_HUMAN_Majithia_2016,PPARG_HUMAN_Majithia_2016,PPARG_HUMAN,PPARG_HUMAN,cssf_6d98a5313455,carp_640m,0.8381894722532358,505,0.998019801980198,504,39993,3152.5,0.8,0.0,0.2944,1.0,5.663684461163033,1.5121888685612697,0.0,0.1811980449356784,0.8188019550643215,Human,Activity,convolutional-protein-language-model,sequence,known-development-benchmark,available,,histgb,2,0.48151240546125407,0.48151240546125407,0.06178861314568425,0.320029445772004,False,,False,-0.35667706679198175,-0.35667706679198175,True,0.690731687672752
variantshift-development-v1,proteingym-v1.3,proteingym-substitutions-v1.3,PPARG_HUMAN_Majithia_2016,PPARG_HUMAN_Majithia_2016,PPARG_HUMAN,PPARG_HUMAN,cssf_6d98a5313455,esm2_150m,0.3767865184921223,505,0.998019801980198,504,39993,3152.5,0.8,0.0,0.2944,1.0,2.569835930605725,0.8855571407766941,0.0,0.193799060664493,0.806200939335507,Human,Activity,masked-protein-language-model,sequence,known-development-benchmark,available,,histgb,2,0.27515694014795933,0.27515694014795933,0.07598313409197317,0.07657696311065287,False,,False,-0.10162957834416297,-0.10162957834416297,True,0.2953472471470975
variantshift-development-v1,proteingym-v1.3,proteingym-substitutions-v1.3,PPARG_HUMAN_Majithia_2016,PPARG_HUMAN_Majithia_2016,PPARG_HUMAN,PPARG_HUMAN,cssf_6d98a5313455,esm2_35m,0.2487140442056344,505,0.998019801980198,504,39993,3152.5,0.8,0.0,0.2944,1.0,1.805219945166803,0.9335720274427172,0.0,0.3180183243138541,0.6819816756861459,Human,Activity,masked-protein-language-model,sequence,known-development-benchmark,available,,histgb,2,0.12611796780851772,0.12611796780851772,0.07092048150348683,-0.05923089620898922,False,,False,-0.12259607639711667,-0.12259607639711667,True,0.16309056903557895
variantshift-development-v1,proteingym-v1.3,proteingym-substitutions-v1.3,PPARG_HUMAN_Majithia_2016,PPARG_HUMAN_Majithia_2016,PPARG_HUMAN,PPARG_HUMAN,cssf_6d98a5313455,esm2_650m,0.5180633218163021,505,0.998019801980198,504,39993,3152.5,0.8,0.0,0.2944,1.0,3.39048764568429,0.8279849239546501,0.0,0.1811980449356784,0.8188019550643215,Human,Activity,masked-protein-language-model,sequence,known-development-benchmark,available,,histgb,2,0.31510273406021616,0.31510273406021616,0.11365428569902748,0.018070166056567916,False,,False,-0.20296058775608594,-0.20296058775608594,True,0.35060570614727926
variantshift-development-v1,proteingym-v1.3,proteingym-substitutions-v1.3,PPARG_HUMAN_Majithia_2016,PPARG_HUMAN_Majithia_2016,PPARG_HUMAN,PPARG_HUMAN,cssf_6d98a5313455,esm2_8m,0.119741970692323,505,0.998019801980198,504,39993,3152.5,0.8,0.0,0.2944,1.0,1.0169583327445697,1.39082992224662,0.0,0.3841299468677677,0.6158700531322323,Human,Activity,masked-protein-language-model,sequence,known-development-benchmark,available,,histgb,2,-0.03087816638187721,-0.03087816638187721,0.10106076656926302,-0.2949978943257774,False,,False,-0.1506201370742002,-0.1506201370742002,True,0.14926977826630494
variantshift-development-v1,proteingym-v1.3,proteingym-substitutions-v1.3,PPARG_HUMAN_Majithia_2016,PPARG_HUMAN_Majithia_2016,PPARG_HUMAN,PPARG_HUMAN,cssf_6d98a5313455,vespag,0.7919850793977156,505,0.998019801980198,504,39993,3152.5,0.8,0.0,0.2944,1.0,0.0929986050704816,2.4787577226227593,0.0,0.1519350803720952,0.8480649196279048,Human,Activity,distilled-evolutionary-variant-effect-model,sequence,known-development-benchmark,available,,histgb,2,0.6519900868302676,0.6519900868302676,0.0970249529438046,0.39841785454639506,True,0.18469711462800956,True,-0.13999499256744796,-0.13999499256744796,True,0.5333870681985884
variantshift-development-v1,proteingym-v1.3,proteingym-substitutions-v1.3,PPM1D_HUMAN_Miller_2022,PPM1D_HUMAN_Miller_2022,PPM1D_HUMAN,PPM1D_HUMAN,cssf_c26e504ac4d4,carp_640m,0.6128153924295406,605,0.6942148760330579,420,1844,339.3,0.993,0.0,0.2611,1.0,4.922924490451849,1.213759349298854,0.0,0.1719150579651491,0.8280849420348508,Human,OrganismalFitness,convolutional-protein-language-model,sequence,known-development-benchmark,available,,histgb,4,0.5434335862057167,0.5434335862057167,0.12478226819451858,0.0274219581774362,False,,False,-0.06938180622382395,-0.06938180622382395,True,0.5401079930504454
variantshift-development-v1,proteingym-v1.3,proteingym-substitutions-v1.3,PPM1D_HUMAN_Miller_2022,PPM1D_HUMAN_Miller_2022,PPM1D_HUMAN,PPM1D_HUMAN,cssf_c26e504ac4d4,esm2_150m,0.4456884685488219,605,0.6942148760330579,420,1844,339.3,0.993,0.0,0.2611,1.0,3.3363287951283875,0.9263537875803508,0.0,0.1732318856382573,0.8267681143617427,Human,OrganismalFitness,masked-protein-language-model,sequence,known-development-benchmark,available,,histgb,4,0.3486444208548698,0.3486444208548698,0.0781235808096166,0.025580281179774234,False,,False,-0.09704404769395208,-0.09704404769395208,True,0.2964403757846405
variantshift-development-v1,proteingym-v1.3,proteingym-substitutions-v1.3,PPM1D_HUMAN_Miller_2022,PPM1D_HUMAN_Miller_2022,PPM1D_HUMAN,PPM1D_HUMAN,cssf_c26e504ac4d4,esm2_35m,0.2911899257916856,605,0.6942148760330579,420,1844,339.3,0.993,0.0,0.2611,1.0,2.7867774575402673,0.9518882070186416,0.0,0.200881210400786,0.799118789599214,Human,OrganismalFitness,masked-protein-language-model,sequence,known-development-benchmark,available,,histgb,4,0.2937776888140834,0.2937776888140834,0.0717965312742632,-0.0031222275415269674,False,,False,0.002587763022397771,0.002587763022397771,True,0.2360843249839776
variantshift-development-v1,proteingym-v1.3,proteingym-substitutions-v1.3,PPM1D_HUMAN_Miller_2022,PPM1D_HUMAN_Miller_2022,PPM1D_HUMAN,PPM1D_HUMAN,cssf_c26e504ac4d4,esm2_650m,0.5858686382668533,605,0.6942148760330579,420,1844,339.3,0.993,0.0,0.2611,1.0,4.537541972177921,0.938405812179475,0.0,0.1260655562062465,0.8739344437937535,Human,OrganismalFitness,masked-protein-language-model,sequence,known-development-benchmark,available,,histgb,4,0.42295216808715164,0.42295216808715164,0.07598903143737422,0.10871502212369882,False,,False,-0.16291647017970168,-0.16291647017970168,True,0.4354889195802988
variantshift-development-v1,proteingym-v1.3,proteingym-substitutions-v1.3,PPM1D_HUMAN_Miller_2022,PPM1D_HUMAN_Miller_2022,PPM1D_HUMAN,PPM1D_HUMAN,cssf_c26e504ac4d4,esm2_8m,0.1785818229883846,605,0.6942148760330579,420,1844,339.3,0.993,0.0,0.2611,1.0,2.2004730224321576,1.0361608469051924,0.0,0.2629299135603029,0.7370700864396971,Human,OrganismalFitness,masked-protein-language-model,sequence,known-development-benchmark,available,,histgb,4,0.2021352430790905,0.2021352430790905,0.03863173001523729,0.04238160029679608,False,,False,0.023553420090705907,0.023553420090705907,True,0.1622696597683294
variantshift-development-v1,proteingym-v1.3,proteingym-substitutions-v1.3,PPM1D_HUMAN_Miller_2022,PPM1D_HUMAN_Miller_2022,PPM1D_HUMAN,PPM1D_HUMAN,cssf_c26e504ac4d4,vespag,0.6328855031094233,605,0.6942148760330579,420,1844,339.3,0.993,0.0,0.2611,1.0,0.1187209041409771,2.6075763849307756,0.0,0.14405400050824,0.85594599949176,Human,OrganismalFitness,distilled-evolutionary-variant-effect-model,sequence,known-development-benchmark,available,,histgb,4,0.6021014186700072,0.6021014186700072,0.1311197366245666,0.059882482107559865,True,-0.9281447035225965,True,-0.03078408443941605,-0.03078408443941605,True,0.5212068599254444
variantshift-development-v1,proteingym-v1.3,proteingym-substitutions-v1.3,PR40A_HUMAN_Tsuboyama_2023_1UZC,PR40A_HUMAN_Tsuboyama_2023_1UZC,PR40A_HUMAN,PR40A_HUMAN,cssf_f662b12b6174,carp_640m,0.628317193409241,63,1.0,63,63560,3573.6,0.857,0.0,0.4915,1.0,2.563223632803545,2.0611131076150606,0.0,0.3046999395007805,0.6953000604992194,Human,Stability,convolutional-protein-language-model,sequence,known-development-benchmark,available,,histgb,3,0.6712485949030551,0.6712485949030551,0.09801415513778838,0.4984721504164944,False,,False,0.042931401493814136,0.042931401493814136,True,0.513751284000229
variantshift-development-v1,proteingym-v1.3,proteingym-substitutions-v1.3,PR40A_HUMAN_Tsuboyama_2023_1UZC,PR40A_HUMAN_Tsuboyama_2023_1UZC,PR40A_HUMAN,PR40A_HUMAN,cssf_f662b12b6174,esm2_150m,0.5960448217117023,63,1.0,63,63560,3573.6,0.857,0.0,0.4915,1.0,5.713962123594462,1.3269930196086634,0.0,0.1056037302093786,0.8943962697906214,Human,Stability,masked-protein-language-model,sequence,known-development-benchmark,available,,histgb,3,0.7120542233777462,0.7120542233777462,0.18641042055566204,0.38345546502927413,False,,False,0.1160094016660439,0.1160094016660439,True,0.6874855752678729
variantshift-development-v1,proteingym-v1.3,proteingym-substitutions-v1.3,PR40A_HUMAN_Tsuboyama_2023_1UZC,PR40A_HUMAN_Tsuboyama_2023_1UZC,PR40A_HUMAN,PR40A_HUMAN,cssf_f662b12b6174,esm2_35m,0.1734214380340992,63,1.0,63,63560,3573.6,0.857,0.0,0.4915,1.0,1.5668317565299477,1.407652419344983,0.0,0.1468688581989947,0.8531311418010052,Human,Stability,masked-protein-language-model,sequence,known-development-benchmark,available,,histgb,3,0.23186977303231504,0.23186977303231504,0.2521145604689654,-0.21255029363952355,False,,False,0.058448334998215834,0.058448334998215834,True,0.2995666868112699
variantshift-development-v1,proteingym-v1.3,proteingym-substitutions-v1.3,PR40A_HUMAN_Tsuboyama_2023_1UZC,PR40A_HUMAN_Tsuboyama_2023_1UZC,PR40A_HUMAN,PR40A_HUMAN,cssf_f662b12b6174,esm2_650m,0.7183649920535667,63,1.0,63,63560,3573.6,0.857,0.0,0.4915,1.0,6.755453528245985,1.228936768713922,0.0,0.1219861470577412,0.8780138529422588,Human,Stability,masked-protein-language-model,sequence,known-development-benchmark,available,,histgb,3,0.707008853848225,0.707008853848225,0.19844341683003391,0.3571986866998371,False,,False,-0.01135613820534176,-0.01135613820534176,True,0.7536743677382127
variantshift-development-v1,proteingym-v1.3,proteingym-substitutions-v1.3,PR40A_HUMAN_Tsuboyama_2023_1UZC,PR40A_HUMAN_Tsuboyama_2023_1UZC,PR40A_HUMAN,PR40A_HUMAN,cssf_f662b12b6174,esm2_8m,-0.0273008876438643,63,1.0,63,63560,3573.6,0.857,0.0,0.4915,1.0,1.6044152097010709,1.428185726269374,0.0,0.142323964728771,0.8576760352712289,Human,Stability,masked-protein-language-model,sequence,known-development-benchmark,available,,histgb,3,0.2442998247401626,0.2442998247401626,0.26072482295772126,-0.21529815717067285,False,,False,0.2716007123840269,0.2716007123840269,True,0.30999906228977353
variantshift-development-v1,proteingym-v1.3,proteingym-substitutions-v1.3,PR40A_HUMAN_Tsuboyama_2023_1UZC,PR40A_HUMAN_Tsuboyama_2023_1UZC,PR40A_HUMAN,PR40A_HUMAN,cssf_f662b12b6174,vespag,0.68037281282436,63,1.0,63,63560,3573.6,0.857,0.0,0.4915,1.0,0.0550575759459262,2.953515316482137,0.0,0.1096293188611403,0.8903706811388596,Human,Stability,distilled-evolutionary-variant-effect-model,sequence,known-development-benchmark,available,,histgb,3,0.7329624429610098,0.7329624429610098,0.1316600605676414,0.5008759946945986,True,-0.3856412693155394,True,0.052589630136649745,0.052589630136649745,True,0.6677959762594544
variantshift-development-v1,proteingym-v1.3,proteingym-substitutions-v1.3,PRKN_HUMAN_Clausen_2023,PRKN_HUMAN_Clausen_2023,PRKN_HUMAN,PRKN_HUMAN,cssf_40b8ae05fc9a,carp_640m,0.7829951070243896,465,1.0,465,1457,170.2,0.998,0.0,0.2395,1.0,4.7081055463615105,1.7641886954635215,0.0,0.1843955935271789,0.8156044064728211,Human,Expression,convolutional-protein-language-model,sequence,known-development-benchmark,available,,histgb,3,0.4567382912907288,0.4567382912907288,0.21037405190936,0.08589715461987985,False,,False,-0.3262568157336608,-0.3262568157336608,True,0.5951188295400678
variantshift-development-v1,proteingym-v1.3,proteingym-substitutions-v1.3,PRKN_HUMAN_Clausen_2023,PRKN_HUMAN_Clausen_2023,PRKN_HUMAN,PRKN_HUMAN,cssf_40b8ae05fc9a,esm2_150m,0.2969494349395726,465,1.0,465,1457,170.2,0.998,0.0,0.2395,1.0,2.46200944619824,0.939991106317678,0.0,0.2320853638124854,0.7679146361875145,Human,Expression,masked-protein-language-model,sequence,known-development-benchmark,available,,histgb,3,0.14435169040920398,0.14435169040920398,0.19319081374169922,-0.1961993438657148,False,,False,-0.15259774453036862,-0.15259774453036862,True,0.1207269382450758
variantshift-development-v1,proteingym-v1.3,proteingym-substitutions-v1.3,PRKN_HUMAN_Clausen_2023,PRKN_HUMAN_Clausen_2023,PRKN_HUMAN,PRKN_HUMAN,cssf_40b8ae05fc9a,esm2_35m,0.2135967718448269,465,1.0,465,1457,170.2,0.998,0.0,0.2395,1.0,2.1924296214003647,0.9910584896192696,0.0,0.2638601303236881,0.7361398696763118,Human,Expression,masked-protein-language-model,sequence,known-development-benchmark,available,,histgb,3,0.1201919209999795,0.1201919209999795,0.16509039793135555,-0.17082453405543957,False,,False,-0.0934048508448474,-0.0934048508448474,True,0.09077273482693865
variantshift-development-v1,proteingym-v1.3,proteingym-substitutions-v1.3,PRKN_HUMAN_Clausen_2023,PRKN_HUMAN_Clausen_2023,PRKN_HUMAN,PRKN_HUMAN,cssf_40b8ae05fc9a,esm2_650m,0.4704730177387658,465,1.0,465,1457,170.2,0.998,0.0,0.2395,1.0,3.4663867175043537,0.9001831956718623,0.0,0.1653169292243413,0.8346830707756586,Human,Expression,masked-protein-language-model,sequence,known-development-benchmark,available,,histgb,3,0.29479963241015444,0.29479963241015444,0.2676418313759068,-0.1769914467048312,False,,False,-0.17567338532861138,-0.17567338532861138,True,0.23941906500659021
variantshift-development-v1,proteingym-v1.3,proteingym-substitutions-v1.3,PRKN_HUMAN_Clausen_2023,PRKN_HUMAN_Clausen_2023,PRKN_HUMAN,PRKN_HUMAN,cssf_40b8ae05fc9a,esm2_8m,0.1792613315083529,465,1.0,465,1457,170.2,0.998,0.0,0.2395,1.0,1.4650561712516317,1.1463743189737283,0.0,0.3078512100441244,0.6921487899558756,Human,Expression,masked-protein-language-model,sequence,known-development-benchmark,available,,histgb,3,0.021572155017256754,0.021572155017256754,0.1915630771026978,-0.316109553407209,False,,False,-0.15768917649109615,-0.15768917649109615,True,0.03541161746733967
variantshift-development-v1,proteingym-v1.3,proteingym-substitutions-v1.3,PRKN_HUMAN_Clausen_2023,PRKN_HUMAN_Clausen_2023,PRKN_HUMAN,PRKN_HUMAN,cssf_40b8ae05fc9a,vespag,0.7317203077573641,465,1.0,465,1457,170.2,0.998,0.0,0.2395,1.0,0.0845762065886519,2.4611242099373354,0.0,0.1704154594546039,0.8295845405453961,Human,Expression,distilled-evolutionary-variant-effect-model,sequence,known-development-benchmark,available,,histgb,3,0.38372248236546125,0.38372248236546125,0.22373923047851704,-0.010678394527202317,True,-1.6894989595369625,False,-0.3479978253919028,-0.3479978253919028,True,0.4157137489642051
variantshift-development-v1,proteingym-v1.3,proteingym-substitutions-v1.3,PSAE_PICP2_Tsuboyama_2023_1PSE,PSAE_PICP2_Tsuboyama_2023_1PSE,PSAE_PICP2,PSAE_PICP2,cssf_b20798b8020c,carp_640m,0.5871684463992756,68,1.0,68,1785,125.7,0.868,0.0,0.6599,1.0,3.3077652784114315,1.5528118638353956,0.0,0.1132815558856963,0.8867184441143037,Prokaryote,Stability,convolutional-protein-language-model,sequence,known-development-benchmark,available,,histgb,2,0.5296575528626227,0.5296575528626227,0.19370384238675528,0.023417516400854876,False,,False,-0.05751089353665284,-0.05751089353665284,True,0.6153945818153652
variantshift-development-v1,proteingym-v1.3,proteingym-substitutions-v1.3,PSAE_PICP2_Tsuboyama_2023_1PSE,PSAE_PICP2_Tsuboyama_2023_1PSE,PSAE_PICP2,PSAE_PICP2,cssf_b20798b8020c,esm2_150m,0.6966921730008971,68,1.0,68,1785,125.7,0.868,0.0,0.6599,1.0,7.306203003597019,0.4673322857643977,0.0,0.0850853340745598,0.91491466592544,Prokaryote,Stability,masked-protein-language-model,sequence,known-development-benchmark,available,,histgb,2,0.5787416751492607,0.5787416751492607,0.22467819674724612,-0.008449044002252104,False,,False,-0.11795049785163647,-0.11795049785163647,True,0.6567840006579022
variantshift-development-v1,proteingym-v1.3,proteingym-substitutions-v1.3,PSAE_PICP2_Tsuboyama_2023_1PSE,PSAE_PICP2_Tsuboyama_2023_1PSE,PSAE_PICP2,PSAE_PICP2,cssf_b20798b8020c,esm2_35m,0.1142952171745735,68,1.0,68,1785,125.7,0.868,0.0,0.6599,1.0,3.073502369906492,0.8322006630762838,0.0,0.1224417952171805,0.8775582047828194,Prokaryote,Stability,masked-protein-language-model,sequence,known-development-benchmark,available,,histgb,2,0.32843799644253313,0.32843799644253313,0.22652970347541954,-0.2635915881750981,False,,False,0.21414277926795963,0.21414277926795963,True,0.40445464784333074
variantshift-development-v1,proteingym-v1.3,proteingym-substitutions-v1.3,PSAE_PICP2_Tsuboyama_2023_1PSE,PSAE_PICP2_Tsuboyama_2023_1PSE,PSAE_PICP2,PSAE_PICP2,cssf_b20798b8020c,esm2_650m,0.8058669037222284,68,1.0,68,1785,125.7,0.868,0.0,0.6599,1.0,7.705790798125562,0.6082004390604699,0.0,0.0733118733041477,0.9266881266958522,Prokaryote,Stability,masked-protein-language-model,sequence,known-development-benchmark,available,,histgb,2,0.5793785146326483,0.5793785146326483,0.24351019910051105,-0.05702916088119625,True,-2.49659230996526,False,-0.22648838908958002,-0.22648838908958002,True,0.7202574944661158
variantshift-development-v1,proteingym-v1.3,proteingym-substitutions-v1.3,PSAE_PICP2_Tsuboyama_2023_1PSE,PSAE_PICP2_Tsuboyama_2023_1PSE,PSAE_PICP2,PSAE_PICP2,cssf_b20798b8020c,esm2_8m,0.0787778335037083,68,1.0,68,1785,125.7,0.868,0.0,0.6599,1.0,2.768490735613454,0.7495722944693771,0.0,0.1375691944260364,0.8624308055739636,Prokaryote,Stability,masked-protein-language-model,sequence,known-development-benchmark,available,,histgb,2,0.3061521166879311,0.3061521166879311,0.22925752851388212,-0.29300656888049803,False,,False,0.22737428318422276,0.22737428318422276,True,0.35645579322432674
variantshift-development-v1,proteingym-v1.3,proteingym-substitutions-v1.3,PSAE_PICP2_Tsuboyama_2023_1PSE,PSAE_PICP2_Tsuboyama_2023_1PSE,PSAE_PICP2,PSAE_PICP2,cssf_b20798b8020c,vespag,0.6082231582399108,68,1.0,68,1785,125.7,0.868,0.0,0.6599,1.0,0.0896843708182299,2.621687822475179,0.0,0.1171931649221292,0.8828068350778707,Prokaryote,Stability,distilled-evolutionary-variant-effect-model,sequence,known-development-benchmark,available,,histgb,2,0.4964322034271422,0.4964322034271422,0.18054874076481167,0.024572688501205087,False,,False,-0.11179095481276857,-0.11179095481276857,True,0.618927033579117
variantshift-development-v1,proteingym-v1.3,proteingym-substitutions-v1.3,PTEN_HUMAN_Matreyek_2021,PTEN_HUMAN_Matreyek_2021,PTEN_HUMAN,PTEN_HUMAN,cssf_a81536eee23e,carp_640m,0.6132612231490553,403,0.9503722084367244,383,19058,1500.8,0.752,0.0,0.2724,1.0,5.394246262924392,1.717248042337745,0.0,0.1466295526281209,0.8533704473718791,Human,Expression,convolutional-protein-language-model,sequence,known-development-benchmark,available,,histgb,0,0.47100542778983867,0.47100542778983867,0.2659183222922122,-0.17298709992223005,False,,False,-0.14225579535921662,-0.14225579535921662,True,0.83331904650068
variantshift-development-v1,proteingym-v1.3,proteingym-substitutions-v1.3,PTEN_HUMAN_Matreyek_2021,PTEN_HUMAN_Matreyek_2021,PTEN_HUMAN,PTEN_HUMAN,cssf_a81536eee23e,esm2_150m,0.5377054667300428,403,0.9503722084367244,383,19058,1500.8,0.752,0.0,0.2724,1.0,3.595152353017226,1.127592693321493,0.0,0.1030152066778229,0.8969847933221771,Human,Expression,masked-protein-language-model,sequence,known-development-benchmark,available,,histgb,0,0.42440574528361064,0.42440574528361064,0.18841954468929062,-0.03190270991743588,False,,False,-0.11329972144643219,-0.11329972144643219,True,0.47287645333218875
variantshift-development-v1,proteingym-v1.3,proteingym-substitutions-v1.3,PTEN_HUMAN_Matreyek_2021,PTEN_HUMAN_Matreyek_2021,PTEN_HUMAN,PTEN_HUMAN,cssf_a81536eee23e,esm2_35m,0.3056221156924101,403,0.9503722084367244,383,19058,1500.8,0.752,0.0,0.2724,1.0,3.0562747695862926,0.7926058803451905,0.0,0.2034980836232525,0.7965019163767475,Human,Expression,masked-protein-language-model,sequence,known-development-benchmark,available,,histgb,0,0.27932975019127376,0.27932975019127376,0.21196762651873552,-0.2340066999572235,False,,False,-0.02629236550113634,-0.02629236550113634,True,0.28712996458028456
variantshift-development-v1,proteingym-v1.3,proteingym-substitutions-v1.3,PTEN_HUMAN_Matreyek_2021,PTEN_HUMAN_Matreyek_2021,PTEN_HUMAN,PTEN_HUMAN,cssf_a81536eee23e,esm2_650m,0.6033496955884349,403,0.9503722084367244,383,19058,1500.8,0.752,0.0,0.2724,1.0,4.606333977774642,1.7758949922617604,0.0,0.1554309759325298,0.8445690240674701,Human,Expression,masked-protein-language-model,sequence,known-development-benchmark,available,,histgb,0,0.4778437895841162,0.4778437895841162,0.2911475555869937,-0.22724809217656083,False,,False,-0.12550590600431866,-0.12550590600431866,True,0.7145341745466502
variantshift-development-v1,proteingym-v1.3,proteingym-substitutions-v1.3,PTEN_HUMAN_Matreyek_2021,PTEN_HUMAN_Matreyek_2021,PTEN_HUMAN,PTEN_HUMAN,cssf_a81536eee23e,esm2_8m,0.0502806745015754,403,0.9503722084367244,383,19058,1500.8,0.752,0.0,0.2724,1.0,1.6377891478573363,1.0042105308636344,0.0,0.3455472799076267,0.6544527200923733,Human,Expression,masked-protein-language-model,sequence,known-development-benchmark,available,,histgb,0,0.01789593477643899,0.01789593477643899,0.1710028372589309,-0.3962332928113495,False,,False,-0.032384739725136405,-0.032384739725136405,True,0.1279978520555718
variantshift-development-v1,proteingym-v1.3,proteingym-substitutions-v1.3,PTEN_HUMAN_Matreyek_2021,PTEN_HUMAN_Matreyek_2021,PTEN_HUMAN,PTEN_HUMAN,cssf_a81536eee23e,vespag,0.5616576444028227,403,0.9503722084367244,383,19058,1500.8,0.752,0.0,0.2724,1.0,0.0792547531165372,2.600062416112874,0.0,0.1545530739662421,0.8454469260337578,Human,Expression,distilled-evolutionary-variant-effect-model,sequence,known-development-benchmark,available,,histgb,0,0.714752864120555,0.714752864120555,0.25337364583611754,0.10114063450397814,True,-0.0052139423172511135,True,0.15309521971773232,0.15309521971773232,True,0.5729884675618746
variantshift-development-v1,proteingym-v1.3,proteingym-substitutions-v1.3,PTEN_HUMAN_Mighell_2018,PTEN_HUMAN_Mighell_2018,PTEN_HUMAN,PTEN_HUMAN,cssf_a81536eee23e,carp_640m,0.4762868648612705,403,1.0,403,19058,1500.8,0.752,0.0,0.2724,1.0,5.542803909149355,1.694924518220797,0.0,0.1450409107733472,0.8549590892266528,Human,Activity,convolutional-protein-language-model,sequence,known-development-benchmark,available,,histgb,0,0.48526098249812694,0.48526098249812694,0.20746400679936866,-0.0171687447817524,False,,False,0.00897411763685646,0.00897411763685646,True,0.8294190648457183
variantshift-development-v1,proteingym-v1.3,proteingym-substitutions-v1.3,PTEN_HUMAN_Mighell_2018,PTEN_HUMAN_Mighell_2018,PTEN_HUMAN,PTEN_HUMAN,cssf_a81536eee23e,esm2_150m,0.5020995764565108,403,1.0,403,19058,1500.8,0.752,0.0,0.2724,1.0,3.693753289185031,1.1042940028550372,0.0,0.0985451762886298,0.9014548237113702,Human,Activity,masked-protein-language-model,sequence,known-development-benchmark,available,,histgb,0,0.35435582959243606,0.35435582959243606,0.15316782484812166,-0.016581132696717404,False,,False,-0.14774374686407477,-0.14774374686407477,True,0.46492623492624385
variantshift-development-v1,proteingym-v1.3,proteingym-substitutions-v1.3,PTEN_HUMAN_Mighell_2018,PTEN_HUMAN_Mighell_2018,PTEN_HUMAN,PTEN_HUMAN,cssf_a81536eee23e,esm2_35m,0.3941073021422234,403,1.0,403,19058,1500.8,0.752,0.0,0.2724,1.0,3.2048512862169396,0.796895025194039,0.0,0.19518165738542,0.80481834261458,Human,Activity,masked-protein-language-model,sequence,known-development-benchmark,available,,histgb,0,0.2473414646287848,0.2473414646287848,0.2199889356475599,-0.28542073661840905,False,,False,-0.14676583751343858,-0.14676583751343858,True,0.2929981053884869
variantshift-development-v1,proteingym-v1.3,proteingym-substitutions-v1.3,PTEN_HUMAN_Mighell_2018,PTEN_HUMAN_Mighell_2018,PTEN_HUMAN,PTEN_HUMAN,cssf_a81536eee23e,esm2_650m,0.4918348953459737,403,1.0,403,19058,1500.8,0.752,0.0,0.2724,1.0,4.655758383622539,1.7741862939212625,0.0,0.1579697548905612,0.8420302451094388,Human,Activity,masked-protein-language-model,sequence,known-development-benchmark,available,,histgb,0,0.4932927529200834,0.4932927529200834,0.24921888717948548,-0.11025761444400123,False,,False,0.001457857574109711,0.001457857574109711,True,0.7036588779420818
variantshift-development-v1,proteingym-v1.3,proteingym-substitutions-v1.3,PTEN_HUMAN_Mighell_2018,PTEN_HUMAN_Mighell_2018,PTEN_HUMAN,PTEN_HUMAN,cssf_a81536eee23e,esm2_8m,0.1741191982879395,403,1.0,403,19058,1500.8,0.752,0.0,0.2724,1.0,1.7742119582120144,0.9827924094315826,0.0,0.3302020063012151,0.6697979936987849,Human,Activity,masked-protein-language-model,sequence,known-development-benchmark,available,,histgb,0,0.03558371334946574,0.03558371334946574,0.1698750061040058,-0.37581416865058054,False,,False,-0.13853548493847379,-0.13853548493847379,True,0.12945759628454834
variantshift-development-v1,proteingym-v1.3,proteingym-substitutions-v1.3,PTEN_HUMAN_Mighell_2018,PTEN_HUMAN_Mighell_2018,PTEN_HUMAN,PTEN_HUMAN,cssf_a81536eee23e,vespag,0.5526170059892951,403,1.0,403,19058,1500.8,0.752,0.0,0.2724,1.0,0.0807823227872367,2.5882487066747135,0.0,0.1493122277862488,0.8506877722137511,Human,Activity,distilled-evolutionary-variant-effect-model,sequence,known-development-benchmark,available,,histgb,0,0.6355905388594141,0.6355905388594141,0.23163054678408393,0.07463505435958051,True,-0.17293760029946106,True,0.082973532870119,0.082973532870119,True,0.5582683482343315
variantshift-development-v1,proteingym-v1.3,proteingym-substitutions-v1.3,Q2N0S5_9HIV1_Haddox_2018,Q2N0S5_9HIV1_Haddox_2018,Q2N0S5_9HIV1,Q2N0S5_9HIV1,cssf_1bf288bd319a,carp_640m,0.9115896783195856,860,0.7790697674418605,670,75014,36862.0,0.976,0.0,0.2414,0.0,4.08398250793593,2.0009380421568976,0.0,0.4074987576494971,0.5925012423505028,Virus,OrganismalFitness,convolutional-protein-language-model,sequence,known-development-benchmark,available,,histgb,3,0.6464460235452418,0.6464460235452418,0.08435334370175193,0.49775045212647084,False,,False,-0.26514365477434376,-0.26514365477434376,True,0.5216815829100238
variantshift-development-v1,proteingym-v1.3,proteingym-substitutions-v1.3,Q2N0S5_9HIV1_Haddox_2018,Q2N0S5_9HIV1_Haddox_2018,Q2N0S5_9HIV1,Q2N0S5_9HIV1,cssf_1bf288bd319a,esm2_150m,-0.168745556693559,860,0.7790697674418605,670,75014,36862.0,0.976,0.0,0.2414,0.0,1.3935682480411182,1.1193045444209275,0.0,0.372009847508412,0.627990152491588,Virus,OrganismalFitness,masked-protein-language-model,sequence,known-development-benchmark,available,,histgb,3,0.022429582058861922,0.022429582058861922,0.08612218221469527,-0.12938404540709547,False,,False,0.19117513875242093,0.19117513875242093,False,0.03610839378474595
variantshift-development-v1,proteingym-v1.3,proteingym-substitutions-v1.3,Q2N0S5_9HIV1_Haddox_2018,Q2N0S5_9HIV1_Haddox_2018,Q2N0S5_9HIV1,Q2N0S5_9HIV1,cssf_1bf288bd319a,esm2_35m,-0.1683972189357654,860,0.7790697674418605,670,75014,36862.0,0.976,0.0,0.2414,0.0,1.046693037977202,1.4252768251369925,0.0,0.3827688663440796,0.6172311336559204,Virus,OrganismalFitness,masked-protein-language-model,sequence,known-development-benchmark,available,,histgb,3,0.06409857907407678,0.06409857907407678,0.06213475569070387,-0.04543072464933992,False,,False,0.23249579800984216,0.23249579800984216,False,0.06694868429580669
variantshift-development-v1,proteingym-v1.3,proteingym-substitutions-v1.3,Q2N0S5_9HIV1_Haddox_2018,Q2N0S5_9HIV1_Haddox_2018,Q2N0S5_9HIV1,Q2N0S5_9HIV1,cssf_1bf288bd319a,esm2_650m,-0.0609142991594056,860,0.7790697674418605,670,75014,36862.0,0.976,0.0,0.2414,0.0,1.8092738412301963,0.9245790092517668,0.0,0.3584125669315631,0.6415874330684369,Virus,OrganismalFitness,masked-protein-language-model,sequence,known-development-benchmark,available,,histgb,3,0.0893259331934985,0.0893259331934985,0.07632424557264593,-0.045216182275665553,False,,False,0.1502402323529041,0.1502402323529041,False,0.038047543157730235
variantshift-development-v1,proteingym-v1.3,proteingym-substitutions-v1.3,Q2N0S5_9HIV1_Haddox_2018,Q2N0S5_9HIV1_Haddox_2018,Q2N0S5_9HIV1,Q2N0S5_9HIV1,cssf_1bf288bd319a,esm2_8m,-0.1311250900263698,860,0.7790697674418605,670,75014,36862.0,0.976,0.0,0.2414,0.0,1.045204784417729,1.447986814258296,0.0,0.3819514991586779,0.6180485008413221,Virus,OrganismalFitness,masked-protein-language-model,sequence,known-development-benchmark,available,,histgb,3,0.06220943229897115,0.06220943229897115,0.0619188488046428,-0.046939277171897484,False,,False,0.19333452232534093,0.19333452232534093,False,0.07232154824468268
variantshift-development-v1,proteingym-v1.3,proteingym-substitutions-v1.3,Q2N0S5_9HIV1_Haddox_2018,Q2N0S5_9HIV1_Haddox_2018,Q2N0S5_9HIV1,Q2N0S5_9HIV1,cssf_1bf288bd319a,vespag,0.4900438315288908,860,0.7790697674418605,670,75014,36862.0,0.976,0.0,0.2414,0.0,0.0503159000542608,2.639670530466072,0.0,0.3451207605602175,0.6548792394397824,Virus,OrganismalFitness,distilled-evolutionary-variant-effect-model,sequence,known-development-benchmark,available,,histgb,3,0.616709278830648,0.616709278830648,0.17083552221411108,0.3155654891538931,True,1.5839559834226402,True,0.12666544730175716,0.12666544730175716,True,0.4089175504285498
variantshift-development-v1,proteingym-v1.3,proteingym-substitutions-v1.3,Q53Z42_HUMAN_McShan_2019_binding-TAPBPR,Q53Z42_HUMAN_McShan_2019_binding-TAPBPR,Q53Z42_HUMAN,Q53Z42_HUMAN,cssf_77b576379330,carp_640m,0.5528545596247519,365,0.4931506849315068,180,41636,4832.0,0.986,0.0,0.2511,1.0,3.4941118358950805,1.9927927425048888,0.0,0.2019495722793967,0.7980504277206033,Human,Binding,convolutional-protein-language-model,sequence,known-development-benchmark,available,,histgb,0,0.6070771970715492,0.6070771970715492,0.4068442830489557,-0.3782053361793555,False,,False,0.05422263744679723,0.05422263744679723,True,0.5976420019930423
variantshift-development-v1,proteingym-v1.3,proteingym-substitutions-v1.3,Q53Z42_HUMAN_McShan_2019_binding-TAPBPR,Q53Z42_HUMAN_McShan_2019_binding-TAPBPR,Q53Z42_HUMAN,Q53Z42_HUMAN,cssf_77b576379330,esm2_150m,0.4300831040421313,365,0.4931506849315068,180,41636,4832.0,0.986,0.0,0.2511,1.0,2.807260389770284,1.4675639115650203,0.0,0.2238600053536679,0.7761399946463321,Human,Binding,masked-protein-language-model,sequence,known-development-benchmark,available,,histgb,0,0.5657462253341539,0.5657462253341539,0.232355448660895,0.003035196545507435,False,,False,0.13566312129202257,0.13566312129202257,True,0.3374020838057713
variantshift-development-v1,proteingym-v1.3,proteingym-substitutions-v1.3,Q53Z42_HUMAN_McShan_2019_binding-TAPBPR,Q53Z42_HUMAN_McShan_2019_binding-TAPBPR,Q53Z42_HUMAN,Q53Z42_HUMAN,cssf_77b576379330,esm2_35m,0.1649604430501543,365,0.4931506849315068,180,41636,4832.0,0.986,0.0,0.2511,1.0,0.9057048148483452,1.777775219479828,0.0,0.4023796361632862,0.5976203638367138,Human,Binding,masked-protein-language-model,sequence,known-development-benchmark,available,,histgb,0,0.09091908994967376,0.09091908994967376,0.213992576136125,-0.4273213187201894,False,,False,-0.07404135310048054,-0.07404135310048054,True,0.1362282321057403
variantshift-development-v1,proteingym-v1.3,proteingym-substitutions-v1.3,Q53Z42_HUMAN_McShan_2019_binding-TAPBPR,Q53Z42_HUMAN_McShan_2019_binding-TAPBPR,Q53Z42_HUMAN,Q53Z42_HUMAN,cssf_77b576379330,esm2_650m,0.4251392870388043,365,0.4931506849315068,180,41636,4832.0,0.986,0.0,0.2511,1.0,3.4222219317596045,1.6130490927959409,0.0,0.1598654413283504,0.8401345586716495,Human,Binding,masked-protein-language-model,sequence,known-development-benchmark,available,,histgb,0,0.6152780224255531,0.6152780224255531,0.3809871500178438,-0.30738452918379067,False,,False,0.19013873538674875,0.19013873538674875,True,0.4667383306711208
variantshift-development-v1,proteingym-v1.3,proteingym-substitutions-v1.3,Q53Z42_HUMAN_McShan_2019_binding-TAPBPR,Q53Z42_HUMAN_McShan_2019_binding-TAPBPR,Q53Z42_HUMAN,Q53Z42_HUMAN,cssf_77b576379330,esm2_8m,0.1007606499306792,365,0.4931506849315068,180,41636,4832.0,0.986,0.0,0.2511,1.0,0.8229166498057641,1.7861931586470372,0.0,0.4187996152724031,0.5812003847275968,Human,Binding,masked-protein-language-model,sequence,known-development-benchmark,available,,histgb,0,0.09095328710310369,0.09095328710310369,0.19284961680730256,-0.3760837757269058,False,,False,-0.009807362827575508,-0.009807362827575508,True,0.12218684958585829
variantshift-development-v1,proteingym-v1.3,proteingym-substitutions-v1.3,Q53Z42_HUMAN_McShan_2019_binding-TAPBPR,Q53Z42_HUMAN_McShan_2019_binding-TAPBPR,Q53Z42_HUMAN,Q53Z42_HUMAN,cssf_77b576379330,vespag,0.3628667446155413,365,0.4931506849315068,180,41636,4832.0,0.986,0.0,0.2511,1.0,0.072070799447201,2.62088981186937,0.0,0.2019495722793967,0.7980504277206033,Human,Binding,distilled-evolutionary-variant-effect-model,sequence,known-development-benchmark,available,,histgb,0,0.751022132201513,0.751022132201513,0.20550622490112397,0.25333369879898476,True,0.590440495979041,True,0.38815538758597173,0.38815538758597173,True,0.47229747495064445
variantshift-development-v1,proteingym-v1.3,proteingym-substitutions-v1.3,Q53Z42_HUMAN_McShan_2019_expression,Q53Z42_HUMAN_McShan_2019_expression,Q53Z42_HUMAN,Q53Z42_HUMAN,cssf_77b576379330,carp_640m,0.8088414263335055,365,0.4931506849315068,180,41636,4832.0,0.986,0.0,0.2511,1.0,3.4941118358950805,1.9927927425048888,0.0,0.2019495722793967,0.7980504277206033,Human,Expression,convolutional-protein-language-model,sequence,known-development-benchmark,available,,histgb,0,0.5881456437907426,0.5881456437907426,0.39743396174724077,-0.37434727289882286,False,,False,-0.2206957825427629,-0.2206957825427629,True,0.5976420019930423
variantshift-development-v1,proteingym-v1.3,proteingym-substitutions-v1.3,Q53Z42_HUMAN_McShan_2019_expression,Q53Z42_HUMAN_McShan_2019_expression,Q53Z42_HUMAN,Q53Z42_HUMAN,cssf_77b576379330,esm2_150m,0.6144943810128866,365,0.4931506849315068,180,41636,4832.0,0.986,0.0,0.2511,1.0,2.807260389770284,1.4675639115650203,0.0,0.2238600053536679,0.7761399946463321,Human,Expression,masked-protein-language-model,sequence,known-development-benchmark,available,,histgb,0,0.5306216260790922,0.5306216260790922,0.22485698453888964,-0.013929861004180255,False,,False,-0.08387275493379431,-0.08387275493379431,True,0.3374020838057713
variantshift-development-v1,proteingym-v1.3,proteingym-substitutions-v1.3,Q53Z42_HUMAN_McShan_2019_expression,Q53Z42_HUMAN_McShan_2019_expression,Q53Z42_HUMAN,Q53Z42_HUMAN,cssf_77b576379330,esm2_35m,0.1123747218812819,365,0.4931506849315068,180,41636,4832.0,0.986,0.0,0.2511,1.0,0.9057047210088536,1.7777748705128251,0.0,0.4023794521217283,0.5976205478782717,Human,Expression,masked-protein-language-model,sequence,known-development-benchmark,available,,histgb,0,0.025840981564039106,0.025840981564039106,0.22559518089378386,-0.520498245951853,False,,False,-0.0865337403172428,-0.0865337403172428,True,0.13622822071188073
variantshift-development-v1,proteingym-v1.3,proteingym-substitutions-v1.3,Q53Z42_HUMAN_McShan_2019_expression,Q53Z42_HUMAN_McShan_2019_expression,Q53Z42_HUMAN,Q53Z42_HUMAN,cssf_77b576379330,esm2_650m,0.717967083719486,365,0.4931506849315068,180,41636,4832.0,0.986,0.0,0.2511,1.0,3.4222219317596045,1.6130490927959409,0.0,0.1598654413283504,0.8401345586716495,Human,Expression,masked-protein-language-model,sequence,known-development-benchmark,available,,histgb,0,0.5838467755784457,0.5838467755784457,0.37222616814244786,-0.317598709021217,False,,False,-0.13412030814104037,-0.13412030814104037,True,0.4667383306711208
variantshift-development-v1,proteingym-v1.3,proteingym-substitutions-v1.3,Q53Z42_HUMAN_McShan_2019_expression,Q53Z42_HUMAN_McShan_2019_expression,Q53Z42_HUMAN,Q53Z42_HUMAN,cssf_77b576379330,esm2_8m,0.0006025873339238,365,0.4931506849315068,180,41636,4832.0,0.986,0.0,0.2511,1.0,0.8229166498057641,1.7861931586470372,0.0,0.4187996152724031,0.5812003847275968,Human,Expression,masked-protein-language-model,sequence,known-development-benchmark,available,,histgb,0,0.021511001565072227,0.021511001565072227,0.19938431196890652,-0.4613515779825283,False,,False,0.020908414231148427,0.020908414231148427,True,0.12218684958585829
variantshift-development-v1,proteingym-v1.3,proteingym-substitutions-v1.3,Q53Z42_HUMAN_McShan_2019_expression,Q53Z42_HUMAN_McShan_2019_expression,Q53Z42_HUMAN,Q53Z42_HUMAN,cssf_77b576379330,vespag,0.8564441928292847,365,0.4931506849315068,180,41636,4832.0,0.986,0.0,0.2511,1.0,0.072070799447201,2.62088981186937,0.0,0.2019495722793967,0.7980504277206033,Human,Expression,distilled-evolutionary-variant-effect-model,sequence,known-development-benchmark,available,,histgb,0,0.7591837042465125,0.7591837042465125,0.2078290171683492,0.2558700064747368,True,0.6077326701762612,True,-0.09726048858277225,-0.09726048858277225,True,0.47229747495064445
variantshift-development-v1,proteingym-v1.3,proteingym-substitutions-v1.3,Q59976_STRSQ_Romero_2015,Q59976_STRSQ_Romero_2015,Q59976_STRSQ,Q59976_STRSQ,cssf_9ddcf4dec5c1,carp_640m,0.6708880628795556,501,0.998003992015968,500,105913,14012.4,0.882,0.0,0.346,0.0,3.660075790819964,1.43096887259827,0.0,0.0913048507375824,0.9086951492624176,Prokaryote,Activity,convolutional-protein-language-model,sequence,known-development-benchmark,available,,histgb,4,0.8000177991955915,0.8000177991955915,0.24949216132613866,-0.23170616454503956,False,,False,0.12912973631603586,0.12912973631603586,True,0.5646028895886512
variantshift-development-v1,proteingym-v1.3,proteingym-substitutions-v1.3,Q59976_STRSQ_Romero_2015,Q59976_STRSQ_Romero_2015,Q59976_STRSQ,Q59976_STRSQ,cssf_9ddcf4dec5c1,esm2_150m,0.5274427249842745,501,0.998003992015968,500,105913,14012.4,0.882,0.0,0.346,0.0,3.185804358119099,1.2708625341201012,0.0,0.061346338928631,0.9386536610713688,Prokaryote,Activity,masked-protein-language-model,sequence,known-development-benchmark,available,,histgb,4,0.6963627631436115,0.6963627631436115,0.24018340537706429,-0.29686673834929134,False,,False,0.16892003815933698,0.16892003815933698,True,0.46930370157331325
variantshift-development-v1,proteingym-v1.3,proteingym-substitutions-v1.3,Q59976_STRSQ_Romero_2015,Q59976_STRSQ_Romero_2015,Q59976_STRSQ,Q59976_STRSQ,cssf_9ddcf4dec5c1,esm2_35m,0.3746635245494475,501,0.998003992015968,500,105913,14012.4,0.882,0.0,0.346,0.0,2.744744901409774,1.228273826592551,0.0,0.1048981755314925,0.8951018244685075,Prokaryote,Activity,masked-protein-language-model,sequence,known-development-benchmark,available,,histgb,4,0.5918743469456389,0.5918743469456389,0.16208728427991237,-0.07840456891425385,False,,False,0.21721082239619138,0.21721082239619138,True,0.38998294910418896
variantshift-development-v1,proteingym-v1.3,proteingym-substitutions-v1.3,Q59976_STRSQ_Romero_2015,Q59976_STRSQ_Romero_2015,Q59976_STRSQ,Q59976_STRSQ,cssf_9ddcf4dec5c1,esm2_650m,0.5918278674312809,501,0.998003992015968,500,105913,14012.4,0.882,0.0,0.346,0.0,3.665535860875929,1.297787403323839,0.0,0.0849450480791673,0.9150549519208326,Prokaryote,Activity,masked-protein-language-model,sequence,known-development-benchmark,available,,histgb,4,0.7245312427297268,0.7245312427297268,0.24741686308247168,-0.2986107482606617,False,,False,0.1327033752984459,0.1327033752984459,True,0.49971615831334193
variantshift-development-v1,proteingym-v1.3,proteingym-substitutions-v1.3,Q59976_STRSQ_Romero_2015,Q59976_STRSQ_Romero_2015,Q59976_STRSQ,Q59976_STRSQ,cssf_9ddcf4dec5c1,esm2_8m,0.0870324857245867,501,0.998003992015968,500,105913,14012.4,0.882,0.0,0.346,0.0,1.6936467999843472,1.1909466600023004,0.0,0.2701217531449911,0.7298782468550089,Prokaryote,Activity,masked-protein-language-model,sequence,known-development-benchmark,available,,histgb,4,0.03167831773445948,0.03167831773445948,0.1664626387416989,-0.6566939844029431,False,,False,-0.055354167990127226,-0.055354167990127226,True,0.1724873956630465
variantshift-development-v1,proteingym-v1.3,proteingym-substitutions-v1.3,Q59976_STRSQ_Romero_2015,Q59976_STRSQ_Romero_2015,Q59976_STRSQ,Q59976_STRSQ,cssf_9ddcf4dec5c1,vespag,0.7293540784145961,501,0.998003992015968,500,105913,14012.4,0.882,0.0,0.346,0.0,0.1367904967856523,2.149198048062687,0.0,0.1120027928602398,0.8879972071397602,Prokaryote,Activity,distilled-evolutionary-variant-effect-model,sequence,known-development-benchmark,available,,histgb,4,0.7803991554324917,0.7803991554324917,0.25822215059863995,-0.28742589897072046,True,1.2600292506954736,False,0.051045077017895624,0.051045077017895624,True,0.4536392914284241
variantshift-development-v1,proteingym-v1.3,proteingym-substitutions-v1.3,Q6WV12_9MAXI_Somermeyer_2022,Q6WV12_9MAXI_Somermeyer_2022,Q6WV12_9MAXI,Q6WV12_9MAXI,cssf_cba7b508de0e,carp_640m,-0.1376207043138099,222,0.990990990990991,220,506,98.2,1.0,0.0,0.2877,1.0,0.515870187425275,1.5150887460308324,0.0,0.054462341983169,0.945537658016831,Eukaryote,Activity,convolutional-protein-language-model,sequence,known-development-benchmark,available,,histgb,1,0.24001351146494726,0.3105370571404205,0.24582504388495877,-0.2533126433164892,False,,False,0.37763421577875717,0.4481577614542304,True,0.3489116527655015
variantshift-development-v1,proteingym-v1.3,proteingym-substitutions-v1.3,Q6WV12_9MAXI_Somermeyer_2022,Q6WV12_9MAXI_Somermeyer_2022,Q6WV12_9MAXI,Q6WV12_9MAXI,cssf_cba7b508de0e,esm2_150m,-0.2044168546209401,222,0.990990990990991,220,506,98.2,1.0,0.0,0.2877,1.0,1.295083717698534,1.5375177192943608,0.0,0.0483832989241469,0.951616701075853,Eukaryote,Activity,masked-protein-language-model,sequence,known-development-benchmark,available,,histgb,1,0.061567353095273884,0.15462620685917658,0.2352151289422108,-0.38488749728182736,False,,False,0.265984207716214,0.35904306148011667,True,0.36121724820592
variantshift-development-v1,proteingym-v1.3,proteingym-substitutions-v1.3,Q6WV12_9MAXI_Somermeyer_2022,Q6WV12_9MAXI_Somermeyer_2022,Q6WV12_9MAXI,Q6WV12_9MAXI,cssf_cba7b508de0e,esm2_35m,0.0071669059683128,222,0.990990990990991,220,506,98.2,1.0,0.0,0.2877,1.0,1.3472246260035032,1.5275644902269303,0.0,0.0658294459595646,0.9341705540404354,Eukaryote,Activity,masked-protein-language-model,sequence,known-development-benchmark,available,,histgb,1,0.08602985382599776,0.1430551612144364,0.23940741055295314,-0.40607439285418645,False,,False,0.07886294785768495,0.1358882552461236,True,0.3492149440803248
variantshift-development-v1,proteingym-v1.3,proteingym-substitutions-v1.3,Q6WV12_9MAXI_Somermeyer_2022,Q6WV12_9MAXI_Somermeyer_2022,Q6WV12_9MAXI,Q6WV12_9MAXI,cssf_cba7b508de0e,esm2_650m,-0.1365429571740386,222,0.990990990990991,220,506,98.2,1.0,0.0,0.2877,1.0,1.4151665045603363,1.5294977455537209,0.0,0.0658294459595646,0.9341705540404354,Eukaryote,Activity,masked-protein-language-model,sequence,known-development-benchmark,available,,histgb,1,0.08266733245601991,0.18823083426359474,0.2574419272630426,-0.4022645492753072,False,,False,0.2192102896300585,0.32477379143763335,True,0.35435626884531235
variantshift-development-v1,proteingym-v1.3,proteingym-substitutions-v1.3,Q6WV12_9MAXI_Somermeyer_2022,Q6WV12_9MAXI_Somermeyer_2022,Q6WV12_9MAXI,Q6WV12_9MAXI,cssf_cba7b508de0e,esm2_8m,-0.1543596944539164,222,0.990990990990991,220,506,98.2,1.0,0.0,0.2877,1.0,1.2620009422951783,1.4693279755951256,0.0,0.0463086813033998,0.9536913186966002,Eukaryote,Activity,masked-protein-language-model,sequence,known-development-benchmark,available,,histgb,1,0.04917241907739215,0.07771690708827503,0.28627039791995235,-0.5789024330973563,False,,False,0.20353211353130854,0.23207660154219142,True,0.34535062645684955
variantshift-development-v1,proteingym-v1.3,proteingym-substitutions-v1.3,Q6WV12_9MAXI_Somermeyer_2022,Q6WV12_9MAXI_Somermeyer_2022,Q6WV12_9MAXI,Q6WV12_9MAXI,cssf_cba7b508de0e,vespag,0.3905376528290055,222,0.990990990990991,220,506,98.2,1.0,0.0,0.2877,1.0,0.0199802201012755,2.450520045260355,0.0,0.4153928871130317,0.5846071128869683,Eukaryote,Activity,distilled-evolutionary-variant-effect-model,sequence,known-development-benchmark,available,,histgb,1,0.47078660612392964,0.5052368191114402,0.10205193666914222,0.2711599609827304,True,-2.030512579724929,True,0.08024895329492415,0.11469916628243476,True,0.27271373902182194
variantshift-development-v1,proteingym-v1.3,proteingym-substitutions-v1.3,Q837P4_ENTFA_Meier_2023,Q837P4_ENTFA_Meier_2023,Q837P4_ENTFA,Q837P4_ENTFA,cssf_cdfaa4cd70ca,carp_640m,0.5942653616582912,589,0.064516129032258,38,343933,53483.3,0.975,0.0,0.274,1.0,4.623087967770261,0.8663268207596779,0.0,0.0824990002604071,0.9175009997395928,Prokaryote,Activity,convolutional-protein-language-model,sequence,known-development-benchmark,available,,histgb,1,0.5886155446269296,0.5719885820119073,0.2668755865881747,-0.04014481651775981,False,,False,-0.0056498170313616924,-0.02227677964638397,True,0.49289208450761335
variantshift-development-v1,proteingym-v1.3,proteingym-substitutions-v1.3,Q837P4_ENTFA_Meier_2023,Q837P4_ENTFA_Meier_2023,Q837P4_ENTFA,Q837P4_ENTFA,cssf_cdfaa4cd70ca,esm2_150m,0.483961583049359,589,0.064516129032258,38,343933,53483.3,0.975,0.0,0.274,1.0,3.845925055353412,0.9529709340186208,0.0,0.0729681258493888,0.9270318741506112,Prokaryote,Activity,masked-protein-language-model,sequence,known-development-benchmark,available,,histgb,1,0.5182349873007592,0.4971269325132906,0.24733054519651945,-0.07017594118482168,False,,False,0.03427340425140024,0.013165349463931608,True,0.4142074618068583
variantshift-development-v1,proteingym-v1.3,proteingym-substitutions-v1.3,Q837P4_ENTFA_Meier_2023,Q837P4_ENTFA_Meier_2023,Q837P4_ENTFA,Q837P4_ENTFA,cssf_cdfaa4cd70ca,esm2_35m,0.4126189689116622,589,0.064516129032258,38,343933,53483.3,0.975,0.0,0.274,1.0,3.4378435511457175,0.8916467198163969,0.0,0.0655112592437815,0.9344887407562184,Prokaryote,Activity,masked-protein-language-model,sequence,known-development-benchmark,available,,histgb,1,0.5628185207318891,0.5006466613938548,0.25269215698514524,-0.07895415865344091,False,,False,0.15019955182022687,0.08802769248219261,True,0.37799934499230436
variantshift-development-v1,proteingym-v1.3,proteingym-substitutions-v1.3,Q837P4_ENTFA_Meier_2023,Q837P4_ENTFA_Meier_2023,Q837P4_ENTFA,Q837P4_ENTFA,cssf_cdfaa4cd70ca,esm2_650m,0.6458311014147049,589,0.064516129032258,38,343933,53483.3,0.975,0.0,0.274,1.0,4.220935156643083,1.04354085684642,0.0,0.0655112592437815,0.9344887407562184,Prokaryote,Activity,masked-protein-language-model,sequence,known-development-benchmark,available,,histgb,1,0.6209671081718888,0.5919556660504964,0.2228271360380188,0.08085634141250109,False,,False,-0.024863993242816074,-0.05387543536420847,True,0.466085494161231
variantshift-development-v1,proteingym-v1.3,proteingym-substitutions-v1.3,Q837P4_ENTFA_Meier_2023,Q837P4_ENTFA_Meier_2023,Q837P4_ENTFA,Q837P4_ENTFA,cssf_cdfaa4cd70ca,esm2_8m,0.3141029861639751,589,0.064516129032258,38,343933,53483.3,0.975,0.0,0.274,1.0,3.036197552240413,0.8126610766161854,0.0,0.091169570577646,0.908830429422354,Prokaryote,Activity,masked-protein-language-model,sequence,known-development-benchmark,available,,histgb,1,0.5301949735298587,0.4384838229276249,0.24938908745227134,-0.13354073581908965,False,,False,0.2160919873658836,0.1243808367636498,True,0.3128663211235081
variantshift-development-v1,proteingym-v1.3,proteingym-substitutions-v1.3,Q837P4_ENTFA_Meier_2023,Q837P4_ENTFA_Meier_2023,Q837P4_ENTFA,Q837P4_ENTFA,cssf_cdfaa4cd70ca,vespag,0.4512091053361729,589,0.064516129032258,38,343933,53483.3,0.975,0.0,0.274,1.0,0.089333511273207,2.336791241963036,0.0,0.1561610609189778,0.8438389390810221,Prokaryote,Activity,distilled-evolutionary-variant-effect-model,sequence,known-development-benchmark,available,,histgb,1,0.89628059161462,0.8243573082294581,0.29511317763650435,0.14745525552769412,True,2.271252290103076,True,0.4450714862784471,0.37314820289328515,True,0.4764074797989658
variantshift-development-v1,proteingym-v1.3,proteingym-substitutions-v1.3,Q837P5_ENTFA_Meier_2023,Q837P5_ENTFA_Meier_2023,Q837P5_ENTFA,Q837P5_ENTFA,cssf_cdfaa4cd70ca,carp_640m,0.4923858093942728,571,0.0718038528896672,41,346355,54258.0,0.993,0.0,0.2585,1.0,3.8956634257565783,1.3524813129444482,0.0,0.1080617721131835,0.8919382278868164,Prokaryote,Activity,convolutional-protein-language-model,sequence,known-development-benchmark,available,,histgb,1,0.806705952276243,0.7355563877488924,0.2896692866932824,0.07114100536006973,False,,False,0.3143201428819702,0.24317057835461964,True,0.5233435079698776
variantshift-development-v1,proteingym-v1.3,proteingym-substitutions-v1.3,Q837P5_ENTFA_Meier_2023,Q837P5_ENTFA_Meier_2023,Q837P5_ENTFA,Q837P5_ENTFA,cssf_cdfaa4cd70ca,esm2_150m,0.245189722297596,571,0.0718038528896672,41,346355,54258.0,0.993,0.0,0.2585,1.0,3.238310047464133,1.2704779031815916,0.0,0.0772703003955723,0.9227296996044276,Prokaryote,Activity,masked-protein-language-model,sequence,known-development-benchmark,available,,histgb,1,0.7415909038158446,0.6646438698996046,0.2796897366489691,0.023118613814650635,False,,False,0.4964011815182486,0.41945414760200855,True,0.4317918596367305
variantshift-development-v1,proteingym-v1.3,proteingym-substitutions-v1.3,Q837P5_ENTFA_Meier_2023,Q837P5_ENTFA_Meier_2023,Q837P5_ENTFA,Q837P5_ENTFA,cssf_cdfaa4cd70ca,esm2_35m,0.2497487170090681,571,0.0718038528896672,41,346355,54258.0,0.993,0.0,0.2585,1.0,3.116482607810855,1.0138225588411394,0.0,0.1072520213756345,0.8927479786243655,Prokaryote,Activity,masked-protein-language-model,sequence,known-development-benchmark,available,,histgb,1,0.5721020827577437,0.5076093329132458,0.23734461759647474,-0.0367887862607319,False,,False,0.32235336574867557,0.25786061590417775,True,0.34322409267243126
variantshift-development-v1,proteingym-v1.3,proteingym-substitutions-v1.3,Q837P5_ENTFA_Meier_2023,Q837P5_ENTFA_Meier_2023,Q837P5_ENTFA,Q837P5_ENTFA,cssf_cdfaa4cd70ca,esm2_650m,0.3732771174693408,571,0.0718038528896672,41,346355,54258.0,0.993,0.0,0.2585,1.0,3.820187784297696,1.4089893742722277,0.0,0.1072520213756345,0.8927479786243655,Prokaryote,Activity,masked-protein-language-model,sequence,known-development-benchmark,available,,histgb,1,0.8129826988261687,0.7359673590412064,0.2744380387587081,0.1064879394402668,False,,False,0.4397055813568279,0.3626902415718656,True,0.47991309481814787
variantshift-development-v1,proteingym-v1.3,proteingym-substitutions-v1.3,Q837P5_ENTFA_Meier_2023,Q837P5_ENTFA_Meier_2023,Q837P5_ENTFA,Q837P5_ENTFA,cssf_cdfaa4cd70ca,esm2_8m,-0.0275641977011434,571,0.0718038528896672,41,346355,54258.0,0.993,0.0,0.2585,1.0,2.9973847731222247,0.8773924939807398,0.0,0.176955330317557,0.8230446696824429,Prokaryote,Activity,masked-protein-language-model,sequence,known-development-benchmark,available,,histgb,1,0.3937566761433797,0.3361550998877657,0.23281076599709524,-0.19784370916782323,False,,False,0.4213208738445231,0.3637192975889091,True,0.2510668606158019
variantshift-development-v1,proteingym-v1.3,proteingym-substitutions-v1.3,Q837P5_ENTFA_Meier_2023,Q837P5_ENTFA_Meier_2023,Q837P5_ENTFA,Q837P5_ENTFA,cssf_cdfaa4cd70ca,vespag,0.5680584320025812,571,0.0718038528896672,41,346355,54258.0,0.993,0.0,0.2585,1.0,0.0767078623185962,2.5264899507893475,0.0,0.1620314608493471,0.8379685391506528,Prokaryote,Activity,distilled-evolutionary-variant-effect-model,sequence,known-development-benchmark,available,,histgb,1,0.8438643702392523,0.7850451421979322,0.29399853811863647,0.11069974177347397,True,2.1360562005267836,True,0.2758059382366711,0.21698671019535098,True,0.5056190776772913
variantshift-development-v1,proteingym-v1.3,proteingym-substitutions-v1.3,Q8WTC7_9CNID_Somermeyer_2022,Q8WTC7_9CNID_Somermeyer_2022,Q8WTC7_9CNID,Q8WTC7_9CNID,cssf_cba7b508de0e,carp_640m,-0.075814635221428,238,0.9831932773109244,234,655,121.9,1.0,0.0,0.3048,1.0,0.4514742006780239,1.6045769316648215,0.0,0.0578143971350536,0.9421856028649463,Eukaryote,Activity,convolutional-protein-language-model,sequence,known-development-benchmark,available,,histgb,1,0.3046389458192825,0.359006132906172,0.2467201837725029,-0.2068967528140545,False,,False,0.38045358104071053,0.4348207681276,True,0.3617880877977715
variantshift-development-v1,proteingym-v1.3,proteingym-substitutions-v1.3,Q8WTC7_9CNID_Somermeyer_2022,Q8WTC7_9CNID_Somermeyer_2022,Q8WTC7_9CNID,Q8WTC7_9CNID,cssf_cba7b508de0e,esm2_150m,-0.0831836525946006,238,0.9831932773109244,234,655,121.9,1.0,0.0,0.3048,1.0,1.2500666182889564,1.6214836786352975,0.0,0.0595664381204459,0.940433561879554,Eukaryote,Activity,masked-protein-language-model,sequence,known-development-benchmark,available,,histgb,1,0.1910629054048972,0.25174787109139407,0.2324108667691921,-0.28133368780813806,False,,False,0.2742465579994978,0.33493152368599466,True,0.3681924919951417
variantshift-development-v1,proteingym-v1.3,proteingym-substitutions-v1.3,Q8WTC7_9CNID_Somermeyer_2022,Q8WTC7_9CNID_Somermeyer_2022,Q8WTC7_9CNID,Q8WTC7_9CNID,cssf_cba7b508de0e,esm2_35m,-0.0762014967732842,238,0.9831932773109244,234,655,121.9,1.0,0.0,0.3048,1.0,1.2714217399430066,1.6792620643535263,0.0,0.0527693331898084,0.9472306668101916,Eukaryote,Activity,masked-protein-language-model,sequence,known-development-benchmark,available,,histgb,1,0.1045807018736283,0.1569682972501593,0.24236635539929335,-0.39894819820942384,False,,False,0.1807821986469125,0.23316979402344348,True,0.38774652236881657
variantshift-development-v1,proteingym-v1.3,proteingym-substitutions-v1.3,Q8WTC7_9CNID_Somermeyer_2022,Q8WTC7_9CNID_Somermeyer_2022,Q8WTC7_9CNID,Q8WTC7_9CNID,cssf_cba7b508de0e,esm2_650m,-0.1513021410884673,238,0.9831932773109244,234,655,121.9,1.0,0.0,0.3048,1.0,1.227673486982053,1.6828856321635588,0.0,0.0455470301858538,0.9544529698141462,Eukaryote,Activity,masked-protein-language-model,sequence,known-development-benchmark,available,,histgb,1,0.1045807018736283,0.20466586132680104,0.2705476349421767,-0.4158901264221984,False,,False,0.2558828429620956,0.3559680024152683,True,0.3910678232326579
variantshift-development-v1,proteingym-v1.3,proteingym-substitutions-v1.3,Q8WTC7_9CNID_Somermeyer_2022,Q8WTC7_9CNID_Somermeyer_2022,Q8WTC7_9CNID,Q8WTC7_9CNID,cssf_cba7b508de0e,esm2_8m,-0.2020332495398852,238,0.9831932773109244,234,655,121.9,1.0,0.0,0.3048,1.0,1.198836091250765,1.7067896294874842,0.0,0.0595664381204459,0.940433561879554,Eukaryote,Activity,masked-protein-language-model,sequence,known-development-benchmark,available,,histgb,1,0.15290185316910943,0.15551398265706298,0.23261915118680881,-0.3780453188866971,False,,False,0.35493510270899464,0.3575472321969482,True,0.38361341042109587
variantshift-development-v1,proteingym-v1.3,proteingym-substitutions-v1.3,Q8WTC7_9CNID_Somermeyer_2022,Q8WTC7_9CNID_Somermeyer_2022,Q8WTC7_9CNID,Q8WTC7_9CNID,cssf_cba7b508de0e,vespag,0.4177895036476446,238,0.9831932773109244,234,655,121.9,1.0,0.0,0.3048,1.0,0.0159493248210801,2.25651121002502,0.0,0.4487162305579965,0.5512837694420035,Eukaryote,Activity,distilled-evolutionary-variant-effect-model,sequence,known-development-benchmark,available,,histgb,1,0.5275559940115874,0.5478138600271836,0.09880743225253544,0.32117893220192556,True,-1.764641071454349,True,0.10976649036394276,0.13002435637953896,True,0.20369429144952195
variantshift-development-v1,proteingym-v1.3,proteingym-substitutions-v1.3,R1AB_SARS2_Flynn_2022,R1AB_SARS2_Flynn_2022,R1AB_SARS2,R1AB_SARS2,cssf_9fc1ecf8307b,carp_640m,0.0308007260127215,306,0.9901960784313726,303,182169,348.0,1.0,0.0,0.2812,0.9788732394366196,1.2770676265897811,1.2548886679076092,0.0,0.1369641870765534,0.8630358129234466,Virus,OrganismalFitness,convolutional-protein-language-model,sequence,known-development-benchmark,available,,histgb,3,0.21268217154026073,0.21268217154026073,0.20538179936444786,-0.14935877047017063,False,,False,0.18188144552753924,0.18188144552753924,True,0.2055902106820937
variantshift-development-v1,proteingym-v1.3,proteingym-substitutions-v1.3,R1AB_SARS2_Flynn_2022,R1AB_SARS2_Flynn_2022,R1AB_SARS2,R1AB_SARS2,cssf_9fc1ecf8307b,esm2_150m,-0.0353555230448813,306,0.9901960784313726,303,182169,348.0,1.0,0.0,0.2812,0.9788732394366196,1.3380884243242843,1.202788754798651,0.0,0.146959584652332,0.853040415347668,Virus,OrganismalFitness,masked-protein-language-model,sequence,known-development-benchmark,available,,histgb,3,0.08828823259679254,0.08828823259679254,0.18066172197514788,-0.23017689046430823,False,,False,0.12364375564167385,0.12364375564167385,True,0.1376886386196688
variantshift-development-v1,proteingym-v1.3,proteingym-substitutions-v1.3,R1AB_SARS2_Flynn_2022,R1AB_SARS2_Flynn_2022,R1AB_SARS2,R1AB_SARS2,cssf_9fc1ecf8307b,esm2_35m,-0.084712997835495,306,0.9901960784313726,303,182169,348.0,1.0,0.0,0.2812,0.9788732394366196,0.8024067735288916,1.80431136424742,0.0,0.1977323998177569,0.8022676001822431,Virus,OrganismalFitness,masked-protein-language-model,sequence,known-development-benchmark,available,,histgb,3,0.061381292407963126,0.061381292407963126,0.23006468576794928,-0.3441699093855316,False,,False,0.14609429024345813,0.14609429024345813,True,0.19660602140787578
variantshift-development-v1,proteingym-v1.3,proteingym-substitutions-v1.3,R1AB_SARS2_Flynn_2022,R1AB_SARS2_Flynn_2022,R1AB_SARS2,R1AB_SARS2,cssf_9fc1ecf8307b,esm2_650m,-0.0498132720091674,306,0.9901960784313726,303,182169,348.0,1.0,0.0,0.2812,0.9788732394366196,1.713861848908334,1.0302440052217576,0.0,0.1977323998177569,0.8022676001822431,Virus,OrganismalFitness,masked-protein-language-model,sequence,known-development-benchmark,available,,histgb,3,0.18144197766174006,0.18144197766174006,0.1604522320971617,-0.1013984562807643,False,,False,0.23125524967090746,0.23125524967090746,True,0.10768928416613471
variantshift-development-v1,proteingym-v1.3,proteingym-substitutions-v1.3,R1AB_SARS2_Flynn_2022,R1AB_SARS2_Flynn_2022,R1AB_SARS2,R1AB_SARS2,cssf_9fc1ecf8307b,esm2_8m,-0.0961340205651294,306,0.9901960784313726,303,182169,348.0,1.0,0.0,0.2812,0.9788732394366196,0.782529385121824,1.7832560192845677,0.0,0.1972105974481025,0.8027894025518975,Virus,OrganismalFitness,masked-protein-language-model,sequence,known-development-benchmark,available,,histgb,3,0.05383545477268344,0.05383545477268344,0.228982187890266,-0.34980755188096196,False,,False,0.14996947533781285,0.14996947533781285,True,0.19031278140114807
variantshift-development-v1,proteingym-v1.3,proteingym-substitutions-v1.3,R1AB_SARS2_Flynn_2022,R1AB_SARS2_Flynn_2022,R1AB_SARS2,R1AB_SARS2,cssf_9fc1ecf8307b,vespag,0.608990718555994,306,0.9901960784313726,303,182169,348.0,1.0,0.0,0.2812,0.9788732394366196,0.0713291611304727,2.6818667325846155,0.0,0.3322780176231538,0.6677219823768462,Virus,OrganismalFitness,distilled-evolutionary-variant-effect-model,sequence,known-development-benchmark,available,,histgb,3,0.7146911296019755,0.7146911296019755,0.21926203068391137,0.32818252766368416,True,-0.8247594503715252,True,0.10570041104598149,0.10570041104598149,True,0.39887520246875796
variantshift-development-v1,proteingym-v1.3,proteingym-substitutions-v1.3,RAD_ANTMA_Tsuboyama_2023_2CJJ,RAD_ANTMA_Tsuboyama_2023_2CJJ,RAD_ANTMA,RAD_ANTMA,cssf_0eef6f01f081,carp_640m,0.5641255063954158,54,1.0,54,423275,42001.7,0.833,0.0,0.6727,1.0,3.1238414153996725,1.8149143747133252,0.0,0.3702195269452222,0.6297804730547778,Eukaryote,Stability,convolutional-protein-language-model,sequence,known-development-benchmark,available,,histgb,3,0.41905876109727164,0.41905876109727164,0.0905172298306072,0.25949767409999563,False,,False,-0.14506674529814417,-0.14506674529814417,True,0.5536658191452108
variantshift-development-v1,proteingym-v1.3,proteingym-substitutions-v1.3,RAD_ANTMA_Tsuboyama_2023_2CJJ,RAD_ANTMA_Tsuboyama_2023_2CJJ,RAD_ANTMA,RAD_ANTMA,cssf_0eef6f01f081,esm2_150m,0.7978348316476033,54,1.0,54,423275,42001.7,0.833,0.0,0.6727,1.0,3.578817125982426,0.900878560452839,0.0,0.1269646124242451,0.8730353875757548,Eukaryote,Stability,masked-protein-language-model,sequence,known-development-benchmark,available,,histgb,3,0.44418443988840584,0.44418443988840584,0.2180409149847529,0.05982838447271355,False,,False,-0.35365039175919744,-0.35365039175919744,True,0.45978790305793665
variantshift-development-v1,proteingym-v1.3,proteingym-substitutions-v1.3,RAD_ANTMA_Tsuboyama_2023_2CJJ,RAD_ANTMA_Tsuboyama_2023_2CJJ,RAD_ANTMA,RAD_ANTMA,cssf_0eef6f01f081,esm2_35m,0.7795488031572393,54,1.0,54,423275,42001.7,0.833,0.0,0.6727,1.0,3.692792612545339,0.7232688968295675,0.0,0.162405364644224,0.8375946353557759,Eukaryote,Stability,masked-protein-language-model,sequence,known-development-benchmark,available,,histgb,3,0.35563592018386675,0.35563592018386675,0.20190226195752548,-0.00027139652743413123,False,,False,-0.42391288297337254,-0.42391288297337254,True,0.4122767841095331
variantshift-development-v1,proteingym-v1.3,proteingym-substitutions-v1.3,RAD_ANTMA_Tsuboyama_2023_2CJJ,RAD_ANTMA_Tsuboyama_2023_2CJJ,RAD_ANTMA,RAD_ANTMA,cssf_0eef6f01f081,esm2_650m,0.6517714293864934,54,1.0,54,423275,42001.7,0.833,0.0,0.6727,1.0,3.696478682627872,1.0128141768372083,0.0,0.1495385055998763,0.8504614944001236,Eukaryote,Stability,masked-protein-language-model,sequence,known-development-benchmark,available,,histgb,3,0.4231922450082612,0.4231922450082612,0.16999972351715914,0.12352177647540491,False,,False,-0.22857918437823216,-0.22857918437823216,True,0.48414284439703603
variantshift-development-v1,proteingym-v1.3,proteingym-substitutions-v1.3,RAD_ANTMA_Tsuboyama_2023_2CJJ,RAD_ANTMA_Tsuboyama_2023_2CJJ,RAD_ANTMA,RAD_ANTMA,cssf_0eef6f01f081,esm2_8m,0.5719924355277929,54,1.0,54,423275,42001.7,0.833,0.0,0.6727,1.0,1.538994283913188,1.5605805254638836,0.0,0.2375856136482441,0.7624143863517558,Eukaryote,Stability,masked-protein-language-model,sequence,known-development-benchmark,available,,histgb,3,0.32137496798946497,0.32137496798946497,0.1511149706513044,0.054993981476658405,False,,False,-0.2506174675383279,-0.2506174675383279,True,0.3613393854130023
variantshift-development-v1,proteingym-v1.3,proteingym-substitutions-v1.3,RAD_ANTMA_Tsuboyama_2023_2CJJ,RAD_ANTMA_Tsuboyama_2023_2CJJ,RAD_ANTMA,RAD_ANTMA,cssf_0eef6f01f081,vespag,0.430319125890919,54,1.0,54,423275,42001.7,0.833,0.0,0.6727,1.0,0.0741827638656932,2.5726213637053417,0.0,0.2067042058854591,0.7932957941145409,Eukaryote,Stability,distilled-evolutionary-variant-effect-model,sequence,known-development-benchmark,available,,histgb,3,0.5419047605262178,0.5419047605262178,0.09971995880342455,0.366121375950989,True,0.28311287903346116,True,0.11158563463529886,0.11158563463529886,True,0.6110163181730065
variantshift-development-v1,proteingym-v1.3,proteingym-substitutions-v1.3,RASH_HUMAN_Bandaru_2017,RASH_HUMAN_Bandaru_2017,RASH_HUMAN,RASH_HUMAN,cssf_550503ae0437,carp_640m,0.5487112166856141,189,0.873015873015873,165,204751,23770.5,0.862,0.0,0.4403,1.0,3.314911335264215,1.8487303552793015,0.0,0.1925605051605898,0.8074394948394101,Human,Activity,convolutional-protein-language-model,sequence,known-development-benchmark,available,,histgb,4,0.5797907702474928,0.5797907702474928,0.16257134273326226,-0.09248987065064462,False,,False,0.031079553561878748,0.031079553561878748,True,0.6056564751126147
variantshift-development-v1,proteingym-v1.3,proteingym-substitutions-v1.3,RASH_HUMAN_Bandaru_2017,RASH_HUMAN_Bandaru_2017,RASH_HUMAN,RASH_HUMAN,cssf_550503ae0437,esm2_150m,0.647874026414687,189,0.873015873015873,165,204751,23770.5,0.862,0.0,0.4403,1.0,3.7436356121212504,1.6152401883380123,0.0,0.0988461316692372,0.9011538683307628,Human,Activity,masked-protein-language-model,sequence,known-development-benchmark,available,,histgb,4,0.5780469316090626,0.5780469316090626,0.1530258245225821,-0.054760164982376236,False,,False,-0.06982709480562443,-0.06982709480562443,True,0.6150020292792688
variantshift-development-v1,proteingym-v1.3,proteingym-substitutions-v1.3,RASH_HUMAN_Bandaru_2017,RASH_HUMAN_Bandaru_2017,RASH_HUMAN,RASH_HUMAN,cssf_550503ae0437,esm2_35m,0.6787946697481643,189,0.873015873015873,165,204751,23770.5,0.862,0.0,0.4403,1.0,3.113528056313533,1.3018001869434177,0.0,0.0851323001308514,0.9148676998691484,Human,Activity,masked-protein-language-model,sequence,known-development-benchmark,available,,histgb,4,0.5652289374810631,0.5652289374810631,0.14086689973795072,-0.017297404769458513,False,,False,-0.1135657322671012,-0.1135657322671012,True,0.49428500921755736
variantshift-development-v1,proteingym-v1.3,proteingym-substitutions-v1.3,RASH_HUMAN_Bandaru_2017,RASH_HUMAN_Bandaru_2017,RASH_HUMAN,RASH_HUMAN,cssf_550503ae0437,esm2_650m,0.5946574085536022,189,0.873015873015873,165,204751,23770.5,0.862,0.0,0.4403,1.0,4.072965609513851,1.7325402166976644,0.0,0.0851323001308514,0.9148676998691484,Human,Activity,masked-protein-language-model,sequence,known-development-benchmark,available,,histgb,4,0.63247117632398,0.63247117632398,0.18300185233998234,-0.12429567143791564,True,0.8169584886934877,False,0.037813767770377815,0.037813767770377815,True,0.6816986419300609
variantshift-development-v1,proteingym-v1.3,proteingym-substitutions-v1.3,RASH_HUMAN_Bandaru_2017,RASH_HUMAN_Bandaru_2017,RASH_HUMAN,RASH_HUMAN,cssf_550503ae0437,esm2_8m,0.550102574435789,189,0.873015873015873,165,204751,23770.5,0.862,0.0,0.4403,1.0,2.7947857527472664,1.2549365271706727,0.0,0.1539323642093243,0.8460676357906757,Human,Activity,masked-protein-language-model,sequence,known-development-benchmark,available,,histgb,4,0.49706855144169415,0.49706855144169415,0.08339902015300876,0.15218890798119927,False,,False,-0.053034022994094876,-0.053034022994094876,True,0.4061350047096838
variantshift-development-v1,proteingym-v1.3,proteingym-substitutions-v1.3,RASH_HUMAN_Bandaru_2017,RASH_HUMAN_Bandaru_2017,RASH_HUMAN,RASH_HUMAN,cssf_550503ae0437,vespag,0.5607165474983316,189,0.873015873015873,165,204751,23770.5,0.862,0.0,0.4403,1.0,0.1102307790561488,2.654723649402583,0.0,0.081367663922662,0.918632336077338,Human,Activity,distilled-evolutionary-variant-effect-model,sequence,known-development-benchmark,available,,histgb,4,0.5553621862529566,0.5553621862529566,0.17747854167723984,-0.1785641364213134,False,,False,-0.005354361245374917,-0.005354361245374917,True,0.6383055449178405
variantshift-development-v1,proteingym-v1.3,proteingym-substitutions-v1.3,RASK_HUMAN_Weng_2022_abundance,RASK_HUMAN_Weng_2022_abundance,RASK_HUMAN,RASK_HUMAN,cssf_550503ae0437,carp_640m,0.0365348126964893,188,0.9787234042553192,184,260539,27517.5,0.888,0.0,0.4313,1.0,2.374240430090147,1.8654671609629303,0.0,0.2512458000507792,0.7487541999492208,Human,Expression,convolutional-protein-language-model,sequence,known-development-benchmark,available,,histgb,4,0.39972754779437675,0.39972754779437675,0.19554034476170565,-0.4088896788808741,False,,False,0.36319273509788746,0.36319273509788746,True,0.4848954837620071
variantshift-development-v1,proteingym-v1.3,proteingym-substitutions-v1.3,RASK_HUMAN_Weng_2022_abundance,RASK_HUMAN_Weng_2022_abundance,RASK_HUMAN,RASK_HUMAN,cssf_550503ae0437,esm2_150m,0.4020328221122814,188,0.9787234042553192,184,260539,27517.5,0.888,0.0,0.4313,1.0,5.152765553125157,1.7941957474982542,0.0,0.0932779674366797,0.9067220325633204,Human,Expression,masked-protein-language-model,sequence,known-development-benchmark,available,,histgb,4,0.7345195869721789,0.7345195869721789,0.2424769420001882,-0.2681943675921791,False,,False,0.3324867648598975,0.3324867648598975,True,0.780144879134482
variantshift-development-v1,proteingym-v1.3,proteingym-substitutions-v1.3,RASK_HUMAN_Weng_2022_abundance,RASK_HUMAN_Weng_2022_abundance,RASK_HUMAN,RASK_HUMAN,cssf_550503ae0437,esm2_35m,0.4614584383591403,188,0.9787234042553192,184,260539,27517.5,0.888,0.0,0.4313,1.0,4.175072606083118,1.5890352765400089,0.0,0.0963487302632384,0.9036512697367616,Human,Expression,masked-protein-language-model,sequence,known-development-benchmark,available,,histgb,4,0.7050490813309784,0.7050490813309784,0.22565397312191188,-0.22809691550387112,False,,False,0.24359064297183813,0.24359064297183813,True,0.6443976820092843
variantshift-development-v1,proteingym-v1.3,proteingym-substitutions-v1.3,RASK_HUMAN_Weng_2022_abundance,RASK_HUMAN_Weng_2022_abundance,RASK_HUMAN,RASK_HUMAN,cssf_550503ae0437,esm2_650m,0.2926283627337649,188,0.9787234042553192,184,260539,27517.5,0.888,0.0,0.4313,1.0,6.053903012673583,1.9162853595799352,0.0,0.0963487302632384,0.9036512697367616,Human,Expression,masked-protein-language-model,sequence,known-development-benchmark,available,,histgb,4,0.7034723704225496,0.7034723704225496,0.24537773753285735,-0.31123723261853264,False,,False,0.4108440076887847,0.4108440076887847,True,0.8845492903823693
variantshift-development-v1,proteingym-v1.3,proteingym-substitutions-v1.3,RASK_HUMAN_Weng_2022_abundance,RASK_HUMAN_Weng_2022_abundance,RASK_HUMAN,RASK_HUMAN,cssf_550503ae0437,esm2_8m,0.5423895932580579,188,0.9787234042553192,184,260539,27517.5,0.888,0.0,0.4313,1.0,3.5683322436034635,1.4816054071701543,0.0,0.1550216459766897,0.8449783540233102,Human,Expression,masked-protein-language-model,sequence,known-development-benchmark,available,,histgb,4,0.6760097619727383,0.6760097619727383,0.20469669425023115,-0.17047168110707944,False,,False,0.1336201687146804,0.1336201687146804,True,0.5241708970098387
variantshift-development-v1,proteingym-v1.3,proteingym-substitutions-v1.3,RASK_HUMAN_Weng_2022_abundance,RASK_HUMAN_Weng_2022_abundance,RASK_HUMAN,RASK_HUMAN,cssf_550503ae0437,vespag,0.324246012695245,188,0.9787234042553192,184,260539,27517.5,0.888,0.0,0.4313,1.0,0.0569250575427599,2.816877563681912,0.0,0.0867797870142614,0.9132202129857384,Human,Expression,distilled-evolutionary-variant-effect-model,sequence,known-development-benchmark,available,,histgb,4,0.715130367424743,0.715130367424743,0.18475112796121992,-0.048870253005701025,True,1.0507283545441084,False,0.390884354729498,0.390884354729498,True,0.6670767889541799
variantshift-development-v1,proteingym-v1.3,proteingym-substitutions-v1.3,RASK_HUMAN_Weng_2022_binding-DARPin_K55,RASK_HUMAN_Weng_2022_binding-DARPin_K55,RASK_HUMAN,RASK_HUMAN,cssf_550503ae0437,carp_640m,0.5905770593847456,188,0.9840425531914894,185,260539,27517.5,0.888,0.0,0.4313,1.0,2.3915636161730625,1.8660451337055393,0.0,0.251664283118107,0.7483357168818929,Human,Binding,convolutional-protein-language-model,sequence,known-development-benchmark,available,,histgb,4,0.49944561813794397,0.49944561813794397,0.27391560216421623,-0.6332765054475041,False,,False,-0.09113144124680161,-0.09113144124680161,True,0.48604972139376146
variantshift-development-v1,proteingym-v1.3,proteingym-substitutions-v1.3,RASK_HUMAN_Weng_2022_binding-DARPin_K55,RASK_HUMAN_Weng_2022_binding-DARPin_K55,RASK_HUMAN,RASK_HUMAN,cssf_550503ae0437,esm2_150m,0.6330193368087654,188,0.9840425531914894,185,260539,27517.5,0.888,0.0,0.4313,1.0,5.14722898187616,1.778581558898387,0.0,0.0923107838285171,0.9076892161714828,Human,Binding,masked-protein-language-model,sequence,known-development-benchmark,available,,histgb,4,0.7269621939191737,0.7269621939191737,0.32439710330434146,-0.6145158848635353,False,,False,0.09394285711040828,0.09394285711040828,True,0.7763744801548402
variantshift-development-v1,proteingym-v1.3,proteingym-substitutions-v1.3,RASK_HUMAN_Weng_2022_binding-DARPin_K55,RASK_HUMAN_Weng_2022_binding-DARPin_K55,RASK_HUMAN,RASK_HUMAN,cssf_550503ae0437,esm2_35m,0.6200746407949957,188,0.9840425531914894,185,260539,27517.5,0.888,0.0,0.4313,1.0,4.16734273260213,1.5837203801511133,0.0,0.0963071877308199,0.90369281226918,Human,Binding,masked-protein-language-model,sequence,known-development-benchmark,available,,histgb,4,0.6795366510982733,0.6795366510982733,0.2957357180563315,-0.5434181128147589,False,,False,0.05946201030327758,0.05946201030327758,True,0.6423051028383228
variantshift-development-v1,proteingym-v1.3,proteingym-substitutions-v1.3,RASK_HUMAN_Weng_2022_binding-DARPin_K55,RASK_HUMAN_Weng_2022_binding-DARPin_K55,RASK_HUMAN,RASK_HUMAN,cssf_550503ae0437,esm2_650m,0.6461771563792379,188,0.9840425531914894,185,260539,27517.5,0.888,0.0,0.4313,1.0,6.057365546531708,1.8862521779184496,0.0,0.0963071877308199,0.90369281226918,Human,Binding,masked-protein-language-model,sequence,known-development-benchmark,available,,histgb,4,0.6983665198015911,0.6983665198015911,0.31589411461581574,-0.6079491829499939,False,,False,0.05218936342235325,0.05218936342235325,True,0.8773345201969984
variantshift-development-v1,proteingym-v1.3,proteingym-substitutions-v1.3,RASK_HUMAN_Weng_2022_binding-DARPin_K55,RASK_HUMAN_Weng_2022_binding-DARPin_K55,RASK_HUMAN,RASK_HUMAN,cssf_550503ae0437,esm2_8m,0.5690178957301505,188,0.9840425531914894,185,260539,27517.5,0.888,0.0,0.4313,1.0,3.560403090647523,1.465731290167383,0.0,0.1538306593424638,0.8461693406575361,Human,Binding,masked-protein-language-model,sequence,known-development-benchmark,available,,histgb,4,0.6611289599249762,0.6611289599249762,0.28040915651441906,-0.49844593369278856,False,,False,0.09211106419482573,0.09211106419482573,True,0.5202943437077893
variantshift-development-v1,proteingym-v1.3,proteingym-substitutions-v1.3,RASK_HUMAN_Weng_2022_binding-DARPin_K55,RASK_HUMAN_Weng_2022_binding-DARPin_K55,RASK_HUMAN,RASK_HUMAN,cssf_550503ae0437,vespag,0.6656482112106865,188,0.9840425531914894,185,260539,27517.5,0.888,0.0,0.4313,1.0,0.0586160734865076,2.8328443373552843,0.0,0.0872803419855491,0.9127196580144508,Human,Binding,distilled-evolutionary-variant-effect-model,sequence,known-development-benchmark,available,,histgb,4,0.6919279889048737,0.6919279889048737,0.24109096945443417,-0.3050545587850543,True,1.0057348176282705,False,0.026279777694187212,0.026279777694187212,True,0.670624213407766
variantshift-development-v1,proteingym-v1.3,proteingym-substitutions-v1.3,RBP1_HUMAN_Tsuboyama_2023_2KWH,RBP1_HUMAN_Tsuboyama_2023_2KWH,RBP1_HUMAN,RBP1_HUMAN,cssf_bc19e1d23319,carp_640m,0.7819444631162112,52,1.0,52,135922,50777.7,0.827,0.0,0.6414,0.9791666666666666,1.3307656505228986,2.0233160833180928,0.0,0.094136916770261,0.905863083229739,Human,Stability,convolutional-protein-language-model,sequence,known-development-benchmark,available,,histgb,4,0.6322401076309679,0.6322401076309679,0.14998666989286785,0.012000815351788097,False,,False,-0.1497043554852433,-0.1497043554852433,True,0.5983719574196016
variantshift-development-v1,proteingym-v1.3,proteingym-substitutions-v1.3,RBP1_HUMAN_Tsuboyama_2023_2KWH,RBP1_HUMAN_Tsuboyama_2023_2KWH,RBP1_HUMAN,RBP1_HUMAN,cssf_bc19e1d23319,esm2_150m,0.7745649411931159,52,1.0,52,135922,50777.7,0.827,0.0,0.6414,0.9791666666666666,2.6207052198006227,1.3548618456765609,0.0,0.0614684810155166,0.9385315189844834,Human,Stability,masked-protein-language-model,sequence,known-development-benchmark,available,,histgb,4,0.7029215095371809,0.7029215095371809,0.0875981266755406,0.34067731721644173,True,0.7817230309091752,True,-0.07164343165593501,-0.07164343165593501,True,0.5301072540929089
variantshift-development-v1,proteingym-v1.3,proteingym-substitutions-v1.3,RBP1_HUMAN_Tsuboyama_2023_2KWH,RBP1_HUMAN_Tsuboyama_2023_2KWH,RBP1_HUMAN,RBP1_HUMAN,cssf_bc19e1d23319,esm2_35m,0.7196734604852253,52,1.0,52,135922,50777.7,0.827,0.0,0.6414,0.9791666666666666,2.0035264518743694,1.5141891591572831,0.0,0.0627123778934459,0.937287622106554,Human,Stability,masked-protein-language-model,sequence,known-development-benchmark,available,,histgb,4,0.5173033941145436,0.5173033941145436,0.0917390623750234,0.13793520651172148,False,,False,-0.20237006637068167,-0.20237006637068167,True,0.5158885427539567
variantshift-development-v1,proteingym-v1.3,proteingym-substitutions-v1.3,RBP1_HUMAN_Tsuboyama_2023_2KWH,RBP1_HUMAN_Tsuboyama_2023_2KWH,RBP1_HUMAN,RBP1_HUMAN,cssf_bc19e1d23319,esm2_650m,0.8199283678575564,52,1.0,52,135922,50777.7,0.827,0.0,0.6414,0.9791666666666666,2.6621998733458656,1.343967074297156,0.0,0.0744236889729874,0.9255763110270124,Human,Stability,masked-protein-language-model,sequence,known-development-benchmark,available,,histgb,4,0.6804017088072297,0.6804017088072297,0.07601142548118382,0.3660719568415658,False,,False,-0.13952665905032668,-0.13952665905032668,True,0.5216305596376112
variantshift-development-v1,proteingym-v1.3,proteingym-substitutions-v1.3,RBP1_HUMAN_Tsuboyama_2023_2KWH,RBP1_HUMAN_Tsuboyama_2023_2KWH,RBP1_HUMAN,RBP1_HUMAN,cssf_bc19e1d23319,esm2_8m,0.7381312699620779,52,1.0,52,135922,50777.7,0.827,0.0,0.6414,0.9791666666666666,1.8873446468500827,1.582856029602142,0.0,0.0614684810155166,0.9385315189844834,Human,Stability,masked-protein-language-model,sequence,known-development-benchmark,available,,histgb,4,0.5626791618551934,0.5626791618551934,0.0993379780824797,0.1518872077013282,False,,False,-0.1754521081068845,-0.1754521081068845,True,0.5237790841117479
variantshift-development-v1,proteingym-v1.3,proteingym-substitutions-v1.3,RBP1_HUMAN_Tsuboyama_2023_2KWH,RBP1_HUMAN_Tsuboyama_2023_2KWH,RBP1_HUMAN,RBP1_HUMAN,cssf_bc19e1d23319,vespag,0.4272596081956729,52,1.0,52,135922,50777.7,0.827,0.0,0.6414,0.9791666666666666,0.0585982726095731,2.773338036540954,0.0,0.1322343525755949,0.8677656474244051,Human,Stability,distilled-evolutionary-variant-effect-model,sequence,known-development-benchmark,available,,histgb,4,0.5687002978424857,0.5687002978424857,0.12857311843196456,0.03701238158079556,False,,False,0.14144068964681278,0.14144068964681278,True,0.6740850144625942
variantshift-development-v1,proteingym-v1.3,proteingym-substitutions-v1.3,RCD1_ARATH_Tsuboyama_2023_5OAO,RCD1_ARATH_Tsuboyama_2023_5OAO,RCD1_ARATH,RCD1_ARATH,cssf_329d15de34fe,carp_640m,0.6873178952829969,57,1.0,57,6525,1608.9,0.93,0.0,0.4687,1.0,2.7885334462390996,1.6839961906923944,0.0,0.2022511161457687,0.7977488838542313,Eukaryote,Stability,convolutional-protein-language-model,sequence,known-development-benchmark,available,,histgb,3,0.6868910079040232,0.6868910079040232,0.23545847582685395,0.27183179303451505,False,,False,-0.0004268873789736727,-0.0004268873789736727,True,0.4892822243022029
variantshift-development-v1,proteingym-v1.3,proteingym-substitutions-v1.3,RCD1_ARATH_Tsuboyama_2023_5OAO,RCD1_ARATH_Tsuboyama_2023_5OAO,RCD1_ARATH,RCD1_ARATH,cssf_329d15de34fe,esm2_150m,0.6725593319831437,57,1.0,57,6525,1608.9,0.93,0.0,0.4687,1.0,3.575466726505495,1.3668658763999022,0.0,0.1219569471542285,0.8780430528457714,Eukaryote,Stability,masked-protein-language-model,sequence,known-development-benchmark,available,,histgb,3,0.5618193265546731,0.5618193265546731,0.2390278861826746,0.1404680610183482,False,,False,-0.11074000542847051,-0.11074000542847051,True,0.47590207799744816
variantshift-development-v1,proteingym-v1.3,proteingym-substitutions-v1.3,RCD1_ARATH_Tsuboyama_2023_5OAO,RCD1_ARATH_Tsuboyama_2023_5OAO,RCD1_ARATH,RCD1_ARATH,cssf_329d15de34fe,esm2_35m,0.5753866686150269,57,1.0,57,6525,1608.9,0.93,0.0,0.4687,1.0,2.5144941459098984,0.7556673924352185,0.0,0.1551428135748556,0.8448571864251444,Eukaryote,Stability,masked-protein-language-model,sequence,known-development-benchmark,available,,histgb,3,0.3791510557189101,0.3791510557189101,0.21962287614901546,-0.007993633898575436,False,,False,-0.19623561289611674,-0.19623561289611674,True,0.22339329179937753
variantshift-development-v1,proteingym-v1.3,proteingym-substitutions-v1.3,RCD1_ARATH_Tsuboyama_2023_5OAO,RCD1_ARATH_Tsuboyama_2023_5OAO,RCD1_ARATH,RCD1_ARATH,cssf_329d15de34fe,esm2_650m,0.701278761314281,57,1.0,57,6525,1608.9,0.93,0.0,0.4687,1.0,3.9216570997504494,1.4745679547817856,0.0,0.1291101756358998,0.8708898243641001,Eukaryote,Stability,masked-protein-language-model,sequence,known-development-benchmark,available,,histgb,3,0.6316493238655488,0.6316493238655488,0.22563268636049888,0.23391071912509548,False,,False,-0.06962943744873218,-0.06962943744873218,True,0.5284623951140108
variantshift-development-v1,proteingym-v1.3,proteingym-substitutions-v1.3,RCD1_ARATH_Tsuboyama_2023_5OAO,RCD1_ARATH_Tsuboyama_2023_5OAO,RCD1_ARATH,RCD1_ARATH,cssf_329d15de34fe,esm2_8m,0.4850107132164214,57,1.0,57,6525,1608.9,0.93,0.0,0.4687,1.0,2.409611811528215,0.75781793918241,0.0,0.1676765555856183,0.8323234444143817,Eukaryote,Stability,masked-protein-language-model,sequence,known-development-benchmark,available,,histgb,3,0.30819129275963736,0.30819129275963736,0.22571047545715806,-0.0896844362923167,False,,False,-0.17681942045678406,-0.17681942045678406,True,0.20768037650546095
variantshift-development-v1,proteingym-v1.3,proteingym-substitutions-v1.3,RCD1_ARATH_Tsuboyama_2023_5OAO,RCD1_ARATH_Tsuboyama_2023_5OAO,RCD1_ARATH,RCD1_ARATH,cssf_329d15de34fe,vespag,0.4753311283955234,57,1.0,57,6525,1608.9,0.93,0.0,0.4687,1.0,0.0653368553130896,2.8693199607009,0.0,0.1393033793747764,0.8606966206252236,Eukaryote,Stability,distilled-evolutionary-variant-effect-model,sequence,known-development-benchmark,available,,histgb,3,0.7361101619069931,0.7361101619069931,0.14223834868229177,0.48537662122179437,True,-0.7933353840552679,True,0.2607790335114697,0.2607790335114697,False,0.620868357349014
variantshift-development-v1,proteingym-v1.3,proteingym-substitutions-v1.3,RCRO_LAMBD_Tsuboyama_2023_1ORC,RCRO_LAMBD_Tsuboyama_2023_1ORC,RCRO_LAMBD,RCRO_LAMBD,cssf_c6c5a726cc75,carp_640m,0.4264576646687305,63,1.0,63,392895,50635.1,0.762,0.0,0.4937,1.0,2.2628221065866914,1.665268070924802,0.0,0.1669544405673599,0.83304555943264,Virus,Stability,convolutional-protein-language-model,sequence,known-development-benchmark,available,,histgb,1,0.6316122205182063,0.6042360889303648,0.21561329045555971,0.10968318530192084,False,,False,0.20515455584947584,0.17777842426163437,True,0.5487089056427973
variantshift-development-v1,proteingym-v1.3,proteingym-substitutions-v1.3,RCRO_LAMBD_Tsuboyama_2023_1ORC,RCRO_LAMBD_Tsuboyama_2023_1ORC,RCRO_LAMBD,RCRO_LAMBD,cssf_c6c5a726cc75,esm2_150m,0.427941174700231,63,1.0,63,392895,50635.1,0.762,0.0,0.4937,1.0,2.5605469050401,1.3963669665892873,0.0,0.1463862461292522,0.8536137538707478,Virus,Stability,masked-protein-language-model,sequence,known-development-benchmark,available,,histgb,1,0.47757690964596794,0.46663337427219714,0.16714108033718614,0.0832613362048703,False,,False,0.04963573494573692,0.038692199571966124,True,0.4739620471356118
variantshift-development-v1,proteingym-v1.3,proteingym-substitutions-v1.3,RCRO_LAMBD_Tsuboyama_2023_1ORC,RCRO_LAMBD_Tsuboyama_2023_1ORC,RCRO_LAMBD,RCRO_LAMBD,cssf_c6c5a726cc75,esm2_35m,0.2418756903390796,63,1.0,63,392895,50635.1,0.762,0.0,0.4937,1.0,1.9181507491191223,1.6336171700750368,0.0,0.1461078618950164,0.8538921381049835,Virus,Stability,masked-protein-language-model,sequence,known-development-benchmark,available,,histgb,1,0.5303922820105139,0.47632698235282345,0.21871357520467968,-0.02533705446000223,False,,False,0.2885165916714343,0.23445129201374384,True,0.4823981459372643
variantshift-development-v1,proteingym-v1.3,proteingym-substitutions-v1.3,RCRO_LAMBD_Tsuboyama_2023_1ORC,RCRO_LAMBD_Tsuboyama_2023_1ORC,RCRO_LAMBD,RCRO_LAMBD,cssf_c6c5a726cc75,esm2_650m,0.4375796005315298,63,1.0,63,392895,50635.1,0.762,0.0,0.4937,1.0,4.71145744137633,1.6292962637119444,0.0,0.165627168235682,0.834372831764318,Virus,Stability,masked-protein-language-model,sequence,known-development-benchmark,available,,histgb,1,0.7293937351879725,0.6732756363125592,0.20419506870606396,0.20491274494428457,False,,False,0.2918141346564427,0.23569603578102938,True,0.660138137950881
variantshift-development-v1,proteingym-v1.3,proteingym-substitutions-v1.3,RCRO_LAMBD_Tsuboyama_2023_1ORC,RCRO_LAMBD_Tsuboyama_2023_1ORC,RCRO_LAMBD,RCRO_LAMBD,cssf_c6c5a726cc75,esm2_8m,-0.019837540001084,63,1.0,63,392895,50635.1,0.762,0.0,0.4937,1.0,1.4184587696783688,1.6184094902554342,0.0,0.1669544405673599,0.83304555943264,Virus,Stability,masked-protein-language-model,sequence,known-development-benchmark,available,,histgb,1,0.4892778184529602,0.40779595661995105,0.23903339071204718,-0.14047570692650657,False,,False,0.5091153584540442,0.42763349662103506,True,0.4283484518356378
variantshift-development-v1,proteingym-v1.3,proteingym-substitutions-v1.3,RCRO_LAMBD_Tsuboyama_2023_1ORC,RCRO_LAMBD_Tsuboyama_2023_1ORC,RCRO_LAMBD,RCRO_LAMBD,cssf_c6c5a726cc75,vespag,0.6346781431518891,63,1.0,63,392895,50635.1,0.762,0.0,0.4937,1.0,0.0785658506592607,2.961809904807812,0.0,0.235913606214658,0.7640863937853419,Virus,Stability,distilled-evolutionary-variant-effect-model,sequence,known-development-benchmark,available,,histgb,1,0.6853807261552027,0.666182409134895,0.20000160177251153,0.2074380864730132,True,0.7174921996329466,True,0.05070258300331365,0.03150426598300593,True,0.66007717299793
variantshift-development-v1,proteingym-v1.3,proteingym-substitutions-v1.3,RD23A_HUMAN_Tsuboyama_2023_1IFY,RD23A_HUMAN_Tsuboyama_2023_1IFY,RD23A_HUMAN,RD23A_HUMAN,cssf_3998cbaed1a7,carp_640m,0.8337103860523228,44,1.0,44,100991,8023.8,0.864,0.0,0.7106,1.0,2.7143289448344112,1.9886034386984033,0.0,0.159595022265602,0.8404049777343979,Human,Stability,convolutional-protein-language-model,sequence,known-development-benchmark,available,,histgb,1,0.752688124729938,0.6950430170891635,0.1472405183327917,0.3573169626359112,False,,False,-0.08102226132238488,-0.13866736896315934,True,0.6162153520282971
variantshift-development-v1,proteingym-v1.3,proteingym-substitutions-v1.3,RD23A_HUMAN_Tsuboyama_2023_1IFY,RD23A_HUMAN_Tsuboyama_2023_1IFY,RD23A_HUMAN,RD23A_HUMAN,cssf_3998cbaed1a7,esm2_150m,0.6965245658399485,44,1.0,44,100991,8023.8,0.864,0.0,0.7106,1.0,4.82453181389004,1.3400761680295492,0.0,0.1086347284656212,0.8913652715343787,Human,Stability,masked-protein-language-model,sequence,known-development-benchmark,available,,histgb,1,0.7327292906350377,0.6579976600139994,0.16504503509546403,0.2794333277158302,False,,False,0.03620472479508918,-0.03852690582594909,True,0.6060680867205593
variantshift-development-v1,proteingym-v1.3,proteingym-substitutions-v1.3,RD23A_HUMAN_Tsuboyama_2023_1IFY,RD23A_HUMAN_Tsuboyama_2023_1IFY,RD23A_HUMAN,RD23A_HUMAN,cssf_3998cbaed1a7,esm2_35m,0.8613293988694894,44,1.0,44,100991,8023.8,0.864,0.0,0.7106,1.0,2.9098807268918403,1.4151839691314425,0.0,0.1321615753928564,0.8678384246071436,Human,Stability,masked-protein-language-model,sequence,known-development-benchmark,available,,histgb,1,0.7013409602545047,0.6045384910358166,0.19388624469882224,0.15982098272813222,False,,False,-0.1599884386149848,-0.25679090783367287,True,0.4719283065615194
variantshift-development-v1,proteingym-v1.3,proteingym-substitutions-v1.3,RD23A_HUMAN_Tsuboyama_2023_1IFY,RD23A_HUMAN_Tsuboyama_2023_1IFY,RD23A_HUMAN,RD23A_HUMAN,cssf_3998cbaed1a7,esm2_650m,0.7141554142269568,44,1.0,44,100991,8023.8,0.864,0.0,0.7106,1.0,4.650304132928511,1.424097922158316,0.0,0.1321615753928564,0.8678384246071436,Human,Stability,masked-protein-language-model,sequence,known-development-benchmark,available,,histgb,1,0.7156883484810138,0.6629965962823401,0.18882581886210217,0.2298862031290999,False,,False,0.0015329342540569835,-0.05115881794461674,True,0.5945982136870817
variantshift-development-v1,proteingym-v1.3,proteingym-substitutions-v1.3,RD23A_HUMAN_Tsuboyama_2023_1IFY,RD23A_HUMAN_Tsuboyama_2023_1IFY,RD23A_HUMAN,RD23A_HUMAN,cssf_3998cbaed1a7,esm2_8m,0.427312841083321,44,1.0,44,100991,8023.8,0.864,0.0,0.7106,1.0,1.2857996081836505,1.5505482136271953,0.0,0.258642455769593,0.741357544230407,Human,Stability,masked-protein-language-model,sequence,known-development-benchmark,available,,histgb,1,0.25649217298807736,0.23320672252128893,0.24405118912871018,-0.3265742815279721,False,,False,-0.17082066809524366,-0.19410611856203208,True,0.292238305562751
variantshift-development-v1,proteingym-v1.3,proteingym-substitutions-v1.3,RD23A_HUMAN_Tsuboyama_2023_1IFY,RD23A_HUMAN_Tsuboyama_2023_1IFY,RD23A_HUMAN,RD23A_HUMAN,cssf_3998cbaed1a7,vespag,0.7482881353532644,44,1.0,44,100991,8023.8,0.864,0.0,0.7106,1.0,0.0642535003717601,2.8288279941273604,0.0,0.1331169186133747,0.8668830813866253,Human,Stability,distilled-evolutionary-variant-effect-model,sequence,known-development-benchmark,available,,histgb,1,0.7619683620931877,0.7236231360883838,0.18803930458177698,0.29231677329087086,True,-0.0838305462944951,True,0.013680226739923307,-0.024664999264880638,True,0.6671157912293618
variantshift-development-v1,proteingym-v1.3,proteingym-substitutions-v1.3,RDRP_I33A0_Li_2023,RDRP_I33A0_Li_2023,RDRP_I33A0,RDRP_I33A0,cssf_bcc2d8a187a4,carp_640m,0.159954400805381,757,0.9960369881109644,754,26589,1148.4,1.0,0.0,0.3951,1.0,5.743940522426545,1.1915580271702144,0.0,0.345266711626333,0.654733288373667,Virus,OrganismalFitness,convolutional-protein-language-model,sequence,known-development-benchmark,available,,histgb,2,0.513282173497411,0.513282173497411,0.11350042648126854,0.21665171262312344,False,,False,0.35332777269203,0.35332777269203,False,0.42116749777593593
variantshift-development-v1,proteingym-v1.3,proteingym-substitutions-v1.3,RDRP_I33A0_Li_2023,RDRP_I33A0_Li_2023,RDRP_I33A0,RDRP_I33A0,cssf_bcc2d8a187a4,esm2_150m,0.0804382663968141,757,0.9960369881109644,754,26589,1148.4,1.0,0.0,0.3951,1.0,1.8900540685391516,0.886039288137206,0.0,0.2685899051226335,0.7314100948773665,Virus,OrganismalFitness,masked-protein-language-model,sequence,known-development-benchmark,available,,histgb,2,-0.010493108247053816,-0.010493108247053816,0.09462612625951525,-0.2577960683618414,False,,False,-0.09093137464386791,-0.09093137464386791,True,0.09776830690994764
variantshift-development-v1,proteingym-v1.3,proteingym-substitutions-v1.3,RDRP_I33A0_Li_2023,RDRP_I33A0_Li_2023,RDRP_I33A0,RDRP_I33A0,cssf_bcc2d8a187a4,esm2_35m,-0.0108919326591173,757,0.9960369881109644,754,26589,1148.4,1.0,0.0,0.3951,1.0,0.9927788140496868,1.3689270811851195,0.0,0.3664797381880963,0.6335202618119037,Virus,OrganismalFitness,masked-protein-language-model,sequence,known-development-benchmark,available,,histgb,2,-0.023982448172705804,-0.023982448172705804,0.12528040865695458,-0.351399591090354,False,,False,-0.013090515513588504,-0.013090515513588504,True,0.05874738869272178
variantshift-development-v1,proteingym-v1.3,proteingym-substitutions-v1.3,RDRP_I33A0_Li_2023,RDRP_I33A0_Li_2023,RDRP_I33A0,RDRP_I33A0,cssf_bcc2d8a187a4,esm2_650m,0.4520078913925872,757,0.9960369881109644,754,26589,1148.4,1.0,0.0,0.3951,1.0,3.616864922515539,2.294382802659782,0.0,0.3530455126915678,0.6469544873084322,Virus,OrganismalFitness,masked-protein-language-model,sequence,known-development-benchmark,available,,histgb,2,0.30254653192516573,0.30254653192516573,0.11983787951433363,-0.010646700317011759,False,,False,-0.14946135946742145,-0.14946135946742145,True,0.43039183128866954
variantshift-development-v1,proteingym-v1.3,proteingym-substitutions-v1.3,RDRP_I33A0_Li_2023,RDRP_I33A0_Li_2023,RDRP_I33A0,RDRP_I33A0,cssf_bcc2d8a187a4,esm2_8m,-0.0053084486510193,757,0.9960369881109644,754,26589,1148.4,1.0,0.0,0.3951,1.0,0.8695347023898055,1.50622670622582,0.0,0.3929618719117923,0.6070381280882077,Virus,OrganismalFitness,masked-protein-language-model,sequence,known-development-benchmark,available,,histgb,2,-0.06747325069915466,-0.06747325069915466,0.11748828736909121,-0.3745258839804561,False,,False,-0.06216480204813536,-0.06216480204813536,True,0.057839273717296635
variantshift-development-v1,proteingym-v1.3,proteingym-substitutions-v1.3,RDRP_I33A0_Li_2023,RDRP_I33A0_Li_2023,RDRP_I33A0,RDRP_I33A0,cssf_bcc2d8a187a4,vespag,0.9816247626965292,757,0.9960369881109644,754,26589,1148.4,1.0,0.0,0.3951,1.0,0.0630258255159722,2.696329110307103,0.0,0.3321692029474364,0.6678307970525635,Virus,OrganismalFitness,distilled-evolutionary-variant-effect-model,sequence,known-development-benchmark,available,,histgb,2,0.49115189966562517,0.49115189966562517,0.06882336487732436,0.3112837962990781,True,-0.48944886312853486,True,-0.49047286303090404,-0.49047286303090404,True,0.3484500642973256
variantshift-development-v1,proteingym-v1.3,proteingym-substitutions-v1.3,REV_HV1H2_Fernandes_2016,REV_HV1H2_Fernandes_2016,REV_HV1H2,REV_HV1H2,cssf_4ddd0adc0328,carp_640m,0.2816499247572294,116,0.9741379310344828,113,15839,12158.7,0.948,0.0,0.4019,1.0,3.4150917021279947,1.7719858951171377,0.0,0.2755440109418982,0.7244559890581018,Virus,OrganismalFitness,convolutional-protein-language-model,sequence,known-development-benchmark,available,,histgb,4,0.5461223505393464,0.5461223505393464,0.2361758275381496,-0.4305346299132692,False,,False,0.26447242578211705,0.26447242578211705,True,0.5150552014347092
variantshift-development-v1,proteingym-v1.3,proteingym-substitutions-v1.3,REV_HV1H2_Fernandes_2016,REV_HV1H2_Fernandes_2016,REV_HV1H2,REV_HV1H2,cssf_4ddd0adc0328,esm2_150m,0.0443452360454874,116,0.9741379310344828,113,15839,12158.7,0.948,0.0,0.4019,1.0,1.9947150153630924,1.0502292253681549,0.0,0.2589160612519042,0.7410839387480957,Virus,OrganismalFitness,masked-protein-language-model,sequence,known-development-benchmark,available,,histgb,4,0.05002641445301239,0.05002641445301239,0.1405168206936774,-0.5310522472881883,False,,False,0.005681178407524988,0.005681178407524988,True,0.1917108272102393
variantshift-development-v1,proteingym-v1.3,proteingym-substitutions-v1.3,REV_HV1H2_Fernandes_2016,REV_HV1H2_Fernandes_2016,REV_HV1H2,REV_HV1H2,cssf_4ddd0adc0328,esm2_35m,-0.0413700775184513,116,0.9741379310344828,113,15839,12158.7,0.948,0.0,0.4019,1.0,1.2364986024852538,1.402126570525299,0.0,0.3176915080172371,0.6823084919827629,Virus,OrganismalFitness,masked-protein-language-model,sequence,known-development-benchmark,available,,histgb,4,0.011542330636459775,0.011542330636459775,0.18125474393043078,-0.7379997065189381,False,,False,0.05291240815491108,0.05291240815491108,True,0.17139751637139816
variantshift-development-v1,proteingym-v1.3,proteingym-substitutions-v1.3,REV_HV1H2_Fernandes_2016,REV_HV1H2_Fernandes_2016,REV_HV1H2,REV_HV1H2,cssf_4ddd0adc0328,esm2_650m,0.3526215361903211,116,0.9741379310344828,113,15839,12158.7,0.948,0.0,0.4019,1.0,2.6866821203306195,1.8969335217396697,0.0,0.2839353088629949,0.7160646911370051,Virus,OrganismalFitness,masked-protein-language-model,sequence,known-development-benchmark,available,,histgb,4,0.34854543106276753,0.34854543106276753,0.1836004637658957,-0.41069685219898905,False,,False,-0.004076105127553575,-0.004076105127553575,True,0.4405812168657855
variantshift-development-v1,proteingym-v1.3,proteingym-substitutions-v1.3,REV_HV1H2_Fernandes_2016,REV_HV1H2_Fernandes_2016,REV_HV1H2,REV_HV1H2,cssf_4ddd0adc0328,esm2_8m,-0.0533972451510543,116,0.9741379310344828,113,15839,12158.7,0.948,0.0,0.4019,1.0,1.0744623861854363,1.5312453964921349,0.0,0.3202614834736984,0.6797385165263016,Virus,OrganismalFitness,masked-protein-language-model,sequence,known-development-benchmark,available,,histgb,4,-0.036558142669669405,-0.036558142669669405,0.17516975183634076,-0.7609369357003821,False,,False,0.016839102481384892,0.016839102481384892,True,0.1874978102598142
variantshift-development-v1,proteingym-v1.3,proteingym-substitutions-v1.3,REV_HV1H2_Fernandes_2016,REV_HV1H2_Fernandes_2016,REV_HV1H2,REV_HV1H2,cssf_4ddd0adc0328,vespag,0.3858804050266899,116,0.9741379310344828,113,15839,12158.7,0.948,0.0,0.4019,1.0,0.062961540903247,2.6804114458482315,0.0,0.2116196514242614,0.7883803485757386,Virus,OrganismalFitness,distilled-evolutionary-variant-effect-model,sequence,known-development-benchmark,available,,histgb,4,0.6604841204123707,0.6604841204123707,0.13233644013506407,0.11323375455821649,True,0.30950700739483267,True,0.2746037153856808,0.2746037153856808,True,0.5263051046622231
variantshift-development-v1,proteingym-v1.3,proteingym-substitutions-v1.3,RFAH_ECOLI_Tsuboyama_2023_2LCL,RFAH_ECOLI_Tsuboyama_2023_2LCL,RFAH_ECOLI,RFAH_ECOLI,cssf_12ebdb52f01c,carp_640m,0.7102865113361577,55,1.0,55,86049,14225.9,0.927,0.0,0.6808,0.0,2.3700421216180523,1.3729458274348505,0.0,0.2014061138568363,0.7985938861431636,Prokaryote,Stability,convolutional-protein-language-model,sequence,known-development-benchmark,available,,histgb,1,0.40832563577955794,0.43677115037637854,0.218273157370803,-0.0638826986224526,False,,False,-0.3019608755565998,-0.2735153609597792,True,0.3971477957292919
variantshift-development-v1,proteingym-v1.3,proteingym-substitutions-v1.3,RFAH_ECOLI_Tsuboyama_2023_2LCL,RFAH_ECOLI_Tsuboyama_2023_2LCL,RFAH_ECOLI,RFAH_ECOLI,cssf_12ebdb52f01c,esm2_150m,0.3396524363667051,55,1.0,55,86049,14225.9,0.927,0.0,0.6808,0.0,2.113795943238414,1.495892142698143,0.0,0.1906730675137879,0.809326932486212,Prokaryote,Stability,masked-protein-language-model,sequence,known-development-benchmark,available,,histgb,1,0.3337192096884964,0.35874009930409345,0.19325221141150678,-0.0845231247960802,False,,False,-0.005933226678208725,0.01908766293738834,True,0.36358328673553275
variantshift-development-v1,proteingym-v1.3,proteingym-substitutions-v1.3,RFAH_ECOLI_Tsuboyama_2023_2LCL,RFAH_ECOLI_Tsuboyama_2023_2LCL,RFAH_ECOLI,RFAH_ECOLI,cssf_12ebdb52f01c,esm2_35m,0.6227828953765268,55,1.0,55,86049,14225.9,0.927,0.0,0.6808,0.0,2.0964850033612845,1.3331012511237206,0.0,0.1947377388278606,0.8052622611721394,Prokaryote,Stability,masked-protein-language-model,sequence,known-development-benchmark,available,,histgb,1,0.31896759422626386,0.31775846651463596,0.22039824468792005,-0.18776970215588001,False,,False,-0.3038153011502629,-0.3050244288618908,True,0.3230525840708759
variantshift-development-v1,proteingym-v1.3,proteingym-substitutions-v1.3,RFAH_ECOLI_Tsuboyama_2023_2LCL,RFAH_ECOLI_Tsuboyama_2023_2LCL,RFAH_ECOLI,RFAH_ECOLI,cssf_12ebdb52f01c,esm2_650m,0.6653868178229255,55,1.0,55,86049,14225.9,0.927,0.0,0.6808,0.0,3.7523534030972394,1.6735296846651115,0.0,0.2498441197669636,0.7501558802330364,Prokaryote,Stability,masked-protein-language-model,sequence,known-development-benchmark,available,,histgb,1,0.35231352277720757,0.3904654770044855,0.25398943782285854,-0.192110920307816,False,,False,-0.31307329504571796,-0.27492134081844005,True,0.4712541354101105
variantshift-development-v1,proteingym-v1.3,proteingym-substitutions-v1.3,RFAH_ECOLI_Tsuboyama_2023_2LCL,RFAH_ECOLI_Tsuboyama_2023_2LCL,RFAH_ECOLI,RFAH_ECOLI,cssf_12ebdb52f01c,esm2_8m,0.3167497891799493,55,1.0,55,86049,14225.9,0.927,0.0,0.6808,0.0,1.0376758782393063,1.569113017606116,0.0,0.2247608609090911,0.7752391390909089,Prokaryote,Stability,masked-protein-language-model,sequence,known-development-benchmark,available,,histgb,1,0.29063082971971765,0.2588107150700191,0.23722301858275585,-0.2853084920518027,False,,False,-0.026118959460231628,-0.057939074109930155,True,0.2790564564305217
variantshift-development-v1,proteingym-v1.3,proteingym-substitutions-v1.3,RFAH_ECOLI_Tsuboyama_2023_2LCL,RFAH_ECOLI_Tsuboyama_2023_2LCL,RFAH_ECOLI,RFAH_ECOLI,cssf_12ebdb52f01c,vespag,0.5926079858134138,55,1.0,55,86049,14225.9,0.927,0.0,0.6808,0.0,0.09931845059042,2.7207125404758643,0.0,0.3017497262942372,0.6982502737057628,Prokaryote,Stability,distilled-evolutionary-variant-effect-model,sequence,known-development-benchmark,available,,histgb,1,0.5570413847168928,0.5699279030561626,0.21495195570026782,0.07689190510087524,True,-0.22525253562220526,True,-0.03556660109652099,-0.022680082757251196,True,0.48980011501195064
variantshift-development-v1,proteingym-v1.3,proteingym-substitutions-v1.3,RL20_AQUAE_Tsuboyama_2023_1GYZ,RL20_AQUAE_Tsuboyama_2023_1GYZ,RL20_AQUAE,RL20_AQUAE,cssf_310c599ef29a,carp_640m,0.4704532574702295,59,1.0,59,397758,107200.0,0.814,0.0,0.6328,0.8135593220338984,2.7837696840259714,1.735962678758065,0.0,0.1892657610897983,0.8107342389102017,Prokaryote,Stability,convolutional-protein-language-model,sequence,known-development-benchmark,available,,histgb,1,0.6331493890075978,0.6053889652974085,0.2200966247787545,0.10055262319080616,False,,False,0.16269613153736828,0.134935707827179,True,0.5618964836550113
variantshift-development-v1,proteingym-v1.3,proteingym-substitutions-v1.3,RL20_AQUAE_Tsuboyama_2023_1GYZ,RL20_AQUAE_Tsuboyama_2023_1GYZ,RL20_AQUAE,RL20_AQUAE,cssf_310c599ef29a,esm2_150m,0.3710945316379413,59,1.0,59,397758,107200.0,0.814,0.0,0.6328,0.8135593220338984,2.480460222658835,1.283909451613647,0.0,0.147011033762367,0.852988966237633,Prokaryote,Stability,masked-protein-language-model,sequence,known-development-benchmark,available,,histgb,1,0.4997328536083472,0.48325033224398156,0.2519633846474526,-0.09467890032868093,False,,False,0.12863832197040587,0.11215580060604025,True,0.4213978600694857
variantshift-development-v1,proteingym-v1.3,proteingym-substitutions-v1.3,RL20_AQUAE_Tsuboyama_2023_1GYZ,RL20_AQUAE_Tsuboyama_2023_1GYZ,RL20_AQUAE,RL20_AQUAE,cssf_310c599ef29a,esm2_35m,0.2658083111649958,59,1.0,59,397758,107200.0,0.814,0.0,0.6328,0.8135593220338984,1.7716677380863073,1.4706269218207444,0.0,0.2034259061979936,0.7965740938020064,Prokaryote,Stability,masked-protein-language-model,sequence,known-development-benchmark,available,,histgb,1,0.46664775909935186,0.42851859016945193,0.2401442531735668,-0.12230106220791492,False,,False,0.20083944793435604,0.16271027900445612,True,0.37043205803483187
variantshift-development-v1,proteingym-v1.3,proteingym-substitutions-v1.3,RL20_AQUAE_Tsuboyama_2023_1GYZ,RL20_AQUAE_Tsuboyama_2023_1GYZ,RL20_AQUAE,RL20_AQUAE,cssf_310c599ef29a,esm2_650m,0.4792637570275704,59,1.0,59,397758,107200.0,0.814,0.0,0.6328,0.8135593220338984,6.855073879152116,1.109824871256958,0.0,0.1407517536799314,0.8592482463200686,Prokaryote,Stability,masked-protein-language-model,sequence,known-development-benchmark,available,,histgb,1,0.5594010883243572,0.5457811511648477,0.25138903002773094,-0.030830682353722993,False,,False,0.0801373312967868,0.06651739413727731,True,0.6908393834983592
variantshift-development-v1,proteingym-v1.3,proteingym-substitutions-v1.3,RL20_AQUAE_Tsuboyama_2023_1GYZ,RL20_AQUAE_Tsuboyama_2023_1GYZ,RL20_AQUAE,RL20_AQUAE,cssf_310c599ef29a,esm2_8m,0.2868875877081884,59,1.0,59,397758,107200.0,0.814,0.0,0.6328,0.8135593220338984,1.3885290790246776,1.7072780001855,0.0,0.2698493322688844,0.7301506677311156,Prokaryote,Stability,masked-protein-language-model,sequence,known-development-benchmark,available,,histgb,1,0.26846612634264894,0.24218718753721763,0.3034675874787405,-0.4538774021160034,False,,False,-0.01842146136553946,-0.04470040017097077,True,0.3454645749212203
variantshift-development-v1,proteingym-v1.3,proteingym-substitutions-v1.3,RL20_AQUAE_Tsuboyama_2023_1GYZ,RL20_AQUAE_Tsuboyama_2023_1GYZ,RL20_AQUAE,RL20_AQUAE,cssf_310c599ef29a,vespag,0.4309305102280851,59,1.0,59,397758,107200.0,0.814,0.0,0.6328,0.8135593220338984,0.1042949181565251,2.7665561310850646,0.0,0.1622625683799845,0.8377374316200155,Prokaryote,Stability,distilled-evolutionary-variant-effect-model,sequence,known-development-benchmark,available,,histgb,1,0.6712292709304439,0.655568817716326,0.2403767417069787,0.10421590563582928,True,0.9900325113782982,True,0.24029876070235884,0.22463830748824093,True,0.6535028384651598
variantshift-development-v1,proteingym-v1.3,proteingym-substitutions-v1.3,RL40A_YEAST_Mavor_2016,RL40A_YEAST_Mavor_2016,RL40A_YEAST,RL40A_YEAST,cssf_40b8ae05fc9a,carp_640m,0.5649528451044973,128,0.5859375,75,16228,3906.9,0.695,0.0,0.5381,1.0,2.707482313236637,1.6979515104316238,0.0,0.2432004545313635,0.7567995454686365,Eukaryote,OrganismalFitness,convolutional-protein-language-model,sequence,known-development-benchmark,available,,histgb,3,0.7293390471268967,0.7293390471268967,0.21733098186042704,0.34623444075825094,False,,False,0.1643862020223994,0.1643862020223994,True,0.5239718027406252
variantshift-development-v1,proteingym-v1.3,proteingym-substitutions-v1.3,RL40A_YEAST_Mavor_2016,RL40A_YEAST_Mavor_2016,RL40A_YEAST,RL40A_YEAST,cssf_40b8ae05fc9a,esm2_150m,0.5165559935450209,128,0.5859375,75,16228,3906.9,0.695,0.0,0.5381,1.0,2.77586501426481,1.3987710375613185,0.0,0.1790576639636726,0.8209423360363274,Eukaryote,OrganismalFitness,masked-protein-language-model,sequence,known-development-benchmark,available,,histgb,3,0.6117264927920886,0.6117264927920886,0.15727107283922592,0.3344937120008967,False,,False,0.09517049924706766,0.09517049924706766,True,0.4396263255719145
variantshift-development-v1,proteingym-v1.3,proteingym-substitutions-v1.3,RL40A_YEAST_Mavor_2016,RL40A_YEAST_Mavor_2016,RL40A_YEAST,RL40A_YEAST,cssf_40b8ae05fc9a,esm2_35m,0.4324216183060793,128,0.5859375,75,16228,3906.9,0.695,0.0,0.5381,1.0,2.4651637438080676,1.2838504637096912,0.0,0.1982169219725267,0.8017830780274733,Eukaryote,OrganismalFitness,masked-protein-language-model,sequence,known-development-benchmark,available,,histgb,3,0.5605086389953094,0.5605086389953094,0.13178067124559825,0.3282095818044507,False,,False,0.12808702068923017,0.12808702068923017,True,0.375167369864331
variantshift-development-v1,proteingym-v1.3,proteingym-substitutions-v1.3,RL40A_YEAST_Mavor_2016,RL40A_YEAST_Mavor_2016,RL40A_YEAST,RL40A_YEAST,cssf_40b8ae05fc9a,esm2_650m,0.6350116870957747,128,0.5859375,75,16228,3906.9,0.695,0.0,0.5381,1.0,3.038021195611192,1.752538037065451,0.0,0.1671850743625818,0.8328149256374182,Eukaryote,OrganismalFitness,masked-protein-language-model,sequence,known-development-benchmark,available,,histgb,3,0.6570317269105668,0.6570317269105668,0.20616956905016703,0.2936021278721631,False,,False,0.02202003981479206,0.02202003981479206,True,0.5493484887975245
variantshift-development-v1,proteingym-v1.3,proteingym-substitutions-v1.3,RL40A_YEAST_Mavor_2016,RL40A_YEAST_Mavor_2016,RL40A_YEAST,RL40A_YEAST,cssf_40b8ae05fc9a,esm2_8m,0.1052572691701606,128,0.5859375,75,16228,3906.9,0.695,0.0,0.5381,1.0,1.4807265678184731,1.2538153171026305,0.0,0.3111930544277542,0.6888069455722458,Eukaryote,OrganismalFitness,masked-protein-language-model,sequence,known-development-benchmark,available,,histgb,3,0.28937722522163956,0.28937722522163956,0.12567833627543012,0.06783518305304423,False,,False,0.18411995605147896,0.18411995605147896,True,0.21883727916516707
variantshift-development-v1,proteingym-v1.3,proteingym-substitutions-v1.3,RL40A_YEAST_Mavor_2016,RL40A_YEAST_Mavor_2016,RL40A_YEAST,RL40A_YEAST,cssf_40b8ae05fc9a,vespag,0.6688871629303089,128,0.5859375,75,16228,3906.9,0.695,0.0,0.5381,1.0,0.0955453745556683,2.486278209342554,0.0,0.1831317329047277,0.8168682670952723,Eukaryote,OrganismalFitness,distilled-evolutionary-variant-effect-model,sequence,known-development-benchmark,available,,histgb,3,0.7679824287505422,0.7679824287505422,0.15372950222178264,0.4969926235613919,True,0.03732444541135077,True,0.09909526582023331,0.09909526582023331,True,0.5754271210765224
variantshift-development-v1,proteingym-v1.3,proteingym-substitutions-v1.3,RL40A_YEAST_Roscoe_2013,RL40A_YEAST_Roscoe_2013,RL40A_YEAST,RL40A_YEAST,cssf_40b8ae05fc9a,carp_640m,0.5641466863538795,128,0.5859375,75,16228,3906.9,0.695,0.0,0.5381,1.0,2.6924153261796744,1.701886235894098,0.0,0.2440169143108526,0.7559830856891474,Eukaryote,OrganismalFitness,convolutional-protein-language-model,sequence,known-development-benchmark,available,,histgb,3,0.7293390471268967,0.7293390471268967,0.21733098186042704,0.34623444075825094,False,,False,0.16519236077301713,0.16519236077301713,True,0.5230347178025956
variantshift-development-v1,proteingym-v1.3,proteingym-substitutions-v1.3,RL40A_YEAST_Roscoe_2013,RL40A_YEAST_Roscoe_2013,RL40A_YEAST,RL40A_YEAST,cssf_40b8ae05fc9a,esm2_150m,0.4985973054007764,128,0.5859375,75,16228,3906.9,0.695,0.0,0.5381,1.0,2.671799005913958,1.443642724466694,0.0,0.1849393762166649,0.8150606237833351,Eukaryote,OrganismalFitness,masked-protein-language-model,sequence,known-development-benchmark,available,,histgb,3,0.6131548696784102,0.6131548696784102,0.1824792242409965,0.29148590755040993,False,,False,0.11455756427763375,0.11455756427763375,True,0.4369943119136781
variantshift-development-v1,proteingym-v1.3,proteingym-substitutions-v1.3,RL40A_YEAST_Roscoe_2013,RL40A_YEAST_Roscoe_2013,RL40A_YEAST,RL40A_YEAST,cssf_40b8ae05fc9a,esm2_35m,0.4338874018636243,128,0.5859375,75,16228,3906.9,0.695,0.0,0.5381,1.0,2.2955579896870897,1.3604378856265429,0.0,0.2069510522624738,0.7930489477375262,Eukaryote,OrganismalFitness,masked-protein-language-model,sequence,known-development-benchmark,available,,histgb,3,0.5790438248341301,0.5790438248341301,0.13641664456828478,0.3385726114245874,False,,False,0.1451564229705058,0.1451564229705058,True,0.37209163306634685
variantshift-development-v1,proteingym-v1.3,proteingym-substitutions-v1.3,RL40A_YEAST_Roscoe_2013,RL40A_YEAST_Roscoe_2013,RL40A_YEAST,RL40A_YEAST,cssf_40b8ae05fc9a,esm2_650m,0.6456001120884113,128,0.5859375,75,16228,3906.9,0.695,0.0,0.5381,1.0,2.974380211837041,1.7536380813181367,0.0,0.1753521494206453,0.8246478505793546,Eukaryote,OrganismalFitness,masked-protein-language-model,sequence,known-development-benchmark,available,,histgb,3,0.6523781109734142,0.6523781109734142,0.20468617873976108,0.29156338836033363,False,,False,0.006777998885002967,0.006777998885002967,True,0.5394784242833393
variantshift-development-v1,proteingym-v1.3,proteingym-substitutions-v1.3,RL40A_YEAST_Roscoe_2013,RL40A_YEAST_Roscoe_2013,RL40A_YEAST,RL40A_YEAST,cssf_40b8ae05fc9a,esm2_8m,0.1037027558940079,128,0.5859375,75,16228,3906.9,0.695,0.0,0.5381,1.0,1.4253183992359664,1.3305348204828364,0.0,0.3191608256082894,0.6808391743917106,Eukaryote,OrganismalFitness,masked-protein-language-model,sequence,known-development-benchmark,available,,histgb,3,0.25862874088308485,0.25862874088308485,0.1319294538636794,0.026067414107620396,False,,False,0.15492598498907695,0.15492598498907695,True,0.22677999359371454
variantshift-development-v1,proteingym-v1.3,proteingym-substitutions-v1.3,RL40A_YEAST_Roscoe_2013,RL40A_YEAST_Roscoe_2013,RL40A_YEAST,RL40A_YEAST,cssf_40b8ae05fc9a,vespag,0.6782463259372395,128,0.5859375,75,16228,3906.9,0.695,0.0,0.5381,1.0,0.095210255956002,2.46009403106013,0.0,0.1855039600965885,0.8144960399034115,Eukaryote,OrganismalFitness,distilled-evolutionary-variant-effect-model,sequence,known-development-benchmark,available,,histgb,3,0.7753035938327794,0.7753035938327794,0.15345158374801945,0.5048036950830248,True,0.05314169342062197,True,0.09705726789553981,0.09705726789553981,True,0.5683044851002023
variantshift-development-v1,proteingym-v1.3,proteingym-substitutions-v1.3,RL40A_YEAST_Roscoe_2014,RL40A_YEAST_Roscoe_2014,RL40A_YEAST,RL40A_YEAST,cssf_40b8ae05fc9a,carp_640m,0.5053831034576557,128,0.5859375,75,16228,3906.9,0.695,0.0,0.5381,1.0,2.7014340802410897,1.720583513562605,0.0,0.2486726144368221,0.7513273855631779,Eukaryote,Activity,convolutional-protein-language-model,sequence,known-development-benchmark,available,,histgb,3,0.7383647845099641,0.7383647845099641,0.21253788539186902,0.36370930637952387,False,,False,0.23298168105230843,0.23298168105230843,True,0.5256597724913329
variantshift-development-v1,proteingym-v1.3,proteingym-substitutions-v1.3,RL40A_YEAST_Roscoe_2014,RL40A_YEAST_Roscoe_2014,RL40A_YEAST,RL40A_YEAST,cssf_40b8ae05fc9a,esm2_150m,0.3681897006612881,128,0.5859375,75,16228,3906.9,0.695,0.0,0.5381,1.0,2.8823338242744456,1.4281385672354032,0.0,0.1755976351959673,0.8244023648040326,Eukaryote,Activity,masked-protein-language-model,sequence,known-development-benchmark,available,,histgb,3,0.62669603761314,0.62669603761314,0.17728703076852176,0.31417972008019224,False,,False,0.2585063369518519,0.2585063369518519,True,0.4578689670796726
variantshift-development-v1,proteingym-v1.3,proteingym-substitutions-v1.3,RL40A_YEAST_Roscoe_2014,RL40A_YEAST_Roscoe_2014,RL40A_YEAST,RL40A_YEAST,cssf_40b8ae05fc9a,esm2_35m,0.5392302925083385,128,0.5859375,75,16228,3906.9,0.695,0.0,0.5381,1.0,2.6237242383741792,1.2505577315655765,0.0,0.1934342243816873,0.8065657756183127,Eukaryote,Activity,masked-protein-language-model,sequence,known-development-benchmark,available,,histgb,3,0.5697734930487918,0.5697734930487918,0.1300163546850868,0.3405845207415439,False,,False,0.03054320054045323,0.03054320054045323,True,0.38488247431965694
variantshift-development-v1,proteingym-v1.3,proteingym-substitutions-v1.3,RL40A_YEAST_Roscoe_2014,RL40A_YEAST_Roscoe_2014,RL40A_YEAST,RL40A_YEAST,cssf_40b8ae05fc9a,esm2_650m,0.6071054364688048,128,0.5859375,75,16228,3906.9,0.695,0.0,0.5381,1.0,3.053360036740407,1.8024981146591037,0.0,0.1654844663192498,0.8345155336807502,Eukaryote,Activity,masked-protein-language-model,sequence,known-development-benchmark,available,,histgb,3,0.6524379864122675,0.6524379864122675,0.21107144907427947,0.28036749871165756,False,,False,0.0453325499434627,0.0453325499434627,True,0.5628446513057102
variantshift-development-v1,proteingym-v1.3,proteingym-substitutions-v1.3,RL40A_YEAST_Roscoe_2014,RL40A_YEAST_Roscoe_2014,RL40A_YEAST,RL40A_YEAST,cssf_40b8ae05fc9a,esm2_8m,0.1451080841953615,128,0.5859375,75,16228,3906.9,0.695,0.0,0.5381,1.0,1.6289836570803176,1.1680048956763864,0.0,0.2966108193850589,0.703389180614941,Eukaryote,Activity,masked-protein-language-model,sequence,known-development-benchmark,available,,histgb,3,0.3335901903548281,0.3335901903548281,0.13109718511793403,0.10249596223001292,False,,False,0.18848210615946662,0.18848210615946662,True,0.22088244937270038
variantshift-development-v1,proteingym-v1.3,proteingym-substitutions-v1.3,RL40A_YEAST_Roscoe_2014,RL40A_YEAST_Roscoe_2014,RL40A_YEAST,RL40A_YEAST,cssf_40b8ae05fc9a,vespag,0.6195518054156627,128,0.5859375,75,16228,3906.9,0.695,0.0,0.5381,1.0,0.0944498865170949,2.5294303288808653,0.0,0.1878142087369021,0.8121857912630979,Eukaryote,Activity,distilled-evolutionary-variant-effect-model,sequence,known-development-benchmark,available,,histgb,3,0.7856918767736067,0.7856918767736067,0.15796451550260562,0.5072367158306337,True,0.07558539545709325,True,0.16614007135794406,0.16614007135794406,True,0.5825804248654352
variantshift-development-v1,proteingym-v1.3,proteingym-substitutions-v1.3,RNC_ECOLI_Weeks_2023,RNC_ECOLI_Weeks_2023,RNC_ECOLI,RNC_ECOLI,cssf_a0ac9f2c6c49,carp_640m,0.5699899291599307,226,1.0,226,66507,15978.2,0.969,0.0,0.2829,1.0,4.358976486887145,1.3132834378760607,0.0,0.0555313761066507,0.9444686238933492,Prokaryote,Activity,convolutional-protein-language-model,sequence,known-development-benchmark,available,,histgb,1,0.5734610256455632,0.5606226927758825,0.13112517498126533,0.25986045363581184,False,,False,0.0034710964856324855,-0.009367236384048239,True,0.5821918804628888
variantshift-development-v1,proteingym-v1.3,proteingym-substitutions-v1.3,RNC_ECOLI_Weeks_2023,RNC_ECOLI_Weeks_2023,RNC_ECOLI,RNC_ECOLI,cssf_a0ac9f2c6c49,esm2_150m,0.5692547818519152,226,1.0,226,66507,15978.2,0.969,0.0,0.2829,1.0,3.7581414235727775,1.316953798334451,0.0,0.0492844130668301,0.9507155869331698,Prokaryote,Activity,masked-protein-language-model,sequence,known-development-benchmark,available,,histgb,1,0.5496479457193914,0.5206866513272647,0.14330783687380136,0.19198100109158206,False,,False,-0.019606836132523897,-0.04856813052465059,True,0.49475667465358153
variantshift-development-v1,proteingym-v1.3,proteingym-substitutions-v1.3,RNC_ECOLI_Weeks_2023,RNC_ECOLI_Weeks_2023,RNC_ECOLI,RNC_ECOLI,cssf_a0ac9f2c6c49,esm2_35m,0.5539643408267233,226,1.0,226,66507,15978.2,0.969,0.0,0.2829,1.0,3.3382119035899,1.323184056166342,0.0,0.0745081755495687,0.9254918244504312,Prokaryote,Activity,masked-protein-language-model,sequence,known-development-benchmark,available,,histgb,1,0.5533834864653162,0.4935703856939252,0.14794760237737875,0.1542224902742787,False,,False,-0.0005808543614070905,-0.060393955132798105,True,0.44764307768572725
variantshift-development-v1,proteingym-v1.3,proteingym-substitutions-v1.3,RNC_ECOLI_Weeks_2023,RNC_ECOLI_Weeks_2023,RNC_ECOLI,RNC_ECOLI,cssf_a0ac9f2c6c49,esm2_650m,0.5642990079898982,226,1.0,226,66507,15978.2,0.969,0.0,0.2829,1.0,4.523688880238169,1.500066895884538,0.0,0.0756031778063581,0.9243968221936418,Prokaryote,Activity,masked-protein-language-model,sequence,known-development-benchmark,available,,histgb,1,0.5760180933503323,0.5582439049343291,0.11612635180463636,0.29188451516100616,False,,False,0.01171908536043409,-0.006055103055569111,True,0.5683486782127456
variantshift-development-v1,proteingym-v1.3,proteingym-substitutions-v1.3,RNC_ECOLI_Weeks_2023,RNC_ECOLI_Weeks_2023,RNC_ECOLI,RNC_ECOLI,cssf_a0ac9f2c6c49,esm2_8m,0.1926366942331,226,1.0,226,66507,15978.2,0.969,0.0,0.2829,1.0,1.5961579161233417,1.1441631243616124,0.0,0.3253775017281566,0.6746224982718434,Prokaryote,Activity,masked-protein-language-model,sequence,known-development-benchmark,available,,histgb,1,0.029717227854486574,0.06312551367109584,0.13457627761279825,-0.24555253076807418,False,,False,-0.16291946637861343,-0.12951118056200417,True,0.09427818278753808
variantshift-development-v1,proteingym-v1.3,proteingym-substitutions-v1.3,RNC_ECOLI_Weeks_2023,RNC_ECOLI_Weeks_2023,RNC_ECOLI,RNC_ECOLI,cssf_a0ac9f2c6c49,vespag,0.5858007642986163,226,1.0,226,66507,15978.2,0.969,0.0,0.2829,1.0,0.1076616805516785,2.474028562262203,0.0,0.0702343762957817,0.9297656237042182,Prokaryote,Activity,distilled-evolutionary-variant-effect-model,sequence,known-development-benchmark,available,,histgb,1,0.5364997191757375,0.5545216539002961,0.13237949200032387,0.25088238374541494,True,0.41728340794054947,True,-0.049301045122878806,-0.03127911039832021,True,0.5617053588049398
variantshift-development-v1,proteingym-v1.3,proteingym-substitutions-v1.3,RPC1_BP434_Tsuboyama_2023_1R69,RPC1_BP434_Tsuboyama_2023_1R69,RPC1_BP434,RPC1_BP434,cssf_ffbe89385f32,carp_640m,0.6026331003503709,61,1.0,61,820224,554578.3,0.951,0.0,0.4937,1.0,3.1123269584447044,1.798221741590537,0.0,0.0540436628114746,0.9459563371885252,Virus,Stability,convolutional-protein-language-model,sequence,known-development-benchmark,available,,histgb,0,0.48015851138274784,0.48015851138274784,0.30184116925189003,-0.25083082353223035,False,,False,-0.12247458896762303,-0.12247458896762303,True,0.6299888520666621
variantshift-development-v1,proteingym-v1.3,proteingym-substitutions-v1.3,RPC1_BP434_Tsuboyama_2023_1R69,RPC1_BP434_Tsuboyama_2023_1R69,RPC1_BP434,RPC1_BP434,cssf_ffbe89385f32,esm2_150m,0.7752542191534665,61,1.0,61,820224,554578.3,0.951,0.0,0.4937,1.0,6.803637932922955,0.7432517558471976,0.0,0.0359242969443343,0.9640757030556656,Virus,Stability,masked-protein-language-model,sequence,known-development-benchmark,available,,histgb,0,0.5848706096106083,0.5848706096106083,0.1866183991246311,0.13292411140058047,False,,False,-0.19038360954285816,-0.19038360954285816,True,0.7068534660574011
variantshift-development-v1,proteingym-v1.3,proteingym-substitutions-v1.3,RPC1_BP434_Tsuboyama_2023_1R69,RPC1_BP434_Tsuboyama_2023_1R69,RPC1_BP434,RPC1_BP434,cssf_ffbe89385f32,esm2_35m,0.7814742731772211,61,1.0,61,820224,554578.3,0.951,0.0,0.4937,1.0,6.617541777071074,0.7422035387118584,0.0,0.0372835379019732,0.9627164620980267,Virus,Stability,masked-protein-language-model,sequence,known-development-benchmark,available,,histgb,0,0.5848706096106083,0.5848706096106083,0.1866183991246311,0.13292411140058047,False,,False,-0.19660366356661274,-0.19660366356661274,True,0.6867998770243914
variantshift-development-v1,proteingym-v1.3,proteingym-substitutions-v1.3,RPC1_BP434_Tsuboyama_2023_1R69,RPC1_BP434_Tsuboyama_2023_1R69,RPC1_BP434,RPC1_BP434,cssf_ffbe89385f32,esm2_650m,0.8242846463057197,61,1.0,61,820224,554578.3,0.951,0.0,0.4937,1.0,6.634547270637995,0.8887268150587494,0.0,0.0420870113407797,0.9579129886592204,Virus,Stability,masked-protein-language-model,sequence,known-development-benchmark,available,,histgb,0,0.6003356367287328,0.6003356367287328,0.20730644492959652,0.0982874877692601,True,1.7725539651113147,True,-0.22394900957698693,-0.22394900957698693,True,0.7229049137298723
variantshift-development-v1,proteingym-v1.3,proteingym-substitutions-v1.3,RPC1_BP434_Tsuboyama_2023_1R69,RPC1_BP434_Tsuboyama_2023_1R69,RPC1_BP434,RPC1_BP434,cssf_ffbe89385f32,esm2_8m,0.707695885631936,61,1.0,61,820224,554578.3,0.951,0.0,0.4937,1.0,5.726680211512996,0.7427265647758571,0.0,0.0386068120820657,0.9613931879179344,Virus,Stability,masked-protein-language-model,sequence,known-development-benchmark,available,,histgb,0,0.5848706096106083,0.5848706096106083,0.1866183991246311,0.13292411140058047,False,,False,-0.12282527602132765,-0.12282527602132765,True,0.5945898811225534
variantshift-development-v1,proteingym-v1.3,proteingym-substitutions-v1.3,RPC1_BP434_Tsuboyama_2023_1R69,RPC1_BP434_Tsuboyama_2023_1R69,RPC1_BP434,RPC1_BP434,cssf_ffbe89385f32,vespag,0.8637111852744368,61,1.0,61,820224,554578.3,0.951,0.0,0.4937,1.0,0.0777523477237552,2.803845902101806,0.0,0.0642864370938582,0.9357135629061416,Virus,Stability,distilled-evolutionary-variant-effect-model,sequence,known-development-benchmark,available,,histgb,0,0.41201561705690004,0.41201561705690004,0.26057927383738533,-0.21904697306996201,False,,False,-0.45169556821753676,-0.45169556821753676,True,0.6340450345377929
variantshift-development-v1,proteingym-v1.3,proteingym-substitutions-v1.3,RS15_GEOSE_Tsuboyama_2023_1A32,RS15_GEOSE_Tsuboyama_2023_1A32,RS15_GEOSE,RS15_GEOSE,cssf_bcab9ac142f5,carp_640m,0.6638352359547678,63,1.0,63,44428,4341.2,1.0,0.0,0.5729,1.0,3.032224004216231,1.7564252204469613,0.0,0.11190360782235,0.8880963921776499,Prokaryote,Stability,convolutional-protein-language-model,sequence,known-development-benchmark,available,,histgb,3,0.7987795350014804,0.7987795350014804,0.17959894432597626,0.48218784484653,False,,False,0.13494429904671257,0.13494429904671257,True,0.6141059532089269
variantshift-development-v1,proteingym-v1.3,proteingym-substitutions-v1.3,RS15_GEOSE_Tsuboyama_2023_1A32,RS15_GEOSE_Tsuboyama_2023_1A32,RS15_GEOSE,RS15_GEOSE,cssf_bcab9ac142f5,esm2_150m,0.7119009134677649,63,1.0,63,44428,4341.2,1.0,0.0,0.5729,1.0,2.9710747933722432,1.473383072918376,0.0,0.097141948811521,0.902858051188479,Prokaryote,Stability,masked-protein-language-model,sequence,known-development-benchmark,available,,histgb,3,0.7334016413185772,0.7334016413185772,0.18615477284026347,0.4052535311774543,False,,False,0.021500727850812362,0.021500727850812362,True,0.49588810800011385
variantshift-development-v1,proteingym-v1.3,proteingym-substitutions-v1.3,RS15_GEOSE_Tsuboyama_2023_1A32,RS15_GEOSE_Tsuboyama_2023_1A32,RS15_GEOSE,RS15_GEOSE,cssf_bcab9ac142f5,esm2_35m,0.478503092517262,63,1.0,63,44428,4341.2,1.0,0.0,0.5729,1.0,1.3831846952503013,1.477305697660914,0.0,0.3247461717706794,0.6752538282293206,Prokaryote,Stability,masked-protein-language-model,sequence,known-development-benchmark,available,,histgb,3,0.23854406902466138,0.23854406902466138,0.20733122596204967,-0.12693326435034055,False,,False,-0.2399590234926006,-0.2399590234926006,True,0.23205850629893293
variantshift-development-v1,proteingym-v1.3,proteingym-substitutions-v1.3,RS15_GEOSE_Tsuboyama_2023_1A32,RS15_GEOSE_Tsuboyama_2023_1A32,RS15_GEOSE,RS15_GEOSE,cssf_bcab9ac142f5,esm2_650m,0.5934171312938694,63,1.0,63,44428,4341.2,1.0,0.0,0.5729,1.0,3.341567059160016,1.6248266484202718,0.0,0.1181877362350859,0.8818122637649141,Prokaryote,Stability,masked-protein-language-model,sequence,known-development-benchmark,available,,histgb,3,0.7900458692830352,0.7900458692830352,0.2470507020144999,0.3545522220443469,False,,False,0.1966287379891658,0.1966287379891658,True,0.5533388328245169
variantshift-development-v1,proteingym-v1.3,proteingym-substitutions-v1.3,RS15_GEOSE_Tsuboyama_2023_1A32,RS15_GEOSE_Tsuboyama_2023_1A32,RS15_GEOSE,RS15_GEOSE,cssf_bcab9ac142f5,esm2_8m,0.3764080151169149,63,1.0,63,44428,4341.2,1.0,0.0,0.5729,1.0,1.3715520577638332,1.4856184611368803,0.0,0.3380471381234954,0.6619528618765046,Prokaryote,Stability,masked-protein-language-model,sequence,known-development-benchmark,available,,histgb,3,0.2110784686013211,0.2110784686013211,0.22698795719236647,-0.18904916734913704,False,,False,-0.1653295465155938,-0.1653295465155938,True,0.22598107178790272
variantshift-development-v1,proteingym-v1.3,proteingym-substitutions-v1.3,RS15_GEOSE_Tsuboyama_2023_1A32,RS15_GEOSE_Tsuboyama_2023_1A32,RS15_GEOSE,RS15_GEOSE,cssf_bcab9ac142f5,vespag,0.5944204498614022,63,1.0,63,44428,4341.2,1.0,0.0,0.5729,1.0,0.0850253965512726,2.747354486635889,0.0,0.1317576281228381,0.8682423718771619,Prokaryote,Stability,distilled-evolutionary-variant-effect-model,sequence,known-development-benchmark,available,,histgb,3,0.729784935228302,0.729784935228302,0.13879370798545357,0.485123504957122,True,-0.3018975677373738,True,0.13536448536689982,0.13536448536689982,True,0.6386361767873995
variantshift-development-v1,proteingym-v1.3,proteingym-substitutions-v1.3,S22A1_HUMAN_Yee_2023_abundance,S22A1_HUMAN_Yee_2023_abundance,S22A1_HUMAN,S22A1_HUMAN,cssf_dedbcf3c34ac,carp_640m,0.7397490370362886,553,0.9891500904159132,547,198790,34681.1,0.807,0.0,0.2778,1.0,3.8035488999913025,1.6210614975708275,0.0,0.1110711154474666,0.8889288845525334,Human,Expression,convolutional-protein-language-model,sequence,known-development-benchmark,available,,histgb,4,0.7343257082774145,0.7343257082774145,0.2418803949664605,-0.2659213476600536,True,1.6836803506107156,False,-0.00542332875887408,-0.00542332875887408,True,0.5954479526431725
variantshift-development-v1,proteingym-v1.3,proteingym-substitutions-v1.3,S22A1_HUMAN_Yee_2023_abundance,S22A1_HUMAN_Yee_2023_abundance,S22A1_HUMAN,S22A1_HUMAN,cssf_dedbcf3c34ac,esm2_150m,0.6421579601088462,553,0.9891500904159132,547,198790,34681.1,0.807,0.0,0.2778,1.0,3.0365498059961538,1.3518933273467737,0.0,0.1150079212983038,0.8849920787016962,Human,Expression,masked-protein-language-model,sequence,known-development-benchmark,available,,histgb,4,0.6724728495525173,0.6724728495525173,0.08769935686610975,0.30981004041869237,False,,False,0.03031488944367111,0.03031488944367111,True,0.4240580595721225
variantshift-development-v1,proteingym-v1.3,proteingym-substitutions-v1.3,S22A1_HUMAN_Yee_2023_abundance,S22A1_HUMAN_Yee_2023_abundance,S22A1_HUMAN,S22A1_HUMAN,cssf_dedbcf3c34ac,esm2_35m,0.4969613964983007,553,0.9891500904159132,547,198790,34681.1,0.807,0.0,0.2778,1.0,2.7560468860105787,1.27432919806195,0.0,0.1110711154474666,0.8889288845525334,Human,Expression,masked-protein-language-model,sequence,known-development-benchmark,available,,histgb,4,0.46320121597997305,0.46320121597997305,0.08173140502065443,0.12521765488615977,False,,False,-0.03376018051832763,-0.03376018051832763,True,0.38398484565914814
variantshift-development-v1,proteingym-v1.3,proteingym-substitutions-v1.3,S22A1_HUMAN_Yee_2023_abundance,S22A1_HUMAN_Yee_2023_abundance,S22A1_HUMAN,S22A1_HUMAN,cssf_dedbcf3c34ac,esm2_650m,0.7799267640699822,553,0.9891500904159132,547,198790,34681.1,0.807,0.0,0.2778,1.0,3.758313183620955,1.5152975684601866,0.0,0.1068904437448224,0.8931095562551775,Human,Expression,masked-protein-language-model,sequence,known-development-benchmark,available,,histgb,4,0.6459416053073286,0.6459416053073286,0.21511649428452131,-0.24362879630176992,False,,False,-0.1339851587626536,-0.1339851587626536,True,0.5314191248894304
variantshift-development-v1,proteingym-v1.3,proteingym-substitutions-v1.3,S22A1_HUMAN_Yee_2023_abundance,S22A1_HUMAN_Yee_2023_abundance,S22A1_HUMAN,S22A1_HUMAN,cssf_dedbcf3c34ac,esm2_8m,0.5115591272936019,553,0.9891500904159132,547,198790,34681.1,0.807,0.0,0.2778,1.0,2.4992414286965388,1.0928712291380611,0.0,0.1659427719630222,0.8340572280369778,Human,Expression,masked-protein-language-model,sequence,known-development-benchmark,available,,histgb,4,0.34326101545465554,0.34326101545465554,0.05082594836415756,0.13308066899239795,False,,False,-0.16829811183894633,-0.16829811183894633,True,0.27805646806553985
variantshift-development-v1,proteingym-v1.3,proteingym-substitutions-v1.3,S22A1_HUMAN_Yee_2023_abundance,S22A1_HUMAN_Yee_2023_abundance,S22A1_HUMAN,S22A1_HUMAN,cssf_dedbcf3c34ac,vespag,0.7941780034209104,553,0.9891500904159132,547,198790,34681.1,0.807,0.0,0.2778,1.0,0.088977795910961,2.616430943189162,0.0,0.1174003555910739,0.882599644408926,Human,Expression,distilled-evolutionary-variant-effect-model,sequence,known-development-benchmark,available,,histgb,4,0.6533539352373835,0.6533539352373835,0.2282872357668556,-0.2906813823647829,False,,False,-0.14082406818352688,-0.14082406818352688,True,0.5466652361274875
variantshift-development-v1,proteingym-v1.3,proteingym-substitutions-v1.3,S22A1_HUMAN_Yee_2023_activity,S22A1_HUMAN_Yee_2023_activity,S22A1_HUMAN,S22A1_HUMAN,cssf_dedbcf3c34ac,carp_640m,0.6755780850361874,553,0.9891500904159132,547,198790,34681.1,0.807,0.0,0.2778,1.0,3.839745389231642,1.651016218309581,0.0,0.1072597588044014,0.8927402411955986,Human,Activity,convolutional-protein-language-model,sequence,known-development-benchmark,available,,histgb,4,0.7195597478563318,0.7195597478563318,0.237163052173796,-0.2611796987899211,True,1.6550465282319085,False,0.043981662820144374,0.043981662820144374,True,0.608629998693936
variantshift-development-v1,proteingym-v1.3,proteingym-substitutions-v1.3,S22A1_HUMAN_Yee_2023_activity,S22A1_HUMAN_Yee_2023_activity,S22A1_HUMAN,S22A1_HUMAN,cssf_dedbcf3c34ac,esm2_150m,0.4747143432096021,553,0.9891500904159132,547,198790,34681.1,0.807,0.0,0.2778,1.0,3.1060456505776783,1.3669178643605666,0.0,0.1112465813737642,0.8887534186262358,Human,Activity,masked-protein-language-model,sequence,known-development-benchmark,available,,histgb,4,0.6772277133481533,0.6772277133481533,0.10578493428757041,0.23977568629009954,False,,False,0.20251337013855125,0.20251337013855125,True,0.43636658710970716
variantshift-development-v1,proteingym-v1.3,proteingym-substitutions-v1.3,S22A1_HUMAN_Yee_2023_activity,S22A1_HUMAN_Yee_2023_activity,S22A1_HUMAN,S22A1_HUMAN,cssf_dedbcf3c34ac,esm2_35m,0.3518397691235302,553,0.9891500904159132,547,198790,34681.1,0.807,0.0,0.2778,1.0,2.828545807113414,1.275074938026436,0.0,0.1067055823816566,0.8932944176183434,Human,Activity,masked-protein-language-model,sequence,known-development-benchmark,available,,histgb,4,0.46281182048375663,0.46281182048375663,0.1033279165633408,0.035520289258313076,False,,False,0.11097205136022642,0.11097205136022642,True,0.3934751195705435
variantshift-development-v1,proteingym-v1.3,proteingym-substitutions-v1.3,S22A1_HUMAN_Yee_2023_activity,S22A1_HUMAN_Yee_2023_activity,S22A1_HUMAN,S22A1_HUMAN,cssf_dedbcf3c34ac,esm2_650m,0.6847893835872069,553,0.9891500904159132,547,198790,34681.1,0.807,0.0,0.2778,1.0,3.795400963033523,1.542650693491947,0.0,0.1041373353041869,0.8958626646958131,Human,Activity,masked-protein-language-model,sequence,known-development-benchmark,available,,histgb,4,0.666990643138969,0.666990643138969,0.20755321886558997,-0.1913033750655162,False,,False,-0.017798740448237815,-0.017798740448237815,True,0.5432757633300426
variantshift-development-v1,proteingym-v1.3,proteingym-substitutions-v1.3,S22A1_HUMAN_Yee_2023_activity,S22A1_HUMAN_Yee_2023_activity,S22A1_HUMAN,S22A1_HUMAN,cssf_dedbcf3c34ac,esm2_8m,0.4329269127140515,553,0.9891500904159132,547,198790,34681.1,0.807,0.0,0.2778,1.0,2.585164873601146,1.0859636826962025,0.0,0.162254976839247,0.8377450231607529,Human,Activity,masked-protein-language-model,sequence,known-development-benchmark,available,,histgb,4,0.3626337588379741,0.3626337588379741,0.05580193557971504,0.1318762318091229,False,,False,-0.07029315387607737,-0.07029315387607737,True,0.286319579598879
variantshift-development-v1,proteingym-v1.3,proteingym-substitutions-v1.3,S22A1_HUMAN_Yee_2023_activity,S22A1_HUMAN_Yee_2023_activity,S22A1_HUMAN,S22A1_HUMAN,cssf_dedbcf3c34ac,vespag,0.7165680582330466,553,0.9891500904159132,547,198790,34681.1,0.807,0.0,0.2778,1.0,0.0879596357157288,2.652965876730605,0.0,0.1122085957465395,0.8877914042534605,Human,Activity,distilled-evolutionary-variant-effect-model,sequence,known-development-benchmark,available,,histgb,4,0.660869347037392,0.660869347037392,0.22719529928466045,-0.2786504898796289,False,,False,-0.055698711195654615,-0.055698711195654615,True,0.5592940205187671
variantshift-development-v1,proteingym-v1.3,proteingym-substitutions-v1.3,SAV1_MOUSE_Tsuboyama_2023_2YSB,SAV1_MOUSE_Tsuboyama_2023_2YSB,SAV1_MOUSE,SAV1_MOUSE,cssf_6f0217bf6d08,carp_640m,0.8108670325897189,43,0.9767441860465116,42,177542,4519.3,0.791,0.0,0.4023,1.0,2.7657367473971965,1.9583410291114016,0.0,0.1133076800942447,0.8866923199057553,Eukaryote,Stability,convolutional-protein-language-model,sequence,known-development-benchmark,available,,histgb,3,0.6828921763993115,0.6828921763993115,0.12902633357588766,0.45544838392831893,False,,False,-0.12797485619040738,-0.12797485619040738,True,0.5758694410595795
variantshift-development-v1,proteingym-v1.3,proteingym-substitutions-v1.3,SAV1_MOUSE_Tsuboyama_2023_2YSB,SAV1_MOUSE_Tsuboyama_2023_2YSB,SAV1_MOUSE,SAV1_MOUSE,cssf_6f0217bf6d08,esm2_150m,0.7862775759806017,43,0.9767441860465116,42,177542,4519.3,0.791,0.0,0.4023,1.0,3.396983923380262,1.2595419847253608,0.0,0.1010812111166944,0.8989187888833056,Eukaryote,Stability,masked-protein-language-model,sequence,known-development-benchmark,available,,histgb,3,0.5563201885422888,0.5563201885422888,0.14540441691035028,0.3000055967254774,False,,False,-0.22995738743831284,-0.22995738743831284,True,0.4274031870477151
variantshift-development-v1,proteingym-v1.3,proteingym-substitutions-v1.3,SAV1_MOUSE_Tsuboyama_2023_2YSB,SAV1_MOUSE_Tsuboyama_2023_2YSB,SAV1_MOUSE,SAV1_MOUSE,cssf_6f0217bf6d08,esm2_35m,0.86117667701525,43,0.9767441860465116,42,177542,4519.3,0.791,0.0,0.4023,1.0,2.155518943486688,1.599651960874639,0.0,0.1643825682608202,0.8356174317391798,Eukaryote,Stability,masked-protein-language-model,sequence,known-development-benchmark,available,,histgb,3,0.2996309806046741,0.2996309806046741,0.2424934225967648,-0.12782922969604193,False,,False,-0.561545696410576,-0.561545696410576,True,0.355803528903689
variantshift-development-v1,proteingym-v1.3,proteingym-substitutions-v1.3,SAV1_MOUSE_Tsuboyama_2023_2YSB,SAV1_MOUSE_Tsuboyama_2023_2YSB,SAV1_MOUSE,SAV1_MOUSE,cssf_6f0217bf6d08,esm2_650m,0.7321999955492737,43,0.9767441860465116,42,177542,4519.3,0.791,0.0,0.4023,1.0,3.6978822908352815,1.4430204988404016,0.0,0.0868959095520347,0.9131040904479653,Eukaryote,Stability,masked-protein-language-model,sequence,known-development-benchmark,available,,histgb,3,0.5822663117730665,0.5822663117730665,0.21373834071532155,0.20549470661730518,False,,False,-0.1499336837762072,-0.1499336837762072,True,0.503750767070348
variantshift-development-v1,proteingym-v1.3,proteingym-substitutions-v1.3,SAV1_MOUSE_Tsuboyama_2023_2YSB,SAV1_MOUSE_Tsuboyama_2023_2YSB,SAV1_MOUSE,SAV1_MOUSE,cssf_6f0217bf6d08,esm2_8m,0.4666895633372682,43,0.9767441860465116,42,177542,4519.3,0.791,0.0,0.4023,1.0,1.480358358551227,1.71770545579182,0.0,0.3783743488262748,0.6216256511737251,Eukaryote,Stability,masked-protein-language-model,sequence,known-development-benchmark,available,,histgb,3,-0.008971613693730441,-0.008971613693730441,0.17589622528938398,-0.3190362605948185,False,,False,-0.47566117703099864,-0.47566117703099864,True,0.2092417277057711
variantshift-development-v1,proteingym-v1.3,proteingym-substitutions-v1.3,SAV1_MOUSE_Tsuboyama_2023_2YSB,SAV1_MOUSE_Tsuboyama_2023_2YSB,SAV1_MOUSE,SAV1_MOUSE,cssf_6f0217bf6d08,vespag,0.7008505307116406,43,0.9767441860465116,42,177542,4519.3,0.791,0.0,0.4023,1.0,0.0617632707919863,2.8632404880510554,0.0,0.1175986463678824,0.8824013536321176,Eukaryote,Stability,distilled-evolutionary-variant-effect-model,sequence,known-development-benchmark,available,,histgb,3,0.6594865429476129,0.6594865429476129,0.1415073886080622,0.4100415169928577,True,-0.5985135804974923,True,-0.04136398776402772,-0.04136398776402772,True,0.6117113230956676
variantshift-development-v1,proteingym-v1.3,proteingym-substitutions-v1.3,SBI_STAAM_Tsuboyama_2023_2JVG,SBI_STAAM_Tsuboyama_2023_2JVG,SBI_STAAM,SBI_STAAM,cssf_60dadcbd5371,carp_640m,0.2796460181364781,56,1.0,56,14476,1513.6,0.875,0.0,0.6026,1.0,1.8079764316348368,1.8308060702074376,0.0,0.0809470032688253,0.9190529967311748,Prokaryote,Stability,convolutional-protein-language-model,sequence,known-development-benchmark,available,,histgb,2,0.650403181927164,0.650403181927164,0.13991903155417337,0.28472837257437217,False,,False,0.37075716379068585,0.37075716379068585,False,0.5825723462724423
variantshift-development-v1,proteingym-v1.3,proteingym-substitutions-v1.3,SBI_STAAM_Tsuboyama_2023_2JVG,SBI_STAAM_Tsuboyama_2023_2JVG,SBI_STAAM,SBI_STAAM,cssf_60dadcbd5371,esm2_150m,0.4352225239355638,56,1.0,56,14476,1513.6,0.875,0.0,0.6026,1.0,1.7574285721292024,1.6149836500038384,0.0,0.0720845849611835,0.9279154150388164,Prokaryote,Stability,masked-protein-language-model,sequence,known-development-benchmark,available,,histgb,2,0.4268077460371557,0.4268077460371557,0.16721130489749073,-0.01019472146739936,False,,False,-0.00841477789840811,-0.00841477789840811,True,0.4946084939652668
variantshift-development-v1,proteingym-v1.3,proteingym-substitutions-v1.3,SBI_STAAM_Tsuboyama_2023_2JVG,SBI_STAAM_Tsuboyama_2023_2JVG,SBI_STAAM,SBI_STAAM,cssf_60dadcbd5371,esm2_35m,0.2391845072587166,56,1.0,56,14476,1513.6,0.875,0.0,0.6026,1.0,1.4179709069472672,1.648151994589267,0.0,0.0533788121275808,0.9466211878724192,Prokaryote,Stability,masked-protein-language-model,sequence,known-development-benchmark,available,,histgb,2,0.40855828043603737,0.40855828043603737,0.1951460890680626,-0.10145103082965556,False,,False,0.16937377317732077,0.16937377317732077,True,0.49050006466188034
variantshift-development-v1,proteingym-v1.3,proteingym-substitutions-v1.3,SBI_STAAM_Tsuboyama_2023_2JVG,SBI_STAAM_Tsuboyama_2023_2JVG,SBI_STAAM,SBI_STAAM,cssf_60dadcbd5371,esm2_650m,0.8606596616932808,56,1.0,56,14476,1513.6,0.875,0.0,0.6026,1.0,2.8085847287319035,1.3614786255713696,0.0,0.1372783059656255,0.8627216940343745,Prokaryote,Stability,masked-protein-language-model,sequence,known-development-benchmark,available,,histgb,2,0.6460413648189465,0.6460413648189465,0.11947251238817981,0.33380301021361386,False,,False,-0.2146182968743343,-0.2146182968743343,True,0.47309845821420343
variantshift-development-v1,proteingym-v1.3,proteingym-substitutions-v1.3,SBI_STAAM_Tsuboyama_2023_2JVG,SBI_STAAM_Tsuboyama_2023_2JVG,SBI_STAAM,SBI_STAAM,cssf_60dadcbd5371,esm2_8m,0.1558649249660965,56,1.0,56,14476,1513.6,0.875,0.0,0.6026,1.0,1.466247345297071,1.6891042855046778,0.0,0.0528041537405505,0.9471958462594494,Prokaryote,Stability,masked-protein-language-model,sequence,known-development-benchmark,available,,histgb,2,0.41762119591275776,0.41762119591275776,0.19338496195338137,-0.08778545469445459,False,,False,0.26175627094666126,0.26175627094666126,True,0.5021836577647092
variantshift-development-v1,proteingym-v1.3,proteingym-substitutions-v1.3,SBI_STAAM_Tsuboyama_2023_2JVG,SBI_STAAM_Tsuboyama_2023_2JVG,SBI_STAAM,SBI_STAAM,cssf_60dadcbd5371,vespag,0.8500893214851317,56,1.0,56,14476,1513.6,0.875,0.0,0.6026,1.0,0.0876268422327256,2.5015639404752923,0.0,0.2577574748609328,0.7422425251390672,Prokaryote,Stability,distilled-evolutionary-variant-effect-model,sequence,known-development-benchmark,available,,histgb,2,0.6373473940078066,0.6373473940078066,0.09918099594868134,0.3781403984897455,True,-1.2280029087600115,True,-0.21274192747732512,-0.21274192747732512,True,0.49165515288744754
variantshift-development-v1,proteingym-v1.3,proteingym-substitutions-v1.3,SC6A4_HUMAN_Young_2021,SC6A4_HUMAN_Young_2021,SC6A4_HUMAN,SC6A4_HUMAN,cssf_5602ca7080fe,carp_640m,0.7306525236640516,630,0.9714285714285714,612,40971,5552.2,0.805,0.0,0.275,1.0,4.861955271495686,1.5425347839451642,0.0,0.0922606857948817,0.9077393142051182,Human,Activity,convolutional-protein-language-model,sequence,known-development-benchmark,available,,histgb,0,0.4468774438429429,0.4468774438429429,0.21772895798712874,-0.080411615450104,False,,False,-0.2837750798211087,-0.2837750798211087,True,0.727749815895151
variantshift-development-v1,proteingym-v1.3,proteingym-substitutions-v1.3,SC6A4_HUMAN_Young_2021,SC6A4_HUMAN_Young_2021,SC6A4_HUMAN,SC6A4_HUMAN,cssf_5602ca7080fe,esm2_150m,0.5315913306444102,630,0.9714285714285714,612,40971,5552.2,0.805,0.0,0.275,1.0,3.1617188722569542,1.1798451902025673,0.0,0.0922606857948817,0.9077393142051182,Human,Activity,masked-protein-language-model,sequence,known-development-benchmark,available,,histgb,0,0.3994896010764883,0.3994896010764883,0.17884823849240125,-0.033639369468861424,False,,False,-0.13210172956792193,-0.13210172956792193,True,0.41391601109111
variantshift-development-v1,proteingym-v1.3,proteingym-substitutions-v1.3,SC6A4_HUMAN_Young_2021,SC6A4_HUMAN_Young_2021,SC6A4_HUMAN,SC6A4_HUMAN,cssf_5602ca7080fe,esm2_35m,0.2643572599783089,630,0.9714285714285714,612,40971,5552.2,0.805,0.0,0.275,1.0,2.3495557603990544,1.0307185509506271,0.0,0.1649846953506281,0.8350153046493719,Human,Activity,masked-protein-language-model,sequence,known-development-benchmark,available,,histgb,0,0.17658328706232734,0.17658328706232734,0.1359049130147871,-0.15254690489453115,False,,False,-0.08777397291598155,-0.08777397291598155,True,0.2593154576127452
variantshift-development-v1,proteingym-v1.3,proteingym-substitutions-v1.3,SC6A4_HUMAN_Young_2021,SC6A4_HUMAN_Young_2021,SC6A4_HUMAN,SC6A4_HUMAN,cssf_5602ca7080fe,esm2_650m,0.5973827117300519,630,0.9714285714285714,612,40971,5552.2,0.805,0.0,0.275,1.0,3.626103791918837,1.2595955162060002,0.0,0.0708266175875136,0.9291733824124864,Human,Activity,masked-protein-language-model,sequence,known-development-benchmark,available,,histgb,0,0.43008789765770966,0.43008789765770966,0.2314095000984183,-0.13033226301555528,False,,False,-0.1672948140723422,-0.1672948140723422,True,0.49158787457030234
variantshift-development-v1,proteingym-v1.3,proteingym-substitutions-v1.3,SC6A4_HUMAN_Young_2021,SC6A4_HUMAN_Young_2021,SC6A4_HUMAN,SC6A4_HUMAN,cssf_5602ca7080fe,esm2_8m,0.1000909690044223,630,0.9714285714285714,612,40971,5552.2,0.805,0.0,0.275,1.0,1.287611164434736,1.3617663704004292,0.0,0.3223112068742206,0.6776887931257793,Human,Activity,masked-protein-language-model,sequence,known-development-benchmark,available,,histgb,0,0.03534638462596932,0.03534638462596932,0.11361327942325873,-0.23979863872838694,False,,False,-0.06474458437845299,-0.06474458437845299,True,0.15962721423663412
variantshift-development-v1,proteingym-v1.3,proteingym-substitutions-v1.3,SC6A4_HUMAN_Young_2021,SC6A4_HUMAN_Young_2021,SC6A4_HUMAN,SC6A4_HUMAN,cssf_5602ca7080fe,vespag,0.6984991070178467,630,0.9714285714285714,612,40971,5552.2,0.805,0.0,0.275,1.0,0.1339155335905648,2.4517886780211233,0.0,0.0788998729337329,0.9211001270662672,Human,Activity,distilled-evolutionary-variant-effect-model,sequence,known-development-benchmark,available,,histgb,0,0.5955338423904385,0.5955338423904385,0.16625775663743822,0.19289609999739593,True,0.5670708299438033,True,-0.10296526462740818,-0.10296526462740818,True,0.5443313131052111
variantshift-development-v1,proteingym-v1.3,proteingym-substitutions-v1.3,SCIN_STAAR_Tsuboyama_2023_2QFF,SCIN_STAAR_Tsuboyama_2023_2QFF,SCIN_STAAR,SCIN_STAAR,cssf_cf940c8da196,carp_640m,0.5143576920046453,70,1.0,70,38043,11456.5,0.9,0.0,0.5436,1.0,1.4777609468234798,1.578655195062378,0.0,0.0633993320030084,0.9366006679969916,Prokaryote,Stability,convolutional-protein-language-model,sequence,known-development-benchmark,available,,histgb,2,0.5580401055255407,0.5580401055255407,0.17190616829395955,0.10876773264520101,False,,False,0.04368241352089541,0.04368241352089541,True,0.5111717431806222
variantshift-development-v1,proteingym-v1.3,proteingym-substitutions-v1.3,SCIN_STAAR_Tsuboyama_2023_2QFF,SCIN_STAAR_Tsuboyama_2023_2QFF,SCIN_STAAR,SCIN_STAAR,cssf_cf940c8da196,esm2_150m,0.6523363885743666,70,1.0,70,38043,11456.5,0.9,0.0,0.5436,1.0,1.2716572670457644,1.6390849387042128,0.0,0.0420657426583752,0.9579342573416249,Prokaryote,Stability,masked-protein-language-model,sequence,known-development-benchmark,available,,histgb,2,0.3897030489659958,0.3897030489659958,0.18700883769904694,-0.09903976402588321,False,,False,-0.2626333396083708,-0.2626333396083708,True,0.47443265291538833
variantshift-development-v1,proteingym-v1.3,proteingym-substitutions-v1.3,SCIN_STAAR_Tsuboyama_2023_2QFF,SCIN_STAAR_Tsuboyama_2023_2QFF,SCIN_STAAR,SCIN_STAAR,cssf_cf940c8da196,esm2_35m,0.5182374033315688,70,1.0,70,38043,11456.5,0.9,0.0,0.5436,1.0,1.4947030323982848,1.586876636323323,0.0,0.0534115760623599,0.94658842393764,Prokaryote,Stability,masked-protein-language-model,sequence,known-development-benchmark,available,,histgb,2,0.36273987784792644,0.36273987784792644,0.16670868326318516,-0.07294900087417544,False,,False,-0.15549752548364232,-0.15549752548364232,True,0.4719361520713423
variantshift-development-v1,proteingym-v1.3,proteingym-substitutions-v1.3,SCIN_STAAR_Tsuboyama_2023_2QFF,SCIN_STAAR_Tsuboyama_2023_2QFF,SCIN_STAAR,SCIN_STAAR,cssf_cf940c8da196,esm2_650m,0.6297551236658286,70,1.0,70,38043,11456.5,0.9,0.0,0.5436,1.0,1.4918188556215597,1.6368918728946174,0.0,0.0647640029006375,0.9352359970993624,Prokaryote,Stability,masked-protein-language-model,sequence,known-development-benchmark,available,,histgb,2,0.3863947950746735,0.3863947950746735,0.17271436472842022,-0.06498977851066173,False,,False,-0.24336032859115514,-0.24336032859115514,True,0.47333720449934585
variantshift-development-v1,proteingym-v1.3,proteingym-substitutions-v1.3,SCIN_STAAR_Tsuboyama_2023_2QFF,SCIN_STAAR_Tsuboyama_2023_2QFF,SCIN_STAAR,SCIN_STAAR,cssf_cf940c8da196,esm2_8m,0.4103848164597106,70,1.0,70,38043,11456.5,0.9,0.0,0.5436,1.0,1.3421880859027022,1.654751782821246,0.0,0.0647640029006375,0.9352359970993624,Prokaryote,Stability,masked-protein-language-model,sequence,known-development-benchmark,available,,histgb,2,0.39702579830437884,0.39702579830437884,0.1702916955677426,-0.04802719140980394,False,,False,-0.013359018155331748,-0.013359018155331748,True,0.4663094830100174
variantshift-development-v1,proteingym-v1.3,proteingym-substitutions-v1.3,SCIN_STAAR_Tsuboyama_2023_2QFF,SCIN_STAAR_Tsuboyama_2023_2QFF,SCIN_STAAR,SCIN_STAAR,cssf_cf940c8da196,vespag,0.3117943621171827,70,1.0,70,38043,11456.5,0.9,0.0,0.5436,1.0,0.0722882045644669,2.5547781794019704,0.0,0.2852828345090838,0.7147171654909161,Prokaryote,Stability,distilled-evolutionary-variant-effect-model,sequence,known-development-benchmark,available,,histgb,2,0.6282437564066796,0.6282437564066796,0.12081156862518959,0.3125058125836241,True,-0.1459007310112116,True,0.3164493942894969,0.3164493942894969,False,0.4692499613211491
variantshift-development-v1,proteingym-v1.3,proteingym-substitutions-v1.3,SDA_BACSU_Tsuboyama_2023_1PV0,SDA_BACSU_Tsuboyama_2023_1PV0,SDA_BACSU,SDA_BACSU,cssf_3a5047c87583,carp_640m,0.5539423766037148,44,1.0,44,1953,882.2,0.886,0.0,0.5707,1.0,2.4798207603842823,2.163336706876741,0.0,0.1590379236885262,0.8409620763114738,Prokaryote,Stability,convolutional-protein-language-model,sequence,known-development-benchmark,available,,histgb,4,0.6313718488171819,0.6313718488171819,0.14651433894938606,0.025491673174717566,False,,False,0.07742947221346708,0.07742947221346708,True,0.6591217773430225
variantshift-development-v1,proteingym-v1.3,proteingym-substitutions-v1.3,SDA_BACSU_Tsuboyama_2023_1PV0,SDA_BACSU_Tsuboyama_2023_1PV0,SDA_BACSU,SDA_BACSU,cssf_3a5047c87583,esm2_150m,0.5779435042072864,44,1.0,44,1953,882.2,0.886,0.0,0.5707,1.0,5.201115944499809,1.7467386764807693,0.0,0.1008083601769885,0.8991916398230114,Prokaryote,Stability,masked-protein-language-model,sequence,known-development-benchmark,available,,histgb,4,0.618174564036149,0.618174564036149,0.14222066330232072,0.030050008586561594,False,,False,0.04023105982886266,0.04023105982886266,True,0.7928418198053024
variantshift-development-v1,proteingym-v1.3,proteingym-substitutions-v1.3,SDA_BACSU_Tsuboyama_2023_1PV0,SDA_BACSU_Tsuboyama_2023_1PV0,SDA_BACSU,SDA_BACSU,cssf_3a5047c87583,esm2_35m,0.4514635046088784,44,1.0,44,1953,882.2,0.886,0.0,0.5707,1.0,1.1836688526563808,1.5892473809687384,0.0,0.2246817958054433,0.7753182041945567,Prokaryote,Stability,masked-protein-language-model,sequence,known-development-benchmark,available,,histgb,4,0.3351214545271369,0.3351214545271369,0.15605602330219404,-0.3102164112844879,False,,False,-0.11634205008174153,-0.11634205008174153,True,0.3233895453508123
variantshift-development-v1,proteingym-v1.3,proteingym-substitutions-v1.3,SDA_BACSU_Tsuboyama_2023_1PV0,SDA_BACSU_Tsuboyama_2023_1PV0,SDA_BACSU,SDA_BACSU,cssf_3a5047c87583,esm2_650m,0.6081099557106011,44,1.0,44,1953,882.2,0.886,0.0,0.5707,1.0,5.4651807398613395,1.7849635556826684,0.0,0.0969204029423409,0.9030795970576592,Prokaryote,Stability,masked-protein-language-model,sequence,known-development-benchmark,available,,histgb,4,0.6229039638864717,0.6229039638864717,0.12756322383922727,0.09539226080374852,False,,False,0.014794008175870621,0.014794008175870621,True,0.8274847105704586
variantshift-development-v1,proteingym-v1.3,proteingym-substitutions-v1.3,SDA_BACSU_Tsuboyama_2023_1PV0,SDA_BACSU_Tsuboyama_2023_1PV0,SDA_BACSU,SDA_BACSU,cssf_3a5047c87583,esm2_8m,0.3908148141737163,44,1.0,44,1953,882.2,0.886,0.0,0.5707,1.0,1.2046622871040715,1.5910883498916168,0.0,0.2227417853907202,0.7772582146092798,Prokaryote,Stability,masked-protein-language-model,sequence,known-development-benchmark,available,,histgb,4,0.3665011718914059,0.3665011718914059,0.15903337659121036,-0.29114893138881265,False,,False,-0.024313642282310366,-0.024313642282310366,True,0.32702356338788013
variantshift-development-v1,proteingym-v1.3,proteingym-substitutions-v1.3,SDA_BACSU_Tsuboyama_2023_1PV0,SDA_BACSU_Tsuboyama_2023_1PV0,SDA_BACSU,SDA_BACSU,cssf_3a5047c87583,vespag,0.6105478642156442,44,1.0,44,1953,882.2,0.886,0.0,0.5707,1.0,0.0565641109862127,3.0481940928196636,0.0,0.1062650917528678,0.8937349082471322,Prokaryote,Stability,distilled-evolutionary-variant-effect-model,sequence,known-development-benchmark,available,,histgb,4,0.7550844388555169,0.7550844388555169,0.11475249469760392,0.28054889413444134,True,-1.288135697401769,True,0.14453657463987268,0.14453657463987268,True,0.735525175676776
variantshift-development-v1,proteingym-v1.3,proteingym-substitutions-v1.3,SERC_HUMAN_Xie_2023,SERC_HUMAN_Xie_2023,SERC_HUMAN,SERC_HUMAN,cssf_f2035d659d6a,carp_640m,0.4831045745451108,370,0.9891891891891892,366,232438,43437.3,0.949,0.0,0.3187,1.0,3.465482465684152,1.6918848558269597,0.0,0.0999116990684263,0.9000883009315737,Human,OrganismalFitness,convolutional-protein-language-model,sequence,known-development-benchmark,available,,histgb,2,0.6736256694060179,0.6736256694060179,0.15074239423301417,0.2796642785912264,False,,False,0.19052109486090707,0.19052109486090707,True,0.5685838597970986
variantshift-development-v1,proteingym-v1.3,proteingym-substitutions-v1.3,SERC_HUMAN_Xie_2023,SERC_HUMAN_Xie_2023,SERC_HUMAN,SERC_HUMAN,cssf_f2035d659d6a,esm2_150m,0.4775806718783648,370,0.9891891891891892,366,232438,43437.3,0.949,0.0,0.3187,1.0,3.194712527809293,1.3772854179066174,0.0,0.1001895020884001,0.8998104979115998,Human,OrganismalFitness,masked-protein-language-model,sequence,known-development-benchmark,available,,histgb,2,0.4856440449809172,0.4856440449809172,0.1569379995964341,0.07549059805389813,False,,False,0.008063373102552396,0.008063373102552396,True,0.4396825763491112
variantshift-development-v1,proteingym-v1.3,proteingym-substitutions-v1.3,SERC_HUMAN_Xie_2023,SERC_HUMAN_Xie_2023,SERC_HUMAN,SERC_HUMAN,cssf_f2035d659d6a,esm2_35m,0.3971350658003441,370,0.9891891891891892,366,232438,43437.3,0.949,0.0,0.3187,1.0,2.5523182493878376,1.1431362238130718,0.0,0.1476351274839207,0.8523648725160793,Human,OrganismalFitness,masked-protein-language-model,sequence,known-development-benchmark,available,,histgb,2,0.3883980224811438,0.3883980224811438,0.11833236709633349,0.07913940842718115,False,,False,-0.008737043319200277,-0.008737043319200277,True,0.31595422471514106
variantshift-development-v1,proteingym-v1.3,proteingym-substitutions-v1.3,SERC_HUMAN_Xie_2023,SERC_HUMAN_Xie_2023,SERC_HUMAN,SERC_HUMAN,cssf_f2035d659d6a,esm2_650m,0.5097345087046786,370,0.9891891891891892,366,232438,43437.3,0.949,0.0,0.3187,1.0,3.592091402955425,1.4687798400852543,0.0,0.1112923393117697,0.8887076606882303,Human,OrganismalFitness,masked-protein-language-model,sequence,known-development-benchmark,available,,histgb,2,0.6241746963846417,0.6241746963846417,0.16201564979067312,0.20075094057887927,False,,False,0.11444018767996311,0.11444018767996311,True,0.4772726950308028
variantshift-development-v1,proteingym-v1.3,proteingym-substitutions-v1.3,SERC_HUMAN_Xie_2023,SERC_HUMAN_Xie_2023,SERC_HUMAN,SERC_HUMAN,cssf_f2035d659d6a,esm2_8m,0.005220230234308,370,0.9891891891891892,366,232438,43437.3,0.949,0.0,0.3187,1.0,1.3690087184311888,1.4528499302831777,0.0,0.3246648922506878,0.6753351077493122,Human,OrganismalFitness,masked-protein-language-model,sequence,known-development-benchmark,available,,histgb,2,0.17007065501242882,0.17007065501242882,0.12226737943716671,-0.1494720131230399,False,,False,0.1648504247781208,0.1648504247781208,True,0.16745038750758262
variantshift-development-v1,proteingym-v1.3,proteingym-substitutions-v1.3,SERC_HUMAN_Xie_2023,SERC_HUMAN_Xie_2023,SERC_HUMAN,SERC_HUMAN,cssf_f2035d659d6a,vespag,0.5166365316718061,370,0.9891891891891892,366,232438,43437.3,0.949,0.0,0.3187,1.0,0.1700162955930249,2.09662878823417,0.0,0.1017391207355189,0.8982608792644811,Human,OrganismalFitness,distilled-evolutionary-variant-effect-model,sequence,known-development-benchmark,available,,histgb,2,0.6743749750275363,0.6743749750275363,0.16134772668350636,0.2526968191745649,True,1.3873958681761023,True,0.15773844335573017,0.15773844335573017,True,0.4400967670766782
variantshift-development-v1,proteingym-v1.3,proteingym-substitutions-v1.3,SHOC2_HUMAN_Kwon_2022,SHOC2_HUMAN_Kwon_2022,SHOC2_HUMAN,SHOC2_HUMAN,cssf_6f5083a5504d,carp_640m,0.4555107235415244,582,0.993127147766323,578,22163,9048.0,0.777,0.0,0.2301,1.0,4.839088386119545,1.653722205795046,0.0,0.1821330231931113,0.8178669768068887,Human,OrganismalFitness,convolutional-protein-language-model,sequence,known-development-benchmark,available,,histgb,1,0.43725115242189516,0.45846528785813145,0.19411943351342184,0.013212913610085752,False,,False,-0.018259571119629225,0.0029545643166070668,True,0.663951543299598
variantshift-development-v1,proteingym-v1.3,proteingym-substitutions-v1.3,SHOC2_HUMAN_Kwon_2022,SHOC2_HUMAN_Kwon_2022,SHOC2_HUMAN,SHOC2_HUMAN,cssf_6f5083a5504d,esm2_150m,0.1303292507650501,582,0.993127147766323,578,22163,9048.0,0.777,0.0,0.2301,1.0,3.499763676222225,1.1085326052891544,0.0,0.1239120275784031,0.8760879724215969,Human,OrganismalFitness,masked-protein-language-model,sequence,known-development-benchmark,available,,histgb,1,0.40247027081868414,0.4103033951517343,0.1755337120223513,0.007681150567857009,False,,False,0.27214102005363405,0.2799741443866842,True,0.4431639729119745
variantshift-development-v1,proteingym-v1.3,proteingym-substitutions-v1.3,SHOC2_HUMAN_Kwon_2022,SHOC2_HUMAN_Kwon_2022,SHOC2_HUMAN,SHOC2_HUMAN,cssf_6f5083a5504d,esm2_35m,0.1259019584695169,582,0.993127147766323,578,22163,9048.0,0.777,0.0,0.2301,1.0,3.357288170391038,1.0666472610935018,0.0,0.1268443800263956,0.8731556199736044,Human,OrganismalFitness,masked-protein-language-model,sequence,known-development-benchmark,available,,histgb,1,0.3594218093175863,0.3480991278331278,0.14868820306477223,0.0070525142147756514,False,,False,0.23351985084806942,0.2221971693636109,True,0.42171524259187865
variantshift-development-v1,proteingym-v1.3,proteingym-substitutions-v1.3,SHOC2_HUMAN_Kwon_2022,SHOC2_HUMAN_Kwon_2022,SHOC2_HUMAN,SHOC2_HUMAN,cssf_6f5083a5504d,esm2_650m,0.3160702038369841,582,0.993127147766323,578,22163,9048.0,0.777,0.0,0.2301,1.0,4.661328342131585,1.6171418181236812,0.0,0.1595286229999034,0.8404713770000966,Human,OrganismalFitness,masked-protein-language-model,sequence,known-development-benchmark,available,,histgb,1,0.5051354370449911,0.5050819127053232,0.19106139892967758,0.06684376230030464,False,,False,0.189065233208007,0.18901170886833912,True,0.6094691896351705
variantshift-development-v1,proteingym-v1.3,proteingym-substitutions-v1.3,SHOC2_HUMAN_Kwon_2022,SHOC2_HUMAN_Kwon_2022,SHOC2_HUMAN,SHOC2_HUMAN,cssf_6f5083a5504d,esm2_8m,0.123557687902524,582,0.993127147766323,578,22163,9048.0,0.777,0.0,0.2301,1.0,3.074224415371303,1.0570274647265636,0.0,0.1347922699048229,0.865207730095177,Human,OrganismalFitness,masked-protein-language-model,sequence,known-development-benchmark,available,,histgb,1,0.29734862491780445,0.2638490614685842,0.14264943034679017,-0.06334639958064647,False,,False,0.17379093701528045,0.14029137356606022,True,0.39384046659602845
variantshift-development-v1,proteingym-v1.3,proteingym-substitutions-v1.3,SHOC2_HUMAN_Kwon_2022,SHOC2_HUMAN_Kwon_2022,SHOC2_HUMAN,SHOC2_HUMAN,cssf_6f5083a5504d,vespag,0.4068297783504308,582,0.993127147766323,578,22163,9048.0,0.777,0.0,0.2301,1.0,0.0884822036224344,2.4445333568148624,0.0,0.1239120275784031,0.8760879724215969,Human,OrganismalFitness,distilled-evolutionary-variant-effect-model,sequence,known-development-benchmark,available,,histgb,1,0.4878816021019089,0.5180580660949247,0.23052641601054402,-0.010701121987552908,True,0.47552296504320984,False,0.08105182375147807,0.11122828774449384,True,0.5825918129040127
variantshift-development-v1,proteingym-v1.3,proteingym-substitutions-v1.3,SOX30_HUMAN_Tsuboyama_2023_7JJK,SOX30_HUMAN_Tsuboyama_2023_7JJK,SOX30_HUMAN,SOX30_HUMAN,cssf_6cc095ce3976,carp_640m,0.5034930462048126,57,1.0,57,158104,14947.5,0.982,0.0,0.4393,1.0,2.930010722229436,1.9587507162766735,0.0,0.148254841776714,0.851745158223286,Human,Stability,convolutional-protein-language-model,sequence,known-development-benchmark,available,,histgb,3,0.730507487152752,0.730507487152752,0.07520175773893124,0.5979440599313824,False,,False,0.22701444094793943,0.22701444094793943,False,0.5765864731655215
variantshift-development-v1,proteingym-v1.3,proteingym-substitutions-v1.3,SOX30_HUMAN_Tsuboyama_2023_7JJK,SOX30_HUMAN_Tsuboyama_2023_7JJK,SOX30_HUMAN,SOX30_HUMAN,cssf_6cc095ce3976,esm2_150m,0.6277310478661445,57,1.0,57,158104,14947.5,0.982,0.0,0.4393,1.0,2.9532126402082057,1.5355397078671713,0.0,0.100961546160939,0.899038453839061,Human,Stability,masked-protein-language-model,sequence,known-development-benchmark,available,,histgb,3,0.6715608863249625,0.6715608863249625,0.17911845576599517,0.3558161871469102,False,,False,0.04382983845881794,0.04382983845881794,True,0.4515629705560543
variantshift-development-v1,proteingym-v1.3,proteingym-substitutions-v1.3,SOX30_HUMAN_Tsuboyama_2023_7JJK,SOX30_HUMAN_Tsuboyama_2023_7JJK,SOX30_HUMAN,SOX30_HUMAN,cssf_6cc095ce3976,esm2_35m,0.5338753841075559,57,1.0,57,158104,14947.5,0.982,0.0,0.4393,1.0,2.5421368677530367,1.6197064938212276,0.0,0.0979280898566251,0.9020719101433748,Human,Stability,masked-protein-language-model,sequence,known-development-benchmark,available,,histgb,3,0.6957798515442192,0.6957798515442192,0.17682613445694306,0.3840759883540099,False,,False,0.1619044674366633,0.1619044674366633,True,0.4338560467476724
variantshift-development-v1,proteingym-v1.3,proteingym-substitutions-v1.3,SOX30_HUMAN_Tsuboyama_2023_7JJK,SOX30_HUMAN_Tsuboyama_2023_7JJK,SOX30_HUMAN,SOX30_HUMAN,cssf_6cc095ce3976,esm2_650m,0.5826126020652981,57,1.0,57,158104,14947.5,0.982,0.0,0.4393,1.0,2.9729753132981043,1.5043152096875114,0.0,0.0931229301477524,0.9068770698522476,Human,Stability,masked-protein-language-model,sequence,known-development-benchmark,available,,histgb,3,0.6708316166012509,0.6708316166012509,0.16953622344995506,0.3719781922342931,False,,False,0.08821901453595282,0.08821901453595282,True,0.4504423703234589
variantshift-development-v1,proteingym-v1.3,proteingym-substitutions-v1.3,SOX30_HUMAN_Tsuboyama_2023_7JJK,SOX30_HUMAN_Tsuboyama_2023_7JJK,SOX30_HUMAN,SOX30_HUMAN,cssf_6cc095ce3976,esm2_8m,0.4708098249233233,57,1.0,57,158104,14947.5,0.982,0.0,0.4393,1.0,2.1027634390318077,1.5900455818739436,0.0,0.1351102585180069,0.864889741481993,Human,Stability,masked-protein-language-model,sequence,known-development-benchmark,available,,histgb,3,0.4518605610269139,0.4518605610269139,0.2268176711011371,0.052033100345494854,False,,False,-0.018949263896409385,-0.018949263896409385,True,0.3672704407577094
variantshift-development-v1,proteingym-v1.3,proteingym-substitutions-v1.3,SOX30_HUMAN_Tsuboyama_2023_7JJK,SOX30_HUMAN_Tsuboyama_2023_7JJK,SOX30_HUMAN,SOX30_HUMAN,cssf_6cc095ce3976,vespag,0.5148562732431661,57,1.0,57,158104,14947.5,0.982,0.0,0.4393,1.0,0.0654983288486089,2.6221168067480893,0.0,0.129242121025353,0.870757878974647,Human,Stability,distilled-evolutionary-variant-effect-model,sequence,known-development-benchmark,available,,histgb,3,0.601118885277659,0.601118885277659,0.10841132154856209,0.41001462433781954,True,-0.047002560733759656,True,0.08626261203449292,0.08626261203449292,True,0.5554296183163894
variantshift-development-v1,proteingym-v1.3,proteingym-substitutions-v1.3,SPA_STAAU_Tsuboyama_2023_1LP1,SPA_STAAU_Tsuboyama_2023_1LP1,SPA_STAAU,SPA_STAAU,cssf_5e471b6b3e5d,carp_640m,0.3636787303370016,55,1.0,55,184804,2061.2,0.927,0.0,0.4716,0.0,1.1944545616211446,1.553784807384102,0.0,0.0437064498162937,0.9562935501837062,Prokaryote,Stability,convolutional-protein-language-model,sequence,known-development-benchmark,available,,histgb,3,0.3953760580864879,0.3953760580864879,0.23611970099358,-0.020848744887629833,False,,False,0.031697327749486304,0.031697327749486304,True,0.43035412980446597
variantshift-development-v1,proteingym-v1.3,proteingym-substitutions-v1.3,SPA_STAAU_Tsuboyama_2023_1LP1,SPA_STAAU_Tsuboyama_2023_1LP1,SPA_STAAU,SPA_STAAU,cssf_5e471b6b3e5d,esm2_150m,0.187324058794824,55,1.0,55,184804,2061.2,0.927,0.0,0.4716,0.0,1.5764205191071563,1.5625823235861434,0.0,0.0343478303477984,0.9656521696522016,Prokaryote,Stability,masked-protein-language-model,sequence,known-development-benchmark,available,,histgb,3,0.2578513157069503,0.2578513157069503,0.26067244181748667,-0.20165433028408702,False,,False,0.0705272569121263,0.0705272569121263,True,0.4158557141020636
variantshift-development-v1,proteingym-v1.3,proteingym-substitutions-v1.3,SPA_STAAU_Tsuboyama_2023_1LP1,SPA_STAAU_Tsuboyama_2023_1LP1,SPA_STAAU,SPA_STAAU,cssf_5e471b6b3e5d,esm2_35m,0.2346862128408378,55,1.0,55,184804,2061.2,0.927,0.0,0.4716,0.0,1.4674473784647846,1.5787215726306822,0.0,0.0346576336446597,0.9653423663553402,Prokaryote,Stability,masked-protein-language-model,sequence,known-development-benchmark,available,,histgb,3,0.24835751284052854,0.24835751284052854,0.2706791464889136,-0.22878765523510652,False,,False,0.013671299999690745,0.013671299999690745,True,0.4092038099991166
variantshift-development-v1,proteingym-v1.3,proteingym-substitutions-v1.3,SPA_STAAU_Tsuboyama_2023_1LP1,SPA_STAAU_Tsuboyama_2023_1LP1,SPA_STAAU,SPA_STAAU,cssf_5e471b6b3e5d,esm2_650m,0.3495925271129964,55,1.0,55,184804,2061.2,0.927,0.0,0.4716,0.0,1.6331120240645418,1.4723647919601066,0.0,0.0412178259626316,0.9587821740373684,Prokaryote,Stability,masked-protein-language-model,sequence,known-development-benchmark,available,,histgb,3,0.23648709992438902,0.23648709992438902,0.21564245380274424,-0.14364101928470205,False,,False,-0.11310542718860736,-0.11310542718860736,True,0.3973531872240338
variantshift-development-v1,proteingym-v1.3,proteingym-substitutions-v1.3,SPA_STAAU_Tsuboyama_2023_1LP1,SPA_STAAU_Tsuboyama_2023_1LP1,SPA_STAAU,SPA_STAAU,cssf_5e471b6b3e5d,esm2_8m,0.2438873859385914,55,1.0,55,184804,2061.2,0.927,0.0,0.4716,0.0,1.6417830709798016,1.6202139665338564,0.0,0.0437064498162937,0.9562935501837062,Prokaryote,Stability,masked-protein-language-model,sequence,known-development-benchmark,available,,histgb,3,0.2906081126223762,0.2906081126223762,0.21000900554768742,-0.07958953115345285,False,,False,0.04672072668378477,0.04672072668378477,True,0.43000668307891116
variantshift-development-v1,proteingym-v1.3,proteingym-substitutions-v1.3,SPA_STAAU_Tsuboyama_2023_1LP1,SPA_STAAU_Tsuboyama_2023_1LP1,SPA_STAAU,SPA_STAAU,cssf_5e471b6b3e5d,vespag,0.2757282671341949,55,1.0,55,184804,2061.2,0.927,0.0,0.4716,0.0,0.0501200625916133,2.8225920880679767,0.0,0.3396365324591619,0.6603634675408381,Prokaryote,Stability,distilled-evolutionary-variant-effect-model,sequence,known-development-benchmark,available,,histgb,3,0.6438982292989527,0.6438982292989527,0.10488022041712923,0.459018488661857,True,-0.892536705803434,True,0.3681699621647578,0.3681699621647578,False,0.5419870891868274
variantshift-development-v1,proteingym-v1.3,proteingym-substitutions-v1.3,SPG1_STRSG_Olson_2014,SPG1_STRSG_Olson_2014,SPG1_STRSG,SPG1_STRSG,cssf_b501bf9efe41,carp_640m,0.2204449025057381,448,0.1227678571428571,55,44,2.2,0.913,0.0,0.2424,1.0,2.354977707210862,1.4983109005292257,0.0,0.139734348935076,0.8602656510649239,Prokaryote,Binding,convolutional-protein-language-model,sequence,known-development-benchmark,available,,histgb,2,0.4161641948904045,0.4161641948904045,0.3166849235793306,-0.41148375098562645,False,,False,0.19571929238466643,0.19571929238466643,True,0.42353824476914864
variantshift-development-v1,proteingym-v1.3,proteingym-substitutions-v1.3,SPG1_STRSG_Olson_2014,SPG1_STRSG_Olson_2014,SPG1_STRSG,SPG1_STRSG,cssf_b501bf9efe41,esm2_150m,0.4667980915112263,448,0.1227678571428571,55,44,2.2,0.913,0.0,0.2424,1.0,4.095733664507893,1.8388777324425276,0.0,0.0815178122745527,0.9184821877254472,Prokaryote,Binding,masked-protein-language-model,sequence,known-development-benchmark,available,,histgb,2,0.38503588390783094,0.38503588390783094,0.24832815033284655,-0.26396338389182217,False,,False,-0.08176220760339536,-0.08176220760339536,True,0.6032076205540775
variantshift-development-v1,proteingym-v1.3,proteingym-substitutions-v1.3,SPG1_STRSG_Olson_2014,SPG1_STRSG_Olson_2014,SPG1_STRSG,SPG1_STRSG,cssf_b501bf9efe41,esm2_35m,0.5699493725550302,448,0.1227678571428571,55,44,2.2,0.913,0.0,0.2424,1.0,4.000235521578184,1.8171417933134288,0.0,0.0918249843534046,0.9081750156465952,Prokaryote,Binding,masked-protein-language-model,sequence,known-development-benchmark,available,,histgb,2,0.38412540795922184,0.38412540795922184,0.2577960895761278,-0.289618076830028,False,,False,-0.18582396459580836,-0.18582396459580836,True,0.5850300363884452
variantshift-development-v1,proteingym-v1.3,proteingym-substitutions-v1.3,SPG1_STRSG_Olson_2014,SPG1_STRSG_Olson_2014,SPG1_STRSG,SPG1_STRSG,cssf_b501bf9efe41,esm2_650m,0.4915891422520013,448,0.1227678571428571,55,44,2.2,0.913,0.0,0.2424,1.0,4.11603414712182,1.8059064756773553,0.0,0.0790619501484983,0.9209380498515016,Prokaryote,Binding,masked-protein-language-model,sequence,known-development-benchmark,available,,histgb,2,0.38724951565865123,0.38724951565865123,0.2557740678392499,-0.28120946705159616,False,,False,-0.10433962659335005,-0.10433962659335005,True,0.6000096214957642
variantshift-development-v1,proteingym-v1.3,proteingym-substitutions-v1.3,SPG1_STRSG_Olson_2014,SPG1_STRSG_Olson_2014,SPG1_STRSG,SPG1_STRSG,cssf_b501bf9efe41,esm2_8m,0.6012817937155871,448,0.1227678571428571,55,44,2.2,0.913,0.0,0.2424,1.0,3.604500142156587,1.8848615196474092,0.0,0.0951430914529425,0.9048569085470576,Prokaryote,Binding,masked-protein-language-model,sequence,known-development-benchmark,available,,histgb,2,0.3439059581692759,0.3439059581692759,0.25973421188479023,-0.3349027596897735,False,,False,-0.2573758355463112,-0.2573758355463112,True,0.5680433269656631
variantshift-development-v1,proteingym-v1.3,proteingym-substitutions-v1.3,SPG1_STRSG_Olson_2014,SPG1_STRSG_Olson_2014,SPG1_STRSG,SPG1_STRSG,cssf_b501bf9efe41,vespag,0.5939143636354157,448,0.1227678571428571,55,44,2.2,0.913,0.0,0.2424,1.0,0.0294430313420738,2.648166147039422,0.0,0.176550415508381,0.823449584491619,Prokaryote,Binding,distilled-evolutionary-variant-effect-model,sequence,known-development-benchmark,available,,histgb,2,0.44924853671972387,0.44924853671972387,0.25512880309682073,-0.21752406309429473,True,-3.7368976435179553,False,-0.14466582691569185,-0.14466582691569185,True,0.48184222839849833
variantshift-development-v1,proteingym-v1.3,proteingym-substitutions-v1.3,SPG2_STRSG_Tsuboyama_2023_5UBS,SPG2_STRSG_Tsuboyama_2023_5UBS,SPG2_STRSG,SPG2_STRSG,cssf_b501bf9efe41,carp_640m,0.4773129250113708,56,1.0,56,39899,3166.9,0.75,0.0,0.5563,1.0,1.7826703633687635,1.5744323046742577,0.0,0.0935295083490145,0.9064704916509856,Prokaryote,Stability,convolutional-protein-language-model,sequence,known-development-benchmark,available,,histgb,2,0.6317832443192818,0.6317832443192818,0.18752946658683428,0.14167978104866297,False,,False,0.154470319307911,0.154470319307911,True,0.5732040460474652
variantshift-development-v1,proteingym-v1.3,proteingym-substitutions-v1.3,SPG2_STRSG_Tsuboyama_2023_5UBS,SPG2_STRSG_Tsuboyama_2023_5UBS,SPG2_STRSG,SPG2_STRSG,cssf_b501bf9efe41,esm2_150m,0.2614409555048709,56,1.0,56,39899,3166.9,0.75,0.0,0.5563,1.0,2.8924557930032497,0.9899081334679068,0.0,0.05517276393652,0.94482723606348,Prokaryote,Stability,masked-protein-language-model,sequence,known-development-benchmark,available,,histgb,2,0.522679939519667,0.522679939519667,0.12796856955137287,0.18823735687693427,False,,False,0.26123898401479606,0.26123898401479606,True,0.5162373870813184
variantshift-development-v1,proteingym-v1.3,proteingym-substitutions-v1.3,SPG2_STRSG_Tsuboyama_2023_5UBS,SPG2_STRSG_Tsuboyama_2023_5UBS,SPG2_STRSG,SPG2_STRSG,cssf_b501bf9efe41,esm2_35m,0.2886504898407148,56,1.0,56,39899,3166.9,0.75,0.0,0.5563,1.0,2.510157454267773,1.0751007375698742,0.0,0.0634050362211309,0.9365949637788692,Prokaryote,Stability,masked-protein-language-model,sequence,known-development-benchmark,available,,histgb,2,0.5352283023462115,0.5352283023462115,0.13176833787312167,0.1908551224058389,False,,False,0.24657781250549676,0.24657781250549676,True,0.5000793128529234
variantshift-development-v1,proteingym-v1.3,proteingym-substitutions-v1.3,SPG2_STRSG_Tsuboyama_2023_5UBS,SPG2_STRSG_Tsuboyama_2023_5UBS,SPG2_STRSG,SPG2_STRSG,cssf_b501bf9efe41,esm2_650m,0.3996674313721989,56,1.0,56,39899,3166.9,0.75,0.0,0.5563,1.0,3.252823156696411,0.9148806480235844,0.0,0.0584021117681266,0.9415978882318734,Prokaryote,Stability,masked-protein-language-model,sequence,known-development-benchmark,available,,histgb,2,0.5741093514190896,0.5741093514190896,0.14696205455316905,0.1900277816433748,False,,False,0.17444192004689069,0.17444192004689069,True,0.524700908211958
variantshift-development-v1,proteingym-v1.3,proteingym-substitutions-v1.3,SPG2_STRSG_Tsuboyama_2023_5UBS,SPG2_STRSG_Tsuboyama_2023_5UBS,SPG2_STRSG,SPG2_STRSG,cssf_b501bf9efe41,esm2_8m,0.0349088400014816,56,1.0,56,39899,3166.9,0.75,0.0,0.5563,1.0,2.400145245900497,1.1314674250912982,0.0,0.0815083120906583,0.9184916879093415,Prokaryote,Stability,masked-protein-language-model,sequence,known-development-benchmark,available,,histgb,2,0.5334769998116462,0.5334769998116462,0.11347129423729493,0.23692267531167982,False,,False,0.4985681598101646,0.4985681598101646,False,0.4904251070222456
variantshift-development-v1,proteingym-v1.3,proteingym-substitutions-v1.3,SPG2_STRSG_Tsuboyama_2023_5UBS,SPG2_STRSG_Tsuboyama_2023_5UBS,SPG2_STRSG,SPG2_STRSG,cssf_b501bf9efe41,vespag,0.4461996914032497,56,1.0,56,39899,3166.9,0.75,0.0,0.5563,1.0,0.0700483143404864,2.5871217696723066,0.0,0.1566869224141367,0.8433130775858633,Prokaryote,Stability,distilled-evolutionary-variant-effect-model,sequence,known-development-benchmark,available,,histgb,2,0.5612622856138247,0.5612622856138247,0.1526412441233715,0.16233829918974946,True,-1.0351156328972824,True,0.11506259421057502,0.11506259421057502,True,0.6292887416036543
variantshift-development-v1,proteingym-v1.3,proteingym-substitutions-v1.3,SPIKE_SARS2_Starr_2020_binding,SPIKE_SARS2_Starr_2020_binding,SPIKE_SARS2,SPIKE_SARS2,cssf_761ae81d509c,carp_640m,-0.1402008328364567,1273,0.1578947368421052,201,36931,1347.0,0.998,0.0,0.198,1.0,0.9581326351467756,1.5226749996064868,0.0,0.0408738289235088,0.9591261710764912,Virus,Binding,convolutional-protein-language-model,sequence,known-development-benchmark,available,,histgb,1,0.5081659323953115,0.5116513728381937,0.26654366650657135,-0.09972069952376506,False,,False,0.6483667652317682,0.6518522056746504,False,0.4053078763627143
variantshift-development-v1,proteingym-v1.3,proteingym-substitutions-v1.3,SPIKE_SARS2_Starr_2020_binding,SPIKE_SARS2_Starr_2020_binding,SPIKE_SARS2,SPIKE_SARS2,cssf_761ae81d509c,esm2_150m,-0.0994427274010861,1273,0.1578947368421052,201,36931,1347.0,0.998,0.0,0.198,1.0,0.9504462762182192,1.5388772020747472,0.0,0.033702185953772,0.966297814046228,Virus,Binding,masked-protein-language-model,sequence,known-development-benchmark,available,,histgb,1,0.43332362008370484,0.4334434071004998,0.24333851198962908,-0.1247029270833857,False,,False,0.5327663474847909,0.5328861345015858,True,0.3625014958196927
variantshift-development-v1,proteingym-v1.3,proteingym-substitutions-v1.3,SPIKE_SARS2_Starr_2020_binding,SPIKE_SARS2_Starr_2020_binding,SPIKE_SARS2,SPIKE_SARS2,cssf_761ae81d509c,esm2_35m,-0.0653473624889405,1273,0.1578947368421052,201,36931,1347.0,0.998,0.0,0.198,1.0,0.9558735990225417,1.4362365806718562,0.0,0.0437220251839749,0.9562779748160252,Virus,Binding,masked-protein-language-model,sequence,known-development-benchmark,available,,histgb,1,0.4198840916603103,0.39344583959017077,0.19732476162394638,-0.05915860614100327,False,,False,0.48523145414925084,0.4587932020791113,False,0.332350483402152
variantshift-development-v1,proteingym-v1.3,proteingym-substitutions-v1.3,SPIKE_SARS2_Starr_2020_binding,SPIKE_SARS2_Starr_2020_binding,SPIKE_SARS2,SPIKE_SARS2,cssf_761ae81d509c,esm2_650m,-0.0488207882302149,1273,0.1578947368421052,201,36931,1347.0,0.998,0.0,0.198,1.0,0.8816608045184072,1.4973766638804251,0.0,0.0437220251839749,0.9562779748160252,Virus,Binding,masked-protein-language-model,sequence,known-development-benchmark,available,,histgb,1,0.4199556499209896,0.44119707236232203,0.19921973693386363,-0.015753884383287564,False,,False,0.4687764381512045,0.49001786059253694,False,0.3408028459913962
variantshift-development-v1,proteingym-v1.3,proteingym-substitutions-v1.3,SPIKE_SARS2_Starr_2020_binding,SPIKE_SARS2_Starr_2020_binding,SPIKE_SARS2,SPIKE_SARS2,cssf_761ae81d509c,esm2_8m,-0.1414291593016323,1273,0.1578947368421052,201,36931,1347.0,0.998,0.0,0.198,1.0,0.8784208762604753,1.538482369542682,0.0,0.040373342902081,0.959626657097919,Virus,Binding,masked-protein-language-model,sequence,known-development-benchmark,available,,histgb,1,0.4192127569766416,0.3552471605127121,0.2431590007202052,-0.20248742809027698,False,,False,0.5606419162782739,0.4966763198143444,True,0.3522936066183472
variantshift-development-v1,proteingym-v1.3,proteingym-substitutions-v1.3,SPIKE_SARS2_Starr_2020_binding,SPIKE_SARS2_Starr_2020_binding,SPIKE_SARS2,SPIKE_SARS2,cssf_761ae81d509c,vespag,0.5181077084694466,1273,0.1578947368421052,201,36931,1347.0,0.998,0.0,0.198,1.0,0.0373370392480895,2.6266083236026017,0.0,0.414096660702659,0.585903339297341,Virus,Binding,distilled-evolutionary-variant-effect-model,sequence,known-development-benchmark,available,,histgb,1,0.5478588293759137,0.5630409865504282,0.15256255649041692,0.2131077559137698,True,0.12486953520298044,True,0.029751120906467032,0.044933278080981576,True,0.32767866488885977
variantshift-development-v1,proteingym-v1.3,proteingym-substitutions-v1.3,SPIKE_SARS2_Starr_2020_expression,SPIKE_SARS2_Starr_2020_expression,SPIKE_SARS2,SPIKE_SARS2,cssf_761ae81d509c,carp_640m,-0.228135489599217,1273,0.1578947368421052,201,36931,1347.0,0.998,0.0,0.198,1.0,0.9585639760649134,1.5233570531587026,0.0,0.0408897500546456,0.9591102499453544,Virus,Expression,convolutional-protein-language-model,sequence,known-development-benchmark,available,,histgb,1,0.5241015528862547,0.5236030882064011,0.28997376948662595,-0.1415106873530596,False,,False,0.7522370424854717,0.7517385778056181,False,0.405477254419583
variantshift-development-v1,proteingym-v1.3,proteingym-substitutions-v1.3,SPIKE_SARS2_Starr_2020_expression,SPIKE_SARS2_Starr_2020_expression,SPIKE_SARS2,SPIKE_SARS2,cssf_761ae81d509c,esm2_150m,-0.2211263809768465,1273,0.1578947368421052,201,36931,1347.0,0.998,0.0,0.198,1.0,0.9508598707412808,1.539511786337297,0.0,0.0337160216319212,0.9662839783680788,Virus,Expression,masked-protein-language-model,sequence,known-development-benchmark,available,,histgb,1,0.4521336406028659,0.4475509224898706,0.26045749190666295,-0.14986127145265116,False,,False,0.6732600215797124,0.668677303466717,False,0.3626606876260075
variantshift-development-v1,proteingym-v1.3,proteingym-substitutions-v1.3,SPIKE_SARS2_Starr_2020_expression,SPIKE_SARS2_Starr_2020_expression,SPIKE_SARS2,SPIKE_SARS2,cssf_761ae81d509c,esm2_35m,-0.1612419894258618,1273,0.1578947368421052,201,36931,1347.0,0.998,0.0,0.198,1.0,0.9563059580318644,1.436752701557208,0.0,0.0437306403448223,0.9562693596551776,Virus,Expression,masked-protein-language-model,sequence,known-development-benchmark,available,,histgb,1,0.44428632076777114,0.4117475114207664,0.2277763909335629,-0.11070393522333088,False,,False,0.605528310193633,0.5729895008466281,False,0.3324886392422372
variantshift-development-v1,proteingym-v1.3,proteingym-substitutions-v1.3,SPIKE_SARS2_Starr_2020_expression,SPIKE_SARS2_Starr_2020_expression,SPIKE_SARS2,SPIKE_SARS2,cssf_761ae81d509c,esm2_650m,-0.2419490613367358,1273,0.1578947368421052,201,36931,1347.0,0.998,0.0,0.198,1.0,0.8820301345765238,1.4979202180203428,0.0,0.0437306403448223,0.9562693596551776,Virus,Expression,masked-protein-language-model,sequence,known-development-benchmark,available,,histgb,1,0.44136039650874137,0.45725063230313584,0.22967136624348014,-0.06954732535539704,False,,False,0.6833094578454771,0.6991996936398717,False,0.34094273277603837
variantshift-development-v1,proteingym-v1.3,proteingym-substitutions-v1.3,SPIKE_SARS2_Starr_2020_expression,SPIKE_SARS2_Starr_2020_expression,SPIKE_SARS2,SPIKE_SARS2,cssf_761ae81d509c,esm2_8m,-0.262285708616972,1273,0.1578947368421052,201,36931,1347.0,0.998,0.0,0.198,1.0,0.8788964138165833,1.5389208681414168,0.0,0.0403897075779471,0.9596102924220528,Virus,Expression,masked-protein-language-model,sequence,known-development-benchmark,available,,histgb,1,0.4406175035643934,0.37130072045352597,0.2602779806372391,-0.2256997279080995,False,,False,0.7029032121813654,0.633586429070498,False,0.3524115380680749
variantshift-development-v1,proteingym-v1.3,proteingym-substitutions-v1.3,SPIKE_SARS2_Starr_2020_expression,SPIKE_SARS2_Starr_2020_expression,SPIKE_SARS2,SPIKE_SARS2,cssf_761ae81d509c,vespag,0.567935533496313,1273,0.1578947368421052,201,36931,1347.0,0.998,0.0,0.198,1.0,0.0373356252671594,2.6279861602782613,0.0,0.4144732156180641,0.5855267843819358,Virus,Expression,distilled-evolutionary-variant-effect-model,sequence,known-development-benchmark,available,,histgb,1,0.5586135925902244,0.5711070589611613,0.1857513159158762,0.1450486631873853,True,0.15102407509306964,True,-0.009321940906088622,0.003171525464848335,True,0.32769570627430034
variantshift-development-v1,proteingym-v1.3,proteingym-substitutions-v1.3,SPTN1_CHICK_Tsuboyama_2023_1TUD,SPTN1_CHICK_Tsuboyama_2023_1TUD,SPTN1_CHICK,SPTN1_CHICK,cssf_b0e1111705e5,carp_640m,0.6276992762837872,60,1.0,60,420793,17136.8,0.933,0.0,0.5773,0.0,2.5666113922740563,1.640670549079967,0.0,0.1491536179282864,0.8508463820717136,Eukaryote,Stability,convolutional-protein-language-model,sequence,known-development-benchmark,available,,histgb,3,0.6774646405468766,0.6774646405468766,0.12677767599275738,0.4539847149432239,False,,False,0.04976536426308942,0.04976536426308942,True,0.5664129792497165
variantshift-development-v1,proteingym-v1.3,proteingym-substitutions-v1.3,SPTN1_CHICK_Tsuboyama_2023_1TUD,SPTN1_CHICK_Tsuboyama_2023_1TUD,SPTN1_CHICK,SPTN1_CHICK,cssf_b0e1111705e5,esm2_150m,0.7401747201891618,60,1.0,60,420793,17136.8,0.933,0.0,0.5773,0.0,3.6004470387752563,1.3897906964572064,0.0,0.0812984910292127,0.9187015089707872,Eukaryote,Stability,masked-protein-language-model,sequence,known-development-benchmark,available,,histgb,3,0.6843420626857044,0.6843420626857044,0.10988349770231833,0.4906426933031474,False,,False,-0.05583265750345734,-0.05583265750345734,True,0.5843667829815857
variantshift-development-v1,proteingym-v1.3,proteingym-substitutions-v1.3,SPTN1_CHICK_Tsuboyama_2023_1TUD,SPTN1_CHICK_Tsuboyama_2023_1TUD,SPTN1_CHICK,SPTN1_CHICK,cssf_b0e1111705e5,esm2_35m,0.6646883350390469,60,1.0,60,420793,17136.8,0.933,0.0,0.5773,0.0,3.245270596071434,1.3285115258153757,0.0,0.0783197858560751,0.9216802141439248,Eukaryote,Stability,masked-protein-language-model,sequence,known-development-benchmark,available,,histgb,3,0.6735196803547826,0.6735196803547826,0.10951632818027264,0.4804675465113546,False,,False,0.008831345315735706,0.008831345315735706,True,0.5392228051415535
variantshift-development-v1,proteingym-v1.3,proteingym-substitutions-v1.3,SPTN1_CHICK_Tsuboyama_2023_1TUD,SPTN1_CHICK_Tsuboyama_2023_1TUD,SPTN1_CHICK,SPTN1_CHICK,cssf_b0e1111705e5,esm2_650m,0.7140679675928463,60,1.0,60,420793,17136.8,0.933,0.0,0.5773,0.0,4.487274464647395,1.321657285089846,0.0,0.121165993628338,0.878834006371662,Eukaryote,Stability,masked-protein-language-model,sequence,known-development-benchmark,available,,histgb,3,0.6724975817691644,0.6724975817691644,0.12964399448346448,0.44396499497698994,False,,False,-0.04157038582368189,-0.04157038582368189,True,0.6307992363568572
variantshift-development-v1,proteingym-v1.3,proteingym-substitutions-v1.3,SPTN1_CHICK_Tsuboyama_2023_1TUD,SPTN1_CHICK_Tsuboyama_2023_1TUD,SPTN1_CHICK,SPTN1_CHICK,cssf_b0e1111705e5,esm2_8m,-0.1243398984666562,60,1.0,60,420793,17136.8,0.933,0.0,0.5773,0.0,1.5159705503874223,1.3121889111139482,0.0,0.387777655110413,0.6122223448895869,Eukaryote,Stability,masked-protein-language-model,sequence,known-development-benchmark,available,,histgb,3,0.05632567961703987,0.05632567961703987,0.11031392835648203,-0.13813244015131482,False,,False,0.18066557808369607,0.18066557808369607,True,0.21551471157082241
variantshift-development-v1,proteingym-v1.3,proteingym-substitutions-v1.3,SPTN1_CHICK_Tsuboyama_2023_1TUD,SPTN1_CHICK_Tsuboyama_2023_1TUD,SPTN1_CHICK,SPTN1_CHICK,cssf_b0e1111705e5,vespag,0.8574742642053289,60,1.0,60,420793,17136.8,0.933,0.0,0.5773,0.0,0.0486663619725109,3.0041984194394677,0.0,0.121165993628338,0.878834006371662,Eukaryote,Stability,distilled-evolutionary-variant-effect-model,sequence,known-development-benchmark,available,,histgb,3,0.74693379160839,0.74693379160839,0.07671122471302246,0.611709520792677,True,0.35369034528278953,True,-0.11054047259693889,-0.11054047259693889,True,0.7389406912823065
variantshift-development-v1,proteingym-v1.3,proteingym-substitutions-v1.3,SQSTM_MOUSE_Tsuboyama_2023_2RRU,SQSTM_MOUSE_Tsuboyama_2023_2RRU,SQSTM_MOUSE,SQSTM_MOUSE,cssf_fd3d638b0af8,carp_640m,0.8148578975791813,40,1.0,40,34660,3370.9,0.925,0.0,0.687,1.0,2.9496020659013076,1.8495006450942744,0.0,0.1472803092819141,0.8527196907180858,Eukaryote,Stability,convolutional-protein-language-model,sequence,known-development-benchmark,available,,histgb,2,0.6904694598349034,0.6904694598349034,0.16382977101541074,0.2623045446198011,False,,False,-0.12438843774427788,-0.12438843774427788,True,0.6006687827183714
variantshift-development-v1,proteingym-v1.3,proteingym-substitutions-v1.3,SQSTM_MOUSE_Tsuboyama_2023_2RRU,SQSTM_MOUSE_Tsuboyama_2023_2RRU,SQSTM_MOUSE,SQSTM_MOUSE,cssf_fd3d638b0af8,esm2_150m,0.7004100797860173,40,1.0,40,34660,3370.9,0.925,0.0,0.687,1.0,2.5552119116165377,1.631062820337131,0.0,0.1373287069085126,0.8626712930914874,Eukaryote,Stability,masked-protein-language-model,sequence,known-development-benchmark,available,,histgb,2,0.7607273482777671,0.7607273482777671,0.17467830108124394,0.3042100772786296,True,-0.7070177596365745,True,0.06031726849174979,0.06031726849174979,True,0.4889080126781285
variantshift-development-v1,proteingym-v1.3,proteingym-substitutions-v1.3,SQSTM_MOUSE_Tsuboyama_2023_2RRU,SQSTM_MOUSE_Tsuboyama_2023_2RRU,SQSTM_MOUSE,SQSTM_MOUSE,cssf_fd3d638b0af8,esm2_35m,0.3760429435077123,40,1.0,40,34660,3370.9,0.925,0.0,0.687,1.0,2.1131573238346544,1.5522019806607683,0.0,0.1772920127549043,0.8227079872450956,Eukaryote,Stability,masked-protein-language-model,sequence,known-development-benchmark,available,,histgb,2,0.5562177626696472,0.5562177626696472,0.17987745802031901,0.08611262802270114,False,,False,0.1801748191619349,0.1801748191619349,True,0.41444946073538264
variantshift-development-v1,proteingym-v1.3,proteingym-substitutions-v1.3,SQSTM_MOUSE_Tsuboyama_2023_2RRU,SQSTM_MOUSE_Tsuboyama_2023_2RRU,SQSTM_MOUSE,SQSTM_MOUSE,cssf_fd3d638b0af8,esm2_650m,1.059980867736171,40,1.0,40,34660,3370.9,0.925,0.0,0.687,1.0,3.378156746651538,1.6767041035726775,0.0,0.1489362186189466,0.8510637813810533,Eukaryote,Stability,masked-protein-language-model,sequence,known-development-benchmark,available,,histgb,2,0.7244580757450095,0.7244580757450095,0.15804537980503008,0.3114105189734508,False,,False,-0.33552279199116153,-0.33552279199116153,True,0.5470813365198436
variantshift-development-v1,proteingym-v1.3,proteingym-substitutions-v1.3,SQSTM_MOUSE_Tsuboyama_2023_2RRU,SQSTM_MOUSE_Tsuboyama_2023_2RRU,SQSTM_MOUSE,SQSTM_MOUSE,cssf_fd3d638b0af8,esm2_8m,-0.1345285245253107,40,1.0,40,34660,3370.9,0.925,0.0,0.687,1.0,0.8096772345380114,1.702204831159203,0.0,0.3260052385486716,0.6739947614513284,Eukaryote,Stability,masked-protein-language-model,sequence,known-development-benchmark,available,,histgb,2,0.1899197092995518,0.1899197092995518,0.17867011098360625,-0.2770300547550695,False,,False,0.3244482338248625,0.3244482338248625,True,0.2467956170221703
variantshift-development-v1,proteingym-v1.3,proteingym-substitutions-v1.3,SQSTM_MOUSE_Tsuboyama_2023_2RRU,SQSTM_MOUSE_Tsuboyama_2023_2RRU,SQSTM_MOUSE,SQSTM_MOUSE,cssf_fd3d638b0af8,vespag,0.9511033580896792,40,1.0,40,34660,3370.9,0.925,0.0,0.687,1.0,0.0621536087959635,2.6890292658298276,0.0,0.1568932627371619,0.843106737262838,Eukaryote,Stability,distilled-evolutionary-variant-effect-model,sequence,known-development-benchmark,available,,histgb,2,0.5680709761087523,0.5680709761087523,0.11924462438128064,0.2564282009792852,False,,False,-0.3830323819809268,-0.3830323819809268,True,0.5790712919151095
variantshift-development-v1,proteingym-v1.3,proteingym-substitutions-v1.3,SR43C_ARATH_Tsuboyama_2023_2N88,SR43C_ARATH_Tsuboyama_2023_2N88,SR43C_ARATH,SR43C_ARATH,cssf_63a1a4e89751,carp_640m,0.8850028213618454,48,1.0,48,101118,12170.6,0.917,0.0,0.5096,1.0,2.675187313002302,2.1561809053546885,0.0,0.0597377077721332,0.9402622922278668,Eukaryote,Stability,convolutional-protein-language-model,sequence,known-development-benchmark,available,,histgb,2,0.7360181281659424,0.7360181281659424,0.09562777592522764,0.4860973822754874,False,,False,-0.14898469319590302,-0.14898469319590302,True,0.7011073487721037
variantshift-development-v1,proteingym-v1.3,proteingym-substitutions-v1.3,SR43C_ARATH_Tsuboyama_2023_2N88,SR43C_ARATH_Tsuboyama_2023_2N88,SR43C_ARATH,SR43C_ARATH,cssf_63a1a4e89751,esm2_150m,0.895160087275496,48,1.0,48,101118,12170.6,0.917,0.0,0.5096,1.0,5.106793571672587,1.2845255874553525,0.0,0.0282566322916922,0.9717433677083076,Eukaryote,Stability,masked-protein-language-model,sequence,known-development-benchmark,available,,histgb,2,0.7309348256960946,0.7309348256960946,0.15087972557270055,0.3366145229384447,False,,False,-0.16422526157940143,-0.16422526157940143,True,0.6764043477187205
variantshift-development-v1,proteingym-v1.3,proteingym-substitutions-v1.3,SR43C_ARATH_Tsuboyama_2023_2N88,SR43C_ARATH_Tsuboyama_2023_2N88,SR43C_ARATH,SR43C_ARATH,cssf_63a1a4e89751,esm2_35m,0.6654976771817478,48,1.0,48,101118,12170.6,0.917,0.0,0.5096,1.0,4.73773519144037,1.1524136657508364,0.0,0.0480499765990936,0.9519500234009064,Eukaryote,Stability,masked-protein-language-model,sequence,known-development-benchmark,available,,histgb,2,0.7532863837363831,0.7532863837363831,0.11978131987081037,0.44024096867556184,False,,False,0.08778870655463533,0.08778870655463533,True,0.6110744117875312
variantshift-development-v1,proteingym-v1.3,proteingym-substitutions-v1.3,SR43C_ARATH_Tsuboyama_2023_2N88,SR43C_ARATH_Tsuboyama_2023_2N88,SR43C_ARATH,SR43C_ARATH,cssf_63a1a4e89751,esm2_650m,0.8400756255377646,48,1.0,48,101118,12170.6,0.917,0.0,0.5096,1.0,5.384240660771503,1.268408247355814,0.0,0.0333951816542701,0.96660481834573,Eukaryote,Stability,masked-protein-language-model,sequence,known-development-benchmark,available,,histgb,2,0.7309348256960946,0.7309348256960946,0.15501072436710361,0.32581826327454694,False,,False,-0.10914079984167002,-0.10914079984167002,True,0.6890730475000654
variantshift-development-v1,proteingym-v1.3,proteingym-substitutions-v1.3,SR43C_ARATH_Tsuboyama_2023_2N88,SR43C_ARATH_Tsuboyama_2023_2N88,SR43C_ARATH,SR43C_ARATH,cssf_63a1a4e89751,esm2_8m,-0.4819955809162785,48,1.0,48,101118,12170.6,0.917,0.0,0.5096,1.0,0.9455089035226802,1.6857249760136954,0.0,0.5646294776422545,0.4353705223577455,Eukaryote,Stability,masked-protein-language-model,sequence,known-development-benchmark,available,,histgb,2,0.06369398424404746,0.06369398424404746,0.2275073627642234,-0.5308906879129577,False,,False,0.545689565160326,0.545689565160326,True,0.0825478289265924
variantshift-development-v1,proteingym-v1.3,proteingym-substitutions-v1.3,SR43C_ARATH_Tsuboyama_2023_2N88,SR43C_ARATH_Tsuboyama_2023_2N88,SR43C_ARATH,SR43C_ARATH,cssf_63a1a4e89751,vespag,0.6918045000098799,48,1.0,48,101118,12170.6,0.917,0.0,0.5096,1.0,0.0597663193960736,2.9018265731312565,0.0,0.0480499765990936,0.9519500234009064,Eukaryote,Stability,distilled-evolutionary-variant-effect-model,sequence,known-development-benchmark,available,,histgb,2,0.6955302250575529,0.6955302250575529,0.06400874348588455,0.5282450115228224,True,-0.13671288913039775,True,0.0037257250476729897,0.0037257250476729897,True,0.6955329568101644
variantshift-development-v1,proteingym-v1.3,proteingym-substitutions-v1.3,SRBS1_HUMAN_Tsuboyama_2023_2O2W,SRBS1_HUMAN_Tsuboyama_2023_2O2W,SRBS1_HUMAN,SRBS1_HUMAN,cssf_784e4bfd3195,carp_640m,0.8346831792317444,67,1.0,67,708655,24366.5,0.836,0.0,0.5953,1.0,3.5803744972503178,2.2192789469072096,0.0,0.1379870224136894,0.8620129775863106,Human,Stability,convolutional-protein-language-model,sequence,known-development-benchmark,available,,histgb,0,0.6879651389408993,0.6879651389408993,0.16756888451158328,0.2821521488005556,True,0.4956710919906012,True,-0.14671804029084512,-0.14671804029084512,True,0.8222065522362451
variantshift-development-v1,proteingym-v1.3,proteingym-substitutions-v1.3,SRBS1_HUMAN_Tsuboyama_2023_2O2W,SRBS1_HUMAN_Tsuboyama_2023_2O2W,SRBS1_HUMAN,SRBS1_HUMAN,cssf_784e4bfd3195,esm2_150m,0.7863039007903414,67,1.0,67,708655,24366.5,0.836,0.0,0.5953,1.0,3.155630022534698,1.3515089204573183,0.0,0.0622624866453598,0.9377375133546402,Human,Stability,masked-protein-language-model,sequence,known-development-benchmark,available,,histgb,0,0.6107326726860847,0.6107326726860847,0.21738426139894684,0.08427838861726256,False,,False,-0.17557122810425674,-0.17557122810425674,True,0.5487338258323005
variantshift-development-v1,proteingym-v1.3,proteingym-substitutions-v1.3,SRBS1_HUMAN_Tsuboyama_2023_2O2W,SRBS1_HUMAN_Tsuboyama_2023_2O2W,SRBS1_HUMAN,SRBS1_HUMAN,cssf_784e4bfd3195,esm2_35m,0.7836711378767469,67,1.0,67,708655,24366.5,0.836,0.0,0.5953,1.0,2.7174242021373876,1.2845984314558323,0.0,0.091095671136797,0.9089043288632028,Human,Stability,masked-protein-language-model,sequence,known-development-benchmark,available,,histgb,0,0.5354898052600923,0.5354898052600923,0.2443512072469089,-0.05627216980047678,False,,False,-0.24818133261665465,-0.24818133261665465,True,0.4735300118888674
variantshift-development-v1,proteingym-v1.3,proteingym-substitutions-v1.3,SRBS1_HUMAN_Tsuboyama_2023_2O2W,SRBS1_HUMAN_Tsuboyama_2023_2O2W,SRBS1_HUMAN,SRBS1_HUMAN,cssf_784e4bfd3195,esm2_650m,0.7917770030389841,67,1.0,67,708655,24366.5,0.836,0.0,0.5953,1.0,4.654566819318374,1.3491515337620044,0.0,0.0920185402645001,0.9079814597354998,Human,Stability,masked-protein-language-model,sequence,known-development-benchmark,available,,histgb,0,0.6487100349054948,0.6487100349054948,0.24461415337004355,0.05631126529451691,False,,False,-0.1430669681334893,-0.1430669681334893,True,0.6886747187372724
variantshift-development-v1,proteingym-v1.3,proteingym-substitutions-v1.3,SRBS1_HUMAN_Tsuboyama_2023_2O2W,SRBS1_HUMAN_Tsuboyama_2023_2O2W,SRBS1_HUMAN,SRBS1_HUMAN,cssf_784e4bfd3195,esm2_8m,0.4665896395908994,67,1.0,67,708655,24366.5,0.836,0.0,0.5953,1.0,1.975526258316345,1.2742181282553244,0.0,0.1697175472785839,0.8302824527214161,Human,Stability,masked-protein-language-model,sequence,known-development-benchmark,available,,histgb,0,0.36755039918063126,0.36755039918063126,0.2538859011128718,-0.24730239395810982,False,,False,-0.09903924041026813,-0.09903924041026813,True,0.35806882446379673
variantshift-development-v1,proteingym-v1.3,proteingym-substitutions-v1.3,SRBS1_HUMAN_Tsuboyama_2023_2O2W,SRBS1_HUMAN_Tsuboyama_2023_2O2W,SRBS1_HUMAN,SRBS1_HUMAN,cssf_784e4bfd3195,vespag,0.7279951171809431,67,1.0,67,708655,24366.5,0.836,0.0,0.5953,1.0,0.0695656423604296,2.7375395539574794,0.0,0.0900014781463131,0.9099985218536868,Human,Stability,distilled-evolutionary-variant-effect-model,sequence,known-development-benchmark,available,,histgb,0,0.6122228166021035,0.6122228166021035,0.16473375462766507,0.21327585376141384,False,,False,-0.11577230057883958,-0.11577230057883958,True,0.6825643875812322
variantshift-development-v1,proteingym-v1.3,proteingym-substitutions-v1.3,SRC_HUMAN_Ahler_2019,SRC_HUMAN_Ahler_2019,SRC_HUMAN,SRC_HUMAN,cssf_784e4bfd3195,carp_640m,0.4879209858881886,536,0.458955223880597,246,26974,1473.4,0.808,0.31,0.4833,1.0,4.356599355796133,1.7935249098279438,0.0,0.1601697098784514,0.8398302901215485,Human,Activity,convolutional-protein-language-model,sequence,known-development-benchmark,available,,histgb,0,0.5322727543931126,0.5322727543931126,0.31745389138693697,-0.2365269739748086,False,,False,0.044351768504924005,0.044351768504924005,True,0.753063772087418
variantshift-development-v1,proteingym-v1.3,proteingym-substitutions-v1.3,SRC_HUMAN_Ahler_2019,SRC_HUMAN_Ahler_2019,SRC_HUMAN,SRC_HUMAN,cssf_784e4bfd3195,esm2_150m,0.3730066988827057,536,0.458955223880597,246,26974,1473.4,0.808,0.31,0.4833,1.0,3.819803626405826,1.216997571907219,0.0,0.0697416848016276,0.9302583151983724,Human,Activity,masked-protein-language-model,sequence,known-development-benchmark,available,,histgb,0,0.5132205986626741,0.5132205986626741,0.2774553734169493,-0.15871199219404097,False,,False,0.1402138997799684,0.1402138997799684,True,0.5475917256209318
variantshift-development-v1,proteingym-v1.3,proteingym-substitutions-v1.3,SRC_HUMAN_Ahler_2019,SRC_HUMAN_Ahler_2019,SRC_HUMAN,SRC_HUMAN,cssf_784e4bfd3195,esm2_35m,0.4674350646121309,536,0.458955223880597,246,26974,1473.4,0.808,0.31,0.4833,1.0,3.4873625100556915,1.18516380460399,0.0,0.0762897978582224,0.9237102021417776,Human,Activity,masked-protein-language-model,sequence,known-development-benchmark,available,,histgb,0,0.5149579603488144,0.5149579603488144,0.29626667890259933,-0.2025312512959766,False,,False,0.047522895736683446,0.047522895736683446,True,0.5023759140382701
variantshift-development-v1,proteingym-v1.3,proteingym-substitutions-v1.3,SRC_HUMAN_Ahler_2019,SRC_HUMAN_Ahler_2019,SRC_HUMAN,SRC_HUMAN,cssf_784e4bfd3195,esm2_650m,0.4385355821356749,536,0.458955223880597,246,26974,1473.4,0.808,0.31,0.4833,1.0,4.331722692364842,1.3313367186317386,0.0,0.0762897978582224,0.9237102021417776,Human,Activity,masked-protein-language-model,sequence,known-development-benchmark,available,,histgb,0,0.5119972618777917,0.5119972618777917,0.3113764430592719,-0.24208429559902533,False,,False,0.07346167974211681,0.07346167974211681,True,0.6258099642531467
variantshift-development-v1,proteingym-v1.3,proteingym-substitutions-v1.3,SRC_HUMAN_Ahler_2019,SRC_HUMAN_Ahler_2019,SRC_HUMAN,SRC_HUMAN,cssf_784e4bfd3195,esm2_8m,0.4163545966560167,536,0.458955223880597,246,26974,1473.4,0.808,0.31,0.4833,1.0,3.0603727854913476,1.14096150651655,0.0,0.1177018889284118,0.8822981110715882,Human,Activity,masked-protein-language-model,sequence,known-development-benchmark,available,,histgb,0,0.40703146522976047,0.40703146522976047,0.2634763149099708,-0.23104708674259583,False,,False,-0.009323131426256237,-0.009323131426256237,True,0.42815992312135254
variantshift-development-v1,proteingym-v1.3,proteingym-substitutions-v1.3,SRC_HUMAN_Ahler_2019,SRC_HUMAN_Ahler_2019,SRC_HUMAN,SRC_HUMAN,cssf_784e4bfd3195,vespag,0.4374872622376257,536,0.458955223880597,246,26974,1473.4,0.808,0.31,0.4833,1.0,0.0828320550740817,2.620893636838297,0.0,0.0760130207015005,0.9239869792984996,Human,Activity,distilled-evolutionary-variant-effect-model,sequence,known-development-benchmark,available,,histgb,0,0.6648560900453807,0.6648560900453807,0.2139785735605358,0.1466495923673229,True,0.005217544409501784,True,0.22736882780775503,0.22736882780775503,True,0.6288239243615487
variantshift-development-v1,proteingym-v1.3,proteingym-substitutions-v1.3,SRC_HUMAN_Chakraborty_2023_binding-DAS_25uM,SRC_HUMAN_Chakraborty_2023_binding-DAS_25uM,SRC_HUMAN,SRC_HUMAN,cssf_784e4bfd3195,carp_640m,0.2975808158880463,536,0.4608208955223881,247,37675,1814.3,0.869,0.31,0.4833,1.0,4.374020527327218,1.8103695290621484,0.0,0.1570861892428277,0.8429138107571723,Human,Activity,convolutional-protein-language-model,sequence,known-development-benchmark,available,,histgb,0,0.5391626532798403,0.5391626532798403,0.27406139774710003,-0.12455051534308947,False,,False,0.24158183739179395,0.24158183739179395,True,0.7388624161835089
variantshift-development-v1,proteingym-v1.3,proteingym-substitutions-v1.3,SRC_HUMAN_Chakraborty_2023_binding-DAS_25uM,SRC_HUMAN_Chakraborty_2023_binding-DAS_25uM,SRC_HUMAN,SRC_HUMAN,cssf_784e4bfd3195,esm2_150m,0.2202203238084825,536,0.4608208955223881,247,37675,1814.3,0.869,0.31,0.4833,1.0,3.832914944437907,1.2343867855441002,0.0,0.0686208894341855,0.9313791105658143,Human,Activity,masked-protein-language-model,sequence,known-development-benchmark,available,,histgb,0,0.5826583023197429,0.5826583023197429,0.2521924578617463,-0.028093363862312426,False,,False,0.3624379785112604,0.3624379785112604,True,0.5321718701326761
variantshift-development-v1,proteingym-v1.3,proteingym-substitutions-v1.3,SRC_HUMAN_Chakraborty_2023_binding-DAS_25uM,SRC_HUMAN_Chakraborty_2023_binding-DAS_25uM,SRC_HUMAN,SRC_HUMAN,cssf_784e4bfd3195,esm2_35m,0.2915154648246569,536,0.4608208955223881,247,37675,1814.3,0.869,0.31,0.4833,1.0,3.4986159018931713,1.1927895812633835,0.0,0.0756004755510171,0.9243995244489828,Human,Activity,masked-protein-language-model,sequence,known-development-benchmark,available,,histgb,0,0.5911533634534384,0.5911533634534384,0.2786948425895068,-0.0837809343882483,False,,False,0.2996378986287815,0.2996378986287815,True,0.484126887351625
variantshift-development-v1,proteingym-v1.3,proteingym-substitutions-v1.3,SRC_HUMAN_Chakraborty_2023_binding-DAS_25uM,SRC_HUMAN_Chakraborty_2023_binding-DAS_25uM,SRC_HUMAN,SRC_HUMAN,cssf_784e4bfd3195,esm2_650m,0.2312885478993278,536,0.4608208955223881,247,37675,1814.3,0.869,0.31,0.4833,1.0,4.354394605822978,1.3378621504335866,0.0,0.0756004755510171,0.9243995244489828,Human,Activity,masked-protein-language-model,sequence,known-development-benchmark,available,,histgb,0,0.5946067464683809,0.5946067464683809,0.2845773608029059,-0.09457364671906499,False,,False,0.36331819856905306,0.36331819856905306,True,0.6084619065976575
variantshift-development-v1,proteingym-v1.3,proteingym-substitutions-v1.3,SRC_HUMAN_Chakraborty_2023_binding-DAS_25uM,SRC_HUMAN_Chakraborty_2023_binding-DAS_25uM,SRC_HUMAN,SRC_HUMAN,cssf_784e4bfd3195,esm2_8m,0.2617202201598592,536,0.4608208955223881,247,37675,1814.3,0.869,0.31,0.4833,1.0,3.0595797477493565,1.1432163188584108,0.0,0.1160891629003488,0.8839108370996511,Human,Activity,masked-protein-language-model,sequence,known-development-benchmark,available,,histgb,0,0.4597393188351145,0.4597393188351145,0.24255251275010153,-0.12766663515253324,False,,False,0.1980190986752553,0.1980190986752553,True,0.4077580264024354
variantshift-development-v1,proteingym-v1.3,proteingym-substitutions-v1.3,SRC_HUMAN_Chakraborty_2023_binding-DAS_25uM,SRC_HUMAN_Chakraborty_2023_binding-DAS_25uM,SRC_HUMAN,SRC_HUMAN,cssf_784e4bfd3195,vespag,0.2830762073630886,536,0.4608208955223881,247,37675,1814.3,0.869,0.31,0.4833,1.0,0.083027079433333,2.6368049191386658,0.0,0.0752640367964527,0.9247359632035472,Human,Activity,distilled-evolutionary-variant-effect-model,sequence,known-development-benchmark,available,,histgb,0,0.6872948878212918,0.6872948878212918,0.21669756999766585,0.1625036111280319,True,0.15280823863307044,True,0.4042186804582032,0.4042186804582032,True,0.6115326356289743
variantshift-development-v1,proteingym-v1.3,proteingym-substitutions-v1.3,SRC_HUMAN_Nguyen_2022,SRC_HUMAN_Nguyen_2022,SRC_HUMAN,SRC_HUMAN,cssf_784e4bfd3195,carp_640m,0.4032395193335497,536,0.458955223880597,246,37675,1814.3,0.869,0.31,0.4833,1.0,4.353964318755718,1.7920659165435215,0.0,0.1602493854477269,0.8397506145522731,Human,OrganismalFitness,convolutional-protein-language-model,sequence,known-development-benchmark,available,,histgb,0,0.5593708482471933,0.5593708482471933,0.2751679717310278,-0.10702218602345581,False,,False,0.15613132891364362,0.15613132891364362,True,0.7446994472473432
variantshift-development-v1,proteingym-v1.3,proteingym-substitutions-v1.3,SRC_HUMAN_Nguyen_2022,SRC_HUMAN_Nguyen_2022,SRC_HUMAN,SRC_HUMAN,cssf_784e4bfd3195,esm2_150m,0.2035810945105001,536,0.458955223880597,246,37675,1814.3,0.869,0.31,0.4833,1.0,3.817729778758192,1.2195612848517838,0.0,0.0699161804484765,0.9300838195515234,Human,OrganismalFitness,masked-protein-language-model,sequence,known-development-benchmark,available,,histgb,0,0.5967257913050108,0.5967257913050108,0.2541196428313125,-0.018693070086541308,False,,False,0.3931446967945107,0.3931446967945107,True,0.5402455475023958
variantshift-development-v1,proteingym-v1.3,proteingym-substitutions-v1.3,SRC_HUMAN_Nguyen_2022,SRC_HUMAN_Nguyen_2022,SRC_HUMAN,SRC_HUMAN,cssf_784e4bfd3195,esm2_35m,0.2715915560317672,536,0.458955223880597,246,37675,1814.3,0.869,0.31,0.4833,1.0,3.483269552429999,1.1865417952445214,0.0,0.0764318100040502,0.9235681899959498,Human,OrganismalFitness,masked-protein-language-model,sequence,known-development-benchmark,available,,histgb,0,0.596602639252754,0.596602639252754,0.28271289112515724,-0.08806244062244695,False,,False,0.3250110832209868,0.3250110832209868,True,0.4945408700449569
variantshift-development-v1,proteingym-v1.3,proteingym-substitutions-v1.3,SRC_HUMAN_Nguyen_2022,SRC_HUMAN_Nguyen_2022,SRC_HUMAN,SRC_HUMAN,cssf_784e4bfd3195,esm2_650m,0.2981987746200116,536,0.458955223880597,246,37675,1814.3,0.869,0.31,0.4833,1.0,4.330170790654118,1.33320039944746,0.0,0.0764318100040502,0.9235681899959498,Human,OrganismalFitness,masked-protein-language-model,sequence,known-development-benchmark,available,,histgb,0,0.6013101827032746,0.6013101827032746,0.28227088103008535,-0.08228445119458294,False,,False,0.30311140808326303,0.30311140808326303,True,0.6183578210205721
variantshift-development-v1,proteingym-v1.3,proteingym-substitutions-v1.3,SRC_HUMAN_Nguyen_2022,SRC_HUMAN_Nguyen_2022,SRC_HUMAN,SRC_HUMAN,cssf_784e4bfd3195,esm2_8m,0.2638904150352233,536,0.458955223880597,246,37675,1814.3,0.869,0.31,0.4833,1.0,3.057674192688956,1.141985961730665,0.0,0.1179464086727437,0.8820535913272562,Human,OrganismalFitness,masked-protein-language-model,sequence,known-development-benchmark,available,,histgb,0,0.4485504258310565,0.4485504258310565,0.24389924888279985,-0.14211701085090706,False,,False,0.18466001079583316,0.18466001079583316,True,0.42033261624417606
variantshift-development-v1,proteingym-v1.3,proteingym-substitutions-v1.3,SRC_HUMAN_Nguyen_2022,SRC_HUMAN_Nguyen_2022,SRC_HUMAN,SRC_HUMAN,cssf_784e4bfd3195,vespag,0.2996740930871304,536,0.458955223880597,246,37675,1814.3,0.869,0.31,0.4833,1.0,0.0827707153107713,2.6228363308644167,0.0,0.0761947272217353,0.9238052727782646,Human,OrganismalFitness,distilled-evolutionary-variant-effect-model,sequence,known-development-benchmark,available,,histgb,0,0.7559624135549122,0.7559624135549122,0.2179417772139236,0.22815795543327777,True,0.29829624145054046,True,0.45628832046778184,0.45628832046778184,True,0.6215265643464338
variantshift-development-v1,proteingym-v1.3,proteingym-substitutions-v1.3,SUMO1_HUMAN_Weile_2017,SUMO1_HUMAN_Weile_2017,SUMO1_HUMAN,SUMO1_HUMAN,cssf_19622d9f3f73,carp_640m,0.6643065290352668,101,0.9504950495049505,96,85570,14230.7,0.703,0.0,0.5381,1.0,3.002884017687581,1.842667159691043,0.0,0.1675286128228459,0.8324713871771541,Human,OrganismalFitness,convolutional-protein-language-model,sequence,known-development-benchmark,available,,histgb,1,0.4394120278884253,0.4600859444580291,0.2001998520382981,0.0008868945185165344,False,,False,-0.22489450114684145,-0.20422058457723768,True,0.624622396816553
variantshift-development-v1,proteingym-v1.3,proteingym-substitutions-v1.3,SUMO1_HUMAN_Weile_2017,SUMO1_HUMAN_Weile_2017,SUMO1_HUMAN,SUMO1_HUMAN,cssf_19622d9f3f73,esm2_150m,0.5771128968957541,101,0.9504950495049505,96,85570,14230.7,0.703,0.0,0.5381,1.0,3.248043854026456,1.2741630587870931,0.0,0.0967773504012814,0.9032226495987186,Human,OrganismalFitness,masked-protein-language-model,sequence,known-development-benchmark,available,,histgb,1,0.3470568311181871,0.3687433153763615,0.2025321040241197,-0.09580522850735207,False,,False,-0.230056065777567,-0.20836958151939255,True,0.518150459784419
variantshift-development-v1,proteingym-v1.3,proteingym-substitutions-v1.3,SUMO1_HUMAN_Weile_2017,SUMO1_HUMAN_Weile_2017,SUMO1_HUMAN,SUMO1_HUMAN,cssf_19622d9f3f73,esm2_35m,0.4658371389422941,101,0.9504950495049505,96,85570,14230.7,0.703,0.0,0.5381,1.0,2.2109727361232596,1.2986088479473736,0.0,0.1494042540173482,0.8505957459826518,Human,OrganismalFitness,masked-protein-language-model,sequence,known-development-benchmark,available,,histgb,1,0.2772971587725361,0.2865056399243401,0.198456182094638,-0.168693948610058,False,,False,-0.18853998016975804,-0.17933149901795403,True,0.4112391262070867
variantshift-development-v1,proteingym-v1.3,proteingym-substitutions-v1.3,SUMO1_HUMAN_Weile_2017,SUMO1_HUMAN_Weile_2017,SUMO1_HUMAN,SUMO1_HUMAN,cssf_19622d9f3f73,esm2_650m,0.7394417537652591,101,0.9504950495049505,96,85570,14230.7,0.703,0.0,0.5381,1.0,3.5259379574490275,1.661388848846841,0.0,0.1405803747174103,0.8594196252825896,Human,OrganismalFitness,masked-protein-language-model,sequence,known-development-benchmark,available,,histgb,1,0.42142956135612997,0.4423025059386773,0.2347440021185567,-0.09613057307887957,False,,False,-0.31801219240912915,-0.2971392478265818,True,0.5898913159748681
variantshift-development-v1,proteingym-v1.3,proteingym-substitutions-v1.3,SUMO1_HUMAN_Weile_2017,SUMO1_HUMAN_Weile_2017,SUMO1_HUMAN,SUMO1_HUMAN,cssf_19622d9f3f73,esm2_8m,0.1174539916644711,101,0.9504950495049505,96,85570,14230.7,0.703,0.0,0.5381,1.0,1.361758805619991,1.4868648972425065,0.0,0.2617158123757436,0.7382841876242564,Human,OrganismalFitness,masked-protein-language-model,sequence,known-development-benchmark,available,,histgb,1,0.10749111521553738,0.12145592919188394,0.22161866203982739,-0.386871514716949,False,,False,-0.009962876448933719,0.004001937527412847,True,0.3079317775924186
variantshift-development-v1,proteingym-v1.3,proteingym-substitutions-v1.3,SUMO1_HUMAN_Weile_2017,SUMO1_HUMAN_Weile_2017,SUMO1_HUMAN,SUMO1_HUMAN,cssf_19622d9f3f73,vespag,0.598954147577387,101,0.9504950495049505,96,85570,14230.7,0.703,0.0,0.5381,1.0,0.1016069079780892,2.4811823119566228,0.0,0.134830645657763,0.865169354342237,Human,OrganismalFitness,distilled-evolutionary-variant-effect-model,sequence,known-development-benchmark,available,,histgb,1,0.5357704798344405,0.5539747243943234,0.22720182299177652,0.03284116610182952,True,-0.0024749855504937746,True,-0.06318366774294648,-0.04497942318306358,True,0.6180189798157645
variantshift-development-v1,proteingym-v1.3,proteingym-substitutions-v1.3,SYUA_HUMAN_Newberry_2020,SYUA_HUMAN_Newberry_2020,SYUA_HUMAN,SYUA_HUMAN,cssf_87dffde05f09,carp_640m,0.2664914389118195,140,0.9928571428571428,139,15711,6603.7,0.707,0.0,0.2012,1.0,4.2638005655550275,1.6196104199644197,0.0,0.1141613536150539,0.885838646384946,Human,OrganismalFitness,convolutional-protein-language-model,sequence,known-development-benchmark,available,,histgb,2,0.41576066838951375,0.41576066838951375,0.14083352199701843,0.04769586166018319,False,,False,0.14926922947769428,0.14926922947769428,True,0.6995953890499925
variantshift-development-v1,proteingym-v1.3,proteingym-substitutions-v1.3,SYUA_HUMAN_Newberry_2020,SYUA_HUMAN_Newberry_2020,SYUA_HUMAN,SYUA_HUMAN,cssf_87dffde05f09,esm2_150m,0.1027893372126024,140,0.9928571428571428,139,15711,6603.7,0.707,0.0,0.2012,1.0,3.060273464627356,1.3034313135201825,0.0,0.1141613536150539,0.885838646384946,Human,OrganismalFitness,masked-protein-language-model,sequence,known-development-benchmark,available,,histgb,2,0.4201488249912508,0.4201488249912508,0.09773205240483734,0.1647286063560255,False,,False,0.31735948777864836,0.31735948777864836,False,0.5053062717323736
variantshift-development-v1,proteingym-v1.3,proteingym-substitutions-v1.3,SYUA_HUMAN_Newberry_2020,SYUA_HUMAN_Newberry_2020,SYUA_HUMAN,SYUA_HUMAN,cssf_87dffde05f09,esm2_35m,0.0724181474838733,140,0.9928571428571428,139,15711,6603.7,0.707,0.0,0.2012,1.0,3.132232725156926,1.3043048857455894,0.0,0.1071992070413053,0.8928007929586946,Human,OrganismalFitness,masked-protein-language-model,sequence,known-development-benchmark,available,,histgb,2,0.42218963330390674,0.42218963330390674,0.10009559019331825,0.16059236912597952,False,,False,0.3497714858200334,0.3497714858200334,False,0.5154432728015694
variantshift-development-v1,proteingym-v1.3,proteingym-substitutions-v1.3,SYUA_HUMAN_Newberry_2020,SYUA_HUMAN_Newberry_2020,SYUA_HUMAN,SYUA_HUMAN,cssf_87dffde05f09,esm2_650m,0.0859969942181184,140,0.9928571428571428,139,15711,6603.7,0.707,0.0,0.2012,1.0,3.590471353535943,1.1944180725308355,0.0,0.1053063273703998,0.8946936726296002,Human,OrganismalFitness,masked-protein-language-model,sequence,known-development-benchmark,available,,histgb,2,0.34334414640304667,0.34334414640304667,0.11048269968347753,0.0546004373108695,False,,False,0.25734715218492826,0.25734715218492826,True,0.5276625535667132
variantshift-development-v1,proteingym-v1.3,proteingym-substitutions-v1.3,SYUA_HUMAN_Newberry_2020,SYUA_HUMAN_Newberry_2020,SYUA_HUMAN,SYUA_HUMAN,cssf_87dffde05f09,esm2_8m,0.0421847788104979,140,0.9928571428571428,139,15711,6603.7,0.707,0.0,0.2012,1.0,2.667330744164018,1.332447462730002,0.0,0.1246672868161138,0.8753327131838862,Human,OrganismalFitness,masked-protein-language-model,sequence,known-development-benchmark,available,,histgb,2,0.40947164035358163,0.40947164035358163,0.10154071370996415,0.1440975828361713,False,,False,0.36728686154308376,0.36728686154308376,False,0.4759586190084042
variantshift-development-v1,proteingym-v1.3,proteingym-substitutions-v1.3,SYUA_HUMAN_Newberry_2020,SYUA_HUMAN_Newberry_2020,SYUA_HUMAN,SYUA_HUMAN,cssf_87dffde05f09,vespag,0.3661668148332278,140,0.9928571428571428,139,15711,6603.7,0.707,0.0,0.2012,1.0,0.0643892911898908,2.661255541945842,0.0,0.1483997034817096,0.8516002965182904,Human,OrganismalFitness,distilled-evolutionary-variant-effect-model,sequence,known-development-benchmark,available,,histgb,2,0.3563960084104713,0.3563960084104713,0.10388535554003381,0.08489428945424277,True,-0.7129348998787223,True,-0.009770806422756517,-0.009770806422756517,True,0.6077116253935679
variantshift-development-v1,proteingym-v1.3,proteingym-substitutions-v1.3,TADBP_HUMAN_Bolognesi_2019,TADBP_HUMAN_Bolognesi_2019,TADBP_HUMAN,TADBP_HUMAN,cssf_99a238bc9e63,carp_640m,0.0876416252948834,414,0.2028985507246377,84,1211,138.3,0.911,0.0,0.2099,1.0,2.649027660807525,1.5533980946382275,0.0,0.0774280792309765,0.9225719207690236,Human,OrganismalFitness,convolutional-protein-language-model,sequence,known-development-benchmark,available,,histgb,1,0.5892706598988549,0.5724799184658512,0.14078429245222115,0.2495625302546985,False,,False,0.5016290346039715,0.4848382931709678,False,0.530543937480861
variantshift-development-v1,proteingym-v1.3,proteingym-substitutions-v1.3,TADBP_HUMAN_Bolognesi_2019,TADBP_HUMAN_Bolognesi_2019,TADBP_HUMAN,TADBP_HUMAN,cssf_99a238bc9e63,esm2_150m,0.1304153163155831,414,0.2028985507246377,84,1211,138.3,0.911,0.0,0.2099,1.0,2.277113751199245,1.6979221282301002,0.0,0.0415932149260376,0.9584067850739624,Human,OrganismalFitness,masked-protein-language-model,sequence,known-development-benchmark,available,,histgb,1,0.42926578839769575,0.43040003333599297,0.24451026479775695,-0.13043395406430613,False,,False,0.2988504720821127,0.29998471702040985,True,0.513044014615208
variantshift-development-v1,proteingym-v1.3,proteingym-substitutions-v1.3,TADBP_HUMAN_Bolognesi_2019,TADBP_HUMAN_Bolognesi_2019,TADBP_HUMAN,TADBP_HUMAN,cssf_99a238bc9e63,esm2_35m,0.2116141400457624,414,0.2028985507246377,84,1211,138.3,0.911,0.0,0.2099,1.0,2.13840605961707,1.7985486896610514,0.0,0.0433244885769228,0.9566755114230772,Human,OrganismalFitness,masked-protein-language-model,sequence,known-development-benchmark,available,,histgb,1,0.46510563075912376,0.42736199391428087,0.17948635347179023,0.015673562818004527,False,,False,0.25349149071336136,0.21574785386851847,True,0.5244763322479146
variantshift-development-v1,proteingym-v1.3,proteingym-substitutions-v1.3,TADBP_HUMAN_Bolognesi_2019,TADBP_HUMAN_Bolognesi_2019,TADBP_HUMAN,TADBP_HUMAN,cssf_99a238bc9e63,esm2_650m,-0.1269420806415597,414,0.2028985507246377,84,1211,138.3,0.911,0.0,0.2099,1.0,2.459942166278447,1.6752917261029132,0.0,0.0602482192382903,0.9397517807617096,Human,OrganismalFitness,masked-protein-language-model,sequence,known-development-benchmark,available,,histgb,1,0.5121444998241316,0.5103387097896785,0.15620561749338396,0.1520493783147731,False,,False,0.6390865804656913,0.6372807904312383,False,0.5063556624536406
variantshift-development-v1,proteingym-v1.3,proteingym-substitutions-v1.3,TADBP_HUMAN_Bolognesi_2019,TADBP_HUMAN_Bolognesi_2019,TADBP_HUMAN,TADBP_HUMAN,cssf_99a238bc9e63,esm2_8m,0.2606146131989278,414,0.2028985507246377,84,1211,138.3,0.911,0.0,0.2099,1.0,2.092062842760417,1.7617816725924076,0.0,0.0678736976219813,0.9321263023780186,Human,OrganismalFitness,masked-protein-language-model,sequence,known-development-benchmark,available,,histgb,1,0.4951608358708403,0.41220821968336113,0.13923696695309898,0.09283993698807147,False,,False,0.2345462226719125,0.15159360648443332,True,0.4942235491597929
variantshift-development-v1,proteingym-v1.3,proteingym-substitutions-v1.3,TADBP_HUMAN_Bolognesi_2019,TADBP_HUMAN_Bolognesi_2019,TADBP_HUMAN,TADBP_HUMAN,cssf_99a238bc9e63,vespag,0.0301285444920975,414,0.2028985507246377,84,1211,138.3,0.911,0.0,0.2099,1.0,0.0773428062968299,2.352910360401389,0.0,0.3001606007714603,0.6998393992285397,Human,OrganismalFitness,distilled-evolutionary-variant-effect-model,sequence,known-development-benchmark,available,,histgb,1,0.4953712482047146,0.5236753006720289,0.11431739586616936,0.2614651190018548,True,-1.5342359679216746,True,0.4652427037126171,0.49354675617993143,False,0.38635223956158676
variantshift-development-v1,proteingym-v1.3,proteingym-substitutions-v1.3,TAT_HV1BR_Fernandes_2016,TAT_HV1BR_Fernandes_2016,TAT_HV1BR,TAT_HV1BR,cssf_0d06a357cd85,carp_640m,0.5069479424940039,86,0.9651162790697676,83,12155,9938.3,0.988,0.0,0.2527,1.0,3.444446699374895,2.0204148887017546,0.0,0.3194697275217922,0.6805302724782077,Virus,OrganismalFitness,convolutional-protein-language-model,sequence,known-development-benchmark,available,,histgb,4,0.8386098551191133,0.8386098551191133,0.21120582624905945,-0.03478877618275589,True,0.41938532713926274,False,0.33166191262510947,0.33166191262510947,True,0.509613314306568
variantshift-development-v1,proteingym-v1.3,proteingym-substitutions-v1.3,TAT_HV1BR_Fernandes_2016,TAT_HV1BR_Fernandes_2016,TAT_HV1BR,TAT_HV1BR,cssf_0d06a357cd85,esm2_150m,-0.0952517754144186,86,0.9651162790697676,83,12155,9938.3,0.988,0.0,0.2527,1.0,1.0340145448728455,1.434272234233442,0.0,0.3331720884405146,0.6668279115594854,Virus,OrganismalFitness,masked-protein-language-model,sequence,known-development-benchmark,available,,histgb,4,-0.0043614450097950635,-0.0043614450097950635,0.1585885899857733,-0.6601722239716019,False,,False,0.09089033040462353,0.09089033040462353,True,0.11357936696867482
variantshift-development-v1,proteingym-v1.3,proteingym-substitutions-v1.3,TAT_HV1BR_Fernandes_2016,TAT_HV1BR_Fernandes_2016,TAT_HV1BR,TAT_HV1BR,cssf_0d06a357cd85,esm2_35m,0.0816218894639861,86,0.9651162790697676,83,12155,9938.3,0.988,0.0,0.2527,1.0,1.1493509475449968,1.387953355181904,0.0,0.3264293708632984,0.6735706291367016,Virus,OrganismalFitness,masked-protein-language-model,sequence,known-development-benchmark,available,,histgb,4,0.030499739736570716,0.030499739736570716,0.16038066142637522,-0.6327217852790461,False,,False,-0.051122149727415384,-0.051122149727415384,True,0.1168585317374774
variantshift-development-v1,proteingym-v1.3,proteingym-substitutions-v1.3,TAT_HV1BR_Fernandes_2016,TAT_HV1BR_Fernandes_2016,TAT_HV1BR,TAT_HV1BR,cssf_0d06a357cd85,esm2_650m,0.0002982312080828,86,0.9651162790697676,83,12155,9938.3,0.988,0.0,0.2527,1.0,1.0468786887175296,1.3626676494093315,0.0,0.3223641940041402,0.6776358059958598,Virus,OrganismalFitness,masked-protein-language-model,sequence,known-development-benchmark,available,,histgb,4,0.039226979600091895,0.039226979600091895,0.1586339267091137,-0.6167712801372998,False,,False,0.0389287483920091,0.0389287483920091,True,0.10485991278322276
variantshift-development-v1,proteingym-v1.3,proteingym-substitutions-v1.3,TAT_HV1BR_Fernandes_2016,TAT_HV1BR_Fernandes_2016,TAT_HV1BR,TAT_HV1BR,cssf_0d06a357cd85,esm2_8m,-0.0447568041033616,86,0.9651162790697676,83,12155,9938.3,0.988,0.0,0.2527,1.0,0.9912306849941293,1.343904477932618,0.0,0.3314708582350805,0.6685291417649195,Virus,OrganismalFitness,masked-protein-language-model,sequence,known-development-benchmark,available,,histgb,4,0.010862588987152475,0.010862588987152475,0.15089159796322643,-0.6131188488195177,False,,False,0.05561939309051408,0.05561939309051408,True,0.08896153557116065
variantshift-development-v1,proteingym-v1.3,proteingym-substitutions-v1.3,TAT_HV1BR_Fernandes_2016,TAT_HV1BR_Fernandes_2016,TAT_HV1BR,TAT_HV1BR,cssf_0d06a357cd85,vespag,0.5342555439187286,86,0.9651162790697676,83,12155,9938.3,0.988,0.0,0.2527,1.0,0.0504036225907505,2.377901977242067,0.0,0.2732627786668812,0.7267372213331188,Virus,OrganismalFitness,distilled-evolutionary-variant-effect-model,sequence,known-development-benchmark,available,,histgb,4,0.5282495233845741,0.5282495233845741,0.12069028067110649,0.02915947543637143,False,,False,-0.006006020534154555,-0.006006020534154555,True,0.3691668643545428
variantshift-development-v1,proteingym-v1.3,proteingym-substitutions-v1.3,TCRG1_MOUSE_Tsuboyama_2023_1E0L,TCRG1_MOUSE_Tsuboyama_2023_1E0L,TCRG1_MOUSE,TCRG1_MOUSE,cssf_6f0217bf6d08,carp_640m,0.7337996068535666,37,0.945945945945946,35,43363,2943.8,0.865,0.0,0.4515,1.0,3.0243777414870325,1.859745324584514,0.0,0.1182792869399101,0.8817207130600898,Eukaryote,Stability,convolutional-protein-language-model,sequence,known-development-benchmark,available,,histgb,3,0.6755141418404303,0.6755141418404303,0.1788932186339953,0.3601664839956282,False,,False,-0.05828546501313625,-0.05828546501313625,True,0.5927577680136211
variantshift-development-v1,proteingym-v1.3,proteingym-substitutions-v1.3,TCRG1_MOUSE_Tsuboyama_2023_1E0L,TCRG1_MOUSE_Tsuboyama_2023_1E0L,TCRG1_MOUSE,TCRG1_MOUSE,cssf_6f0217bf6d08,esm2_150m,0.8528883713426864,37,0.945945945945946,35,43363,2943.8,0.865,0.0,0.4515,1.0,4.9999157363197435,1.2168086438513606,0.0,0.050349666618636,0.949650333381364,Eukaryote,Stability,masked-protein-language-model,sequence,known-development-benchmark,available,,histgb,3,0.6657084538486072,0.6657084538486072,0.13083514470169452,0.43507614279450485,False,,False,-0.18717991749407914,-0.18717991749407914,True,0.6102473642365971
variantshift-development-v1,proteingym-v1.3,proteingym-substitutions-v1.3,TCRG1_MOUSE_Tsuboyama_2023_1E0L,TCRG1_MOUSE_Tsuboyama_2023_1E0L,TCRG1_MOUSE,TCRG1_MOUSE,cssf_6f0217bf6d08,esm2_35m,0.8008912373825124,37,0.945945945945946,35,43363,2943.8,0.865,0.0,0.4515,1.0,4.00516952635384,1.4229739667303654,0.0,0.0479918106001778,0.952008189399822,Eukaryote,Stability,masked-protein-language-model,sequence,known-development-benchmark,available,,histgb,3,0.7022125219530352,0.7022125219530352,0.19568933410301964,0.35725717011909286,False,,False,-0.09867871542947726,-0.09867871542947726,True,0.5653875541161721
variantshift-development-v1,proteingym-v1.3,proteingym-substitutions-v1.3,TCRG1_MOUSE_Tsuboyama_2023_1E0L,TCRG1_MOUSE_Tsuboyama_2023_1E0L,TCRG1_MOUSE,TCRG1_MOUSE,cssf_6f0217bf6d08,esm2_650m,0.8188837267645429,37,0.945945945945946,35,43363,2943.8,0.865,0.0,0.4515,1.0,5.468454180711705,1.443603753129755,0.0,0.0543482630590869,0.9456517369409132,Eukaryote,Stability,masked-protein-language-model,sequence,known-development-benchmark,available,,histgb,3,0.7069309271757842,0.7069309271757842,0.20216322297903216,0.35056359611877863,False,,False,-0.1119527995887587,-0.1119527995887587,True,0.7024732286454068
variantshift-development-v1,proteingym-v1.3,proteingym-substitutions-v1.3,TCRG1_MOUSE_Tsuboyama_2023_1E0L,TCRG1_MOUSE_Tsuboyama_2023_1E0L,TCRG1_MOUSE,TCRG1_MOUSE,cssf_6f0217bf6d08,esm2_8m,0.6680338516092104,37,0.945945945945946,35,43363,2943.8,0.865,0.0,0.4515,1.0,3.788878647694213,1.0330230397359563,0.0,0.0740003107391147,0.9259996892608852,Eukaryote,Stability,masked-protein-language-model,sequence,known-development-benchmark,available,,histgb,3,0.623973293369135,0.623973293369135,0.17131912009580477,0.32197703169542413,False,,False,-0.044060558240075376,-0.044060558240075376,True,0.4445193795646454
variantshift-development-v1,proteingym-v1.3,proteingym-substitutions-v1.3,TCRG1_MOUSE_Tsuboyama_2023_1E0L,TCRG1_MOUSE_Tsuboyama_2023_1E0L,TCRG1_MOUSE,TCRG1_MOUSE,cssf_6f0217bf6d08,vespag,0.8769422516198431,37,0.945945945945946,35,43363,2943.8,0.865,0.0,0.4515,1.0,0.0805477770235347,2.9320044639582044,0.0,0.0580719748980511,0.9419280251019488,Eukaryote,Stability,distilled-evolutionary-variant-effect-model,sequence,known-development-benchmark,available,,histgb,3,0.6899360638532861,0.6899360638532861,0.13514552684720008,0.45170553904697763,True,-0.7962914708436969,True,-0.18700618776655697,-0.18700618776655697,True,0.677125550201614
variantshift-development-v1,proteingym-v1.3,proteingym-substitutions-v1.3,THO1_YEAST_Tsuboyama_2023_2WQG,THO1_YEAST_Tsuboyama_2023_2WQG,THO1_YEAST,THO1_YEAST,cssf_a523304d9a92,carp_640m,0.6761394299380978,41,1.0,41,54877,8481.5,0.805,0.0,0.4867,1.0,2.529013307690037,2.0910025027465164,0.0,0.0910441489830302,0.9089558510169696,Eukaryote,Stability,convolutional-protein-language-model,sequence,known-development-benchmark,available,,histgb,1,0.8592226307363403,0.7749438965939652,0.25178334083773124,0.19742763109160677,False,,False,0.18308320079824247,0.0988044666558674,True,0.7033818864021627
variantshift-development-v1,proteingym-v1.3,proteingym-substitutions-v1.3,THO1_YEAST_Tsuboyama_2023_2WQG,THO1_YEAST_Tsuboyama_2023_2WQG,THO1_YEAST,THO1_YEAST,cssf_a523304d9a92,esm2_150m,0.5916885802222412,41,1.0,41,54877,8481.5,0.805,0.0,0.4867,1.0,4.706144993773526,1.5780906590084196,0.0,0.0832844555605721,0.9167155444394278,Eukaryote,Stability,masked-protein-language-model,sequence,known-development-benchmark,available,,histgb,1,0.8658954930055411,0.757872311791877,0.23726760511668035,0.21365083639258253,False,,False,0.2742069127832999,0.16618373156963573,True,0.6948469950833246
variantshift-development-v1,proteingym-v1.3,proteingym-substitutions-v1.3,THO1_YEAST_Tsuboyama_2023_2WQG,THO1_YEAST_Tsuboyama_2023_2WQG,THO1_YEAST,THO1_YEAST,cssf_a523304d9a92,esm2_35m,0.5075435456561104,41,1.0,41,54877,8481.5,0.805,0.0,0.4867,1.0,3.938603872629219,1.6128651146318314,0.0,0.0822757564411751,0.9177242435588248,Eukaryote,Stability,masked-protein-language-model,sequence,known-development-benchmark,available,,histgb,1,0.8422875875271381,0.7102484614902916,0.23553142857786313,0.17000925984911974,False,,False,0.3347440418710277,0.20270491583418127,True,0.6501323032059555
variantshift-development-v1,proteingym-v1.3,proteingym-substitutions-v1.3,THO1_YEAST_Tsuboyama_2023_2WQG,THO1_YEAST_Tsuboyama_2023_2WQG,THO1_YEAST,THO1_YEAST,cssf_a523304d9a92,esm2_650m,0.5045582526562802,41,1.0,41,54877,8481.5,0.805,0.0,0.4867,1.0,5.162080710822885,1.5047639823553869,0.0,0.0910441489830302,0.9089558510169696,Eukaryote,Stability,masked-protein-language-model,sequence,known-development-benchmark,available,,histgb,1,0.8546910713036843,0.7672486383993431,0.2007272038196549,0.3068399999685432,False,,False,0.3501328186474041,0.2626903857430629,True,0.7041922837489247
variantshift-development-v1,proteingym-v1.3,proteingym-substitutions-v1.3,THO1_YEAST_Tsuboyama_2023_2WQG,THO1_YEAST_Tsuboyama_2023_2WQG,THO1_YEAST,THO1_YEAST,cssf_a523304d9a92,esm2_8m,0.0390622111707651,41,1.0,41,54877,8481.5,0.805,0.0,0.4867,1.0,2.273782421281549,1.1245976080483595,0.0,0.3440568453888565,0.6559431546111435,Eukaryote,Stability,masked-protein-language-model,sequence,known-development-benchmark,available,,histgb,1,0.3675524103661234,0.31650190055482347,0.26038425276971533,-0.28074230454174093,False,,False,0.3284901991953583,0.2774396893840584,True,0.22495782862224714
variantshift-development-v1,proteingym-v1.3,proteingym-substitutions-v1.3,THO1_YEAST_Tsuboyama_2023_2WQG,THO1_YEAST_Tsuboyama_2023_2WQG,THO1_YEAST,THO1_YEAST,cssf_a523304d9a92,vespag,0.7107141202016243,41,1.0,41,54877,8481.5,0.805,0.0,0.4867,1.0,0.0751341381356712,2.925573316487261,0.0,0.1497991864563718,0.8502008135436282,Eukaryote,Stability,distilled-evolutionary-variant-effect-model,sequence,known-development-benchmark,available,,histgb,1,0.8075820664092639,0.7578334143254409,0.2168519178220694,0.26043946708912497,True,0.02041442377578534,True,0.09686794620763961,0.04711929412381666,True,0.7011436692289341
variantshift-development-v1,proteingym-v1.3,proteingym-substitutions-v1.3,TNKS2_HUMAN_Tsuboyama_2023_5JRT,TNKS2_HUMAN_Tsuboyama_2023_5JRT,TNKS2_HUMAN,TNKS2_HUMAN,cssf_1a40a2a2ccdc,carp_640m,0.8238892103330773,59,1.0,59,270654,11557.3,0.949,0.0,0.5642,1.0,2.485084737189456,1.5493759770812918,0.0,0.1727396308439575,0.8272603691560425,Human,Stability,convolutional-protein-language-model,sequence,known-development-benchmark,available,,histgb,4,0.7164453021707662,0.7164453021707662,0.18035324850489354,-0.029368784459911534,False,,False,-0.10744390816231109,-0.10744390816231109,True,0.5102902349775986
variantshift-development-v1,proteingym-v1.3,proteingym-substitutions-v1.3,TNKS2_HUMAN_Tsuboyama_2023_5JRT,TNKS2_HUMAN_Tsuboyama_2023_5JRT,TNKS2_HUMAN,TNKS2_HUMAN,cssf_1a40a2a2ccdc,esm2_150m,0.6630360986778967,59,1.0,59,270654,11557.3,0.949,0.0,0.5642,1.0,2.8725315990314053,1.4662160020552777,0.0,0.0879931005959164,0.9120068994040836,Human,Stability,masked-protein-language-model,sequence,known-development-benchmark,available,,histgb,4,0.8164513195686698,0.8164513195686698,0.143238070995146,0.22411948204656174,False,,False,0.15341522089077309,0.15341522089077309,True,0.5466087920469418
variantshift-development-v1,proteingym-v1.3,proteingym-substitutions-v1.3,TNKS2_HUMAN_Tsuboyama_2023_5JRT,TNKS2_HUMAN_Tsuboyama_2023_5JRT,TNKS2_HUMAN,TNKS2_HUMAN,cssf_1a40a2a2ccdc,esm2_35m,0.6620273909841982,59,1.0,59,270654,11557.3,0.949,0.0,0.5642,1.0,2.681674841780183,1.481115763775254,0.0,0.1275033644040745,0.8724966355959255,Human,Stability,masked-protein-language-model,sequence,known-development-benchmark,available,,histgb,4,0.8138498906903624,0.8138498906903624,0.16539259531630496,0.12990253496552018,False,,False,0.15182249970616424,0.15182249970616424,True,0.5055964149089026
variantshift-development-v1,proteingym-v1.3,proteingym-substitutions-v1.3,TNKS2_HUMAN_Tsuboyama_2023_5JRT,TNKS2_HUMAN_Tsuboyama_2023_5JRT,TNKS2_HUMAN,TNKS2_HUMAN,cssf_1a40a2a2ccdc,esm2_650m,0.7209751504328522,59,1.0,59,270654,11557.3,0.949,0.0,0.5642,1.0,5.1671551239366,1.0535689058720117,0.0,0.1378154900791158,0.8621845099208841,Human,Stability,masked-protein-language-model,sequence,known-development-benchmark,available,,histgb,4,0.823680356574918,0.823680356574918,0.15221884523485796,0.19421035829134536,True,0.30417466408586646,True,0.1027052061420658,0.1027052061420658,True,0.6044325756213849
variantshift-development-v1,proteingym-v1.3,proteingym-substitutions-v1.3,TNKS2_HUMAN_Tsuboyama_2023_5JRT,TNKS2_HUMAN_Tsuboyama_2023_5JRT,TNKS2_HUMAN,TNKS2_HUMAN,cssf_1a40a2a2ccdc,esm2_8m,0.3522035592059042,59,1.0,59,270654,11557.3,0.949,0.0,0.5642,1.0,1.244764657811257,1.906377123973074,0.0,0.4675126013540405,0.5324873986459595,Human,Stability,masked-protein-language-model,sequence,known-development-benchmark,available,,histgb,4,0.09705048533645252,0.09705048533645252,0.15281698473618152,-0.5348929968990616,False,,False,-0.25515307386945163,-0.25515307386945163,True,0.24312324134429752
variantshift-development-v1,proteingym-v1.3,proteingym-substitutions-v1.3,TNKS2_HUMAN_Tsuboyama_2023_5JRT,TNKS2_HUMAN_Tsuboyama_2023_5JRT,TNKS2_HUMAN,TNKS2_HUMAN,cssf_1a40a2a2ccdc,vespag,0.8204015946649375,59,1.0,59,270654,11557.3,0.949,0.0,0.5642,1.0,0.0529043491007513,2.9010752395251007,0.0,0.1548162869575364,0.8451837130424635,Human,Stability,distilled-evolutionary-variant-effect-model,sequence,known-development-benchmark,available,,histgb,4,0.7447082161691844,0.7447082161691844,0.15542865257342112,0.10196471409060814,False,,False,-0.07569337849575308,-0.07569337849575308,True,0.6755562785047549
variantshift-development-v1,proteingym-v1.3,proteingym-substitutions-v1.3,TPK1_HUMAN_Weile_2017,TPK1_HUMAN_Weile_2017,TPK1_HUMAN,TPK1_HUMAN,cssf_3c2e5ceba3be,carp_640m,0.3338932453687873,243,0.9917695473251028,241,21515,7273.0,0.823,0.0,0.3975,1.0,4.172236568269527,1.711181206609776,0.0,0.1608572624830369,0.8391427375169631,Human,OrganismalFitness,convolutional-protein-language-model,sequence,known-development-benchmark,available,,histgb,2,0.5178308627226648,0.5178308627226648,0.17942145253217595,0.048917486752778905,False,,False,0.18393761735387748,0.18393761735387748,True,0.634070850061812
variantshift-development-v1,proteingym-v1.3,proteingym-substitutions-v1.3,TPK1_HUMAN_Weile_2017,TPK1_HUMAN_Weile_2017,TPK1_HUMAN,TPK1_HUMAN,cssf_3c2e5ceba3be,esm2_150m,0.2731580778625722,243,0.9917695473251028,241,21515,7273.0,0.823,0.0,0.3975,1.0,3.738291378386109,1.4816966650666652,0.0,0.1154219029351608,0.8845780970648391,Human,OrganismalFitness,masked-protein-language-model,sequence,known-development-benchmark,available,,histgb,2,0.5539048675024297,0.5539048675024297,0.19779689729799976,0.03696773674466303,False,,False,0.28074678963985755,0.28074678963985755,True,0.5425501109048737
variantshift-development-v1,proteingym-v1.3,proteingym-substitutions-v1.3,TPK1_HUMAN_Weile_2017,TPK1_HUMAN_Weile_2017,TPK1_HUMAN,TPK1_HUMAN,cssf_3c2e5ceba3be,esm2_35m,0.1996005322838526,243,0.9917695473251028,241,21515,7273.0,0.823,0.0,0.3975,1.0,2.828842321547969,1.1293586571325698,0.0,0.1608572624830369,0.8391427375169631,Human,OrganismalFitness,masked-protein-language-model,sequence,known-development-benchmark,available,,histgb,2,0.37117736606656365,0.37117736606656365,0.11308268770918624,0.07563865478590676,False,,False,0.17157683378271105,0.17157683378271105,True,0.3787627034639196
variantshift-development-v1,proteingym-v1.3,proteingym-substitutions-v1.3,TPK1_HUMAN_Weile_2017,TPK1_HUMAN_Weile_2017,TPK1_HUMAN,TPK1_HUMAN,cssf_3c2e5ceba3be,esm2_650m,0.4492450150045073,243,0.9917695473251028,241,21515,7273.0,0.823,0.0,0.3975,1.0,3.4676838223304305,2.011157610721632,0.0,0.1858173436068396,0.8141826563931603,Human,OrganismalFitness,masked-protein-language-model,sequence,known-development-benchmark,available,,histgb,2,0.5157377507199609,0.5157377507199609,0.15377224331389966,0.11385792684632157,False,,False,0.06649273571545355,0.06649273571545355,True,0.5758476004418446
variantshift-development-v1,proteingym-v1.3,proteingym-substitutions-v1.3,TPK1_HUMAN_Weile_2017,TPK1_HUMAN_Weile_2017,TPK1_HUMAN,TPK1_HUMAN,cssf_3c2e5ceba3be,esm2_8m,-0.035921598135545,243,0.9917695473251028,241,21515,7273.0,0.823,0.0,0.3975,1.0,1.022264918190887,1.5610021364949669,0.0,0.3865322104290204,0.6134677895709796,Human,OrganismalFitness,masked-protein-language-model,sequence,known-development-benchmark,available,,histgb,2,-0.036509829687532205,-0.036509829687532205,0.17142869209236108,-0.48453433073049135,False,,False,-0.0005882315519872075,-0.0005882315519872075,True,0.17569035037555064
variantshift-development-v1,proteingym-v1.3,proteingym-substitutions-v1.3,TPK1_HUMAN_Weile_2017,TPK1_HUMAN_Weile_2017,TPK1_HUMAN,TPK1_HUMAN,cssf_3c2e5ceba3be,vespag,0.4587318847408942,243,0.9917695473251028,241,21515,7273.0,0.823,0.0,0.3975,1.0,0.1214608304189374,2.4846992995463753,0.0,0.1262857461654303,0.8737142538345697,Human,OrganismalFitness,distilled-evolutionary-variant-effect-model,sequence,known-development-benchmark,available,,histgb,2,0.6723579308951989,0.6723579308951989,0.15319442242157777,0.2719882271409807,True,0.30418308582322306,True,0.2136260461543047,0.2136260461543047,True,0.5496291146287481
variantshift-development-v1,proteingym-v1.3,proteingym-substitutions-v1.3,TPMT_HUMAN_Matreyek_2018,TPMT_HUMAN_Matreyek_2018,TPMT_HUMAN,TPMT_HUMAN,cssf_b5a772423035,carp_640m,0.6141170685204562,245,0.9836734693877552,241,19526,6544.3,0.731,0.0,0.3975,1.0,3.910136893014916,1.482267723337561,0.0,0.1364477993976487,0.8635522006023513,Human,Expression,convolutional-protein-language-model,sequence,known-development-benchmark,available,,histgb,1,0.4407919993278963,0.4611209230376323,0.18797792895621934,0.029955337711523866,False,,False,-0.1733250691925599,-0.15299614548282392,True,0.6253063738182529
variantshift-development-v1,proteingym-v1.3,proteingym-substitutions-v1.3,TPMT_HUMAN_Matreyek_2018,TPMT_HUMAN_Matreyek_2018,TPMT_HUMAN,TPMT_HUMAN,cssf_b5a772423035,esm2_150m,0.5144273849978832,245,0.9836734693877552,241,19526,6544.3,0.731,0.0,0.3975,1.0,3.269055079092875,1.257838495633236,0.0,0.0863936904239296,0.9136063095760704,Human,Expression,masked-protein-language-model,sequence,known-development-benchmark,available,,histgb,1,0.3783723136947782,0.3922299273088048,0.18574502478745394,-0.03381403848330472,False,,False,-0.136055071303105,-0.12219745768907841,True,0.5180050649928901
variantshift-development-v1,proteingym-v1.3,proteingym-substitutions-v1.3,TPMT_HUMAN_Matreyek_2018,TPMT_HUMAN_Matreyek_2018,TPMT_HUMAN,TPMT_HUMAN,cssf_b5a772423035,esm2_35m,0.3322473762335207,245,0.9836734693877552,241,19526,6544.3,0.731,0.0,0.3975,1.0,2.788630485608539,0.9913199966768016,0.0,0.1494058764317871,0.8505941235682128,Human,Expression,masked-protein-language-model,sequence,known-development-benchmark,available,,histgb,1,0.21679271479632417,0.24112730694218118,0.12042741957020801,-0.03509745591492472,False,,False,-0.11545466143719652,-0.0911200692913395,True,0.3769992460131708
variantshift-development-v1,proteingym-v1.3,proteingym-substitutions-v1.3,TPMT_HUMAN_Matreyek_2018,TPMT_HUMAN_Matreyek_2018,TPMT_HUMAN,TPMT_HUMAN,cssf_b5a772423035,esm2_650m,0.561227419477262,245,0.9836734693877552,241,19526,6544.3,0.731,0.0,0.3975,1.0,3.818734758443669,1.5548457172141574,0.0,0.1521280102070235,0.8478719897929765,Human,Expression,masked-protein-language-model,sequence,known-development-benchmark,available,,histgb,1,0.447502728405783,0.4618573812259171,0.174003398667775,0.06274522134678145,False,,False,-0.11372469107147898,-0.09937003825134488,True,0.5716762433185244
variantshift-development-v1,proteingym-v1.3,proteingym-substitutions-v1.3,TPMT_HUMAN_Matreyek_2018,TPMT_HUMAN_Matreyek_2018,TPMT_HUMAN,TPMT_HUMAN,cssf_b5a772423035,esm2_8m,0.2778495118222229,245,0.9836734693877552,241,19526,6544.3,0.731,0.0,0.3975,1.0,1.650747707456943,1.1587666615250254,0.0,0.2666281066129894,0.7333718933870106,Human,Expression,masked-protein-language-model,sequence,known-development-benchmark,available,,histgb,1,0.08555963126991287,0.10500731623266557,0.14223920430054096,-0.22124720800377445,False,,False,-0.19228988055231003,-0.17284219558955732,True,0.2452732462253942
variantshift-development-v1,proteingym-v1.3,proteingym-substitutions-v1.3,TPMT_HUMAN_Matreyek_2018,TPMT_HUMAN_Matreyek_2018,TPMT_HUMAN,TPMT_HUMAN,cssf_b5a772423035,vespag,0.6483424137827551,245,0.9836734693877552,241,19526,6544.3,0.731,0.0,0.3975,1.0,0.1085473711330017,2.4402364022473204,0.0,0.127571938242307,0.8724280617576929,Human,Expression,distilled-evolutionary-variant-effect-model,sequence,known-development-benchmark,available,,histgb,1,0.5607884556968507,0.572738206291131,0.22303706751993152,0.06115736113219006,True,0.11271636434795497,True,-0.08755395808590449,-0.07560420749162411,True,0.6090207229561013
variantshift-development-v1,proteingym-v1.3,proteingym-substitutions-v1.3,TPOR_HUMAN_Bridgford_2020,TPOR_HUMAN_Bridgford_2020,TPOR_HUMAN,TPOR_HUMAN,cssf_540579521118,carp_640m,0.6348041110913067,635,0.0488188976377952,31,937,120.5,0.825,0.0,0.2408,1.0,2.9046969761893076,1.620206358506678,0.0,0.0544736724064772,0.9455263275935228,Human,OrganismalFitness,convolutional-protein-language-model,sequence,known-development-benchmark,available,,histgb,2,0.5850581337423187,0.5850581337423187,0.35340840409412155,-0.3385656889451366,True,-1.4699048068453593,False,-0.049745977348988,-0.049745977348988,True,0.5799884251947629
variantshift-development-v1,proteingym-v1.3,proteingym-substitutions-v1.3,TPOR_HUMAN_Bridgford_2020,TPOR_HUMAN_Bridgford_2020,TPOR_HUMAN,TPOR_HUMAN,cssf_540579521118,esm2_150m,0.4634436639551677,635,0.0488188976377952,31,937,120.5,0.825,0.0,0.2408,1.0,2.7932781157458964,1.622494605697555,0.0,0.0449095034975202,0.9550904965024798,Human,OrganismalFitness,masked-protein-language-model,sequence,known-development-benchmark,available,,histgb,2,0.4594428490769164,0.4594428490769164,0.33458133278074537,-0.41497690439480334,False,,False,-0.004000814878251269,-0.004000814878251269,True,0.5303250260841678
variantshift-development-v1,proteingym-v1.3,proteingym-substitutions-v1.3,TPOR_HUMAN_Bridgford_2020,TPOR_HUMAN_Bridgford_2020,TPOR_HUMAN,TPOR_HUMAN,cssf_540579521118,esm2_35m,0.6748479465928395,635,0.0488188976377952,31,937,120.5,0.825,0.0,0.2408,1.0,2.5786817478579662,1.5429740600529038,0.0,0.04005247978795,0.95994752021205,Human,OrganismalFitness,masked-protein-language-model,sequence,known-development-benchmark,available,,histgb,2,0.3498407658864066,0.3498407658864066,0.3501198880826124,-0.5651886043366132,False,,False,-0.3250071807064329,-0.3250071807064329,True,0.5034114469733786
variantshift-development-v1,proteingym-v1.3,proteingym-substitutions-v1.3,TPOR_HUMAN_Bridgford_2020,TPOR_HUMAN_Bridgford_2020,TPOR_HUMAN,TPOR_HUMAN,cssf_540579521118,esm2_650m,0.3639043374660638,635,0.0488188976377952,31,937,120.5,0.825,0.0,0.2408,1.0,3.1774190082483016,1.5290889390193811,0.0,0.04005247978795,0.95994752021205,Human,OrganismalFitness,masked-protein-language-model,sequence,known-development-benchmark,available,,histgb,2,0.36613179479763114,0.36613179479763114,0.3636134343421553,-0.5841626133629976,False,,False,0.0022274573315673174,0.0022274573315673174,True,0.5426369153534599
variantshift-development-v1,proteingym-v1.3,proteingym-substitutions-v1.3,TPOR_HUMAN_Bridgford_2020,TPOR_HUMAN_Bridgford_2020,TPOR_HUMAN,TPOR_HUMAN,cssf_540579521118,esm2_8m,0.4241588206705247,635,0.0488188976377952,31,937,120.5,0.825,0.0,0.2408,1.0,2.0580341534277258,1.6933190570988566,0.0,0.0544736724064772,0.9455263275935228,Human,OrganismalFitness,masked-protein-language-model,sequence,known-development-benchmark,available,,histgb,2,0.4708419221493713,0.4708419221493713,0.34959706878310015,-0.4428210732099039,False,,False,0.046683101478846634,0.046683101478846634,True,0.48575113635376566
variantshift-development-v1,proteingym-v1.3,proteingym-substitutions-v1.3,TPOR_HUMAN_Bridgford_2020,TPOR_HUMAN_Bridgford_2020,TPOR_HUMAN,TPOR_HUMAN,cssf_540579521118,vespag,0.6007351734641208,635,0.0488188976377952,31,937,120.5,0.825,0.0,0.2408,1.0,0.0736763479638474,2.420912231896082,0.0,0.1786115794298133,0.8213884205701867,Human,OrganismalFitness,distilled-evolutionary-variant-effect-model,sequence,known-development-benchmark,available,,histgb,2,0.49436213464529494,0.49436213464529494,0.2808882162820439,-0.23973203251318626,False,,False,-0.10637303881882582,-0.10637303881882582,True,0.4737169403020102
variantshift-development-v1,proteingym-v1.3,proteingym-substitutions-v1.3,TRPC_SACS2_Chan_2017,TRPC_SACS2_Chan_2017,TRPC_SACS2,TRPC_SACS2,cssf_415fc4c4433b,carp_640m,1.069233593833231,248,0.3225806451612903,80,52935,10409.9,0.944,0.0,0.374,1.0,3.6589961740473056,1.6453303783050062,0.0,0.073596236041005,0.9264037639589948,Prokaryote,OrganismalFitness,convolutional-protein-language-model,sequence,known-development-benchmark,available,,histgb,2,0.5378253039054041,0.5378253039054041,0.1724381034376662,0.08716273213573267,False,,False,-0.5314082899278268,-0.5314082899278268,True,0.5853215541286361
variantshift-development-v1,proteingym-v1.3,proteingym-substitutions-v1.3,TRPC_SACS2_Chan_2017,TRPC_SACS2_Chan_2017,TRPC_SACS2,TRPC_SACS2,cssf_415fc4c4433b,esm2_150m,1.0915410166836832,248,0.3225806451612903,80,52935,10409.9,0.944,0.0,0.374,1.0,3.4403193090212856,1.6666368591741365,0.0,0.0669290728095259,0.933070927190474,Prokaryote,OrganismalFitness,masked-protein-language-model,sequence,known-development-benchmark,available,,histgb,2,0.5200236011597844,0.5200236011597844,0.17638179862680575,0.059054282906695676,False,,False,-0.5715174155238988,-0.5715174155238988,True,0.5297669182177864
variantshift-development-v1,proteingym-v1.3,proteingym-substitutions-v1.3,TRPC_SACS2_Chan_2017,TRPC_SACS2_Chan_2017,TRPC_SACS2,TRPC_SACS2,cssf_415fc4c4433b,esm2_35m,0.8049277456988262,248,0.3225806451612903,80,52935,10409.9,0.944,0.0,0.374,1.0,3.5753939258392764,1.6106259783192465,0.0,0.0988255329175564,0.9011744670824436,Prokaryote,OrganismalFitness,masked-protein-language-model,sequence,known-development-benchmark,available,,histgb,2,0.5141775603523918,0.5141775603523918,0.18151851350960355,0.03978356916809095,False,,False,-0.2907501853464344,-0.2907501853464344,True,0.5058210787261603
variantshift-development-v1,proteingym-v1.3,proteingym-substitutions-v1.3,TRPC_SACS2_Chan_2017,TRPC_SACS2_Chan_2017,TRPC_SACS2,TRPC_SACS2,cssf_415fc4c4433b,esm2_650m,1.3072038115573437,248,0.3225806451612903,80,52935,10409.9,0.944,0.0,0.374,1.0,4.235950100083898,1.6601388742684071,0.0,0.0777729372884863,0.9222270627115136,Prokaryote,OrganismalFitness,masked-protein-language-model,sequence,known-development-benchmark,available,,histgb,2,0.5636215189959587,0.5636215189959587,0.1704161671011833,0.11824322611354215,False,,False,-0.743582292561385,-0.743582292561385,True,0.576514408751474
variantshift-development-v1,proteingym-v1.3,proteingym-substitutions-v1.3,TRPC_SACS2_Chan_2017,TRPC_SACS2_Chan_2017,TRPC_SACS2,TRPC_SACS2,cssf_415fc4c4433b,esm2_8m,0.4332443033852355,248,0.3225806451612903,80,52935,10409.9,0.944,0.0,0.374,1.0,2.41773554845529,1.3911051746488925,0.0,0.2070992499417612,0.7929007500582388,Prokaryote,OrganismalFitness,masked-protein-language-model,sequence,known-development-benchmark,available,,histgb,2,0.35831299877334916,0.35831299877334916,0.17777320464839536,-0.10629272352017283,False,,False,-0.07493130461188635,-0.07493130461188635,True,0.30575844679834063
variantshift-development-v1,proteingym-v1.3,proteingym-substitutions-v1.3,TRPC_SACS2_Chan_2017,TRPC_SACS2_Chan_2017,TRPC_SACS2,TRPC_SACS2,cssf_415fc4c4433b,vespag,1.4126445128345697,248,0.3225806451612903,80,52935,10409.9,0.944,0.0,0.374,1.0,0.0834756269230588,2.9700602787095995,0.0,0.0932833300156303,0.9067166699843696,Prokaryote,OrganismalFitness,distilled-evolutionary-variant-effect-model,sequence,known-development-benchmark,available,,histgb,2,0.5629276922516332,0.5629276922516332,0.11678733130245125,0.2577069897176083,True,0.24361907471045738,True,-0.8497168205829365,-0.8497168205829365,True,0.6020042924812272
variantshift-development-v1,proteingym-v1.3,proteingym-substitutions-v1.3,TRPC_THEMA_Chan_2017,TRPC_THEMA_Chan_2017,TRPC_THEMA,TRPC_THEMA,cssf_415fc4c4433b,carp_640m,1.126653184875941,252,0.3174603174603174,80,52988,10460.9,0.948,0.0,0.3759,1.0,3.5696273725014156,1.5771012438776832,0.0,0.0578956869460038,0.942104313053996,Prokaryote,OrganismalFitness,convolutional-protein-language-model,sequence,known-development-benchmark,available,,histgb,2,0.531741314580668,0.531741314580668,0.17915888771161154,0.06351414505200859,False,,False,-0.5949118702952729,-0.5949118702952729,True,0.5753074920136643
variantshift-development-v1,proteingym-v1.3,proteingym-substitutions-v1.3,TRPC_THEMA_Chan_2017,TRPC_THEMA_Chan_2017,TRPC_THEMA,TRPC_THEMA,cssf_415fc4c4433b,esm2_150m,1.1098300586027126,252,0.3174603174603174,80,52988,10460.9,0.948,0.0,0.3759,1.0,3.7131405798194774,1.6591314425063994,0.0,0.0514655994597521,0.9485344005402478,Prokaryote,OrganismalFitness,masked-protein-language-model,sequence,known-development-benchmark,available,,histgb,2,0.5097495914679552,0.5097495914679552,0.17342267467513175,0.05651386795791408,False,,False,-0.6000804671347574,-0.6000804671347574,True,0.5566439389248007
variantshift-development-v1,proteingym-v1.3,proteingym-substitutions-v1.3,TRPC_THEMA_Chan_2017,TRPC_THEMA_Chan_2017,TRPC_THEMA,TRPC_THEMA,cssf_415fc4c4433b,esm2_35m,0.9736622747322224,252,0.3174603174603174,80,52988,10460.9,0.948,0.0,0.3759,1.0,3.404845858994836,1.585771672407157,0.0,0.0708720433622626,0.9291279566377374,Prokaryote,OrganismalFitness,masked-protein-language-model,sequence,known-development-benchmark,available,,histgb,2,0.5073969226851033,0.5073969226851033,0.17819733200093574,0.041682754406365485,False,,False,-0.46626535204711916,-0.46626535204711916,True,0.5071712751488127
variantshift-development-v1,proteingym-v1.3,proteingym-substitutions-v1.3,TRPC_THEMA_Chan_2017,TRPC_THEMA_Chan_2017,TRPC_THEMA,TRPC_THEMA,cssf_415fc4c4433b,esm2_650m,1.0853689945665592,252,0.3174603174603174,80,52988,10460.9,0.948,0.0,0.3759,1.0,4.3112659004704765,1.6036006639600713,0.0,0.0622724201580616,0.9377275798419384,Prokaryote,OrganismalFitness,masked-protein-language-model,sequence,known-development-benchmark,available,,histgb,2,0.5770597450440587,0.5770597450440587,0.18379481806564885,0.09671669013829776,False,,False,-0.5083092495225006,-0.5083092495225006,True,0.5801388954092103
variantshift-development-v1,proteingym-v1.3,proteingym-substitutions-v1.3,TRPC_THEMA_Chan_2017,TRPC_THEMA_Chan_2017,TRPC_THEMA,TRPC_THEMA,cssf_415fc4c4433b,esm2_8m,0.572737038372477,252,0.3174603174603174,80,52988,10460.9,0.948,0.0,0.3759,1.0,2.204171860329024,1.4127452166111445,0.0,0.2317575223919802,0.7682424776080198,Prokaryote,OrganismalFitness,masked-protein-language-model,sequence,known-development-benchmark,available,,histgb,2,0.3381261799498411,0.3381261799498411,0.192811054979074,-0.1657805794625496,False,,False,-0.2346108584226359,-0.2346108584226359,True,0.27579155652561027
variantshift-development-v1,proteingym-v1.3,proteingym-substitutions-v1.3,TRPC_THEMA_Chan_2017,TRPC_THEMA_Chan_2017,TRPC_THEMA,TRPC_THEMA,cssf_415fc4c4433b,vespag,1.0184710672684911,252,0.3174603174603174,80,52988,10460.9,0.948,0.0,0.3759,1.0,0.0820882284054308,2.935323517696568,0.0,0.0763889659421724,0.9236110340578276,Prokaryote,OrganismalFitness,distilled-evolutionary-variant-effect-model,sequence,known-development-benchmark,available,,histgb,2,0.5683895388753508,0.5683895388753508,0.12074451114835516,0.25282684805243927,True,0.26579983098322607,True,-0.4500815283931403,-0.4500815283931403,True,0.6054525921650104
variantshift-development-v1,proteingym-v1.3,proteingym-substitutions-v1.3,UBC9_HUMAN_Weile_2017,UBC9_HUMAN_Weile_2017,UBC9_HUMAN,UBC9_HUMAN,cssf_ab8b39992872,carp_640m,0.5954309917515593,159,0.9937106918238994,158,69788,8797.7,0.849,0.0,0.3211,1.0,3.274874769113138,1.8782296636381297,0.0,0.2371607427059725,0.7628392572940275,Human,OrganismalFitness,convolutional-protein-language-model,sequence,known-development-benchmark,available,,histgb,2,0.4084079832656298,0.4084079832656298,0.13139767459246673,0.06500352232639678,False,,False,-0.1870230084859295,-0.1870230084859295,True,0.5371581657434166
variantshift-development-v1,proteingym-v1.3,proteingym-substitutions-v1.3,UBC9_HUMAN_Weile_2017,UBC9_HUMAN_Weile_2017,UBC9_HUMAN,UBC9_HUMAN,cssf_ab8b39992872,esm2_150m,0.2496120185577639,159,0.9937106918238994,158,69788,8797.7,0.849,0.0,0.3211,1.0,2.8463280103805344,1.2662624865333203,0.0,0.206164861345354,0.7938351386546459,Human,OrganismalFitness,masked-protein-language-model,sequence,known-development-benchmark,available,,histgb,2,0.32497225866526397,0.32497225866526397,0.2118653784289789,-0.22873248760778248,False,,False,0.07536024010750006,0.07536024010750006,True,0.36202235581148845
variantshift-development-v1,proteingym-v1.3,proteingym-substitutions-v1.3,UBC9_HUMAN_Weile_2017,UBC9_HUMAN_Weile_2017,UBC9_HUMAN,UBC9_HUMAN,cssf_ab8b39992872,esm2_35m,-0.1551275787075813,159,0.9937106918238994,158,69788,8797.7,0.849,0.0,0.3211,1.0,0.990972615904939,1.4358932765869097,0.0,0.4413472225022329,0.5586527774977671,Human,OrganismalFitness,masked-protein-language-model,sequence,known-development-benchmark,available,,histgb,2,-0.1402810206182507,-0.1402810206182507,0.22555070556628593,-0.7297520192465228,False,,False,0.01484655808933058,0.01484655808933058,True,0.09827055110972704
variantshift-development-v1,proteingym-v1.3,proteingym-substitutions-v1.3,UBC9_HUMAN_Weile_2017,UBC9_HUMAN_Weile_2017,UBC9_HUMAN,UBC9_HUMAN,cssf_ab8b39992872,esm2_650m,0.4335986976024105,159,0.9937106918238994,158,69788,8797.7,0.849,0.0,0.3211,1.0,3.182566114159747,1.3134923526903182,0.0,0.1650087649867795,0.8349912350132205,Human,OrganismalFitness,masked-protein-language-model,sequence,known-development-benchmark,available,,histgb,2,0.3744935637314226,0.3744935637314226,0.21331153057106542,-0.1829906641673802,False,,False,-0.05910513387098787,-0.05910513387098787,True,0.42382012476099207
variantshift-development-v1,proteingym-v1.3,proteingym-substitutions-v1.3,UBC9_HUMAN_Weile_2017,UBC9_HUMAN_Weile_2017,UBC9_HUMAN,UBC9_HUMAN,cssf_ab8b39992872,esm2_8m,-0.1203225399408812,159,0.9937106918238994,158,69788,8797.7,0.849,0.0,0.3211,1.0,0.9921551807585628,1.4817848010706465,0.0,0.4364667626093714,0.5635332373906285,Human,OrganismalFitness,masked-protein-language-model,sequence,known-development-benchmark,available,,histgb,2,-0.12031420433016249,-0.12031420433016249,0.24414186033155746,-0.7583727103112621,False,,False,8.335610718709918e-06,8.335610718709918e-06,True,0.11066125509420632
variantshift-development-v1,proteingym-v1.3,proteingym-substitutions-v1.3,UBC9_HUMAN_Weile_2017,UBC9_HUMAN_Weile_2017,UBC9_HUMAN,UBC9_HUMAN,cssf_ab8b39992872,vespag,0.6199756830413491,159,0.9937106918238994,158,69788,8797.7,0.849,0.0,0.3211,1.0,0.072123206802482,2.5278738959470783,0.0,0.1278131013051296,0.8721868986948703,Human,OrganismalFitness,distilled-evolutionary-variant-effect-model,sequence,known-development-benchmark,available,,histgb,2,0.5250222814106015,0.5250222814106015,0.20227267744199906,-0.0036121862475301247,True,-0.13122252492403472,False,-0.09495340163074761,-0.09495340163074761,True,0.5411524898712827
variantshift-development-v1,proteingym-v1.3,proteingym-substitutions-v1.3,UBE4B_HUMAN_Tsuboyama_2023_3L1X,UBE4B_HUMAN_Tsuboyama_2023_3L1X,UBE4B_HUMAN,UBE4B_HUMAN,cssf_57451dbef5f4,carp_640m,0.7245255019168816,69,1.0,69,310943,34932.4,0.928,0.0,0.3766,0.9855072463768116,2.8772758471425908,2.067831680059386,0.0,0.1493300358660263,0.8506699641339737,Human,Stability,convolutional-protein-language-model,sequence,known-development-benchmark,available,,histgb,4,0.8369560764227169,0.8369560764227169,0.1747907948266115,0.11414438283948569,False,,False,0.11243057450583527,0.11243057450583527,True,0.641635081748962
variantshift-development-v1,proteingym-v1.3,proteingym-substitutions-v1.3,UBE4B_HUMAN_Tsuboyama_2023_3L1X,UBE4B_HUMAN_Tsuboyama_2023_3L1X,UBE4B_HUMAN,UBE4B_HUMAN,cssf_57451dbef5f4,esm2_150m,0.9625639606813792,69,1.0,69,310943,34932.4,0.928,0.0,0.3766,0.9855072463768116,5.151345508602822,1.7087700661223757,0.0,0.0738267261335405,0.9261732738664594,Human,Stability,masked-protein-language-model,sequence,known-development-benchmark,available,,histgb,4,0.8657823978916592,0.8657823978916592,0.22717679103472874,-0.0736609019314507,False,,False,-0.09678156278971994,-0.09678156278971994,True,0.7639063141122249
variantshift-development-v1,proteingym-v1.3,proteingym-substitutions-v1.3,UBE4B_HUMAN_Tsuboyama_2023_3L1X,UBE4B_HUMAN_Tsuboyama_2023_3L1X,UBE4B_HUMAN,UBE4B_HUMAN,cssf_57451dbef5f4,esm2_35m,0.7349598486992279,69,1.0,69,310943,34932.4,0.928,0.0,0.3766,0.9855072463768116,3.821045322011323,1.5524103458717622,0.0,0.0596514593305819,0.940348540669418,Human,Stability,masked-protein-language-model,sequence,known-development-benchmark,available,,histgb,4,0.8038087287085656,0.8038087287085656,0.21302601435924706,-0.07711691940142484,False,,False,0.06884888000933764,0.06884888000933764,True,0.6225883468225885
variantshift-development-v1,proteingym-v1.3,proteingym-substitutions-v1.3,UBE4B_HUMAN_Tsuboyama_2023_3L1X,UBE4B_HUMAN_Tsuboyama_2023_3L1X,UBE4B_HUMAN,UBE4B_HUMAN,cssf_57451dbef5f4,esm2_650m,0.946987392654884,69,1.0,69,310943,34932.4,0.928,0.0,0.3766,0.9855072463768116,5.9490247686141,1.786422465979093,0.0,0.0832407258122718,0.9167592741877282,Human,Stability,masked-protein-language-model,sequence,known-development-benchmark,available,,histgb,4,0.8745957696180493,0.8745957696180493,0.23033691771827522,-0.07791558978072455,False,,False,-0.07239162303683466,-0.07239162303683466,True,0.8440284822389281
variantshift-development-v1,proteingym-v1.3,proteingym-substitutions-v1.3,UBE4B_HUMAN_Tsuboyama_2023_3L1X,UBE4B_HUMAN_Tsuboyama_2023_3L1X,UBE4B_HUMAN,UBE4B_HUMAN,cssf_57451dbef5f4,esm2_8m,0.2366924343906932,69,1.0,69,310943,34932.4,0.928,0.0,0.3766,0.9855072463768116,3.6503788601776943,1.3452259497093864,0.0,0.141877788228282,0.858122211771718,Human,Stability,masked-protein-language-model,sequence,known-development-benchmark,available,,histgb,4,0.8311390919508601,0.8311390919508601,0.1660721012221704,0.14438177809804198,False,,False,0.5944466575601669,0.5944466575601669,True,0.497967156629696
variantshift-development-v1,proteingym-v1.3,proteingym-substitutions-v1.3,UBE4B_HUMAN_Tsuboyama_2023_3L1X,UBE4B_HUMAN_Tsuboyama_2023_3L1X,UBE4B_HUMAN,UBE4B_HUMAN,cssf_57451dbef5f4,vespag,0.7393913354621553,69,1.0,69,310943,34932.4,0.928,0.0,0.3766,0.9855072463768116,0.0528189358938605,3.0502618376075614,0.0,0.0690462331980842,0.9309537668019158,Human,Stability,distilled-evolutionary-variant-effect-model,sequence,known-development-benchmark,available,,histgb,4,0.8620300311331254,0.8620300311331254,0.19706196022253783,0.0471204739646266,True,1.0196386683609406,True,0.12263869567097008,0.12263869567097008,True,0.727711146867283
variantshift-development-v1,proteingym-v1.3,proteingym-substitutions-v1.3,UBE4B_MOUSE_Starita_2013,UBE4B_MOUSE_Starita_2013,UBE4B_MOUSE,UBE4B_MOUSE,cssf_57451dbef5f4,carp_640m,0.3716116097307361,1173,0.0869565217391304,102,4743,753.7,0.765,0.0,0.2068,1.0,4.086659589364801,1.6720630247611052,0.0,0.1585386138025175,0.8414613861974825,Eukaryote,Activity,convolutional-protein-language-model,sequence,known-development-benchmark,available,,histgb,4,0.37921349660537074,0.37921349660537074,0.3079078592914236,-0.8940766755847324,False,,False,0.007601886874634645,0.007601886874634645,True,0.5815184976462886
variantshift-development-v1,proteingym-v1.3,proteingym-substitutions-v1.3,UBE4B_MOUSE_Starita_2013,UBE4B_MOUSE_Starita_2013,UBE4B_MOUSE,UBE4B_MOUSE,cssf_57451dbef5f4,esm2_150m,0.4745239610887912,1173,0.0869565217391304,102,4743,753.7,0.765,0.0,0.2068,1.0,3.4079233414911596,1.466991236428288,0.0,0.099522285340554,0.9004777146594459,Eukaryote,Activity,masked-protein-language-model,sequence,known-development-benchmark,available,,histgb,4,0.24687711701743018,0.24687711701743018,0.31362169147614055,-1.050041443168634,False,,False,-0.22764684407136102,-0.22764684407136102,True,0.4787077880473092
variantshift-development-v1,proteingym-v1.3,proteingym-substitutions-v1.3,UBE4B_MOUSE_Starita_2013,UBE4B_MOUSE_Starita_2013,UBE4B_MOUSE,UBE4B_MOUSE,cssf_57451dbef5f4,esm2_35m,0.4656146056520797,1173,0.0869565217391304,102,4743,753.7,0.765,0.0,0.2068,1.0,2.5787571804771816,1.1788229444903011,0.0,0.1539369240589849,0.846063075941015,Eukaryote,Activity,masked-protein-language-model,sequence,known-development-benchmark,available,,histgb,4,0.13361668128318768,0.13361668128318768,0.3455122035085621,-1.295178589196785,False,,False,-0.331997924368892,-0.331997924368892,True,0.2982250135592791
variantshift-development-v1,proteingym-v1.3,proteingym-substitutions-v1.3,UBE4B_MOUSE_Starita_2013,UBE4B_MOUSE_Starita_2013,UBE4B_MOUSE,UBE4B_MOUSE,cssf_57451dbef5f4,esm2_650m,0.4471952505323734,1173,0.0869565217391304,102,4743,753.7,0.765,0.0,0.2068,1.0,4.04792260471269,1.7502761659808108,0.0,0.1575025868055986,0.8424974131944014,Eukaryote,Activity,masked-protein-language-model,sequence,known-development-benchmark,available,,histgb,4,0.42547406958668327,0.42547406958668327,0.2811959610174813,-0.737354493630453,True,-0.5654728938753502,False,-0.021721180945690144,-0.021721180945690144,True,0.5609849615916094
variantshift-development-v1,proteingym-v1.3,proteingym-substitutions-v1.3,UBE4B_MOUSE_Starita_2013,UBE4B_MOUSE_Starita_2013,UBE4B_MOUSE,UBE4B_MOUSE,cssf_57451dbef5f4,esm2_8m,0.1907278909951643,1173,0.0869565217391304,102,4743,753.7,0.765,0.0,0.2068,1.0,1.7173820879319923,1.1772253052069257,0.0,0.2248494532818367,0.7751505467181633,Eukaryote,Activity,masked-protein-language-model,sequence,known-development-benchmark,available,,histgb,4,0.018577497245395307,0.018577497245395307,0.28338152230227714,-1.1532890090468342,False,,False,-0.17215039374976898,-0.17215039374976898,True,0.17354175449917836
variantshift-development-v1,proteingym-v1.3,proteingym-substitutions-v1.3,UBE4B_MOUSE_Starita_2013,UBE4B_MOUSE_Starita_2013,UBE4B_MOUSE,UBE4B_MOUSE,cssf_57451dbef5f4,vespag,0.4669680169062805,1173,0.0869565217391304,102,4743,753.7,0.765,0.0,0.2068,1.0,0.1003926628241443,2.1958717085027355,0.0,0.1539369240589849,0.846063075941015,Eukaryote,Activity,distilled-evolutionary-variant-effect-model,sequence,known-development-benchmark,available,,histgb,4,0.3217729315253631,0.3217729315253631,0.3009428184754,-0.9227147344852792,False,,False,-0.14519508538091735,-0.14519508538091735,True,0.401634132150644
variantshift-development-v1,proteingym-v1.3,proteingym-substitutions-v1.3,UBR5_HUMAN_Tsuboyama_2023_1I2T,UBR5_HUMAN_Tsuboyama_2023_1I2T,UBR5_HUMAN,UBR5_HUMAN,cssf_99a238bc9e63,carp_640m,0.6309568597244413,58,1.0,58,17888,1017.9,0.966,0.0,0.6328,0.9827586206896552,2.895104136672008,1.4813387715155766,0.0,0.2538919153432459,0.746108084656754,Human,Stability,convolutional-protein-language-model,sequence,known-development-benchmark,available,,histgb,1,0.5528176803269953,0.5451401837869565,0.2553699845852479,-0.04060277811184132,False,,False,-0.07813917939744597,-0.08581667593748477,True,0.4013358067130157
variantshift-development-v1,proteingym-v1.3,proteingym-substitutions-v1.3,UBR5_HUMAN_Tsuboyama_2023_1I2T,UBR5_HUMAN_Tsuboyama_2023_1I2T,UBR5_HUMAN,UBR5_HUMAN,cssf_99a238bc9e63,esm2_150m,0.1948218580528986,58,1.0,58,17888,1017.9,0.966,0.0,0.6328,0.9827586206896552,1.204189955025631,1.81525768701525,0.0,0.2269872056209905,0.7730127943790095,Human,Stability,masked-protein-language-model,sequence,known-development-benchmark,available,,histgb,1,0.36293109798268436,0.38064901552473446,0.21865378270010752,-0.12087787502642572,False,,False,0.16810923992978577,0.18582715747183587,True,0.32763490323814615
variantshift-development-v1,proteingym-v1.3,proteingym-substitutions-v1.3,UBR5_HUMAN_Tsuboyama_2023_1I2T,UBR5_HUMAN_Tsuboyama_2023_1I2T,UBR5_HUMAN,UBR5_HUMAN,cssf_99a238bc9e63,esm2_35m,0.2291388790091191,58,1.0,58,17888,1017.9,0.966,0.0,0.6328,0.9827586206896552,1.228654481479306,1.7946298730888468,0.0,0.2571939008661752,0.7428060991338248,Human,Stability,masked-protein-language-model,sequence,known-development-benchmark,available,,histgb,1,0.28013177348417295,0.2886316009580678,0.23994045304855066,-0.2617205944115533,False,,False,0.05099289447505384,0.05949272194894867,True,0.3015350609047717
variantshift-development-v1,proteingym-v1.3,proteingym-substitutions-v1.3,UBR5_HUMAN_Tsuboyama_2023_1I2T,UBR5_HUMAN_Tsuboyama_2023_1I2T,UBR5_HUMAN,UBR5_HUMAN,cssf_99a238bc9e63,esm2_650m,0.2920996743477972,58,1.0,58,17888,1017.9,0.966,0.0,0.6328,0.9827586206896552,2.677807933075998,1.2171600266265212,0.0,0.2571939008661752,0.7428060991338248,Human,Stability,masked-protein-language-model,sequence,known-development-benchmark,available,,histgb,1,0.520277510085548,0.5164384674857407,0.25454074413084765,-0.06740246289327767,False,,False,0.2281778357377508,0.22433879313794353,True,0.27358596186158446
variantshift-development-v1,proteingym-v1.3,proteingym-substitutions-v1.3,UBR5_HUMAN_Tsuboyama_2023_1I2T,UBR5_HUMAN_Tsuboyama_2023_1I2T,UBR5_HUMAN,UBR5_HUMAN,cssf_99a238bc9e63,esm2_8m,0.1950083116756388,58,1.0,58,17888,1017.9,0.966,0.0,0.6328,0.9827586206896552,1.280553480078308,1.8133321803939897,0.0,0.2504312193153268,0.7495687806846731,Human,Stability,masked-protein-language-model,sequence,known-development-benchmark,available,,histgb,1,0.2666966158805511,0.24086005469064425,0.22042586714963405,-0.2647314717098946,False,,False,0.07168830420491229,0.04585174301500544,True,0.31448951200508124
variantshift-development-v1,proteingym-v1.3,proteingym-substitutions-v1.3,UBR5_HUMAN_Tsuboyama_2023_1I2T,UBR5_HUMAN_Tsuboyama_2023_1I2T,UBR5_HUMAN,UBR5_HUMAN,cssf_99a238bc9e63,vespag,0.644151625592903,58,1.0,58,17888,1017.9,0.966,0.0,0.6328,0.9827586206896552,0.0667212078918611,2.8193473406513645,0.0,0.1867054142519236,0.8132945857480763,Human,Stability,distilled-evolutionary-variant-effect-model,sequence,known-development-benchmark,available,,histgb,1,0.644579432541676,0.63558143892475,0.2185442977770965,0.1343056742965988,True,-1.171242603898997,True,0.00042780694877309067,-0.008570186668152902,True,0.5818639947212674
variantshift-development-v1,proteingym-v1.3,proteingym-substitutions-v1.3,VG08_BPP22_Tsuboyama_2023_2GP8,VG08_BPP22_Tsuboyama_2023_2GP8,VG08_BPP22,VG08_BPP22,cssf_ffaeeb6011e9,carp_640m,0.6143793542368614,40,1.0,40,102464,47114.9,0.875,0.0,0.6379,0.0,2.1057977906442136,1.2589486492529365,0.0,0.0667378021501118,0.9332621978498882,Virus,Stability,convolutional-protein-language-model,sequence,known-development-benchmark,available,,histgb,1,0.7526751614242422,0.6950332946098918,0.11747691261636177,0.4255761191223657,False,,False,0.13829580718738077,0.08065394037303042,True,0.47854495355896226
variantshift-development-v1,proteingym-v1.3,proteingym-substitutions-v1.3,VG08_BPP22_Tsuboyama_2023_2GP8,VG08_BPP22_Tsuboyama_2023_2GP8,VG08_BPP22,VG08_BPP22,cssf_ffaeeb6011e9,esm2_150m,0.6327213932414953,40,1.0,40,102464,47114.9,0.875,0.0,0.6379,0.0,2.3569687782172206,1.0776146485823588,0.0,0.0433723661396918,0.956627633860308,Virus,Stability,masked-protein-language-model,sequence,known-development-benchmark,available,,histgb,1,0.5624260023621777,0.5302701938093544,0.138509693364543,0.21257006090294223,False,,False,-0.07029539087931769,-0.10245119943214098,True,0.42219540154668445
variantshift-development-v1,proteingym-v1.3,proteingym-substitutions-v1.3,VG08_BPP22_Tsuboyama_2023_2GP8,VG08_BPP22_Tsuboyama_2023_2GP8,VG08_BPP22,VG08_BPP22,cssf_ffaeeb6011e9,esm2_35m,0.5533856044803698,40,1.0,40,102464,47114.9,0.875,0.0,0.6379,0.0,1.970772848146311,1.1970360552259238,0.0,0.0511365653319155,0.9488634346680844,Virus,Stability,masked-protein-language-model,sequence,known-development-benchmark,available,,histgb,1,0.5625237400024296,0.5004255758467602,0.1276995931681463,0.20752060482181983,False,,False,0.009138135522059776,-0.0529600286336096,True,0.41601105828273366
variantshift-development-v1,proteingym-v1.3,proteingym-substitutions-v1.3,VG08_BPP22_Tsuboyama_2023_2GP8,VG08_BPP22_Tsuboyama_2023_2GP8,VG08_BPP22,VG08_BPP22,cssf_ffaeeb6011e9,esm2_650m,0.6232321327199166,40,1.0,40,102464,47114.9,0.875,0.0,0.6379,0.0,2.5807411437264345,1.050179269179612,0.0,0.0495053527358324,0.9504946472641675,Virus,Stability,masked-protein-language-model,sequence,known-development-benchmark,available,,histgb,1,0.5693661877689337,0.5532549757482801,0.11138702868587566,0.29776618678376776,False,,False,-0.05386594495098296,-0.06997715697163653,True,0.4268984357328628
variantshift-development-v1,proteingym-v1.3,proteingym-substitutions-v1.3,VG08_BPP22_Tsuboyama_2023_2GP8,VG08_BPP22_Tsuboyama_2023_2GP8,VG08_BPP22,VG08_BPP22,cssf_ffaeeb6011e9,esm2_8m,0.4968487297316918,40,1.0,40,102464,47114.9,0.875,0.0,0.6379,0.0,1.406303672039822,1.50993621319339,0.0,0.1317279105384005,0.8682720894615995,Virus,Stability,masked-protein-language-model,sequence,known-development-benchmark,available,,histgb,1,0.6453858101676382,0.5248769504059595,0.165691952450395,0.14482878167260227,False,,False,0.14853708043594638,0.02802822067426769,True,0.38454302698989457
variantshift-development-v1,proteingym-v1.3,proteingym-substitutions-v1.3,VG08_BPP22_Tsuboyama_2023_2GP8,VG08_BPP22_Tsuboyama_2023_2GP8,VG08_BPP22,VG08_BPP22,cssf_ffaeeb6011e9,vespag,0.4833599809407474,40,1.0,40,102464,47114.9,0.875,0.0,0.6379,0.0,0.0739539340844061,2.4370937091418825,0.0,0.1732546606278291,0.8267453393721709,Virus,Stability,distilled-evolutionary-variant-effect-model,sequence,known-development-benchmark,available,,histgb,1,0.8296653732100296,0.7743958944260153,0.17263807145739554,0.3784153899975684,True,0.832302519129413,True,0.34630539226928225,0.2910359134852679,True,0.54529244254183
variantshift-development-v1,proteingym-v1.3,proteingym-substitutions-v1.3,VILI_CHICK_Tsuboyama_2023_1YU5,VILI_CHICK_Tsuboyama_2023_1YU5,VILI_CHICK,VILI_CHICK,cssf_0815efaffc38,carp_640m,0.8687048403594159,65,1.0,65,254210,49505.5,0.769,0.0,0.3829,1.0,2.839890726071599,1.8111239363506877,0.0,0.15611825427683,0.84388174572317,Eukaryote,Stability,convolutional-protein-language-model,sequence,known-development-benchmark,available,,histgb,1,0.6984873344545856,0.6543924243826493,0.18995869088316986,0.2186835590003796,False,,False,-0.1702175059048303,-0.21431241597676653,True,0.6269237178807128
variantshift-development-v1,proteingym-v1.3,proteingym-substitutions-v1.3,VILI_CHICK_Tsuboyama_2023_1YU5,VILI_CHICK_Tsuboyama_2023_1YU5,VILI_CHICK,VILI_CHICK,cssf_0815efaffc38,esm2_150m,0.8652267533629778,65,1.0,65,254210,49505.5,0.769,0.0,0.3829,1.0,5.704763276338277,1.4880650300908196,0.0,0.140796579953999,0.8592034200460009,Eukaryote,Stability,masked-protein-language-model,sequence,known-development-benchmark,available,,histgb,1,0.6352441538620207,0.5848838074342367,0.16766773578298563,0.20030377806274885,False,,False,-0.22998259950095712,-0.2803429459287411,True,0.7141156663631663
variantshift-development-v1,proteingym-v1.3,proteingym-substitutions-v1.3,VILI_CHICK_Tsuboyama_2023_1YU5,VILI_CHICK_Tsuboyama_2023_1YU5,VILI_CHICK,VILI_CHICK,cssf_0815efaffc38,esm2_35m,0.1623592070597013,65,1.0,65,254210,49505.5,0.769,0.0,0.3829,1.0,1.0803498998550984,1.7301072921445049,0.0,0.3522255254624667,0.6477744745375332,Eukaryote,Stability,masked-protein-language-model,sequence,known-development-benchmark,available,,histgb,1,-0.00735451657617833,0.07301688341280432,0.28214565693243704,-0.5741415249917623,False,,False,-0.16971372363587964,-0.08934232364689698,True,0.28483151373605015
variantshift-development-v1,proteingym-v1.3,proteingym-substitutions-v1.3,VILI_CHICK_Tsuboyama_2023_1YU5,VILI_CHICK_Tsuboyama_2023_1YU5,VILI_CHICK,VILI_CHICK,cssf_0815efaffc38,esm2_650m,0.9427965654688748,65,1.0,65,254210,49505.5,0.769,0.0,0.3829,1.0,6.157794046303325,1.2900834423908325,0.0,0.1301265975028047,0.8698734024971952,Eukaryote,Stability,masked-protein-language-model,sequence,known-development-benchmark,available,,histgb,1,0.6872179823914071,0.6416438217151352,0.17089128755921387,0.24966992117938863,False,,False,-0.2555785830774677,-0.30115274375373957,True,0.7096940848370218
variantshift-development-v1,proteingym-v1.3,proteingym-substitutions-v1.3,VILI_CHICK_Tsuboyama_2023_1YU5,VILI_CHICK_Tsuboyama_2023_1YU5,VILI_CHICK,VILI_CHICK,cssf_0815efaffc38,esm2_8m,0.182151777175443,65,1.0,65,254210,49505.5,0.769,0.0,0.3829,1.0,1.3788411578208954,1.4400895021213904,0.0,0.3387845319368734,0.6612154680631266,Eukaryote,Stability,masked-protein-language-model,sequence,known-development-benchmark,available,,histgb,1,-0.08001225191352271,-0.019171596154911125,0.2584626469231282,-0.612008207688708,False,,False,-0.26216402908896574,-0.20132337333035413,True,0.25135226942587596
variantshift-development-v1,proteingym-v1.3,proteingym-substitutions-v1.3,VILI_CHICK_Tsuboyama_2023_1YU5,VILI_CHICK_Tsuboyama_2023_1YU5,VILI_CHICK,VILI_CHICK,cssf_0815efaffc38,vespag,0.8217270092402004,65,1.0,65,254210,49505.5,0.769,0.0,0.3829,1.0,0.0692084383127251,3.028983360836744,0.0,0.1239154040847787,0.8760845959152213,Eukaryote,Stability,distilled-evolutionary-variant-effect-model,sequence,known-development-benchmark,available,,histgb,1,0.6483093231334199,0.638378856868558,0.19555947197808157,0.1898234617235658,True,0.6312963727081025,True,-0.17341768610678043,-0.18334815237164237,True,0.7578513956100562
variantshift-development-v1,proteingym-v1.3,proteingym-substitutions-v1.3,VKOR1_HUMAN_Chiasson_2020_abundance,VKOR1_HUMAN_Chiasson_2020_abundance,VKOR1_HUMAN,VKOR1_HUMAN,cssf_893ea5ec829f,carp_640m,0.649119722502782,163,0.9938650306748468,162,14510,4735.7,0.779,0.0,0.3311,1.0,3.809120987052035,1.5447236151108643,0.0,0.1423038677387043,0.8576961322612957,Human,Expression,convolutional-protein-language-model,sequence,known-development-benchmark,available,,histgb,3,0.40024295280494143,0.40024295280494143,0.24485944241311794,-0.03138800702557021,False,,False,-0.24887676969784062,-0.24887676969784062,True,0.5353023267242827
variantshift-development-v1,proteingym-v1.3,proteingym-substitutions-v1.3,VKOR1_HUMAN_Chiasson_2020_abundance,VKOR1_HUMAN_Chiasson_2020_abundance,VKOR1_HUMAN,VKOR1_HUMAN,cssf_893ea5ec829f,esm2_150m,0.6714858473434476,163,0.9938650306748468,162,14510,4735.7,0.779,0.0,0.3311,1.0,2.7896513520491197,1.2611695346054383,0.0,0.1355709675604293,0.8644290324395707,Human,Expression,masked-protein-language-model,sequence,known-development-benchmark,available,,histgb,3,0.3735640703693701,0.3735640703693701,0.20873557199712028,0.005611197472273677,False,,False,-0.2979217769740775,-0.2979217769740775,True,0.3239296519630022
variantshift-development-v1,proteingym-v1.3,proteingym-substitutions-v1.3,VKOR1_HUMAN_Chiasson_2020_abundance,VKOR1_HUMAN_Chiasson_2020_abundance,VKOR1_HUMAN,VKOR1_HUMAN,cssf_893ea5ec829f,esm2_35m,0.5642915672927714,163,0.9938650306748468,162,14510,4735.7,0.779,0.0,0.3311,1.0,2.136779890006116,1.22413753458591,0.0,0.1886360102056327,0.8113639897943673,Human,Expression,masked-protein-language-model,sequence,known-development-benchmark,available,,histgb,3,0.21075519674857524,0.21075519674857524,0.1804175883864855,-0.10727957486614986,False,,False,-0.3535363705441962,-0.3535363705441962,True,0.2276939857720795
variantshift-development-v1,proteingym-v1.3,proteingym-substitutions-v1.3,VKOR1_HUMAN_Chiasson_2020_abundance,VKOR1_HUMAN_Chiasson_2020_abundance,VKOR1_HUMAN,VKOR1_HUMAN,cssf_893ea5ec829f,esm2_650m,0.7138665067250659,163,0.9938650306748468,162,14510,4735.7,0.779,0.0,0.3311,1.0,3.815300420415458,1.320963002619311,0.0,0.1680409794086421,0.8319590205913578,Human,Expression,masked-protein-language-model,sequence,known-development-benchmark,available,,histgb,3,0.39085538162512995,0.39085538162512995,0.18143428305732479,0.07102841081112488,False,,False,-0.32301112509993596,-0.32301112509993596,True,0.4157241307052516
variantshift-development-v1,proteingym-v1.3,proteingym-substitutions-v1.3,VKOR1_HUMAN_Chiasson_2020_abundance,VKOR1_HUMAN_Chiasson_2020_abundance,VKOR1_HUMAN,VKOR1_HUMAN,cssf_893ea5ec829f,esm2_8m,0.1146421087611619,163,0.9938650306748468,162,14510,4735.7,0.779,0.0,0.3311,1.0,1.201781918913576,1.6063905525280575,0.0,0.3695477442738796,0.6304522557261204,Human,Expression,masked-protein-language-model,sequence,known-development-benchmark,available,,histgb,3,0.0490460074302085,0.0490460074302085,0.21223606111995877,-0.3250774238291743,False,,False,-0.0655961013309534,-0.0655961013309534,True,0.13329939030043375
variantshift-development-v1,proteingym-v1.3,proteingym-substitutions-v1.3,VKOR1_HUMAN_Chiasson_2020_abundance,VKOR1_HUMAN_Chiasson_2020_abundance,VKOR1_HUMAN,VKOR1_HUMAN,cssf_893ea5ec829f,vespag,0.7220302052401382,163,0.9938650306748468,162,14510,4735.7,0.779,0.0,0.3311,1.0,0.094726883261796,2.615103208099393,0.0,0.1355709675604293,0.8644290324395707,Human,Expression,distilled-evolutionary-variant-effect-model,sequence,known-development-benchmark,available,,histgb,3,0.5173333196618707,0.5173333196618707,0.1920507168997158,0.1787920142720434,True,-0.30988453870979216,True,-0.20469688557826748,-0.20469688557826748,True,0.5201831530846799
variantshift-development-v1,proteingym-v1.3,proteingym-substitutions-v1.3,VKOR1_HUMAN_Chiasson_2020_activity,VKOR1_HUMAN_Chiasson_2020_activity,VKOR1_HUMAN,VKOR1_HUMAN,cssf_893ea5ec829f,carp_640m,0.3448267572122422,163,0.9325153374233128,152,14510,4735.7,0.779,0.0,0.3311,1.0,4.046380481290524,1.5832503676757217,0.0,0.124637403911948,0.875362596088052,Human,Activity,convolutional-protein-language-model,sequence,known-development-benchmark,available,,histgb,3,0.5269674613838126,0.5269674613838126,0.24759975148359425,0.09050596603192063,False,,False,0.18214070417157036,0.18214070417157036,True,0.5776882746756947
variantshift-development-v1,proteingym-v1.3,proteingym-substitutions-v1.3,VKOR1_HUMAN_Chiasson_2020_activity,VKOR1_HUMAN_Chiasson_2020_activity,VKOR1_HUMAN,VKOR1_HUMAN,cssf_893ea5ec829f,esm2_150m,0.3457786560475753,163,0.9325153374233128,152,14510,4735.7,0.779,0.0,0.3311,1.0,2.946162158078311,1.1659662912170818,0.0,0.1180805155750285,0.8819194844249715,Human,Activity,masked-protein-language-model,sequence,known-development-benchmark,available,,histgb,3,0.42016167076326677,0.42016167076326677,0.19883994575834024,0.06965251418552026,False,,False,0.07438301471569148,0.07438301471569148,True,0.3287653873432878
variantshift-development-v1,proteingym-v1.3,proteingym-substitutions-v1.3,VKOR1_HUMAN_Chiasson_2020_activity,VKOR1_HUMAN_Chiasson_2020_activity,VKOR1_HUMAN,VKOR1_HUMAN,cssf_893ea5ec829f,esm2_35m,0.2679750401188459,163,0.9325153374233128,152,14510,4735.7,0.779,0.0,0.3311,1.0,2.329548456346405,1.1502549023473922,0.0,0.187605901164064,0.8123940988359359,Human,Activity,masked-protein-language-model,sequence,known-development-benchmark,available,,histgb,3,0.2515452566686583,0.2515452566686583,0.17841498628735666,-0.06295938738518142,False,,False,-0.016429783450187585,-0.016429783450187585,True,0.23218013904573628
variantshift-development-v1,proteingym-v1.3,proteingym-substitutions-v1.3,VKOR1_HUMAN_Chiasson_2020_activity,VKOR1_HUMAN_Chiasson_2020_activity,VKOR1_HUMAN,VKOR1_HUMAN,cssf_893ea5ec829f,esm2_650m,0.2625332490546069,163,0.9325153374233128,152,14510,4735.7,0.779,0.0,0.3311,1.0,3.9971976482345695,1.3205217962492115,0.0,0.1462122698419425,0.8537877301580574,Human,Activity,masked-protein-language-model,sequence,known-development-benchmark,available,,histgb,3,0.49291316046229655,0.49291316046229655,0.1755277014848032,0.18349813638940732,False,,False,0.23037991140768965,0.23037991140768965,True,0.44638878480212413
variantshift-development-v1,proteingym-v1.3,proteingym-substitutions-v1.3,VKOR1_HUMAN_Chiasson_2020_activity,VKOR1_HUMAN_Chiasson_2020_activity,VKOR1_HUMAN,VKOR1_HUMAN,cssf_893ea5ec829f,esm2_8m,-0.1428322099737222,163,0.9325153374233128,152,14510,4735.7,0.779,0.0,0.3311,1.0,1.2925215997623098,1.4126878566910226,0.0,0.3718470460087177,0.6281529539912822,Human,Activity,masked-protein-language-model,sequence,known-development-benchmark,available,,histgb,3,0.0857337548694822,0.0857337548694822,0.17598864506808654,-0.22449380687530385,False,,False,0.2285659648432044,0.2285659648432044,True,0.09975181818784012
variantshift-development-v1,proteingym-v1.3,proteingym-substitutions-v1.3,VKOR1_HUMAN_Chiasson_2020_activity,VKOR1_HUMAN_Chiasson_2020_activity,VKOR1_HUMAN,VKOR1_HUMAN,cssf_893ea5ec829f,vespag,0.3273414994212823,163,0.9325153374233128,152,14510,4735.7,0.779,0.0,0.3311,1.0,0.0952941472959723,2.6897237746429017,0.0,0.1291141711829191,0.8708858288170809,Human,Activity,distilled-evolutionary-variant-effect-model,sequence,known-development-benchmark,available,,histgb,3,0.566419701230822,0.566419701230822,0.18461528795765994,0.24098534936250282,True,-0.20383427725105546,True,0.23907820180953965,0.23907820180953965,True,0.5429185214360693
variantshift-development-v1,proteingym-v1.3,proteingym-substitutions-v1.3,VRPI_BPT7_Tsuboyama_2023_2WNM,VRPI_BPT7_Tsuboyama_2023_2WNM,VRPI_BPT7,VRPI_BPT7,cssf_c5c95e85f55b,carp_640m,0.4277753674398917,56,1.0,56,6266,4546.6,0.875,0.0,0.5563,1.0,2.1209308695631046,1.2667586194669591,0.0,0.0863229551691965,0.9136770448308036,Virus,Stability,convolutional-protein-language-model,sequence,known-development-benchmark,available,,histgb,2,0.636567005630111,0.636567005630111,0.19923607791287362,0.1158686131546025,False,,False,0.20879163819021934,0.20879163819021934,True,0.47580361736145205
variantshift-development-v1,proteingym-v1.3,proteingym-substitutions-v1.3,VRPI_BPT7_Tsuboyama_2023_2WNM,VRPI_BPT7_Tsuboyama_2023_2WNM,VRPI_BPT7,VRPI_BPT7,cssf_c5c95e85f55b,esm2_150m,0.5462602358747025,56,1.0,56,6266,4546.6,0.875,0.0,0.5563,1.0,2.2753789276259755,1.011620096238647,0.0,0.0743196332304617,0.9256803667695382,Virus,Stability,masked-protein-language-model,sequence,known-development-benchmark,available,,histgb,2,0.507326504493243,0.507326504493243,0.1472135973434115,0.12258753407056644,False,,False,-0.0389337313814595,-0.0389337313814595,True,0.3968295688513517
variantshift-development-v1,proteingym-v1.3,proteingym-substitutions-v1.3,VRPI_BPT7_Tsuboyama_2023_2WNM,VRPI_BPT7_Tsuboyama_2023_2WNM,VRPI_BPT7,VRPI_BPT7,cssf_c5c95e85f55b,esm2_35m,0.3688457843487878,56,1.0,56,6266,4546.6,0.875,0.0,0.5563,1.0,1.7278792698197645,1.378175089728087,0.0,0.074570521554544,0.925429478445456,Virus,Stability,masked-protein-language-model,sequence,known-development-benchmark,available,,histgb,2,0.4411819278615599,0.4411819278615599,0.2037097716436953,-0.09120834872685152,False,,False,0.07233614351277212,0.07233614351277212,True,0.42902590837643667
variantshift-development-v1,proteingym-v1.3,proteingym-substitutions-v1.3,VRPI_BPT7_Tsuboyama_2023_2WNM,VRPI_BPT7_Tsuboyama_2023_2WNM,VRPI_BPT7,VRPI_BPT7,cssf_c5c95e85f55b,esm2_650m,0.6124808782121035,56,1.0,56,6266,4546.6,0.875,0.0,0.5563,1.0,2.2762412238822187,1.0986968152257748,0.0,0.08298076950824,0.91701923049176,Virus,Stability,masked-protein-language-model,sequence,known-development-benchmark,available,,histgb,2,0.5325275612688661,0.5325275612688661,0.14898096044807524,0.143169632587428,False,,False,-0.07995331694323737,-0.07995331694323737,True,0.4075469250017956
variantshift-development-v1,proteingym-v1.3,proteingym-substitutions-v1.3,VRPI_BPT7_Tsuboyama_2023_2WNM,VRPI_BPT7_Tsuboyama_2023_2WNM,VRPI_BPT7,VRPI_BPT7,cssf_c5c95e85f55b,esm2_8m,0.1243877187909093,56,1.0,56,6266,4546.6,0.875,0.0,0.5563,1.0,1.6681773250910406,1.495398021256881,0.0,0.1179518217884068,0.8820481782115932,Virus,Stability,masked-protein-language-model,sequence,known-development-benchmark,available,,histgb,2,0.43908644324611146,0.43908644324611146,0.21873500419413636,-0.13257189421532434,False,,False,0.31469872445520214,0.31469872445520214,True,0.4167206583767613
variantshift-development-v1,proteingym-v1.3,proteingym-substitutions-v1.3,VRPI_BPT7_Tsuboyama_2023_2WNM,VRPI_BPT7_Tsuboyama_2023_2WNM,VRPI_BPT7,VRPI_BPT7,cssf_c5c95e85f55b,vespag,0.608065717809918,56,1.0,56,6266,4546.6,0.875,0.0,0.5563,1.0,0.0623274106374108,2.500273612694353,0.0,0.2149944814187691,0.7850055185812309,Virus,Stability,distilled-evolutionary-variant-effect-model,sequence,known-development-benchmark,available,,histgb,2,0.5765637261999389,0.5765637261999389,0.12190923652294182,0.25795705540825925,True,-0.8218073015764308,True,-0.03150199160997913,-0.03150199160997913,True,0.5038474635473882
variantshift-development-v1,proteingym-v1.3,proteingym-substitutions-v1.3,YAIA_ECOLI_Tsuboyama_2023_2KVT,YAIA_ECOLI_Tsuboyama_2023_2KVT,YAIA_ECOLI,YAIA_ECOLI,cssf_ac44f5c3e836,carp_640m,0.4279763576020681,52,1.0,52,5877,844.8,0.788,0.0,0.4515,1.0,1.4372699003803937,1.2032265707968923,0.0,0.2853348449429073,0.7146651550570927,Prokaryote,Stability,convolutional-protein-language-model,sequence,known-development-benchmark,available,,histgb,0,0.3476730716329998,0.3476730716329998,0.18426566263546476,-0.0985756442443248,False,,False,-0.08030328596906827,-0.08030328596906827,True,0.2677320041935759
variantshift-development-v1,proteingym-v1.3,proteingym-substitutions-v1.3,YAIA_ECOLI_Tsuboyama_2023_2KVT,YAIA_ECOLI_Tsuboyama_2023_2KVT,YAIA_ECOLI,YAIA_ECOLI,cssf_ac44f5c3e836,esm2_150m,0.5365050163008398,52,1.0,52,5877,844.8,0.788,0.0,0.4515,1.0,4.335692993925365,1.0431251878914145,0.0,0.2196162013974436,0.7803837986025564,Prokaryote,Stability,masked-protein-language-model,sequence,known-development-benchmark,available,,histgb,0,0.4994608005310244,0.4994608005310244,0.2192878501628847,-0.03160353420766293,False,,False,-0.037044215769815425,-0.037044215769815425,True,0.5084685748175114
variantshift-development-v1,proteingym-v1.3,proteingym-substitutions-v1.3,YAIA_ECOLI_Tsuboyama_2023_2KVT,YAIA_ECOLI_Tsuboyama_2023_2KVT,YAIA_ECOLI,YAIA_ECOLI,cssf_ac44f5c3e836,esm2_35m,0.2277680216417426,52,1.0,52,5877,844.8,0.788,0.0,0.4515,1.0,1.2985520531482568,1.4858809359580307,0.0,0.3200232772303983,0.6799767227696016,Prokaryote,Stability,masked-protein-language-model,sequence,known-development-benchmark,available,,histgb,0,0.19232645540823246,0.19232645540823246,0.23894056221090149,-0.38633219174602473,False,,False,-0.035441566233510136,-0.035441566233510136,True,0.2597076783916711
variantshift-development-v1,proteingym-v1.3,proteingym-substitutions-v1.3,YAIA_ECOLI_Tsuboyama_2023_2KVT,YAIA_ECOLI_Tsuboyama_2023_2KVT,YAIA_ECOLI,YAIA_ECOLI,cssf_ac44f5c3e836,esm2_650m,0.5959656040301629,52,1.0,52,5877,844.8,0.788,0.0,0.4515,1.0,6.196158969859881,1.6007234274385846,0.0,0.2075644822176203,0.7924355177823796,Prokaryote,Stability,masked-protein-language-model,sequence,known-development-benchmark,available,,histgb,0,0.642233542148088,0.642233542148088,0.1811322510176967,0.20357322277798634,False,,False,0.04626793811792518,0.04626793811792518,True,0.8448386849661436
variantshift-development-v1,proteingym-v1.3,proteingym-substitutions-v1.3,YAIA_ECOLI_Tsuboyama_2023_2KVT,YAIA_ECOLI_Tsuboyama_2023_2KVT,YAIA_ECOLI,YAIA_ECOLI,cssf_ac44f5c3e836,esm2_8m,-0.019941052197765,52,1.0,52,5877,844.8,0.788,0.0,0.4515,1.0,1.2901650296356175,1.849454889985661,0.0,0.4912129148449586,0.5087870851550413,Prokaryote,Stability,masked-protein-language-model,sequence,known-development-benchmark,available,,histgb,0,0.11211133945183635,0.11211133945183635,0.19999664552910895,-0.3722341700189019,False,,False,0.13205239164960136,0.13205239164960136,True,0.2701861917360302
variantshift-development-v1,proteingym-v1.3,proteingym-substitutions-v1.3,YAIA_ECOLI_Tsuboyama_2023_2KVT,YAIA_ECOLI_Tsuboyama_2023_2KVT,YAIA_ECOLI,YAIA_ECOLI,cssf_ac44f5c3e836,vespag,0.7300805288041256,52,1.0,52,5877,844.8,0.788,0.0,0.4515,1.0,0.0665504484920825,2.9667118026152077,0.0,0.1861630152565538,0.8138369847434461,Prokaryote,Stability,distilled-evolutionary-variant-effect-model,sequence,known-development-benchmark,available,,histgb,0,0.756205152101917,0.756205152101917,0.1127831027379862,0.4830706242161986,True,-1.0857428349048868,True,0.026124623297791416,0.026124623297791416,True,0.6830914017144628
variantshift-development-v1,proteingym-v1.3,proteingym-substitutions-v1.3,YNZC_BACSU_Tsuboyama_2023_2JVD,YNZC_BACSU_Tsuboyama_2023_2JVD,YNZC_BACSU,YNZC_BACSU,cssf_ca121528f828,carp_640m,0.6301153597127063,39,1.0,39,7116,1598.7,0.974,0.0,0.5659,0.8717948717948718,2.098818511808763,2.1921793154146867,0.0,0.1348132290680057,0.8651867709319943,Prokaryote,Stability,convolutional-protein-language-model,sequence,known-development-benchmark,available,,histgb,3,0.6795582492435785,0.6795582492435785,0.09394268943966481,0.513958863684699,False,,False,0.04944288953087228,0.04944288953087228,True,0.6164168129133477
variantshift-development-v1,proteingym-v1.3,proteingym-substitutions-v1.3,YNZC_BACSU_Tsuboyama_2023_2JVD,YNZC_BACSU_Tsuboyama_2023_2JVD,YNZC_BACSU,YNZC_BACSU,cssf_ca121528f828,esm2_150m,0.6175462845841306,39,1.0,39,7116,1598.7,0.974,0.0,0.5659,0.8717948717948718,4.948534802768087,1.959366242723223,0.0,0.0815762358531554,0.9184237641468446,Prokaryote,Stability,masked-protein-language-model,sequence,known-development-benchmark,available,,histgb,3,0.7952850606693352,0.7952850606693352,0.09848883909171448,0.621671857393201,False,,False,0.1777387760852046,0.1777387760852046,False,0.7993287303122791
variantshift-development-v1,proteingym-v1.3,proteingym-substitutions-v1.3,YNZC_BACSU_Tsuboyama_2023_2JVD,YNZC_BACSU_Tsuboyama_2023_2JVD,YNZC_BACSU,YNZC_BACSU,cssf_ca121528f828,esm2_35m,0.7049505431294517,39,1.0,39,7116,1598.7,0.974,0.0,0.5659,0.8717948717948718,2.8006763447756664,1.5614966361381133,0.0,0.1505369133093532,0.8494630866906467,Prokaryote,Stability,masked-protein-language-model,sequence,known-development-benchmark,available,,histgb,3,0.6917195306552166,0.6917195306552166,0.1686701273648944,0.39439283476895787,False,,False,-0.013231012474235082,-0.013231012474235082,True,0.47534766356884356
variantshift-development-v1,proteingym-v1.3,proteingym-substitutions-v1.3,YNZC_BACSU_Tsuboyama_2023_2JVD,YNZC_BACSU_Tsuboyama_2023_2JVD,YNZC_BACSU,YNZC_BACSU,cssf_ca121528f828,esm2_650m,0.6604626304469721,39,1.0,39,7116,1598.7,0.974,0.0,0.5659,0.8717948717948718,6.157278254398275,2.006996492230789,0.0,0.1137303869137741,0.8862696130862259,Prokaryote,Stability,masked-protein-language-model,sequence,known-development-benchmark,available,,histgb,3,0.790881954119082,0.790881954119082,0.09513320625175774,0.6231839608478191,False,,False,0.13041932367210995,0.13041932367210995,True,0.9055451143184898
variantshift-development-v1,proteingym-v1.3,proteingym-substitutions-v1.3,YNZC_BACSU_Tsuboyama_2023_2JVD,YNZC_BACSU_Tsuboyama_2023_2JVD,YNZC_BACSU,YNZC_BACSU,cssf_ca121528f828,esm2_8m,0.7253075676697396,39,1.0,39,7116,1598.7,0.974,0.0,0.5659,0.8717948717948718,2.9224235179652447,1.5446704688905075,0.0,0.1374474421080889,0.8625525578919111,Prokaryote,Stability,masked-protein-language-model,sequence,known-development-benchmark,available,,histgb,3,0.6808131403691318,0.6808131403691318,0.18426266552118284,0.3560003808691298,False,,False,-0.04449442730060782,-0.04449442730060782,True,0.4896229202866562
variantshift-development-v1,proteingym-v1.3,proteingym-substitutions-v1.3,YNZC_BACSU_Tsuboyama_2023_2JVD,YNZC_BACSU_Tsuboyama_2023_2JVD,YNZC_BACSU,YNZC_BACSU,cssf_ca121528f828,vespag,0.5509488040390383,39,1.0,39,7116,1598.7,0.974,0.0,0.5659,0.8717948717948718,0.0598611391570395,2.986604028158529,0.0,0.1136303949494459,0.8863696050505541,Prokaryote,Stability,distilled-evolutionary-variant-effect-model,sequence,known-development-benchmark,available,,histgb,3,0.7901826648260002,0.7901826648260002,0.12435619730631714,0.5709712500028055,True,-0.8415687420830805,True,0.23923386078696185,0.23923386078696185,False,0.7023320666148172
