urn,title,published_date,reported_variants,target_name,sequence_length,sequence_sha256,terminal_stop_removed,registry_metadata_sha256,exclusion_reasons,metadata_orientation,publication_dois,detail_metadata_sha256,selected,target_id
urn:mavedb:00000069-a-1,"ACE2 binding to SARS-CoV-2 spike protein, high affinity",2021-09-16,2341,ACE2,805,87630d0ccd9e8de7f77cb47c03fd56d745d66fbdceb8a2149b3518b04d71e1ea,False,b23e50222d3758e3aea05e5f7e59b39dd7cac3c82d76bcc3a457bb8c9b770f5c,proteingym_publication_overlap;ambiguous_metadata_direction,,10.1126/science.abc0870,03bf17ee07928a6e03c5ad1702c4278b50814c6eda9be2d5ad2cdf08b878ccb9,False,
urn:mavedb:00000069-a-2,"ACE2 binding to SARS-CoV-2 spike protein, low affinity",2021-09-16,2341,ACE2,805,87630d0ccd9e8de7f77cb47c03fd56d745d66fbdceb8a2149b3518b04d71e1ea,False,c0412a0b08e60661b2f818245601fc53466ee03281b3831872cdea7ddd01d6e1,proteingym_publication_overlap;ambiguous_metadata_direction,,10.1126/science.abc0870,4c667c4dc106656d1fcd4ee8efbf33f177fae0ba325a1a7c16fb69d76d67a591,False,
urn:mavedb:00000072-a-1,Human IgG1 Fc stability,2021-09-25,698,IGHG1,106,bd531edd1047b585e8abb8ad6a1fa6b1443e57a656ce53fb38eaa89f41b08dfa,False,dfba662122d61ed0f1616dda76bfd7bf5a2c7a222af94c2ba1924450292771db,ambiguous_metadata_direction,,10.1016/j.jmb.2012.07.017,832abb6279f7b9dc8864bfa59ad534ff168c2e1ab192094ddd0b4ebe8552638f,False,
urn:mavedb:00000074-a-1,Yeast growth Hsp82 (Hsp90),2021-09-30,4773,Hsp82,232,674c2b8b5a63a0f13150578d427da94d802b1d6e00c90fe60db6221fc4ccdaa3,False,323a72ef01d5f6bdffb4e05876c9bea361d9a587eed1c3fe234840e1f6d9f8f3,proteingym_publication_overlap;ambiguous_metadata_direction,,10.1016/j.celrep.2016.03.046,57170ae7692da7e2f45286cedb986e8f3583d743598842e82598243b96d6f74d,False,
urn:mavedb:00000076-a-1,"Fis1 tail anchor, SMM -Trp -His with 20mM 3-AT",2021-09-30,535,Fis1 tail anchor,27,612d1e6dc6d9e8c8482173e362f344539f6ebb3ccab8e37720fc8ea7f393c925,False,7d7fcc0ec4b3c424fc7b4425f929abc02b93732d44d1f6f0fe92e78a0209f8fe,ambiguous_metadata_direction,,10.1534/genetics.116.196428,4f08a2f17f7de82ea1df1f5b68a1c7f95b773ade2ad6f13cfacf4476e8417fd1,False,
urn:mavedb:00000076-b-1,"Fis1 tail anchor, SMM -Trp -His with 10mM 3-AT",2021-09-30,530,Fis1 tail anchor,27,612d1e6dc6d9e8c8482173e362f344539f6ebb3ccab8e37720fc8ea7f393c925,False,9fcb454b860b1cc8b6d0dac01d472cbc5eaa55232dd34295ec2d9a2ea5bc9983,ambiguous_metadata_direction,,10.1534/genetics.116.196428,dab2658c0d144c82d94144127f7c5220179a6eb40f2adb94add3509db2e0677c,False,
urn:mavedb:00000076-c-1,"Fis1 tail anchor, SMM -Trp -His with 5mM 3-AT",2021-09-30,532,Fis1 tail anchor,27,612d1e6dc6d9e8c8482173e362f344539f6ebb3ccab8e37720fc8ea7f393c925,False,c35994e93ff44b6712ce9a97fd93433c92bf7a850ce9e846fe2e3ae4a98bffbe,ambiguous_metadata_direction,,10.1534/genetics.116.196428,20d1ca269d54669f03d12a0b9f6b4f5802ee7178ffe521243022d3be975edc8d,False,
urn:mavedb:00000076-d-1,"Fis1 tail anchor, SMM -Trp -His",2021-09-30,536,Fis1 tail anchor,27,612d1e6dc6d9e8c8482173e362f344539f6ebb3ccab8e37720fc8ea7f393c925,False,d9f6558887f2141db7d86d6e03855d628fcac93bd4a487fc897bc84308a0a2c2,ambiguous_metadata_direction,,10.1534/genetics.116.196428,86dd809d1273be96b80ecb0fac0bb5132b94bef08b976702f97ec716626dbfd5,False,
urn:mavedb:00000076-e-1,"Fis1 tail anchor, SC -Ura",2021-09-30,525,Fis1 tail anchor,27,612d1e6dc6d9e8c8482173e362f344539f6ebb3ccab8e37720fc8ea7f393c925,False,a3d94f97f12f2b819e98ceec9c705de657bd9617c6b78029e4e5a7bf2e5629ae,ambiguous_metadata_direction,,10.1534/genetics.116.196428,d7d1f013e091098ddc6b2f8b8a5cec5ff49092e8fcaccc5a2cee05ce2c7a1916,False,
urn:mavedb:00000077-a-1,C. cellulolyticum cohesin binding affinity,2021-10-01,3145,C. cellulolyticum cohesin fragment,162,608a41bbb6d4199f0bfcd777fd9f621d60e0d102fdf8e2e16bcf76d4bb11ece7,False,ae780476bcd8aeba7c9b3f4088fb5eb010e3e30c62c2d0a2734eb32b68bb1032,ambiguous_metadata_direction,,10.1002/prot.25175;10.1371/journal.pone.0118193,920557efa5314e8ceb80f76e2c4dae2db45d312021743f4c4b69f65f7557da3a,False,
urn:mavedb:00000077-a-2,C. cellulolyticum cohesin binding affinity,2022-08-16,3145,C. cellulolyticum cohesin fragment,162,608a41bbb6d4199f0bfcd777fd9f621d60e0d102fdf8e2e16bcf76d4bb11ece7,False,ba11ff17cc9afea231b652f8df2756bfab15f94797e84aff9dfb214efa47d10f,ambiguous_metadata_direction,,10.1002/prot.25175;10.1371/journal.pone.0118193,61ef68e3708652bc9ceffc6a199c875f2a2c113a74e68e7015d0d3024e611c45,False,
urn:mavedb:00000077-b-1,C. thermocellum cohesin binding affinity,2021-10-01,2924,C. thermocellum cohesin fragment,152,b8e40cc732c598532c3d15d9421626e30b1ddf408a931466516345278c60e0fa,False,313e623dc53e4f216781b20955e08014f79d39c38c2cc9c25ac34cf5d88ea187,ambiguous_metadata_direction,,10.1002/prot.25175;10.1371/journal.pone.0118193,ee2bc5ebb4be0ce394d65be89c29f69d03870e9f2a9af751b729fb6138966952,False,
urn:mavedb:00000077-b-2,C. thermocellum cohesin binding affinity,2022-08-16,2924,C. thermocellum cohesin fragment,152,b8e40cc732c598532c3d15d9421626e30b1ddf408a931466516345278c60e0fa,False,bb7983cf609562a2c306944bb05377966b4183dca794d420ce79d9af36208bb1,ambiguous_metadata_direction,,10.1002/prot.25175;10.1371/journal.pone.0118193,7a8117e9e6627dcb4429b768b5e15d1c26e7ae9ed82975111602e318eba50a44,False,
urn:mavedb:00000078-a-1,VKOR carboxylation activity,2021-10-02,747,VKOR,163,f8e6c25683dd1eb29c9ddee6be595cb5ac278018a028b0d07316b906a864763d,False,3b3797d2543492f80f7b61a5890940c8301f2f3957b9b71a8aa09eae47728937,proteingym_publication_overlap;ambiguous_metadata_direction,,10.7554/elife.58026,372a8337eefd23cb83ec3e1649adc6ad81d1f1bdd49d498501daf0fe6b68b104,False,
urn:mavedb:00000078-b-1,VKOR protein stability,2021-10-02,2911,VKOR,163,f8e6c25683dd1eb29c9ddee6be595cb5ac278018a028b0d07316b906a864763d,False,b79d1bf2eda1e70cb9b2679a03ddbdd9fe5edc91e13d24c24dd7a72b4df8b643,proteingym_publication_overlap;ambiguous_metadata_direction,,10.7554/elife.58026,5f3cd56de53d0c5351040bddcf67cdb34da59bdb6c8178a3a4f89f202a943ba4,False,
urn:mavedb:00000079-a-1,Stability selection of PyKS,2021-10-02,5746,PyKS,381,64b674261496029fc8c1d69a57d4fdc0643b68be528c6d68ad497819e0968c16,False,b2fc304d27d5ab571a671d072e21b097920796aae254a6a74d2c4aa0ff8d45ea,ambiguous_metadata_direction,,10.1021/acssynbio.8b00486;10.1371/journal.pone.0118193,efc025d8a424fa5f89df6ef69103d257b58b942fdcac1f94beca9eba0635c8cf,False,
urn:mavedb:00000081-a-1,BRCA1 RING and BRCT domains depletion scores,2021-10-03,1061,BRCA1,1863,80d7199c8d1550a5ba8387043481c1acf0f070df410b47c2bc1375584b59bdf1,False,0064e6739bc20204d62ea5b89695538dcd5e047c837885906df188855a86987e,ambiguous_metadata_direction,,10.1016/j.ajhg.2018.07.016,574c006aaff50d69b423731c7c6edec0962b35365db45f2841a1112a1fef6b6d,False,
urn:mavedb:00000081-a-2,BRCA1 RING and BRCT domains mean HDR fluorescence score,2022-10-17,2820,BRCA1,1863,80d7199c8d1550a5ba8387043481c1acf0f070df410b47c2bc1375584b59bdf1,False,08c3c0bc31f23bb8be15402dc633224f1b7d7e9872b8a3ed710a96af996e6454,ambiguous_metadata_direction,,10.1016/j.ajhg.2018.07.016,c15cf6b2714758025e3789f273d80f691794a5f2da5cd8fcfc8020b3af62a5ec,False,
urn:mavedb:00000082-a-1,Arrestin-1 binding,2021-10-26,404,Bovine S-arrestin,403,724e6766ba6c35cf7b71f389fa18bf02b8c3fbcd827abc5a4d09fcd4ad29c8f8,False,7e82c92c4dcd52d5033c22677756005d0c16dc9e61eb526ff28af0bf8069aecb,ambiguous_metadata_direction,,10.1073/pnas.1319402111,149f39189efcf0388b0500838f07db09e360e7488470bc37f77d03dbfacb378d,False,
urn:mavedb:00000085-a-1,TEM-19 Amp scores,2021-11-02,3623,TEM-19 β-lactamase,286,3042106d1605e572c1fb6eba0ebaf83d0b238eb50bb4cedd982c00fa850348ba,False,d8a10ef6857abd8fe41b096fdff754169d4d0c99b77c2852fa2a1679b22e6af4,proteingym_publication_overlap;ambiguous_metadata_direction,,10.1016/j.jmb.2016.04.033;10.1073/pnas.0901246106;10.1093/molbev/msu081;10.1371/journal.pone.0052031,bf18513c6879b05100cabda24ab7efd80d0287de6fec5d903c6b5b41c1473071,False,
urn:mavedb:00000085-b-1,TEM-17 Amp scores,2021-11-02,3317,TEM-17 β-lactamase,286,b7c27513788e51cea502fdff01c6024b3eef0696d279d9305e6a48b96e09d110,False,1647564c3db3170704406e899ac0d8397711f989e57ab42746286d82e875fa69,proteingym_publication_overlap;ambiguous_metadata_direction,,10.1016/j.jmb.2016.04.033;10.1073/pnas.0901246106;10.1093/molbev/msu081;10.1371/journal.pone.0052031,4828d6f26cb6f32db3c39e7f9f865e845be7424a7ab94e0d4a5e3cfff53a9d71,False,
urn:mavedb:00000085-c-1,TEM-15 Amp scores,2021-11-02,3619,TEM-15 β-lactamase,286,1b337b8bbf90783dbc0c300a8b3e3f382ff75e90a64775e7dc1a54601301d8c8,False,e250d11fc1d303e53c770cd13229b2e7ba68c25ad33e8a9e73b44229609d455d,proteingym_publication_overlap;ambiguous_metadata_direction,,10.1016/j.jmb.2016.04.033;10.1073/pnas.0901246106;10.1093/molbev/msu081;10.1371/journal.pone.0052031,58ddb8046f7b58b3db399252390a3121c0a71f94f5d91397e27bcc36c69e844a,False,
urn:mavedb:00000085-d-1,TEM-15 cefotaxime scores,2021-11-02,4226,TEM-15 β-lactamase,286,1b337b8bbf90783dbc0c300a8b3e3f382ff75e90a64775e7dc1a54601301d8c8,False,06c2363aad0b6d7d913e8f8b521ed9b8dbb0d02dfbefc8d7e6020f90095265ac,proteingym_publication_overlap;ambiguous_metadata_direction,,10.1016/j.jmb.2016.04.033;10.1073/pnas.0901246106;10.1093/molbev/msu081;10.1371/journal.pone.0052031,40dc34b5a3f5bc38eaf057f5de5c8d4b2a17c06c06b822ce8d25ed480dff8d27,False,
urn:mavedb:00000087-a-1,Influenza A nucleoprotein,2021-11-11,9960,NP,498,047e14194ab8a5f678415efb1c98c92684e67e02626bf959de09f569c022f335,False,f2c4827a72c294addf3b4b52775a5662b587d779c9d20f286cd56534a384abef,ambiguous_metadata_direction,,10.1093/molbev/msu173,5f83f4e61fa8b50e2b0285ea2104a2711e53c0f5841cdbc7dbe854fdc6a0edb6,False,
urn:mavedb:00000088-a-1,Influenza H1N1 PR/1934 nucleoprotein,2021-11-13,9960,"NP, H1N1 PR/1934",498,603391c59133e6e1484cd91f89d665933abd7ededbf3bc77bbd4bc6aa10094c9,False,259bfb44d11bb35eed0efbe063928a6696e0c15d6634a175a4efcdf59ff8887b,proteingym_publication_overlap;ambiguous_metadata_direction,,10.1093/molbev/msv167,5a136e237fab111f28226bac86c9b8994a00a2fe59a17d6a32d5e9ff94b8df32,False,
urn:mavedb:00000088-b-1,Influenza H3N2 Aichi/1968 nucleoprotein,2021-11-13,9960,"NP, H3N2 Aichi/1968",498,047e14194ab8a5f678415efb1c98c92684e67e02626bf959de09f569c022f335,False,fde466589fb15358a93b0635cb17cea47e8bb31ff2685eb5068a0486962cdf85,proteingym_publication_overlap;ambiguous_metadata_direction,,10.1093/molbev/msv167,31a6a52d8193b795bb50a1695b55106664c09ec5535c93c19ca17f79d09ec876,False,
urn:mavedb:00000089-a-1,Influenza nucleoprotein resistance to human MxA,2021-11-13,9462,"NP, H3N2 Aichi/1968",498,047e14194ab8a5f678415efb1c98c92684e67e02626bf959de09f569c022f335,False,d90f8baccc362a1c1350a23ad9dbc1c67d71a5a55f6cb0ce8ea6f245e2f2ad59,proteingym_publication_overlap;ambiguous_metadata_direction,,10.1093/molbev/msv167;10.1371/journal.ppat.1006288,6ad63faafe00bb7d36beb765b3457e563ad8f28a19e0b126f4e50ccfb3554c84,False,
urn:mavedb:00000090-a-1,PDZ3 domain binding to CRIPT,2021-11-13,1659,Dlg4 (PSD95_PDZ3),83,aba79a014e147316b5e698d56c6920c0c650b7e665a1933a750082fd837e12a8,False,b503fae7ac54e5dcd7ad6db867f0fdf0662876ff406320565643f7694174c2bb,proteingym_publication_overlap;ambiguous_metadata_direction,,10.1038/nature11500,4ebaecd51276b37f52e3ef46b9d14fb3858316c25802328dfc09e33943fe97c2,False,
urn:mavedb:00000090-b-1,PDZ3 domain binding to T-2F,2021-11-13,1659,Dlg4 (PSD95_PDZ3),83,aba79a014e147316b5e698d56c6920c0c650b7e665a1933a750082fd837e12a8,False,e1c1910e1ca2d07f032f6516b70c5f152d57bf0817d1d6451611a077eba27a94,proteingym_publication_overlap;ambiguous_metadata_direction,,10.1038/nature11500,3bbbdd63c3c5ed7505f7ea8038ba1ef474b3aedf2764233412df5c67db1555fc,False,
urn:mavedb:00000092-a-1,Influenza HA viral replication,2021-11-13,11280,HA (H1N1),564,6c0e9e05a448d11adf76357646d9fd5c54482cb2f5b8de7242d3ad55d167e490,False,b97ab8409b99513b15c180caa2eb36db9906bb9276fc789f718fbc897cf8c95a,ambiguous_metadata_direction,,10.7554/elife.03300,a6c7368fff6d55fc595079d94de6042f0e02f072f800bcb674e422c9e715a0be,False,
urn:mavedb:00000094-a-2,"Normalized currents of 4,085 KCNQ4 missense SNVs in the homozygous state.",2022-05-15,4085,KCNQ4,695,c6dd0092b775896c1534636ea95779a84e074f590068fcc7fec370765e4e3a99,False,d1628b91bcd73ed861124c0300ae7fc2e1316c56f3c6f99d6617a219720d80c3,,1,10.1101/gr.276562.122,e42cb8ef8ee78cbaaf5563df0133a11f6748dd7190fd15ebf8d7cb2370c90431,True,mavedb-c6dd0092b775896c
urn:mavedb:00000094-a-3,"V1/2 of 3,319 KCNQ4 missense SNVs in the homozygous state",2022-05-15,3319,KCNQ4,695,c6dd0092b775896c1534636ea95779a84e074f590068fcc7fec370765e4e3a99,False,3d74650353484d506fed6aa1259d7b34add1dac81ffcb408b77d15a0cc7c71a9,,-1,10.1101/gr.276562.122,450346089255adce56967392aa9409c1261168d9a1a379b0c8e577d3a6f83d3a,True,mavedb-c6dd0092b775896c
urn:mavedb:00000094-a-4,Normalized currents of co-expressing 915  current-reduced variants with WT,2022-05-15,915,KCNQ4,695,c6dd0092b775896c1534636ea95779a84e074f590068fcc7fec370765e4e3a99,False,3d326e55b443f95367c321c25df5760ddf666a39c0ed87c570f55b72631dff15,ambiguous_metadata_direction,,10.1101/gr.276562.122,f90625cc67b0efb5ae7d32321ddc221099a4ef74ca40a161ffdc78528da1fbbd,False,mavedb-c6dd0092b775896c
urn:mavedb:00000094-a-5,V1/2 of co-expressing 915  current-reduced variants with WT,2022-05-15,915,KCNQ4,695,c6dd0092b775896c1534636ea95779a84e074f590068fcc7fec370765e4e3a99,False,d2f579c68ca3cf8540b98fffa0865d4d420c85e6c5c4d2b771addbae78618fdb,ambiguous_metadata_direction,,10.1101/gr.276562.122,7a3980a54528149f4e804fd210dd0653b616f1b729ac82d88251aceb4658ee3d,False,mavedb-c6dd0092b775896c
urn:mavedb:00000094-a-6,Normalized currents of co-expressing 153 variants (normal currents and large rightward shifts in V1/2 in the homozygous state) with WT,2022-05-15,153,KCNQ4,695,c6dd0092b775896c1534636ea95779a84e074f590068fcc7fec370765e4e3a99,False,7c06075bd9cc8240579b1b63a4a5034c117c281ad5e3a53ac072e8d8f6344dd5,ambiguous_metadata_direction,,10.1101/gr.276562.122,0c336c4b36f56ac58673ff194d30aca11df38ee2629ba307fc6e8f317490b81c,False,mavedb-c6dd0092b775896c
urn:mavedb:00000094-a-7,V1/2 of co-expressing 153 variants (normal currents and large rightward shifts in V1/2 in the homozygous state) with WT,2022-05-15,153,KCNQ4,695,c6dd0092b775896c1534636ea95779a84e074f590068fcc7fec370765e4e3a99,False,707cf30f88e0fe4487133b5e3254090210ce89d4a0416fec387f5100d2fb50f5,ambiguous_metadata_direction,,10.1101/gr.276562.122,54598f138c697e25f33eebcbfaefc3af9a2c84eb92285e64fe8fff0438a3acb9,False,mavedb-c6dd0092b775896c
urn:mavedb:00000103-a-1,MAP1K ETP,2022-08-26,6810,MAPK1,360,1670aefbe2d9baf3412d23252180a37554c5647a0ad5cb1fbd06bb18417aee49,False,08a678a4f73edaedf29f0d9cf1cb7e860291c18f646e3a6dc927c3f93923837b,proteingym_publication_overlap;ambiguous_metadata_direction,,10.1016/j.celrep.2016.09.061,243967f2e9c3dd0a14ba1694f053f0ac1da08a5f65ad83de7a3b664278004b22,False,
urn:mavedb:00000103-b-1,MAPK1 DOX,2022-08-26,6810,MAPK1,360,1670aefbe2d9baf3412d23252180a37554c5647a0ad5cb1fbd06bb18417aee49,False,de0fd54f49f80300f393c36a7483f39d6d9524449d3035e3e8555b870477de98,proteingym_publication_overlap;ambiguous_metadata_direction,,10.1016/j.celrep.2016.09.061,682b56be4cc70ff91faa416e05b8f060128f5e37f1d733de41df864b1fc2b1dc,False,
urn:mavedb:00000103-c-1,MAPK1 SCH772984,2022-08-26,6810,MAPK1,360,1670aefbe2d9baf3412d23252180a37554c5647a0ad5cb1fbd06bb18417aee49,False,bedad13e76a98fe9c303f1529779b9c2cedf62b0d6895779b04fe415285e7bb6,proteingym_publication_overlap;ambiguous_metadata_direction,,10.1016/j.celrep.2016.09.061,eb05235acca468030838fc56186a94f1a2a227b539fc61c31858588b12c30366,False,
urn:mavedb:00000103-d-1,MAPK1 VRT-11E,2022-08-26,6810,MAPK1,360,1670aefbe2d9baf3412d23252180a37554c5647a0ad5cb1fbd06bb18417aee49,False,c1892b4554e56083cba9d62992500c4ef3bd636b90ed92a2874d525edf86fd7a,proteingym_publication_overlap;ambiguous_metadata_direction,,10.1016/j.celrep.2016.09.061,61138691a288e2365417f4b4e3903e8202696151a60ce7588091b03521e38cc1,False,
urn:mavedb:00000105-a-1,IgG-binding protein G domain B1 binding to IgG-FC,2022-10-17,536476,GB1,221,9f9b522f79da7fa5bf099f6dd561a3e5bb97eeb854dcf42c104d1674ed968dc2,False,e5b7efd926ccdc70bf31324bd47ebad41fd9384277648c46103b72f2e094166e,proteingym_publication_overlap;ambiguous_metadata_direction,,10.1016/j.cub.2014.09.072,e7bb145103bcc7629be683193d075715355e23fe6a78f536419f0906af88fd3a,False,
urn:mavedb:00000106-a-1,Deaminase activity of AID in generation 1,2022-10-17,231,AID,198,042b90517121a874d1afcd05e9b675b692777341b89bd3babe0c3a3cf49cad86,False,028ff6eddd7e59de7ebde682d7c52ab1a8178d49acbb804e0af40e86fcc2d9bd,proteingym_publication_overlap;ambiguous_metadata_direction,,10.1093/nar/gku689,047b34425ed1913e4b05ea89834d47266c4fbd89ceda411aec1e771148d4efc8,False,
urn:mavedb:00000106-b-1,Deaminase activity of AID in generation 2,2022-10-17,231,AID,198,042b90517121a874d1afcd05e9b675b692777341b89bd3babe0c3a3cf49cad86,False,750f618a39a18d989b59e8a10c7d1624d3e428a07710abab865a07a66235f542,proteingym_publication_overlap;ambiguous_metadata_direction,,10.1093/nar/gku689,968e394e29e4a0e10ba1db02b2959d794a3e1c1ada85d94704ca3db76518047c,False,
urn:mavedb:00000106-c-1,Deaminase activity of AID in generation 3,2022-10-17,231,AID,198,042b90517121a874d1afcd05e9b675b692777341b89bd3babe0c3a3cf49cad86,False,bea853e92d386fde66b3ed62b51563be7d293e24c0fcf16b93fcd5f6cc614767,proteingym_score_set,,,,False,
urn:mavedb:00000107-a-1,PSAT1 200 Solid Growth Assay,2022-10-20,200,PSAT1,370,47ac6e9f63a78f48d4b7c4695d9271ae3d7b713159ee6909746fca1f43d8778f,False,de6b9524e39f71c6df9547b7b4466af103beb7354aa50b4739048e2fa64cfbec,ambiguous_metadata_direction,,10.1002/jimd.12227,243bc88880e22d517632dcb8960e93c6e01c9e371cd725e57c139866c7f72925,False,
urn:mavedb:00000107-b-1,A SNV-accessible mutational scan of human PSAT1 using functional complementation in yeast.,2023-04-21,1914,PSAT1,370,47ac6e9f63a78f48d4b7c4695d9271ae3d7b713159ee6909746fca1f43d8778f,False,df60eb1bec46293f81d09165c133c091670bdb1516d1ef3002ce929d3a3b2bfd,proteingym_score_set,,,,False,
urn:mavedb:00000110-a-1,"Deep mutational scan of the Escherichia coli outer membrane phospholipid transporter, MlaC. [selection] [replicate 1]",2023-02-19,4431,MlaC,211,ae25940acad7662fe6055d8ad9219b7b2bc19a4e98fa934a31161c688f47fdfd,False,69767677663d3f2c47cdf5ce5c56f07a085d9123eb69fd095b092b43d000e2b5,ambiguous_metadata_direction,,,ddf209200a1cf4fef5ecc21ce546b20336272f7a0043304f7089db22764598b1,False,
urn:mavedb:00000110-a-2,"Deep mutational scan of the Escherichia coli outer membrane phospholipid transporter, MlaC. [No selection] [replicate 1]",2023-02-19,4431,MlaC,211,ae25940acad7662fe6055d8ad9219b7b2bc19a4e98fa934a31161c688f47fdfd,False,a3cbc5841f74ba87e73a1d9e01bd8986b837724813ca548ad54e1e80e2ec934e,ambiguous_metadata_direction,,,58f1831ce956609a355a887bde00b30a1c294376ada26ab273c6dd1279d073dd,False,
urn:mavedb:00000110-a-3,"Deep mutational scan of the Escherichia coli outer membrane phospholipid transporter, MlaC. [selection] [replicate 2]",2023-02-19,4431,MlaC,211,ae25940acad7662fe6055d8ad9219b7b2bc19a4e98fa934a31161c688f47fdfd,False,7136f99caa101bc35c54f278e107685dc77d3e8e58f4b48d00eafeceea1c947a,ambiguous_metadata_direction,,,adcfc9c0729008540f03e46297833a526c01bb2859e9abcb0f02a92970c7c929,False,
urn:mavedb:00000112-a-1,SNV-accessible missense variant scores for OTC,2023-03-21,1570,OTC,354,35d9672d82f6d9568b8af25ab5534caa47a1bdda9b27e554ad90f564f969cba4,False,05fb793b8717df5886295ab6bd71a7f902aeff776adc012f1a9875ef6d03fef4,proteingym_score_set,,,,False,
urn:mavedb:00000113-a-2,Single amino acid insertions,2023-05-18,763,APP,42,df68e944e2c65b97c437428dc732c1ef0fd36aa1fa4dce818d90a6b7b54369c9,False,27ec11febc37797c10d9a5788a4c230fd6a5d8fe7fd123107332875eccda20ec,ambiguous_metadata_direction,,,fe2cc6437b64fb3a39d3f1bae0e1ff05f958a1b4178d91eb1a66d3f16edc0f4f,False,
urn:mavedb:00000113-a-3,Single amino acid substitutions,2023-05-18,751,APP,42,df68e944e2c65b97c437428dc732c1ef0fd36aa1fa4dce818d90a6b7b54369c9,False,0a7bd737535d0e7f57222dd5c88f05d1a54d212b38fd2c33a179e764f29467fb,ambiguous_metadata_direction,,,6fe1b6872f5c32d9bad5a1f8535fdc591aa4f9780197801269bb54fa5bce4848,False,
urn:mavedb:00000115-a-1,binding free energy changes of KRAS-DARPin K55 interaction,2023-06-19,3553,KRAS,188,9a0ed04ef46e15865a90f9dd0808d7d12c94746c66b0f41228aa2e62516ccbca,False,36a6fff796eae592b6187993929d76ade94c7e462c74261a1e1b9291f5e3e653,ambiguous_metadata_direction,,,c44353cded87fb694c06011e6616da4dfccbb8600b60779b06197d966a4c62d5,False,
urn:mavedb:00000115-a-10,binding fitness from KRAS-DARPin K27 bindingPCA of KRAS block3,2023-06-19,4515,KRAS,188,9a0ed04ef46e15865a90f9dd0808d7d12c94746c66b0f41228aa2e62516ccbca,False,6271945180b661f32c619530f5bf2a4db36a95014e89e5382af95c15d41fbed1,ambiguous_metadata_direction,,,701525c32116d50ae12f27cf0336021e6530065051715f9b552a3234580ff303,False,
urn:mavedb:00000115-a-11,binding fitness from KRAS-DARPin K27 bindingPCA of KRAS block2,2023-06-19,8666,KRAS,188,9a0ed04ef46e15865a90f9dd0808d7d12c94746c66b0f41228aa2e62516ccbca,False,f0470d367a37d3950d729d70d51387483fc29dd220887df8d230d8c98e21f456,ambiguous_metadata_direction,,,d7c9995ea6c028dec5de6b14c08d3630e490685ff35de238d9cec71990004d08,False,
urn:mavedb:00000115-a-12,binding fitness from KRAS-DARPin K27 bindingPCA of KRAS block1,2023-06-19,14859,KRAS,188,9a0ed04ef46e15865a90f9dd0808d7d12c94746c66b0f41228aa2e62516ccbca,False,dc2b99687972b9d790600b24752c9585a12da33b2858dabd749b1a82676e1115,ambiguous_metadata_direction,,,3b5d00a9f5549cdc1856e604ead7a9ccbb020d2840107275f6b19a0956c82fd1,False,
urn:mavedb:00000115-a-13,binding fitness from KRAS-SOS1 bindingPCA of KRAS block3,2023-06-19,3361,KRAS,188,9a0ed04ef46e15865a90f9dd0808d7d12c94746c66b0f41228aa2e62516ccbca,False,3614fa85e0683d9e721e7477c48f61f3ff0929d7776957c6f354c7ce92e91bb9,ambiguous_metadata_direction,,,44fd91e3b0b74b27c8cbe155360d8a1ca1f480ec86cba6dfab5787e3f911c7c8,False,
urn:mavedb:00000115-a-14,binding fitness from KRAS-SOS1 bindingPCA of KRAS block2,2023-06-19,5949,KRAS,188,9a0ed04ef46e15865a90f9dd0808d7d12c94746c66b0f41228aa2e62516ccbca,False,0a3f4045937dfd0098cadd6a521ee715033ae61f09bf9f1fe7b37debce8d79a9,ambiguous_metadata_direction,,,18b3b73c1462d3009e5dc4d08ae5ca0758d3fac6fdc3e936b184be095d6cd9ed,False,
urn:mavedb:00000115-a-15,binding fitness from KRAS-SOS1 bindingPCA of KRAS block1,2023-06-19,12637,KRAS,188,9a0ed04ef46e15865a90f9dd0808d7d12c94746c66b0f41228aa2e62516ccbca,False,68af4adf9e50e80242d894f406b70d6c8fdd9034fd3202eeb40f88ad033addae,ambiguous_metadata_direction,,,b4d6baa6e5afe1d2bab3e0c41c646f62cb66334a5de39c8d057c53b28426d81b,False,
urn:mavedb:00000115-a-16,binding fitness from KRAS-PIK3CGRDB bindingPCA of KRAS block3,2023-06-19,3833,KRAS,188,9a0ed04ef46e15865a90f9dd0808d7d12c94746c66b0f41228aa2e62516ccbca,False,c95267fca2b4d2ecc6de8917d3ee360ee98ec79a4c1e0cca3b523331dca28681,ambiguous_metadata_direction,,,087e1742e65016fd14bc730b2f5803c0c2606005121ee557cf743509ed2028fe,False,
urn:mavedb:00000115-a-17,binding fitness from KRAS-PIK3CGRDB bindingPCA of KRAS block2,2023-06-19,6893,KRAS,188,9a0ed04ef46e15865a90f9dd0808d7d12c94746c66b0f41228aa2e62516ccbca,False,bd7ddcc075a677f69310335ca390489270c57abd5d69f3bfd41f0d6c65662581,ambiguous_metadata_direction,,,9f53a2eb4524d6d64a3f7efe6693767fc8abe34e2988a18006ce2358d2060676,False,
urn:mavedb:00000115-a-18,binding fitness from KRAS-PIK3CGRDB bindingPCA of KRAS block1,2023-06-19,11096,KRAS,188,9a0ed04ef46e15865a90f9dd0808d7d12c94746c66b0f41228aa2e62516ccbca,False,9b763e910ed02a7ee9ff4a7ab9540c09be269aa362b0a8d871763a9f715529e1,ambiguous_metadata_direction,,,4af8c30f1f4035df85531551d0d105391743f3e6eb8f3b1641f9b1e08fdc50fa,False,
urn:mavedb:00000115-a-19,binding fitness from KRAS-RALGDSRDB bindingPCA of KRAS block3,2023-06-19,3351,KRAS,188,9a0ed04ef46e15865a90f9dd0808d7d12c94746c66b0f41228aa2e62516ccbca,False,cb83494941f650db7e3af8e3d9ba89693eba3a3fd49f9be07b0e73221fd882a8,ambiguous_metadata_direction,,,35c495d19554929c69cdf42085b64076b4a2c7e2f1b953bbcab8ffa6924a924f,False,
urn:mavedb:00000115-a-2,binding free energy changes of KRAS-DARPin K27 interaction,2023-06-19,3553,KRAS,188,9a0ed04ef46e15865a90f9dd0808d7d12c94746c66b0f41228aa2e62516ccbca,False,92230dc2a6d7edd7e40b09dd47ed1e8d79ea89430db716e158f021ccdd87d2bd,ambiguous_metadata_direction,,,c6897d4f290eca4aaa2c491aa5dab0977450fa47a987ad759a42d3b776fee5f8,False,
urn:mavedb:00000115-a-20,binding fitness from KRAS-RALGDSRDB bindingPCA of KRAS block2,2023-06-19,5606,KRAS,188,9a0ed04ef46e15865a90f9dd0808d7d12c94746c66b0f41228aa2e62516ccbca,False,d7a3a25b4f20194094c8b6160031b28aeda97c55fc80bf8e0284a218cd13b5a8,ambiguous_metadata_direction,,,218b85a77dd181192391e875a866088d6cf66c012d8385301cb8927b0c5eafa1,False,
urn:mavedb:00000115-a-21,binding fitness from KRAS-RALGDSRDB bindingPCA of KRAS block1,2023-06-19,13676,KRAS,188,9a0ed04ef46e15865a90f9dd0808d7d12c94746c66b0f41228aa2e62516ccbca,False,ccb8d2922a73c7074f8f72a1f0a43642ff5dd3024d48041d7d48e5d4a6ea085c,ambiguous_metadata_direction,,,b088f1fdcdd51676561097940a7132d71e2e39fcf9286d8ad6431f1696b0049b,False,
urn:mavedb:00000115-a-22,binding fitness from KRAS-RAF1RDB bindingPCA of KRAS block1,2023-06-19,14044,KRAS,188,9a0ed04ef46e15865a90f9dd0808d7d12c94746c66b0f41228aa2e62516ccbca,False,27faa04d044dfc2c303f60b4477b1f86ef93b8aaf7e0036d87de4faf9a754567,ambiguous_metadata_direction,,,a1c10f95af816c71e68d1815e62d52152e73971957a20eb88c8144c9c29d9284,False,
urn:mavedb:00000115-a-23,abundance fitness from abundancePCA of KRAS block1,2023-06-19,13845,KRAS,188,9a0ed04ef46e15865a90f9dd0808d7d12c94746c66b0f41228aa2e62516ccbca,False,f87835ac21c5c26b155a7c114252b1d221fc418c1af01282f698f64bcbfcd856,ambiguous_metadata_direction,,,869953140ee0da48099f3f5da4942d9be9027213ff978a2f7c8675a4869c7235,False,
urn:mavedb:00000115-a-24,binding fitness from KRAS-RAF1RDB bindingPCA of KRAS block3,2023-06-19,5163,KRAS,188,9a0ed04ef46e15865a90f9dd0808d7d12c94746c66b0f41228aa2e62516ccbca,False,b6a1d08340b438ba2e95346bb14f609c394102d0fbc614135f2096b516c3451e,ambiguous_metadata_direction,,,f7afc058ec9c4aaf0ea62830465fa2579c96240d3ef034ef8c2f3cd0158c5057,False,
urn:mavedb:00000115-a-25,binding fitness from KRAS-RAF1RDB bindingPCA of KRAS block2,2023-06-19,7459,KRAS,188,9a0ed04ef46e15865a90f9dd0808d7d12c94746c66b0f41228aa2e62516ccbca,False,bb17e99d98e06aee8a22440e2f21cb364c785fb8a28a57794ca76740880a6afb,ambiguous_metadata_direction,,,0eaa31089a6eb0f695a2076c3f2bb6564f3961ea0f3cddb14f32821ddabb4550,False,
urn:mavedb:00000115-a-26,binding fitness from KRAS-DARPin K55 bindingPCA of KRAS block1,2023-06-19,12607,KRAS,188,9a0ed04ef46e15865a90f9dd0808d7d12c94746c66b0f41228aa2e62516ccbca,False,76bdffbc6a9a4a2c05a3947f818418753eb4dadbb4e4c2f625ff57b6ec0f7ce5,ambiguous_metadata_direction,,,8c2c0528dd650d53ffdb69bb439984bde55464bfce7be6d700d0d0321afdd086,False,
urn:mavedb:00000115-a-27,abundance fitness from abundancePCA of KRAS block2,2023-06-19,8912,KRAS,188,9a0ed04ef46e15865a90f9dd0808d7d12c94746c66b0f41228aa2e62516ccbca,False,c986387d24332970444fe3c55d626fe7192caf7b913458a7611382c6fea3f009,ambiguous_metadata_direction,,,74baa769d5c73b84d91bfc9d2bf1024ba28c2b8f67126b27eb8ebcda91b91c46,False,
urn:mavedb:00000115-a-28,abundance fitness from abundancePCA of KRAS block3,2023-06-19,4695,KRAS,188,9a0ed04ef46e15865a90f9dd0808d7d12c94746c66b0f41228aa2e62516ccbca,False,7db1d862f472852fefc6869fa35758d3abfc155056c4eba395c7a1b6683e92b2,ambiguous_metadata_direction,,,a4fe4182b1670f899a4e378d48123de1539d148251d1f0d1602d2e665894f28f,False,
urn:mavedb:00000115-a-3,binding free energy changes of KRAS-SOS1 interaction,2023-06-19,3553,KRAS,188,9a0ed04ef46e15865a90f9dd0808d7d12c94746c66b0f41228aa2e62516ccbca,False,0340f47de5e27b0a9c003ccee74edaaa1df49997c563f8289284eead44299ecc,ambiguous_metadata_direction,,,f2aabc3df8017d07e98e160aed255050963fdc75852e7f50c2dd6cadf578eee3,False,
urn:mavedb:00000115-a-4,binding free energy changes of KRAS-PIK3CGRBD interaction,2023-06-19,3553,KRAS,188,9a0ed04ef46e15865a90f9dd0808d7d12c94746c66b0f41228aa2e62516ccbca,False,a1fe929c0fb2e861c634b81027e28f1b76ab62603858dc10e6b4599fe01d091a,ambiguous_metadata_direction,,,15a85a7b49764a23eff4e8b4a4c20b80ebc2a15e57b37147138c46eb08e6a6a7,False,
urn:mavedb:00000115-a-5,binding free energy changes of KRAS-RALGDSRBD interaction,2023-06-19,3553,KRAS,188,9a0ed04ef46e15865a90f9dd0808d7d12c94746c66b0f41228aa2e62516ccbca,False,0e116ad8d471d04dd5c9b4035b7d117fc45e4ae89cddf8fb873e2cf34d2e3705,ambiguous_metadata_direction,,,733274860020482299dadf31da876d72cd35277e7ad14c03c24428a93d197835,False,
urn:mavedb:00000115-a-6,binding free energy changes of KRAS-RAF1RBD interaction,2023-06-19,3553,KRAS,188,9a0ed04ef46e15865a90f9dd0808d7d12c94746c66b0f41228aa2e62516ccbca,False,2f405e976dfe34df0eb0add19311cfb696354b0d2a7ba1c31fd3d3cf2b59cdaa,ambiguous_metadata_direction,,,133d3fcca425f64371ef666cddc849edf3c86b6650b5e0ef98a26c18fc61bafc,False,
urn:mavedb:00000115-a-7,folding free energy changes of KRAS in abundancePCA,2023-06-19,3553,KRAS,188,9a0ed04ef46e15865a90f9dd0808d7d12c94746c66b0f41228aa2e62516ccbca,False,c15e3efc066c7ea70605b12e48826346ffa62de2058231386bbebc463a57cbe2,ambiguous_metadata_direction,,,c2c46d205b8ec36a947b841d87ca5f7109f616e60d84002dc799c68a3f0bd106,False,
urn:mavedb:00000115-a-8,binding fitness from KRAS-DARPin K55 bindingPCA of KRAS block3,2023-06-19,4970,KRAS,188,9a0ed04ef46e15865a90f9dd0808d7d12c94746c66b0f41228aa2e62516ccbca,False,8ba94fbab55d602feab808ba41d1624518acb555b51cc9db4464e518fcd049c1,ambiguous_metadata_direction,,,e17eb15f80b740ca7a777b21e372d901ffaa603fe7825bde76752bf648d971bd,False,
urn:mavedb:00000115-a-9,binding fitness from KRAS-DARPin K55 bindingPCA of KRAS block2,2023-06-19,8657,KRAS,188,9a0ed04ef46e15865a90f9dd0808d7d12c94746c66b0f41228aa2e62516ccbca,False,488aa44795f0f6c838a6783369c6764126ff5fe2f25cd6cd90eb6b1c3a6ce9e7,ambiguous_metadata_direction,,,2a0767f6f4115dc090ff64cd8f38905e83ad9a47899c2c6f7fe74b1b07c70856,False,
urn:mavedb:00000659-a-1,SGCB All AA,2023-08-22,6327,SGCB,318,93100c3b9be6e587269b290ea9d30dffb5a55a20786d393f46bc586b76f05cfc,False,7b0275e4a4afd8f77548afaf86c6e4d6673366306a8f977479f9e82b34bd5e0b,,1,10.1172/jci168156,355ab5c249a902045383261115ac780f93ee459693f20e0d091d157ac846a6b2,True,mavedb-93100c3b9be6e587
urn:mavedb:00000660-a-1,DIMPLE mKir2.1 surface expression,2023-11-13,11055,mKir2.1,440,ac692404b183956c1647b894829f80f7375d4fa7b4e5a22e078d2de7e3e7be96,False,a5aefec88e2ee2b89b2985441a2ad8c7cd7c9c9edd38d3151ed2866787155383,ambiguous_metadata_direction,,,03b3256249d9f2564cfde02986705423d97337a51a6e13359a4d5236cc092d5a,False,
urn:mavedb:00000664-a-1,1. Current densities at +40 mV of 301 missense variants expressed in CHO cells alone,2024-01-08,301,KCNQ2,872,a3002bf1c1ab1c7b8d77ea7745647f5608ecbf067ed3fa8b7bc7cda007846d13,False,dec6a2764057160c37203de8cc23a4aef2ae5054122cd19c0b31c0bf88b6edcc,ambiguous_metadata_direction,,,adc31055a2a17d29c6d795dcb88b8668ff331df0a96b6646ee7e1ba2a59ac7a6,False,
urn:mavedb:00000664-a-2,2. V1/2 of 118 missense variants expressed in CHO cells alone,2024-01-08,118,KCNQ2,872,a3002bf1c1ab1c7b8d77ea7745647f5608ecbf067ed3fa8b7bc7cda007846d13,False,021ac0b1991100e9891f1a5a67f3aef7b0a2d0489f53d8307b308064b08c8ff6,ambiguous_metadata_direction,,,12074a001623def0025729cf5f1c03980ee1b5b49f05991a6c59fc1032a55312,False,
urn:mavedb:00000664-a-3,3. Current densities at -40 mV of 301 missense variants expressed in CHO cells alone,2024-01-08,301,KCNQ2,872,a3002bf1c1ab1c7b8d77ea7745647f5608ecbf067ed3fa8b7bc7cda007846d13,False,6d5bf2f354deb3394843a7d4f3ac6fe2dbf6e86de7c345b27a6177a54ce7e6d7,ambiguous_metadata_direction,,,15fddf0d606988099dc0e1ac0384a4e4f4a981ebf713039c8e291e22135f2bfe,False,
urn:mavedb:00000664-a-4,4. Current densities at +40 mV of 301 missense variants co-expressed with wild-type KCNQ2 in CHO cells,2024-01-08,301,KCNQ2,872,a3002bf1c1ab1c7b8d77ea7745647f5608ecbf067ed3fa8b7bc7cda007846d13,False,fced3862d674bb782ac9c98995b17747900999f91ca9dbbde4381f81116e3bb8,ambiguous_metadata_direction,,,4d6d1799edea972988748f5cdd014609613a3d2eaf814aa084ffd62d0d8ba880,False,
urn:mavedb:00000664-a-5,5. V1/2 of 245 missense variants co-expressed with wild-type KCNQ2 in CHO cells,2024-01-08,245,kcnq2,872,a3002bf1c1ab1c7b8d77ea7745647f5608ecbf067ed3fa8b7bc7cda007846d13,False,2b56c61d84913ffbeee726c92073851299d631a362f4c1632d80ada0ff01e8d6,ambiguous_metadata_direction,,,762538ced170ebdfd93a2d5060cf721a7f277834e4d41ee0a16c619cfad15cb1,False,
urn:mavedb:00000664-a-6,6. Current densities at -40 mV of 301 missense variants co-expressed with wild-type KCNQ2 in CHO cells,2024-01-08,301,KCNQ2,872,a3002bf1c1ab1c7b8d77ea7745647f5608ecbf067ed3fa8b7bc7cda007846d13,False,5fd14f63d904a69bdec7418de1c466ddc3b534acec6eca38a061ed103a6b51dd,ambiguous_metadata_direction,,,79a04102b4d33cc24b54b02b5c4ea13399ea9e90c4182e201b70a8f528cee59a,False,
urn:mavedb:00000665-a-1,pax6_le9_geneticin,2024-01-23,7764,PAX6,422,aebeb991234cd8a3f1f9119514f08bdc27db6cf14e01c7773710111bf11162b7,False,ac99d79ab6d65a9e88898ef275297b250d3daacc84049473aedd60fac0b845fb,,1,10.1038/s44320-024-00043-8,cb8155c63de3fc94aaf4e9f588d21069f6c92130575b7f7673a4b558b919b01a,True,mavedb-aebeb991234cd8a3
urn:mavedb:00000665-b-1,pax6_blx_geneticin,2024-01-23,7391,PAX6,422,aebeb991234cd8a3f1f9119514f08bdc27db6cf14e01c7773710111bf11162b7,False,aae202343d5ed5d51e85e2ee84677a1530511eef135219b41fd73f241f06aa0c,,1,10.1038/s44320-024-00043-8,ba7def0a57d66c065e42ab4106b8d518cedcb1bec7fce35dbaa2fd42caa1d672,True,mavedb-aebeb991234cd8a3
urn:mavedb:00000665-c-1,pax6_le9_no_geneticin,2024-01-23,7819,PAX6,422,aebeb991234cd8a3f1f9119514f08bdc27db6cf14e01c7773710111bf11162b7,False,b167e4764b4d073361baded11378b15ec0ba354fa7be4a4a21ace4c5e09af4d3,,-1,10.1038/s44320-024-00043-8,78daf84a11bf7d6fde63f554e0c7e875fe88b0b08565eb34c1ffe154c3d65013,True,mavedb-aebeb991234cd8a3
urn:mavedb:00000665-d-1,pax6_blx_no_geneticin,2024-01-23,7370,PAX6,422,aebeb991234cd8a3f1f9119514f08bdc27db6cf14e01c7773710111bf11162b7,False,71d336441f439f657a56e82fabbb1fb967696f4dbafc9334ef4309558e66cad4,,-1,10.1038/s44320-024-00043-8,d87735f6a5be80285f9d46ef922c7ab6130034b6df826251262c6e2eb6e1c881,True,mavedb-aebeb991234cd8a3
urn:mavedb:00000674-a-2,Trafficking scores for KCNE1 in the presence of KCNQ1,2024-04-25,2554,KCNE1,129,1f7b8c1a071fab39209fea0ac8ac89c9c520f149dd8f889f497fcf4f694fd479,False,d32d7138da39eb8f7410bb5b0e0d4f249d79076be2424801591ee3f25748d496,proteingym_publication_overlap,1,10.1101/2023.04.28.538612,b3fc70be2563d986285cbd7361d5254d8ff11511b9e3d401a2632c38b28e4a77,False,
urn:mavedb:00000674-b-1,Functional MAVE scores for KCNE1,2024-04-25,2539,KCNE1,129,1f7b8c1a071fab39209fea0ac8ac89c9c520f149dd8f889f497fcf4f694fd479,False,e35e4a517fcbd5cc1a901a38250e76e458c3be9e8ad8562539373d5cd76494e0,proteingym_publication_overlap,1,10.1101/2023.04.28.538612,e7f7fb9d809a72edd28398a18fc874a1f4f50dded77ab16ff55c053c2262b9fb,False,
urn:mavedb:00000674-c-1,Trafficking scores for KCNE1 in the absence of KCNQ1,2024-04-25,2544,KCNE1,129,1f7b8c1a071fab39209fea0ac8ac89c9c520f149dd8f889f497fcf4f694fd479,False,bb8705acceee1edaabe4d17f235162ea8cf8c5d7a5232149ae11386633964305,proteingym_publication_overlap,1,10.1101/2023.04.28.538612,0eb0f768ff101d8d5ffee918deedc3f5c90ac407e212bbf2c85bf39452b21ca4,False,
urn:mavedb:00000676-a-1,ABL1 SH3 domain domainome 1.0,2024-05-16,1141,ABL1 SH3 domain,57,3dd47db91dcfe548561aab17acf719428fffc03fe55c6b00b39f3e269d530555,False,a6754b981fcdb79fa5ddd214929a7599f88f9951d61299cecd085e55ba865127,ambiguous_metadata_direction,,10.1101/2024.04.26.591310,8492139f9a6f5b042123a466dcf8a21e3727f97e376067a0bb04a68458b0bce5,False,
urn:mavedb:00000677-a-1,"ABLIM3 Zinc finger, LIM-type domain domainome 1.0",2024-05-16,1161,"ABLIM3 Zinc finger, LIM-type domain",58,5c3e82c20923bb8254ea3b603e312fe820c50b5f97769e2009ee24f3dae95ff5,False,3a3190c9b964bd5e17f14ba88884f043829e786e3cf7fc346a5d26da90f783d6,ambiguous_metadata_direction,,10.1101/2024.04.26.591310,ab524477105ba1f306fa99653eed619c4e2278222e85cd28cc068a91a8003d41,False,
urn:mavedb:00000678-a-1,"ABLIM3 Zinc finger, LIM-type domain domainome 1.0",2024-05-16,1141,"ABLIM3 Zinc finger, LIM-type domain",57,c31c2957a31d9d5a384f11dbe4bc57db99dc0a5668e2dc06e8a13bb0ae9878ac,False,f89e5fa44d4cf816324f25beed67291e96730e27b8fb4fb591403f8989fbb8ed,ambiguous_metadata_direction,,10.1101/2024.04.26.591310,3225bc1e8b28eff6ddc637d5f206179c4781c0433929e0ab054e08de761d1edb,False,
urn:mavedb:00000679-a-1,ADARB1 Double-stranded RNA-binding domain domainome 1.0,2024-05-16,1221,ADARB1 Double-stranded RNA-binding domain,61,1b605394aca28744c3298e9e27f725816888e6a23af6ac4e71dc3bac23c51bab,False,30ef8861a246bcd11e6072243f53919e9a3c28417515e428c0a9077faeb6eef6,ambiguous_metadata_direction,,10.1101/2024.04.26.591310,d26a9e05504764c0038d85d76824dd95167324c3142d8b1a533a3f2206e6075e,False,
urn:mavedb:00000680-a-1,ADAR Z-alpha domain domainome 1.0,2024-05-17,1301,ADAR Z-alpha domain,65,c1787b934defc82319715434914774ebcdc03c412f86f811cccf338ee7a0cd5c,False,fb8f3bf41eea8dd78f5626075552764bbbf26a6dea06b30d49491e42c99a3d13,ambiguous_metadata_direction,,10.1101/2024.04.26.591310,9c49d438073bfe35cb8fc29da8ca7883a6761b809fd2fe7069163430e662ea6e,False,
urn:mavedb:00000681-a-1,ADAR Z-alpha domain domainome 1.0,2024-05-17,1261,ADAR Z-alpha domain,63,4b8541aac4b74d747af81197718bfc079f0be3bf42327f8b8866839336dc5111,False,fefb9199400c5792a99de67535830bce84c160e06169bdcfba8d9bd7f7e7eac4,ambiguous_metadata_direction,,10.1101/2024.04.26.591310,308d01495d1aafdc458d3c2eb724756efa2b6e09333db987f48ae60e4b6b0196,False,
urn:mavedb:00000682-a-1,ADNP Homeobox domain domainome 1.0,2024-05-17,821,ADNP Homeobox domain,41,f0d0a0a6508c13bef0a9dab8514eb207f2e0fdcd7356786aa7573b7a0efdbbe9,False,be3060e49ef45bebc6b4eee240f961a9ece9a62ecb5e4ef72b7e90d5ccf5f461,ambiguous_metadata_direction,,10.1101/2024.04.26.591310,088478c50709effb55ba3556a35c6208e1c286bf9fbf3196a3a2b5a0a5d402c6,False,
urn:mavedb:00000683-a-1,AHI1 SH3 domain domainome 1.0,2024-05-17,1141,AHI1 SH3 domain,57,00d2987be2c3500bb3cf4c8d0ffa4375096f0de93e6998675ffbac55bbc1a82d,False,f389a5186b620b047081465f4f48701c429c02eadae069b67fa333230167fc50,ambiguous_metadata_direction,,10.1101/2024.04.26.591310,bea22196246e76d027af71cddbf6d200d3637c7c7ca0a621511b4f1babf4bbab,False,
urn:mavedb:00000684-a-1,ALX1 Homeobox domain domainome 1.0,2024-05-17,1121,ALX1 Homeobox domain,56,5f933199470f8dfddf10dc42e8f65de983486d0502469b47d2b8d247181239cf,False,f60cc65708bbc80794e30fcb5645adb7baef2dab711b398fe466d6265eeac555,ambiguous_metadata_direction,,10.1101/2024.04.26.591310,f6a599a70128a080296f7df68eb5c49a456471bf8a66c9f36332363872dd9f4b,False,
urn:mavedb:00000685-a-1,ALX3 Homeobox domain domainome 1.0,2024-05-17,1121,ALX3 Homeobox domain,56,c22de4252c1784ec7e12c92edd07ff9a17baa88a79681805ac1432858a93573d,False,a119d009c30ac3debd32ee720f9216c7532ff7a7d74d0aac8348e7aeab45eb53,ambiguous_metadata_direction,,10.1101/2024.04.26.591310,95397a09d8aedb1d577221845c66a6be051ada4fa96245fc10e15f90e8858f0b,False,
urn:mavedb:00000686-a-1,ALX4 Homeobox domain domainome 1.0,2024-05-17,1121,ALX4 Homeobox domain,56,c2421913b6eeffae8a9b30f2bba5a7d92c574778fbbbdd5d424d4d918bff9e3b,False,a7434477eb3a02ee4a9685dd8016d43a3948d1d7b2072884d318aa2abf8a2040,ambiguous_metadata_direction,,10.1101/2024.04.26.591310,511a1015d5c152001542234646c3615eaa5d80daf5393453d2ad6f0ce2efd9fc,False,
urn:mavedb:00000687-a-1,ANK1 Death domain domainome 1.0,2024-05-17,1601,ANK1 Death domain,80,3fbc5a02468fc410e10c433447a4231cd68173974735d251d439b93e94057c54,False,e158d4b6757a35b8c9f5f9408fd6c70d034f2c9ff0ded7f4fa79990d5a5da094,ambiguous_metadata_direction,,10.1101/2024.04.26.591310,16315e198fccfdea0611b115bdde42dcc01b789102741f11caa87d8e7e0476f4,False,
urn:mavedb:00000688-a-1,ANK2 Death domain domainome 1.0,2024-05-17,1601,ANK2 Death domain,80,c56e98c67dc81828a02926fea20ffda36b02a47f257d6b36aece7818a8285738,False,f9205a768eb1034c378bb155fb31b23aca389aed8bff0611d4c924c36f287c1f,ambiguous_metadata_direction,,10.1101/2024.04.26.591310,0766baeb6d517bf710cf621da819c9b1aedcfae41d9ae29c6f45673a6fc49ccd,False,
urn:mavedb:00000689-a-1,ANK3 Death domain domainome 1.0,2024-05-17,1561,ANK3 Death domain,78,1e0ccf78952655c3a0f1f74a17d436137c23d4ba14b2d07c4d67b305e9f48ed6,False,33bcd889bb690c5cb58e47855fb566468a924f92e012c367a81fbc2fa5e1bd12,ambiguous_metadata_direction,,10.1101/2024.04.26.591310,eb2e1aded0cfcdd243f1f3a7e4421857acf862e0e293e7647b2b37d63345972b,False,
urn:mavedb:00000690-a-1,ANKS1B Sterile alpha motif domain domainome 1.0,2024-05-17,1241,ANKS1B Sterile alpha motif domain,62,6ca5256665d23e6e8a970d9500edc297680be48b0937f666e53309ec3068c004,False,2735ca94aea636a9495863a241aedf0f385b961f80746285a81a6d8a9b6eb258,ambiguous_metadata_direction,,10.1101/2024.04.26.591310,f5382355e38009dfa0680c63145ad04ce0edf7bb323855362e6f1cbf8011a8c1,False,
urn:mavedb:00000691-a-1,ANKS6 Sterile alpha motif domain domainome 1.0,2024-05-17,1261,ANKS6 Sterile alpha motif domain,63,50b14d4280a92e3f2321ffc58364e63815aee46b174e1fc5ca48b31cff57f7c5,False,9b1fb6cb62dba2bb62ea58b0b5875a4f41c66cc26cb67e0bef8bda5098e12411,ambiguous_metadata_direction,,10.1101/2024.04.26.591310,7ecd5050a385df186a229165b524862ba93dbbed42b9963fa58ee254a02ad398,False,
urn:mavedb:00000692-a-1,ARAF Raf-like Ras-binding domain domainome 1.0,2024-05-17,1381,ARAF Raf-like Ras-binding domain,69,66833d3836e17c1d87426f887e2d18e89f0f76cd6507f19f2db8ddbb4cdf5951,False,294365c2320e35485e6c5c6afc7a3606ba7bbcec4ba3e4c7adbc128c0faf4349,ambiguous_metadata_direction,,10.1101/2024.04.26.591310,07ade15efdc5448f50bf342b44462d8ca2ac784197ed9b9ca065b374f071c5de,False,
urn:mavedb:00000693-a-1,"ARHGEF28 Protein kinase C-like, phorbol ester/diacylglycerol-binding domain domainome 1.0",2024-05-17,1001,"ARHGEF28 Protein kinase C-like, phorbol ester/diacylglycerol-binding domain",50,a30de74f7e7e2bc9a533fe5f072aa3c3d53a8be03317e6870e03e21b2aa972b1,False,e4e657b49a57cf31ac322e24b44f089cfd9473be4dba56ba1a782193914fb368,ambiguous_metadata_direction,,10.1101/2024.04.26.591310,a1202db44e772a34b09151ecb340632827a439cf0002e1978985eb0edbb9d2f9,False,
urn:mavedb:00000694-a-1,ARID2 DNA-binding RFX-type winged-helix domain domainome 1.0,2024-05-17,1601,ARID2 DNA-binding RFX-type winged-helix domain,80,8d4dc8d6102e0a0f6c994eed09aeaeb923c205067408af6ed52d38cb5f1d19c6,False,72b51670612988b797ae9a2440249ecabf83fdc13e22425d8dfc657572b7fb37,ambiguous_metadata_direction,,10.1101/2024.04.26.591310,8616519c3ce3b7c261578012c737049e3cb9813fff47dee350d4ce15b0382f05,False,
urn:mavedb:00000695-a-1,"ARK2C Zinc finger, RING-type domain domainome 1.0",2024-05-17,861,"ARK2C Zinc finger, RING-type domain",43,033103878fcf44cbc527f92c91cac22a4232c23b4382772c7e1bac0bb22f426d,False,1bb69617e482b8358303d6f359a3b3d65c0a9d6c08b250e68880932785e9c5f0,ambiguous_metadata_direction,,10.1101/2024.04.26.591310,a0c54150eb8d663bfe3f2c459403da974c5b71f4c481698dac7094a0a52b14a5,False,
urn:mavedb:00000696-a-1,ARX Homeobox domain domainome 1.0,2024-05-17,1121,ARX Homeobox domain,56,743ff1c7b5f81225229fc32ffd2b57a47132b36355d76dbb964c8e81bec25562,False,c761d488bfb4316448338e6e8016f2471aeabe40f2368e755e54d2504b7d1cf1,ambiguous_metadata_direction,,10.1101/2024.04.26.591310,cc839c6fe70f5ebcd118487b9fc08bef0b43e3dab28d36179aca677e8fdb682d,False,
urn:mavedb:00000697-a-1,"AR Zinc finger, nuclear hormone receptor-type domain domainome 1.0",2024-05-17,1521,"AR Zinc finger, nuclear hormone receptor-type domain",76,40dcb7979e529b82435803a7a386e9d7763a915cdadaa7b5212881ac5f5a99e5,False,a0bbfc69dc45c61cdd08dff9f6dda828091287d36a13082699d839ba7ce0e295,ambiguous_metadata_direction,,10.1101/2024.04.26.591310,de81cb9798a46f78803677065f628700a5b82227bae7b4c7e044700a836dafac,False,
urn:mavedb:00000698-a-1,ASB14 SOCS box domain domainome 1.0,2024-05-17,821,ASB14 SOCS box domain,41,603dfec5119162b629ba366229edefd32e701cb9a432689dcca2f71bcc582e40,False,ed0aa05d32f4de2afea97eea5ef5c7c22195f724b09e1ab0da94953c01a6f525,ambiguous_metadata_direction,,10.1101/2024.04.26.591310,c015974f7b0a493061dc2ff332467b5300180c7d29e82ad27131d1fc65a9abac,False,
urn:mavedb:00000700-a-1,ASZ1 Sterile alpha motif domain domainome 1.0,2024-05-17,1241,ASZ1 Sterile alpha motif domain,62,1d52b95a1c5fd59e23a611c0a86658747535a8719eb076cb9292d0f89c52dbd8,False,f25f19252aa2129b3d396f073876b796b5d70fea6d63a4794783cd7107d14afa,ambiguous_metadata_direction,,10.1101/2024.04.26.591310,216796cca1e23c69765716ec6bb9518c53da01388d7c42992c95fa68257c2471,False,
urn:mavedb:00000701-a-1,ATXN7 SCA7 domain domainome 1.0,2024-05-17,1221,ATXN7 SCA7 domain,61,7c1251f8510ec303cb22b17b1921addc939669bb19cd8ba582dec4c7c2bd946b,False,8747cb9d83b86b63bd861ca8eda5fd8dc142b2fbec89e74af87c8ae7e9255a48,ambiguous_metadata_direction,,10.1101/2024.04.26.591310,ad83b1f5d1228d7255264071cdfcdc25d6e5f7217e17d10b8fc4f43e3e8e3fe3,False,
urn:mavedb:00000702-a-1,AVIL Villin headpiece domain domainome 1.0,2024-05-17,701,AVIL Villin headpiece domain,35,7d749ba2b3475ad6226c8eaf896e010a81b19e3aa1c508da70a66b34e3fd18a5,False,bf1276140cba27e065e0e141f4c4438178f7fd858bbe978f400409f160e1d43c,ambiguous_metadata_direction,,10.1101/2024.04.26.591310,2d758921549603adfdd360ed46f2938ddd294f81d56d10bcd9fd0f6a6babaef4,False,
urn:mavedb:00000703-a-1,BAG3 WW domain domainome 1.0,2024-05-17,981,BAG3 WW domain,49,cb092bbf67b880f3318839c42ce896bd09323d3a1e858941f5fd7dc18cf7fe03,False,67853c04c1341e959a2364b9798948aa793c9b1b676598911f38f31f3615f26c,ambiguous_metadata_direction,,10.1101/2024.04.26.591310,d33c773a30cc4e2d33fd5eb26a29e1b57954fa10fc837641ae6bc4222bad0010,False,
urn:mavedb:00000704-a-1,BAG5 BAG domain domainome 1.0,2024-05-17,1381,BAG5 BAG domain,69,e10735054779207a18a09a15dc59dec99e142efbfa8f8cccc3ff45323b9b63e8,False,d905987bdbb51a85f4008134605f12c943f6aacb6c12f71b8803985d29baed3b,ambiguous_metadata_direction,,10.1101/2024.04.26.591310,3cf0e7b0d3310085e6b6fd74ea613faaa106b96970ef19bad352befa95a13e46,False,
urn:mavedb:00000705-a-1,"BAZ2B Zinc finger, PHD-finger domain domainome 1.0",2024-05-17,1121,"BAZ2B Zinc finger, PHD-finger domain",56,6a0601fa85cc52faa13713bda527ce4862df5380cbddb9fe2dd5ce6da325071e,False,5a3318ad38df987cb1484f9372f775da5bc20036b6cac3fcd2d6608569fa1471,ambiguous_metadata_direction,,10.1101/2024.04.26.591310,236b7384c055b2eb43e2e2697c589757355103a2f178c948a15c73d389137d74,False,
urn:mavedb:00000706-a-1,BLK SH3 domain domainome 1.0,2024-05-17,1181,BLK SH3 domain,59,761e30af36fa7365e4430d372378f7e6d3775daf19009773678f9ffd0769c9a5,False,fdcc70ec6345eaae0cfb9812e4d3b2b36b40997f36d0e4e773c0af8a9d1f9c04,ambiguous_metadata_direction,,10.1101/2024.04.26.591310,ef81289ac8e63ab5a4ef4bd0f16f3763c4a2e26142c67dd240aa6c147d3a1300,False,
urn:mavedb:00000707-a-1,"BPTF Zinc finger, PHD-finger domain domainome 1.0",2024-05-17,1141,"BPTF Zinc finger, PHD-finger domain",57,5847b1da2419cfbc56a68b84b0a52f958e9649657398ac1715d2d7a4f325f72a,False,84f81b83e09f5c26339aef088eff567edc003edc1febb7a59e6cc59cf4f7420c,ambiguous_metadata_direction,,10.1101/2024.04.26.591310,bcee06edecb1a017b5ef68ba3fac5f212e552c9149c6af40543566da7bbee175,False,
urn:mavedb:00000708-a-1,BRAF Raf-like Ras-binding domain domainome 1.0,2024-05-17,1521,BRAF Raf-like Ras-binding domain,76,38fe9ed5b25a9af41a7390e8b10bb4cdf7ff1a26ce5c8304269da0e753406854,False,a3bb44086effb96d1efb3abd92f8e40d883e70dd28f970f4499051ef68f29e92,ambiguous_metadata_direction,,10.1101/2024.04.26.591310,71598994c98437f74d18e6a612c919463fcc8b01d5fcc83c38c03e009a7ebd85,False,
urn:mavedb:00000709-a-1,BRD4 NET domain domainome 1.0,2024-05-17,1341,BRD4 NET domain,67,65c469b7bb282657cb4c6786fac642b970c6c073ba4ab8128ab095fd6372becd,False,b6f5a126fa5f1903b9cc89182a977a80fb6566dde0bcf43d33f79581ca93ddf0,ambiguous_metadata_direction,,10.1101/2024.04.26.591310,7c62206b126b426e4262d542cfed0dc91c8d738e1bfe7d4d5fe74ac7c5588155,False,
urn:mavedb:00000710-a-1,BTK SH3 domain domainome 1.0,2024-05-17,1181,BTK SH3 domain,59,f63fffca6cbd0d4f92656c698360dcb83641498cfd156a841ce8166c92c93ffc,False,e8c4624d07a66f7d2029a75f70cfbe3146df21a11901de9bda2e5850eaf1aa7b,ambiguous_metadata_direction,,10.1101/2024.04.26.591310,983b741e25f2b3821919bc3a61010117df2d251b6c48a13324d75490073554b5,False,
urn:mavedb:00000711-a-1,CABP2 EF-hand domain domainome 1.0,2024-05-17,1301,CABP2 EF-hand domain,65,5eee9e6d7896728f75978f75dda0116921aa71a401c03d8966888e76fc9f55bf,False,956085bb7c452ab8f9dc293db0eb3d158ce08a6f0f3efee9926abf1f88c52c8b,ambiguous_metadata_direction,,10.1101/2024.04.26.591310,3c723c0be0e4d9b056c661c541781b83a58a0adc8f2ab1ab75648de444fac1f1,False,
urn:mavedb:00000712-a-1,CALML4 EF-hand domain domainome 1.0,2024-05-17,1381,CALML4 EF-hand domain,69,90ca9c99ffddf73d1d5ce5bd290595ae09f567042cab8a08335c3deee7c34475,False,bef5f4db9f9a0548b1f2aa6fc3f50fa6e0fade37e1a58c71d7f96e241f30be33,ambiguous_metadata_direction,,10.1101/2024.04.26.591310,21a4644f7ff4a41d3842e99cd0dabf7abc07453df8c00302d5d03ef1d742c1a1,False,
urn:mavedb:00000713-a-1,CALML4 EF-hand domain domainome 1.0,2024-05-17,1521,CALML4 EF-hand domain,76,06f0d612e28f843649c9221cceef67623994a82420b5d70ae44da997c41fd388,False,719a3f8bdaf68ab3c69367ebddc4f4759079c764e8ccce58b1aa2499fd3a0c84,ambiguous_metadata_direction,,10.1101/2024.04.26.591310,98c98934b2ab1661fc9aa2b14600e39726b593f436bcd3daf2a95e5578c06480,False,
urn:mavedb:00000714-a-1,"CAPN15 Zinc finger, RanBP2-type domain domainome 1.0",2024-05-17,541,"CAPN15 Zinc finger, RanBP2-type domain",27,21488897f9dfca82c38ea1871ebaa7c29920078b738ba2d18cbae62f28601767,False,1edfaf9b94354e1f8133c549407c6d313289f394ed96607e81476900ee9d3758,ambiguous_metadata_direction,,10.1101/2024.04.26.591310,53c127c2553b4dbe1d7eb632429c00d22c62da4b20895dc3425e8111e4728044,False,
urn:mavedb:00000715-a-1,CASK PDZ domain domainome 1.0,2024-05-17,1641,CASK PDZ domain,82,0ed6082c8c833da7ff492dd4d0722d902a189c6efd95ebb5d0270ce09a96d99a,False,0e496909a65a64034c8b7ea08ed851ad3799900c3bc7c6d712b7a6e7631399af,ambiguous_metadata_direction,,10.1101/2024.04.26.591310,e55d8a4730ff1657e1a78cdfb9f887bfeaad17d10c1c8057bca6a63a77630299,False,
urn:mavedb:00000716-a-1,CBL Ubiquitin-associated domain domainome 1.0,2024-05-17,921,CBL Ubiquitin-associated domain,46,8621a8c7cd10cf3ae8b7b9401b86b749abb4db12a7795fc7f14c07f7d1a31ef4,False,a8799ca473b5b1922030875b8d3e74b0849a081d2233ac3c65a898b856ded280,ambiguous_metadata_direction,,10.1101/2024.04.26.591310,9fe3c1bcf1fa7ee4e55355f5bb4b720f1dfa595722758f82b505214b62f4408a,False,
urn:mavedb:00000717-a-1,CBX5 Chromo domain domainome 1.0,2024-05-17,981,CBX5 Chromo domain,49,02d59fea3ce19d6733a8804696b9968a859a665bc9f8c18827bb5a3155cf482c,False,4589dc8cb69c3d3be9595402336a5f4168ae621b53b84a9fe2abcbed93b6c83c,ambiguous_metadata_direction,,10.1101/2024.04.26.591310,a096e4ae3d0a5eb117b50717c167965413d4ed19e7f6c7cb7485786e52fbf70f,False,
urn:mavedb:00000718-a-1,CCAR1 SAP domain domainome 1.0,2024-05-17,1001,CCAR1 SAP domain,50,0b82f6188d5638095c2fd06c4605c3666c67a9e296fe2800803e8785a99a6c75,False,35f4055ce28d22bc35b22e58ffa5d8257d3bb0f4490b728c2a156f2e6bddc2e4,ambiguous_metadata_direction,,10.1101/2024.04.26.591310,a43f6b2e42e25798a2f90ec7a2545ebc92f6da4648347f6ce5a5f6814e3131d4,False,
urn:mavedb:00000719-a-1,CCNF F-box domain domainome 1.0,2024-05-17,1061,CCNF F-box domain,53,26e118742b4fbc2ffb15d46a1b699d574d698bf211882778bebf2c2c2ba75b03,False,20662160f17c3869423ef280d20e3941a82f7d14698b019328e91501212fed58,ambiguous_metadata_direction,,10.1101/2024.04.26.591310,c74015a8f52cf8fe0f83ab42cb80fa0b773c97d29ce45788bfdb1ccce3966637,False,
urn:mavedb:00000720-a-1,CD2AP SH3 domain domainome 1.0,2024-05-17,1221,CD2AP SH3 domain,61,3d8581f8dedd0bf51be6c672bb5e16c6457c7a75fc5458e5db5b606128501472,False,32d3c76ee1c060f1d77331fd4fbcd7ba1f59da9b0cc08bb24284903e4a89ef03,ambiguous_metadata_direction,,10.1101/2024.04.26.591310,d9c66659621c3c49d6f0766d764fbacc100aafbf3f448da5227c6afce7b5bd9a,False,
urn:mavedb:00000721-a-1,CD2AP SH3 domain domainome 1.0,2024-05-17,1221,CD2AP SH3 domain,61,ef4289e74369b28cc1e5fd206a4de995769145f6292e569238b510fe1b73e17c,False,74cf2adb2bb33dfc3b0c29651aae0ee5a7bbd14f7be963f4792a7535eff62dec,ambiguous_metadata_direction,,10.1101/2024.04.26.591310,7f8014ce6bfdee179a53145c96f0bdaf4e694a21702b8874420d4131461b7f8c,False,
urn:mavedb:00000722-a-1,CD2AP SH3 domain domainome 1.0,2024-05-17,1181,CD2AP SH3 domain,59,e9a93e2893dde7f4d6719737ba601563a59904a432331e8721e2f69652e7ca77,False,b6132e436d3edca99294c264d0b30d396c4b5f48c66e7538c7f68c5775c8ca67,ambiguous_metadata_direction,,10.1101/2024.04.26.591310,1528c9fbfe2d118660c9d39e876bea2f286474923227e0fbe78789090e14b0e3,False,
urn:mavedb:00000723-a-1,"CHD3 Zinc finger, PHD-finger domain domainome 1.0",2024-05-17,1061,"CHD3 Zinc finger, PHD-finger domain",53,d0bd02026abc9995db44092cfaeabfbf97d0047c36eccc9c578895f2b38e854e,False,094cf0ad419d0248027bde73e5b74a432a03e826e5b939c20e92fd2ba2b2f28b,ambiguous_metadata_direction,,10.1101/2024.04.26.591310,ec4965162803a82acfdaf05911089b84de623e92046614125c795b72e25f51d4,False,
urn:mavedb:00000724-a-1,CHD4 Chromo domain domainome 1.0,2024-05-17,1061,CHD4 Chromo domain,53,398fda63bcb5d9f7530b941cdb7040f6e7935a1c6da9f15162d11afeab982f32,False,19a76369b28194ff90357dd758126327be88737e13676b20e9ada3cd9f3ed391,ambiguous_metadata_direction,,10.1101/2024.04.26.591310,ca0fc1f3e405e9a06254f552d6dbe692fdd4ab71b70718e3fa5d6c2a3baa6432,False,
urn:mavedb:00000725-a-1,"CHD4 Zinc finger, PHD-finger domain domainome 1.0",2024-05-17,1061,"CHD4 Zinc finger, PHD-finger domain",53,39cde8b1f024f6ea655e256dcd0775a56beb1db56f84f43162c104ceed88cb09,False,27fb866c59f838eab65ed4a815991dd1c8976fe01115ddd41836788ac84c4073,ambiguous_metadata_direction,,10.1101/2024.04.26.591310,b5d07b7e1f2dc5d1fccd23b8079707c3e8c085d17222b7c9b186000493c36b97,False,
urn:mavedb:00000726-a-1,"CHD4 Zinc finger, PHD-finger domain domainome 1.0",2024-05-17,1061,"CHD4 Zinc finger, PHD-finger domain",53,e7a09b3a2471b235090f4f9edf198d658f93a4815c51a09e9128ffb94aeb49fc,False,f8063ceca1cbf9b2e88c50b6f837ab2e982787fefedc84079412536de07f59f0,ambiguous_metadata_direction,,10.1101/2024.04.26.591310,0bab7fe884b049149a64b7e5da2c482d0491b1a8638355ab7575348ffe9a2529,False,
urn:mavedb:00000727-a-1,"CHD5 CHD, N-terminal domain domainome 1.0",2024-05-17,1381,"CHD5 CHD, N-terminal domain",69,a17d18c87596013306b5ddf4cdc96ecd6710e4b15d085c668f0a36ebbd94fb1f,False,08b0366d43e445c35e14a085758bd039888a9e1d36ec2578a6313d51ed2de392,ambiguous_metadata_direction,,10.1101/2024.04.26.591310,cc1563fe3ed9b3e1e6057404991d0ab4541ad8985bd558f1080f098580a18b7f,False,
urn:mavedb:00000728-a-1,"CHD5 Zinc finger, PHD-finger domain domainome 1.0",2024-05-17,1061,"CHD5 Zinc finger, PHD-finger domain",53,10132ea1ae9390346705acc75090299341d51435ecb0089c4c59a19c1f9d7922,False,e9aa365cf1436fb08369f88b456f9707f236731b1b2d96935d8a4404b023ba8e,ambiguous_metadata_direction,,10.1101/2024.04.26.591310,301268d4988f8eb90315592a336c2237a32fe89ce98cf01ef7123ae2dc6d0991,False,
urn:mavedb:00000729-a-1,"CHD5 Zinc finger, PHD-finger domain domainome 1.0",2024-05-17,1061,"CHD5 Zinc finger, PHD-finger domain",53,98c0d3ad859185d5a015f68d7531bc361d3be8cf8fea2027c3c9e10a90e17cc6,False,6042ade4ebed29ee4df5da1fa44ec0b98f034c77b2b80624c13a376e7273a81b,ambiguous_metadata_direction,,10.1101/2024.04.26.591310,9de402eb18230dfc99f296000d28df306f17d6b64215d0d49eb985a310607a9b,False,
urn:mavedb:00000730-a-1,CHD7 BRK domain domainome 1.0,2024-05-17,841,CHD7 BRK domain,42,5b585a7a848bc717665e52541e6e419d61c35df314ffdd4932ec14178a42b9d1,False,4849f986cbdcd8533212f7219ecf255b112831755880f8a9d73aee8e8b789855,ambiguous_metadata_direction,,10.1101/2024.04.26.591310,be1c4869ce6851fc130163b0b8fc83695c5d8ff95ce1eaebbc64acd87291df56,False,
urn:mavedb:00000731-a-1,CIDEB CIDE-N domain domainome 1.0,2024-05-17,1481,CIDEB CIDE-N domain,74,f9272ade243946f508424581af2eb4b25ffb899697461b7d88ce36612af2965e,False,9306d68629256ace7478392bc44762682cc34fd6160fd2c7dc9608ae9a54bc51,ambiguous_metadata_direction,,10.1101/2024.04.26.591310,213f3e48e765dc0bfcd67d43e25b93ac1177eec88416280d07f42d7d83d64651,False,
urn:mavedb:00000732-a-1,cI Helix-turn-helix domain domainome 1.0,2024-05-17,1521,cI Helix-turn-helix domain,76,b968e9bea59ed58554a55d55a728072081221c5ce2e6b22b7c6c3d20d385cbb5,False,4d977220aff0733c29b626e1809af286a4ed1b0cc86e5b071d83633f9f22a84a,ambiguous_metadata_direction,,10.1101/2024.04.26.591310,8cc6eda25c1553cf3d806a4a337f80f5d582619d324203d11598d7c46046c4b8,False,
urn:mavedb:00000733-a-1,CKS1B Cyclin-dependent kinase regulatory subunit domainome 1.0,2024-05-17,1581,CKS1B Cyclin-dependent kinase regulatory subunit,79,5eacfaa833f657c7552f7dc1fcb8412921fe75c09606c4e038e13fb21bc84c0b,False,29bc6965fd3211a7c934a525dd83edc8d8b549ef64eb47277130607cc9ff8048,ambiguous_metadata_direction,,10.1101/2024.04.26.591310,48a70edd8d5063d485e85e37a6bd39eccb3c153edc64540c3b294075c839738d,False,
urn:mavedb:00000734-a-1,CNKSR2 Sterile alpha motif domain domainome 1.0,2024-05-17,1261,CNKSR2 Sterile alpha motif domain,63,eb8061d93683e01c46ef47e85bd03b98072fae8454537bf634c5735e70b9fca8,False,51386f3c4dce751f64fd71db4f9eae2574b4dbf14b8eb0b71ec2600ef0b36822,ambiguous_metadata_direction,,10.1101/2024.04.26.591310,730f5cbb4ec60521b5cace94e52b9d7a55050840375da011db1966e4f0544580,False,
urn:mavedb:00000735-a-1,"CPEB2 Cytoplasmic polyadenylation element-binding protein, ZZ domain domainome 1.0",2024-05-17,1261,"CPEB2 Cytoplasmic polyadenylation element-binding protein, ZZ domain",63,8c24e9ba9fc8b31247d4295fe662e0450d664759404178efddf0ec03ecf1174b,False,710989431e03a2f776ba1e82d5082ea957363f703613cd510de4684c4596e5fe,ambiguous_metadata_direction,,10.1101/2024.04.26.591310,d646b0269340b08871a5617927fd91335cbeeffcc9feeaa2acd518d2f847c296,False,
urn:mavedb:00000736-a-1,CRX Homeobox domain domainome 1.0,2024-05-17,1121,CRX Homeobox domain,56,16817fe0ae926b5537c569cdfc905b64091a22a272bf6486a0db0b240dc811db,False,4340af0bacc1ddaf298b1187ab942aac689fbdcecabffdc2e5d12eb616018402,ambiguous_metadata_direction,,10.1101/2024.04.26.591310,bd9603bb8de3412a7c4e1bb3fdd4f7637256c4f45971d49a1b314e0bd749fdeb,False,
urn:mavedb:00000737-a-1,CRYBA1 Beta/gamma crystallin domain domainome 1.0,2024-05-17,1781,CRYBA1 Beta/gamma crystallin domain,89,12fa0e71057e2bffb090ad501beaff6235a11d96a86a48fab3f864f19db8affd,False,3f59d909d915fe1c88d579f02f341fde2da5bdf73853418a2d7ffe8224ce96a3,ambiguous_metadata_direction,,10.1101/2024.04.26.591310,34065ee55c37a361a87e1aeec2cb35c0974e78d4f7a396ab7f5f5924a9688376,False,
urn:mavedb:00000738-a-1,CRYBA4 Beta/gamma crystallin domain domainome 1.0,2024-05-17,1661,CRYBA4 Beta/gamma crystallin domain,83,2ed85b1e2f17f7fc8829aeaeb700073a0ac19b36f0360ac3217a27616bfa8fa6,False,af6c2ed673efb53388d2cb113640a5a4a11c33c6f1f98b9ca518f1d1cfc2e832,ambiguous_metadata_direction,,10.1101/2024.04.26.591310,a48864bba46d81b912d63c5cda85556c1917ef3597493a0ded7c8d83e0a3dbe7,False,
urn:mavedb:00000739-a-1,CRYBB1 Beta/gamma crystallin domain domainome 1.0,2024-05-17,1741,CRYBB1 Beta/gamma crystallin domain,87,1f9ae3fa8d8dd538b5a0789deee725942d0ccffb3cf2d70246f1a38d800bb165,False,41944635e62fc6da8a58ac896d04a71159b0365e95de0330141ac9be25c8340d,ambiguous_metadata_direction,,10.1101/2024.04.26.591310,6ad82a8a9e7fc1fd2e4f6ee3ec77fa28e78fbc47d514a0301dd7919dc3fc6d02,False,
urn:mavedb:00000740-a-1,CRYBB2 Beta/gamma crystallin domain domainome 1.0,2024-05-17,1681,CRYBB2 Beta/gamma crystallin domain,84,361cb267754e8d6397fe271613ea37a3ef412f12cfa316cf46af9a738f6ff0c9,False,ab7fc1afb8ba1ad2e27654e4e1ad70d6ef6b305e078368725fd38abc02267c20,ambiguous_metadata_direction,,10.1101/2024.04.26.591310,c4812f1177004c80175eac989d10c696a210c7113976a666e0fc0874e26a25a3,False,
urn:mavedb:00000741-a-1,CRYBG2 Beta/gamma crystallin domain domainome 1.0,2024-05-17,1561,CRYBG2 Beta/gamma crystallin domain,78,1336553eaa6ed4c9c0b2551edc2aaefe7294c00b4b2b319ec95427c431d5b737,False,965c7479826e07f8ca968ffdd7039dc731538c385f10018be126b2e38c0d6580,ambiguous_metadata_direction,,10.1101/2024.04.26.591310,2863f91d8822ac2e894edb68359d8684f8ade804870d656d5390949f5f68451f,False,
urn:mavedb:00000742-a-1,CRYGA Beta/gamma crystallin domain domainome 1.0,2024-05-17,1781,CRYGA Beta/gamma crystallin domain,89,b77e24b4c84394a39a32c1d38aafb1f1fabd3c3ab4184fc6d11098dec09ba489,False,63387ee384a612c6667d07727333b5228da9b50ad55ec1c26c03155279f0034f,ambiguous_metadata_direction,,10.1101/2024.04.26.591310,cf44cb438d774090af360ba9546ba50f960c781dc31d6e1a22df94da008e65ce,False,
urn:mavedb:00000743-a-1,CRYGB Beta/gamma crystallin domain domainome 1.0,2024-05-17,1741,CRYGB Beta/gamma crystallin domain,87,fb018b2114e401c2b682608e279f1e565d5e8f7798907d0ea0364b05b1eb507b,False,edcbb318ef0f2894012d0124381d6ed8a26e6055dad10cdecf66c84cd283a837,ambiguous_metadata_direction,,10.1101/2024.04.26.591310,2ad9c58905052b6ae774f8347ee71ecd88c3e770ed3ddcd102e5aebc1d0b1b22,False,
urn:mavedb:00000744-a-1,CRYGB Beta/gamma crystallin domain domainome 1.0,2024-05-17,1681,CRYGB Beta/gamma crystallin domain,84,4bb5f7079a5840aac09b9397f0506116b82c682e5c8d4a51f8d9cd84c714cf5e,False,c856276f361130bc36095c381f903ccd6aa27c71979272a5316dba0c64e2b250,ambiguous_metadata_direction,,10.1101/2024.04.26.591310,f4fdace0d015ab082e1ef153c2118e7d65da993e43ba05489db24213903dd730,False,
urn:mavedb:00000745-a-1,CRYGC Beta/gamma crystallin domain domainome 1.0,2024-05-17,1601,CRYGC Beta/gamma crystallin domain,80,3c3fad9eda06c5ee427b3e9865fde2f93d290b3dad8ebb3ea1b633181c492c3b,False,373a3265422851d9f2814ffa404b894d090e00da521a6b87e85cd16378a96ea5,ambiguous_metadata_direction,,10.1101/2024.04.26.591310,132c4ed5c02164489c08e13fb24db3db5fef5300e3016e552fe3d38d5e4acb5a,False,
urn:mavedb:00000746-a-1,CRYGC Beta/gamma crystallin domain domainome 1.0,2024-05-17,1521,CRYGC Beta/gamma crystallin domain,76,1447f9eb2d6476a1b4f75f288a952317e2083326dba39cfbdebbb14dd668319c,False,0f1808023ba2143546a5bb3d8c2c44a8b1d788c06b121b8a87f8f42aff18efea,ambiguous_metadata_direction,,10.1101/2024.04.26.591310,eb69d28cadc7c3e437bc6becdff8a1e196f32018eb8e97d5605aa767422ff120,False,
urn:mavedb:00000747-a-1,CRYGD Beta/gamma crystallin domain domainome 1.0,2024-05-17,1621,CRYGD Beta/gamma crystallin domain,81,7d483153c8e22438a105bfa73002fbf38b475901f73d15cf262ccf895bbd70a7,False,23bf69f5d9f9b1fa48d37cf703d8c7909947adb46221b0ad613d90afa88282a2,ambiguous_metadata_direction,,10.1101/2024.04.26.591310,f09733d7e7e18486611989dfb732a0fdaec4849ed609b47a239073c633d2d488,False,
urn:mavedb:00000748-a-1,CRYGS Beta/gamma crystallin domain domainome 1.0,2024-05-17,1621,CRYGS Beta/gamma crystallin domain,81,cbb84c1747a1e9dd6e38909875940147b6fbd5b8493e062e62514473ee7f8b16,False,17877955c0984f888570e4f41553c20aaf2ce16fa2671aeba706a1e60e8d2183,ambiguous_metadata_direction,,10.1101/2024.04.26.591310,9fd3a30e901bb68f4dec7d5fe06ccc56b205f52903e963e8796f62a81c50d46d,False,
urn:mavedb:00000749-a-1,"CSDE1 Cold-shock protein, DNA-binding domain domainome 1.0",2024-05-17,1421,"CSDE1 Cold-shock protein, DNA-binding domain",71,95d9b236ef9cc6615db30498fec43ee7717eca283bd2e2e537a55a1d0bf41119,False,5e8af597b524561b530020d82dc5bf048730a7fe46b5a41843ef59dee68d4092,ambiguous_metadata_direction,,10.1101/2024.04.26.591310,52fdf1ec72139938c2de05a21b69132c8f4e3f00ff8508131275455bf9071737,False,
urn:mavedb:00000750-a-1,"CSDE1 Cold-shock protein, DNA-binding domain domainome 1.0",2024-05-17,1381,"CSDE1 Cold-shock protein, DNA-binding domain",69,fcf087dc4e5966ad15a7a038a1005aa97c7e68686c81b3417b8f3faf0a42633d,False,87990667db1d71ae017d73a13989d2d5ff34fba3f5d83f84fa5b9bd2b5045288,ambiguous_metadata_direction,,10.1101/2024.04.26.591310,3997a33e0287ff21df9fcd706bffdee3092b6c19047b0dc1097a69eed4976943,False,
urn:mavedb:00000751-a-1,"CSDE1 Cold-shock protein, DNA-binding domain domainome 1.0",2024-05-17,1441,"CSDE1 Cold-shock protein, DNA-binding domain",72,d6134bb1e34fe054078c38798eb5cb5398de847613f4b8ac9e4c830f6cbd5d0b,False,6052025ddcacd5d6d26cd537a3e1ae0a94868191528f44cd1c5cf41501b72999,ambiguous_metadata_direction,,10.1101/2024.04.26.591310,616b18ae88ddb6bff881a9f4c01cd87a44f78684f3d88c4fadf3745296548388,False,
urn:mavedb:00000752-a-1,"cspA Cold-shock protein, DNA-binding domain domainome 1.0",2024-05-17,1361,"cspA Cold-shock protein, DNA-binding domain",68,9830a177e96b9461b0ad5ab1c648a42885b6dcc16547a3af8ea59349037599fb,False,5fe90053c3993fe7082a13b7321463a1f306ad5e795d9e5560a23c1731452739,ambiguous_metadata_direction,,10.1101/2024.04.26.591310,e18250345036b2456371aaaafc847df3c6a968afd8fb9950abbf14e0810a43bc,False,
urn:mavedb:00000753-a-1,"cspB Cold-shock protein, DNA-binding domain domainome 1.0",2024-05-17,1341,"cspB Cold-shock protein, DNA-binding domain",67,27d80e68627641f5e24efced906e06a7d8309055a4ec509a9ff9f2cb621b27c7,False,9e11e70ff940093976c2bf57a807874784b349e7b49712e2760bdbcc2d3d0334,ambiguous_metadata_direction,,10.1101/2024.04.26.591310,55dbde157282e1a8f0eddabeec9bbad7551b8226db7413d94be25214565c7b97,False,
urn:mavedb:00000754-a-1,"cspB Cold-shock protein, DNA-binding domain domainome 1.0",2024-05-17,1321,"cspB Cold-shock protein, DNA-binding domain",66,04e910309bf28f9310e73c9c7c1a94ff5c7a915ac7b9be70a98f8e08c6380ab0,False,984f4e2951e6d0da62dc1c6c1a25de0ad1e1377ff2f569ef2803442d1644d47c,ambiguous_metadata_direction,,10.1101/2024.04.26.591310,1250922f913714de1064b62cbadd61cd16b73b561f7a2f1415d8eb4fe07ce785,False,
urn:mavedb:00000755-a-1,CUE2 Ubiquitin system component CUE domain domainome 1.0,2024-05-17,781,CUE2 Ubiquitin system component CUE domain,39,17d39ae44405ef6c47cdf3bf364ec837a843856653e86acbca1be34ff990bd29,False,ccb5a03213c0b61aafb337f77164fa112a0b2f02e8ca5f06d2493e303398b3d2,ambiguous_metadata_direction,,10.1101/2024.04.26.591310,72d98a1970ce470013897a833b1ee7686f42d674a5ecd685a8cc71992035e011,False,
urn:mavedb:00000756-a-1,CUL9 CPH domain domainome 1.0,2024-05-17,1461,CUL9 CPH domain,73,540061f565bb77278331aaae245563f663a1ff98c6a56e8291dcac2a7022f375,False,a0d0f596f68c53707338717f0e186fef2b54ba720636eed4378d52ff67daea78,ambiguous_metadata_direction,,10.1101/2024.04.26.591310,587f3d518014fcb30b2769a8adeb629c30d84f938560848e8e95bb16e32deeb6,False,
urn:mavedb:00000757-a-1,CUL9 IBR domain domainome 1.0,2024-05-17,841,CUL9 IBR domain,42,fe0e60f2b3916f08c3c94c0947318aed1339d618a1d94416a0bebf5df46696b8,False,2b547a877497d555ec623c8202e6671557aac1d2e0fa07d2da8078717d4b4482,ambiguous_metadata_direction,,10.1101/2024.04.26.591310,fa351dbc9a981bc06be7b8b96b085dffcdbb10889b26a414e59e340859b3bd31,False,
urn:mavedb:00000758-a-1,CUX1 CUT domain domainome 1.0,2024-05-17,1361,CUX1 CUT domain,68,a69d113a3677aca68828dc4c511c43c874a6eade2f19bb3e8b30c2d97a3c4d88,False,e694588897aec6dea9f8a77481bdacfdc7fae1905bb3e83a0221453f7a9c17dc,ambiguous_metadata_direction,,10.1101/2024.04.26.591310,89a1fb44386d1ae6813a2a4b04edb65aef3292382690095e2aacb619a8312dd2,False,
urn:mavedb:00000759-a-1,CUX1 CUT domain domainome 1.0,2024-05-17,1641,CUX1 CUT domain,82,513f46e2e1ac222cdca953d700cb048a01dff1d6a668104e32a33a5113616bf9,False,b270a6aec062c76cc8ee2dc366fe3cf328477ba44eb79bd2d73f16ba2267df4d,ambiguous_metadata_direction,,10.1101/2024.04.26.591310,2922d0c1c811e7c1855f495db48fc56eb9c3e95af751fbf193f287fc0c02cb14,False,
urn:mavedb:00000760-a-1,CUX1 Homeobox domain domainome 1.0,2024-05-17,1121,CUX1 Homeobox domain,56,4e9c1f7ee42a1cf18f799fa431cb5ed622955649e8173acd9d158c67c961a324,False,ce86cf3ba7720b4b4fea3aac42521bbe8a33da7913cea1864a5a4ab8cab060f8,ambiguous_metadata_direction,,10.1101/2024.04.26.591310,a17e1ee06e8443682a0276520b0180d52025853bc122497c3a7a9ff00ace9af6,False,
urn:mavedb:00000761-a-1,CUX2 CUT domain domainome 1.0,2024-05-17,1381,CUX2 CUT domain,69,783a983befa202dda5827fcedd11db62e81c166f3a66cbe96b9883d89991fe64,False,2b2289499ceb710e8fff3faeb75e80aedcf610f53bb4f5f739699f957e32cb09,ambiguous_metadata_direction,,10.1101/2024.04.26.591310,67e5426d04ca0bacc44e8f203dc06cf733399057474af39e754cd30d9e123fe8,False,
urn:mavedb:00000762-a-1,CUX2 CUT domain domainome 1.0,2024-05-17,1781,CUX2 CUT domain,89,1854285b8445163a97a676aa759efef9f31e5e4d62da215ef2f85cdc14bae598,False,54cf1e9e535566a7fbf4b5421770df58407c2e45170357a8f2bf1496dce70984,ambiguous_metadata_direction,,10.1101/2024.04.26.591310,cd1b2c00f4a9508210a288ea128de4cde4d20d21b6280fa171456cf5c863fb72,False,
urn:mavedb:00000763-a-1,DBT Peripheral subunit-binding domain domainome 1.0,2024-05-17,881,DBT Peripheral subunit-binding domain,44,dfa998646edd99c6a7b3f8544722da43e58d44c8f7dc35968e2a8180d9605a9a,False,6d95863ac014feb6274140c866f4e809751468b1da65338f2a65983df9dff8cf,ambiguous_metadata_direction,,10.1101/2024.04.26.591310,bcd4da83f2e24e2e42f652000fcac3c6e0d1c100e4b4a24ca5e7bb8edb6a2469,False,
urn:mavedb:00000764-a-1,DDHD2 Sterile alpha motif domain domainome 1.0,2024-05-17,1181,DDHD2 Sterile alpha motif domain,59,2ceab73eee68602d1ce478627fa2d21759f6154d72b92aa96dc0be57c6355a51,False,eecb2f3b03ec6f49cecd0ea12d9795fd1d3c9b017d7954bea281c5aac88e0104,ambiguous_metadata_direction,,10.1101/2024.04.26.591310,3798101cdd4b14f669a844d6101e6bc6e61bb4d25e272c4b18998b56fda7d5cb,False,
urn:mavedb:00000765-a-1,"DIDO1 Zinc finger, PHD-finger domain domainome 1.0",2024-05-17,1181,"DIDO1 Zinc finger, PHD-finger domain",59,82a41e32f066458928c24ebcf86696252a3bd2f8e3820db886f775c0d1af75d3,False,93a22408e73ef39a2b05604f816e80191f269449198e85761c22575e6e8677f8,ambiguous_metadata_direction,,10.1101/2024.04.26.591310,09b90d48328cfc80b2c129cfd6036ab22c94727999c4c51eee44164c22a2823e,False,
urn:mavedb:00000766-a-1,DLG3 PDZ domain domainome 1.0,2024-05-17,1701,DLG3 PDZ domain,85,ef8ab0539577cd8d6c3a83a92f2159f534977f6dfd025703827bf70f8d67d335,False,925b5657a1b4be900ea5c5c74b2f9bf7c6e98ec433faa49731a11207dc069100,ambiguous_metadata_direction,,10.1101/2024.04.26.591310,cdeb6809fbb514e89a1cbeafe085fe69f97e0a8115ce999ffd48c6c1eab72713,False,
urn:mavedb:00000767-a-1,DLG3 PDZ domain domainome 1.0,2024-05-17,1821,DLG3 PDZ domain,91,94a659b00dc6388af39cea4ec6234c3635a36f79be8d6e36b771844e122f2348,False,13ae44169604cb32131f16d4a805bb722f2f0c85a18c484cb0f9075b9e929c33,ambiguous_metadata_direction,,10.1101/2024.04.26.591310,7335389c17f69eb1423730c265b81340abb4c711b54e322a39f84a8ebf130e1f,False,
urn:mavedb:00000768-a-1,DLG4 PDZ domain domainome 1.0,2024-05-17,1761,DLG4 PDZ domain,88,583db0ad7390e714b5db1c52e5e80b154fdf1e9fbfb804648de952aa56d4fab4,False,25b048a5e04dfe3ebbc3e6a37ee2da0bae4a90f9cca03a523bcd4107b35c5241,ambiguous_metadata_direction,,10.1101/2024.04.26.591310,0025fcdf013bbfc4f62491732c4e71795d0121e5a4b87d05114c7e7edc0dcb3b,False,
urn:mavedb:00000769-a-1,DLG4 PDZ domain domainome 1.0,2024-05-17,1881,DLG4 PDZ domain,94,adb963198f9d3ec8eb93c5c0eddde3d36cb6020d50b68f2c43b429fe7fdea246,False,5ea02f9ddbf4bb8e30a77df3d9baac2e677836858653cbc5c809202a33a10619,ambiguous_metadata_direction,,10.1101/2024.04.26.591310,2b4982f038551025aedaf998578e8626734d79018e23d3680c285dd871b89c90,False,
urn:mavedb:00000770-a-1,DLG4 PDZ domain domainome 1.0,2024-05-17,1801,DLG4 PDZ domain,90,0c92790fa932b99f744702844c95c2e82cc650c43bebfe9432ec65e149f22ea2,False,77b6652ec339fce53c216f78c47b665a440b8d55f4da49865050b747bc1e079b,ambiguous_metadata_direction,,10.1101/2024.04.26.591310,62dddfad506ea647009488761a56fda9a195fd670f58204782bf2271d619ae36,False,
urn:mavedb:00000771-a-1,DMBX1 Homeobox domain domainome 1.0,2024-05-17,1121,DMBX1 Homeobox domain,56,3890838a5cf7e09855d9fe296d212bcb9e71eb8f27371514e8daf4e258263c14,False,421bb852d60117f5f83bb374788dd843f222a1f8af54e0a0ca5528da7a8b5085,ambiguous_metadata_direction,,10.1101/2024.04.26.591310,110c2cc9c1537ff52f485cdc4a2a5d94b0794b4dbb00ad08c3324ba53269d1ed,False,
urn:mavedb:00000772-a-1,DMTF1 SANT/Myb domain domainome 1.0,2024-05-17,801,DMTF1 SANT/Myb domain,40,5343cbfbd88bbfeaea1dd1152cb04d1be923a4b7c2c6ee6ce64e49cf44f0834a,False,d1c725bf2aa53d95d5c4e4d901fd8732ff1021c555238a6e7c109dda6c588870,ambiguous_metadata_direction,,10.1101/2024.04.26.591310,70aba10b341873b8118797ee204e50253958217052bb5125b66feae84feca5fd,False,
urn:mavedb:00000773-a-1,DNAJB11 DnaJ domain domainome 1.0,2024-05-17,1261,DNAJB11 DnaJ domain,63,3a35f82e86b41de5d2e3bbb00949743ab2bcb43dfa00b5935e071a8449a06926,False,d3ae10eedd0cb0618241f6b23d42299eee2b92477ccc9c12c46f8e674a4ab12d,ambiguous_metadata_direction,,10.1101/2024.04.26.591310,3f97c23a16eefedf0cede6230f5c163b390c5861d45cc31dbc8f2717296d7a7c,False,
urn:mavedb:00000774-a-1,DNAJB1 DnaJ domain domainome 1.0,2024-05-17,1241,DNAJB1 DnaJ domain,62,87fc6439a0a1bc96557f5bdc2297253abd5252eb4395a2d3c7568fe799fe8ee8,False,169e87819501f945f61bda75866447ee6b266761451d890ac06b6e3c4046fb3b,ambiguous_metadata_direction,,10.1101/2024.04.26.591310,e2b03ffe86bfdfedfb39eff67a1d9ab67d37b4340a7a891b955089e8d9023ce5,False,
urn:mavedb:00000775-a-1,DNAJB5 DnaJ domain domainome 1.0,2024-05-17,1241,DNAJB5 DnaJ domain,62,839fc99e926a5e740a0e38e24ddaefd8e8de82c1501349194257008da724ff15,False,53c54b2925dc70d167c75f7dd8b1de0209efe9eaa17fca0cd85d63f7de7a7626,ambiguous_metadata_direction,,10.1101/2024.04.26.591310,4fb8dd99add9ced85f48a88c6230d31b33259710170009ab52ec254b3f07195a,False,
urn:mavedb:00000776-a-1,DNAJB7 DnaJ domain domainome 1.0,2024-05-17,1281,DNAJB7 DnaJ domain,64,f83eaa0af16b57e911ac717a061dfe154a09fc131a23d6a9ff04f5e6e0398ddd,False,fb6582b443c6967e9eafd8a32ac9c6a75e8d056dd397f7dd4437f57b0db0f988,ambiguous_metadata_direction,,10.1101/2024.04.26.591310,63011583f0a04cd4951a20f72a2d492299e6a94cc41e0e6acd5b0755366d2d4e,False,
urn:mavedb:00000777-a-1,DNAJC1 SANT/Myb domain domainome 1.0,2024-05-17,1021,DNAJC1 SANT/Myb domain,51,2703d976d4f6eff2e42378294f7403186e459608930e451811c81c3d4af53031,False,bb9796b02e399826826aada388347de212bc103ac796d2687e9eca3d5d3eb85b,ambiguous_metadata_direction,,10.1101/2024.04.26.591310,f0666680bb2792d967a988e7b4af9c9826cbb2f7c9f2ffb9196d3388a77edda0,False,
urn:mavedb:00000778-a-1,"DNAJC21 Zinc finger, double-stranded RNA binding domain domainome 1.0",2024-05-17,501,"DNAJC21 Zinc finger, double-stranded RNA binding domain",25,dbbcd5d3bbffe30b42c3cd35d38513a9d3fbf1a5cb744db5a5fffdf33d9f6772,False,f16df4951ee8e20d523d513b09a443a13b07bac1807e212a5345e4539b572e78,ambiguous_metadata_direction,,10.1101/2024.04.26.591310,b8aeae403be241c5a6044c13f7802b935f0c426a01e674079ceebc61e0a8f126,False,
urn:mavedb:00000779-a-1,DNAJC2 SANT/Myb domain domainome 1.0,2024-05-17,1061,DNAJC2 SANT/Myb domain,53,7febfd8b4c1b7b9612d8196ba7fbf7f0f4c33257fe0f4c5e4a7491cf0de37060,False,4369b60d7bb9ea84f6abbf39aa614c9f9d00fe39600671f345bcc4bc6eb995de,ambiguous_metadata_direction,,10.1101/2024.04.26.591310,ee5dea5049ec173e51c06e647ad2cb776e637619957995517f1e124ee5267537,False,
urn:mavedb:00000780-a-1,DNAJC5 DnaJ domain domainome 1.0,2024-05-17,1241,DNAJC5 DnaJ domain,62,e453638bd07d9037dd0c7bb532d824b40087cfa1b60c770fc1042d53cbc0b4fc,False,a8a9cdf7f11f24889ad0f37637172e0b34fe392b657c8ada31c593d4f9357875,ambiguous_metadata_direction,,10.1101/2024.04.26.591310,d60baa2f2c901cc255bc424f23c8a5c35fce44f0fc8448f22bfc4830960de65d,False,
urn:mavedb:00000781-a-1,DNAJC7 DnaJ domain domainome 1.0,2024-05-17,1341,DNAJC7 DnaJ domain,67,9d7ab7af2de98d59389667f675b7ca76b2b6ae98338055ae692d836e5e152d55,False,60d4168e43c4977df4d988c64e84219f700193c06f8cc65e47e680ac70e1536d,ambiguous_metadata_direction,,10.1101/2024.04.26.591310,a260f5bb1c3c0e65041c84df6a0ec950411cc94ee26a232d308d17e19838e7e6,False,
urn:mavedb:00000782-a-1,DNMBP SH3 domain domainome 1.0,2024-05-17,1261,DNMBP SH3 domain,63,207ac60b3980295ae56d60b4263f0a82a760756253723bea35ff5f0d9acc7730,False,680ccf38b3f45dd1d5041367368a064c312e7e5456d33239a7c19ab66c7af825,ambiguous_metadata_direction,,10.1101/2024.04.26.591310,f874648391205e478c5299c368ff31a3f2c385e47092f17cf82d41989f68f2d9,False,
urn:mavedb:00000783-a-1,DNMBP SH3 domain domainome 1.0,2024-05-17,1181,DNMBP SH3 domain,59,e91528672378ebe7d72d34c992771c53b5093dfeb89563283485f72d5496d8bb,False,9aa559de9f7a1bdbc9ee4522ac43f31ae9ff1e50f61175c949aec90b2eda1622,ambiguous_metadata_direction,,10.1101/2024.04.26.591310,20c0d1ecc54c5c7fdcbe33785352f0b83815ca4fc9cb177f55c2b264ecb58fc3,False,
urn:mavedb:00000784-a-1,DNMBP SH3 domain domainome 1.0,2024-05-17,1221,DNMBP SH3 domain,61,340cbbfb1cc5bc60a274c32572e3abd79ce0cec5df21f03b95a667a5597513cc,False,094b1c5faa622c00a71de57e039fa49c8dabddfbae4273979fd8cafb2432d29b,ambiguous_metadata_direction,,10.1101/2024.04.26.591310,269908b6668a47af966b0b36a478d554e28b06f0526d42f8a22a4c71beefb3fd,False,
urn:mavedb:00000785-a-1,DNMBP SH3 domain domainome 1.0,2024-05-17,1181,DNMBP SH3 domain,59,a430be0ff59399882f58ba6a38c6dbb5ccfc2e331b17293b022f6af7a6787690,False,fedc56e45f76e70001d30ca90272bd39db1392877933f18966fd4d262b2641c8,ambiguous_metadata_direction,,10.1101/2024.04.26.591310,4d8f917f36048ea11e35b88f6d4faa84f13813198ba906c3e93854fa63dd19ef,False,
urn:mavedb:00000786-a-1,DPH3 DPH-type metal-binding domain domainome 1.0,2024-05-17,1101,DPH3 DPH-type metal-binding domain,55,90421c11b341aea88c35ce469552a53ef846c5cc5b7c8e0a1164bc479b6e5816,False,a4c449d1225795b84f6e0f6959eaa46805fd87cdef70987f9ac00f1a3d839776,ambiguous_metadata_direction,,10.1101/2024.04.26.591310,89a50e11b0f7ddf760743aa02eb280440890fbd3cff1630cf4bc08e1de17c6d4,False,
urn:mavedb:00000787-a-1,"DTNA Zinc finger, ZZ-type domain domainome 1.0",2024-05-17,1201,"DTNA Zinc finger, ZZ-type domain",60,f21e72ee5f91f01f5ef046fcbee43a65c9ec834e6553becf25699377506cdabe,False,29e3a8600ae84635ce072171b720c84e390b85609b781a472e6c3fd18a91660f,ambiguous_metadata_direction,,10.1101/2024.04.26.591310,6ad46322104ce86145a38c78879ecbe1be6cb28575f81a2062af43792d379689,False,
urn:mavedb:00000788-a-1,DVL1 DIX domain domainome 1.0,2024-05-17,1561,DVL1 DIX domain,78,d047661f97c2f11070d31a4b2987441c6448ae738509c40a1fa9a9dc39ca50a4,False,229c33184e7842e09cacd11cb9ea52e2c735b86eb0d66fe8128064640ec4179a,ambiguous_metadata_direction,,10.1101/2024.04.26.591310,c66faa0f001469024317727aedf476d82db83dc6535b9b87ce0b44d519aa96ac,False,
urn:mavedb:00000789-a-1,DVL1 PDZ domain domainome 1.0,2024-05-17,1861,DVL1 PDZ domain,93,4d7fdab36aff360f4481eb5ebc7eedd389163e7fcba4b2128277dcb0329bf1a7,False,bd495e9636a7a85629ada63be6ec69abc9c4e6c66b80f38850d7ea3a78a1f226,ambiguous_metadata_direction,,10.1101/2024.04.26.591310,b34c4dfbc5602979f17e0ae67733b433ddee8c55664507a011201aa4163493da,False,
urn:mavedb:00000790-a-1,DVL3 DIX domain domainome 1.0,2024-05-17,1601,DVL3 DIX domain,80,290ce5332cf70381e306bee739e3508939e634bca6fc01a75c9cef40cabbdfba,False,4128101e5f481046839083ccc672ecd266b9f5652d6edfdf6bd4ebf1814ab389,ambiguous_metadata_direction,,10.1101/2024.04.26.591310,f2343b5911704d1a66731460b583052b7ae5587198e6f3542af39fbd8e0cf250,False,
urn:mavedb:00000791-a-1,ELF3 Pointed domain domainome 1.0,2024-05-17,1641,ELF3 Pointed domain,82,2e48ac06c175b3d05ae8d60723c79269b531ae978e250c1750759658bf936c7a,False,57daac9a5d7ee565e6ae251c9b75dbf786e72c9f1567855b0cea4c184eacb0fc,ambiguous_metadata_direction,,10.1101/2024.04.26.591310,3624fc4ff50a3416763858d287e7758a05f8b9ac243bb88e603fc3c91d1a53d2,False,
urn:mavedb:00000792-a-1,ELF5 Pointed domain domainome 1.0,2024-05-17,1661,ELF5 Pointed domain,83,eba4577fe34febd58408877b9c601a8c131bd654526de482bf5f3faaacc115b2,False,a599f426ca79fe17bc6fd917834b42b3e3a10c9703be580e9787954fead00087,ambiguous_metadata_direction,,10.1101/2024.04.26.591310,41370e9630da742eb2fb74901adeb11f9cacf6a075e7af0c27d2a55c28beaec4,False,
urn:mavedb:00000793-a-1,ELOF1 Transcription elongation factor 1 domainome 1.0,2024-05-17,1541,ELOF1 Transcription elongation factor 1,77,ca7d9fa6dcdbbca5e442d72f0285a194a6fc12db30c8b0488504031c67292ac3,False,bbff1fd5e2f17b341889f6f22cb1a4168a6408ce04a0b684009799d5cf4f2f41,ambiguous_metadata_direction,,10.1101/2024.04.26.591310,35e25899144247b67415628ec96775fe733f7749506852448c54225fbc81e1e0,False,
urn:mavedb:00000794-a-1,"EP300 Coactivator CBP, KIX domain domainome 1.0",2024-05-17,1681,"EP300 Coactivator CBP, KIX domain",84,7922d58c1f25d29de4797fa848cf7816a1135b52b4e776a242eb9790c4181061,False,830c1033f725b76e2f6e0b917635adf9d394d9cbd755fb96b7a64fc40e1e3f9e,ambiguous_metadata_direction,,10.1101/2024.04.26.591310,98d623e132b699d47a721d1bc9ca6db176a605bb825f7e71fc54839c9d636ede,False,
urn:mavedb:00000795-a-1,EPRS1 WHEP-TRS domain domainome 1.0,2024-05-17,1041,EPRS1 WHEP-TRS domain,52,67011c1a3abd98c986826670040d0171ccb6aae21df7799e68be46f4dd404bfd,False,184ae3e3e73919d790dfe59a78c045e11901fb08b04cac7d275f6815efbeea9a,ambiguous_metadata_direction,,10.1101/2024.04.26.591310,c674be2eac374fc2305d323ea4a742eabf56437b29c57106369277ffbe88bfc8,False,
urn:mavedb:00000796-a-1,EPS8 SAM domain domainome 1.0,2024-05-17,1181,EPS8 SAM domain,59,ab41538c562defb804b44c164d1139b5bcb6fd14562b8f343b674add721bfac8,False,2f05348970f1b84554ef96d83d4034d843b3d1b48b2662cb8c3891f9f134ecc8,ambiguous_metadata_direction,,10.1101/2024.04.26.591310,8ebaf542f87250eaaced05648797f4a78bc018eb39bf6b855994e35fb21c14fc,False,
urn:mavedb:00000797-a-1,EPS8 SH3 domain domainome 1.0,2024-05-17,1161,EPS8 SH3 domain,58,b9842b6ab508747285556306a6e84f0e0c636bf71218e154d853f4698c6120bf,False,18b6877d274a5fee7ca1e1a8e4fa7ceb404774b8afe0fe6c4b718599d0bf393f,ambiguous_metadata_direction,,10.1101/2024.04.26.591310,34a78a2dcdcd06b29daebf365c4447d93317d03444e61e4f11b3ae9e95290729,False,
urn:mavedb:00000798-a-1,ERBIN PDZ domain domainome 1.0,2024-05-17,1801,ERBIN PDZ domain,90,c47693fc7690822c91754044d5457ea2e49b8b7bea9cd78604f0a14313cd5cc6,False,6232b57b8f3ca8af3e4e0ea50f820965ba10c03470fdae71da3a288fb4ce2599,ambiguous_metadata_direction,,10.1101/2024.04.26.591310,db500e6b5fbcf81e1457d66794333cd3b0e54223f7ac6da286d2a00537b4bfcb,False,
urn:mavedb:00000799-a-1,ERG Pointed domain domainome 1.0,2024-05-17,1621,ERG Pointed domain,81,43e27d0348bd951bbe17110396d1d9f7da0bcfd037c7b661aa98f3066c6b74e9,False,f8d7e96e6e7c2e590a14a79608cc01d8bde5b293e8f8a6705333b4b535cc3c84,ambiguous_metadata_direction,,10.1101/2024.04.26.591310,17e816804690ce606ebe15b90b97e9526c52f74f6218408ee036420352b843cd,False,
urn:mavedb:00000800-a-1,ERI1 SAP domain domainome 1.0,2024-05-17,1001,ERI1 SAP domain,50,6d0f9b5d3806f5b3afe1e37e197060f90d542a9afa25ebd69b7b523bf69d60be,False,f5248c1695c809b46f7ba943e1952710e284daddf18f5b628cab391e885da7fe,ambiguous_metadata_direction,,10.1101/2024.04.26.591310,8d7b7352987ebd48fdf21e0c9a43a5e28260ae56021b0744fbb112afae7d4a8f,False,
urn:mavedb:00000801-a-1,"ESRRB Zinc finger, nuclear hormone receptor-type domain domainome 1.0",2024-05-17,1541,"ESRRB Zinc finger, nuclear hormone receptor-type domain",77,311b488d7d229216310a852ee4d70bcae39deea51a16043bf0ee7012a07e5057,False,5edb45852b57f4404814b5012b48aed2e96fda4fd4592053743af3c34e704099,ambiguous_metadata_direction,,10.1101/2024.04.26.591310,f52b87934de036ffe74cd7e6dac852b04c5ec7e238670d434005ab94f6b70fb4,False,
urn:mavedb:00000802-a-1,ETS1 Pointed domain domainome 1.0,2024-05-17,1621,ETS1 Pointed domain,81,734c9040c4edbe8d7e415581d244b90d5a66e38c1c6b945c556532fc6c539eec,False,17a3785800ef1fec048ad6dd41380865e5966d23c55794074e4d1917e5568f5a,ambiguous_metadata_direction,,10.1101/2024.04.26.591310,7efc5f54abf3fb1c9ed586592d603366a970570a12e5a10a90d345518c793a88,False,
urn:mavedb:00000803-a-1,FADD Death effector domain domainome 1.0,2024-05-17,1721,FADD Death effector domain,86,343d8055e9d98f02a04cfd6abe8f851dab69e1df720467a238caff9acc4c7cf5,False,3d110a911234367b6435650fe95b8d672f6f95a38587404ef6e43e6db826b98a,ambiguous_metadata_direction,,10.1101/2024.04.26.591310,4c25de41e19d70b27f00b4ea1be59801db8e5d56bd42cfe4bff544a30014b5e7,False,
urn:mavedb:00000804-a-1,FANCL FANCL C-terminal domain domainome 1.0,2024-05-17,1341,FANCL FANCL C-terminal domain,67,587d7c73d4c7e1eb58fb98d3d4927d226720886e303050c6e3cad71c8a9453b3,False,171d1319a50574f239f0d31b296457bb5cde93dd38118b9e602b24b8f8ba1f40,ambiguous_metadata_direction,,10.1101/2024.04.26.591310,b5fccb93b63c96d0949dce8745ee2b7f87e804ffb6c1e43886b2f555ba3adf05,False,
urn:mavedb:00000805-a-1,"FBXO11 Zinc finger, UBR-type domain domainome 1.0",2024-05-17,921,"FBXO11 Zinc finger, UBR-type domain",46,f298893cff0cadc250e8687030927a20225739c84cffd3577b3460cff939936f,False,11022df7111d74695ab2f41055fba3b6a353d5760b66fed46840dbc562509a5a,ambiguous_metadata_direction,,10.1101/2024.04.26.591310,ebfa107106db03c409a45597f49e4315b0763c4c98d65bcd74d10fc3501f0fda,False,
urn:mavedb:00000806-a-1,FBXO22 F-box domain domainome 1.0,2024-05-17,801,FBXO22 F-box domain,40,6b7c7a5029e875d455176e130121890c7268838b17024948c1c3272b64e12f18,False,88a77639871d1a660b2a012d8819356b0ee50202d34d3dee48ef76a578b5b1be,ambiguous_metadata_direction,,10.1101/2024.04.26.591310,3f2e93f76d97dc1e433ee83c8f9ee18f5bf8799e7ff7ed6dfcec6aded211cb47,False,
urn:mavedb:00000807-a-1,FCHSD1 SH3 domain domainome 1.0,2024-05-17,1241,FCHSD1 SH3 domain,62,de95430d59968f67a0e699c2560225af359cd471010568b06cb657c0a57679d1,False,9cd66105cf43f1b22055bd01313b3430b1d82ad272a2cd7d1103794ad09bd8c7,ambiguous_metadata_direction,,10.1101/2024.04.26.591310,f3b2d02fca091146bcd4e6ae80f23ebf1137ad25ad4fe7d9082ae5e71c50ac66,False,
urn:mavedb:00000808-a-1,FEZF1 Zinc finger C2H2-type domain domainome 1.0,2024-05-17,441,FEZF1 Zinc finger C2H2-type domain,22,db0eff76e4c13c67270d806865e2955ac488149bc73c0903290a7033f0b433a1,False,8b68ba6ea4d7f5087ebd48188c6221aa5a6a975e5671b633f76490a6d2ec0dd0,ambiguous_metadata_direction,,10.1101/2024.04.26.591310,0cecf33c7e27e604f7b3b1ede8a58313241f8f664436bd3c5eaaa89a686558ba,False,
urn:mavedb:00000809-a-1,"FHL1 Zinc finger, LIM-type domain domainome 1.0",2024-05-17,1201,"FHL1 Zinc finger, LIM-type domain",60,15aa898a554fc8897fb79bdd965ac3496e573e87de5f791f93966d1323a56e7c,False,b59c410a607810a0444f7a0e57d813f6ddd0b192fa6a78110c24af2822c004fe,ambiguous_metadata_direction,,10.1101/2024.04.26.591310,c3ae96b16ce151830e8bbe27efedf471e434ea5d1d2505d758c62e795e4608e5,False,
urn:mavedb:00000810-a-1,"FHL1 Zinc finger, LIM-type domain domainome 1.0",2024-05-17,1121,"FHL1 Zinc finger, LIM-type domain",56,5daaa47ac32e9faa9513c82636c610674a7fae48e841c22db983e5d141985ea0,False,f41ea691914f975afa81b986c259bbdbbe4fa12b0c3c4281b27f9fbf7d02338e,ambiguous_metadata_direction,,10.1101/2024.04.26.591310,bea21f50724b60557406a86663b39e2ad9c7361e026b4af76d5881bdb0fd209f,False,
urn:mavedb:00000811-a-1,"FHL2 Zinc finger, LIM-type domain domainome 1.0",2024-05-17,1201,"FHL2 Zinc finger, LIM-type domain",60,2acbebc5ad0a43b4e47a70738125eb86e132b4b414edf70ee93d93dc303823f7,False,aee0204c9eae6e0270a0c06a12da919d20132fea6616b2ba68935f416d673155,ambiguous_metadata_direction,,10.1101/2024.04.26.591310,9f6dfa526234bf0a63de310f58470a049a634ed12de8e464706da6b523dd59ff,False,
urn:mavedb:00000812-a-1,FLI1 Pointed domain domainome 1.0,2024-05-17,1641,FLI1 Pointed domain,82,fd4f4c70f2b858d4dfb41870a7f25965e9d9e6a67ce39b5572b3718b8bcf6e27,False,44a8eab8c5724d1c2da90d6ddc2a80dd5291bc58a62cdcbcd67c3e17315e84d6,ambiguous_metadata_direction,,10.1101/2024.04.26.591310,3d6ce995e0098381243584dd39e7db8d067ba942bfae12477a3cd7830caee5e7,False,
urn:mavedb:00000813-a-1,FLNB Filamin/ABP280 repeat-like domain domainome 1.0,2024-05-17,1801,FLNB Filamin/ABP280 repeat-like domain,90,df1fde84f566df50a0cea0e1f7da15bd28a0b3dfbadeb4376d430b0b82386aaa,False,d4bb0168de5dc24ccb9036897316b0093950e2e4ca99fe2af9ce5956973c8075,ambiguous_metadata_direction,,10.1101/2024.04.26.591310,b1c6a8105aadcaaec495e3630a7b930e1a6fed17ea55ed5453b5f77ddc5e3c59,False,
urn:mavedb:00000814-a-1,FLNB Filamin/ABP280 repeat-like domain domainome 1.0,2024-05-17,1561,FLNB Filamin/ABP280 repeat-like domain,78,b249d3aafa96c09bad799d40a8aca4774bbaa614c8a78db55e23f129fb59bee0,False,6d8843fbd4f49cfe991ef43e4b95504e689fde322e79952b3c58bf99373791db,ambiguous_metadata_direction,,10.1101/2024.04.26.591310,b1d50e65b1644bc83cc8edbf34f15d58db8c2663ba2026a771ec3183d62b401a,False,
urn:mavedb:00000815-a-1,FLNB Filamin/ABP280 repeat-like domain domainome 1.0,2024-05-17,1801,FLNB Filamin/ABP280 repeat-like domain,90,c4e1cffd9121e55ba78655d2ebef39351613fe6818a1f0d53716f5c924e0e1d1,False,51bd68069ee750c7a7fee34c2b939436d20c132eb1d9ad945f38bffe60ba8ef5,ambiguous_metadata_direction,,10.1101/2024.04.26.591310,dc5c0b6b715beab1f668f370c0dceb67f2ca27ea585d55b2cb476e7ab22c7d8b,False,
urn:mavedb:00000816-a-1,"FMR1 K Homology domain, type 1 domainome 1.0",2024-05-17,1321,"FMR1 K Homology domain, type 1",66,554d1da9cf6d676133c0d78e5aaba7a32768783db61154e12b2ab1209f929286,False,30cd71c81b51ad498c0028605be24a39d40f261bdd991077361f09bc54cdfff1,ambiguous_metadata_direction,,10.1101/2024.04.26.591310,de35840a596c2b19673e379723d72248c98f2691692f56ab087d1a7634d8aafa,False,
urn:mavedb:00000817-a-1,FNBP4 WW domain domainome 1.0,2024-05-17,1241,FNBP4 WW domain,62,852aee99fbf954160d7a16bab5e15e7dd63f49c1c50b136e438200a01df639d3,False,df5ebbdff1de094b11de952798189230a55942fea7fe2f51190e3e46dca7f9f3,ambiguous_metadata_direction,,10.1101/2024.04.26.591310,1401212a0762ea62d1aa30ed002ace6637a4f7d0b374ccb3bcb129d9fd41c696,False,
urn:mavedb:00000818-a-1,FNBP4 WW domain domainome 1.0,2024-05-17,881,FNBP4 WW domain,44,86d82220e5e39914a50ef712178ad3c42f15f5419ca7362fa0b797ccb539361a,False,23533e52125cda42735f252a2de955e8ad7bf3dfdd8f7520092006200e35bab4,ambiguous_metadata_direction,,10.1101/2024.04.26.591310,d569771a7074b0c7df0d3daaee8ef1e53197b9af1d8d8cc0ea6830bdda73c251,False,
urn:mavedb:00000819-a-1,FRMPD4 PDZ domain domainome 1.0,2024-05-17,1601,FRMPD4 PDZ domain,80,87f58659edbc482b0bfff2213adc3b25e9488dca80f6b6cc4f15df7da7bf7aab,False,017747d66c6897634e0f3f382c4184168b9942e35ef51f605477c0d56af8bbc2,ambiguous_metadata_direction,,10.1101/2024.04.26.591310,474fc7269f9d6996503f4d176db43e968829c76cd081dde72abe6b8479be22c3,False,
urn:mavedb:00000820-a-1,"FUBP1 K Homology domain, type 1 domainome 1.0",2024-05-17,1481,"FUBP1 K Homology domain, type 1",74,28025eeb661100a04eaaee798dcd04fed9fe8c13e126a29d42ec338a47b8014d,False,63e724cd743e1d318d1ca58b11d7c5d41fa8a5b92728d6ba91ad033e8d683763,ambiguous_metadata_direction,,10.1101/2024.04.26.591310,2639ed2b285b031d951c94d65bd39b9338697c889201dd3283a78e289c1890e6,False,
urn:mavedb:00000821-a-1,"FUBP1 K Homology domain, type 1 domainome 1.0",2024-05-17,1441,"FUBP1 K Homology domain, type 1",72,0a871b83abac36260a3ff069ca76abbda623eb7d46985250b06a0bdca358be32,False,3ede9228643157f386436f4fa4a95e19b9921723b071273f83b734c1bc557757,ambiguous_metadata_direction,,10.1101/2024.04.26.591310,074a9b9590848d7e3e6f411c1906301e57280ce0c0599f32a4f1d6714bc0e3fb,False,
urn:mavedb:00000822-a-1,"FUBP3 K Homology domain, type 1 domainome 1.0",2024-05-17,1521,"FUBP3 K Homology domain, type 1",76,ac50461214cb68e73e3b54fcf33f530ebdbadb62223059c1061c0697b496b5bd,False,4764697d77d24d4b3bb79331c053ccbe4af218c95b3e7d95083492b044a66032,ambiguous_metadata_direction,,10.1101/2024.04.26.591310,67cfba0004c1e05ee37a0b7608004a428816909607c54a98b7aa081c8c4807fb,False,
urn:mavedb:00000823-a-1,FYN SH3 domain domainome 1.0,2024-05-17,1221,FYN SH3 domain,61,4c913494c94f02b48b7d13e33b0ec1356af9d643160ffb83a4b110035651c003,False,5d9180056063f6b9f27bee8631e8a18284f5d220605a159bda521b538f0c31d2,ambiguous_metadata_direction,,10.1101/2024.04.26.591310,fd0ac8ed23b3b6c20962a81725790c55dc9cf974b253af6e7743e8ee445140b0,False,
urn:mavedb:00000824-a-1,GABPA Pointed domain domainome 1.0,2024-05-17,1581,GABPA Pointed domain,79,fcab2de581ccf9026e3f436d5b94599bc9f8808f306f5689bd3ac46227c3e71f,False,a624ab9ea08b3398f12b4901ba6b4d4edcdea6e9b8c5a48ab44d37d2e675a0fc,ambiguous_metadata_direction,,10.1101/2024.04.26.591310,a1dee2cfb7924197ae37979197e71db918be7b75c9bc9e4be47e218b55270110,False,
urn:mavedb:00000825-a-1,GAS2L1 GAR domain domainome 1.0,2024-05-17,1361,GAS2L1 GAR domain,68,68bcd9e6904d9a1a87621e844a8b99e4f22f8212caedc6774968252de4ecd093,False,08c8647a10aa8ec3d8b024b85c90791348933c087f20d3f51b870f0b4a668c76,ambiguous_metadata_direction,,10.1101/2024.04.26.591310,5f9bcb10bb15e37f1c081966d49b736c790364ed9b238418c0731a40d00076fe,False,
urn:mavedb:00000826-a-1,"GATAD2B Zinc finger, GATA-type domain domainome 1.0",2024-05-17,821,"GATAD2B Zinc finger, GATA-type domain",41,17668b03496b1078419121753606fd26aa7e09c1e81c7c87dfc9329ce5c394bb,False,9def3b96f8b647d614aabe2a643e2ce8f950c487a591274afddbf4ea5ac139bc,ambiguous_metadata_direction,,10.1101/2024.04.26.591310,26f89c15d94d9cb13624b45999b5a72c13b72e7a4fa048e77b8520603e176a3b,False,
urn:mavedb:00000827-a-1,GFI1B Zinc finger C2H2-type domain domainome 1.0,2024-05-17,441,GFI1B Zinc finger C2H2-type domain,22,d7a5299dcf4dc79b8c092d9ef8cbc2b0adcd6d4afeb3bbe9377583fb92a19892,False,4c4758dc1707eb4f1280c7c976faccf77d372554c0244b133aa734865821d87d,ambiguous_metadata_direction,,10.1101/2024.04.26.591310,b0330f3f46552ccaeaa5d8aca75ab25fe7e55b808dbadda4496f778f3166d410,False,
urn:mavedb:00000828-a-1,GFI1 Zinc finger C2H2-type domain domainome 1.0,2024-05-17,461,GFI1 Zinc finger C2H2-type domain,23,b7f441dd2da0d55837c755790a3db9ea695ac0db24ab13c6a0f66004fe2a9fcb,False,6fb07ea626e2c2900a6818dd2fd06dd759baee3dc6849fbdf7e349ae72ca96c1,ambiguous_metadata_direction,,10.1101/2024.04.26.591310,e8c8fc7948563054e7f6cd3e094989091ee7bc8a84d1837202b1b41d96a8b9f5,False,
urn:mavedb:00000829-a-1,GFI1 Zinc finger C2H2-type domain domainome 1.0,2024-05-17,441,GFI1 Zinc finger C2H2-type domain,22,ec9757907d7fedc795818c818a99fd48273d5a09dbf39e67743d2b1f9e574f2e,False,bb6be27e6b318957a17c271aac73424effc1d074edd793f16b8688e4590355cb,ambiguous_metadata_direction,,10.1101/2024.04.26.591310,4807aceeb92886d8a461db152c761379d29c21c1fd57af8fda04ca19a748e474,False,
urn:mavedb:00000830-a-1,GLI1 Zinc finger C2H2-type domain domainome 1.0,2024-05-17,501,GLI1 Zinc finger C2H2-type domain,25,74b7311b012a7a96e8da516e0cfbc336292ab80daa042d67d52f4e423961d51d,False,22a82a0cc15a7ff24f12777a8f251214806fd3bdc9992422f380c3926035613a,ambiguous_metadata_direction,,10.1101/2024.04.26.591310,001b4b6df275b0457593e6a4f691486108f673feeaacac2e9a2eba67a691d567,False,
urn:mavedb:00000831-a-1,GLI2 Zinc finger C2H2-type domain domainome 1.0,2024-05-17,501,GLI2 Zinc finger C2H2-type domain,25,266991531e22436cd7c90fd19c07f57af5e0082da5cd4dbb58fa3d7142e262f6,False,b3d78550f71da8d513bb2747d587194d348794a9b3088266c881af3b695ec612,ambiguous_metadata_direction,,10.1101/2024.04.26.591310,cc0e114474ef41a74c317c83bd1b14d3d8d491f3bf6617f7fb89a5d4e91b6a64,False,
urn:mavedb:00000832-a-1,GLI3 Zinc finger C2H2-type domain domainome 1.0,2024-05-17,501,GLI3 Zinc finger C2H2-type domain,25,90183eb431ba10e0b5e3bdf273e5ede7808b725956dcb4671dc71ce779304426,False,554bdce68c6343d691b54d4ab33a2c1efb54f90ea035506e5e9f00cf78386fb7,ambiguous_metadata_direction,,10.1101/2024.04.26.591310,c06fce279643775ac7f85c825116e49a77c74b778fcd51750394f82bb5b2ba95,False,
urn:mavedb:00000833-a-1,GLIS3 Zinc finger C2H2-type domain domainome 1.0,2024-05-17,481,GLIS3 Zinc finger C2H2-type domain,24,449f24de8c2eb550e626cad62f9aa2e9171a6f198b9b3b114c4fb1fbae1f9a96,False,a1001f87f54c1c6550d5ea957af8c699c0e773a78d84498d90567eb7cb2f281f,ambiguous_metadata_direction,,10.1101/2024.04.26.591310,0d3c14a8c0e217785b423372b7b6b5e6e34d08ba045c5bb62c6d3546b361ca1d,False,
urn:mavedb:00000834-a-1,GLIS3 Zinc finger C2H2-type domain domainome 1.0,2024-05-17,461,GLIS3 Zinc finger C2H2-type domain,23,0a3ba673a0ee4e6828e7e5ad5a272c5958c5e021ff79837b9e544969da5b8c8a,False,77f6c4e4cdfc1aa5277456cba1e5d1201aa9d24267cb3c6063ee0c35254c5c96,ambiguous_metadata_direction,,10.1101/2024.04.26.591310,f8596076189e0435632cdb35b01ef856b257eff880b91b87b4173d2b228c5847,False,
urn:mavedb:00000835-a-1,GRB2 SH3 domain domainome 1.0,2024-05-17,1121,GRB2 SH3 domain,56,bc2932bb336e55ce6b4595d80b853f3d4cefd87aa92bf1f6a93533e655622274,False,1b5eacde8da718a4ae12c7dc5c9c01624a975fea7ebe4745512369391771ffe0,ambiguous_metadata_direction,,10.1101/2024.04.26.591310,9eab9d5796d12530d865a89955bff59c7fe507a8a0f1b5e263816c1b25d30ce1,False,
urn:mavedb:00000836-a-1,GRIP1 PDZ domain domainome 1.0,2024-05-17,1821,GRIP1 PDZ domain,91,378111de579295cb81d42c1bb47bd4db24458256212dbd6107b69ea97a715008,False,a2473a6226738cc054e22d5513e1bb6e0f2eb7f01bb9e630d77f481a0bd17319,ambiguous_metadata_direction,,10.1101/2024.04.26.591310,a0f76a51bd9c0fd6a454e7dacf0a8ad76bcc6d89c865014393a72d34f1c6c096,False,
urn:mavedb:00000837-a-1,GRLF1 FF domain domainome 1.0,2024-05-17,1261,GRLF1 FF domain,63,6996f3a8871e6dbd862020ba6608e42b916be31096b2556a780d85464ee03d3b,False,31f37b556fbb7d5c578df26e6826089d2d1d9eebeab1989d892c2fbf9ce2ef5b,ambiguous_metadata_direction,,10.1101/2024.04.26.591310,567d53f240cdaee871b4f7c8c5d4dd0267ede8e9cc969c8041bf85397ff86d9c,False,
urn:mavedb:00000838-a-1,GSC Homeobox domain domainome 1.0,2024-05-17,1121,GSC Homeobox domain,56,0498bcf6133d6c1ca75e81f7fccb456e1a261c7071f7746b70ca80215b82f7a9,False,c360f170b32d3030411a7e29071c3e19d9b4709e96cd7b5783564acd93f60370,ambiguous_metadata_direction,,10.1101/2024.04.26.591310,8c153883688550013d3e511159cb5b95615cfb7e1eefdfaa792325349367ed20,False,
urn:mavedb:00000839-a-1,GSX2 Homeobox domain domainome 1.0,2024-05-17,1121,GSX2 Homeobox domain,56,28f9afb3bfe06a6ded27e7443937540a32a669deae22ef3be16f1a32da9ab041,False,2e21aae1d5d53254f48c58a7516e4201df3c5d0450a868e7c8d9f69fc2640534,ambiguous_metadata_direction,,10.1101/2024.04.26.591310,c17c6613d21f8ca1cc11629a84e38f8e4bcee9329639bd02b3d94dacca86d14f,False,
urn:mavedb:00000840-a-1,"GTF2F2 TFIIF beta subunit, HTH domain domainome 1.0",2024-05-17,1281,"GTF2F2 TFIIF beta subunit, HTH domain",64,78a06b607d3510cceaf0dc468946b3df855ddc5f58afaba68d16d2ecba6477bd,False,5dfe1a6bd55f1cd9422bda0f6c0d306cffd4dc146daa5d96890aef9e21ec0bd3,ambiguous_metadata_direction,,10.1101/2024.04.26.591310,19b1f06a32d4a1d77d0892b5438dea9245320aa9c39ec8093dfd22f33a879acb,False,
urn:mavedb:00000841-a-1,"H1-6 Linker histone H1/H5, domain H15 domainome 1.0",2024-05-17,1381,"H1-6 Linker histone H1/H5, domain H15",69,684ae90a12afb5fcbf1d8b3106560230eb3f9694dc41490cb801c6eae47d9ac6,False,36b2de8a76d929b6d51454a2ccfb4d42223e594cf71254ee85671fa6b29be8e5,ambiguous_metadata_direction,,10.1101/2024.04.26.591310,e3449e36428cb24279c0c76d9eb4387072d12112b205a496acce0b3b5420403b,False,
urn:mavedb:00000842-a-1,HARS1 WHEP-TRS domain domainome 1.0,2024-05-17,761,HARS1 WHEP-TRS domain,38,1af68c701b58431eaab51168e1bb182f4eb7ee9de92f0fd6008042e5e6dfac34,False,9b98c2629b6104eee60798ef93040cdf6954685386c8ce1474ae4d07b142e11c,ambiguous_metadata_direction,,10.1101/2024.04.26.591310,20c6805d85246e744fdf82ce811f21512caa3f68ca6f85f83d8f4bffe1e049fe,False,
urn:mavedb:00000843-a-1,HCK SH3 domain domainome 1.0,2024-05-17,1161,HCK SH3 domain,58,769097865cafbfc057fcbc7fd3abe6ef170e357ab93ed9f6bf3c8b67e6f34d58,False,94e908b3b37c21be6ef219caca5a82b01574b9e02c35c9c1e4b0e9b8874268d3,ambiguous_metadata_direction,,10.1101/2024.04.26.591310,3abe7e66601a487a902c5cb9719d06f991881bb87e2cd1db7dcdf05ac88e2477,False,
urn:mavedb:00000844-a-1,"HECTD1 FKBP3, basic tilted helix bundle domain domainome 1.0",2024-05-17,1361,"HECTD1 FKBP3, basic tilted helix bundle domain",68,405d2baec8067e1cebb5de2627a43d9f08180b11a1b2335563e709ec3e2a4d25,False,42da682419e7a62e620971f08083ea661a4ae7b98e0d9fd7abadad786ae739c2,ambiguous_metadata_direction,,10.1101/2024.04.26.591310,4bfc67f045a2a642cbe7ea7258e7300505ae8384cb223310b1418ba417fa2d66,False,
urn:mavedb:00000845-a-1,HECW2 WW domain domainome 1.0,2024-05-17,901,HECW2 WW domain,45,e17d031721ae01472b449f56007916f438f48a7dd33281dc9bcf57fc8baf93fc,False,6823c44a20f45c017abfc7e860a4898d8661cf2ad7672c4cea5ccfb571941f85,ambiguous_metadata_direction,,10.1101/2024.04.26.591310,c8e1bab263d5464b2af4954edc59c89226df488a160ae79b72ddec335f56fa04,False,
urn:mavedb:00000846-a-1,HERC2 CPH domain domainome 1.0,2024-05-17,1521,HERC2 CPH domain,76,35b98c97130d3836a10242ba54a5ce0a21392790fb20e18ccf9b99ece9ced0db,False,19cdc6ec293b7f8fce1eb39e71b31b76cde1b25be83681f1dfe0b819a49e5808,ambiguous_metadata_direction,,10.1101/2024.04.26.591310,94f7003245d7b0e281a6df515e7cfbc998c84f708d2bfe64f9be951f8f138285,False,
urn:mavedb:00000847-a-1,HESX1 Homeobox domain domainome 1.0,2024-05-17,1121,HESX1 Homeobox domain,56,01b648414ab22271372ba06531c8c3c19de6111949c23166cf8b7ee72bc349e5,False,97318dc5ac0e2995e8c2cdbb5e9d806f848f5c9e3cc99c4df741fe8aa85cfc0a,ambiguous_metadata_direction,,10.1101/2024.04.26.591310,7bde9326c98550f30798fa678327f6baf656654948c598a8d5659153aca5dfa1,False,
urn:mavedb:00000848-a-1,HMG20A High mobility group box domain domainome 1.0,2024-05-17,1341,HMG20A High mobility group box domain,67,f52b12a0a76c02433f3daf29096cd27db4dff73ebf0b99c0d2e7f09da5d95e3c,False,f4695e76103995f82f6fe6b320c8a98764c5f053a7c3153a6bc9e19467079af4,ambiguous_metadata_direction,,10.1101/2024.04.26.591310,45495b12d46ab94321dce6eae736f10eb739436897663c0a98cd8d666456bca4,False,
urn:mavedb:00000849-a-1,"HNRNPK K Homology domain, type 1 domainome 1.0",2024-05-17,1481,"HNRNPK K Homology domain, type 1",74,55a4125af7121e2f18f9bd947302e031201f217d34d4fa587b87e0bbbce1eb58,False,cbdbb3b3ed11f105d7e0e17bcba4b49db2270be4b5ecfb22400bc1eccba32af7,ambiguous_metadata_direction,,10.1101/2024.04.26.591310,261b968db793efd301b3a80f1936c649f1a324ca07e58de4e6d6abd98e6799ec,False,
urn:mavedb:00000850-a-1,HNRNPUL1 SAP domain domainome 1.0,2024-05-17,841,HNRNPUL1 SAP domain,42,70084bab19005d3e71c2e758c156212fc0c5a99741b80d475322d8e2db056b90,False,5bac1fbc15a4c677ecc24807074411aa0403a8b44c3c4ecce0087267613784c3,ambiguous_metadata_direction,,10.1101/2024.04.26.591310,5403b2835c2f2f48553cdc2c764a0c9524a22b2773ad49a6e156369cc9cc0365,False,
urn:mavedb:00000851-a-1,HNRNPUL2 SAP domain domainome 1.0,2024-05-17,801,HNRNPUL2 SAP domain,40,35c2b13968d880d905dcc6cdbd47d86e467e8423564cb36dd555b80dfb86bcb3,False,6df0bc3de18677ca655809a4e9dd1320fd5a19daec9f3158c43119161683d7fa,ambiguous_metadata_direction,,10.1101/2024.04.26.591310,baf77b92152f43321ecc1214e665704e43e7db63c1786dea9f9859396fd2bc39,False,
urn:mavedb:00000852-a-1,HNRNPU SAP domain domainome 1.0,2024-05-17,821,HNRNPU SAP domain,41,43b89e35b6941bbfaae29a9715c9eb4481fb221737f7e9934af1e263053f3501,False,cae8ac42c782e1312595402ea40106d37f9023f1af0abb9b3b5aada0dbf1e9c2,ambiguous_metadata_direction,,10.1101/2024.04.26.591310,1ae02c16f02c23da775a9a5499c01a3f7eb729481b8f09c41596fde515aae4e9,False,
urn:mavedb:00000853-a-1,HOXB1 Homeobox domain domainome 1.0,2024-05-17,1061,HOXB1 Homeobox domain,53,de8a41010fc47676cdf4ae887b0747e0a51ab78994833c6192954d7f5907e65f,False,2fea21fa1601ce958925c39e7336317c72a6f9cbbe3c7a466305dcbb67be822f,ambiguous_metadata_direction,,10.1101/2024.04.26.591310,4754fabda3e8f5a3e15bc460b151880c85c553532415d09d0f6dcbe008f541b3,False,
urn:mavedb:00000854-a-1,HUWE1 Ubiquitin-associated domain domainome 1.0,2024-05-17,821,HUWE1 Ubiquitin-associated domain,41,53eb61d89e3dcd869ca1fe75256b93f9ff76179db0331b1d68f9c8531e08f9ac,False,674684b12d85107a7ffe3902635f45b236ffe062e7e4fda64b9a426b2339e16b,ambiguous_metadata_direction,,10.1101/2024.04.26.591310,bc3ec06f298b4e86259c01ae73f70a9b8edaa602b2738e0721c5075123255bf7,False,
urn:mavedb:00000855-a-1,"INTS12 Zinc finger, PHD-finger domain domainome 1.0",2024-05-17,1181,"INTS12 Zinc finger, PHD-finger domain",59,5db0f981b589225c903ef4df501fead01563d6582b29616982c4d3fe418546fa,False,fb0b97b314a83f3a5538fc288893ee8daac8fee545acc89cb2b2a7ab9d60c671,ambiguous_metadata_direction,,10.1101/2024.04.26.591310,8e1c9cdfc9eda79940227c93131eb9b654594e51a6fda74a13e4e454cd128b38,False,
urn:mavedb:00000856-a-1,ITCH WW domain domainome 1.0,2024-05-17,1001,ITCH WW domain,50,adc8d2bd30303d588797bd730417b26e33d9d3c5906a3559053ec1428fd3bd27,False,d2ddc462d08a40cdba26c8e1f18c607f0b421c3e5f1e4c14ad8d897426dd31bf,ambiguous_metadata_direction,,10.1101/2024.04.26.591310,a6c543a38982d3b080073a07b9f701c51382a8d5f28ff0c2048cdd040d58ca61,False,
urn:mavedb:00000857-a-1,ITCH WW domain domainome 1.0,2024-05-17,1081,ITCH WW domain,54,48bb4ecc787ae494aec28bc88269953f73522de25d43226851a95d28ed4dd4ee,False,895a7e17219523ef65ce5daefba1148d1f97ab7441e835271f8131fc133563f0,ambiguous_metadata_direction,,10.1101/2024.04.26.591310,7dbea20ebbcf085cd0e22d62f0f0c9473e1adbc47f09c4e8ea9f7a49afe25ba6,False,
urn:mavedb:00000858-a-1,ITK SH3 domain domainome 1.0,2024-05-17,1181,ITK SH3 domain,59,fabe2689074769ceae198c3d2c9c5bebf11109675421be342405ede828c98458,False,d8a968c168d9630271d9b8517619d3fc6fe39317d948efc00460b5703a777a8e,ambiguous_metadata_direction,,10.1101/2024.04.26.591310,dd9f6003ab05729dff55764a8d1f9f4b70204cb4197aac121de429a507abcf2f,False,
urn:mavedb:00000859-a-1,ITSN1 SH3 domain domainome 1.0,2024-05-17,1141,ITSN1 SH3 domain,57,6994dc66d8ae3fd82faa98c92db33461b08c3bcc5cf0f748a4df4b135e9f83be,False,dd330a80b9766a2c8c8eca0e979cd0760253bfbaef712dfd123617e88515d5d5,ambiguous_metadata_direction,,10.1101/2024.04.26.591310,81dc7516163b54fcf5fa554aef7589e761538e3fdd1ae2f407b3973d955a3589,False,
urn:mavedb:00000860-a-1,ITSN1 SH3 domain domainome 1.0,2024-05-17,1261,ITSN1 SH3 domain,63,03da489c95a93867aa3abeeca3813f4e921f3a7199ddd5a836f3a52e04352580,False,d277fe4ad9153c0f2a6ee98f409a25b373e57e93e9c387cc74492ec17b6f1c81,ambiguous_metadata_direction,,10.1101/2024.04.26.591310,01000f3736bd1b29130df8c0509c2f9ddba9b3824b535571158d10645eba132d,False,
urn:mavedb:00000861-a-1,ITSN1 SH3 domain domainome 1.0,2024-05-17,1141,ITSN1 SH3 domain,57,6994dc66d8ae3fd82faa98c92db33461b08c3bcc5cf0f748a4df4b135e9f83be,False,bc9b447577896aa093cd2f43c2763e2796bab7faaac6796e44bcab6316e63317,ambiguous_metadata_direction,,10.1101/2024.04.26.591310,b94760a6827cc451277af71e83d3cc698427e9602c91a08a2031d736746b4bd3,False,
urn:mavedb:00000862-a-1,ITSN1 SH3 domain domainome 1.0,2024-05-17,1161,ITSN1 SH3 domain,58,dd6c68bdc80c5286465a3732d14b28b655a367927ce50fd2e1c7b36c1efa728a,False,c30027870576607dcc2f703ad83228c38f533754f54e96b023cdb1a01f310214,ambiguous_metadata_direction,,10.1101/2024.04.26.591310,3af02d92c56f6e25fc2046aa5516ec1065ddcd1f5042c9f4d57d9d61a3150aaf,False,
urn:mavedb:00000863-a-1,ITSN2 SH3 domain domainome 1.0,2024-05-17,1101,ITSN2 SH3 domain,55,6698a8ca0f4cf798450f6f3b2963a3cf9fc8b81156e9c4c30b6ac01a6408ad31,False,7c7dc7fd22a6b8a66fc921d3464e21443eb6242160e024c2c09584e31e7d519c,ambiguous_metadata_direction,,10.1101/2024.04.26.591310,37da7f582a419cb356cfbf4068296ac6c0ea7f1f7032d5ab4881324cc8bd9278,False,
urn:mavedb:00000864-a-1,KANSL2 Potential DNA-binding domain domainome 1.0,2024-05-17,1281,KANSL2 Potential DNA-binding domain,64,49f9d33a3b7a38284a4979f81333845a17c3acb8831e5b9b06350745763354ad,False,5e629510d14c6ade5c1fa472c7ddaff85d8a17068b4495f0fbd0579ff9cdf4ca,ambiguous_metadata_direction,,10.1101/2024.04.26.591310,620cdb3b760843d8be9cc3ddda0c3f4580423c98edb4b3228c5440d8e1e05e07,False,
urn:mavedb:00000865-a-1,"KCMF1 Drought induced 19 protein type, zinc-binding domain domainome 1.0",2024-05-17,1241,"KCMF1 Drought induced 19 protein type, zinc-binding domain",62,8b1ead76b30c7b3f474b792d80cf80024dd44965ef92b9dd8cc09bd027230c7f,False,449ee4a58a9c0adbcaa17313c7745a7a44636d0b47147338d6d1fa1d05f8fef0,ambiguous_metadata_direction,,10.1101/2024.04.26.591310,040035831d9f2e451cab7bb57e056ff1e7973b60159dc699784f5999824aac3c,False,
urn:mavedb:00000866-a-1,KDM1A SWIRM domain domainome 1.0,2024-05-17,1581,KDM1A SWIRM domain,79,6537a731ed27d6f03989ff8c220f079f45559ff916877fe7559bc1d54e646229,False,a333cb63879b39c8db6a50794927effec77705e7f6961245cc5beb61bd9204b5,ambiguous_metadata_direction,,10.1101/2024.04.26.591310,1f15300c071367aee71b736bca2ae9684236b71e1cfe2f9a82aabafb66d36b9a,False,
urn:mavedb:00000867-a-1,"KDM1B Zinc finger, CW-type domain domainome 1.0",2024-05-17,1041,"KDM1B Zinc finger, CW-type domain",52,c107373be755aaf1e602462e3843a609f8bc2377f22f81885e80cd014d973756,False,5974e3e90646183b1f08642e6f1a74e1143f644a79f6e10bb936a8fac5a90fc8,ambiguous_metadata_direction,,10.1101/2024.04.26.591310,1364e560512c3482f28a4f8f488b9dd0037a3f7754785a2a317fc6bf8484475e,False,
urn:mavedb:00000868-a-1,"KDM2B Zinc finger, PHD-finger domain domainome 1.0",2024-05-17,1341,"KDM2B Zinc finger, PHD-finger domain",67,edaa6866971b62e04ad606b4d0cf72b6409a572abcff169ef91692fd5850a82f,False,44e6177afb14cebebd18c24e3edd1209b89b8418f776b0efe86cf3a55e09fe18,ambiguous_metadata_direction,,10.1101/2024.04.26.591310,2ee510bbb71bfeb354033deb52a63169dec766c9fa965977b4c47646ecdf7673,False,
urn:mavedb:00000869-a-1,"KDM5C Zinc finger, PHD-finger domain domainome 1.0",2024-05-17,1101,"KDM5C Zinc finger, PHD-finger domain",55,c52e77de935f06caab06efa96dde92fce9d7f7a28093cc8ac1f28f7fd630eed6,False,b77bdf1b158f32694d83a1a0e953ccda43f95a453aa97ce6c38a20547c697054,ambiguous_metadata_direction,,10.1101/2024.04.26.591310,0633e9e161d782f1c45d714826fd8e145e80777883ae8433c559d75084613439,False,
urn:mavedb:00000870-a-1,"KHSRP K Homology domain, type 1 domainome 1.0",2024-05-17,1461,"KHSRP K Homology domain, type 1",73,370d804c7271e7eb827a8419fd260e2acde716b17de57da6bc2ec7b3836ca884,False,b45413ba1166f7a1e1f35f33ac718920707f47f49dada0786b3df61ec51472d5,ambiguous_metadata_direction,,10.1101/2024.04.26.591310,a3da3a59721a40c88c535f1f143603016e9a4ee168d9c7ac40fe48435e2f267d,False,
urn:mavedb:00000871-a-1,KIF16B Phox homology domain domainome 1.0,2024-05-17,1221,KIF16B Phox homology domain,61,df2fc2b58cc8f2344bd989dece661ea01fa61ad3118c17dd9186d5fa9627b5c7,False,b0f1f050e4d92dedbf0f41577f8d1c936fce2f8593456f5b39c7d17f0bf1da78,ambiguous_metadata_direction,,10.1101/2024.04.26.591310,f5b920113a75e85653066a8c492714cbce8d854828e65087c8c325575fdb2b9b,False,
urn:mavedb:00000872-a-1,KLF11 Zinc finger C2H2-type domain domainome 1.0,2024-05-17,481,KLF11 Zinc finger C2H2-type domain,24,432e7622b48bcaf7edf3b7a16e20c503cf1737340fd0a93fbd9a2d0e260e90bb,False,53832a78c3e7f140c2c01368867dca6afc2274ca814e2c0a9d559dc6e8ce4913,ambiguous_metadata_direction,,10.1101/2024.04.26.591310,65a37cb08f6aed2a0fa1fd7eacc91a048cc65a5014e0a708fb67751e0fc7f8f6,False,
urn:mavedb:00000873-a-1,"KMT2A Zinc finger, CXXC-type domain domainome 1.0",2024-05-17,941,"KMT2A Zinc finger, CXXC-type domain",47,b4c729f7330e2d3c05a5d15f0a3878f0b3ba1d64015d8a303d10544037d74162,False,31d608bcd30db22ca00ffdc826b5ce71d8ebbc4ad1ec90c8b36cc6fc4060dad8,ambiguous_metadata_direction,,10.1101/2024.04.26.591310,bdef3c5f9c543027de31119cc5125e477df37b10c329eb40625ce8a1cb9011cc,False,
urn:mavedb:00000874-a-1,LATS1 Ubiquitin-associated domain domainome 1.0,2024-05-17,881,LATS1 Ubiquitin-associated domain,44,0f0d37c909f05f411c03fe2d3697b86f15435f116b51fe2a3d1203fdf758328f,False,778a316050c1276368f66ceac68d9e03971e4bb82e830e97c2409d199dd8c5c2,ambiguous_metadata_direction,,10.1101/2024.04.26.591310,c8e1c9fbe7eac43533266e1c16c1e15113560d03c94b52569a7efadfb64a1ce5,False,
urn:mavedb:00000875-a-1,LCK SH3 domain domainome 1.0,2024-05-17,1161,LCK SH3 domain,58,4877a28b5acfcf903d7360aea2def8580f1f4292cb44f350e969f147b0c15a4d,False,b1cc7b85a2d5611f39c3a402a203b7ac93d3ef338190d6bf2fda0d0af3d51a18,ambiguous_metadata_direction,,10.1101/2024.04.26.591310,261205c11215deacf286140ac92ce8d576dfcaa666c46dc34915723d834278a2,False,
urn:mavedb:00000876-a-1,"LCOR DNA binding HTH domain, Psq-type domainome 1.0",2024-05-17,841,"LCOR DNA binding HTH domain, Psq-type",42,890aaa19cc7003c9cd08f777c3a7f053110a73e55b50fcebdbf0ca73909e8958,False,e92251c0f4c97b0de9881a9d67e631ccff6a5f83d25f5134138473e8475f5162,ambiguous_metadata_direction,,10.1101/2024.04.26.591310,96e27e067472dde7fe4187eb68ac304ad136b6218019bab5c93ee446ceaf5372,False,
urn:mavedb:00000877-a-1,LCP1 EF-hand domain domainome 1.0,2024-05-17,1681,LCP1 EF-hand domain,84,542739ae436a931d52dddbe3d55e12977e02caa93b4c7cf45ef2e218ce6aa5c8,False,1ec39e453e4088238d62549b6ad3bc5f2123230f9dd74aaba65c315d5fb66654,ambiguous_metadata_direction,,10.1101/2024.04.26.591310,12fa3796fecf677684f878ababdc83f9b29eab2d17902b00b316c24d0997eb9f,False,
urn:mavedb:00000878-a-1,LDB3 PDZ domain domainome 1.0,2024-05-17,1661,LDB3 PDZ domain,83,bcf6ce6eaaf65754a3a2e93b5dec39bde2dbbe9409ce8411d22e0b9f42d00be8,False,8b1976378b5989f243d11f4802b0185ec2bd2cf23579caa60c4fd2d10ef0c5e4,ambiguous_metadata_direction,,10.1101/2024.04.26.591310,508a6efa2316848644d080957d87b186b6d4684b57946c322152909216ad0602,False,
urn:mavedb:00000879-a-1,"LIMS2 Zinc finger, LIM-type domain domainome 1.0",2024-05-17,1181,"LIMS2 Zinc finger, LIM-type domain",59,090d83a2fef3c61073e08bfce883900d883d9aaa9d4433ea9567170d40a3e20f,False,e5682f177bf642c57c086eea344b0f29cfbfa2a32ba2eda9d16594c3c733fdab,ambiguous_metadata_direction,,10.1101/2024.04.26.591310,061053ef5ba8b12e112aa65b0e92ca940b509e1196dc67bf37a30e4632c1603e,False,
urn:mavedb:00000880-a-1,"LSM14A Lsm14-like, N-terminal domain domainome 1.0",2024-05-17,1461,"LSM14A Lsm14-like, N-terminal domain",73,7220c24ee741df4b2a014d05803db061e38ff7923d58ee72b98bd8b805024814,False,da0989f28170a9f2123f78c9a64ae80930f342d22fcee08a7b6fa8ffe88412b2,ambiguous_metadata_direction,,10.1101/2024.04.26.591310,e06a651746dd8cbe8d49b8ed355d64e496df3b567488d65c718ef0a964084e9b,False,
urn:mavedb:00000881-a-1,MAEL High mobility group box domain domainome 1.0,2024-05-17,1381,MAEL High mobility group box domain,69,08f079c232dd0dba7d14845913e30a2655da566ec3fdbd3377c60d7eaa6e5261,False,e6c29d311320d463a778b961b3643973118979285395699468c3e0bde3e6f7ac,ambiguous_metadata_direction,,10.1101/2024.04.26.591310,355c00e2e79a3cf46c0e6faa67cee8fab6e7143d8cf7c9bbce8131fc2a06d1f4,False,
urn:mavedb:00000882-a-1,MAGI1 WW domain domainome 1.0,2024-05-17,921,MAGI1 WW domain,46,ff69ea27f23d563c239cfaee04c1b9428abe50fd7abff096d30fa3b94b58b49f,False,f122f3d335a2aceaf156712928faf32507d308a98cad0955beb6543158773297,ambiguous_metadata_direction,,10.1101/2024.04.26.591310,a740ae1b7b1e2e2877e84fb4305e487b70997e0c9ac53586e6901f9e48ba30e0,False,
urn:mavedb:00000883-a-1,MAGI1 WW domain domainome 1.0,2024-05-17,1001,MAGI1 WW domain,50,bc499fdaf88bde984242283b6ec2ba7c7894ba0209855fb27c02166bbfbbb341,False,a2af93edd057f5a4ece407a754521f7be8c8d8bf60d5be3a9036f272bee99ab4,ambiguous_metadata_direction,,10.1101/2024.04.26.591310,07ef6b4409ef38362fa583b82b66e2f909afecb5228704d48a8a8b547b764893,False,
urn:mavedb:00000884-a-1,MAGI2 PDZ domain domainome 1.0,2024-05-17,1761,MAGI2 PDZ domain,88,1cb570001d7793a8a003ca50cdaa4446abbb43724f99b18e3e96979dc256cfc5,False,99071a75de584de04dcdddf44b3e3a6ea7a33cac1b8538b3cd6e77c6692a4cb2,ambiguous_metadata_direction,,10.1101/2024.04.26.591310,0a82fc8a6277a33766e2ba45cc3edaf6da162f283f40af700c801c2c1698cbbf,False,
urn:mavedb:00000885-a-1,MAGI2 PDZ domain domainome 1.0,2024-05-17,1681,MAGI2 PDZ domain,84,dfa86e001c64ff712295bbc652d0233109f57eeb82399d288532a1240e61a7e5,False,17843113ddcb7ca1e8b1baa0957d2767056935eedbc6bf68de9bf4401eaa5423,ambiguous_metadata_direction,,10.1101/2024.04.26.591310,eceac94e02801a86f1c20a3a0f2d9c6c5754c26b9a4d9576b4d4a0388609cd03,False,
urn:mavedb:00000886-a-1,MAGI2 PDZ domain domainome 1.0,2024-05-17,1641,MAGI2 PDZ domain,82,ca3aacfb458afdeacd1a193035070609868ee3a42cc1edd39f1694e20977ff18,False,6499784b1a2d4e1cf248734e68f88ddde625642337722d42b4f6b825cd75204b,ambiguous_metadata_direction,,10.1101/2024.04.26.591310,8a29e9210b16b9921bc2ff6a7eadfa54068efc06c5c3c047c1ee1d56840907bb,False,
urn:mavedb:00000887-a-1,MAGI2 WW domain domainome 1.0,2024-05-17,901,MAGI2 WW domain,45,ed6bc02608b42ca07a5aaed053ae25d4b075312ed7499d443354ec026d916b3e,False,1325f8c667c8c3bc79c538bc3cd856f991c3ab94810295871e16937b324b1f05,ambiguous_metadata_direction,,10.1101/2024.04.26.591310,af69b9e005cfb027408c3885d2f9b2a6ad89408b1ea67990e8e57c72a5d84d14,False,
urn:mavedb:00000888-a-1,MAGI3 WW domain domainome 1.0,2024-05-17,861,MAGI3 WW domain,43,9e539dabb5c73866e5f0e74d4734cc42747df7c8a8db1caa77f23ec682a1a2bf,False,ba80bea95672f94f8f67aca2e1ef5835ab8ec586d2407f8bd0c5da6ffd2b5d27,ambiguous_metadata_direction,,10.1101/2024.04.26.591310,d78e62df26a89496de371ffadf7a553ecb6271febf9d181505d5902286bc62cb,False,
urn:mavedb:00000889-a-1,MAMSTR SAP domain domainome 1.0,2024-05-17,701,MAMSTR SAP domain,35,4c06b78641c9df24c4eec66164ea0ec647fcb1f552c6149ca5fc728fc31d380a,False,a1787b0af683eb9972074ec8cf8101781eac25fd0e63f17e150f2e659e65f718,ambiguous_metadata_direction,,10.1101/2024.04.26.591310,93b237f4128eae9cd77fb460450befab35ad9060319ddf02468943ea0cf12361,False,
urn:mavedb:00000890-a-1,MAP2K5 PB1 domain domainome 1.0,2024-05-17,1901,MAP2K5 PB1 domain,95,242eed510577c38823b6555acf6531e02cece594ee0794b5f15a4da38b3bd462,False,299a4b4e7bfd8d93fef531f5d085044893e72ff267743e7a0a3617a473dc6197,ambiguous_metadata_direction,,10.1101/2024.04.26.591310,4b81a3291630c87fb44ec8f81af5939a9d5c186d7ccea5937386094abacf0832,False,
urn:mavedb:00000891-a-1,MAP3K20 Sterile alpha motif domain domainome 1.0,2024-05-17,1681,MAP3K20 Sterile alpha motif domain,84,84dc031e3a518050fac21bae05dbc87329b7a8f6b8be660d8e04cadbcc018096,False,8439e61120b3d948988ebc241147cb1ec64d72ad8ccc254a531cf3b2f82ae566,ambiguous_metadata_direction,,10.1101/2024.04.26.591310,c6ee5e7fd0793b3d7f286ce646cd73762d9ca28b1511a7c31f3502f589670ea0,False,
urn:mavedb:00000892-a-1,"MCM10 Zinc finger, Mcm10/DnaG-type domain domainome 1.0",2024-05-17,901,"MCM10 Zinc finger, Mcm10/DnaG-type domain",45,7db83ca686392a5ec3f7180405f9560926d5d621de46c124105d4b880565b74a,False,7e1ee945a691964787d59d0ed94ad084c81659ee250edddd2c1ea0e2013bb3ca,ambiguous_metadata_direction,,10.1101/2024.04.26.591310,b304daaeb1c1d5db3a7fc2f5cd8461015d3cc24c53efcb6445678574ab12bc98,False,
urn:mavedb:00000893-a-1,"MDM2 Zinc finger, RanBP2-type domain domainome 1.0",2024-05-17,581,"MDM2 Zinc finger, RanBP2-type domain",29,003663c169ffd3a3b0476228447ae4cf9cbd131bf7078cdb7999b63ab1152ccd,False,16842ac26a114369cc656dd253b5a53c4089773db1c5832fe061c14569f87036,ambiguous_metadata_direction,,10.1101/2024.04.26.591310,77e696c252304a282f89533d98171c3d50dd2d46c5e3617f12cb0629fbbdbe23,False,
urn:mavedb:00000894-a-1,"MDM4 Zinc finger, RanBP2-type domain domainome 1.0",2024-05-17,621,"MDM4 Zinc finger, RanBP2-type domain",31,91a6ff78edd377e782874b09c4224be1444a50ea4879cc40fd28cfde151e8d7a,False,29f94cc48ae6e459357a59276fa5b89119c56f88b5e1f8459aef3b4e93f83bd4,ambiguous_metadata_direction,,10.1101/2024.04.26.591310,d928153821ca679636ae3d834a42799a889b2e848d96a02659dffd8735edc8e7,False,
urn:mavedb:00000895-a-1,MECP2 Methyl-CpG DNA binding domain domainome 1.0,2024-05-17,1441,MECP2 Methyl-CpG DNA binding domain,72,0861b4d6bbad3a6a1b5732d26c17d3d11ab6d6a61eb93781728818e9b26279f8,False,aec87c65e74c6d47c190e28273cd4ad32e13ca38528ad81dcb1fbdbc2e4993b2,ambiguous_metadata_direction,,10.1101/2024.04.26.591310,e18b5bf758b75ae96b5d7cfb88bbc40ca33fedf1e88654854c5878ddbf2e7daa,False,
urn:mavedb:00000896-a-1,"MEX3C K Homology domain, type 1 domainome 1.0",2024-05-17,1341,"MEX3C K Homology domain, type 1",67,5f6850e20589d7770d4458230922e7638a82ce91c11a49e3d2a8aa6b5aaa0b23,False,31d4af489b200bfcdd111194343d01cde079690ff647e999f3735a70b95b30ff,ambiguous_metadata_direction,,10.1101/2024.04.26.591310,7ebc0e269b5a99dbec5dd614eab24001c5caf7f605b98a17e7a51e54c280bc37,False,
urn:mavedb:00000897-a-1,"MEX3D K Homology domain, type 1 domainome 1.0",2024-05-17,1361,"MEX3D K Homology domain, type 1",68,077dc91450bf2bd8ee775eb8ccc802436f7a271d52248f0c81b76a96e8702a95,False,9d2cef5f62d10f421132e57c65d6ace68060e925392fd0dd5872ea23cd08c980,ambiguous_metadata_direction,,10.1101/2024.04.26.591310,2ecf096423e72b80465954dd7fb201da59fd41bf1500cc52a5b7ff83e7d2d7d8,False,
urn:mavedb:00000898-a-1,"MIB1 Mind bomb, SH3 repeat domain domainome 1.0",2024-05-17,1301,"MIB1 Mind bomb, SH3 repeat domain",65,760f31fd9af3dfc482df473ba60fefe4ef008562cde67a33c2ea9e8daa640e8e,False,e7a0999afad4a1474ff81ca996004f7473b7e7fd512a28e971166925b0ff8381,ambiguous_metadata_direction,,10.1101/2024.04.26.591310,26ba7dbc8285607b5693922ca51340e7251acfda2f28980506d71ad3ef8160bc,False,
urn:mavedb:00000899-a-1,MID1 B-box-type zinc finger domain domainome 1.0,2024-05-17,861,MID1 B-box-type zinc finger domain,43,33eb901c806316f0e33ed7986626534587719f32b3218d56387bd877f1f12230,False,e5ee104bdac57072a15e1e3e7192c90a641f03933aecd73492e119034c1a9dab,ambiguous_metadata_direction,,10.1101/2024.04.26.591310,28a06dba987bc600b9dd4ca00b14424d3f40311920c66d2f5182fc135707466b,False,
urn:mavedb:00000900-a-1,MID2 B-box-type zinc finger domain domainome 1.0,2024-05-17,901,MID2 B-box-type zinc finger domain,45,54cf4ab98ede04068c525854e2f18100509946fbcfc09751a3254c888552f16b,False,430cf4b634b13bb3aed0e714b5cdffc00d4de1fa6c135d2580b07de8e56de0f6,ambiguous_metadata_direction,,10.1101/2024.04.26.591310,8a22032cf5e107b0b724f47fbd66d37f0c0808038679f4da3e2d4566aa856d9a,False,
urn:mavedb:00000901-a-1,MIS18BP1 SANT/Myb domain domainome 1.0,2024-05-17,981,MIS18BP1 SANT/Myb domain,49,538e0e9a98e451b35e5549c1ad89764d7f983d7dd56d62be3b249aa151141474,False,21f4b77e2e45eb7a082bae93e55b68c4f2443fb3441034a7c046d604ac2109f9,ambiguous_metadata_direction,,10.1101/2024.04.26.591310,7bae25af5a119b054d99a02af45d4f3564916634647eee61e5d4fb27a2e158dc,False,
urn:mavedb:00000902-a-1,"MKRN1 Zinc finger, CCCH-type domain domainome 1.0",2024-05-17,441,"MKRN1 Zinc finger, CCCH-type domain",22,2131fc3d47dbc12e20cdfb1e4e39e8429ccff4e8bf12814047144f62ea65ee51,False,3d94c25668cab834c012b7572cb07c8abd59d52c5c1efff9867bf806e88fca64,ambiguous_metadata_direction,,10.1101/2024.04.26.591310,a6e300cc4f0d46803fc254cbf06d94242162c93a9705e05b8a88219d40dfffe9,False,
urn:mavedb:00000904-a-1,MPDZ PDZ domain domainome 1.0,2024-05-17,1701,MPDZ PDZ domain,85,a02428106742a4efff0c8be4e8af1351f1f93b9a852071dfa8b30b7ebd74b2a0,False,2c3c8ca7ddb27de91e7826fa5dda179c043a92279e1ce22c85d2d4ca3cf62084,ambiguous_metadata_direction,,10.1101/2024.04.26.591310,165da7c1d0190b87f974e5e439455435b13c61a5dbdb3629b63660d333fe1b40,False,
urn:mavedb:00000905-a-1,MPDZ PDZ domain domainome 1.0,2024-05-17,1841,MPDZ PDZ domain,92,b23766691e68ddc04c3c0aa62af2529ea74935ea13ec870b0e07a50507006275,False,3f4e9aeef7d7fa7ef4b03c985a8540b768cb692f6563a351a50e2e969e1ac11b,ambiguous_metadata_direction,,10.1101/2024.04.26.591310,e11e42bd76a2d3e63847426382b4b3b07dc6e5f694b402e231a878c8d7d8732a,False,
urn:mavedb:00000906-a-1,MPDZ PDZ domain domainome 1.0,2024-05-17,1921,MPDZ PDZ domain,96,c4e8be008f34c6a7c6bedf49517a013484d095cad141a558bca2794b913b1ee6,False,af32366854cbb3051954aa99fd88bdc8b4d57868dbe6539b91e6f5a9cfa9bbb3,ambiguous_metadata_direction,,10.1101/2024.04.26.591310,9fc6c306233978333a3b404a5cbbb6f45cba07145993d2beb0371a4ae3ed1092,False,
urn:mavedb:00000907-a-1,MPDZ PDZ domain domainome 1.0,2024-05-17,1761,MPDZ PDZ domain,88,72724f70b02aba11bb1b7d86b19434056378adba745f439d4ee41745dcbb1962,False,597a7e9d18f39dc36fa4e4680c0a2d883fc1899ab8ec65ae57d16a7d33e8cca9,ambiguous_metadata_direction,,10.1101/2024.04.26.591310,915688eb7faf4e40f556f461d8edd16030f47422f786188769140f7cb682b844,False,
urn:mavedb:00000908-a-1,MPP3 PDZ domain domainome 1.0,2024-05-17,1781,MPP3 PDZ domain,89,761554880ce30844dd26bea77ff186f62be3ea4bc1fb119aef99aa242b30c538,False,9aed07370a92287f1584b6a1b2003d193068fdcb88dc64b986a9fa9fa1e79e08,ambiguous_metadata_direction,,10.1101/2024.04.26.591310,504c8d68ed9acc91b32d6a5bd5e822f080d9659c3825f1f35db3b873dbdcbd3a,False,
urn:mavedb:00000909-a-1,MRTFA SAP domain domainome 1.0,2024-05-17,861,MRTFA SAP domain,43,10a07d000c2f053063c0815dd4e77e50b42f778c1e7b95e0a992866d117fcd73,False,15126916a526ca1a5c90a0de80dc9877d76b210151f03fd651a7fcbd467b791a,ambiguous_metadata_direction,,10.1101/2024.04.26.591310,dea5d43b69a42e0555d4e306ee67f790949107ccf577141df42cbc54b1d404d2,False,
urn:mavedb:00000910-a-1,MSX1 Homeobox domain domainome 1.0,2024-05-17,1121,MSX1 Homeobox domain,56,b4734c844ef2384d9d59f5677cdfad4bcc4a03ee6b4166e4969bb257beced028,False,6640e4d3dca557da14d630f1152365f1f788bada67056b6b28279c335be9d53e,ambiguous_metadata_direction,,10.1101/2024.04.26.591310,470644e8ed77d8358d69e8c221e1178e85e477e24187f700951a34340da21afb,False,
urn:mavedb:00000911-a-1,MSX2 Homeobox domain domainome 1.0,2024-05-17,1121,MSX2 Homeobox domain,56,99375709d7e729dceea324cc7a34106127da22c2fadb4c15087751ed2765f313,False,cb69205bd48f81fa65e7db1770f28c977f9fe00ddbb2ec90776df885113c7b6a,ambiguous_metadata_direction,,10.1101/2024.04.26.591310,708d3dc0e67d1b602e83aa59daa2dfa9a6d93e87a5b3dd7fbed5bdb83246ae90,False,
urn:mavedb:00000912-a-1,MTA3 SANT/Myb domain domainome 1.0,2024-05-17,1061,MTA3 SANT/Myb domain,53,6a7b5ee9c4029b2d969d0118c826f3de60da838b23e492332a6ca284e7e1f659,False,b6094e327b1f24c90ab39c98bede8723f57839179fbf9d843b3f2b6e3ca8ff75,ambiguous_metadata_direction,,10.1101/2024.04.26.591310,36a197c1d9bf7d994643bdca9875d5246d0003ce49961e9e24e7ad4a8ef7ef81,False,
urn:mavedb:00000913-a-1,"MXD1 Myc-type, basic helix-loop-helix (bHLH) domain domainome 1.0",2024-05-17,1041,"MXD1 Myc-type, basic helix-loop-helix (bHLH) domain",52,ee0087d0422cb4c5a9da721b51db0f364f873f9a17290981f36cdf51ab3bf106,False,4a228821fdafab080bc53ef7561549a2b1870e61298b41979c36d3b1d776f8e0,ambiguous_metadata_direction,,10.1101/2024.04.26.591310,49ee020015971599d7068a3c7eb36c678d8513d8dbb515737ee6361fd556c8be,False,
urn:mavedb:00000914-a-1,"MXI1 Myc-type, basic helix-loop-helix (bHLH) domain domainome 1.0",2024-05-17,1021,"MXI1 Myc-type, basic helix-loop-helix (bHLH) domain",51,03663265b3aca3d9ce98cdc5e9675d0cf172e5b144b932793c5de0fa6895078b,False,bd0f35225e0b00d6653b09e04bfbcc351428b03f7c38573e4a4f519914bc74fb,ambiguous_metadata_direction,,10.1101/2024.04.26.591310,1ac96c7a3e8446e8134a219b00c44a0fd10d43fad99750b2fa828a098a1fd729,False,
urn:mavedb:00000915-a-1,MYB SANT/Myb domain domainome 1.0,2024-05-17,941,MYB SANT/Myb domain,47,a3a0ff83bf1dd5fc0f4f05944e99e0dd06840ca49ce90aa74fd0dc5401c74645,False,40b0b5ee7e55b9fb01ff7f807d4a33561cdbb92c090cf1ecb30e9905c71f62bc,ambiguous_metadata_direction,,10.1101/2024.04.26.591310,2fd2f36abfa4a620c32c5538dbcc5e8b7ca26daf391bb6d3fa4d2fb0c03d41f3,False,
urn:mavedb:00000916-a-1,MYB SANT/Myb domain domainome 1.0,2024-05-17,1241,MYB SANT/Myb domain,62,c8628afe14ba1d62b07c8ca52adf558f9e9b846762432daf08da9f8d3a3f5d0b,False,34dad3e3bbe7971eeb4e09a2dee3335ed8495a73dae46142664aa19ed916ad03,ambiguous_metadata_direction,,10.1101/2024.04.26.591310,5598612383f74de27f074d404de769542bea7daf99d75cf74450af9e6883647e,False,
urn:mavedb:00000917-a-1,MYO1E SH3 domain domainome 1.0,2024-05-17,1161,MYO1E SH3 domain,58,b04612997d3f95e38dc17fcf1060d95c91b97867b9b672ca1ef23ef8175ce363,False,25fba7f984705ea075ce53b66be6991b59f76e8d2acd2366e68d3c23d5a6f6d9,ambiguous_metadata_direction,,10.1101/2024.04.26.591310,da65c0337433572bf18cd0138b6d117fb2306c8222cd933ed639d4916c49b969,False,
urn:mavedb:00000918-a-1,MYOCD SAP domain domainome 1.0,2024-05-17,881,MYOCD SAP domain,44,696ac2775927b76dcb1433ea5720be416589eb304ecaa442c5bfd345dc0c500c,False,0c9e8a00b67532adf11951a4a3d9c43f72b284542962a04691c9b74c61ef35a0,ambiguous_metadata_direction,,10.1101/2024.04.26.591310,1019c26cc9adeb0adf3c36d66badb532c94c1a676c6e24cb2a41d0e44afe9a3a,False,
urn:mavedb:00000919-a-1,MYSM1 SANT/Myb domain domainome 1.0,2024-05-17,861,MYSM1 SANT/Myb domain,43,ae5ec558f394471e5499925bea38c797e5189261f31a77753e8d2fe06203bf64,False,0740228b84ffcf8f95a1be3ab190d53024889fa0230de36defb661b05d904972,ambiguous_metadata_direction,,10.1101/2024.04.26.591310,6140d314806f8321ab8519d21364475a99004e5ddef8e8ecf417daf3d9de01e3,False,
urn:mavedb:00000920-a-1,NA EHEE fold domainome 1.0,2024-05-17,801,NA EHEE fold,40,b830919b3535a7d2b430f9347096ce9557bac970ca0f87cea0faccfc8a82b604,False,046ee20a96ba9853d6c3d7201cc15df01912809f43552dc30b39d3c91d206ed4,ambiguous_metadata_direction,,10.1101/2024.04.26.591310,af9eb788e47a9566f862e1b87ff96dcbfcb5c7ab18143fee6bcb70541d950c40,False,
urn:mavedb:00000921-a-1,NA HHH fold domainome 1.0,2024-05-17,861,NA HHH fold,43,4d5360f688e133ffa6b29346b1c1b7ef7fa9dae03865ccc641877d790dc2d637,False,833a2a78dfabae6e7435dd6e9a55cd867de56a02e1536aa60f4417dd379504d1,ambiguous_metadata_direction,,10.1101/2024.04.26.591310,948fd20478214198afce9964feebcb9dcf37df56ba3555cd9a29b18ba5092672,False,
urn:mavedb:00000922-a-1,"NANOS2 Zinc finger, nanos-type domain domainome 1.0",2024-05-17,1061,"NANOS2 Zinc finger, nanos-type domain",53,9ce3f0bee649eb3c73652f09c0d42e6c3dc46b8136c4e361f676d333b31ca684,False,83eb96134ae8206be53ffdef320c31aea758dae0d3a71137dc9d0bffe96c149a,ambiguous_metadata_direction,,10.1101/2024.04.26.591310,7bd53390adffa3f8279b63e2490bbc34eafeadcbaf413342ce2d25bc098690f6,False,
urn:mavedb:00000923-a-1,"NA Transcription factor IIS, N-terminal domain domainome 1.0",2024-05-17,1561,"NA Transcription factor IIS, N-terminal domain",78,b41e5b081e430db1f11c228ae3c79c717e1766ef9de344c268728ab4ac10b075,False,98dfa9bdc9237ce7df3c51382565488dfe6aaac33fcf5298c61e3ab8c195fb24,ambiguous_metadata_direction,,10.1101/2024.04.26.591310,8f34a6e0338a1f13e58df119c932449966c8338bfb5f8a42b4a961647051bdea,False,
urn:mavedb:00000924-a-1,NA Ubiquitin-like domain domainome 1.0,2024-05-17,1401,NA Ubiquitin-like domain,70,6267cfe408bd58071879fa65c059c2ffd752f8c2983e8bd53550168d8e3142d3,False,2e5e2d02d515130274de55a845f49904c97297b809dac951c6fce64f657cc8c0,ambiguous_metadata_direction,,10.1101/2024.04.26.591310,9a11201133a04716d809f091bf2b9e74de3b6189616f75024d5b13c16b63420e,False,
urn:mavedb:00000925-a-1,NCF1 SH3 domain domainome 1.0,2024-05-17,1321,NCF1 SH3 domain,66,3cce6ea190bc8e4ccb805dcb0a52ee62a9dd71f847e0efbdd51729b43c4716cf,False,bb4c393e227f9e0e20784d9d0d71007ca25c148e38f0ff7456f8e7e7592c498c,ambiguous_metadata_direction,,10.1101/2024.04.26.591310,706ad958d2d4e5679b6f5dcd232fd48704786b58a7a80da47f379ae4ae672cb3,False,
urn:mavedb:00000926-a-1,NCF2 PB1 domain domainome 1.0,2024-05-17,1501,NCF2 PB1 domain,75,de4d9f391fdee9476159622543005e4cbdae835ce28855a8105f98f434d40fd4,False,1a1579706df1130317469586326a0585f5a45f0952fba7f8688cc7833c2c136d,ambiguous_metadata_direction,,10.1101/2024.04.26.591310,48daea4688e0324fdffd06d19547e90152a8390d42e020f09d7cc0ec14d55655,False,
urn:mavedb:00000927-a-1,NCF2 SH3 domain domainome 1.0,2024-05-17,1181,NCF2 SH3 domain,59,586006993ea2d8a9d8d16868345896e9886da732c7d9a325238117bccbb079b9,False,a88b981e6b67519d7ebf9ab84034794ad6c62a6d061cbc2a9156bd44fdfa9c3b,ambiguous_metadata_direction,,10.1101/2024.04.26.591310,14132ccc26be69d0a6bcb56d06a13bdc5a8f756b0b20684b9068a6b3bb550167,False,
urn:mavedb:00000928-a-1,NCF2 SH3 domain domainome 1.0,2024-05-17,1201,NCF2 SH3 domain,60,614da9ad75b0abc1ef593a0f4e8868eeab1b7359ab7577c4cb3a99425f6c1b53,False,a0204efd4d640fc6f11b442910f533f1bc4b6d1d68ec939d766fa4514553bad3,ambiguous_metadata_direction,,10.1101/2024.04.26.591310,93cbe391a6d2cea83d7ef972f8d9f08ff3633c1ba8be563ae649facde1864d8e,False,
urn:mavedb:00000929-a-1,NCOR2 SANT/Myb domain domainome 1.0,2024-05-17,1161,NCOR2 SANT/Myb domain,58,10efe53c0f6ba6de831405ca75d4b7efe25f044ef7b936402c37eca26a4fb952,False,8fe9795e9d4c734a9f7b6ec45f55601884a03204e60972a3405cf81d1a0dd933,ambiguous_metadata_direction,,10.1101/2024.04.26.591310,b4fba57e0eb6dd80294eb71470cedb904938b6d46973390d03a1dc40c3c9f13f,False,
urn:mavedb:00000930-a-1,NEB SH3 domain domainome 1.0,2024-05-17,1221,NEB SH3 domain,61,e8fdd2a796c69e964a0f7c10d74c1d8adc126f1fe5d2bd996a673dc9e14a73aa,False,2b2cae6dcfcc8be2b7cb62a373c9120c3cfde9caddd48ef86d27c5ab30b1432e,ambiguous_metadata_direction,,10.1101/2024.04.26.591310,381ac78dada4ab66fc38f8847cc5598acd39621f927ec2875e2e1fd8a9c6b294,False,
urn:mavedb:00000931-a-1,NEDD4L WW domain domainome 1.0,2024-05-17,1021,NEDD4L WW domain,51,d2fe703c1ebf741cc2cde777bbe2b201e3e919be317a22c3b842f7f0bf05212b,False,bc4ca05b99aa27f1b44368e6508bc478ec879444356b362d29b0a2a0128208f7,ambiguous_metadata_direction,,10.1101/2024.04.26.591310,0e2982673934505a910a2e5fd9fd9cba4ef03feb9adbf6f026e79413f78e3f01,False,
urn:mavedb:00000932-a-1,NEDD4L WW domain domainome 1.0,2024-05-17,981,NEDD4L WW domain,49,fa8e5ff5d1e926202e4bef9d71d3fded2ab0a87e0869bd88c1c12cea7439b812,False,d7f1d6e92bd4b77e38cba755a6976ab132e32a1783dd7bd739f25038caeec717,ambiguous_metadata_direction,,10.1101/2024.04.26.591310,175be740829475149594f3a7bb15cd7a01a1b384687d556dedec21103784806a,False,
urn:mavedb:00000933-a-1,NEDD4L WW domain domainome 1.0,2024-05-17,881,NEDD4L WW domain,44,4ce05a0fa61947a6a5741bdc3c5c8f5564a231df6950686c0088dfec109b5b5b,False,3a42820d9a27780f2a8bde7f8e83192bf50e12d91b4fb3bc7261f63f2d942b99,ambiguous_metadata_direction,,10.1101/2024.04.26.591310,d53f3044f6b25d3f563d62b18d9f6c5d00fc565108335b007c30be2468b299f2,False,
urn:mavedb:00000934-a-1,NEDD4 WW domain domainome 1.0,2024-05-17,921,NEDD4 WW domain,46,c5389500544d7e2b1a17e25aca8effa5b6385402f89ab34a88c60dd73a7c5625,False,5d0ee54cf32e4d39ae55453167b6fcedec23e427341afaae39aa6026bb96c8bf,ambiguous_metadata_direction,,10.1101/2024.04.26.591310,3d6a4c2c8c4e013ae601fccf612ccc50b13925381d8aea4fc7d1b133d04e60d3,False,
urn:mavedb:00000935-a-1,"NEIL3 Zinc finger, RanBP2-type domain domainome 1.0",2024-05-17,601,"NEIL3 Zinc finger, RanBP2-type domain",30,1decca60c8021fd86addcc67cb274bb912f2675f8ad9b26a8bb633f6977cf53f,False,cd85cadb7a5c26488bb2562effdde85881d0a966fd498ecf305ae5bc4bce8eca,ambiguous_metadata_direction,,10.1101/2024.04.26.591310,5c0242768d67f6ca584c2ff765899040058bd8f3e7e1a7119ad99183a5f387b7,False,
urn:mavedb:00000936-a-1,NPHP1 SH3 domain domainome 1.0,2024-05-17,1201,NPHP1 SH3 domain,60,5d30ad7a5cfd8844c003f60aca482d2295d0eec74e9497d67d200f9ae0c0c01e,False,878b50accd4ac308a8388f22dbd3220676dbc67c6aae88f83b0f485cc9a8179b,ambiguous_metadata_direction,,10.1101/2024.04.26.591310,1ea609807526736e1da4d4c8a221be0240be5962c1d940621cea809c6529e831,False,
urn:mavedb:00000937-a-1,"NR1D2 Zinc finger, nuclear hormone receptor-type domain domainome 1.0",2024-05-17,1381,"NR1D2 Zinc finger, nuclear hormone receptor-type domain",69,0f88d0d67c496cbb17805214fd2f37c8f08fd0f08b6c02ce45a533f1afbec067,False,9bacbb37e3bde36d49754b3a33904e9b4c02272af790ec93846102b14612c251,ambiguous_metadata_direction,,10.1101/2024.04.26.591310,a9a65aba3f44c7d4cb7ec851f72634144f2c814a9779b99bd024eb7cec785273,False,
urn:mavedb:00000938-a-1,"NR2F1 Zinc finger, nuclear hormone receptor-type domain domainome 1.0",2024-05-17,1541,"NR2F1 Zinc finger, nuclear hormone receptor-type domain",77,de618fc288b0350719d20df6854aa95d3b3fca24b2e4a5b70d2fd609926f951f,False,d2d36d377a96cae0f669fc25c99c1649a797570d5c76a17bc58ae6290d22b54c,ambiguous_metadata_direction,,10.1101/2024.04.26.591310,6a1d8fb1ad32d5731f66d16ebaac8d610eb6216e2defc9bf1fded73b08436fb8,False,
urn:mavedb:00000939-a-1,"NR3C1 Zinc finger, nuclear hormone receptor-type domain domainome 1.0",2024-05-17,1521,"NR3C1 Zinc finger, nuclear hormone receptor-type domain",76,eec791d7db033788f590620919f952201a20152f70c4fe7df1f98e7684fcaa71,False,dde7b8cdca2a62e2f43275f610419bb5a3779b162391843101b76957219403eb,ambiguous_metadata_direction,,10.1101/2024.04.26.591310,4ef8528d4e0e6be4e7015d5cf245b8243d9b368d42cafbb4934a183b28c43d52,False,
urn:mavedb:00000940-a-1,"NR3C2 Zinc finger, nuclear hormone receptor-type domain domainome 1.0",2024-05-17,1521,"NR3C2 Zinc finger, nuclear hormone receptor-type domain",76,c0702ea71e754f3057fca8289f6055fe82a8152c51a35f05b29d46c9ee2e501a,False,1ffa7e9cefedac2f51aea362cfd17847a9d3f6331cfbf6a9fd57c9c1e149ee0c,ambiguous_metadata_direction,,10.1101/2024.04.26.591310,7fd99ec47366319293f36c6a7324ad65ac7d98cfb5afe5a31bd756b5b447944f,False,
urn:mavedb:00000941-a-1,"NR4A2 Zinc finger, nuclear hormone receptor-type domain domainome 1.0",2024-05-17,1541,"NR4A2 Zinc finger, nuclear hormone receptor-type domain",77,4152aaff95f22b0231799fcdb34690baed5107f3ab9aed2ed0c5694729f8decc,False,9d7785e359f57381fed4cdc88174f100298208f2dbc15db234ca322499ba58b4,ambiguous_metadata_direction,,10.1101/2024.04.26.591310,9da23f72b1657103db167b32733fa810bd4130423a6d7d0203166b113689e9b3,False,
urn:mavedb:00000942-a-1,OTX2 Homeobox domain domainome 1.0,2024-05-17,1121,OTX2 Homeobox domain,56,43800732255f816870e46496332413ae33baffaa2255e3fcb39698fb3867ef39,False,0a717b0bf986902b7f4da29d91338a6a44b7ba4316485ddd0e0d79c41734bb91,ambiguous_metadata_direction,,10.1101/2024.04.26.591310,7152e038f269002abfdc918f78b4cdee1b3f53db1d9b4d38bbf0c8c9ffdf93ea,False,
urn:mavedb:00000943-a-1,OVOL2 Zinc finger C2H2-type domain domainome 1.0,2024-05-17,461,OVOL2 Zinc finger C2H2-type domain,23,0878097613003e0bdf12bc152c4db130334f6bc19d89fefaacb399e764f40fe6,False,e52dd694843ba9a42ef72afc1a8772532f5de72f2d5bb553520ae9f3df15087a,ambiguous_metadata_direction,,10.1101/2024.04.26.591310,33e4d2371d0fe589dc71d50ea15187d9aacd4b9fe29cec8fe342d3f3e6dbb2ce,False,
urn:mavedb:00000944-a-1,PACSIN1 SH3 domain domainome 1.0,2024-05-17,1161,PACSIN1 SH3 domain,58,e2c177ff155871ee5ac3a75924a81110cb4f44b2d1f239704fe4c3066a245ed1,False,cb77264faf0668379a2ba63dce60e4145e7a6bab242ecf1db15f3c111a5797f2,ambiguous_metadata_direction,,10.1101/2024.04.26.591310,f22a3d8d9ad388575ac56d7e6cbecc012f4add64602b1b296b07406b396c02df,False,
urn:mavedb:00000945-a-1,PACSIN2 SH3 domain domainome 1.0,2024-05-17,1181,PACSIN2 SH3 domain,59,79f067fc1f20ac3cab7e0df541d190815f450906b5baef39ba0b2a3e8398e7ab,False,c22cb659c7dfc55164207cb4ea0da87259147d6eb8951e013527c73245c47efe,ambiguous_metadata_direction,,10.1101/2024.04.26.591310,1d3b945c7e5da2845a27f5d75dddcf4806c6dc974d251f3dba9aa0b8a5c5d98e,False,
urn:mavedb:00000946-a-1,PACSIN3 SH3 domain domainome 1.0,2024-05-17,1181,PACSIN3 SH3 domain,59,a2599af57388e4a18cf77f268aa0cdb6c2fe44082ad4f7584ba04a10c7bae519,False,db9f7b7328cd6a1cfabc230b6b76121f04c685f666cdf15f6b94f251779e581a,ambiguous_metadata_direction,,10.1101/2024.04.26.591310,bb5886c4b3549955abb0113339d87fec3e003c60bfcb00c360d3fe1cf2600db1,False,
urn:mavedb:00000947-a-1,PARD3B PDZ domain domainome 1.0,2024-05-17,1781,PARD3B PDZ domain,89,0fac20bb6ef44236290c9331c2a5c6d965b8881ca2e96368bf21efe7d112295f,False,b790d41d9021c2f9f4a6cd821e09c778c94ff73afcf23f82493200cdfeed6c53,ambiguous_metadata_direction,,10.1101/2024.04.26.591310,5ad89b5b7a4a0eaf9fed23fa0484dbfe3962f95c7307130a78e454c83ee44932,False,
urn:mavedb:00000948-a-1,PARD3 PDZ domain domainome 1.0,2024-05-17,1861,PARD3 PDZ domain,93,67ec8034cb4b5abaf35cec8461f0a5f887053062a57efaa2665b0ce256de4f98,False,6a410cd5dc384d5bdf3203700bd2b450715d365b2b5ee3492bd67ac7389b9bbe,ambiguous_metadata_direction,,10.1101/2024.04.26.591310,c193c26b54f4872cb0853809ad73aa22a87e6c655cea1f52b20e25805240a206,False,
urn:mavedb:00000949-a-1,PAX6 Homeobox domain domainome 1.0,2024-05-17,1101,PAX6 Homeobox domain,55,ae367c5fa2360a1b5024dad61383acc02a5c5913bf101e9cdff9fedeae81b8de,False,21a2846e9e88c5b6ac1f60310750d83f92ec7583041a4296ea1d1b990654483b,ambiguous_metadata_direction,,10.1101/2024.04.26.591310,fc1b6fa30cfc07982adadcee885822ca31ccc99af565c75359c3bd8bdca74708,False,
urn:mavedb:00000950-a-1,PAX7 Homeobox domain domainome 1.0,2024-05-17,1121,PAX7 Homeobox domain,56,6ce871f5b509cbd53fecdb2bb84a42c20955a4d5f3242bd5860e07d6b36a9d0d,False,2f6459c056faf0519ad4a2851865913cd994a4efad592521e3ddb96bf5632415,ambiguous_metadata_direction,,10.1101/2024.04.26.591310,e1a871a011f0322553c032b016a8a3c4df6878dcfa854dbd974ce1c8e858bc2b,False,
urn:mavedb:00000951-a-1,PBRM1 High mobility group box domain domainome 1.0,2024-05-17,1241,PBRM1 High mobility group box domain,62,169097715acf24ffb85908888409d4bbb81017755beff00fd1fb2e1a79ee69aa,False,780b77c6714e36d92e8fcf85d0b81354d1a0da6540a24866043c4520e9780ad0,ambiguous_metadata_direction,,10.1101/2024.04.26.591310,0fbcd3d0104ea5bb55043d3b1fd99a58420d98993675b283f9df28595582ab34,False,
urn:mavedb:00000952-a-1,"PCBP1 K Homology domain, type 1 domainome 1.0",2024-05-17,1461,"PCBP1 K Homology domain, type 1",73,303eb29c89799ec873cee91bca54dc28f8b04d8f3be16afd0170ddd4b20440ff,False,adb68684c59db6864a4a3e27173dc1d823296bce20c0e495b346d192f1bc464f,ambiguous_metadata_direction,,10.1101/2024.04.26.591310,f7bf953030f3a875b90c5529dda58f37a614a39a4b429d7d75b01b24a96aa1c2,False,
urn:mavedb:00000953-a-1,"PCLO Zinc finger, piccolo-type domain domainome 1.0",2024-05-17,1141,"PCLO Zinc finger, piccolo-type domain",57,534dd1944b26596e7938b826e8b5dcfc9d784125dc548676470146cc68ed5a2f,False,8dfe33520054e12f7d5084896d2df3df5381cb90522cdb5594ad24450ffe1b0f,ambiguous_metadata_direction,,10.1101/2024.04.26.591310,def2a3437c7702e4f664960b9a2f9c4d7e266c1e740f32fc706f239196df2717,False,
urn:mavedb:00000954-a-1,pdhC Peripheral subunit-binding domain domainome 1.0,2024-05-17,961,pdhC Peripheral subunit-binding domain,48,5821cd2aee7cd651c9af56f58767df1d96fe319794492c737f9ee0ef3c3ea458,False,f060b796d73e353096ad29bb3d35efbe1eaad8ce6afbc54b99cdfbe18fbf1d82,ambiguous_metadata_direction,,10.1101/2024.04.26.591310,f671bf36599bbeefe5a7247397cb5c5267cf6897957aa51c62d181de07404099,False,
urn:mavedb:00000955-a-1,PDHX Peripheral subunit-binding domain domainome 1.0,2024-05-17,941,PDHX Peripheral subunit-binding domain,47,585fccfd762605daa13b85f12f30634ffc717fc8a0d05ff7b843468b85fc3ab7,False,753f691151bc172f20b977c4aedd992722db2e98876f39561c7e9776e9a29ba9,ambiguous_metadata_direction,,10.1101/2024.04.26.591310,84a574f7a9d17ce9e213403e77641cbb00e8460d7edb494f004eb09d9c087310,False,
urn:mavedb:00000956-a-1,"PDLIM2 Zinc finger, LIM-type domain domainome 1.0",2024-05-17,1121,"PDLIM2 Zinc finger, LIM-type domain",56,1b8c05e80bcd1f9db7b66504bcf02a1749ff2020d8f80f7dab85b94140b07a2b,False,b6fc955af4c7ef39d11b040c9a7734238a966e7d5418e610e55af3386dd105d4,ambiguous_metadata_direction,,10.1101/2024.04.26.591310,5f9e9130433c31878f457e98c3ebc9e4b0dbba4cfbfb911b6bd8a69760ec2d33,False,
urn:mavedb:00000957-a-1,PDZRN3 PDZ domain domainome 1.0,2024-05-17,1801,PDZRN3 PDZ domain,90,f595f89616feec1cea33b7054493d3b7513c98e0c2b6bc9ca2dbcfef27156172,False,c669344202df0ce8403390055dfee291aace7793683b3231284091b901305715,ambiguous_metadata_direction,,10.1101/2024.04.26.591310,886ee548cd5ea02e3572a55be1957120f76764ff8145daec31260c27571f8f83,False,
urn:mavedb:00000958-a-1,PDZRN3 PDZ domain domainome 1.0,2024-05-17,1901,PDZRN3 PDZ domain,95,6b44e4b1e71b50b10096e209cb5ed83d892830de498c78d9a3713dfba9679533,False,7d90d71c0219b33df3070fa0334d222ef3b7f7495055955304f82c703ccece06,ambiguous_metadata_direction,,10.1101/2024.04.26.591310,cabf6a8adf50704ce3c2b1cc877d3c971a87b71fa32cfef3f2a2b446c01abada,False,
urn:mavedb:00000959-a-1,PHOX2A Homeobox domain domainome 1.0,2024-05-17,1121,PHOX2A Homeobox domain,56,9c0f6e0eed1f649d4d20fc8fd3428ad21a85b8a27f3c4467ea820c6df5a10f61,False,c5b58efa01909b25b9eeab79fef41846f78ea51c3b5b056efc5b48ad523d2c56,ambiguous_metadata_direction,,10.1101/2024.04.26.591310,73944b8ea1720b56dd3f336fc14a8e613a9a782bb7ab3e4d804f721f38b1d500,False,
urn:mavedb:00000960-a-1,PIN1 WW domain domainome 1.0,2024-05-17,801,PIN1 WW domain,40,2ea4ebaa6beb754a55fe2c3ba1cb9801bfef01ad0df8e6ad761f337b0fb80501,False,fb9ea2259d3330a0435df1b48679765cd13fce8cdf249a9f1683c6736c0439f2,ambiguous_metadata_direction,,10.1101/2024.04.26.591310,f7f34b6bf54e3f9e8f3e8ab5f8843545be3e7453c57e6f0a9fc6c918c40dcf66,False,
urn:mavedb:00000961-a-1,PKN1 HR1 rho-binding domain domainome 1.0,2024-05-17,1221,PKN1 HR1 rho-binding domain,61,7559ff8f3c76804e9376a94299b8d8ed7f63ace082910cc661d48b0c13212184,False,87d8dc17a1da86484d69473f634ac0276424ef8d02a33c07649b2cbc2d675c8b,ambiguous_metadata_direction,,10.1101/2024.04.26.591310,75e58ceca8f3325a7d7fc8caf694220dc86398d4de09478d393644da83bd8123,False,
urn:mavedb:00000962-a-1,PLCG2 SH3 domain domainome 1.0,2024-05-17,1121,PLCG2 SH3 domain,56,71fbae8891dec0c42d2bb927d0826ff7d2b15b6fc9832e4791962816074dcef0,False,12c7b54c52b1e20b8dffd727b3e82fea44866ea80377ea5380e742d708c08acb,ambiguous_metadata_direction,,10.1101/2024.04.26.591310,49758be9a5424697137584973bce5aa6ea3e2e1c12060976e55716bd95688a93,False,
urn:mavedb:00000963-a-1,PMS1 High mobility group box domain domainome 1.0,2024-05-17,1321,PMS1 High mobility group box domain,66,654407be719352ef536599bbf50640ac8614f9748d825eab94e8f94d1b779c8c,False,488d94ee545cb6a3c208216d15bb502cd4e17454891635f114e9818d3f9f8ed9,ambiguous_metadata_direction,,10.1101/2024.04.26.591310,afae4b2cfc44ba7235da52b5d7552682b52d239a0b4b8f96176cf8eaada2ff9b,False,
urn:mavedb:00000964-a-1, Potato inhibitor I family domainome 1.0,2024-05-17,1361, Potato inhibitor I family,68,b06ba77cb9656c2623322df1d203d0fc3d865f3db6bb1990c849b14a24878656,False,03cbca5f0ca847c1586e9b437f51c47cae65fe807d481a76d7a1239b8ac98022,ambiguous_metadata_direction,,10.1101/2024.04.26.591310,e8a5a2f86cd22b88bd25c4bc134de20bd4e5193a60f6475627d91f47ecb9058e,False,
urn:mavedb:00000965-a-1, Potato inhibitor I family domainome 1.0,2024-05-17,1261, Potato inhibitor I family,63,dd005937bdc1ad8fef672c3d610baae1fa6d395a7d9e0aa8459537d5af07838d,False,2b73dfbccab1a25464ac6ab49e48b41befcbed2133181e118a28278cdac0735e,ambiguous_metadata_direction,,10.1101/2024.04.26.591310,857c42c6c264ea6dcbe702b676508d43dac9974c9c68ce19cfb301e43d929465,False,
urn:mavedb:00000966-a-1,POU1F1 POU-specific domain domainome 1.0,2024-05-17,1381,POU1F1 POU-specific domain,69,58f9a00a13a6045eabfaa9780da06d36a32a7e529ad2cdb0473231e70292b3d6,False,0531d56bf239208595eb00c7847724e81505b54a11963efe0676d6e9e0d80629,ambiguous_metadata_direction,,10.1101/2024.04.26.591310,67536aa86d64fd5d56169411d0dc3e951aa1bde7e53cf982099384d76c1f6299,False,
urn:mavedb:00000967-a-1,POU2F1 POU-specific domain domainome 1.0,2024-05-17,1401,POU2F1 POU-specific domain,70,2fa9f0d50f4a65fa9f1accc5da6b2a0f520cfe386083b4edffa06261bc48644c,False,85209e667ea4d0c316c58063961c2ab5ca4dd49c64edac55406bf8e49cc6e31a,ambiguous_metadata_direction,,10.1101/2024.04.26.591310,ae0c6f099c07aa985d77e565fe729af9848dbe39c9f08ca6595b64a49458964a,False,
urn:mavedb:00000968-a-1,POU2F2 POU-specific domain domainome 1.0,2024-05-17,1401,POU2F2 POU-specific domain,70,44fa5a87d7dff9dd5f01936e8c6733970a9ad5675b88abf1a6cc9dca639148c2,False,1d71db30ff40ff211cc4e7a53cad4bccafa904200f864a82a70cc447d1b7fa44,ambiguous_metadata_direction,,10.1101/2024.04.26.591310,89362ada6578554601058e04f39bdb664850f71a2c957255cfd014f1832fb2d0,False,
urn:mavedb:00000969-a-1,POU2F3 POU-specific domain domainome 1.0,2024-05-17,1501,POU2F3 POU-specific domain,75,0ddc18103428ebe506327ee6e59b51fab80ca8e956da6a966fef2f48e381cf2b,False,e9104e099423e1d29a137c9469a3b59aeab92d4447475c814aa032412db42302,ambiguous_metadata_direction,,10.1101/2024.04.26.591310,a21f8dc97c90acc41e9a1f67153706bb37b839a10a1db5e33d844ead270b2c12,False,
urn:mavedb:00000970-a-1,POU3F1 POU-specific domain domainome 1.0,2024-05-17,1561,POU3F1 POU-specific domain,78,4b2d6cb3c3574840c4dbde7222ec196ad6be7a55f1e3e4bdcb1ad05926d71282,False,6b5c93a63027150bf921a27a6d876b1a18a309f1a2250efc20c25f5cee770f68,ambiguous_metadata_direction,,10.1101/2024.04.26.591310,896d49cbdae2e6525c02505dd7fa5b952597f3417fe572be484cf60027e9f799,False,
urn:mavedb:00000971-a-1,POU3F2 Homeobox domain domainome 1.0,2024-05-17,1121,POU3F2 Homeobox domain,56,035f5b0460c0caf203e8de0f4ff5fdf429c4b18911ea99b2e7df5039e4083fcb,False,f792c5e87b6b7415753299a791ea23724ced9c6f50562d1c72411f51e81612c4,ambiguous_metadata_direction,,10.1101/2024.04.26.591310,45dcddcee45460c175a8a81b4c61ab53dd0d780428ad5b2b990a029ac2c74256,False,
urn:mavedb:00000972-a-1,POU3F2 POU-specific domain domainome 1.0,2024-05-17,1541,POU3F2 POU-specific domain,77,d0889e7fe57878a9a8af66a5b499863764362dbcf4e87e03aa8631a755bca21a,False,304054386489575c280569f2d0c4e134adae04ed8fc2c2f8cb03445804de309e,ambiguous_metadata_direction,,10.1101/2024.04.26.591310,60531ef88a70a2d16feeb8d2388dfb8efc0d1d66d9054603d9c4b7ee1dd65293,False,
urn:mavedb:00000973-a-1,POU3F3 Homeobox domain domainome 1.0,2024-05-17,1121,POU3F3 Homeobox domain,56,885d19c83b45e3df77daf69c696c493cb1f63c050a7807cbe49a5f4c27318dd1,False,c9191c4a13d5c3fce33b1392c64b171346a3e425bb38b67f08dc8ec5c78cce00,ambiguous_metadata_direction,,10.1101/2024.04.26.591310,6cf9599ee27f300674fcff12591c9514c712ad5f9d25fbd67932044f94a1b4ad,False,
urn:mavedb:00000974-a-1,POU3F3 POU-specific domain domainome 1.0,2024-05-17,1381,POU3F3 POU-specific domain,69,94a116a374786c416d02382e59f7c1b59e7624e543f1d4ab8f3b40544ab8f6ed,False,fc36dac0240d95aa1fceeb93040cbd7f08a44572c7cb84a43743f51df7892a03,ambiguous_metadata_direction,,10.1101/2024.04.26.591310,82d71b896b5620d7d0b1d6197ce2e4f22f7c121f2ca4f1625ad924b7a9e95e0a,False,
urn:mavedb:00000975-a-1,POU3F4 Homeobox domain domainome 1.0,2024-05-17,1121,POU3F4 Homeobox domain,56,65f851be3dcc458d101122ac4bfab87410b08e98ba9a05e02776a1a3f83678ec,False,2365619c7c7332cdef20fc28d6521a72c0bb280e2e87b0d7b7ea4dc1e1480c47,ambiguous_metadata_direction,,10.1101/2024.04.26.591310,8b4c4f1844424b9a5ef439946c8f21b4263aed2bdf89ea3bccdc895783ccd2a4,False,
urn:mavedb:00000976-a-1,POU4F1 POU-specific domain domainome 1.0,2024-05-17,1641,POU4F1 POU-specific domain,82,e5de26cd390087059669b0231b1e1501e04d6b65fa5bfd16c45503fe0686d763,False,d907a0716c143adf3f6e1bc0042eee6cdbb959322f96b460425a3d28febd9835,ambiguous_metadata_direction,,10.1101/2024.04.26.591310,c53a088d84def4ad3d842cbdc7a0a91c0cfaa26d23679f3d7ebdac2944b5159a,False,
urn:mavedb:00000977-a-1,POU4F2 POU-specific domain domainome 1.0,2024-05-17,1441,POU4F2 POU-specific domain,72,ea6782ccbe8d52ad19419f5e9eed2a92a29e2cc6194dbb0f806d988658da2da9,False,377e590b0d6c126c7d90926d2a9bef718d07425ea95b959f1639f83ba8d4461f,ambiguous_metadata_direction,,10.1101/2024.04.26.591310,cc8c20066d76042e5df42d839deb10df38315830b06b6be1fea204ffd20955a7,False,
urn:mavedb:00000978-a-1,POU4F3 POU-specific domain domainome 1.0,2024-05-17,1441,POU4F3 POU-specific domain,72,9d28de30af44151c4503e68d0ac9462a8f76461258d20b57f497f7fe1c35af43,False,921f2499cde5d1fa7afd5dafc12f95aee02fe89d25a4d545b51792e3e41623fb,ambiguous_metadata_direction,,10.1101/2024.04.26.591310,b507eccad250cf8feaa2fa1d9b2df3b76404580955f56be9d213108f3b0a7cc7,False,
urn:mavedb:00000979-a-1,POU5F1 POU-specific domain domainome 1.0,2024-05-17,1581,POU5F1 POU-specific domain,79,336986d041bde91832804f3ca83e988d6b348197383aa57d46136d8158f966c4,False,686853aa2b6aa6e933d7fd816bf531532203e398f5d7713897a21e29da579969,ambiguous_metadata_direction,,10.1101/2024.04.26.591310,f12f04e89fec1e59b7716086df4ee99a25d82bcc91972416b3fbdcbded703ec8,False,
urn:mavedb:00000980-a-1,POU6F1 POU-specific domain domainome 1.0,2024-05-17,1801,POU6F1 POU-specific domain,90,07bb169b1ffb5b1bc135679e8687c99f0dc9c2d0df6b2a61a6784c843e069e64,False,b74e49fbc175a01dc346198410c100070428ff0777b2e5181c4f8d0fe1c022b4,ambiguous_metadata_direction,,10.1101/2024.04.26.591310,2f1eb1be09fdef5feea83bc1ba6a3d9c00b8ffbea32b574a13efe402c4d5eb2b,False,
urn:mavedb:00000981-a-1,POU6F2 Homeobox domain domainome 1.0,2024-05-17,1101,POU6F2 Homeobox domain,55,89b5f61608bb87c96e4df1bd264c8897e13b2b29d991b6f3b90db598a247b14b,False,138b6c459fff7738312c4d4bb6285dbf2c9b32d3ea5f2f07ec63126f96771572,ambiguous_metadata_direction,,10.1101/2024.04.26.591310,11dcb9c31c2f7b52046c24dffe4af1faefb08d50ad8f5b194be265d15cffda47,False,
urn:mavedb:00000982-a-1,"PPARD Zinc finger, nuclear hormone receptor-type domain domainome 1.0",2024-05-17,1501,"PPARD Zinc finger, nuclear hormone receptor-type domain",75,9faaf0eadba338be9b08a505d7816de7bc61132100eea541f539ff982a79203e,False,df75980dfb8dfce860a906d553f961f8b8534e023317f436d0464d4c757a4881,ambiguous_metadata_direction,,10.1101/2024.04.26.591310,205dfd68a2095be12af7da56f9e2c0ab024bfd0305872d4192c13dfa664d3014,False,
urn:mavedb:00000983-a-1,PPP1R9A Sterile alpha motif domain domainome 1.0,2024-05-17,1261,PPP1R9A Sterile alpha motif domain,63,591e90981c79b0668a6ef7725caa3ae48cc5c3a222bdf07d7b05fae4c4549867,False,97f0bc48e8ff1467006a2b18da3301381b7ecfa8d84af51868c1a62adfab87b5,ambiguous_metadata_direction,,10.1101/2024.04.26.591310,073bf4003b3af4b1ebaef5e405e92fc60b654fbd09cf03d84ec29801a8344b6f,False,
urn:mavedb:00000984-a-1,PRDM15 Zinc finger C2H2-type domain domainome 1.0,2024-05-17,441,PRDM15 Zinc finger C2H2-type domain,22,90d2afd0de90bd45b32e05ed3c73ca7f9ddd48137402f9ea470cdc70f1dbf598,False,7108f00e1124fe13a5f65e04dd9070536c37af99b4336ba78d7262fc2c316226,ambiguous_metadata_direction,,10.1101/2024.04.26.591310,7191cde5c0e625b50e3db44eb6931268ec71e9ee0fb7f7d79a3d0ba3310c7565,False,
urn:mavedb:00000985-a-1,PRDM16 Zinc finger C2H2-type domain domainome 1.0,2024-05-17,441,PRDM16 Zinc finger C2H2-type domain,22,66e410cd5dae3155a9612a042dc519f38314c55ede8bc2df0cc37badcb592405,False,0f267f7ea83598fdf2ad9c2411c892ebec0121e4b8a27597f94fa3062d9f551d,ambiguous_metadata_direction,,10.1101/2024.04.26.591310,23b07e5f8ba694a563a55653ccb3355d937b346ceecaeed7ae76096668f69a06,False,
urn:mavedb:00000986-a-1,PRDM5 Zinc finger C2H2-type domain domainome 1.0,2024-05-17,461,PRDM5 Zinc finger C2H2-type domain,23,a1fbc56a2cc1ee64dd4f9c5f1619c5922cfa38bee701e43e36fa1eaf20b5801e,False,e6954a38cfc107ed13cf0bfe66775758a3bd00a71258bb225b15ee2fcd845df3,ambiguous_metadata_direction,,10.1101/2024.04.26.591310,ca90ae5d871b94ea011e34fefed8ea1abb2822b47d78cd254cb05723c8c59d3a,False,
urn:mavedb:00000987-a-1,PRDM8 Zinc finger C2H2-type domain domainome 1.0,2024-05-17,421,PRDM8 Zinc finger C2H2-type domain,21,c0acb2a983b66d465df9aa2bbcf118806f642189e3bbaf7bebcfd35df13566fc,False,80fb016bc79fbe1242cb61b917fc00790c465002da0ba33fcdf003060229571a,ambiguous_metadata_direction,,10.1101/2024.04.26.591310,64c349e987c0a391021c2c9d92e74b4a0aaf56e315c278a188a4e26e3990a5b1,False,
urn:mavedb:00000988-a-1,"PRKCD Protein kinase C-like, phorbol ester/diacylglycerol-binding domain domainome 1.0",2024-05-17,1101,"PRKCD Protein kinase C-like, phorbol ester/diacylglycerol-binding domain",55,21aa481bccd3f0b6cf2b26a67d6473e954ca63f371757a7dc7030c3ed8aef7f8,False,ac27389d9281edb5b2303f8fa1ce3ee3ce926a24e1f87bcdf86c9d2fa72af21a,ambiguous_metadata_direction,,10.1101/2024.04.26.591310,12ae79861b1537591acf1886cb9292c74b0688e82d661bdab77525964cb83458,False,
urn:mavedb:00000989-a-1,PROP1 Homeobox domain domainome 1.0,2024-05-17,1121,PROP1 Homeobox domain,56,dd4b4c75b95021ba7d8eb27cf724ed257271f76ee88e771165f6a5eca9dd83a3,False,10b6fe4e3c6a329afa2e5117b89515aa0c68da9ac5705e4a778ecf312b012fa6,ambiguous_metadata_direction,,10.1101/2024.04.26.591310,d47993a8926c6b39f5481d9787949d42239e4af49e89031b1428b962c733687e,False,
urn:mavedb:00000990-a-1,PRPF3 PWI domain domainome 1.0,2024-05-17,1361,PRPF3 PWI domain,68,ef071bca7244cf141f01a96e1da8d701c08fac463c81e6fe97b850123144a108,False,3eff5f2dabccb11114b55ef916d25a58397cd40d2b13cbb3f1b2d25c2f009489,ambiguous_metadata_direction,,10.1101/2024.04.26.591310,ca113a99f2de135e444fc50ab8d99df4c46e7cc069ffcc2845bd3203082f3cc6,False,
urn:mavedb:00000991-a-1,PRPF40A FF domain domainome 1.0,2024-05-17,1081,PRPF40A FF domain,54,0c2e956d7be751ed4938c961c982eece975a48b7db558249c149ac8110cb600e,False,6f09d03ab32d5164ec92565c626938b609f9c900406538acbcade3198ccd603d,ambiguous_metadata_direction,,10.1101/2024.04.26.591310,5a3451054266ccb92516e7f4ac994863e45c15bb8383c66835c985523547d2ac,False,
urn:mavedb:00000992-a-1,PRPF40A FF domain domainome 1.0,2024-05-17,1001,PRPF40A FF domain,50,d863247402b5a24c80eb9fe894abdd77aa78f4fcc73daefa8b6ee5a7ab055a16,False,8550a3b809d6f679bb53f4e6ba4565fe38a9af75188dedcfc7c50ab6fb5051f0,ambiguous_metadata_direction,,10.1101/2024.04.26.591310,9928b81b94f43d79c0e08544adc444302de95b4845fb8a899e933bca19a8e38a,False,
urn:mavedb:00000993-a-1,PRPF40A FF domain domainome 1.0,2024-05-17,1201,PRPF40A FF domain,60,fd1f58e53ec4433cadfea614d709b07c4a25046bb61a7e10bfd7601b3a57f842,False,c7a8752e060a5e4421713b9f5e20dd0c118bb90d961ed056d8a6dbddf9d539c1,ambiguous_metadata_direction,,10.1101/2024.04.26.591310,1257783034e113758e99a38571bc466ec15294eea37fdd7b015f2dc28de2efa0,False,
urn:mavedb:00000994-a-1,PRPF40A FF domain domainome 1.0,2024-05-17,1101,PRPF40A FF domain,55,2696056fab25f4fcd43e82ba7a858ac2ee7716d10bc5c0d5bb7706056b3786ee,False,e2f2ca7e711a621c2300a36d89bf72660e3222e15fc21e0f0e0668c548a856ca,ambiguous_metadata_direction,,10.1101/2024.04.26.591310,cb9f2494fc1222b676b34d07dd468360325f58bc6ab027d5fdbdff69b70521f4,False,
urn:mavedb:00000995-a-1,PRPF40A WW domain domainome 1.0,2024-05-17,1021,PRPF40A WW domain,51,c5ed58a705f480873bff2531c3655b3256796d2d1475e871ecff7c7da53c7d5f,False,112f52b688d8b46645e80671817037c57f1c4afd49ce3496592891e0033ec5b1,ambiguous_metadata_direction,,10.1101/2024.04.26.591310,07c4421b5e1521268814e4d36d92e1c06924abef6c2eec4ff54b56f0e7981deb,False,
urn:mavedb:00000996-a-1,PRPF40B FF domain domainome 1.0,2024-05-17,1181,PRPF40B FF domain,59,32643312529d1ffd95bd8987c7456e71bbc3a1f3162695cc81c2ad9db0dc7e41,False,7b7009fc372a40ff759b0331c6052b7c17f18d035f2bf1a9a65787bae8e2ae60,ambiguous_metadata_direction,,10.1101/2024.04.26.591310,bbf71fee4175ee830367fd580146292f49214ac12d37f642eec0909efc3ff1c3,False,
urn:mavedb:00000997-a-1,PRRX1 Homeobox domain domainome 1.0,2024-05-17,1121,PRRX1 Homeobox domain,56,d9d1d4e5c75a573d8c6aecfefddb1dd182438ea8ffc365bd011795bb9adce821,False,90a3a88b6e74381513362048ab213df2248bb1d64fbadf884325798458bb8eb7,ambiguous_metadata_direction,,10.1101/2024.04.26.591310,c41d5878e0bef52405500bebf8895a73aab5f8fe3a0a72d21502832dbb50d271,False,
urn:mavedb:00000998-a-1,PSTPIP1 SH3 domain domainome 1.0,2024-05-17,1121,PSTPIP1 SH3 domain,56,c8e8c84b51514d66358d7bf0537c3f8175576c772e169dfa8aa3c51849e30e22,False,d8a89e7dd75fb226cae3a4068ac87e045c367acd6f0817a863ef905453de5b78,ambiguous_metadata_direction,,10.1101/2024.04.26.591310,83d71213876d95d2d44f4c7cd36f4f3071c5363a70ccb05e7f9fdad48368a598,False,
urn:mavedb:00000999-a-1,PYCARD CARD domain domainome 1.0,2024-05-17,1621,PYCARD CARD domain,81,ff714cd41c307a7a41a5ab6c4d269a9e8700b073c859aa7216fe627c8fe2470f,False,806eade9193e1fff759361412b84539011692920a34163fd19e00ffea65cd45f,ambiguous_metadata_direction,,10.1101/2024.04.26.591310,6579f70d0c0601c65c058dd97cf9b9650d3786a1965addeb3d532886eac89cac,False,
urn:mavedb:00001000-a-1,RAD23B Ubiquitin-associated domain domainome 1.0,2024-05-17,901,RAD23B Ubiquitin-associated domain,45,6018972a41edaf8ff144fe7c9ccdb0aff96852bee526381a8b8aa83e1ad7193e,False,bc950675d62e0218966e7725a61653cea41a5dfb9b221f4cecf457131e6c470d,ambiguous_metadata_direction,,10.1101/2024.04.26.591310,c5458c84c3e1315802f4820dedd493b082cef09c18ac3410c018f15019bd16a4,False,
urn:mavedb:00001001-a-1,RAD23B Ubiquitin-associated domain domainome 1.0,2024-05-17,901,RAD23B Ubiquitin-associated domain,45,8c12f21a8bbbba54e0b3906a8abd95973cfb1dfa82b4795868413120344cf58c,False,4f0191bfeeca4da814a4605f43f16df3840260540597ebac0adf722417c89ab8,ambiguous_metadata_direction,,10.1101/2024.04.26.591310,825be6655906dae9e8a47ae7b756be01ff033a92fc289d361b9f3dba93b36466,False,
urn:mavedb:00001002-a-1,RAF1 Raf-like Ras-binding domain domainome 1.0,2024-05-17,1421,RAF1 Raf-like Ras-binding domain,71,3a14c517bcce2879831f8fbcf04aadeb5b95d8e7629d243a6d11d04e4791bd62,False,58e38fdf0b027244c0ff9be23ad963f3254de47abc9b8a45d10d074f0558dcde,ambiguous_metadata_direction,,10.1101/2024.04.26.591310,514e5bb16274dae49831ecac08bf5af75baab60345da4d82921c4a583011fe4f,False,
urn:mavedb:00001003-a-1,"RAG2 Recombination activating protein 2, PHD domain domainome 1.0",2024-05-17,1541,"RAG2 Recombination activating protein 2, PHD domain",77,0a3108bfa012bfab61945646ed57e5b7ec9a5b88ca6471fc57216d627a3fa0a2,False,8f77b0f892c9174481640d84fee5baa91ee5e43023c1bc670f41ef0ca5fb2a55,ambiguous_metadata_direction,,10.1101/2024.04.26.591310,cc7294ef6957e2851714873653806430b6a4ca1abaad22d223376f7c6eb7c170,False,
urn:mavedb:00001004-a-1,"RANBP2 Zinc finger, RanBP2-type domain domainome 1.0",2024-05-17,601,"RANBP2 Zinc finger, RanBP2-type domain",30,32d9e1439d6233c4be415e1c9805c6fb34b52279d604f0ea45bb113af7789e99,False,1f722ca79dda7c56a5081cbcf1108505282d3ab75121af30da511b0916a65407,ambiguous_metadata_direction,,10.1101/2024.04.26.591310,eda14d2f8db9b10ba6023cb903ce07f596c8f1391ca14c40c8cd007d5c0e60c8,False,
urn:mavedb:00001005-a-1,"RANBP2 Zinc finger, RanBP2-type domain domainome 1.0",2024-05-17,621,"RANBP2 Zinc finger, RanBP2-type domain",31,22071022627e13b431cd20d1e42848527414436d9dc153d40fb0f612f063c13e,False,a3d0ca9ad5c7a80f46b212d026f1e9463ae558f25050dcda9922be5df7e57278,ambiguous_metadata_direction,,10.1101/2024.04.26.591310,5c3ea5e27099df65ef70650965c35a442dc0713899acb42e8e4229128cad101e,False,
urn:mavedb:00001006-a-1,"RARB Zinc finger, nuclear hormone receptor-type domain domainome 1.0",2024-05-17,1541,"RARB Zinc finger, nuclear hormone receptor-type domain",77,6a09bd76cd6a058df9b4cc397de2a16876a433df937e1a7a1a94c59318c5aefe,False,68bc633e4e4404032d5ba85b0ff02075deadd2336535574089c002dfaadecc0d,ambiguous_metadata_direction,,10.1101/2024.04.26.591310,9d06a3b802d6cebff6da9903bd985dfc4db8a21230b617c39802e42a5d1ee823,False,
urn:mavedb:00001007-a-1,RASA1 SH3 domain domainome 1.0,2024-05-17,1221,RASA1 SH3 domain,61,a074d69878a0913808692c44d900379aac1cf6bdd8f0f9be2bb22ae3395087c5,False,e75247dcbef13844721b58261a927f0d31dc73132ac1373c5c30fc8978eadbe1,ambiguous_metadata_direction,,10.1101/2024.04.26.591310,6a7be767e28255a13ff181679a975d59c455d68e7f3ae92c962918790ca4bd66,False,
urn:mavedb:00001008-a-1,"RASA4 Zinc finger, Btk motif domain domainome 1.0",2024-05-17,561,"RASA4 Zinc finger, Btk motif domain",28,3763b6cb481f7103ff51fae187ef8520e6a03fdac7fde61ae4039fb14efc0d31,False,07ce3573658c3e42aea8ee3c62283c76b59d361db1964505579780911659816f,ambiguous_metadata_direction,,10.1101/2024.04.26.591310,518137c9b0ba98cf25dec291ed5e88f7090a68604c222160fe447ad44e0a60d6,False,
urn:mavedb:00001009-a-1,"RASGRP1 Protein kinase C-like, phorbol ester/diacylglycerol-binding domain domainome 1.0",2024-05-17,1101,"RASGRP1 Protein kinase C-like, phorbol ester/diacylglycerol-binding domain",55,e4ebc6357f0f5e1b27f8926c78d8457d0c288bf59123bc5a5c3c5df64461dae4,False,8559c773a7b32b1e71a9569f4df95698afb2616e9797001821856a4e048b6f58,ambiguous_metadata_direction,,10.1101/2024.04.26.591310,9e8bea353029edce65fdc9e601277e3141788dd16cf6d8acb6322b0648311c8e,False,
urn:mavedb:00001010-a-1,RBCK1 IBR domain domainome 1.0,2024-05-17,861,RBCK1 IBR domain,43,60dc8288494bdce33c7375eab107220e61d8bea08bd1c7c64a7b1da25237f324,False,2534487685ee53cd8bd9d3b0e2d7a01f74b895b00662f641614d8c3347ababfe,ambiguous_metadata_direction,,10.1101/2024.04.26.591310,5c36e612486b6fae139d9480fffcef240b13798a365c83b9e6ec5d23dcb9bcf3,False,
urn:mavedb:00001011-a-1,"RBM10 Zinc finger, RanBP2-type domain domainome 1.0",2024-05-17,561,"RBM10 Zinc finger, RanBP2-type domain",28,b253e6b1bc633f6ba51066d1cbec6dfcfeab00e0f26d53600909e844fa92be3d,False,4701be17883892dc4146cbb4be3224252fbc408b85b7a56dc375712f13ee3b5c,ambiguous_metadata_direction,,10.1101/2024.04.26.591310,e0df592493854cbbf8aa04bc55eddd66172679d06d153f5c31746b8bb0009980,False,
urn:mavedb:00001012-a-1,"RBM10 Zinc finger, RanBP2-type domain domainome 1.0",2024-05-17,521,"RBM10 Zinc finger, RanBP2-type domain",26,a020d1be3bde4db8308f21d27b8da66733658f84f7af958fa23eb38355b2c7c6,False,943e790e0ef04f6da79de191f6a0310d64fa86bd06dfbf041bb2b6466d4cef5c,ambiguous_metadata_direction,,10.1101/2024.04.26.591310,ac5923fae721ff05e758641b9f1522c0cc7c0001cc0a8f7532e16cb5652dc317,False,
urn:mavedb:00001013-a-1,RCOR1 SANT/Myb domain domainome 1.0,2024-05-17,1281,RCOR1 SANT/Myb domain,64,4691b3e31468bba7c8287c5a89bea6803ba0536466854185c450a4f156f5a5a0,False,5d7d1b9f0cf3d3ba1febcf29e095b00867b840edddbd8dd59d8fbc3dfc0b6a45,ambiguous_metadata_direction,,10.1101/2024.04.26.591310,a4876d02a3f9e073ce7cc0a210a40a4aa0a3062891dd57e7ba24b7911075f484,False,
urn:mavedb:00001014-a-1,RCOR3 SANT/Myb domain domainome 1.0,2024-05-17,961,RCOR3 SANT/Myb domain,48,b577b1e219b51610a6af199f4daf6dc41a2d407abae183cea9a934dd7846e2cd,False,d75ad244e4d92fecbe1d7a6ee38fba4518ab0cb7e82df9402c8efd2ed65e573e,ambiguous_metadata_direction,,10.1101/2024.04.26.591310,1b82be9123d94308e6bbe8c296824086dbc91fe169f7cda6801f883e5eb7ff9d,False,
urn:mavedb:00001015-a-1,"RERE Zinc finger, GATA-type domain domainome 1.0",2024-05-17,841,"RERE Zinc finger, GATA-type domain",42,9327023b74162a59bb7d6363c0f5a05ea5b4f7ede2d8ebd003c5f6b2a9bd683c,False,d53f36f215ba7e4dab4664f53ec540f2d8e489bf199947f51cf8e57e13636030,ambiguous_metadata_direction,,10.1101/2024.04.26.591310,2964162fa857062895285e248ff899ad74f067289466c98d901ca697547c0763,False,
urn:mavedb:00001016-a-1,RFC1 BRCT domain domainome 1.0,2024-05-17,1501,RFC1 BRCT domain,75,34a01854ab7d0691360e08cffc6df18e75315603d028b70a63dc6f28b06f757a,False,f738468401cb851945d0bdd35cc94b85ea2fb5e796f3eafabc8f1c1eba99e42f,ambiguous_metadata_direction,,10.1101/2024.04.26.591310,3ea6615e6aed8d06c95183aed4792b697a1c4a73d46f32c9a41786a5075af8c0,False,
urn:mavedb:00001017-a-1,RIPK2 CARD domain domainome 1.0,2024-05-17,1621,RIPK2 CARD domain,81,3aa6c230bef8b97cfe8381d063e8264500b6d74949127604f1f524d8805222f3,False,83acae3a656b80434795bfb5c8402690c476d09ade3cc2d02ba9708178144721,ambiguous_metadata_direction,,10.1101/2024.04.26.591310,3666f22d86d3b57651c29ac13d45f3a6ffb8f933373f0ba189745b5271df1235,False,
urn:mavedb:00001018-a-1,"RNF113A Zinc finger, CCCH-type domain domainome 1.0",2024-05-17,501,"RNF113A Zinc finger, CCCH-type domain",25,5d7b132dea91417f63d9094acc0222b7960ad766e538bf902ecee0704e52f89e,False,290153fdca5b9d8787c6b4518b7e4017523a4f60a099fb5e8b3ae5f3d8c15a5e,ambiguous_metadata_direction,,10.1101/2024.04.26.591310,8b638b793e436a463e3b11b3d0ee4ab708a239f5e6a3529891f49fe187426c97,False,
urn:mavedb:00001019-a-1,"RNF126 E3 ubiquitin-protein ligase RNF126-like, zinc-ribbon domain domainome 1.0",2024-05-17,601,"RNF126 E3 ubiquitin-protein ligase RNF126-like, zinc-ribbon domain",30,516ffc849064e74eb835307168ec84fabf663f85ff9228fc620e6f91cbc688b9,False,553a51a15bc03ebaaa438b0e2642b578e0c743e87b30bce5b1656b27fc87b250,ambiguous_metadata_direction,,10.1101/2024.04.26.591310,b92ed024afbae27e9b804156ba2505cabcfe997883e1f717e321cf248cedeb5a,False,
urn:mavedb:00001021-a-1,"RNF7 Zinc finger, RING-H2-type domain domainome 1.0",2024-05-17,1121,"RNF7 Zinc finger, RING-H2-type domain",56,93ba2271355517f1a7d5f581be31ed0bff3b4adacf68fb897be64237c8329263,False,9a2cb40684ec4ce808cd8d2e00dbf1232d81c76b71455db561a19fc5802fe6eb,ambiguous_metadata_direction,,10.1101/2024.04.26.591310,86a3ae42143fa49fc66dac77c7789ae49c3e42bc49d1b4ed7f985c48a46f6ec1,False,
urn:mavedb:00001022-a-1,RPL35 Ribosomal protein L29/L35 domainome 1.0,2024-05-17,1101,RPL35 Ribosomal protein L29/L35,55,201b0f9d876c1187a7776909afd8f625cb9c5d95cad96a1cbcecf9ab8a8e9e2a,False,fe848946c66b4b6805d98bed10f5decb2df42503cb5efe6f477d2a555f1f9e92,ambiguous_metadata_direction,,10.1101/2024.04.26.591310,018a62a0ad82e039fd5d4c8bd17026514b95d80fad7c6bd6084c5918378a7c13,False,
urn:mavedb:00001023-a-1,"rplI Ribosomal protein L9, N-terminal domain domainome 1.0",2024-05-17,941,"rplI Ribosomal protein L9, N-terminal domain",47,f40f4944df910fff58d142ed9d530c0b496991028fbc7016bd4119e994c97a19,False,67b69658a2ca556c5730140fdf15b2a1cb432e9acf5a805edcc6341dee1f4885,ambiguous_metadata_direction,,10.1101/2024.04.26.591310,c95945bb744569b200eab00064e3c60d6ebdb110a01e6d774b63a70c84766d8e,False,
urn:mavedb:00001024-a-1,RSL24D1 Ribosomal protein L24e-related domainome 1.0,2024-05-17,1281,RSL24D1 Ribosomal protein L24e-related,64,6b366abc99e42c71e76309e3201c8caf86f9ccfff70fb8df8923bdc6dd821df9,False,f3f868278b062629f7baeba7cd67645528564e3123dcd36d0b1f49a6d3d36723,ambiguous_metadata_direction,,10.1101/2024.04.26.591310,4d79ddb3cf4e9badbd499edcfc7fbecca76caa306866b2fca590d75994ef59dc,False,
urn:mavedb:00001025-a-1,RSP5 WW domain domainome 1.0,2024-05-17,861,RSP5 WW domain,43,04ccadeba127563a2fd095a59e234e09fe12a1ae0947eddda9a2b9dbed760912,False,70a122155775382aafeb0ed5870361968dce248a428645ecc0dc69d1c8a5be31,ambiguous_metadata_direction,,10.1101/2024.04.26.591310,0d4f4fdcbb003ab661a3aebcf8acc813e93da71c44223fd34da78c1ece4fe505,False,
urn:mavedb:00001026-a-1,RUFY1 FYVE zinc finger domain domainome 1.0,2024-05-17,1201,RUFY1 FYVE zinc finger domain,60,d8de561e3fabb758162cb52e77c63c51f2eec33302152b9d0d3f837d5eaea265,False,55080327153a7a58605f86c448a3343640a3c42955c15d906b6d151c8cab3e39,ambiguous_metadata_direction,,10.1101/2024.04.26.591310,04997fa4c27fb6b37730da66397bacfae868f2d910ea0a095cbaba46be44ae73,False,
urn:mavedb:00001027-a-1,"RXRA Zinc finger, nuclear hormone receptor-type domain domainome 1.0",2024-05-17,1541,"RXRA Zinc finger, nuclear hormone receptor-type domain",77,151068290c1377f9901b581656b4889671d5f63a7e150cf337992052193fa656,False,6eedbebc38fa99b8aaeeda5eca4a583518ecd215eeb0a9b65c3945389de1abea,ambiguous_metadata_direction,,10.1101/2024.04.26.591310,c73a1ada2dd1b032bc78678e7546fc1ba7d7b775f95620d3fe21d8df059de7ec,False,
urn:mavedb:00001028-a-1,"S100G S100/CaBP-9k-type, calcium binding, subdomain domainome 1.0",2024-05-17,1581,"S100G S100/CaBP-9k-type, calcium binding, subdomain",79,01bf5710969aee8afa79b3c839fb9f6e127b63c136a4d95e16648be62bd26aa7,False,c24595f66dc01ebe96d877f13098f2b1d21566e665af5e629c7d3a719cc9eb61,ambiguous_metadata_direction,,10.1101/2024.04.26.591310,fc599cebbfe8a5f2b4620dac7b297ca06d5e77ceb7f4c2a5f9118b9155f7a202,False,
urn:mavedb:00001029-a-1,SAFB2 SAP domain domainome 1.0,2024-05-17,881,SAFB2 SAP domain,44,2f11de67081095c399dd741858b3339caa376dafdcc0dc40ee93f62e4ec97332,False,5a1e128ceb22e915ac40528f47cf429b1dcfd086912e3fe50cf6d8964db12b27,ambiguous_metadata_direction,,10.1101/2024.04.26.591310,3f73dcfd8c32c8411031173cd30c84ff65a3bdbcb63e8077cc878731ef3be28e,False,
urn:mavedb:00001030-a-1,SAFB SAP domain domainome 1.0,2024-05-17,1101,SAFB SAP domain,55,72d0b2db39237a28268210f8660d6a9349ffe7888a67b1012db51422ce4d389d,False,3425c56e22327f59bed9862b21e468ea3f6658569867a506d91d87b25377ef3d,ambiguous_metadata_direction,,10.1101/2024.04.26.591310,9e8951d9350c86fe42ac99ee15ee61625bb8c656aac0af546459741558716cf0,False,
urn:mavedb:00001031-a-1,SALL1 Zinc finger C2H2-type domain domainome 1.0,2024-05-17,441,SALL1 Zinc finger C2H2-type domain,22,515cac188493cb3853ca093548c05f77958fa0d7890831cabe20095b85fc7a51,False,2a5079c7bf9921d3d68894d9c1febab42ffd756364b322c3df423658b31b19ba,ambiguous_metadata_direction,,10.1101/2024.04.26.591310,1c1a03857fb70ff1ef0fbf3ab47c548de1b8b936f3d6600e064e276842e7da27,False,
urn:mavedb:00001032-a-1,SALL4 Zinc finger C2H2-type domain domainome 1.0,2024-05-17,441,SALL4 Zinc finger C2H2-type domain,22,9b66c04bfc5e3023f6e730f8af4f7c22c5d864e76284c7a4d55fd171dd556d63,False,0d5faf60fab237f6a3fc73462a6d559e66f2b446e39ff4e09eb1268662f8f10a,ambiguous_metadata_direction,,10.1101/2024.04.26.591310,c5f131456308912bb41ce081c56900b3135ae8c57b582cdaa4aaa6b4e94b43da,False,
urn:mavedb:00001033-a-1,SALL4 Zinc finger C2H2-type domain domainome 1.0,2024-05-17,441,SALL4 Zinc finger C2H2-type domain,22,898a6eb3095959f360f377f1a524f59b0309362b7b4708e3ae946f9575a39663,False,339e0a3b16ff4d8b9e61e42eb4afad1cd022d914e80c519ec6d2a72a4ab349c9,ambiguous_metadata_direction,,10.1101/2024.04.26.591310,cd67d066eba38bb13e04d53e23e0bd3e2d96c6d282072aad4aae7b9d9ff17576,False,
urn:mavedb:00001034-a-1,SALL4 Zinc finger C2H2-type domain domainome 1.0,2024-05-17,441,SALL4 Zinc finger C2H2-type domain,22,4402d7488c3c86da1255805420447c7394ebde6449bff4e088f9925d805f72d9,False,dd736c9addf407f39848665e4daeeae68fe1e63f68dcfae170a99de0443397fc,ambiguous_metadata_direction,,10.1101/2024.04.26.591310,bd8baa47eb769b6cc1d5b85692fdcaeb1ee1c84870da266cd7abd6bee2536fc6,False,
urn:mavedb:00001035-a-1,SAMD9 Sterile alpha motif domain domainome 1.0,2024-05-17,1461,SAMD9 Sterile alpha motif domain,73,8b2bd5f48d138f283e5154adb336e6259ef9f2710ef6b6fdd1bf09c5a4450c41,False,28e5e8fc77ecfe2d600cf2803889bf61ea702c30956cd66145811b5e3e4c4de5,ambiguous_metadata_direction,,10.1101/2024.04.26.591310,4298f1324482ebdb885af9fdadee028d10bb8ff6d5069591c2dc932113b1c062,False,
urn:mavedb:00001036-a-1,SARNP SAP domain domainome 1.0,2024-05-17,901,SARNP SAP domain,45,5a41fe0873fa28a4916751ce5d2f5b2aa023b6b0793093947052e746af6d9871,False,401694953acfa1929e351fcf910ba6ca9dd27a6ad4fa61db70c8f9fc3766ee0b,ambiguous_metadata_direction,,10.1101/2024.04.26.591310,bd93d061f32ab308a8e924fb68323cfd50460108dfed60010a9757a7138faace,False,
urn:mavedb:00001037-a-1,SASH1 Sterile alpha motif domain domainome 1.0,2024-05-17,1421,SASH1 Sterile alpha motif domain,71,4396906f68c2bc7937e03dcc67ee2d5890b8c40ae8e58a494b4f0ad6fa44bf9f,False,d16b59e65716c54dc0694c41ca8457bf5a75d0ff001e107188601f385435cc08,ambiguous_metadata_direction,,10.1101/2024.04.26.591310,d3d104de4f300d71ddaeb6e7aa5c10c39f0e20ad560ad855a67fc6c4c000decd,False,
urn:mavedb:00001038-a-1,SATB1 CUT domain domainome 1.0,2024-05-17,1481,SATB1 CUT domain,74,6c7c7b406dd2c99cc3fdf4a35246908e62b211707d18c8e9ceb8717eb34814b7,False,d24f930b8c861e76f83d481daca227446e334894381918d7c5238877acdadc1b,ambiguous_metadata_direction,,10.1101/2024.04.26.591310,e028d4971d172bbde4b33aa4c1ba87dd59c833b0f3efa100a0512f6e2ca41e22,False,
urn:mavedb:00001039-a-1,SATB1 CUT domain domainome 1.0,2024-05-17,1501,SATB1 CUT domain,75,db1398705feaea859793e9b7e45a48fa040be2fee682b00125f258143ae011fe,False,9f12d5279934a468d1986bcd5ca3d5a5a1f888a3945e7c3b2fae6e9b3ffd6d24,ambiguous_metadata_direction,,10.1101/2024.04.26.591310,809141f4f93a1b57943a51c5d80daeb098c211e7510e1ed0a1c1ecd1f0fa7880,False,
urn:mavedb:00001040-a-1,"SATB1 SATB, CUT1-like DNA-binding domain domainome 1.0",2024-05-17,1401,"SATB1 SATB, CUT1-like DNA-binding domain",70,ed06b4116cdaa34b97ff687e609661d5aa95928d8cc13f0e5715b1e397c4422b,False,19cac8e11a33a6f6aba4a4a70d108e159b680638781c2dd5a9e66dab2be3dbcb,ambiguous_metadata_direction,,10.1101/2024.04.26.591310,3d1cea37f787a17af5483eff7484602d19e6c70dc447a360213e4f299d57c5c0,False,
urn:mavedb:00001041-a-1,SATB2 CUT domain domainome 1.0,2024-05-17,1541,SATB2 CUT domain,77,cd356c6d9bbebb15b0bfa0df3da1b05dd87fd77e3ba39db8975b12f3ba7c11d5,False,64e1aeaeb1c066772c2aa47f3fa436db4d43a01d6ca8791a7afc672bb1857c4e,ambiguous_metadata_direction,,10.1101/2024.04.26.591310,f9269f850b5527c099741cb4ba8483d8610eae1ff4c780e6ea6cb03065a95813,False,
urn:mavedb:00001042-a-1,SATB2 CUT domain domainome 1.0,2024-05-17,1501,SATB2 CUT domain,75,043555f98dcfc49ef07aa5fd770f73bf2cca95c2821efce7031d1e5da2fae5df,False,1b8f8d3c017fb365bc4d7cba6889be55e6ba7f35139fb33f97435029713d3cc9,ambiguous_metadata_direction,,10.1101/2024.04.26.591310,26fc22fe8d4c01120878e529a809a2be48a35e991828302cdf95578a1251a408,False,
urn:mavedb:00001043-a-1,SCRIB PDZ domain domainome 1.0,2024-05-17,1941,SCRIB PDZ domain,97,28bca5931af2a75dc9105a5a2f7a4c11f48d5159bb6813a7eb49ac92be847afc,False,60fcfa21481c885fbc3e430d684646a20ef804b18e2dda0902f4db482f524c51,ambiguous_metadata_direction,,10.1101/2024.04.26.591310,9904e8ac6eb41c2a0670e8f1398437a11f8ff9b847e925e2a54e45a0e8f6fe27,False,
urn:mavedb:00001044-a-1,SETD2 WW domain domainome 1.0,2024-05-17,981,SETD2 WW domain,49,e3a7f7843e33d1970a3324a1d74b26a8e502c6da699a520b630d4d485f4ccfad,False,94a27f27b02cc87dfd7da8e8c9780b459f2b5cfbb16794bdfe17e31fd403235f,ambiguous_metadata_direction,,10.1101/2024.04.26.591310,2e003bc7bf481363cf2af822a193c63242d6fe2c03b4b6df7ad7a164ad011d48,False,
urn:mavedb:00001045-a-1,SH3D19 SH3 domain domainome 1.0,2024-05-17,1121,SH3D19 SH3 domain,56,4de956046ef78a03b86b6f4c64852c354a9360d1578e24f9c7216a0f0e9515e1,False,bc83b8891e6fbc4e966c72f40469d73dde9d8a53774d653929188b4d87be01c5,ambiguous_metadata_direction,,10.1101/2024.04.26.591310,5e94c951591178bc62e2c59b953d8d34db058a27c875bcb0ce05927bc1e7aa19,False,
urn:mavedb:00001046-a-1,SH3PXD2B SH3 domain domainome 1.0,2024-05-17,1181,SH3PXD2B SH3 domain,59,76a08b3969da56949a3c6c21dd938abe5f4640dc7da5d4d4c9baf7a60c0f54fd,False,9da4af9aa40ef95602da153fce02a7952c7a986c2325aa44d165e5637e834f0c,ambiguous_metadata_direction,,10.1101/2024.04.26.591310,9f31896dc35341c891636248348b6af5a2e84df1f781a5a458c4d426b6da1337,False,
urn:mavedb:00001047-a-1,SH3PXD2B SH3 domain domainome 1.0,2024-05-17,1101,SH3PXD2B SH3 domain,55,2ed0fc35692646bf999e798bbc3dd3a94b073f0ff1f809f50c452c2537b56e06,False,d98570c9f41b6e98459b89bc1d78337325fbe758f2a7823159a4bdc3b38c7e2e,ambiguous_metadata_direction,,10.1101/2024.04.26.591310,8984c04c0542493fbe85f047e4d224f53837e648dd908c6aa3bea07330e846e3,False,
urn:mavedb:00001048-a-1,SHOX Homeobox domain domainome 1.0,2024-05-17,1121,SHOX Homeobox domain,56,17ed4ae3c0dfd0821a357bb5886c871fea87298a5c020df2aeab1d1c4a4fda6e,False,8460b2c8546bbe5670bd7b82b91682ef6323463b42e2b95fc33e14391e9cdd26,ambiguous_metadata_direction,,10.1101/2024.04.26.591310,781ce6a0fa3f63efa57de23f18ce489f717c92676bb12bab282fc596d6440b68,False,
urn:mavedb:00001049-a-1,SHROOM4 PDZ domain domainome 1.0,2024-05-17,1721,SHROOM4 PDZ domain,86,b5f99796b153bc90ebc40efc7afd8810a1fa49ec20bc4f98752084e50d899148,False,4d2d3724f839a3436e134a64dee2d359be2d827a02732b9e7a7833137a9a8640,ambiguous_metadata_direction,,10.1101/2024.04.26.591310,8c5c6b680a1bc7daed5f814ac482caaf318283c2e56f81e6dda621665caa1987,False,
urn:mavedb:00001050-a-1,SIX1 Homeobox domain domainome 1.0,2024-05-17,1001,SIX1 Homeobox domain,50,48050e72d3d3e886436d445ea84ba24eb49ae02a433be8317a5929e9641e6aa2,False,26d929d9bb8ef054de3c62f0cafe725dd67fe27e2c766c68183ecd0a8716d22d,ambiguous_metadata_direction,,10.1101/2024.04.26.591310,4d76356eb75c526d5a420f8d84049116ee108d59ecdaec68956be59e219c889f,False,
urn:mavedb:00001051-a-1,SIX2 Homeobox domain domainome 1.0,2024-05-17,1001,SIX2 Homeobox domain,50,b038a46f20a9b5607ca65dd8925d77998a11800cfc5992b4fa29c5f37e7b85b8,False,64b7228c3dfdf2b5955a7694a212c0413bbb095a10de29859efe0cc68fb834ea,ambiguous_metadata_direction,,10.1101/2024.04.26.591310,7d4416d83deb4e84686c22c46bffac520751630d79c231ef0da3aaa88673f5c8,False,
urn:mavedb:00001052-a-1,SIX3 Homeobox domain domainome 1.0,2024-05-17,1021,SIX3 Homeobox domain,51,954e99cdbd1c9878bbf76e8b42de9b947a4152f8d0ed0b1182aa040e308fd856,False,cc6f3f00f30f515332c57f85b0528f6e97d044de73604bf48bc87fa4169689b3,ambiguous_metadata_direction,,10.1101/2024.04.26.591310,48f56e73a7b1fccc9c508dd3afe739df5f9ac2af9e75c0f8ade227853792fc9e,False,
urn:mavedb:00001053-a-1,SIX6 Homeobox domain domainome 1.0,2024-05-17,1021,SIX6 Homeobox domain,51,a7c15755263d0085a2c1527035109fb4b9d7a7fe183431f49ce6b84d9e7806b5,False,6dc80f8af78e3c4b77651519c0268184f24d9e1bb14ff8bc1507ab13857b26c2,ambiguous_metadata_direction,,10.1101/2024.04.26.591310,b61f1bf960f67e61b3cee6875d0fa52c53a1df4458278c1f035257ecffe3cdc7,False,
urn:mavedb:00001054-a-1,SLTM SAP domain domainome 1.0,2024-05-17,1001,SLTM SAP domain,50,0c670a1fcb0830c8c53355c31c7a483f3bb821dedad2c8521af02f28ed8cc117,False,22631cf28982f47f966ab1be00cd8b6095db182e1a64fc2d0aa4fdaf0e688fc6,ambiguous_metadata_direction,,10.1101/2024.04.26.591310,adb25a51cf7f9514c0decbd72ad71e9cba9f804539dfcc0642344495148f6ff9,False,
urn:mavedb:00001055-a-1,SMARCA4 BRK domain domainome 1.0,2024-05-17,861,SMARCA4 BRK domain,43,d8c92d3b735f57aa6758fa462f95d33ab4e0b0fb07c65191794b5e79ef866b14,False,40871ab3f8d1d18ca7b6a6b0f0aa7dc8abace6220da7649575d8dff8dc5e7411,ambiguous_metadata_direction,,10.1101/2024.04.26.591310,ebddf81a0a77c2a239525a54512e5fa96a74fa7f416391feb1972674b4c8a7e9,False,
urn:mavedb:00001056-a-1,SMARCB1 SNF5/SMARCB1/INI1 domain domainome 1.0,2024-05-17,1361,SMARCB1 SNF5/SMARCB1/INI1 domain,68,1a58df4fadff925b688802d013f44ffdb39edf30ba0fc0660e62344554b50f09,False,3be203d2e76a74ad839098a28488c5493457624c0e2f32519417a947b10e74b5,ambiguous_metadata_direction,,10.1101/2024.04.26.591310,313638a2f4766fe13ee8b17caed1f811baaecc5bcbf5e6aa8d59c2e2d9eb02f0,False,
urn:mavedb:00001057-a-1,SMARCC1 SANT/Myb domain domainome 1.0,2024-05-17,881,SMARCC1 SANT/Myb domain,44,154409f19f0fc66745def354f4ba960700e593889d43509fa97e97ce75f06892,False,e6de00aad314974b6e0715cfaba708aced68fc69543e4692ad500d4868221515,ambiguous_metadata_direction,,10.1101/2024.04.26.591310,1e7262ec3f7c08a467c9fe9b9d093f8d7b3d56568ef520c6269e9d766476fcc2,False,
urn:mavedb:00001058-a-1,SMARCC2 SANT/Myb domain domainome 1.0,2024-05-17,861,SMARCC2 SANT/Myb domain,43,162e234bd8a886a17001f96f3e20d3593b2d065b91fec0de25b3e6ec373095a9,False,6965bd50982b8dd58988dc3053e68a892af8643c20a38ba79f952a45051efca3,ambiguous_metadata_direction,,10.1101/2024.04.26.591310,c1718708fdef6e7873e056cb18c713782793c47bb387e2809b1dbf0e56f31776,False,
urn:mavedb:00001059-a-1,SMARCE1 High mobility group box domain domainome 1.0,2024-05-17,1341,SMARCE1 High mobility group box domain,67,b3fe94231be1f1d8d9665c8d246f9e3e1f6a47b64d8f5e6d2f3264696f64b6ea,False,b49736c381668d34659187c6dc3e695e56d311a26d539b736d7a1341fb47a22d,ambiguous_metadata_direction,,10.1101/2024.04.26.591310,e31e4280a2ac677256de2a1b367a508a982c8cc1a4ce40ed18d52ae6df3397e2,False,
urn:mavedb:00001060-a-1,SMURF2 WW domain domainome 1.0,2024-05-17,981,SMURF2 WW domain,49,f1343fa150a434fd9d869b7e1db985e0a497ba6c3a0dc6c886f45772e82fb908,False,ff5624d72c7b41318acc24f2cea5e1073266bcd3b5d4c659cdabde0e0717be8a,ambiguous_metadata_direction,,10.1101/2024.04.26.591310,f1557615109e54a84a2c865d315f7b821d200c6405a4594eb434cb736f4dbd9b,False,
urn:mavedb:00001061-a-1,Snta1 PDZ domain domainome 1.0,2024-05-17,1701,Snta1 PDZ domain,85,d9e77d2c8fe341626b07d4d2c775a0f5371446bfbf261ec7dd164d8336ffcb0f,False,6997684c8ab8bfaf3d9d4f3ddd866d078be5dc57644a511d91b4f548dc824d5d,ambiguous_metadata_direction,,10.1101/2024.04.26.591310,eaf6e892d2ec03fc81d2ef59889101542a551b79eb6c4c939bcadcfa14ef5ed3,False,
urn:mavedb:00001062-a-1,SNTA1 PDZ domain domainome 1.0,2024-05-17,1861,SNTA1 PDZ domain,93,2661e3f4220d16d8162839ea51638a71304df5dcb9610eeab02e6e53e96bc116,False,35eb97f91e28da24fa2265d6534e3e2473bafba8869a713515dd3392fb29c568,ambiguous_metadata_direction,,10.1101/2024.04.26.591310,6c20e535364bf870f008be17b1b7619d8c66afc107a2cbec16f3db42222c104b,False,
urn:mavedb:00001063-a-1,SOX11 High mobility group box domain domainome 1.0,2024-05-17,1361,SOX11 High mobility group box domain,68,282469319dc26f2184d7bcead65132d3119e45d778500ef5320732fc620ef25d,False,a921bd6c12bfaca9dbb0a2ae51f68fdf8b2c0310e5e73aa384cfa9dcccc76561,ambiguous_metadata_direction,,10.1101/2024.04.26.591310,7ccecdd8e5af0542e9edb061b8e19cf4775239605253f7ac1a0bd820985f77fc,False,
urn:mavedb:00001064-a-1,SOX17 High mobility group box domain domainome 1.0,2024-05-17,1361,SOX17 High mobility group box domain,68,dfd782cb0d47d14c7b76fdfe1f730babc0d6424d42b01d1e81122e7edc68bd4d,False,9623bb0417be05deaeffba76f6cd1f6fe5e0c4ca997c22ff28878672f5751325,ambiguous_metadata_direction,,10.1101/2024.04.26.591310,1e365956e4452e548807944e3b558db4c070defc905e6733e2dc0c63bf57b38e,False,
urn:mavedb:00001065-a-1,SOX18 High mobility group box domain domainome 1.0,2024-05-17,1341,SOX18 High mobility group box domain,67,0a1f4be1b8d5184a02e3d501e879ad6315277efb9fa97bd9fa7762d64114fb9d,False,753921f7d3676a95fe5726955df62c97c0b30b3807018153c5c099c9772f4e11,ambiguous_metadata_direction,,10.1101/2024.04.26.591310,a0a4c64e0872f711da91dc74e33fa7c810734d50e30d7ee769eda98806f94dfd,False,
urn:mavedb:00001066-a-1,SOX2 High mobility group box domain domainome 1.0,2024-05-17,1361,SOX2 High mobility group box domain,68,b9687c58ecf0af8b1da8abb244c1b1b0e3dacb247f3b5f6913a7a603904abe86,False,dad12124adada856472757de86e63f5ae76af978ea751ac721a44f7aa909d504,ambiguous_metadata_direction,,10.1101/2024.04.26.591310,38d6b2cb59c7059e60f4303ea52e827875592a2178f86bb814772e721c4cfeec,False,
urn:mavedb:00001067-a-1,SOX30 High mobility group box domain domainome 1.0,2024-05-17,1341,SOX30 High mobility group box domain,67,40971285e28d8ba3a53487dd336f64390f839d35858422125039c7f9e7acfbc6,False,5e6dd46afa69413de11a71399dabec8e9670e3cf2321d5a6a3a8135c77d6f262,ambiguous_metadata_direction,,10.1101/2024.04.26.591310,e6a9c4e1e891a21e7b758be466a262640d446e97934b9ad4d47480cbd952eea7,False,
urn:mavedb:00001068-a-1,SOX3 High mobility group box domain domainome 1.0,2024-05-17,1361,SOX3 High mobility group box domain,68,300a07284bb8eac0795c5057f0f16b01898ba2fbca6f261ac6ccd02c81675a50,False,30210cc38ca9dc6c656c8fbcbc3324501d844a3378873fba33672bf764535f59,ambiguous_metadata_direction,,10.1101/2024.04.26.591310,1318b7a31c4641e9acfcce544d078efc30fd4a7e425f7551a88284a13a6e7a06,False,
urn:mavedb:00001069-a-1,SOX4 High mobility group box domain domainome 1.0,2024-05-17,1361,SOX4 High mobility group box domain,68,67dcd3b62ac1af74857572fd5d1c13d067dc86f33b25d85a991e510666a3f611,False,0b25919ef1d8af19b230982782ec4696a7ae615f4b0e33081786959d97c45112,ambiguous_metadata_direction,,10.1101/2024.04.26.591310,4033913155c28141a67a2a41c6fc904e7c2d6f7be397ddd9fea52b1b4ab77e75,False,
urn:mavedb:00001070-a-1,SOX5 High mobility group box domain domainome 1.0,2024-05-17,1361,SOX5 High mobility group box domain,68,95d8c70fb86293a693ad1fa19a58e0b9573e4da684167612c6ec5cf36590511e,False,4aca1950ffb2caa377ff21836ab8b7b8ad6a77a317b007f8cbe6dfee0076da9d,ambiguous_metadata_direction,,10.1101/2024.04.26.591310,8fb9b4b0435e69a425da3017480ff8cc105fa56d501ae8fff818ad752168e3f6,False,
urn:mavedb:00001071-a-1,SOX6 High mobility group box domain domainome 1.0,2024-05-17,1361,SOX6 High mobility group box domain,68,3231aaaed8ba1f9d809f6466ed4cb5df82943a644bd571ea75c4c815f44c6433,False,06fb3bcf7888479c4f3b2b8dc3ba4d2677f33b846069e0b1054a6348ed05c20a,ambiguous_metadata_direction,,10.1101/2024.04.26.591310,6be9af459b949d1c54a0424a9187f3fa28793d567f6710f71840fdfc16b01e05,False,
urn:mavedb:00001072-a-1,SOX8 High mobility group box domain domainome 1.0,2024-05-17,1361,SOX8 High mobility group box domain,68,9acbdd530d06dbc2244fb677abe42770b9057e05cf3fccb97e7c59e5fb305c98,False,880b9415c5cc6d2b70f4a1f92767f07ccc7c81098bfca3c2512a93673ac2a42a,ambiguous_metadata_direction,,10.1101/2024.04.26.591310,1392f84bd7af20d21e7122b834d7e56ec945cac56864f9bf9bb74a206d24528e,False,
urn:mavedb:00001073-a-1,SP7 Zinc finger C2H2-type domain domainome 1.0,2024-05-17,481,SP7 Zinc finger C2H2-type domain,24,c4fd69ff9391afd93b1ecd5f07b540bcc8d03fef1c701105fd8359033a4e04a2,False,a97107c16cc1d600695af4e99d368943033835492e05fa60f4bf77f4d55e8085,ambiguous_metadata_direction,,10.1101/2024.04.26.591310,552c79388a03d4bae713a14ca81d89debbb59920c85fd9f43481802cdbb0a571,False,
urn:mavedb:00001074-a-1,SPTA1 SH3 domain domainome 1.0,2024-05-17,1161,SPTA1 SH3 domain,58,5350f92cc33ec33f20b68d0d598b47f243dbcab73b824229799f9a533986883d,False,a09ac1046983ac3219d959bb34ff864746abd2c7b5fcea992ae837e1a52eca3a,ambiguous_metadata_direction,,10.1101/2024.04.26.591310,a3efe496dd217f4c5acb1f5d4f942332e3ba24c24650bd1828577e86b5281add,False,
urn:mavedb:00001075-a-1,SPTAN1 EF-hand domain domainome 1.0,2024-05-17,1461,SPTAN1 EF-hand domain,73,5898a56b9749cb012d64a124409d4d2e71079db0ba64200c6ad790c8eb38a2e0,False,44d5f1dd01df7ff476a988528f3db24f2d9e227cd4b732f58d72ff0866221c1b,ambiguous_metadata_direction,,10.1101/2024.04.26.591310,3cac8972d4578b547092237e0915dcf669809ff175498a2b6ec9540cc4f22a7b,False,
urn:mavedb:00001076-a-1,SPTAN1 SH3 domain domainome 1.0,2024-05-17,1181,SPTAN1 SH3 domain,59,e918162dd2d21382e3a0343432fbb4336e7e145494356327ca3f338f30d7766f,False,ebdfb0378cd5e2b92d726647e7dc6f92a4cbd2acde10774b2dd4d44281118e51,ambiguous_metadata_direction,,10.1101/2024.04.26.591310,919fd138f2e59bdcdf6402f7cfb76edbd78d9d2be3de1f01ecf8cc67b8e86be1,False,
urn:mavedb:00001077-a-1,"SQSTM1 Sequestosome-1, UBA domain domainome 1.0",2024-05-17,1041,"SQSTM1 Sequestosome-1, UBA domain",52,16dcb3815ed83f123303cc549ecc8bd9d56c3d699d7d8681c025460650bb8bf7,False,0cb15315e092e3ba2727311e6a9e057fbd8106d38fca1b22fa5f590861751def,ambiguous_metadata_direction,,10.1101/2024.04.26.591310,2a39b995d11dfbb08bd06a2a22c4cc1b7a3d2245c05b908be337dc7d6b6b2788,False,
urn:mavedb:00001078-a-1,"SQSTM1 Zinc finger, ZZ-type domain domainome 1.0",2024-05-17,1041,"SQSTM1 Zinc finger, ZZ-type domain",52,42247a61e4fdbd5800e6cc6073a4a8f3c483ef59a1c93ae18dd9e82adfe200e0,False,3e582be795afe9b3dc7f826f70b0513fab385cc4b5a72c07f18df0d565df05e3,ambiguous_metadata_direction,,10.1101/2024.04.26.591310,3216a0b17ccd4d902413fc2f54b411b237ea533c94937a135e0f7cf50bba43f2,False,
urn:mavedb:00001079-a-1,SRC SH3 domain domainome 1.0,2024-05-17,1141,SRC SH3 domain,57,d2f8827713689939472a0d593c325797cc89afcc12c82c9e7863f9a073a08d5f,False,553e102711f90cb612a36d5c1201c352f3d381ef190413b41f64f97fb8d6ad52,ambiguous_metadata_direction,,10.1101/2024.04.26.591310,fa19a0299943e44ebfa0578b41644abf6a82022c9df592b7e33056c5f1b26c0f,False,
urn:mavedb:00001080-a-1,SRGAP1 SH3 domain domainome 1.0,2024-05-17,1161,SRGAP1 SH3 domain,58,8db6a3fb276d6cf86ffbe8562a489f85a55a0521347e8106fabcfc70362be85e,False,4182833cd363dd4e6bdc03d5aee3cf18b6fdd426739a10251276493d1f206b08,ambiguous_metadata_direction,,10.1101/2024.04.26.591310,24b77915ec56b403fc9b4b46c6ebf492a2797d9aca4d6279b9f631969b5fc53c,False,
urn:mavedb:00001081-a-1,SRGAP3 SH3 domain domainome 1.0,2024-05-17,1161,SRGAP3 SH3 domain,58,d4589044a988cc1524b7971ec77e065ba9ff890857b6acc6db0b8d746913c3c3,False,356e126e1c071881eb3d82f7d0158116e4014a35592ae60badab43f312456d76,ambiguous_metadata_direction,,10.1101/2024.04.26.591310,a04d35fb9eb406180ce935d28f76bb363e601a9da3b90a86f250b42e20efcaca,False,
urn:mavedb:00001082-a-1,SRY High mobility group box domain domainome 1.0,2024-05-17,1361,SRY High mobility group box domain,68,d78face99c336624d25d4f6190424084ccccf78e8ee5718536942bf37fc274c4,False,0ff417956cb8edf2ffa2957d6334cbf39e1f2590c06888fd6a00e60c89cce300,ambiguous_metadata_direction,,10.1101/2024.04.26.591310,3df006390f982abe53ba3196dffe4018f39764188a9bd76ec03cc020d3cc7aa4,False,
urn:mavedb:00001083-a-1,STAU1 Double-stranded RNA-binding domain domainome 1.0,2024-05-17,1341,STAU1 Double-stranded RNA-binding domain,67,f9f43907c1dc0b6648d30b3d78ff0823e70884a0b63cc7788c1b913acb0493a2,False,a21cb7b2e9e8da3ba78a36063527e0297e53ff7d919b56b3db5e945af612e0ee,ambiguous_metadata_direction,,10.1101/2024.04.26.591310,3b5c9e40f60d4046906a051c87ad84427ab2d95ec3f7ad47b00d310829c1a276,False,
urn:mavedb:00001084-a-1,"STOX1 Storkhead-box protein, winged-helix domain domainome 1.0",2024-05-17,1561,"STOX1 Storkhead-box protein, winged-helix domain",78,6568ad8a540a8089c1dd5d38b96f88c11a18691d40501d8b69a3b07f5de98642,False,5377032c2eed64af095abb4d870c20e38459b8067b0386f1fa9d01f1b5a6f059,ambiguous_metadata_direction,,10.1101/2024.04.26.591310,a3acf4c6d8a2de332b6b43ce1102dedd0256ac866be0918e333b93f5046d847e,False,
urn:mavedb:00001085-a-1,"STOX2 Storkhead-box protein, winged-helix domain domainome 1.0",2024-05-17,1561,"STOX2 Storkhead-box protein, winged-helix domain",78,65607e7e3e9f0aa7e122ef1248690e224dfb72e44d284565c5bbe98f989e332a,False,6b622a0843df7f0f55a08f2ee315cf0bdf7d85f55931de585c147b6c9e4a4108,ambiguous_metadata_direction,,10.1101/2024.04.26.591310,6cbce51c441a3da2b55a836e6ef501117a1ad0be7b65669300f53e3d8799ea13,False,
urn:mavedb:00001086-a-1,STXBP4 WW domain domainome 1.0,2024-05-17,921,STXBP4 WW domain,46,b177c1a069367056c4db1e0526949b1af44a213c3b960dbba77dea52928f78b1,False,60bed7383ffc009f7377060962fad61813e722a13049da333634c3750e79211e,ambiguous_metadata_direction,,10.1101/2024.04.26.591310,261b10f89d65d22dd1069ab3ecfb66feca2c30d5b547459eb43c21a5f5709f18,False,
urn:mavedb:00001087-a-1,SUOX Cytochrome b5-like heme/steroid binding domain domainome 1.0,2024-05-17,1481,SUOX Cytochrome b5-like heme/steroid binding domain,74,75d2c2eb49f98d03bbc51ed6247bc25694b2d9c9376a4d1f9c706d2dd7cf2678,False,b882c49d64b4c8feae60ba3c100f558eebcf93491e8370383d14ce940c9f44e4,ambiguous_metadata_direction,,10.1101/2024.04.26.591310,faf67dbe9b30c647e90fa8d01322250591cffb20a38536f0a56ccabbc34ff124,False,
urn:mavedb:00001088-a-1,TAB3 Ubiquitin system component CUE domain domainome 1.0,2024-05-17,781,TAB3 Ubiquitin system component CUE domain,39,6800ffa5caa33534049c65052b1837b2432c767e298dfb00b1e77dfab75f628b,False,ce4a5941764eccb7cd1b6d1930c5dac7147f0e5ed15d5994186f5d9feb04a0c1,ambiguous_metadata_direction,,10.1101/2024.04.26.591310,8f33899730e1c33da2de5aaa42d324d8b2ad6a71e5210315b9b98c4fc101f8d9,False,
urn:mavedb:00001089-a-1,TADA2A SWIRM domain domainome 1.0,2024-05-17,1321,TADA2A SWIRM domain,66,4238dc85a735a46852be330550ff276367043bd7bf08f60b1ee6e6665cbd8d5d,False,6bd8525d42d5ddcb7ee5bff30f66855bf04fdc66e62f46b17ed1014c42bc6147,ambiguous_metadata_direction,,10.1101/2024.04.26.591310,1aa62180962e1a4168dd3637b707902f8944e06c530021713a32c1160d39abcd,False,
urn:mavedb:00001090-a-1,"TARDBP TAR DNA-binding protein 43, N-terminal domain domainome 1.0",2024-05-17,1441,"TARDBP TAR DNA-binding protein 43, N-terminal domain",72,984b7abd13ec1fdd346f345ad79b79ea76183137a8dd941192885e6c40a67e51,False,d8e3ee2231006d0a12a6f28273a142f41d812131c9a4d0ad869798d662097d5b,ambiguous_metadata_direction,,10.1101/2024.04.26.591310,ac11ad61e82543e18fd0492f01edcfa604160c2cc5a5bc738f7c7e97ba50812c,False,
urn:mavedb:00001091-a-1,"TAX1BP1 CALCOCO1/2, zinc finger UBZ1-type domain domainome 1.0",2024-05-17,521,"TAX1BP1 CALCOCO1/2, zinc finger UBZ1-type domain",26,7a9750a516c16467c40e9eca36a6a391558e61f7cfda72b2a4ecbc1ac04874ff,False,00953c0d2062ebad09476871effc62629f67877f255243f0dd393ba3970fa2ca,ambiguous_metadata_direction,,10.1101/2024.04.26.591310,7a244e4466b5b562e9386dc1f999c577192b56e514551ea6c1bd6f83c9bfb423,False,
urn:mavedb:00001092-a-1,"TCEANC Transcription factor IIS, N-terminal domain domainome 1.0",2024-05-17,961,"TCEANC Transcription factor IIS, N-terminal domain",48,1bdb7d364e89c1031217037bfe91504b3f7f828935ae307559cea95d1999800a,False,c08da96be2e0f3a86bfa80681d8693f13b12711f12a5d622145fb3afbd2d02fd,ambiguous_metadata_direction,,10.1101/2024.04.26.591310,7bcc99525efbf24f3a96ffd42ac978a3bcddfdbbb12014e984da474ea2d74b0c,False,
urn:mavedb:00001093-a-1,TCERG1 FF domain domainome 1.0,2024-05-17,1381,TCERG1 FF domain,69,8742b80536ef4d77839ce7708c6b3e56eb96602f99aa1e996acaeba4a52f34a3,False,f6bf8c508b8ef2daa7612d2f4d9950e9bd71530da531cce077a945a62b2cf33e,ambiguous_metadata_direction,,10.1101/2024.04.26.591310,d3dffb1ce639b2846446f1579287e69ea78d3360c38fe823995ce53f4a7fa2f5,False,
urn:mavedb:00001094-a-1,TCERG1 FF domain domainome 1.0,2024-05-17,1241,TCERG1 FF domain,62,f6a7cada15b62f65f5336eefa681542b7f448da729598c4d75b72aa18f05a0d2,False,3eae2c2c443611fc6976586da42dbc5d3794e9c84b06e33de93af061f8012ef6,ambiguous_metadata_direction,,10.1101/2024.04.26.591310,6feeccdc9dca8238dbe492701980fe80ddab50789a20f743f0a15df162fc7a30,False,
urn:mavedb:00001095-a-1,TCERG1 FF domain domainome 1.0,2024-05-17,1001,TCERG1 FF domain,50,94a4c89c08b5d4325bd96ad46cb59d8f9d56535353193bd165a4b0a12a16fa11,False,f9b7aa85c7270776948e482f2d0b78851887f6eed5abf7194a925cadb798156c,ambiguous_metadata_direction,,10.1101/2024.04.26.591310,863d846899f007bbef6676ae885c5dfc4fbfc8e2e04f8e621066571a61205936,False,
urn:mavedb:00001096-a-1,TCERG1 FF domain domainome 1.0,2024-05-17,1121,TCERG1 FF domain,56,713ec78370eab2d2d13ac4c3650898e55ebc703f5a8bd9f2ce796f1c791c9b0e,False,01c0bba0f0ffcc24a4f7a97b4c68107e901e33f31683223e0ace9f5e9840c855,ambiguous_metadata_direction,,10.1101/2024.04.26.591310,ce69f2f97ab89ce02d07868b8bace33488ec80f2031335f0db85b748f37d95a3,False,
urn:mavedb:00001097-a-1,TCERG1 FF domain domainome 1.0,2024-05-17,1181,TCERG1 FF domain,59,11cdf887ec6714af792a8d96fb8b0a49800cb9aa7d24eb1c7598e19216cee3a7,False,87603aaea3882f8e943b774249a354b18174e07f59ac125461e3b1074111040c,ambiguous_metadata_direction,,10.1101/2024.04.26.591310,6fc003f9a76b6d33273383014d78ef91a55254180409a3fee9f4c48f1776a78e,False,
urn:mavedb:00001098-a-1,TCERG1L FF domain domainome 1.0,2024-05-17,1141,TCERG1L FF domain,57,d0704159307c9e6c6b510b7643a283b06c07242a769b955cfb011c45c3e3a07a,False,23891d5bd2cbb6c896da795b288eded76ea81bc16c1a0601cf6ae2393dba12ab,ambiguous_metadata_direction,,10.1101/2024.04.26.591310,e334e6a17dcd2f018bf581f6f63fa589a99e5a3cd23581b5ec6452145754a776,False,
urn:mavedb:00001099-a-1,TDRD3 Tudor domain domainome 1.0,2024-05-17,1161,TDRD3 Tudor domain,58,263eb95ab08b556aea28933c2b5b533d9b3582fca4b873f1a61d8525e7731c89,False,8a50fd99a4de196b6a9ad18e08541b02aaa1942490c81f1a91bd292c1aeea0bc,ambiguous_metadata_direction,,10.1101/2024.04.26.591310,14222baccfce87ab9a8ea676cf349a26c7a05d94b35df9ede55aa14d8f191a2f,False,
urn:mavedb:00001100-a-1,TERF2 SANT/Myb domain domainome 1.0,2024-05-17,1081,TERF2 SANT/Myb domain,54,ce0b44fb6cc6df04aa7829bb599310338a4939c5f6f175cb8ab935d8968a6d4d,False,10d21748dcdbc17780d6aee2acd38caadc851349a86cda26f4ca766887da955c,ambiguous_metadata_direction,,10.1101/2024.04.26.591310,f24f9dd6be2956aa9a466900341215c3883bc00c109b2ec82b335d1658e9efe5,False,
urn:mavedb:00001101-a-1,TESMIN CRC domain domainome 1.0,2024-05-17,721,TESMIN CRC domain,36,256db4407102565bd519940bc1772785a1704ef4d2832af1cf27013e0cf53851,False,5987c8118bd92d1405dba03f11bb4643e3ae86516142a9308eaa2ca427a2aef4,ambiguous_metadata_direction,,10.1101/2024.04.26.591310,66a7c88a68858b0880d3af45f7c81107b567ce3d7d063dd7803fc7102544361c,False,
urn:mavedb:00001102-a-1,TFG PB1 domain domainome 1.0,2024-05-17,1741,TFG PB1 domain,87,96306ddf51f39f589cb4b1c55779edfb884aa92dc100f8dd7ec4bb527c1493ad,False,6b34e7dba4520c3ce76c0a5ec481f2606f54b25460b1e45b168705bb881f4de1,ambiguous_metadata_direction,,10.1101/2024.04.26.591310,47b061c161f3657031770097b2ca33a0063ddc15a606677e021a73010acc9c93,False,
urn:mavedb:00001103-a-1,THO1 SAP domain domainome 1.0,2024-05-17,981,THO1 SAP domain,49,1bf83b37467a04bc129452e30a24e122fcedf3f12295c9b7eed5586aa75013b6,False,7f1783b0c517c63af929827126a4ce61d40ff26b8021ce71e47973bf99221021,ambiguous_metadata_direction,,10.1101/2024.04.26.591310,24343cce83fcb28ef7c3c6236e33960abc283ece01defbeff5b39e77942b8aa2,False,
urn:mavedb:00001104-a-1,TIAM1 PDZ domain domainome 1.0,2024-05-17,1681,TIAM1 PDZ domain,84,b134565a1b3d6b40b28cb7c0a4f3f9e1958764c615b3bbb25bdb06f23e384733,False,5b5745f12811483f2a4028b29d6a2c3e52f1b9a64f4c1a70be832fe382698804,ambiguous_metadata_direction,,10.1101/2024.04.26.591310,993ba3a8962e58f423435d733963221556229e8082df068736237d2d81463b35,False,
urn:mavedb:00001105-a-1,TJP2 PDZ domain domainome 1.0,2024-05-17,1901,TJP2 PDZ domain,95,c1a585a95f2e8fe906ebb0ebb9cc8dae17facbb1dc2c1da36d066b7740084a15,False,2d4924dee937471b03f9a1430d7c8e5d36586a1768657ef7e6718a3b42602c51,ambiguous_metadata_direction,,10.1101/2024.04.26.591310,944cae2180e63c326d751dc935fccc445172cfd8db9d23d3d67ded445e67bf44,False,
urn:mavedb:00001106-a-1,TJP2 PDZ domain domainome 1.0,2024-05-17,1921,TJP2 PDZ domain,96,4cea5d50597bc516a996e644f99ebffba5824c089010603584519c68b6eb0dcd,False,b96e1e9741495e4b25e75259195c4511e16331e14abb24d4505310bc3448c0fb,ambiguous_metadata_direction,,10.1101/2024.04.26.591310,635442739b099dc49e2e1079e962f25d00ba93da4d7805b6292d10817700d59d,False,
urn:mavedb:00001107-a-1,TNNC2 EF-hand domain domainome 1.0,2024-05-17,1661,TNNC2 EF-hand domain,83,f6b12bf30e42f670554713fb0f74ff889c1bea0753514cabd33cb37186238155,False,b4a21ce3ce0fc721782ace81a497e36521f2e6e0de6a74e1f0decdf366d81141,ambiguous_metadata_direction,,10.1101/2024.04.26.591310,5c73edbb3806fdd45d30410ca82a83e314b9d61c250068277160db8b9eca3d9e,False,
urn:mavedb:00001108-a-1,"TOE1 Zinc finger, CCCH-type domain domainome 1.0",2024-05-17,461,"TOE1 Zinc finger, CCCH-type domain",23,1490fbe4de28194eef69d31ec84d3789884e6995574e924905d29d71fba29c62,False,993b16f2e92b8fbba6d110fc53dd85386d50ac02624621b353756cb5b2d06b54,ambiguous_metadata_direction,,10.1101/2024.04.26.591310,9ecd540acdcec2b3b19eccf6b1971df6b1f55709b19d76ccede7a0525573f16f,False,
urn:mavedb:00001109-a-1,"TOP3A Zinc finger, GRF-type domain domainome 1.0",2024-05-17,801,"TOP3A Zinc finger, GRF-type domain",40,ef24fb40c27fca8355dc893672562896635d7f9c9494d5cfe28ab27389ab42f3,False,b4ba8897861cb53896f9afc6f9d2bbd5f6206d0ef99a2aabb0de9e53c8ec61c6,ambiguous_metadata_direction,,10.1101/2024.04.26.591310,5a7ef7278e443bee0c8183440e7191386a7c4bea9fc816615b75d10dda82cfb4,False,
urn:mavedb:00001110-a-1,"TOP3A Zinc finger, GRF-type domain domainome 1.0",2024-05-17,861,"TOP3A Zinc finger, GRF-type domain",43,9038da1a6b3443a52a15cf4e9ee9b4b031daaca51ffc0b695453afb0d8f38d24,False,50933d5ac68e97d41d2b8bef266d3c0449b9d8c50c03333167843cf133226dbb,ambiguous_metadata_direction,,10.1101/2024.04.26.591310,71ec853f852afdf981b9f1c6de1f3216f0f8a1a406957e7d45816042591c610e,False,
urn:mavedb:00001111-a-1,TOX3 High mobility group box domain domainome 1.0,2024-05-17,1361,TOX3 High mobility group box domain,68,5039ea366e7710128956912137983233391cf7ea9c117667beb019a1bdf4301c,False,57dcb8be956ad7d4c4fbc899b55c1a244fb490789340a4090075626bc9b31875,ambiguous_metadata_direction,,10.1101/2024.04.26.591310,94baf0cb36f49e1eea097ced1b5b08785bdc52c66dd1d9f32c049eb9ed5faf68,False,
urn:mavedb:00001112-a-1,TP63 Sterile alpha motif domain domainome 1.0,2024-05-17,1321,TP63 Sterile alpha motif domain,66,f8a5691be608fd73e68e3312a425809ee3865ddc376510b241482d7deb73e614,False,8ca68bbcb2bee17d3cf8f2e9be7fe4813d1d8ef81a5584625e203d8f0721163f,ambiguous_metadata_direction,,10.1101/2024.04.26.591310,3ef4e32397d49ee8acdeea9389f41e5941fe1f4b0853d3ff910a162b1bc875bf,False,
urn:mavedb:00001113-a-1,TP73 Sterile alpha motif domain domainome 1.0,2024-05-17,1261,TP73 Sterile alpha motif domain,63,1841a595f9cd158c301655bfc987f3c2ea05d2a2e6683686a69a6c9a123f22c5,False,25ba0fad971a9a7eeaedbb2fb79651403b0ee18dc77f61ad5fe4f6565d1a9644,ambiguous_metadata_direction,,10.1101/2024.04.26.591310,8d6bd66ea4a19bb7a9b943b1d6ea60eed5c58f943c0c0152086739a6a5ec0560,False,
urn:mavedb:00001114-a-1,TRIM26 B-box-type zinc finger domain domainome 1.0,2024-05-17,881,TRIM26 B-box-type zinc finger domain,44,40f6edb4a0bfa63313b738eb81807f1e7cd3389f3356e31c2f8d9862c07d879f,False,99d9dee6e5b9a9da0e01497427acb710373843bceb348d099e780ade0244002b,ambiguous_metadata_direction,,10.1101/2024.04.26.591310,d7b6e71b8d67a8fdcb6a2222fd526a3a544e28b9f93057a720426aaf34867b09,False,
urn:mavedb:00001115-a-1,"TRIM28 Zinc finger, PHD-finger domain domainome 1.0",2024-05-17,1041,"TRIM28 Zinc finger, PHD-finger domain",52,e5d5e1d8be8fbd5d5c1fd248d15de0e5c4421fffa5977307e8e98eee008ce3f9,False,a4513988b9d1b2a32ac6e16a72dd4e95b90d7e06a2d0c39611ba4bfce2dcbe1c,ambiguous_metadata_direction,,10.1101/2024.04.26.591310,e27cfd08c2ebc565bf0e351fe9f3892a50a915b5cb787a65e2838a039966e3b8,False,
urn:mavedb:00001116-a-1,TRIM36 B-box-type zinc finger domain domainome 1.0,2024-05-17,901,TRIM36 B-box-type zinc finger domain,45,385ef24451156fabe9f0c9e840c24639f255243d96da0edb67c3299f19fb9330,False,41ac1c678e42030e4a6b15da82d3333afa0de6a6d2225afdbb0632ed1da4c1e8,ambiguous_metadata_direction,,10.1101/2024.04.26.591310,511c6af81fc4cb901edd4848109c3dd88eb64e3fa75e805c762ca490bf73de24,False,
urn:mavedb:00001117-a-1,TRIM3 B-box-type zinc finger domain domainome 1.0,2024-05-17,881,TRIM3 B-box-type zinc finger domain,44,3cab7b37ed2375eadcfb91d3d381e226d412e0b3f797bae97afbbe6de384b8bc,False,6bb16546c721032249b6ed85b8c64bc922b1c153cda3c75431b12456463aaee5,ambiguous_metadata_direction,,10.1101/2024.04.26.591310,5e58a443bcd3a90b389c0a5cc8c72b0dca37326f5909fab1b7dd2693b5cc35eb,False,
urn:mavedb:00001118-a-1,TRIM44 B-box-type zinc finger domain domainome 1.0,2024-05-17,901,TRIM44 B-box-type zinc finger domain,45,4b81d44a79e95176d34ec23033879789621ceba53d7b5f475b0cab577a732ee4,False,27f3f3dd7668269c8a6e5511e93859616cfe47ff5cf596d42a5eeafea03e4c49,ambiguous_metadata_direction,,10.1101/2024.04.26.591310,47d3beab82eefb0199e5efd8a483afe8dc4d05e6815e55ad3d7f6dd988884fb2,False,
urn:mavedb:00001119-a-1,TRIM49C B-box-type zinc finger domain domainome 1.0,2024-05-17,941,TRIM49C B-box-type zinc finger domain,47,da10ac8636dc2e631e429b816c623432ec8a21745cb132ca51a23d8dee5164ae,False,b7e859172430cd1941b17e0ed43faee1495f9487181a89d043b1049fd092e8bb,ambiguous_metadata_direction,,10.1101/2024.04.26.591310,459d808e99737e16cc69c5643b3aa599bc55cc3dcfa2d24dc713fbcd3db679a1,False,
urn:mavedb:00001120-a-1,TRIM6 B-box-type zinc finger domain domainome 1.0,2024-05-17,841,TRIM6 B-box-type zinc finger domain,42,1d666bcec42e460fa95582c8bc3bb94e1f3711c4bfc3ad53165d8d3eb9730aa6,False,01f77ad4eeac63f439644ffd35e0bf68f09632c45a7b584c01527daedeb05c6e,ambiguous_metadata_direction,,10.1101/2024.04.26.591310,a126987caecb01eb7b52ed97e8d3475f9df7974a9609e7d005dc105d0246d47d,False,
urn:mavedb:00001121-a-1,TRIM71 B-box-type zinc finger domain domainome 1.0,2024-05-17,861,TRIM71 B-box-type zinc finger domain,43,17d1f0252a3c69719ac2edc4fae0c406bc22f7a711c0b1f58c5af35975c2ae00,False,e99c1df32d94d1869874361e6b8959103cfec20cb3d3c87ca3e0feb681e60bb8,ambiguous_metadata_direction,,10.1101/2024.04.26.591310,61d422ae366804fc4117209535fb4aff57f8f2040e6a92ded61ba4482461fb36,False,
urn:mavedb:00001122-a-1,"TRMT13 Zinc finger, CCCH-type, TRM13 domain domainome 1.0",2024-05-17,561,"TRMT13 Zinc finger, CCCH-type, TRM13 domain",28,44287df31baa095ff61d1872998fe4ae9d3b8245fbb275060924e652d0fe9693,False,ac509c9431c09127a9ff3ad68ae2f37b701bad9e37c83e97527ffb97704b860f,ambiguous_metadata_direction,,10.1101/2024.04.26.591310,ba105766c80d7fabfbba48aa74f51debcd5b854ed42da1b27b58705a49d20749,False,
urn:mavedb:00001123-a-1,"TTC3 Zinc finger, RING-type domain domainome 1.0",2024-05-17,821,"TTC3 Zinc finger, RING-type domain",41,0e83c0758d35ebde5b6031480620e2936c06090b4b1e55697115ad19955a0520,False,742f7d531e644ef488c8205e34e8d37388f2657faf8700e11f508713a8a0510c,ambiguous_metadata_direction,,10.1101/2024.04.26.591310,9953b49af37a1bbceba1ae1825d0317536a49bbbd56c65b29e8fec7374f5d2fc,False,
urn:mavedb:00001124-a-1,UBE2K Ubiquitin-associated domain domainome 1.0,2024-05-17,861,UBE2K Ubiquitin-associated domain,43,4717570aac9890120a7f1e03d7f41870d8e40a53ce159176def471809c358776,False,83af239d5f89dba2c6b35c88da7ee2f8ab19ae47725281e608db2ced80ea79f4,ambiguous_metadata_direction,,10.1101/2024.04.26.591310,b7383c0174d32818023118e07af1b1e0ea69c6fb111e8ff3e51ce616baea71b9,False,
urn:mavedb:00001125-a-1,"UBE3A Ubiquitin-protein ligase E3A, N-terminal zinc-binding domain domainome 1.0",2024-05-17,1141,"UBE3A Ubiquitin-protein ligase E3A, N-terminal zinc-binding domain",57,74b241a3a715ec0beffa3a612b8a1f2a20c0112697dc50f0ecb6d58cd02ddbcd,False,ed25c88a57e9b574dae0325bc5693877bbe1a7fcb174d4521525f6fdd75a3cc8,ambiguous_metadata_direction,,10.1101/2024.04.26.591310,d03f4b983dd2daa2a24c3472c8d4a041607b9a840340c3c34ddae4d9b20c3f9e,False,
urn:mavedb:00001126-a-1,UBE4B U box domain domainome 1.0,2024-05-17,1421,UBE4B U box domain,71,8fab300cf4c0506c2c6637c77456c8fb762d7b5d22777c807b4934a52dc833c9,False,9794edc807f213240d4f11848c74d7aa829184ed45f9387c3de5a017e0ad02da,ambiguous_metadata_direction,,10.1101/2024.04.26.591310,cbddce3c91a1249444fbcf4f0121966ccda94dd901789ac4edb806629b172aad,False,
urn:mavedb:00001127-a-1,UBQLN3 Ubiquitin-associated domain domainome 1.0,2024-05-17,861,UBQLN3 Ubiquitin-associated domain,43,6452bd3d2190742920708cb444c356a585b7018b999bc6adaca3caeac3e2250a,False,31dfab58a8ed44d99e7c9458a79eded0096267f1a67f64aae60009ba7099d52b,ambiguous_metadata_direction,,10.1101/2024.04.26.591310,7afde03107b1c078ebaad9a4889074b5800220ffbb3beac6411ffe8fdc41f179,False,
urn:mavedb:00001128-a-1,UBTF High mobility group box domain domainome 1.0,2024-05-17,1241,UBTF High mobility group box domain,62,ebf201031d20748d0e3d2648ad0ae6532ba2db413c8c3301f98e0422854e1f39,False,9003fc06e0ffac70dc5ddaffc661f7f81db10a3601bf9ce891023b60a30482ab,ambiguous_metadata_direction,,10.1101/2024.04.26.591310,5ef8b76fb395d007f2dc3797c2eac8de2802dc1dd6b83bc291ecd1284256007d,False,
urn:mavedb:00001129-a-1,UBXN2B UBX domain domainome 1.0,2024-05-17,1481,UBXN2B UBX domain,74,4a10ad73ab2a399481e4e7361ff45938108df37f5924ed914f4ad3075423c785,False,6ae60c00bf80df2733cae804beff7a24999f847b3f9a7f416c5704597f3f2d6a,ambiguous_metadata_direction,,10.1101/2024.04.26.591310,8eb8fd6275ac772d8284e15cfcd986ee62f8e382a89ee0c83ce7fefd07da1010,False,
urn:mavedb:00001130-a-1,UFM1 Ubiquitin-fold modifier 1 domainome 1.0,2024-05-17,1481,UFM1 Ubiquitin-fold modifier 1,74,720604a649d8f907b2d12577769311906c3f6e0c75f67171fa0222a912b8fd65,False,cc4117f7b999b8769301268c47fa5c9fd6ca6fc9cdd6c768825d867fc3aa86d0,ambiguous_metadata_direction,,10.1101/2024.04.26.591310,b1f078b4be79e665eb548a5468ffbd24f0f83be11f5fbf64d32a4187f343f4c2,False,
urn:mavedb:00001131-a-1,USH1C PDZ domain domainome 1.0,2024-05-17,1781,USH1C PDZ domain,89,93f527d33b967bd02ea929dd02a69d2fde9e9d3daf9fc995a30f4afd2041e2ad,False,18e461491c55fae37c368976468cf6939463d84e2ae83960a1230817a66bf977,ambiguous_metadata_direction,,10.1101/2024.04.26.591310,97d866f0bf88b46be46c5f020b4289e325185100d7cfb795df5eff7852885fea,False,
urn:mavedb:00001132-a-1,VAV1 SH3 domain domainome 1.0,2024-05-17,1341,VAV1 SH3 domain,67,eb962337edc30e5e403ff5dd4a1423827cb1ef4c0a01abe8485dfe83323268da,False,f4dcd38a9c97c13a42cd00d5c85df763b899aa12fd62a8a44e39d52d7ee02ec5,ambiguous_metadata_direction,,10.1101/2024.04.26.591310,eeef593b35f9415153e8842fe486cc4a32e3e97765ee5577a4d35ca5c9c7eda3,False,
urn:mavedb:00001133-a-1,VAV1 SH3 domain domainome 1.0,2024-05-17,1221,VAV1 SH3 domain,61,337d9f29092821a2e037b8e0bd5be793404285528c521f132bbc60e666d43473,False,cb0f9a09f69a999d1948ffe82c3cad4e9467989b8dd30bdb14b30b533a5c0383,ambiguous_metadata_direction,,10.1101/2024.04.26.591310,b81d464fee610609b2d57f5c93de6f1a60b9a0414d5687a69e1c1b908e2d4a16,False,
urn:mavedb:00001134-a-1,VAX1 Homeobox domain domainome 1.0,2024-05-17,1121,VAX1 Homeobox domain,56,ea7035c757c2cd5e7d05103a2a989d6bb0563c4c96b7a254edf2259bf5789d18,False,b2eaec68602a41234fca7dfb8f596504b5c82018cc4cedbb54a307bf2dbad55e,ambiguous_metadata_direction,,10.1101/2024.04.26.591310,b70939c89836ce15efdf1b522a7a8b861825e57d8c809280df31589431cda949,False,
urn:mavedb:00001135-a-1,"VCP CDC48, N-terminal subdomain domainome 1.0",2024-05-17,1621,"VCP CDC48, N-terminal subdomain",81,a9cf2e588fe5113e1a7fb22a4849f728dd236cab4624e75a4b736a1116b339bd,False,9c414cf7fd69355814fc46d5f2b49b77e8e6338f336eb5f85e67aaf604b3e0e8,ambiguous_metadata_direction,,10.1101/2024.04.26.591310,c190d60bb3d548b3c05b55d9039556b7f11518b62ef4a7efe0f2ec4410948c98,False,
urn:mavedb:00001136-a-1,VIL1 Villin headpiece domain domainome 1.0,2024-05-17,701,VIL1 Villin headpiece domain,35,5807fcbf6d5567cafeaaedce9205f8c1b1359d5ef3342496347ad9a7fb499748,False,3115ed41c57ac486c590229d9e29b0a3d6d2097929fbd25745483c150c9e2236,ambiguous_metadata_direction,,10.1101/2024.04.26.591310,38dafe619596fbeb42f6b11850d55a162d355431a62cb86822781a7d13ae39c6,False,
urn:mavedb:00001137-a-1,VIL1 Villin headpiece domain domainome 1.0,2024-05-17,701,VIL1 Villin headpiece domain,35,d261ceefff8e52cf506e5daad90d593c1497e2313b84cdc2c05cb51e6bc13e22,False,304b4a36af35fa57d03f7812198357faaf51579aec343b3e66841318dbd57ada,ambiguous_metadata_direction,,10.1101/2024.04.26.591310,293cbdf10a138fd2cb5ebc1c5579fe74749d0b39ac3fbd0550f06e514d54925b,False,
urn:mavedb:00001138-a-1,VIL1 Villin headpiece domain domainome 1.0,2024-05-17,1301,VIL1 Villin headpiece domain,65,dd13a6b338efcb4369528c7aaa0f5d44b20ba9b04606ec23a3cfbcb375a3bee0,False,115997741cb8e3fc2194cd3bd3a7acd0dc82903f96f8067dda4128a76d6f18a7,ambiguous_metadata_direction,,10.1101/2024.04.26.591310,9cc8160cc2285128ab22be58f28f62f63fa316e2e79cfe0e5b22b3d1559c1c02,False,
urn:mavedb:00001139-a-1,"WBP4 U1-C, C2H2-type zinc finger domain domainome 1.0",2024-05-17,721,"WBP4 U1-C, C2H2-type zinc finger domain",36,40cdb6a461b33539d697a3630d86df07a625b7de4f8feb4b036a27e573fadef3,False,597dec686f482f2973e6dfa7c8b0900401cea956210690c3771fbdfa3820a213,ambiguous_metadata_direction,,10.1101/2024.04.26.591310,8ea4f1ec7e8227dfced5489f06889cc7fd2873f0f0f838e774f4a3f8e02e4291,False,
urn:mavedb:00001140-a-1,"WNK1 Serine/threonine-protein kinase OSR1/WNK, CCT domain domainome 1.0",2024-05-17,1761,"WNK1 Serine/threonine-protein kinase OSR1/WNK, CCT domain",88,75280030f744e31ea16db534de7c6cc0771c52e1de773fb384db9f14d7d614a1,False,665ad58f2986457890872ab3c420a7d861c6a3a785d548d0cc71ee9c265ce39b,ambiguous_metadata_direction,,10.1101/2024.04.26.591310,13ad5389c142f65037ef4c820354ef33f62c7cc9a1578e6cbab83292d1947e9b,False,
urn:mavedb:00001141-a-1,WSB2 SOCS box domain domainome 1.0,2024-05-17,661,WSB2 SOCS box domain,33,3e66c987b885cf4d9de4ca5a01a91c4c5f339d3e0d137ec096646dd0afd27e69,False,2fcb7824f8edee30a20187c12496f92944fbed04af390bb22dfce9fc89f2bf46,ambiguous_metadata_direction,,10.1101/2024.04.26.591310,0a1819c0a19ae5a99dd5c2f4087a541c7e1ece94cdf02c2c75b2822597f07502,False,
urn:mavedb:00001142-a-1,WWP1 WW domain domainome 1.0,2024-05-17,961,WWP1 WW domain,48,2ab9ede62cd73a9abcd3464f30eaaa23a1bd662c619a36897ac32e9a690b142d,False,2e10a75b192f8c59037f8fd6fe58b55a6d998cedcf5068262c77254847965150,ambiguous_metadata_direction,,10.1101/2024.04.26.591310,c0801ea0e4926c3cf3815b1da7e3ed42297bb91a9896cafec1c5c0a45911291f,False,
urn:mavedb:00001143-a-1,WWP2 WW domain domainome 1.0,2024-05-17,1081,WWP2 WW domain,54,bd827c0e4b0196742e5d21cf5554b58bedec97c6f2385752918a7b03fa6832ce,False,c7a9eed229ddfb8c5167530b801b43c4455deb3f00aa585b3775a4dbc7464f6a,ambiguous_metadata_direction,,10.1101/2024.04.26.591310,464c2a7fe196c0e1c9ea7b92c43c9b8e440cdb697482b0cf44ee272d6b85b8e0,False,
urn:mavedb:00001144-a-1,WWTR1 WW domain domainome 1.0,2024-05-17,941,WWTR1 WW domain,47,671c1f8ff7d8b6e0d64f794ad2753ae5f16c23293cddfec80d21d8c0952eac1d,False,10565a61451d276227feb48a520d4a7f10d055c009c5229092f93be430fcdd0b,ambiguous_metadata_direction,,10.1101/2024.04.26.591310,6652fe50c2e33ea094578f6db93a8584298c75dc3f065be311bfac01bd5984fe,False,
urn:mavedb:00001145-a-1,XRCC6 SAP domain domainome 1.0,2024-05-17,1041,XRCC6 SAP domain,52,35d6f7b2dd033b447d34ecebb8f1c77f351450fcaafb166cd441b6c2b92cd17e,False,f61ca5d37b4a3b990408ed6f99feec199270d601d6061618ee2185ec5cfc13f8,ambiguous_metadata_direction,,10.1101/2024.04.26.591310,8906a008f0d6ffbcb601e401c995505caff6ebcdb2f578ebd1320f014438d9ab,False,
urn:mavedb:00001146-a-1,YAP1 WW domain domainome 1.0,2024-05-17,941,YAP1 WW domain,47,24e4812f379f5e86b7b493b9d84f31d6a0462f4b371f15395e6d858a8e9ac9c8,False,c98a6e7207e9eef0a0bf4ceca9f71e61ccbd4b59a4da38f32f08e68946560af1,ambiguous_metadata_direction,,10.1101/2024.04.26.591310,038ac856718116b11c06bb42c9614dc8da8dc2d12f4440e9c87bd00c13974551,False,
urn:mavedb:00001147-a-1,YAP1 WW domain domainome 1.0,2024-05-17,921,YAP1 WW domain,46,e26f51351499a73b0c0baf1dc26aa79279bd65dbfddef06d720fb795f5ead6a1,False,eddc6f99b503c9000378b67ae10bc49951a30c050e1a05447fc257d7fac12e1b,ambiguous_metadata_direction,,10.1101/2024.04.26.591310,78c31b881c9f4023f60a954551c3e22c62b839ac3459c0379903ed2820c3f597,False,
urn:mavedb:00001148-a-1,YAP1 WW domain domainome 1.0,2024-05-17,1001,YAP1 WW domain,50,fe41289e3afcf89aadf9673a3d83ff0c09947c4ff4a22ae486141fe9a01a17ac,False,e8198a1223f067e4875a946896ec85c507864cf7fafa01415104d31e2d0403db,ambiguous_metadata_direction,,10.1101/2024.04.26.591310,c36b3cc19b91f52415f7c18c948e7961f0ef788b2a09868c048f9200e5ac28c2,False,
urn:mavedb:00001149-a-1,"YBX1 Cold-shock protein, DNA-binding domain domainome 1.0",2024-05-17,1821,"YBX1 Cold-shock protein, DNA-binding domain",91,6ea56228a32d7f35e230118b099addfdba23a085dcef8d9cd9ce02a33a0aa5d7,False,281c5cd230ae488b8fd5b76faefaae5c91b4c4ba63b33a14c018ef6ac1d19504,ambiguous_metadata_direction,,10.1101/2024.04.26.591310,b9a2c7a45f9ba3d300c7075f914e88c5978e7e74f566c5d654a5d61d45e773f7,False,
urn:mavedb:00001150-a-1,"YBX2 Cold-shock protein, DNA-binding domain domainome 1.0",2024-05-17,1841,"YBX2 Cold-shock protein, DNA-binding domain",92,e3d86f9ee316e454cfe5ee1880cf0c1ea513e11a0b705bb5ca63b355089969ff,False,114f128e37379c3cf8f7922d1e06a1ec104ade69c19c9fc3a9712d4b125abf85,ambiguous_metadata_direction,,10.1101/2024.04.26.591310,e78ab9718c5f50062ca570b929462526fa709e3be7f28b5124abc41c00c3c9fc,False,
urn:mavedb:00001151-a-1,"YBX3 Cold-shock protein, DNA-binding domain domainome 1.0",2024-05-17,1721,"YBX3 Cold-shock protein, DNA-binding domain",86,1e9b96d74e065046f3bfb4a7fd6faa2c0503625b971769b7a9c93735278e949d,False,b25cf334098d3566d42fa83ffea9439088d7758f07264ac888deadf01a906c65,ambiguous_metadata_direction,,10.1101/2024.04.26.591310,7ecaf8e0d5aebe8604696ea205edba6c3f16ee110922e973fac39957719d4bff,False,
urn:mavedb:00001152-a-1,YY1 Zinc finger C2H2-type domain domainome 1.0,2024-05-17,481,YY1 Zinc finger C2H2-type domain,24,5d9cf9e82ac1baa1a4a5f34fa2a2df9e25edc047602c5d84e90a156c57a0c9a8,False,896fad6d678eff09acf92e74be4ab778e76237f64d738f8b67f43beae50d2317,ambiguous_metadata_direction,,10.1101/2024.04.26.591310,a0eeed55e6aa769ed1cd9276fc179ffae2fcaae787f0497eef3e491f52a2a66c,False,
urn:mavedb:00001153-a-1,ZBTB20 Zinc finger C2H2-type domain domainome 1.0,2024-05-17,441,ZBTB20 Zinc finger C2H2-type domain,22,78cfd26301072887912c3065c6dac19adfe04a9439b445c0468dd4c79206bfa6,False,c9c914a2559de9145b3313e7d4267678f38344b99e95f7ee1548ffec6f171613,ambiguous_metadata_direction,,10.1101/2024.04.26.591310,b8e7df2162c8e0e01ce88577e9372f49304ca787ee001a08ed877c4b011da7a3,False,
urn:mavedb:00001154-a-1,ZBTB20 Zinc finger C2H2-type domain domainome 1.0,2024-05-17,441,ZBTB20 Zinc finger C2H2-type domain,22,6bf0a7c57a3ce6d36197d7c2af4f09c5961f83c91bdccc9b2e9e07ece6a80e9f,False,d103660dd3b0d5e16fe858fcf6f67d8c60a2c8a5509b4bf2a9b93f106ab21b3d,ambiguous_metadata_direction,,10.1101/2024.04.26.591310,3d11a481485c6cb77e1ce28a078db860c73c26e8942e9b3ba196aeb33473629b,False,
urn:mavedb:00001155-a-1,ZBTB20 Zinc finger C2H2-type domain domainome 1.0,2024-05-17,441,ZBTB20 Zinc finger C2H2-type domain,22,e92a92a3d2899e973ca0d4844e41240fea79906affefad9bb003c77183f363b3,False,6deb01b6ee418cb8a1cff3a4fe6df275c74e5e08fb8f02389bb84cf9f634e800,ambiguous_metadata_direction,,10.1101/2024.04.26.591310,80220cda4509e95572a215f322d7a83d3cf0ca4aa3982ff2a2002179a97edfdc,False,
urn:mavedb:00001156-a-1,ZBTB24 Zinc finger C2H2-type domain domainome 1.0,2024-05-17,441,ZBTB24 Zinc finger C2H2-type domain,22,234393d3df65319f4f38c9ba79b1ad84af2d7938167c0718e3810cd29283124c,False,dc3fba65cdbe9ce977fcb376514324a9e2e35dfad28e1edf1003a76d58e33d1b,ambiguous_metadata_direction,,10.1101/2024.04.26.591310,0be249bfb98809cefc7ff7c8460999a420fd28f6abdfebeb40f943b2a2f2fee6,False,
urn:mavedb:00001157-a-1,ZBTB24 Zinc finger C2H2-type domain domainome 1.0,2024-05-17,441,ZBTB24 Zinc finger C2H2-type domain,22,9d979a80dd518b756ba4acd3e0874ded4d33341be51a9e3bffdcdbc6c1e1f191,False,58d68132bfdc81e8d6e7e6682b919016c97d4d562241de836a969f604b5b5f34,ambiguous_metadata_direction,,10.1101/2024.04.26.591310,32e965ca04189fe6083353eac85e420a36b34cefcca74e01f241c4fc362a54a8,False,
urn:mavedb:00001158-a-1,"ZC3H10 Zinc finger, CCCH-type domain domainome 1.0",2024-05-17,441,"ZC3H10 Zinc finger, CCCH-type domain",22,9dd6f5197448c358ab5ff96d2e3103a6905d9768aa873d5f069179d27da035a5,False,532dc6e10d845bf350447ab0a67450cfed0c19687d0efb58323358ca96c6d281,ambiguous_metadata_direction,,10.1101/2024.04.26.591310,e7614a9b742ed059f2fb0279f5de2b8cec5696eb672b17a2ddaac77d67508593,False,
urn:mavedb:00001159-a-1,"ZC3H15 E3 ligase, CCCH-type zinc finger domain domainome 1.0",2024-05-17,421,"ZC3H15 E3 ligase, CCCH-type zinc finger domain",21,a0a6f7b215ca9f0ddf56f20c51c3961d2d2ca8149fcff7f4c4eeeb2012b0c5d8,False,2f25766a6273b315205525559b11addacf0d86558f8852debd0d7a9e17846800,ambiguous_metadata_direction,,10.1101/2024.04.26.591310,74eb1482970d1963e3c6470a9f5af4136a50fb7b67e4d791158610ea53e759bf,False,
urn:mavedb:00001160-a-1,"ZC3H7A Zinc finger, CCCH-type domain domainome 1.0",2024-05-17,421,"ZC3H7A Zinc finger, CCCH-type domain",21,e4fd043865cd9a4f51d95bf08ba9fdc2152b44e4ca77f0f82c21fb3dd700f052,False,1b22a81f423969fcd6b21938120430a39f873d05ad4df9e91e743255b5cae52f,ambiguous_metadata_direction,,10.1101/2024.04.26.591310,e242b1263a0c5295e4b61875f2d31b81e31fed9840307f460e15b06e7176dd83,False,
urn:mavedb:00001161-a-1,ZEB1 Zinc finger C2H2-type domain domainome 1.0,2024-05-17,441,ZEB1 Zinc finger C2H2-type domain,22,4841b03c2ba2ad0003b539751b4c82159694b347df088527bab3cdeef529660c,False,a808c6ef6e8173cfdc7c08fe37d56e2985d52ae0e3573baa2d017c361575bed3,ambiguous_metadata_direction,,10.1101/2024.04.26.591310,a58adabd3bedad378043bf149bfda6a48925f9ba47c449c124ef97e867b79e91,False,
urn:mavedb:00001163-a-1,ZFHX2 Homeobox domain domainome 1.0,2024-05-17,1121,ZFHX2 Homeobox domain,56,00c1a85c4ddd2d82af290fe01f38c7cd057e081b57ab4add2791c9b87e3219ff,False,ec3d855493343c5284f283ce218ae8a3791a71b17c287561c948478b02b4c386,ambiguous_metadata_direction,,10.1101/2024.04.26.591310,7dac8b7bb7df2399a0cc4e96d5245fcb83991f402745144900dc8dfd4f20affb,False,
urn:mavedb:00001164-a-1,ZFHX3 Homeobox domain domainome 1.0,2024-05-17,1121,ZFHX3 Homeobox domain,56,df22b8257f76458ffd94b6c643b62fd5fec5287f7098ce045811beb0f2bd3468,False,f3068845ce845c1825d597acf348c2dedd339e8baadf0ac7ebad22844439fbeb,ambiguous_metadata_direction,,10.1101/2024.04.26.591310,467c61e05d5051e66751eb7294375fdf2c21572fbde39d702204c57ffb94ba4d,False,
urn:mavedb:00001165-a-1,ZFHX3 Homeobox domain domainome 1.0,2024-05-17,1121,ZFHX3 Homeobox domain,56,93b8983a34bcd49f7350326f04aa2715d3d1d711259bc207288eb628a8bacba9,False,c786c46d129f2921d55fc1e6b959e4d69fc25777eea7803d5210e8c7a4fb1f4e,ambiguous_metadata_direction,,10.1101/2024.04.26.591310,c5866d78b88045f7c35ecbc58ffeafcfde6be072781d0b180cd006496eef67e8,False,
urn:mavedb:00001166-a-1,ZFHX3 Homeobox domain domainome 1.0,2024-05-17,1121,ZFHX3 Homeobox domain,56,ac5c02e05e880825b99c2206c68873ad63a8d6902e244a554db31805e78eb90c,False,57d384f39cd24ccd975bda1e0e6f364a2403e20a7168b4ff6c8734a16af99d44,ambiguous_metadata_direction,,10.1101/2024.04.26.591310,24c6171da10c913df6a804ea5f848ccf61baf513043110a05f6af712b00a52f6,False,
urn:mavedb:00001167-a-1,ZFHX4 Homeobox domain domainome 1.0,2024-05-17,1121,ZFHX4 Homeobox domain,56,7acd6cad6ae2324eaf9b2667c92bc680ecfb66c8043c1da16487f4ed459e1990,False,29b08e328e2ec2d5ab77bbd2956550fb55a2a59243112c0c1063c23d079a5d4b,ambiguous_metadata_direction,,10.1101/2024.04.26.591310,3e35c268a19074e95c3daa285c04cf639b06131123607304ccd6e6e1246999e1,False,
urn:mavedb:00001168-a-1,ZFHX4 Homeobox domain domainome 1.0,2024-05-17,1121,ZFHX4 Homeobox domain,56,7213da396ca6364c500497f0ae31b5bcae92482ef54e64b1f76932de27ba6b12,False,782421f60db195f3ffdfdea8f879946a5e6ede2ac928fb3d2293a6dcec7889ff,ambiguous_metadata_direction,,10.1101/2024.04.26.591310,321ef19ef3c92e0083968ec5b12608876cfda026f2a4370a1705287d352e4009,False,
urn:mavedb:00001169-a-1,ZFHX4 Homeobox domain domainome 1.0,2024-05-17,1121,ZFHX4 Homeobox domain,56,e2cea3bef965b0115a02f11fb6269fb5aa5854381cc13dafdd97548dc593459e,False,cd78491b4f3055f197a2693269ae7706ac786c2d10e2e74134095586a0d88dc6,ambiguous_metadata_direction,,10.1101/2024.04.26.591310,72062d0dace507bf835a2c15988d95e01184de7fdef5773f290b5316057b2a03,False,
urn:mavedb:00001170-a-1,ZFP30 Zinc finger C2H2-type domain domainome 1.0,2024-05-17,441,ZFP30 Zinc finger C2H2-type domain,22,e77fb43cfc37286970eb1645566754d4472c8eac7a99ea9682be9261a61ad407,False,03eb57000fdf52a39ea2bb42987065dd938a8df77d328444df33c492b55a5be4,ambiguous_metadata_direction,,10.1101/2024.04.26.591310,98035fc0f4f6b1f5a68a80479887ef45ac1ea34d3409f15ca676663666086da3,False,
urn:mavedb:00001171-a-1,"ZFP36L2 Zinc finger, CCCH-type domain domainome 1.0",2024-05-17,481,"ZFP36L2 Zinc finger, CCCH-type domain",24,90309946c12b3e75599dc2b1e1564f78b16aea5b4401a97e0b8f52b9ac9f822e,False,308b1ac92a0c1731daffea6e99fae568bb787a2cf52dd7e2c9f966f9f2ef5323,ambiguous_metadata_direction,,10.1101/2024.04.26.591310,ba3b0e0911d6f76067ead98d3b035536dd093458ef8b94633431e9c377609191,False,
urn:mavedb:00001172-a-1,"ZFP36 Zinc finger, CCCH-type domain domainome 1.0",2024-05-17,501,"ZFP36 Zinc finger, CCCH-type domain",25,8b8a878d705c4d5a4b2578f2d90be9dff8ba84e85473d8f4c4d6c81da55dcdc3,False,57eb74e6924002fd2c7cc7a394881bccd14eec28fa46ce486b7c8396648f6d32,ambiguous_metadata_direction,,10.1101/2024.04.26.591310,5730e0ae63570b1cc33b337d5a5a4147fe0b647e6a2a43ef51a4e22322b1e177,False,
urn:mavedb:00001173-a-1,ZFP57 Zinc finger C2H2-type domain domainome 1.0,2024-05-17,441,ZFP57 Zinc finger C2H2-type domain,22,4236fc40aae45a9facb5548c91e78a81360d9da40edcf5b718b636cdaecc014e,False,a93d769115773fd7071e36d1f4b7f0eb4cde53bd610dd7348d47d461761f8cf3,ambiguous_metadata_direction,,10.1101/2024.04.26.591310,f8d83fdfe75130851ce05b9740d3a89bd7c640d7d4e2aa58eb2012cb5422f14a,False,
urn:mavedb:00001174-a-1,ZFYVE16 FYVE zinc finger domain domainome 1.0,2024-05-17,1241,ZFYVE16 FYVE zinc finger domain,62,e619d8518162bef69c85fc41cd1abd239eceedf630dd41689af32863a0025bcf,False,037b0aedbee8032b7dfbf8c0871fbe17ce34e65b1e3913c149d200e8d03c6f00,ambiguous_metadata_direction,,10.1101/2024.04.26.591310,f15a000cbd034ba03adb18deef13e178541e6ca3ee3efb81011798b787d0806a,False,
urn:mavedb:00001175-a-1,"ZHX1 ZHX, C2H2 finger domain domainome 1.0",2024-05-17,1001,"ZHX1 ZHX, C2H2 finger domain",50,1dcc16a090c78af519e8133251708fe378073713f5deed6195395e630516e13c,False,461c39cd7690719b068759e9debbd26e1f883f9227187789b64236533b9cdea0,ambiguous_metadata_direction,,10.1101/2024.04.26.591310,d649c8f2da367ba28e12dcebdc24528fb6371507833a538448738f39cc28183b,False,
urn:mavedb:00001176-a-1,"ZIC2 ZIC protein, zinc finger domain domainome 1.0",2024-05-17,921,"ZIC2 ZIC protein, zinc finger domain",46,6f77baacb60d0800f3e801293a808469aebd7d183dd52b9f8a24d0460d26a27d,False,f9e83bffb745c2d087e7da13db464684f85847d0cde66e96117a51e693a51dc6,ambiguous_metadata_direction,,10.1101/2024.04.26.591310,3301c9e96fa8057db0f3fd702817676b6d1c3a5900b3ac8cb91bdc0a9bd28c6b,False,
urn:mavedb:00001177-a-1,ZIC3 Zinc finger C2H2-type domain domainome 1.0,2024-05-17,441,ZIC3 Zinc finger C2H2-type domain,22,9b570a34b8e4e840a23c5eba6649544b25d87114be877bb88bba481f1270ea1a,False,d19adab0c7ebb7af1716946c2310132933867bf808bddf1b4647f4c70e2c2874,ambiguous_metadata_direction,,10.1101/2024.04.26.591310,724fe12048e73f519684c4ad3f5b2ccd044b513da02b02d373323d26ed5f7cf9,False,
urn:mavedb:00001178-a-1,"ZMAT3 Zinc finger, double-stranded RNA binding domain domainome 1.0",2024-05-17,521,"ZMAT3 Zinc finger, double-stranded RNA binding domain",26,1a5535890e69b08b8f67507226902e9ce90deea0cedbc45489988ba4eb7ac433,False,1bd3ecd569c6f69795c52dd03a71caa536c42b1a7a01978831a5d80a48cd0968,ambiguous_metadata_direction,,10.1101/2024.04.26.591310,aaa17560f4be9245839dfc4d513398fe15698ff2bf8454d5ca82ff04f749dfa9,False,
urn:mavedb:00001179-a-1,"ZMYM2 Zinc finger, MYM-type domain domainome 1.0",2024-05-17,881,"ZMYM2 Zinc finger, MYM-type domain",44,51c1895d123fc8e12ae76477de62e591a9dda48e7113d9cea4b2b5762d5eb088,False,09e2f50b16be026d336629a313d2f68fe5324dd008c8dc1c8e2bcc1bef71f783,ambiguous_metadata_direction,,10.1101/2024.04.26.591310,45cd7bb4bf369a80db1e758b284ab7270365ed57298d30a78f2ea92100a950b9,False,
urn:mavedb:00001180-a-1,"ZMYM3 Zinc finger, MYM-type domain domainome 1.0",2024-05-17,781,"ZMYM3 Zinc finger, MYM-type domain",39,188aadb669670a8dc254fe7c2352ba66632552ee3d6c12617a6e930c1a480f9d,False,964c9740d48c585844905e61a97a60d344d41b82d58ee7101409a3031fb24d81,ambiguous_metadata_direction,,10.1101/2024.04.26.591310,ff56f4c7a13e4a5de417115e30bb044fbf9a5b035e94073fb5dc8d1670d141d4,False,
urn:mavedb:00001181-a-1,"ZMYM3 Zinc finger, MYM-type domain domainome 1.0",2024-05-17,801,"ZMYM3 Zinc finger, MYM-type domain",40,364e9346a813a644bd238f0ab40d7387e76b62975b772066608fbec6aff092d1,False,91ad43e357b59e5b83eed3530be807795e5e945e13a502f558ab904d4099b59c,ambiguous_metadata_direction,,10.1101/2024.04.26.591310,cab750f75832c1b6bbd7e4084d6237d898b7a1ab4fd505fa2237f603a083e438,False,
urn:mavedb:00001182-a-1,"ZMYM3 Zinc finger, MYM-type domain domainome 1.0",2024-05-17,901,"ZMYM3 Zinc finger, MYM-type domain",45,2ef54cf3ae102cf65ff5e546630dd1ca8a54b537f8fa15d2acc5eb93a2f4d925,False,555ec508694d0f6c06c97e922b0a9b0bc35ed7f3806c44da91d7e041e81729c1,ambiguous_metadata_direction,,10.1101/2024.04.26.591310,d8abfe1cd886c12408dc263d7aa5ad3390198b208cf0de934d0ce7e09ed60308,False,
urn:mavedb:00001183-a-1,"ZMYM3 Zinc finger, MYM-type domain domainome 1.0",2024-05-17,801,"ZMYM3 Zinc finger, MYM-type domain",40,4a909fb5ac8916f335b21ff803b0af3971ec73f78304f7fd2c2e307e4e41605a,False,e44ab3ffa12bbb3272816f091d78ad15a00a3a248d94651f9a1b6a4691e616ed,ambiguous_metadata_direction,,10.1101/2024.04.26.591310,7dcfd42e963df4ce2a5cdf30eb34331b7183cbab26b09a44977c609d5e177648,False,
urn:mavedb:00001184-a-1,"ZMYM5 Zinc finger, MYM-type domain domainome 1.0",2024-05-17,801,"ZMYM5 Zinc finger, MYM-type domain",40,29ad53c2e246fec625c82d1271e939ea8bc4569bef781436d6b10288e1685fbd,False,93f06c3692716675f1db21cfdd33d105e65dc022de8d67a7c7512a4426e64255,ambiguous_metadata_direction,,10.1101/2024.04.26.591310,124dfa228625c0567326cd70ee6021c657f9d8c97dd37ca831a6422cbea71ed0,False,
urn:mavedb:00001185-a-1,"ZMYM6 Zinc finger, MYM-type domain domainome 1.0",2024-05-17,801,"ZMYM6 Zinc finger, MYM-type domain",40,0f38f89122e8b97b72778b198545af7a2f599f6c3b737fc4216debd5020b253f,False,45b57eeaeacc3bf2d0d37a756a0ff33486aacd6b2661cd22546d9358a033eaab,ambiguous_metadata_direction,,10.1101/2024.04.26.591310,53d4d21da80ee2c35ce65e71516b49d66503215f7872bc8bf8a831de116fccfa,False,
urn:mavedb:00001186-a-1,"ZMYM6 Zinc finger, MYM-type domain domainome 1.0",2024-05-17,721,"ZMYM6 Zinc finger, MYM-type domain",36,15dbf695563dbc82d665a7c1bad9a42e25af996ef4966c04e89fc8e3393dc690,False,8041b44af5f124f31a86451f4926b257d56f3fe53f843b4e45c791347974647c,ambiguous_metadata_direction,,10.1101/2024.04.26.591310,6bb9f8dc1808e01d4a546b931f5997ca44f3bdd22c22187d9a74df11ff946fb4,False,
urn:mavedb:00001187-a-1,ZNF148 Zinc finger C2H2-type domain domainome 1.0,2024-05-17,441,ZNF148 Zinc finger C2H2-type domain,22,6cc5962be5e3abe4057d79265bab4fd8edb128d472135d789abb9b723dbeb4e5,False,08f3de3a02a82b048dcd2d095fb1f5c4948b719f300c50ba5f2d00d516fb1556,ambiguous_metadata_direction,,10.1101/2024.04.26.591310,5c7ccc7ffbfad0c95ede1db473ae7dbbf0d2d64d60c2a1b6bbe52b49c15c191e,False,
urn:mavedb:00001188-a-1,ZNF292 Zinc finger C2H2-type domain domainome 1.0,2024-05-17,481,ZNF292 Zinc finger C2H2-type domain,24,04bee269b0f672f6632361fa9839968852f57fb6de1b9fd24cff38fa4d769938,False,30ea71e7f8b4b632a3875df7273ac02cb1e0a45a8ef702b10752112c16b2ad6a,ambiguous_metadata_direction,,10.1101/2024.04.26.591310,96e8fcafde57f2639cb30406b6b24fc0e7e81d0e8d880317c3bc00f4bce46039,False,
urn:mavedb:00001189-a-1,ZNF408 Zinc finger C2H2-type domain domainome 1.0,2024-05-17,421,ZNF408 Zinc finger C2H2-type domain,21,71f66544f3d672f75c8318c76001c1a53d416d1be6ec3fa28c31b6d37abfe998,False,8b9bc856641d469fe4807efe60995bf6657d9360d71bbb9f3ea1173cde47f1af,ambiguous_metadata_direction,,10.1101/2024.04.26.591310,279c6c420f5717b19a51dfb54293aa0da1934f96c87609a0effd4e9201b638c3,False,
urn:mavedb:00001190-a-1,ZNF711 Zinc finger C2H2-type domain domainome 1.0,2024-05-17,441,ZNF711 Zinc finger C2H2-type domain,22,8ef6ab4f67d2b5c77bc76ea9ec8d511919737e3125c7417fe12cdf8e410ed186,False,e25d379a8ce27fc1573c5284c0ffbd999855c8132e2949b31fdf5ef540c95ee9,ambiguous_metadata_direction,,10.1101/2024.04.26.591310,d92061edeac9f003a131f7e5f1ec41a7ec8e6bd2290da41a6f6cefbf2073f81b,False,
urn:mavedb:00001191-a-1,ZNF81 Zinc finger C2H2-type domain domainome 1.0,2024-05-17,441,ZNF81 Zinc finger C2H2-type domain,22,ad277461c9f94e60d163be35648b5849578e2eb9233ecb9fb22432d697301287,False,452153b25bc94fbc8a11e856fe9cf172652db70856ba92ac218d395e0c0c75e4,ambiguous_metadata_direction,,10.1101/2024.04.26.591310,d5800f2a3b4da647b4ff556aafae3e4c5a0bd5aca768cccfa5b6d83e4109ee61,False,
urn:mavedb:00001192-a-1,ZNF81 Zinc finger C2H2-type domain domainome 1.0,2024-05-17,441,ZNF81 Zinc finger C2H2-type domain,22,164fddbff066043c04b52be46c33c5e9aac80be088f5e43ddb9a7b1e078fbc3a,False,9cbe37529ad2288e88ce266ae9b5193d2c9fb5f1686f4c54d29fa351a24f4eb4,ambiguous_metadata_direction,,10.1101/2024.04.26.591310,d08994acb02960802b03ed84d1ad1cb601df78a0be552f6142aec98495f0d169,False,
urn:mavedb:00001193-a-1,"ZRANB2 Zinc finger, RanBP2-type domain domainome 1.0",2024-05-17,501,"ZRANB2 Zinc finger, RanBP2-type domain",25,14d229f4f8b5be52e8d7755aff11f3b439c5f609e76b9e821cd0aa60d33a606b,False,65d41f6ca52f225ebd7f2f03fea57c0d85e8f0103396f0a64fe78e1bd77df024,ambiguous_metadata_direction,,10.1101/2024.04.26.591310,e5c432259b8c1842d0571c3cfe723d3e70d7bbc94a5bcba9b82cb7bed546f448,False,
urn:mavedb:00001194-a-1,"ZRANB2 Zinc finger, RanBP2-type domain domainome 1.0",2024-05-17,541,"ZRANB2 Zinc finger, RanBP2-type domain",27,d807f59387446e2bb00ecba015c12a24d0a86b70a6e6efd0670edcd59ca7ff54,False,0e527a7d9b407b75d1f86f64e64ffaa40c5fe7d98abfbc3fed0d4e4b42b2e8de,ambiguous_metadata_direction,,10.1101/2024.04.26.591310,7235da9f2d2471981974defd067e6977fa086f8ace6749f4c950e3a915d506e7,False,
urn:mavedb:00001195-a-1,"ZYX Zinc finger, LIM-type domain domainome 1.0",2024-05-17,1341,"ZYX Zinc finger, LIM-type domain",67,1b231239675764212bc55bd3725b56643a83449b45b04c0befdd13a18ce57290,False,3d21576883c8eebf34c2a3a1f4be3c144d1b6f2ea117bdf4612a44651e96f279,ambiguous_metadata_direction,,10.1101/2024.04.26.591310,b6621fa4f41d41c571f2e90b5cfa948e63d4b0c4f68809e93d37e3be06bc8702,False,
urn:mavedb:00001196-a-1,ZZZ3 SANT/Myb domain domainome 1.0,2024-05-17,1281,ZZZ3 SANT/Myb domain,64,8d1e9c4b1695d1229cf867ed755b258470ac5c2220da1c185b50216b58901eb5,False,be0e1c58e7f950bd74b281efcba94f588a680163b9ce2be8114818a3b6ece917,ambiguous_metadata_direction,,10.1101/2024.04.26.591310,c35f7a9614cfcf045b44f21c031d52280bc929516ea5da3f87dbc2c5618dd522,False,
urn:mavedb:00001200-0-1,F9 predictor scores,2026-02-21,9007,F9,461,32f5d032de97ea22d5e46e0ad5aeeaf19f1b5f3636dc0424cee6bf92e6035a2a,False,b7373b6d613b16e6656302e28847920d8d8b8adfe3ef49a6fa2542db09480cc3,existing_mavedb_development_v1,,,,False,mavedb-32f5d032de97ea22
urn:mavedb:00001200-a-1,F9 MultiStEP strep II tag scores,2024-07-01,9682,F9,461,32f5d032de97ea22d5e46e0ad5aeeaf19f1b5f3636dc0424cee6bf92e6035a2a,False,7688c2d4e64e34e282900cfcd649e59c5dffec05e53e6b86a3abe39ebb3a5cbb,,1,10.1101/2024.04.01.587474,16427436b9ae5511a2f9ca7d4cbf738d05d22edbc3c8c5cb5b09e2e852d85de3,True,mavedb-32f5d032de97ea22
urn:mavedb:00001200-b-1,F9 MultiStEP heavy chain scores,2024-07-01,9682,F9,461,32f5d032de97ea22d5e46e0ad5aeeaf19f1b5f3636dc0424cee6bf92e6035a2a,False,a3f4ed5af15963a11a8518d2faba51d5095473ef93053c2b318407cea662bf86,,1,10.1101/2024.04.01.587474,809aaa9a086e1d4b63f0e6f0569255f5be98c1ea6bee7f3e299c2a360443a200,True,mavedb-32f5d032de97ea22
urn:mavedb:00001200-c-1,F9 MultiSTEP light chain scores,2024-07-01,9682,F9,461,32f5d032de97ea22d5e46e0ad5aeeaf19f1b5f3636dc0424cee6bf92e6035a2a,False,235b9fe403911672942747268524b9e7996708802380365d0bab25d3a0d8b072,,1,10.1101/2024.04.01.587474,85b4186d6dc7cd72f71257eb3765a07dd3eb1e890326c20cbe948a509bcef468,True,mavedb-32f5d032de97ea22
urn:mavedb:00001200-d-1,F9 MultiSTEP F9 Gla domain scores,2024-07-01,9682,F9,461,32f5d032de97ea22d5e46e0ad5aeeaf19f1b5f3636dc0424cee6bf92e6035a2a,False,cda44130f433b148c46095b4d2104b1facbe3b1f6200679d66d3049dd3e9e1cc,,1,10.1101/2024.04.01.587474,4fede6ebc18ae1c9b67c81d79f60f42595f38ac49e4196b31876e141c8367da1,True,mavedb-32f5d032de97ea22
urn:mavedb:00001200-e-1,F9 MultiSTEP pan-Gla domain scores,2024-07-01,9682,F9,461,32f5d032de97ea22d5e46e0ad5aeeaf19f1b5f3636dc0424cee6bf92e6035a2a,False,7d32359d6eef1483c027fb79016f755f7f6aa33a332764a4ca9568b327981c0d,,1,10.1101/2024.04.01.587474,88fb6ef51046ac6cf435ab1a715d224084e05d30cc2c9cd0e8e9223465fac262,True,mavedb-32f5d032de97ea22
urn:mavedb:00001202-a-1,IgM B cell receptor transmembrane domain surface expression,2024-07-11,600,IgM B cell receptor transmembrane domain,30,25ebb8203cea1b79bcd589dabe57f03379c88384607b07467395bda3c2855812,False,7f19e0855c90d70cdf2175983f47539b4821183bb03e18afd2858f3156203c06,ambiguous_metadata_direction,,,fa3a0cb4662623534cbdda5a421397b7ebee37b875fe0a73f5117d763f1b85d0,False,
urn:mavedb:00001204-a-4,"Dabrafenib and Cetuximab HT-29 cells, base editing z-scores (predicted consequence)",2024-09-18,142,MAP2K1,393,946738194771d8903ea1de39783f6bebe496fb1b4c6d06255e560ee6678d0676,False,410aa30a45e076495f8cf8ec3f372d4919c5ab12815f80d4f8d582314826923a,ambiguous_metadata_direction,,10.1038/s41588-024-01948-8,efa0f2dc949eb13d3d5fd4c5784436e609ceebfbeb478804fcafa629ac16c798,False,
urn:mavedb:00001204-a-5,"Dabrafenib and Cetuximab HT-29 cells, base editing z-scores (predicted consequence)",2024-09-18,472,EGFR,1210,dbb4583267ad40a7dfd854ee3c44ce4be38e137d0570e3eb76cf1854a74e7246,False,aabed1d22027a4de7f6d4e61eb98ecdf33fd915dcb1761bce5935b98a9e0444b,ambiguous_metadata_direction,,10.1038/s41588-024-01948-8,1ebfcaf0278eabffc81609497e030033b94425a1a067207ed6a7589f7fb0e10e,False,
urn:mavedb:00001204-a-6,"Trametinib HT-29 cells, base editing z-scores (predicted consequence)",2024-10-02,142,MAP2K1,393,946738194771d8903ea1de39783f6bebe496fb1b4c6d06255e560ee6678d0676,False,219e2432494230ba97361f41069f36737c15044a8b579888a7814598e642b601,ambiguous_metadata_direction,,10.1038/s41588-024-01948-8,64dc194e24986dedb3777d6fa0510024567253b14bb815b84d00282cfb03b538,False,
urn:mavedb:00001207-a-1,GPR68 mutational scan of cAMP signaling at pH 6.5,2024-09-06,9258,GPR68,365,e22052f4286e7726d10d040d625d51d800d1aa5f43b41c67e52311290aa761c5,False,0fecc252bafef9ab3f493426983635f260a34aff78503e147e9f8b87470dfa77,ambiguous_metadata_direction,,10.1101/2024.04.17.590000,304dee77a5d02582df2efabddca51ba2d5c99867491a1c598fe2b7396d0e345a,False,
urn:mavedb:00001207-a-2,GPR68 mutational scan of surface eppression,2024-09-06,9258,GPR68,365,e22052f4286e7726d10d040d625d51d800d1aa5f43b41c67e52311290aa761c5,False,a4fded322f7205be0945b145c61ec4a4abfa1b35bb02893f26a6484eb78c4a87,ambiguous_metadata_direction,,10.1101/2024.04.17.590000,36e201445e67252108172ce2a9964be2a17923a2998b3b30b4053cbfa0428cf1,False,
urn:mavedb:00001207-a-3,GPR68 cAMP signaling at pH 5.5,2024-09-06,9258,GPR68,365,e22052f4286e7726d10d040d625d51d800d1aa5f43b41c67e52311290aa761c5,False,1b3cd5c020a0ba299325231d8216aa6eb26055118b846ec72fe2d72b6dd915b7,ambiguous_metadata_direction,,10.1101/2024.04.17.590000,f46abf36c8f4b1922d756f083d5db1d8159ab12f691894317d7a25a52c51dafb,False,
urn:mavedb:00001212-a-1,Deep mutational scanning of the Trypanosoma brucei developmental regulator RBP6,2024-10-23,4780,RBP6,240,e9255595d8a75acaaea4c604011a33907d93418bbd1ef8520e43cc53c8e4bfe1,False,e2e7bac8a7b91029a4bd17297a56dba4242a994cae4dd2e441fad084cada3bf8,ambiguous_metadata_direction,,,f6fd7a51e8a11bb885a53b6c5a56e07383ff52ef196343586a12007c568fb6d0,False,
urn:mavedb:00001212-a-2,Deep mutational scanning of the Trypanosoma brucei developmental regulator RBP6,2024-10-23,4780,RBP6,240,e9255595d8a75acaaea4c604011a33907d93418bbd1ef8520e43cc53c8e4bfe1,False,a828f4ed3e14714d549a266a317ad72daa35259ee74cc059d3a058c1435eaccd,ambiguous_metadata_direction,,,94d0cf5b92583b4f81c8ac9ee4aa2a43908030b4e3297e516c7e9e229f9a30a7,False,
urn:mavedb:00001212-a-3,Deep mutational scanning of the Trypanosoma brucei developmental regulator RBP6,2024-10-23,4780,RBP6,240,e9255595d8a75acaaea4c604011a33907d93418bbd1ef8520e43cc53c8e4bfe1,False,b255376178f3308aad8c89dab9845933fb9aaccf6c518180d14d5a50d6c9dc34,ambiguous_metadata_direction,,,f6d0d4098cb07c818944af24e48aff726be0bc7886bf67f1e9bed2cac998fc20,False,
urn:mavedb:00001212-a-4,Deep mutational scanning of the Trypanosoma brucei developmental regulator RBP6,2024-10-23,4780,RBP6,240,e9255595d8a75acaaea4c604011a33907d93418bbd1ef8520e43cc53c8e4bfe1,False,aee36cd7ac47be6d2fe53e9c61e9e1f699642b61f88d4fd76a639e5d091ba2df,ambiguous_metadata_direction,,,c9e3461eb02c6b7691b046b2e0fd20c13c017c2057ce7e53461e51da287c1870,False,
urn:mavedb:00001216-a-1,KCNH2 MAVE Trafficking Scores,2025-02-24,22806,KCNH2 Wildtype Sequence (ENST00000262186.10),1159,287332153da38b59cc1be9554cc3a29f14d3b9e2a33150b4d54137773b22d1f7,False,557a392b3cf3dd8c9549d450361fc26f9430aa992ae32973a33561a1627dbc5e,,1,10.1161/circulationaha.124.069828,036a60b35dff917405ac0c8286b4ddd69810171c837166c53b960eeac4a75cc6,True,mavedb-287332153da38b59
urn:mavedb:00001217-a-3,SOD1 abundance map score set,2025-06-16,2906,SOD1,154,c56903dca972575883387736442f68a5206604d08604ddeb8dbc2e3f25a9f76d,False,88799c79feda2db59077114d678fd7f93ba8baf26235280133e54993e4738e8b,existing_mavedb_development_v1,,,,False,
urn:mavedb:00001217-a-4,SOD1 activity map score set,2025-06-16,2910,SOD1,154,c56903dca972575883387736442f68a5206604d08604ddeb8dbc2e3f25a9f76d,False,1c56085a5916bd74ef5bb7743875b80843df10e563aeeaaae43ca561a76a5ff4,existing_mavedb_development_v1,,,,False,
urn:mavedb:00001218-a-1,Cellular abundance of MLH1,2025-03-31,5056,MLH1,270,de8be0cce2213aa9b8ca6f2d8160690ec546cb58939b8f14b76673ab4bef84f0,False,55f5ca0724e7bd1f70c2f17021b433f3e6cda36c1e17f7995ffd6d7bebdd50a9,ambiguous_metadata_direction,,10.1101/2024.07.28.605491,349101db11eec184edcf0fffff71e178a99b69e73b1a82ffe64c0bc4396771ac,False,
urn:mavedb:00001218-a-2,PMS2 interaction of MLH1,2025-03-31,5056,MLH1,270,de8be0cce2213aa9b8ca6f2d8160690ec546cb58939b8f14b76673ab4bef84f0,False,2592248e08e82486f05c210ba66fd408d5a8316f119d455d5f7e4bdc5ab34290,ambiguous_metadata_direction,,10.1101/2024.07.28.605491,193513b0f92a20ab0cf689a83cb709041a2b1546cc48f461e452fddcb082106d,False,
urn:mavedb:00001219-a-1,Systematic characterization of indel variants using a yeast-based protein folding sensor,2025-04-10,748,DHFR,187,f01679b357e85183133b6e765b5bbb10fb34aac343f1185d3cae27b684632907,False,d29dec349f93c6ef0ec4df19dba22763652552f004f6f3b193e2a7341fde0c42,ambiguous_metadata_direction,,10.1016/j.str.2024.11.017,0761ba4866af32a1299f4594d7d9a72faefb3df6cef88dc42ec5a7cf5801cd4b,False,
urn:mavedb:00001219-a-2,Systematic characterization of indel variants using a yeast-based protein folding sensor,2025-04-10,748,DHFR,187,f01679b357e85183133b6e765b5bbb10fb34aac343f1185d3cae27b684632907,False,4b38f6e9fb0f6d86cbef3478e1dc04a720f593fe7bb0e169cc7fc8054b2c17e0,ambiguous_metadata_direction,,10.1016/j.str.2024.11.017,1ef280fa52ed6beb26cb95aca40063da099fa0c6cc44d41c720d0416c5212c69,False,
urn:mavedb:00001219-a-3,Systematic characterization of indel variants using a yeast-based protein folding sensor,2025-04-10,748,DHFR,187,f01679b357e85183133b6e765b5bbb10fb34aac343f1185d3cae27b684632907,False,039d79faef04c59a3670312823700350dfec76f149be372ae2533cbe8a6e35b1,ambiguous_metadata_direction,,10.1016/j.str.2024.11.017,148e966e0f038e75a57fe14266b33c2f2d68e69fd37fce9a0272505472a5d6d2,False,
urn:mavedb:00001219-a-4,Systematic characterization of indel variants using a yeast-based protein folding sensor,2025-04-10,748,DHFR,187,f01679b357e85183133b6e765b5bbb10fb34aac343f1185d3cae27b684632907,False,e8c0a3c1356c9163ef832a39262106c13e2a9281bbb03cbe3a90405eaaa7d4b1,ambiguous_metadata_direction,,10.1016/j.str.2024.11.017,d66420182761638063376b711168a02488f8786f077d2bc430039d89920d631f,False,
urn:mavedb:00001222-a-2,Scores from growth assay of BRCA1 variants,2025-10-21,1427,BRCA1,191,46f47e2a4e958f92f35d38442fe4eca1d49f15d7878736efece0c185964c813b,False,97f2eb731618debd8d9247d9dcdc776530cf286f6611c018e43853b2df5c818a,existing_mavedb_development_v1,,,,False,
urn:mavedb:00001222-b-2,Scores from multiplexed functional assay of BRCA1 variants,2025-10-22,2271,BRCA1,287,45e732e55a1549ce8ef2697cd0a8cbc14173192bac722f916ca7e7f3bd06d2e6,False,c561f3ded1ad2cbfc69492589692e6687b689f0c3ef654f2c8a61754744b4ba6,existing_mavedb_development_v1,,,,False,
urn:mavedb:00001227-a-2,Scores from deep mutational scanning CRX transcription factor in HEK 293-derived cells,2025-10-21,5284,CRX,299,e4f3ee088fb57f78bb68bea8c1132c6a1bb805d7697e8d04fbd5ef1e3744b43b,False,2b0d3bfaf1cdde45f743cc8e86f4ffd5a9cd70bd1a38e2352a5cfca444378885,existing_mavedb_development_v1,,,,False,
urn:mavedb:00001229-a-2,Scores from cell surface localization assay of KCNH2,2025-10-22,231,KCNH2,20,9143a176707c5fc9b168b83d569e1f85ae5ecb3e36e76c56c816a3a39d261a8e,False,e7a4cf833f19c721c8497ad0dc93d37fc7911fe918c8f09359948abcd766b5af,proteingym_publication_overlap,1,10.1016/j.hrthm.2020.05.041,d9556c5f871442b71e8fe9b0ef3348c47dbc5a639ca12c3711c7cc30ea2075f3,False,
urn:mavedb:00001231-a-2,Scores from cell surface expression deep mutational scan of KCNH2 in HEK293T cells,2025-10-21,22824,KCNH2,1158,a5ca23fa1e625d664becc095a35cbee13d76f3d13157d87cb6be9bcf1ab522d6,False,bf9f71cf2f531ddd6e17b3866773a9965e0e10402631bf05e57840fe5814f6e0,,1,10.1161/circulationaha.124.069828,c8932cc8283023aad92e9dfa39e60d30af219f55b8220f8f9c4387a0b28ab8e4,True,mavedb-a5ca23fa1e625d66
urn:mavedb:00001234-0-1,Median TP53 transcriptional activity scores,2025-05-08,2314,TP53,393,e3ca60f18e3b6e98986ad6749215ee3b7a3abc09c191675213d1f243c035c9a3,False,6654cec40d371a9f4748f798403a7b3b3b55923ff46d2248b2fc2fcd9ea55707,meta_analysis_score_set,1,10.1002/humu.24264;10.1073/pnas.1431692100,6e3c311e4b8d29d0c0de9acb000567464010e8f7ede5ffbe37b6ea6bff3b1c0e,False,mavedb-e3ca60f18e3b6e98
urn:mavedb:00001234-a-1,Scores from arrayed yeast-based assay of TP53 p21WAF1 promoter,2025-05-08,2314,TP53,393,e3ca60f18e3b6e98986ad6749215ee3b7a3abc09c191675213d1f243c035c9a3,False,23cbdbfdd27cd42deb14fb0a6a45185269dd721bdfffe8b03b62f792027f9287,,1,10.1073/pnas.1431692100,19e7f7e88d3acc76d7b58878c621d4834ed0123e5a444b3199c383e6f20b082d,True,mavedb-e3ca60f18e3b6e98
urn:mavedb:00001234-b-1,Scores from arrayed yeast-based assay of TP53 MDM2 promoter,2025-05-08,2314,TP53,393,e3ca60f18e3b6e98986ad6749215ee3b7a3abc09c191675213d1f243c035c9a3,False,641932727c6a5edb1eb7696f0e17764a9d539fd8714c6889422edffd24ec9067,,1,10.1073/pnas.1431692100,ed4ded2b5fb40fdd689aa556a94ac9da0020bc7322f9a758a858ae6f92e56121,True,mavedb-e3ca60f18e3b6e98
urn:mavedb:00001234-c-1,Scores from arrayed yeast-based assay of TP53 BAX promoter,2025-05-08,2314,TP53,393,e3ca60f18e3b6e98986ad6749215ee3b7a3abc09c191675213d1f243c035c9a3,False,42de0df72f2d59e7f69f23e1f0ff10c4f7c2688ceebfb94d2c8fb59388050e0f,,1,10.1073/pnas.1431692100,26de01afcb1abbd306120ad4eb6610bd5d11025f769fee64022470f4f02b3999,True,mavedb-e3ca60f18e3b6e98
urn:mavedb:00001234-d-1,Arrayed yeast-based assay of TP53 h1433snWT promoter,2025-05-08,2314,TP53,393,e3ca60f18e3b6e98986ad6749215ee3b7a3abc09c191675213d1f243c035c9a3,False,8efbe839cd7de5364f6c902530a416a9b1f30ce56f8475da0d659a5eb9575fdb,,1,10.1073/pnas.1431692100,6711df857206a65f6c74572f0f693527c5dbb60d953e799020425cd3ce06b67f,True,mavedb-e3ca60f18e3b6e98
urn:mavedb:00001234-e-1,Scores from arrayed yeast-based assay of TP53 p53AIP1 promoter,2025-05-08,2314,TP53,393,e3ca60f18e3b6e98986ad6749215ee3b7a3abc09c191675213d1f243c035c9a3,False,d7c0c6ba8d0139891473a645d66ccfa698806b15f24b771d6a7e19dd8e404b0b,,1,10.1073/pnas.1431692100,fdb1631e0f80293c19d9ea97e7df5f09f562dc326eafe230e3272eaf5e138c52,True,mavedb-e3ca60f18e3b6e98
urn:mavedb:00001234-f-1,Scores from arrayed yeast-based assay of TP53 GADD45 promoter,2025-05-08,2314,TP53,393,e3ca60f18e3b6e98986ad6749215ee3b7a3abc09c191675213d1f243c035c9a3,False,71fdd3a08d529461adbce2b5cf2eae3566e720735809782ea2ae1df64056e0b4,,1,10.1073/pnas.1431692100,aecb6e56519e41fe60cd7496a2eb31aa4336c88e34d4d13914fb6dc2d437977c,True,mavedb-e3ca60f18e3b6e98
urn:mavedb:00001234-g-1,Scores from arrayed yeast-based assay of TP53 Noxa promoter,2025-05-08,2314,TP53,393,e3ca60f18e3b6e98986ad6749215ee3b7a3abc09c191675213d1f243c035c9a3,False,7f7b38b6079b1cd7170f00a41b62fdb3193c2500176047504728998d0f8cd114,,1,10.1073/pnas.1431692100,a5bbcb59438a3f23ec3fe24c030035212d801fca7bfd1795f100a4b287e4b546,True,mavedb-e3ca60f18e3b6e98
urn:mavedb:00001234-h-1,Scores from arrayed yeast-based assay of TP53 p53R2 promoter,2025-05-08,2314,TP53,393,e3ca60f18e3b6e98986ad6749215ee3b7a3abc09c191675213d1f243c035c9a3,False,0295b5d94af180906769b6fb1cc0e9ba45cea4eb422276cbf58b0dab1e8335bd,,1,10.1073/pnas.1431692100,c5c243fc59e70841b27712ca3d2c19920e64f761b5d38d172094c75cab65e8e4,True,mavedb-e3ca60f18e3b6e98
urn:mavedb:00001235-a-1,Scores from Nutlin-3a treatment of TP53 variant-expressing K562 reporter cells,2025-05-08,7893,TP53,393,a5cec053cd1989b7676255fc9467b6ffbc3e531b62f1e40558510b55e0ef27d6,True,a1e2624508cda60df7159cf966afbf6caf3408be6ae404989ed89a349c9775e4,,-1,10.1126/science.aax3649,4277168d7fa0ff23c8888257c0bfe80e1e13795d2314116b033e0ad7def0c1b2,True,mavedb-a5cec053cd1989b7
urn:mavedb:00001239-a-1,Insulin Signalling Assay,2025-05-29,19100,INSR,955,0e665f54d93e810c78eea449e57f7f5a7c73d455c8faf5b75c4e111ed4cecac6,False,d59190189264745c45ca51087b92f17cf02103fc9f6a819d7f7632fb71002ba6,existing_mavedb_development_v1,,,,False,
urn:mavedb:00001239-a-2,mAb 83-07 Binding Assay,2025-05-29,19100,INSR,955,0e665f54d93e810c78eea449e57f7f5a7c73d455c8faf5b75c4e111ed4cecac6,False,ca1aaac127b82b3a0fef65d163db7408e1cc40bf2d05c9ba324b25cd888ba261,existing_mavedb_development_v1,,,,False,
urn:mavedb:00001239-a-3,mAb 83-14 Binding Assay,2025-05-29,19100,INSR,955,0e665f54d93e810c78eea449e57f7f5a7c73d455c8faf5b75c4e111ed4cecac6,False,7316bad8b4d96dfed4917cef60940bc6f87d9a7e5637de9cf9e092a99ebeee10,existing_mavedb_development_v1,,,,False,
urn:mavedb:00001239-a-4,mAb 83-14 Stimulated Signalling,2025-05-29,19100,INSR,955,0e665f54d93e810c78eea449e57f7f5a7c73d455c8faf5b75c4e111ed4cecac6,False,8b15a73540291c888947d564df7f09c429328dbbcd28d21762bd99c452c497e5,existing_mavedb_development_v1,,,,False,
urn:mavedb:00001239-a-5,mAb 83-07 Stimulated Signalling,2025-05-29,19100,INSR,955,0e665f54d93e810c78eea449e57f7f5a7c73d455c8faf5b75c4e111ed4cecac6,False,28bcd59cade820921020cebf8ff8a058658b51de77c519195736ad00a9fcc02a,existing_mavedb_development_v1,,,,False,
urn:mavedb:00001239-a-6,Insulin Binding Assay,2025-05-29,19100,INSR,955,0e665f54d93e810c78eea449e57f7f5a7c73d455c8faf5b75c4e111ed4cecac6,False,275e6535c42565af99a4bea45ad7a2480aebd8e1a8c4e2f3243f00b617aaf2c8,existing_mavedb_development_v1,,,,False,
urn:mavedb:00001239-a-7,Cell Surface Expression Assay,2025-05-29,19100,INSR,955,0e665f54d93e810c78eea449e57f7f5a7c73d455c8faf5b75c4e111ed4cecac6,False,812d7949b14bded1a1bd563eace7684760ed8477c603dbd8e4164a30d128a918,existing_mavedb_development_v1,,,,False,
urn:mavedb:00001240-a-1,Deep mutational scanning of EnvZ at 30C,2025-06-03,1201,EnvZ DHp,60,8b63e161229a988015d53cc39023e3b4664f32cf7710b6820d8ea83eddfc71fb,False,e8b0cfaad27a16b97fa2c5c692cc0da606138fb5d48c2a18ce530a56ceeb8a3e,proteingym_publication_overlap;ambiguous_metadata_direction,,10.1073/pnas.2221163120,9691550b31561390787e04a6d952c5518f1cf9d6c0269e15f05fcd0c758aea7a,False,
urn:mavedb:00001240-a-2,Deep mutational scanning of EnvZ at 42C,2025-06-03,1201,EnvZ DHp,60,8b63e161229a988015d53cc39023e3b4664f32cf7710b6820d8ea83eddfc71fb,False,2a9a7454c2f53bd744f993c1918baaa55a7d383a6e8cb37a9db182260e5c9c02,proteingym_publication_overlap;ambiguous_metadata_direction,,10.1073/pnas.2221163120,b8146e1ebf9f9c3e427352a46ce901a421d22a7cf767d88ddb681f62020ddfc4,False,
urn:mavedb:00001240-a-3,Deep mutational scanning of EnvZ at 37C,2025-06-03,1201,EnvZ DHp,60,8b63e161229a988015d53cc39023e3b4664f32cf7710b6820d8ea83eddfc71fb,False,761f90cac781e8705b71a5bb0ca5528d0921ff35b296a4cbf539cf4ec25548ca,proteingym_publication_overlap;ambiguous_metadata_direction,,10.1073/pnas.2221163120,12adad71b4b61cb7ca647f59960d2fadc36dda8ef4a4ad67801483c07742b4dc,False,
urn:mavedb:00001243-a-1,LMNA Variant Imaging in U2OS Cells,2025-07-03,1766,LMNA,664,d1ba9877ad6626a2d6d1bf77fdadf06d0bb8fbc1aeeddf52b5da196b22b3ad45,False,73840f98f2d0f0c89cff46038c77d4bbc1835eeffaf9b6b1c05d195c9553ed1d,existing_mavedb_development_v1,,,,False,
urn:mavedb:00001249-a-1,Concentration-Dependent Deep Mutational Scanning of alpha-Synuclein in Yeast (0.1%),2025-08-25,2800,alpha-synuclein,140,9a06387610edd099466d614941c42a433f444feb6a8f25375bb0b6ad8ec9c6f4,False,b7b2fd0af98a86b29f9bd8223a475ca74dd7c26399596253ec46b1d95408f9d0,ambiguous_metadata_direction,,,9a703caa603dac5ca7c31e80c9c6f83c3bab1f549be59bc57f678d47820a1a35,False,
urn:mavedb:00001249-a-2,Concentration-Dependent Deep Mutational Scanning of alpha-Synuclein in Yeast (0.01%),2025-08-25,2800,alpha-synuclein,140,9a06387610edd099466d614941c42a433f444feb6a8f25375bb0b6ad8ec9c6f4,False,16be4eb4aa233cdc276e2aec8333d7749c1d1ddb53f12b46e5e14c9a575c6c30,ambiguous_metadata_direction,,,a64c8d9e038a54a2cc2bb00beddbe94b0e8d300b928c3a69581d75fb8d8ec395,False,
urn:mavedb:00001249-a-3,Concentration-Dependent Deep Mutational Scanning of alpha-Synuclein in Yeast (0.001%),2025-08-25,2800,alpha-synuclein,140,9a06387610edd099466d614941c42a433f444feb6a8f25375bb0b6ad8ec9c6f4,False,e62d2af99c672dc508753bf8a43dbc4079d679f42e4e2b74a2f3d5b4d5f366a4,ambiguous_metadata_direction,,,b07f6da5fb78f2450f6b411160a34b62dcea43f3e46527ebb09be803be1a711d,False,
urn:mavedb:00001249-a-4,Concentration-Dependent Deep Mutational Scanning of alpha-Synuclein in Yeast (1%),2025-08-25,2800,alpha-synuclein,140,9a06387610edd099466d614941c42a433f444feb6a8f25375bb0b6ad8ec9c6f4,False,bc6516fdfd0980ae11fe10de9b42552b67624adfc63422f6c9d14480586ae00d,ambiguous_metadata_direction,,,5373dc7c44fb8a68b7bc3f016e4568221cee704ed72d953a5ebf8e6eb5fc17e8,False,
urn:mavedb:00001252-a-1,LetA variants expressed in a ∆pqiAB ∆letAB strain and selected on LB+cholate,2025-10-26,8967,LetA,427,cd4c4a5265b6324b7639487f6a6550ec0ca34ca209542ad5559ad8dc0dc5bba3,False,4a69c6442475eedaf27d5e8f489f9b61aa3200df2f3616d20cfae6df3e271538,existing_mavedb_development_v1,,,,False,
urn:mavedb:00001252-a-2,LetA variants expressed in a ∆pqiAB ∆letAB strain and selected on LB+LSB,2025-10-26,8967,LetA,427,cd4c4a5265b6324b7639487f6a6550ec0ca34ca209542ad5559ad8dc0dc5bba3,False,da12294a9f23bd8e10a4fa014faefe1573d89b0c1ff4332b3d2cf269389d230b,existing_mavedb_development_v1,,,,False,
urn:mavedb:00001253-a-1,IAPP multiple amino acid deletions,2025-10-26,358,IAPP,37,9b7aaedeb6a1c510dcbfb10c0e57d6229bc2b9b6b6858906968803feef28e083,False,5feb44fd556aba4caec437022d0f693b2dd6bca28cfdb7f3f4afd50de1fd0d80,ambiguous_metadata_direction,,10.1101/2025.05.19.654797,d338fbcf0eb9a6c612cecc6af6ca7a3df2067802536cff25b90ad4af952dde2e,False,
urn:mavedb:00001253-a-2,Nucleation scores for all single amino acid substitutions in IAPP,2025-10-26,699,IAPP,37,9b7aaedeb6a1c510dcbfb10c0e57d6229bc2b9b6b6858906968803feef28e083,False,5cab48b9b030a18a2923bc33566811668996be28c89a3d5bf7f2dd79cc2e54d9,ambiguous_metadata_direction,,10.1101/2025.05.19.654797,2366b9f3697098bd255c11a39e9d6ebd8ae52168d0a0dd23c0a35126ec9e1ac2,False,
urn:mavedb:00001253-a-5,IAPP single amino acid insertions,2025-10-26,684,IAPP,37,9b7aaedeb6a1c510dcbfb10c0e57d6229bc2b9b6b6858906968803feef28e083,False,0607597fb4de1a32d3b1f3249c26b0c3e08cec0bdf5b8c739e9dda379862c85d,ambiguous_metadata_direction,,10.1101/2025.05.19.654797,c8468b33e00f33fa4f36ba7b4833166b5e1d7188b73c26c7a68526ef98244c02,False,
urn:mavedb:00001266-0-1,G6PD Combined Functional Scores,2026-02-19,9504,G6PD,515,0725c9221fe1fd935ede4a747d0678459ca0e367b238a1dea22fc4874335cf8f,False,54b889b7d0c463cb6fcdb1bc12d8059a35cac7f3a67cd4ac155cee5e8ae55c4b,existing_mavedb_development_v1,,,,False,
urn:mavedb:00001266-a-1,G6PD Yeast Growth Scores,2026-02-09,10675,G6PD,515,0725c9221fe1fd935ede4a747d0678459ca0e367b238a1dea22fc4874335cf8f,False,144bf5e11707c07abd4b511fe93b7d32df42d314d8247055985d5be39794c200,existing_mavedb_development_v1,,,,False,
urn:mavedb:00001266-b-1,G6PD VAMP-seq Scores,2026-02-09,10674,G6PD,515,0725c9221fe1fd935ede4a747d0678459ca0e367b238a1dea22fc4874335cf8f,False,815bae4fd98788c32916c85cda443a4db7af89584b19b3f7cea4f9e661b97956,existing_mavedb_development_v1,,,,False,
urn:mavedb:00001266-c-1,G6PD Yeast Growth (Control) Scores,2026-02-19,9145,G6PD,515,0725c9221fe1fd935ede4a747d0678459ca0e367b238a1dea22fc4874335cf8f,True,a569ca7137d703f35280639c3a005f50047880f4541df77647288a5546ae01a3,existing_mavedb_development_v1,,,,False,
urn:mavedb:00001267-0-1,TSC2 Combined Scores,2026-02-10,9253,TSC2,1807,6c6795ffc0f62a83401b3f75c82c49bdd4e0f17500834047f393531c2a00b402,False,9a7f00248bf25344f64b8193f008a51ef37c90560b3c61e58d8c1d34c29410c0,existing_mavedb_development_v1,,,,False,
urn:mavedb:00001267-0-2,TSC2 Updated Combined Scores,2026-07-17,9968,TSC2,1807,6c6795ffc0f62a83401b3f75c82c49bdd4e0f17500834047f393531c2a00b402,False,4fbd70ba5a8769261b8288b69ac82a55bf85093efd2b4817f118eff196a00ef3,existing_mavedb_development_v1,,,,False,
urn:mavedb:00001267-a-1,TSC2 Tuberin Domain Scores,2026-02-10,3605,TSC2 Tuberin,204,c7e1a72a053db5994b1db068f6f22f1899a398cbf997ca47c8c660b063ddb2ea,False,a77a11c85d353597c8785baf788be2cf08a116bf71463fcbd7b728ea3aae2b21,existing_mavedb_development_v1,,,,False,
urn:mavedb:00001267-a-2,TSC2 Tuberin Domain Updated Scores,2026-03-04,3951,TSC2 Tuberin,204,c7e1a72a053db5994b1db068f6f22f1899a398cbf997ca47c8c660b063ddb2ea,False,6133db26cae6dac850b9df68b168bae817b8ec301cfec74c006df8cc9cc50356,existing_mavedb_development_v1,,,,False,
urn:mavedb:00001267-b-1,TSC2 RapGAP Domain Scores,2026-02-10,5648,TSC2 RapGAP,294,e28823e05f815e180de7285869186899339af929822f1d43d2a9bf0d540ebb9c,False,965bf5df46d8700a424c41af1f9b29dc3203d1f033df442d16d21bacc33b27fc,existing_mavedb_development_v1,,,,False,
urn:mavedb:00001267-b-2,TSC2 RapGAP Domain Updated Scores,2026-03-04,6017,TSC2 RapGAP,294,e28823e05f815e180de7285869186899339af929822f1d43d2a9bf0d540ebb9c,False,63ea5e4559635e3db7bb6d9b8453505ca42b5fa1c6c758b2559154ae480c1f2e,existing_mavedb_development_v1,,,,False,
urn:mavedb:00001269-a-1,LDLR missense variant effects on LDL uptake.,2026-02-17,17390,LDLR,860,36a68c5510827c435b046def3dd5413c4715085cfdc1fdcb4b05a83e805ef3a2,False,fd0cddae1cb355161dd38e9229225a14373a688b1f8889dfd9c1ee5a08816f94,existing_mavedb_development_v1,,,,False,
urn:mavedb:00001269-b-1,LDLR missense variant effects on LDLR cell-surface abundance.,2026-02-17,16796,LDLR,860,36a68c5510827c435b046def3dd5413c4715085cfdc1fdcb4b05a83e805ef3a2,False,9c28ba663353cfeb21b5acf76399b9423eb22bc16cdbd05a75ffce3e9e5f4380,existing_mavedb_development_v1,,,,False,
urn:mavedb:00001269-c-1,LDLR missense variant effects on LDL uptake with VLDL.,2026-02-17,7586,LDLR,860,36a68c5510827c435b046def3dd5413c4715085cfdc1fdcb4b05a83e805ef3a2,False,b62d9f003945e58e247faa5041ed9862f994f5060bb7f9a6685ba811b4f31bd5,existing_mavedb_development_v1,,,,False,
urn:mavedb:00001270-a-1,"TYK2-DMS: IFN-alpha, 1U/mL",2026-03-03,23723,TYK2,1187,3f6b27ef15f1a0769f6d67bc2e74c379d3b7bd9e36093cb9bb74486a4a241890,False,5f559a9ec0794c5703c4df9d80d72e54d07e3262fca2ed0c5d0e83deec140d88,existing_mavedb_development_v1,,,,False,
urn:mavedb:00001270-a-10,"TYK2-DMS: IFN-alpha, 100U/mL + NDI-034858, 1 uM",2026-03-03,23720,TYK2,1187,3f6b27ef15f1a0769f6d67bc2e74c379d3b7bd9e36093cb9bb74486a4a241890,False,72807624ee53acc5173fdb00d2802f1c883009b672573df303b70f17ee1c3b95,existing_mavedb_development_v1,,,,False,
urn:mavedb:00001270-a-2,"TYK2-DMS: IFN-alpha, 100U/mL + BMS-986202, 10 uM",2026-03-03,23723,TYK2,1187,3f6b27ef15f1a0769f6d67bc2e74c379d3b7bd9e36093cb9bb74486a4a241890,False,83aa98319c9356e724838bb9a5c3dab8b1b1882c2222047e396dc47589dd46d4,existing_mavedb_development_v1,,,,False,
urn:mavedb:00001270-a-3,"TYK2-DMS: IFN-alpha, 100U/mL + NDI-034858, 7 nM",2026-03-03,23719,TYK2,1187,3f6b27ef15f1a0769f6d67bc2e74c379d3b7bd9e36093cb9bb74486a4a241890,False,dc1c9ceca1b27bccb39f1e660de54d9b709d31b1d7495e707046a3029db754f7,existing_mavedb_development_v1,,,,False,
urn:mavedb:00001270-a-4,"TYK2-DMS: IFN-alpha, 10U/mL",2026-03-03,23723,TYK2,1187,3f6b27ef15f1a0769f6d67bc2e74c379d3b7bd9e36093cb9bb74486a4a241890,False,daee191253fe5391cd9d98f34f8fdd3b5483da7e546fa1603ac33e4be884c8a1,existing_mavedb_development_v1,,,,False,
urn:mavedb:00001270-a-5,"TYK2-DMS: IFN-alpha, 100U/mL + BMS-986202, 20 nM",2026-03-03,23720,TYK2,1187,3f6b27ef15f1a0769f6d67bc2e74c379d3b7bd9e36093cb9bb74486a4a241890,False,efc5e774e43cd57e3c5ff99afd1c86a8505444e9bd1ca59dbea29bd8d89a8ce8,existing_mavedb_development_v1,,,,False,
urn:mavedb:00001270-a-6,"TYK2-DMS: IFN-alpha, 100U/mL",2026-03-03,23723,TYK2,1187,3f6b27ef15f1a0769f6d67bc2e74c379d3b7bd9e36093cb9bb74486a4a241890,False,5e669c8eb2b81ea7bc30bebf77d7084ee1100ff54981a2b6995b17b5b41a80d9,existing_mavedb_development_v1,,,,False,
urn:mavedb:00001270-a-7,"TYK2-DMS: IFN-alpha, 100U/mL + BMS-986202, 20 nM (duplicate assay)",2026-03-03,23719,TYK2,1187,3f6b27ef15f1a0769f6d67bc2e74c379d3b7bd9e36093cb9bb74486a4a241890,False,748077683461ebfc029af11325d785276c5e21455e47f3e562c588db10013916,existing_mavedb_development_v1,,,,False,
urn:mavedb:00001270-a-8,"TYK2-DMS: IFN-alpha, 100U/mL + BMS-986202, 1 uM",2026-03-03,23720,TYK2,1187,3f6b27ef15f1a0769f6d67bc2e74c379d3b7bd9e36093cb9bb74486a4a241890,False,b195003f653ef1ee35b217aee4001d935c3af20070311ef2963d23c25b61cc50,existing_mavedb_development_v1,,,,False,
urn:mavedb:00001270-a-9,"TYK2-DMS: IFN-alpha, 100U/mL (duplicate assay)",2026-03-03,23719,TYK2,1187,3f6b27ef15f1a0769f6d67bc2e74c379d3b7bd9e36093cb9bb74486a4a241890,False,e440eecba481f7c34507bf9d202fc3e50a4727df1282de3e0d18515665f7af2a,existing_mavedb_development_v1,,,,False,
urn:mavedb:00001271-a-1,TYK2-VampDMS,2026-03-03,23698,TYK2,1187,3f6b27ef15f1a0769f6d67bc2e74c379d3b7bd9e36093cb9bb74486a4a241890,False,3a5bfd477c51694e2fc1df6cf350894eec9f69ec734f817d2a506ed43d36fcf2,existing_mavedb_development_v1,,,,False,
urn:mavedb:00001272-a-1,Deep Mutational Scanning of alpha-Synuclein Aggregation in Yeast,2026-04-12,2800,ALPHA-SYNUCLEIN,140,9a06387610edd099466d614941c42a433f444feb6a8f25375bb0b6ad8ec9c6f4,False,a84b09fb57a9c70c4ec7c18639fe05922aa20aa62aac81532b98ad9544f282bb,ambiguous_metadata_direction,,,51c95cfb7465884187e3780802f7b8a20c8dad162f91a17ecb35adb2c77c2d94,False,
urn:mavedb:00001273-a-1,E. coli PqiC variants expressed in a ΔpqiC strain and selected on LSB,2026-05-06,3927,PqiC,187,35163d0e13e4a150d298ccca639143caff776af6606f5cb9121d365dec99e9f6,False,905e05db682c280785e2eeb29a75835531e0f0fd9cba0f1602075208e7dc5491,existing_mavedb_development_v1,,,,False,
urn:mavedb:00001274-a-1,Human parkin activity,2026-05-26,9632,Parkin,465,f1c95f90cb66ef3fe563de977581980576e42b59b10fe827126dfc9ead1003d3,False,a095fc77226e7c8da2fb47c415dff1b81d56a7535f9b0e4218f89fe23deb913b,ambiguous_metadata_direction,,,a26939dd87bfe4724aa7508b42cffe083b468e6126787e135645ca31c8847ee4,False,
urn:mavedb:00001278-a-1,Scores from site-saturation functional screen of PALB2 missense variants in mES cells,2026-07-23,7100,PALB2,1186,848e1c837f05f81497688db39709751dda67d0c3c1044aad526d4341d64e5f6e,False,727c0d6f6ac612b435189d282c439beb03792b8657a609d82cdd3b0ce11a30a9,existing_mavedb_development_v1,,,,False,
urn:mavedb:00001278-b-1,SGE Functional scores of PALB2 variants in exon 10,2026-07-29,179,PALB2,1186,848e1c837f05f81497688db39709751dda67d0c3c1044aad526d4341d64e5f6e,False,3d96868cb53a333b2cd415b9238bde7b2a5ee93c425e7714e392f9f825f92dbf,ambiguous_metadata_direction,,10.1038/s41467-025-67252-z,2dd1dabd2ae6a044d9209d45e92c9447ed3675b569352d27fa7d6ce280783013,False,
urn:mavedb:00001280-a-1,CHEK2_McCarthy_Leo,2026-07-23,3912,CHEK2,543,e81f5dcd44302c3c277b4599449c71b5f2a7b3eb761bc2c584db236d9fbb8632,False,9ac38a434e358d05a28f9763114093e41a2f8ec4ad214d9d82afc9dcd48fa095,existing_mavedb_development_v1,,,,False,
urn:mavedb:00001282-a-1,Missense variant effect map for human CPOX,2026-07-01,8212,CPOX,454,eb29387ba7d732851ac442149fd14f7333324f258bf7a1c88bf5294f843839d1,True,bbfc888be60384b5afe588b846eef8907e5b9979f58c46abc645e61872fd3248,existing_mavedb_development_v1,,,,False,
urn:mavedb:00001282-a-2,Missense variant effect map for human CPOX under mercury exposure,2026-07-01,7152,CPOX,454,eb29387ba7d732851ac442149fd14f7333324f258bf7a1c88bf5294f843839d1,True,5217b04011e83b65a33ce680ba0a12fa6d7d8f91687de68874c02365e8990895,existing_mavedb_development_v1,,,,False,
