assay_id,uniprot_id,taxon,coarse_selection_type,model,n_seeds,random_spearman,position_spearman,spearman_gap,random_observed_coverage,position_observed_coverage,observed_coverage_gap,random_normalized_rmse,position_normalized_rmse,normalized_rmse_gap
SAV1_MOUSE_Tsuboyama_2023_2YSB,SAV1_MOUSE,Eukaryote,Stability,additive_ridge,10,0.7165722055245455,-0.3048666171351205,1.021438822659666,0.7757352941176471,0.5922015975086523,0.1835336966089947,0.8274480849304766,1.0794749449388987,-0.2520268600084223
RAD_ANTMA_Tsuboyama_2023_2CJJ,RAD_ANTMA,Eukaryote,Stability,additive_ridge,10,0.5824017917566304,-0.111604010190458,0.6940058019470884,0.8038709677419356,0.7120583428039613,0.09181262493797417,0.8498010591275598,1.064730637127441,-0.21492957799988116
THO1_YEAST_Tsuboyama_2023_2WQG,THO1_YEAST,Eukaryote,Stability,additive_ridge,10,0.6390299134373059,0.08472263489210988,0.554307278545196,0.8121212121212121,0.6157863991391165,0.19633481298209565,0.8328783396966986,1.0575206540076962,-0.22464231431099774
P53_HUMAN_Giacomelli_2018_WT_Nutlin,P53_HUMAN,Human,OrganismalFitness,additive_ridge,10,0.7985445444185727,0.2637146987474115,0.5348298456711612,0.7939089692101741,0.6457694870086609,0.14813948220151313,0.7284079913150595,0.9600907151878604,-0.2316827238728007
ESTA_BACSU_Nutschel_2020,ESTA_BACSU,Prokaryote,Stability,additive_ridge,10,0.5824957865427371,0.0491617811034106,0.5333340054393265,0.8050574712643679,0.7210233858820725,0.08403408538229537,0.8707730044970177,0.9868860396314971,-0.11611303513447949
ODP2_GEOSE_Tsuboyama_2023_1W4G,ODP2_GEOSE,Prokaryote,Stability,additive_ridge,10,0.6286607064925998,0.12111698584964328,0.5075437206429564,0.8082089552238806,0.6587403658584257,0.14946858936545487,0.8665391965147519,1.0840279777102289,-0.21748878119547696
VILI_CHICK_Tsuboyama_2023_1YU5,VILI_CHICK,Eukaryote,Stability,additive_ridge,10,0.6970181921058949,0.20550516934594465,0.49151302275995035,0.8145228215767635,0.5751802045221533,0.2393426170546101,0.7438024387797069,0.9634468545438495,-0.21964441576414268
BCHB_CHLTE_Tsuboyama_2023_2KRU,BCHB_CHLTE,Prokaryote,Stability,additive_ridge,10,0.6680783335762596,0.17758309460973784,0.4904952389665217,0.7837078651685394,0.6472876376926032,0.13642022747593613,0.8369253423382599,0.9494332110312721,-0.11250786869301219
PITX2_HUMAN_Tsuboyama_2023_2L7M,PITX2_HUMAN,Human,Stability,additive_ridge,10,0.6758608794904164,0.18553097713037175,0.4903299023600446,0.8138297872340425,0.6503630339711428,0.16346675326289975,0.757280097987682,0.9318029749634154,-0.1745228769757332
HECD1_HUMAN_Tsuboyama_2023_3DKM,HECD1_HUMAN,Human,Stability,additive_ridge,10,0.7298869801787797,0.2600262901751499,0.4698606900036298,0.8128514056224899,0.610062360644433,0.2027890449780569,0.7595325870225512,0.9470032960000235,-0.18747070897747223
CBX4_HUMAN_Tsuboyama_2023_2K28,CBX4_HUMAN,Human,Stability,additive_ridge,10,0.6736554872762998,0.20563492211481632,0.4680205651614835,0.8135869565217391,0.6387838262382206,0.17480313028351852,0.7199639818326347,0.9434942299000152,-0.22353024806738056
MBD11_ARATH_Tsuboyama_2023_6ACV,MBD11_ARATH,Eukaryote,Stability,additive_ridge,10,0.743373897466851,0.2768548578460178,0.4665190396208332,0.7995670995670996,0.5868093279095884,0.21275777165751117,0.7423015098250867,0.9916646225471448,-0.249363112722058
SPIKE_SARS2_Starr_2020_expression,SPIKE_SARS2,Virus,Expression,additive_ridge,10,0.7583592444383083,0.3018946255012952,0.45646461893701307,0.810921052631579,0.6007034317561777,0.21021762087540133,0.71917524423466,0.9531865877625446,-0.23401134352788472
GAL4_YEAST_Kitzman_2015,GAL4_YEAST,Eukaryote,OrganismalFitness,additive_ridge,10,0.6302013050407748,0.17455366938335679,0.455647635657418,0.7748953974895397,0.6739378513867339,0.10095754610280583,0.8597716385233133,0.9614143690440813,-0.10164273052076804
OTU7A_HUMAN_Tsuboyama_2023_2L2D,OTU7A_HUMAN,Human,Stability,additive_ridge,10,0.6622738563929509,0.210032949652366,0.45224090674058487,0.8070866141732284,0.7231684433635099,0.08391817080971839,0.8127793363593806,0.9661939956768236,-0.15341465931744316
BLAT_ECOLX_Deng_2012,BLAT_ECOLX,Prokaryote,OrganismalFitness,additive_ridge,10,0.72505736749699,0.2793826552804234,0.4456747122165667,0.8013999999999999,0.6449520355523266,0.15644796444767345,0.7712554325951713,0.9440115091381557,-0.1727560765429844
TCRG1_MOUSE_Tsuboyama_2023_1E0L,TCRG1_MOUSE,Eukaryote,Stability,additive_ridge,10,0.6034955453149001,0.16445101342151486,0.43904453189338516,0.8088,0.5928995558811204,0.21590044411887965,0.7935076010862339,1.1003945513562285,-0.3068869502699948
KCNE1_HUMAN_Muhammad_2023_function,KCNE1_HUMAN,Human,Activity,additive_ridge,10,0.6398107515482951,0.20236399473145852,0.43744675681683665,0.8099352051835853,0.6484251673651307,0.16151003781845463,0.7767588929153841,0.9740979806284867,-0.1973390877131025
CAR11_HUMAN_Meitlis_2020_lof,CAR11_HUMAN,Human,OrganismalFitness,additive_ridge,10,0.6389584952961627,0.20419438943196305,0.43476410586419967,0.7972860125260961,0.6582634209108751,0.13902259161522088,0.8014587097962071,0.9544230958161156,-0.1529643860199086
NUD15_HUMAN_Suiter_2020,NUD15_HUMAN,Human,Expression,additive_ridge,10,0.6832979907006558,0.2536748784890168,0.42962311221163896,0.7929701230228471,0.6244776829296692,0.1684924400931779,0.7691340700385652,0.9700847498267928,-0.2009506797882275
CCDB_ECOLI_Adkar_2012,CCDB_ECOLI,Prokaryote,Activity,additive_ridge,10,0.7675561464691517,0.3407662638103563,0.42678988265879536,0.8016949152542374,0.5190808999715204,0.2826140152827169,0.6909491177883144,0.9994893787738416,-0.3085402609855272
TRPC_THEMA_Chan_2017,TRPC_THEMA,Prokaryote,OrganismalFitness,additive_ridge,10,0.672592325916445,0.2467943589527933,0.42579796696365174,0.8006578947368421,0.6832562532569046,0.11740164147993748,0.7949296703241895,1.0099919663067136,-0.21506229598252408
OBSCN_HUMAN_Tsuboyama_2023_1V1C,OBSCN_HUMAN,Human,Stability,additive_ridge,10,0.6526609864165751,0.22753607971683137,0.42512490669974373,0.8020576131687243,0.6201137538474618,0.18194385932126247,0.7073458027408485,0.9665617695294415,-0.25921596678859304
A4GRB6_PSEAI_Chen_2020,A4GRB6_PSEAI,Prokaryote,OrganismalFitness,additive_ridge,10,0.7771412683125257,0.3589481664457298,0.4181931018667959,0.8027972027972028,0.5837487645044057,0.21904843829279716,0.7033105805202043,0.9385126796118326,-0.23520209909162829
R1AB_SARS2_Flynn_2022,R1AB_SARS2,Virus,OrganismalFitness,additive_ridge,10,0.7350630592115309,0.3175122955518488,0.41755076365968213,0.791528384279476,0.5810459645825519,0.2104824196969241,0.7216431926815119,0.9515857015807851,-0.2299425088992733
C6KNH7_9INFA_Lee_2018,C6KNH7_9INFA,Virus,OrganismalFitness,additive_ridge,10,0.7325359335743162,0.31640008299968125,0.41613585057463487,0.798977219897722,0.6487191429902189,0.1502580769075031,0.7635665794523598,0.9507218220943328,-0.1871552426419729
NKX31_HUMAN_Tsuboyama_2023_2L9R,NKX31_HUMAN,Human,Stability,additive_ridge,10,0.6285852366733323,0.2281424715533764,0.4004427651199559,0.7926086956521738,0.613013122651241,0.17959557300093287,0.740817464638736,0.9349432407024191,-0.19412577606368292
GRB2_HUMAN_Faure_2021,GRB2_HUMAN,Human,OrganismalFitness,additive_ridge,10,0.7258408557110541,0.32638532770161566,0.3994555280094384,0.7927536231884058,0.6145420505817131,0.17821157260669268,0.7331082284409791,0.9516225177062969,-0.21851428926531785
ACE2_HUMAN_Chan_2020,ACE2_HUMAN,Human,Binding,additive_ridge,10,0.576803479047143,0.18464988730904583,0.3921535917380973,0.7829213483146067,0.7137299771167048,0.06919137119790193,0.8332269527339676,0.9909954697081597,-0.15776851697419209
SRC_HUMAN_Chakraborty_2023_binding-DAS_25uM,SRC_HUMAN,Human,Activity,additive_ridge,10,0.5971201906476244,0.2056712026803485,0.391448987967276,0.7946428571428571,0.6933259492914228,0.10131690785143435,0.8673104104196672,1.006816874639488,-0.1395064642198208
SBI_STAAM_Tsuboyama_2023_2JVG,SBI_STAAM,Prokaryote,Stability,additive_ridge,10,0.6785890989121198,0.29043151150229496,0.38815758740982487,0.7907317073170732,0.7157080864181344,0.0750236208989388,0.7958849914778947,0.9350252322107437,-0.13914024073284909
PPM1D_HUMAN_Miller_2022,PPM1D_HUMAN,Human,OrganismalFitness,additive_ridge,10,0.6146964505324032,0.22829725182588767,0.38639919870651557,0.8053231939163498,0.7059166141657844,0.09940657975056535,0.8644674930439754,0.9819807524325205,-0.11751325938854511
SDA_BACSU_Tsuboyama_2023_1PV0,SDA_BACSU,Prokaryote,Stability,additive_ridge,10,0.6922024281900916,0.30721622575286517,0.3849862024372263,0.8053892215568862,0.641882906593552,0.16350631496333426,0.6927428470376118,1.0498828543535927,-0.35714000731598095
YNZC_BACSU_Tsuboyama_2023_2JVD,YNZC_BACSU,Prokaryote,Stability,additive_ridge,10,0.7069224203027019,0.32215670697580534,0.3847657133268966,0.7867132867132867,0.6712186667550183,0.11549461995826842,0.7587686404229217,1.0564265805762791,-0.29765794015335734
SPIKE_SARS2_Starr_2020_binding,SPIKE_SARS2,Virus,Binding,additive_ridge,10,0.6627130801396981,0.2803571909440557,0.38235588919564245,0.7917214191852826,0.6510478682655737,0.1406735509197088,0.7218237498443139,0.9686172796627227,-0.24679352981840888
PR40A_HUMAN_Tsuboyama_2023_1UZC,PR40A_HUMAN,Human,Stability,additive_ridge,10,0.6341439836371019,0.2555585658613699,0.378585417775732,0.7991416309012875,0.6413689669536429,0.15777266394764466,0.7285725104269107,0.9752291716035918,-0.24665666117668103
MLAC_ECOLI_MacRae_2023,MLAC_ECOLI,Prokaryote,OrganismalFitness,additive_ridge,10,0.6158763705658359,0.2476125316738753,0.3682638388919606,0.8024937655860349,0.7086466165413533,0.09384714904468153,0.7805593006481664,0.9408200145074606,-0.1602607138592942
SPG1_STRSG_Olson_2014,SPG1_STRSG,Prokaryote,Binding,additive_ridge,10,0.7487949779619809,0.3838524573413845,0.3649425206205964,0.8167464114832536,0.6569377990430623,0.15980861244019137,0.6716538212343345,0.9106460167913317,-0.23899219555699722
CAR11_HUMAN_Meitlis_2020_gof,CAR11_HUMAN,Human,OrganismalFitness,additive_ridge,10,0.44257235792384914,0.08033012636400665,0.3622422315598425,0.7993684210526315,0.7357837163992407,0.06358470465339092,0.8755533509970418,0.9434984298259357,-0.06794507882889382
POLG_PESV_Tsuboyama_2023_2MXD,POLG_PESV,Virus,Stability,additive_ridge,10,0.6531860819247755,0.2961038199358025,0.3570822619889729,0.8110552763819096,0.7344512598805729,0.0766040165013366,0.6802210516329088,0.8451485800863627,-0.16492752845345401
SR43C_ARATH_Tsuboyama_2023_2N88,SR43C_ARATH,Eukaryote,Stability,additive_ridge,10,0.715555962205656,0.3605825533194648,0.3549734088861911,0.7926966292134832,0.5966169290111246,0.19607970020235854,0.696952957691914,0.924758744819098,-0.22780578712718405
P84126_THETH_Chan_2017,P84126_THETH,Prokaryote,OrganismalFitness,additive_ridge,10,0.6966397343865107,0.3426464369276433,0.35399329745886743,0.8042763157894737,0.5916579815876324,0.21261833420184123,0.7554485538284843,0.9904957591938889,-0.23504720536540455
A0A2Z5U3Z0_9INFA_Doud_2016,A0A2Z5U3Z0_9INFA,Virus,OrganismalFitness,additive_ridge,10,0.7329416194953895,0.3823541729868694,0.35058744650852014,0.8068595426971535,0.6371478484250115,0.16971169427214208,0.7333750238853715,0.9430732205464667,-0.20969819666109527
SPTN1_CHICK_Tsuboyama_2023_1TUD,SPTN1_CHICK,Eukaryote,Stability,additive_ridge,10,0.6581874273450774,0.30992085831024235,0.34826656903483505,0.8,0.7168984111455428,0.0831015888544573,0.7511455732504018,0.8876241352313018,-0.1364785619809001
DNJA1_HUMAN_Tsuboyama_2023_2LO1,DNJA1_HUMAN,Human,Stability,additive_ridge,10,0.7114094065069865,0.36437110708310083,0.3470382994238856,0.7827868852459017,0.6730386232968476,0.1097482619490541,0.6631628665648603,0.8471745193697047,-0.18401165280484427
PHOT_CHLRE_Chen_2023,PHOT_CHLRE,Eukaryote,Activity,additive_ridge,10,0.5794050429100687,0.23314159792631348,0.3462634449837552,0.7950588235294118,0.7450162311235581,0.050042592405853716,0.795225450674934,0.9236076856349182,-0.1283822349599842
PIN1_HUMAN_Tsuboyama_2023_1I6C,PIN1_HUMAN,Human,Stability,additive_ridge,10,0.6768982782672623,0.3331820106839826,0.34371626758327967,0.7927536231884058,0.6667100548195455,0.12604356836886033,0.7314101269524865,0.9955413263102619,-0.2641311993577754
HSP82_YEAST_Cote-Hammarlof_2020_growth-H2O2,HSP82_YEAST,Eukaryote,OrganismalFitness,additive_ridge,10,0.4779186599428343,0.13606236536833566,0.34185629457449856,0.8028824833702883,0.7415723925312958,0.06131009083899237,0.80846185675684,0.943448062835013,-0.13498620607817294
BLAT_ECOLX_Stiffler_2015,BLAT_ECOLX,Prokaryote,OrganismalFitness,additive_ridge,10,0.7570790266790267,0.4172590021907979,0.3398200244882288,0.7995,0.6414731077289983,0.15802689227100158,0.7062441054617896,0.8897078472814884,-0.1834637418196988
A0A192B1T2_9HIV1_Haddox_2018,A0A192B1T2_9HIV1,Virus,OrganismalFitness,additive_ridge,10,0.7397487662144939,0.40313390224954027,0.33661486396495366,0.794356120826709,0.6691675907141026,0.12518853011260647,0.7245583344947176,0.8972743461465905,-0.17271601165187273
SRC_HUMAN_Ahler_2019,SRC_HUMAN,Human,Activity,additive_ridge,10,0.6451440076320241,0.3101798207048631,0.334964186927161,0.7973333333333333,0.7086440358423042,0.08868929749102913,0.8149015101059994,0.9057335323126384,-0.0908320222066391
KKA2_KLEPN_Melnikov_2014,KKA2_KLEPN,Prokaryote,OrganismalFitness,additive_ridge,10,0.6982015845884928,0.3639922761130895,0.3342093084754033,0.7922379032258065,0.6459820952891138,0.14625580793669274,0.7918316847594195,0.9448896804780496,-0.15305799571863019
KCNE1_HUMAN_Muhammad_2023_expression,KCNE1_HUMAN,Human,Expression,additive_ridge,10,0.5441089608081202,0.21449788974457115,0.32961107106354903,0.8008547008547009,0.7713595885862092,0.029495112268491563,0.8611387265873413,0.9165958326959849,-0.05545710610864359
BLAT_ECOLX_Firnberg_2014,BLAT_ECOLX,Prokaryote,OrganismalFitness,additive_ridge,10,0.7568887021863233,0.43047466882839114,0.3264140333579322,0.7949843260188088,0.6163684459312941,0.1786158800875146,0.7353258868519423,0.8985472816140108,-0.16322139476206857
RL40A_YEAST_Roscoe_2013,RL40A_YEAST,Eukaryote,OrganismalFitness,additive_ridge,10,0.6733455223093421,0.34974566230892024,0.32359986000042185,0.804602510460251,0.624446202332455,0.18015630812779607,0.7442897585451342,0.9031833188019693,-0.15889356025683504
ANCSZ_Hobbs_2022,ANCSZ,Eukaryote,Activity,additive_ridge,10,0.6258573716902786,0.3034464609179539,0.3224109107723246,0.7915417558886509,0.7254816292869152,0.06606012660173573,0.7849289806112486,0.9288573270463069,-0.14392834643505825
Q53Z42_HUMAN_McShan_2019_expression,Q53Z42_HUMAN,Human,Expression,additive_ridge,10,0.6414510801088799,0.3193769353468235,0.3220741447620564,0.793423019431988,0.7106178890641216,0.08280513036786641,0.823462757637596,0.9485462881823679,-0.1250835305447719
SQSTM_MOUSE_Tsuboyama_2023_2RRU,SQSTM_MOUSE,Eukaryote,Stability,additive_ridge,10,0.7487945078595364,0.42672324151147045,0.32207126634806593,0.7936619718309859,0.5955096049462576,0.19815236688472826,0.6669062754556792,0.9477313703300443,-0.28082509487436513
I6TAH8_I68A0_Doud_2015,I6TAH8_I68A0,Virus,OrganismalFitness,additive_ridge,10,0.6640563448013226,0.3431348609937652,0.3209214838075574,0.797094558901215,0.7,0.097094558901215,0.7820925622005361,0.9731708699037679,-0.19107830770323164
AACC1_PSEAI_Dandage_2018,AACC1_PSEAI,Prokaryote,OrganismalFitness,additive_ridge,10,0.5090536824760359,0.18832517692547596,0.32072850555056,0.8049861495844877,0.7369928784275559,0.06799327115693163,0.9129646297377582,0.9824282993252627,-0.06946366958750463
TRPC_SACS2_Chan_2017,TRPC_SACS2,Prokaryote,OrganismalFitness,additive_ridge,10,0.6599289726409046,0.3431125695367142,0.31681640310419035,0.787828947368421,0.6493355914538823,0.13849335591453885,0.7711459284708413,0.9551009124087955,-0.18395498393795423
CP2C9_HUMAN_Amorosi_2021_activity,CP2C9_HUMAN,Human,Binding,additive_ridge,10,0.6903417193965277,0.37521388435541425,0.3151278350411134,0.8070789259560618,0.6268809082478148,0.180198017708247,0.7736637765831065,0.9444936610851322,-0.1708298845020257
RCRO_LAMBD_Tsuboyama_2023_1ORC,RCRO_LAMBD,Virus,Stability,additive_ridge,10,0.7135695826447733,0.4000799971008496,0.31348958554392364,0.80418410041841,0.6594458203939223,0.1447382800244877,0.6736835878723174,0.8685366313967877,-0.19485304352447033
MYO3_YEAST_Tsuboyama_2023_2BTT,MYO3_YEAST,Eukaryote,Stability,additive_ridge,10,0.6497781976756902,0.33688790141423225,0.3128902962614579,0.79,0.6566370524381272,0.1333629475618729,0.8031603608016648,1.0047212666104488,-0.20156090580878425
UBC9_HUMAN_Weile_2017,UBC9_HUMAN,Human,OrganismalFitness,additive_ridge,10,0.6233956527180469,0.3132020317500548,0.3101936209679921,0.795906432748538,0.7110663059494341,0.08484012679910395,0.8452515179075737,0.9096274179311568,-0.06437590002358316
S22A1_HUMAN_Yee_2023_activity,S22A1_HUMAN,Human,Activity,additive_ridge,10,0.6453436090762847,0.33542521236725004,0.30991839670903476,0.8009410599306588,0.6680780649497384,0.13286299498092036,0.7736094047896498,0.9413137522765807,-0.16770434748693083
DLG4_RAT_McLaughlin_2012,DLG4_RAT,Eukaryote,Binding,additive_ridge,10,0.5640389201745525,0.2547442880718812,0.30929463210267133,0.8262658227848101,0.7058333173086168,0.1204325054761933,0.7237195405562444,1.0902622705827707,-0.3665427300265262
SRC_HUMAN_Nguyen_2022,SRC_HUMAN,Human,OrganismalFitness,additive_ridge,10,0.5907519161438147,0.28476843434476495,0.3059834817990498,0.7995548961424332,0.7227298775319928,0.07682501861044048,0.8555848663829165,0.919634407139786,-0.0640495407568695
A4D664_9INFA_Soh_2019,A4D664_9INFA,Virus,OrganismalFitness,additive_ridge,10,0.7002366735702874,0.39509595521551877,0.30514071835476864,0.8019410745233969,0.6538781163434904,0.14806295817990658,0.7500576553786972,0.8804805156078939,-0.13042286022919658
RASK_HUMAN_Weng_2022_abundance,RASK_HUMAN,Human,Expression,additive_ridge,10,0.6037452297749912,0.2991609495016172,0.30458428027337403,0.798371335504886,0.7079474154928628,0.09042392001202323,0.8340681819061828,0.9770015360696827,-0.14293335416349975
CD19_HUMAN_Klesmith_2019_FMC_singles,CD19_HUMAN,Human,Binding,additive_ridge,10,0.5461279277934316,0.24182592769917194,0.3043020000942597,0.8,0.7717405224952276,0.028259477504772357,0.8742313366523413,0.9507188941293929,-0.07648755747705162
CUE1_YEAST_Tsuboyama_2023_2MYX,CUE1_YEAST,Eukaryote,Stability,additive_ridge,10,0.7796915472581978,0.4760980688028482,0.30359347845534956,0.7968586387434555,0.6580183456562341,0.1388402930872214,0.6671276788171203,0.8441992759175674,-0.1770715971004472
SRBS1_HUMAN_Tsuboyama_2023_2O2W,SRBS1_HUMAN,Human,Stability,additive_ridge,10,0.6690639630281955,0.3657789302115514,0.30328503281664404,0.8037037037037036,0.6640733846433998,0.13963031906030388,0.7265172886750924,0.939091876918965,-0.21257458824387263
KCNJ2_MOUSE_Coyote-Maestas_2022_surface,KCNJ2_MOUSE,Eukaryote,Expression,additive_ridge,10,0.5115867094899427,0.20951703071193792,0.3020696787780047,0.7973988439306359,0.7676833013743598,0.029715542556276044,0.8376416913530029,0.9681560816896914,-0.1305143903366884
POLG_CXB3N_Mattenberger_2021,POLG_CXB3N,Virus,OrganismalFitness,additive_ridge,10,0.6667341237189421,0.3652267244628781,0.30150739925606407,0.7985364301622654,0.7087974314845429,0.08973899867772245,0.788527677052351,0.952248914017264,-0.16372123696491309
P53_HUMAN_Giacomelli_2018_Null_Etoposide,P53_HUMAN,Human,OrganismalFitness,additive_ridge,10,0.6370880744796946,0.3378727107851661,0.29921536369452856,0.7955153949129852,0.7095936042638241,0.08592179064916114,0.7720846188412569,0.9156742158844906,-0.1435895970432338
PRKN_HUMAN_Clausen_2023,PRKN_HUMAN,Human,Expression,additive_ridge,10,0.674598229433591,0.37675188740970544,0.2978463420238855,0.7981735159817351,0.6790356765960577,0.11913783938567746,0.6817557067476925,0.8614247555254542,-0.1796690487777617
UBE4B_HUMAN_Tsuboyama_2023_3L1X,UBE4B_HUMAN,Human,Stability,additive_ridge,10,0.6812005124919924,0.3894167335455992,0.2917837789463933,0.8044642857142857,0.6957714571539901,0.10869282856029557,0.7645934748335544,0.9276734434528986,-0.16307996861934432
POLG_DEN26_Suphatrakul_2023,POLG_DEN26,Virus,OrganismalFitness,additive_ridge,10,0.7376935765657588,0.4462545639645974,0.2914390126011614,0.8025739644970414,0.6345590436932121,0.1680149208038293,0.7066970081205709,0.8911432564472493,-0.18444624832667836
AMFR_HUMAN_Tsuboyama_2023_4G3O,AMFR_HUMAN,Human,Stability,additive_ridge,10,0.6988434698624733,0.4078824904350822,0.290960979427391,0.8115853658536585,0.5805973283040273,0.2309880375496312,0.720688443830826,1.0129659277780825,-0.29227748394725656
RL20_AQUAE_Tsuboyama_2023_1GYZ,RL20_AQUAE,Prokaryote,Stability,additive_ridge,10,0.604077960387695,0.31746026281871503,0.2866176975689799,0.8377777777777778,0.6859649122807017,0.151812865497076,0.6325094561389447,0.9082080909021133,-0.2756986347631686
PKN1_HUMAN_Tsuboyama_2023_1URF,PKN1_HUMAN,Human,Stability,additive_ridge,10,0.6381004447864148,0.35189376819531915,0.28620667659109567,0.814176245210728,0.690904314161711,0.12327193104901697,0.7157808705284138,0.8197421823198804,-0.10396131179146657
HXK4_HUMAN_Gersing_2022_activity,HXK4_HUMAN,Human,OrganismalFitness,additive_ridge,10,0.6043818223132023,0.32042363580317373,0.28395818651002847,0.8034422403733956,0.7136212312822815,0.08982100909111405,0.8506668099067349,0.949788513996898,-0.0991217040901631
RL40A_YEAST_Mavor_2016,RL40A_YEAST,Eukaryote,OrganismalFitness,additive_ridge,10,0.6181269288980207,0.3363651604489829,0.2817617684490378,0.8087649402390438,0.6890316484341418,0.11973329180490203,0.7795877482707106,0.8876169006384851,-0.10802915236777451
POLG_HCVJF_Qi_2014,POLG_HCVJF,Virus,OrganismalFitness,additive_ridge,10,0.6895265610541312,0.40819286185730264,0.2813336991968286,0.8082822085889572,0.7033945036824798,0.10488770490647718,0.7844312032351856,0.9295853932123125,-0.14515418997712687
BBC1_YEAST_Tsuboyama_2023_1TG0,BBC1_YEAST,Eukaryote,Stability,additive_ridge,10,0.6760595320302335,0.3957795686371933,0.2802799633930402,0.784331797235023,0.6607766862232293,0.12355511101179384,0.7715708677655779,0.9525759818797817,-0.18100511411420364
YAIA_ECOLI_Tsuboyama_2023_2KVT,YAIA_ECOLI,Prokaryote,Stability,additive_ridge,10,0.6526730974548811,0.3736454601883735,0.2790276372665076,0.8166666666666667,0.7023863389747796,0.11428032769188705,0.7536317596206854,0.8679688605441609,-0.11433710092347553
EPHB2_HUMAN_Tsuboyama_2023_1F0M,EPHB2_HUMAN,Human,Stability,additive_ridge,10,0.6687749299404749,0.39073029606070636,0.2780446338797685,0.7911290322580645,0.6403656191488393,0.1507634131092252,0.6534814759892791,0.8697149896522933,-0.2162335136630144
OXDA_RHOTO_Vanella_2023_expression,OXDA_RHOTO,Eukaryote,Expression,additive_ridge,10,0.5430786091935044,0.2650965544898044,0.27798205470369997,0.7909158050221565,0.7130616736782888,0.07785413134386775,0.870076116415712,0.9766021464225343,-0.10652603000682222
SOX30_HUMAN_Tsuboyama_2023_7JJK,SOX30_HUMAN,Human,Stability,additive_ridge,10,0.621491576405637,0.3463369204429478,0.2751546559626892,0.7940594059405941,0.713987021074532,0.080072384866062,0.7762555863431803,0.8908281508020176,-0.11457256445883732
Q2N0S5_9HIV1_Haddox_2018,Q2N0S5_9HIV1,Virus,OrganismalFitness,additive_ridge,10,0.7364282340617518,0.4612870925848286,0.27514114147692326,0.7956794972505892,0.6692061201592081,0.1264733770913811,0.712165298835306,0.8685112131890375,-0.1563459143537314
TNKS2_HUMAN_Tsuboyama_2023_5JRT,TNKS2_HUMAN,Human,Stability,additive_ridge,10,0.7441444586803332,0.4698053978827105,0.27433906079762277,0.7776785714285714,0.5747222330513431,0.20295633837722843,0.6393589439862878,0.9021871738842254,-0.2628282298979375
DYR_ECOLI_Thompson_2019,DYR_ECOLI,Prokaryote,OrganismalFitness,additive_ridge,10,0.5426010423273185,0.26926724018755244,0.27333380213976605,0.809090909090909,0.7324428715961091,0.07664803749480006,0.8124162587314008,0.9207447548997459,-0.1083284961683452
MET_HUMAN_Estevam_2023,MET_HUMAN,Human,Activity,additive_ridge,10,0.5814251162874227,0.30925602105456196,0.27216909523286076,0.8038924930491195,0.7050024540369193,0.09889003901220021,0.8029809201992526,0.9265772952120528,-0.12359637501280023
KCNJ2_MOUSE_Coyote-Maestas_2022_function,KCNJ2_MOUSE,Eukaryote,Activity,additive_ridge,10,0.36679609733509694,0.09519466435340967,0.27160143298168726,0.8068916008614501,0.7617490749917184,0.0451425258697317,0.9457072992107796,1.0110102557530498,-0.06530295654227028
P53_HUMAN_Giacomelli_2018_Null_Nutlin,P53_HUMAN,Human,OrganismalFitness,additive_ridge,10,0.6309838403359522,0.3598251895295857,0.27115865080636653,0.8048862115127176,0.6915389740173218,0.11334723749539574,0.8035505167519512,0.9248800191676715,-0.12132950241572034
RD23A_HUMAN_Tsuboyama_2023_1IFY,RD23A_HUMAN,Human,Stability,additive_ridge,10,0.6779025547872963,0.41096173604235686,0.2669408187449396,0.83125,0.7016695504250434,0.12958044957495654,0.6778342085408818,0.8797269117453478,-0.201892703204466
NUSG_MYCTU_Tsuboyama_2023_2MI6,NUSG_MYCTU,Prokaryote,Stability,additive_ridge,10,0.7092332374497318,0.443858412994497,0.2653748244552348,0.7838235294117647,0.6394885775139568,0.1443349518978079,0.6790317749274468,0.8671171589435914,-0.18808538401614466
S22A1_HUMAN_Yee_2023_abundance,S22A1_HUMAN,Human,Expression,additive_ridge,10,0.6467942162946985,0.38197173523354444,0.26482248106115397,0.801733809280979,0.6934430684281221,0.10829074085285702,0.7774431181128649,0.9332950773675224,-0.1558519592546574
HSP82_YEAST_Flynn_2019,HSP82_YEAST,Eukaryote,OrganismalFitness,additive_ridge,10,0.5656068950951184,0.30312095076742607,0.26248594432769234,0.7996239187664536,0.7408946955785446,0.058729223187908984,0.7754329808172018,0.929247160106755,-0.15381417928955324
Q53Z42_HUMAN_McShan_2019_binding-TAPBPR,Q53Z42_HUMAN,Human,Binding,additive_ridge,10,0.6380164387426462,0.37578255596818433,0.26223388277446186,0.7835575485799702,0.6889111518723964,0.09464639670757372,0.7887159675417583,0.9312025066661818,-0.14248653912442344
HCP_LAMBD_Tsuboyama_2023_2L6Q,HCP_LAMBD,Virus,Stability,additive_ridge,10,0.6660037712097209,0.4053232712105719,0.2606804999991489,0.8110576923076923,0.6477060784131556,0.16335161389453673,0.6577496399033473,0.9244140032786348,-0.26666436337528737
PSAE_PICP2_Tsuboyama_2023_1PSE,PSAE_PICP2,Prokaryote,Stability,additive_ridge,10,0.6132063657278333,0.3530515108345918,0.26015485489324147,0.7942622950819672,0.6880618783630854,0.10620041671888183,0.7496788091449145,0.9155275907383222,-0.16584878159340777
DOCK1_MOUSE_Tsuboyama_2023_2M0Y,DOCK1_MOUSE,Eukaryote,Stability,additive_ridge,10,0.6889973589178755,0.4324861567310114,0.25651120218686413,0.8061728395061728,0.6642677796200249,0.14190505988614785,0.7523163162454722,0.9886846347568546,-0.23636831851138257
AMIE_PSEAE_Wrenbeck_2017,AMIE_PSEAE,Prokaryote,Activity,additive_ridge,10,0.7201429925954865,0.46712121133449475,0.25302178126099173,0.7967897271268057,0.700671571207867,0.09611815591893871,0.77193601292938,0.8926495175616754,-0.12071350463229542
PTEN_HUMAN_Matreyek_2021,PTEN_HUMAN,Human,Expression,additive_ridge,10,0.5480218516477151,0.29626155565318224,0.251760295994533,0.7966568338249754,0.7012087875856047,0.09544804623937073,0.8503103883150214,0.9652331141342032,-0.11492272581918181
Q8WTC7_9CNID_Somermeyer_2022,Q8WTC7_9CNID,Eukaryote,Activity,additive_ridge,10,0.4682149103254347,0.21821428185600839,0.25000062846942633,0.799585062240664,0.7919848211869069,0.007600241053756984,0.9022069973346216,0.9687774263114164,-0.06657042897679491
MSH2_HUMAN_Jia_2020,MSH2_HUMAN,Human,OrganismalFitness,additive_ridge,10,0.5308077386264329,0.2818969934096021,0.24891074521683088,0.7973134328358209,0.7433293107793041,0.053984122056516745,0.8011428970864841,0.9435844181871447,-0.14244152110066055
UBE4B_MOUSE_Starita_2013,UBE4B_MOUSE,Eukaryote,Activity,additive_ridge,10,0.3662724626160695,0.11774841672249454,0.248524045893575,0.8,0.7880523034689888,0.011947696531011198,0.9544022949068985,0.9991155677079165,-0.04471327280101809
RPC1_BP434_Tsuboyama_2023_1R69,RPC1_BP434,Virus,Stability,additive_ridge,10,0.7330284450063212,0.48484006002009467,0.24818838498622647,0.768888888888889,0.6672483528072636,0.1016405360816253,0.7029247938372538,0.825332581511765,-0.12240778767451119
SC6A4_HUMAN_Young_2021,SC6A4_HUMAN,Human,Activity,additive_ridge,10,0.5816520638397831,0.3336861003089294,0.24796596353085368,0.8000863557858378,0.7254960242476683,0.07459033153816932,0.8380198047057446,0.9513676244427332,-0.11334781973698868
Q837P4_ENTFA_Meier_2023,Q837P4_ENTFA,Prokaryote,Activity,additive_ridge,10,0.6699079399094707,0.4258569886972217,0.24405095121224898,0.7942857142857143,0.6292300964673425,0.16505561781837175,0.6781408299555081,0.8472941107324596,-0.16915328077695144
OXDA_RHOTO_Vanella_2023_activity,OXDA_RHOTO,Eukaryote,Activity,additive_ridge,10,0.5114672230575005,0.27079936925021675,0.24066785380728367,0.7993750000000001,0.7406056010804745,0.05876939891952558,0.9071991075647834,0.9556666541142598,-0.04846754654947642
SHOC2_HUMAN_Kwon_2022,SHOC2_HUMAN,Human,OrganismalFitness,additive_ridge,10,0.5633324338634622,0.32307381062614776,0.2402586232373145,0.8036902050113894,0.7387158685298381,0.06497433648155143,0.835189400111721,0.9419874542232721,-0.10679805411155104
VG08_BPP22_Tsuboyama_2023_2GP8,VG08_BPP22,Virus,Stability,additive_ridge,10,0.6664619744922059,0.4274712607905425,0.23899071370166342,0.8248275862068966,0.6978833891065191,0.12694419710037746,0.7041854481012649,0.8908756163567384,-0.1866901682554735
DYR_ECOLI_Nguyen_2023,DYR_ECOLI,Prokaryote,OrganismalFitness,additive_ridge,10,0.5883732344091076,0.3509119561054149,0.23746127830369268,0.8058219178082192,0.7011669592309141,0.10465495857730515,0.7760507695729679,0.9865577932577458,-0.21050702368477786
RASH_HUMAN_Bandaru_2017,RASH_HUMAN,Human,Activity,additive_ridge,10,0.668874951085486,0.43191383616074397,0.236961114924742,0.8105263157894737,0.699962547961539,0.11056376782793464,0.7397971882959418,0.917358106566903,-0.17756091827096124
DLG4_HUMAN_Faure_2021,DLG4_HUMAN,Human,OrganismalFitness,additive_ridge,10,0.6476620419600632,0.41130193644128293,0.2363601055187802,0.801953125,0.7033522527230465,0.09860087227695355,0.7606076108296932,0.8972941891863663,-0.13668657835667292
VKOR1_HUMAN_Chiasson_2020_abundance,VKOR1_HUMAN,Human,Expression,additive_ridge,10,0.6474623405743957,0.41695000648870595,0.23051233408568977,0.7974025974025973,0.7417831452875367,0.05561945211506055,0.7704834369251976,0.8580869406085899,-0.08760350368339215
ADRB2_HUMAN_Jones_2020,ADRB2_HUMAN,Human,Activity,additive_ridge,10,0.5171744949953355,0.28998863524454743,0.22718585975078814,0.8033333333333333,0.7393537621600983,0.06397957117323502,0.8956153825839422,0.9610239904517666,-0.06540860786782435
SUMO1_HUMAN_Weile_2017,SUMO1_HUMAN,Human,OrganismalFitness,additive_ridge,10,0.5346018157087661,0.30972940315321035,0.22487241255555582,0.8061764705882354,0.6964613307360191,0.10971513985221618,0.8342065930048868,0.9706147725087705,-0.13640817950388368
A0A247D711_LISMN_Stadelmann_2021,A0A247D711_LISMN,Prokaryote,Activity,additive_ridge,10,0.5648487273244454,0.34064462932171896,0.2242040980027264,0.8051359516616314,0.7306501547987616,0.07448579686286981,0.8001784506478508,0.9228891815341062,-0.12271073088625535
PTEN_HUMAN_Mighell_2018,PTEN_HUMAN,Human,Activity,additive_ridge,10,0.5261027899179405,0.3019352225645525,0.22416756735338791,0.8053030303030303,0.7313319253157973,0.073971104987233,0.7828021056308387,0.900286408090033,-0.11748430245919436
PPARG_HUMAN_Majithia_2016,PPARG_HUMAN,Human,Activity,additive_ridge,10,0.8773130192010141,0.65577946971433,0.2215335494866842,0.8037578288100209,0.609431995831162,0.1943258329788588,0.5559749128924178,0.7990082469715893,-0.2430333340791714
CP2C9_HUMAN_Amorosi_2021_abundance,CP2C9_HUMAN,Human,Expression,additive_ridge,10,0.6282345309868465,0.40836090129133007,0.21987362969551638,0.7990580847723705,0.7161925970836205,0.08286548768874993,0.7809011879261402,0.9013923093118971,-0.12049112138575686
Q837P5_ENTFA_Meier_2023,Q837P5_ENTFA,Prokaryote,Activity,additive_ridge,10,0.7323756611404952,0.5140681180264816,0.21830754311401362,0.8039999999999999,0.7163640415841351,0.0876359584158648,0.7175456503577565,0.8911530389903952,-0.17360738863263858
RASK_HUMAN_Weng_2022_binding-DARPin_K55,RASK_HUMAN,Human,Binding,additive_ridge,10,0.6466413926272937,0.4285447160240309,0.21809667660326282,0.8160453808752026,0.6995279734383308,0.11651740743687182,0.7164573219253583,0.9338659655051578,-0.2174086435797995
LGK_LIPST_Klesmith_2015,LGK_LIPST,Eukaryote,Activity,additive_ridge,10,0.7250516698487522,0.5105799577478913,0.21447171210086094,0.8142585551330799,0.7164915170487645,0.09776703808431547,0.7285493382410304,0.8513926001219287,-0.12284326188089825
HSP82_YEAST_Mishra_2016,HSP82_YEAST,Eukaryote,OrganismalFitness,additive_ridge,10,0.6182332670370281,0.40810253806268726,0.21013072897434087,0.79121387283237,0.7491942355204465,0.0420196373119235,0.7250889518711544,0.8644471855136994,-0.13935823364254496
FKBP3_HUMAN_Tsuboyama_2023_2KFV,FKBP3_HUMAN,Human,Stability,additive_ridge,10,0.6157658713737016,0.40609734940481806,0.2096685219688835,0.8282258064516128,0.668679687281105,0.15954611917050784,0.7185243538005411,0.9535031874452905,-0.2349788336447493
RL40A_YEAST_Roscoe_2014,RL40A_YEAST,Eukaryote,Activity,additive_ridge,10,0.6474097116194119,0.43885912107703007,0.20855059054238184,0.7931159420289855,0.697569025775112,0.09554691625387347,0.7553480197833022,0.9105067066544607,-0.15515868687115836
MK01_HUMAN_Brenan_2016,MK01_HUMAN,Human,OrganismalFitness,additive_ridge,10,0.7019700081236584,0.49473212508901127,0.20723788303464707,0.8070484581497798,0.7281491809862697,0.0788992771635101,0.7961025071447029,0.8646569794284644,-0.06855447228376156
ISDH_STAAW_Tsuboyama_2023_2LHR,ISDH_STAAW,Prokaryote,Stability,additive_ridge,10,0.6214821196047728,0.41563584449313834,0.20584627511163447,0.8164893617021276,0.7172225330070254,0.09926682869510224,0.764277506648303,0.8809952235266264,-0.11671771687832348
NCAP_I34A1_Doud_2015,NCAP_I34A1,Virus,OrganismalFitness,additive_ridge,10,0.6130075188347667,0.40757210426986407,0.2054354145649026,0.7999471737982039,0.7379473684210527,0.06199980537715124,0.8138540792963177,0.9230278254408535,-0.10917374614453576
CAPSD_AAV2S_Sinai_2021,CAPSD_AAV2S,Virus,OrganismalFitness,additive_ridge,10,0.7397441172436764,0.5372884307729694,0.202455686470707,0.7981308411214953,0.6789473684210526,0.11918347270044269,0.6577847973049715,0.8465577787878302,-0.1887729814828588
IF1_ECOLI_Kelsic_2016,IF1_ECOLI,Prokaryote,OrganismalFitness,additive_ridge,10,0.5560015811553787,0.3549285609439746,0.20107302021140402,0.805839416058394,0.7422911051212938,0.06354831093710037,0.7611520751394151,0.8895643612957322,-0.12841228615631717
HXK4_HUMAN_Gersing_2023_abundance,HXK4_HUMAN,Human,Expression,additive_ridge,10,0.5340239962022176,0.333392558696705,0.20063143750551266,0.8024404761904762,0.7310277750777382,0.07141270111273805,0.8228778271762234,0.9428693790464748,-0.11999155187025139
A0A140D2T1_ZIKV_Sourisseau_2019,A0A140D2T1_ZIKV,Virus,OrganismalFitness,additive_ridge,10,0.5364191761625448,0.33603823123791987,0.20038094492462485,0.7963987473903966,0.761490359562272,0.034908387828124644,0.9447983325963085,1.1239160419037546,-0.17911770930744614
SCIN_STAAR_Tsuboyama_2023_2QFF,SCIN_STAAR,Prokaryote,Stability,additive_ridge,10,0.6918724419221189,0.4940446725215608,0.19782776940055813,0.8032921810699589,0.6926967006705221,0.1105954803994367,0.7028657751828489,0.9041956319551889,-0.20132985677234014
SPA_STAAU_Tsuboyama_2023_1LP1,SPA_STAAU,Prokaryote,Stability,additive_ridge,10,0.7285156292279551,0.5325768768283663,0.1959387523995888,0.7758454106280193,0.684384960080788,0.0914604505472314,0.6749794537544315,0.8335923901114599,-0.1586129363570285
PABP_YEAST_Melamed_2013,PABP_YEAST,Eukaryote,OrganismalFitness,additive_ridge,10,0.7323644954923817,0.537197161803693,0.19516733368868866,0.8109243697478992,0.7110446881701104,0.09987968157778875,0.7109887786285968,0.815452044116985,-0.10446326548838836
CSN4_MOUSE_Tsuboyama_2023_1UFM,CSN4_MOUSE,Eukaryote,Stability,additive_ridge,10,0.7066315148445603,0.5148470511539969,0.19178446369056334,0.788929889298893,0.685788386645493,0.10314150265339997,0.664940328557236,0.8041536545037017,-0.13921332594646577
ENVZ_ECOLI_Ghose_2023,ENVZ_ECOLI,Prokaryote,Activity,additive_ridge,10,0.3173003633914472,0.12716124978705642,0.19013911360439076,0.8075555555555555,0.7580069827756454,0.04954857277991016,0.8997599097339085,0.9858783754509824,-0.08611846571707399
MTHR_HUMAN_Weile_2021,MTHR_HUMAN,Human,OrganismalFitness,additive_ridge,10,0.6214365382620411,0.4332130965053335,0.18822344175670763,0.7955074207781789,0.7169144234632382,0.07859299731494065,0.7648078257853077,0.912298268154623,-0.14749044236931524
CCR5_HUMAN_Gill_2023,CCR5_HUMAN,Human,Binding,additive_ridge,10,0.4364063429965464,0.24867803968818297,0.18772830330836346,0.7907166123778502,0.7624291497975708,0.02828746258027933,0.8992965580170719,0.9668406949009938,-0.0675441368839219
MAFG_MOUSE_Tsuboyama_2023_1K1V,MAFG_MOUSE,Eukaryote,Stability,additive_ridge,10,0.6517734845134224,0.46537121788085223,0.18640226663257034,0.8045751633986928,0.6554442882867583,0.14913087511193454,0.7011445437568367,0.9341923624846034,-0.23304781872776675
RNC_ECOLI_Weeks_2023,RNC_ECOLI,Prokaryote,Activity,additive_ridge,10,0.6055957659336622,0.4199195837558237,0.18567618217783838,0.8003504672897197,0.7017156536888767,0.09863481360084299,0.7434702688507956,0.9251249001573665,-0.1816546313065709
SPG2_STRSG_Tsuboyama_2023_5UBS,SPG2_STRSG,Prokaryote,Stability,additive_ridge,10,0.715557797705457,0.5346662069445305,0.18089159076092648,0.8,0.7042687514114652,0.09573124858853474,0.6900035796498984,0.8457010555431779,-0.15569747589327942
ILF3_HUMAN_Tsuboyama_2023_2L33,ILF3_HUMAN,Human,Stability,additive_ridge,10,0.6160205049405366,0.43678307471933575,0.1792374302212009,0.81203007518797,0.6607691744832823,0.15126090070468767,0.7163311052896565,1.014325203312714,-0.29799409802305743
TPMT_HUMAN_Matreyek_2018,TPMT_HUMAN,Human,Expression,additive_ridge,10,0.5140358329999926,0.3368728070259366,0.17716302597405595,0.8006849315068493,0.753023544737759,0.0476613867690903,0.8327518471226864,0.9332265300008349,-0.10047468287814851
RDRP_I33A0_Li_2023,RDRP_I33A0,Virus,OrganismalFitness,additive_ridge,10,0.6498332011527573,0.47377080928806914,0.17606239186468825,0.8,0.7280290425201351,0.07197095747986486,0.7634126483762513,0.8705694565630806,-0.10715680818682931
NUSA_ECOLI_Tsuboyama_2023_1WCL,NUSA_ECOLI,Prokaryote,Stability,additive_ridge,10,0.7518314972487925,0.5767487468859172,0.1750827503628753,0.7858778625954199,0.6763244317690779,0.10955343082634199,0.6178073311745491,0.7489930206429206,-0.1311856894683715
FECA_ECOLI_Tsuboyama_2023_2D1U,FECA_ECOLI,Prokaryote,Stability,additive_ridge,10,0.7149467388655523,0.5414394736536197,0.17350726521193258,0.8114754098360656,0.6911165630822774,0.1203588467537882,0.7186573110892696,0.8971181060420585,-0.17846079495278888
CATR_CHLRE_Tsuboyama_2023_2AMI,CATR_CHLRE,Eukaryote,Stability,additive_ridge,10,0.6792657571754444,0.5065306118191205,0.1727351453563238,0.825,0.7032752432556286,0.1217247567443713,0.6475900691230867,0.7998244410520515,-0.15223437192896477
CASP3_HUMAN_Roychowdhury_2020,CASP3_HUMAN,Human,Activity,additive_ridge,10,0.4807755719450637,0.30812927672302365,0.17264629522204009,0.8066878980891721,0.7678536686270767,0.038834229462095374,0.8878614965138955,0.9106831065832995,-0.022821610069404107
CBPA2_HUMAN_Tsuboyama_2023_1O6X,CBPA2_HUMAN,Human,Stability,additive_ridge,10,0.6635623167802459,0.49146135413835834,0.1721009626418876,0.8139705882352942,0.717041653865154,0.09692893437014014,0.6691538607478339,0.8623564590082655,-0.19320259826043162
P53_HUMAN_Kotler_2018,P53_HUMAN,Human,OrganismalFitness,additive_ridge,10,0.5430854603117012,0.3714581703613448,0.17162728995035645,0.8271428571428572,0.7362281199419278,0.09091473720092934,0.842225950028228,0.9384494379131161,-0.09622348788488791
ARGR_ECOLI_Tsuboyama_2023_1AOY,ARGR_ECOLI,Prokaryote,Stability,additive_ridge,10,0.6081732675706071,0.4371660042639517,0.17100726330665544,0.8027131782945738,0.7140319447260072,0.08868123356856651,0.6776877984600085,0.8170193062990169,-0.13933150783900844
RBP1_HUMAN_Tsuboyama_2023_2KWH,RBP1_HUMAN,Human,Stability,additive_ridge,10,0.6743823334250432,0.5091806675155887,0.16520166590945448,0.8051282051282052,0.6769979439416937,0.12813026118651147,0.6784346589121187,0.8552162553162027,-0.17678159640408395
TAT_HV1BR_Fernandes_2016,TAT_HV1BR,Virus,OrganismalFitness,additive_ridge,10,0.5321725109002992,0.36796822975312676,0.16420428114717237,0.8041139240506329,0.7086687306501548,0.09544519340047812,0.8749129820799236,0.9446574003192414,-0.06974441823931762
RCD1_ARATH_Tsuboyama_2023_5OAO,RCD1_ARATH,Eukaryote,Stability,additive_ridge,10,0.6773241689140983,0.5271270326027245,0.15019713631137374,0.8075757575757576,0.7286530873910263,0.07892267018473124,0.7463233498757699,0.8700044125409908,-0.12368106266522097
UBR5_HUMAN_Tsuboyama_2023_1I2T,UBR5_HUMAN,Human,Stability,additive_ridge,10,0.7059661590137901,0.557433758136034,0.14853240087775613,0.7799086757990867,0.699617152913732,0.08029152288535465,0.6277461014676209,0.7848428235849629,-0.15709672211734219
BRCA1_HUMAN_Findlay_2018,BRCA1_HUMAN,Human,OrganismalFitness,additive_ridge,10,0.46970904210286035,0.32192709678005477,0.14778194532280559,0.7904891304347826,0.7452219136561468,0.04526721677863588,0.8892977570893983,0.948205385574847,-0.05890762848544863
PAI1_HUMAN_Huttinger_2021,PAI1_HUMAN,Human,Activity,additive_ridge,10,0.5044186756995933,0.3570505805516467,0.14736809514794666,0.802712815715622,0.7727856590507792,0.029927156664842868,0.8515508067799716,0.8954314545006061,-0.04388064772063451
CBS_HUMAN_Sun_2020,CBS_HUMAN,Human,OrganismalFitness,additive_ridge,10,0.41110407494593126,0.2650617196572321,0.1460423552886992,0.8046398891966758,0.7773882498390006,0.02725163935767525,0.9112155528817688,0.9731898326131283,-0.06197427973135955
MTH3_HAEAE_RockahShmuel_2015,MTH3_HAEAE,Prokaryote,OrganismalFitness,additive_ridge,10,0.5497670298082428,0.4043171611792137,0.14544986862902903,0.819943820224719,0.7448676193785817,0.07507620084613732,0.8647808770459262,0.9245381742910397,-0.05975729724511332
RFAH_ECOLI_Tsuboyama_2023_2LCL,RFAH_ECOLI,Prokaryote,Stability,additive_ridge,10,0.6241964392105943,0.4822272907041881,0.14196914850640624,0.8010309278350516,0.7354182916860332,0.06561263614901831,0.8045037056192322,0.823162147186778,-0.018658441567545904
REV_HV1H2_Fernandes_2016,REV_HV1H2,Virus,OrganismalFitness,additive_ridge,10,0.49285164735442616,0.3538378381831311,0.13901380917129508,0.7974418604651163,0.7480549199084668,0.04938694055664946,0.8377691931530766,0.9230953348051806,-0.08532614165210385
D7PM05_CLYGR_Somermeyer_2022,D7PM05_CLYGR,Eukaryote,Activity,additive_ridge,10,0.5080770401866113,0.36937358451331426,0.13870345567329703,0.8017094017094017,0.7566753861833628,0.04503401552603894,0.8680241637977419,0.9166678762559369,-0.04864371245819512
HEM3_HUMAN_Loggerenberg_2023,HEM3_HUMAN,Human,Activity,additive_ridge,10,0.45457505398149334,0.31648057214640424,0.13809448183508904,0.7921792618629174,0.7441583855436058,0.04802087631931157,0.9051571925877744,0.9642646931344888,-0.05910750054671442
VRPI_BPT7_Tsuboyama_2023_2WNM,VRPI_BPT7,Virus,Stability,additive_ridge,10,0.7153023878092474,0.5806557107431265,0.1346466770661208,0.8142857142857143,0.7078342019162175,0.10645151236949672,0.6717755547159554,0.8272843936289531,-0.15550883891299777
Q59976_STRSQ_Romero_2015,Q59976_STRSQ,Prokaryote,Activity,additive_ridge,10,0.5525731359689787,0.4179820675489176,0.1345910684200611,0.8023333333333333,0.7749631960199902,0.027370137313343156,0.8148336354282856,0.883648352943174,-0.06881471751488855
TPOR_HUMAN_Bridgford_2020,TPOR_HUMAN,Human,OrganismalFitness,additive_ridge,10,0.6303571428571428,0.49702494782943774,0.13333219502770519,0.7991150442477876,0.7919075907590759,0.0072074534887117125,0.7500905621784367,0.8392699285451123,-0.08917936636667548
RS15_GEOSE_Tsuboyama_2023_1A32,RS15_GEOSE,Prokaryote,Stability,additive_ridge,10,0.7321585035687914,0.6040400332498792,0.12811847031891227,0.8108786610878662,0.6684210526315789,0.1424576084562872,0.6226148252967204,0.7971730437419192,-0.17455821844519886
Q6WV12_9MAXI_Somermeyer_2022,Q6WV12_9MAXI,Eukaryote,Activity,additive_ridge,10,0.4106531232200495,0.2831253204670502,0.12752780275299927,0.8,0.7397525182970874,0.06024748170291255,0.891891608586965,1.048670411282746,-0.15677880269578104
CASP7_HUMAN_Roychowdhury_2020,CASP7_HUMAN,Human,Activity,additive_ridge,10,0.4493238660449343,0.323469895387871,0.12585397065706333,0.8142857142857143,0.7567543591069309,0.05753135517878345,0.8746457026122517,0.9651106784380351,-0.09046497582578347
HMDH_HUMAN_Jiang_2019,HMDH_HUMAN,Human,OrganismalFitness,additive_ridge,10,0.6789105545962151,0.5577277459882415,0.12118280860797355,0.7997330169089291,0.7140350877192982,0.08569792918963083,0.7383620798780561,0.8360291985000998,-0.09766711862204366
DN7A_SACS2_Tsuboyama_2023_1JIC,DN7A_SACS2,Prokaryote,Stability,additive_ridge,10,0.6808484524652745,0.5632111371346695,0.11763731533060491,0.8262376237623762,0.6840298132558984,0.14220781050647785,0.6635352586766421,0.827128069618019,-0.16359281094137676
BLAT_ECOLX_Jacquier_2013,BLAT_ECOLX,Prokaryote,OrganismalFitness,additive_ridge,10,0.5320710111453388,0.4273898006552847,0.10468121049005408,0.7989898989898989,0.8076441120270197,-0.008654213037120695,0.8653443723494512,0.8707601312818687,-0.005415758932417502
NPC1_HUMAN_Erwood_2022_HEK293T,NPC1_HUMAN,Human,Activity,additive_ridge,10,0.5390919703351035,0.44428329583688997,0.09480867449821345,0.80390625,0.7490661428609984,0.05484010713900169,0.8663717434573869,0.9049573059315538,-0.038585562474166904
OTC_HUMAN_Lo_2023,OTC_HUMAN,Human,Activity,additive_ridge,10,0.5713489412631205,0.49071743376812726,0.0806315074949933,0.7917197452229299,0.7525986916297951,0.03912105359313482,0.8427642618980012,0.8931116822444629,-0.05034742034646171
PA_I34A1_Wu_2015,PA_I34A1,Virus,OrganismalFitness,additive_ridge,10,0.3800916144876294,0.30606504807523605,0.07402656641239333,0.8002747252747253,0.7961361942599939,0.004138531014731317,0.9446428844489662,0.954249487328377,-0.009606602879410809
GFP_AEQVI_Sarkisyan_2016,GFP_AEQVI,Eukaryote,Activity,additive_ridge,10,0.38026454243530305,0.3105146757503269,0.06974986668497621,0.8110599078341014,0.7965280090687472,0.014531898765354111,0.8779463765891222,0.8805255037965913,-0.0025791272074690676
SERC_HUMAN_Xie_2023,SERC_HUMAN,Human,OrganismalFitness,additive_ridge,10,0.4093836718931555,0.3415663062350209,0.06781736565813457,0.8,0.7693599507673741,0.030640049232625997,0.8851010555075851,0.9201010172801289,-0.03499996177254387
TPK1_HUMAN_Weile_2017,TPK1_HUMAN,Human,OrganismalFitness,additive_ridge,10,0.3828421768113531,0.31564369027662126,0.06719848653473182,0.8051805337519623,0.7907370986279109,0.014443435124051506,0.9419902882956386,0.93522592238163,0.006764365914008563
CALM1_HUMAN_Weile_2017,CALM1_HUMAN,Human,OrganismalFitness,additive_ridge,10,0.3047475230163408,0.2399514817143063,0.0647960413020345,0.793939393939394,0.7801888469032541,0.01375054703613987,0.9611046706441888,0.9699794639795082,-0.008874793335319342
GDIA_HUMAN_Silverstein_2021,GDIA_HUMAN,Human,OrganismalFitness,additive_ridge,10,0.4532983913615058,0.3955511143464906,0.05774727701501523,0.8194805194805195,0.7867622352787924,0.03271828420172703,0.8588415162548649,0.9054645429151671,-0.046623026660302117
A0A1I9GEU1_NEIME_Kennouche_2019,A0A1I9GEU1_NEIME,Prokaryote,Activity,additive_ridge,10,0.126558755223783,0.07666555355198355,0.04989320167179944,0.8005405405405405,0.805831706397975,-0.005291165857434566,1.0138885911038984,1.026564984274393,-0.012676393170494437
VKOR1_HUMAN_Chiasson_2020_activity,VKOR1_HUMAN,Human,Activity,additive_ridge,10,0.3143839045823987,0.27463796504337473,0.03974593953902392,0.7542857142857142,0.7968565636114143,-0.04257084932570003,1.005517943265625,0.9441138191805395,0.06140412408508551
A0A2Z5U3Z0_9INFA_Wu_2014,A0A2Z5U3Z0_9INFA,Virus,OrganismalFitness,additive_ridge,10,0.351738677844834,0.31361621067171963,0.03812246717311435,0.8,0.8029019307833434,-0.0029019307833434314,0.9626222108126059,1.0926558617096793,-0.13003365089707342
ENV_HV1BR_Haddox_2016,ENV_HV1BR,Virus,OrganismalFitness,additive_ridge,10,0.3614371638121078,0.33070203163652934,0.030735132175578446,0.8036921881072677,0.8088888888888889,-0.0051967007816210884,0.9587886503400759,0.9607875586714435,-0.0019989083313676215
SYUA_HUMAN_Newberry_2020,SYUA_HUMAN,Human,OrganismalFitness,additive_ridge,10,0.5128926499705999,0.4901707023429607,0.02272194762763925,0.8098000000000001,0.8025542083754307,0.007245791624569275,0.7121607018550631,0.7751386560735772,-0.06297795421851418
A4_HUMAN_Seuma_2022,A4_HUMAN,Human,Stability,additive_ridge,10,0.6034346068205789,0.5847347029435686,0.018699903877010447,0.791875,0.7334306378529105,0.058444362147089556,0.7664165627027512,0.8738233955629113,-0.10740683286016024
CAS9_STRP1_Spencer_2017_positive,CAS9_STRP1,Prokaryote,Activity,additive_ridge,10,0.184249133479882,0.1672281039739193,0.017021029505962702,0.8040640394088671,0.7865748587208954,0.017489180687971638,0.9984577119465813,1.0169151153104556,-0.018457403363874213
TADBP_HUMAN_Bolognesi_2019,TADBP_HUMAN,Human,OrganismalFitness,additive_ridge,10,0.6845943505963644,0.6718898645666286,0.012704486029735807,0.7966666666666666,0.7842506699271455,0.012415996739521184,0.7284229487010881,0.7678806260106551,-0.03945767730956702
SAV1_MOUSE_Tsuboyama_2023_2YSB,SAV1_MOUSE,Eukaryote,Stability,biophysical_ridge,10,0.11538714755975381,-0.3108220783822458,0.42620922594199967,0.7955882352941177,0.7488549781735917,0.04673325712052595,1.003367045144138,1.1031060928399712,-0.09973904769583294
SDA_BACSU_Tsuboyama_2023_1PV0,SDA_BACSU,Prokaryote,Stability,biophysical_ridge,10,0.48062188875261536,0.2666530344511259,0.21396885430148935,0.8023952095808383,0.7104554401434611,0.09193976943737722,0.8713550797285663,1.0732925658603973,-0.201937486131831
OTU7A_HUMAN_Tsuboyama_2023_2L2D,OTU7A_HUMAN,Human,Stability,biophysical_ridge,10,0.41818639857517803,0.21748834406019496,0.20069805451498315,0.8133858267716535,0.7730654624659128,0.04032036430574082,0.9415716813116118,0.9722324606635663,-0.030660779351954392
RAD_ANTMA_Tsuboyama_2023_2CJJ,RAD_ANTMA,Eukaryote,Stability,biophysical_ridge,10,0.12361380554928943,-0.0752616296644015,0.19887543521369094,0.792258064516129,0.7663465253936828,0.025911539122446314,0.9835339267066026,1.0769895512782126,-0.09345562457160998
CBX4_HUMAN_Tsuboyama_2023_2K28,CBX4_HUMAN,Human,Stability,biophysical_ridge,10,0.38891140606037256,0.19839640321806845,0.19051500284230408,0.8032608695652174,0.751257284449135,0.052003585116082364,0.8847576992419105,0.9487046780285755,-0.06394697878666496
OBSCN_HUMAN_Tsuboyama_2023_1V1C,OBSCN_HUMAN,Human,Stability,biophysical_ridge,10,0.3869390209429951,0.2090339657718649,0.17790505517113017,0.8024691358024691,0.7287049877983987,0.07376414800407051,0.8950575997980795,0.9843509700256803,-0.08929337022760071
THO1_YEAST_Tsuboyama_2023_2WQG,THO1_YEAST,Eukaryote,Stability,biophysical_ridge,10,0.20480399471962346,0.028759294229317757,0.17604470049030568,0.8219696969696969,0.7242244250329463,0.0977452719367507,0.9852881904075609,1.0797037857356635,-0.09441559532810262
TRPC_THEMA_Chan_2017,TRPC_THEMA,Prokaryote,OrganismalFitness,biophysical_ridge,10,0.3918682802227798,0.22365058241562547,0.16821769780715437,0.80625,0.7560155028660761,0.05023449713392392,0.9246714699091102,1.0258237385019375,-0.10115226859282733
RL20_AQUAE_Tsuboyama_2023_1GYZ,RL20_AQUAE,Prokaryote,Stability,biophysical_ridge,10,0.4842752844500633,0.3167645900431012,0.16751069440696215,0.8257777777777777,0.743421052631579,0.08235672514619882,0.767767772248096,0.9129412595483087,-0.14517348730021276
CUE1_YEAST_Tsuboyama_2023_2MYX,CUE1_YEAST,Eukaryote,Stability,biophysical_ridge,10,0.6186771493524387,0.4601394612387951,0.15853768811364355,0.7926701570680628,0.7704300620428295,0.022240095025233275,0.8014714401072563,0.8576099980725868,-0.0561385579653305
ODP2_GEOSE_Tsuboyama_2023_1W4G,ODP2_GEOSE,Prokaryote,Stability,biophysical_ridge,10,0.2503941445653936,0.09401371254977131,0.1563804320156223,0.8097014925373134,0.7623921492187961,0.04730934331851735,1.016757189586855,1.0950506765255936,-0.07829348693873855
NKX31_HUMAN_Tsuboyama_2023_2L9R,NKX31_HUMAN,Human,Stability,biophysical_ridge,10,0.3483140061002221,0.194042434789246,0.1542715713109761,0.7930434782608696,0.7460232146834607,0.04702026357740898,0.9057222876790398,0.9458543205447351,-0.04013203286569531
SR43C_ARATH_Tsuboyama_2023_2N88,SR43C_ARATH,Eukaryote,Stability,biophysical_ridge,10,0.47054703067997694,0.32625145883221823,0.1442955718477587,0.7921348314606742,0.7318596364072787,0.06027519505339553,0.8547765969251948,0.9391417487975537,-0.08436515187235892
VILI_CHICK_Tsuboyama_2023_1YU5,VILI_CHICK,Eukaryote,Stability,biophysical_ridge,10,0.3250866739823738,0.1833771103436944,0.14170956363867934,0.8278008298755187,0.7786715150791402,0.04912931479637844,0.9221430498405943,0.9759049014398476,-0.053761851599253355
SQSTM_MOUSE_Tsuboyama_2023_2RRU,SQSTM_MOUSE,Eukaryote,Stability,biophysical_ridge,10,0.5861770234560166,0.44475163351730423,0.14142538993871237,0.7838028169014085,0.6938299105718206,0.08997290632958785,0.8027274571444233,0.9412614176354298,-0.13853396049100647
PKN1_HUMAN_Tsuboyama_2023_1URF,PKN1_HUMAN,Human,Stability,biophysical_ridge,10,0.4693637326961886,0.3339370276740484,0.13542670502214021,0.8137931034482758,0.7782881277014075,0.035504975746868284,0.8351530060459484,0.8216728787457356,0.01348012730021304
POLG_PESV_Tsuboyama_2023_2MXD,POLG_PESV,Virus,Stability,biophysical_ridge,10,0.42147845287041263,0.28643810452489193,0.1350403483455207,0.8165829145728644,0.8157908400608831,0.0007920745119813555,0.8300504184894273,0.8572822851311974,-0.027231866641770176
ESTA_BACSU_Nutschel_2020,ESTA_BACSU,Prokaryote,Stability,biophysical_ridge,10,0.11110668880788947,-0.02348185275484599,0.13458854156273545,0.808735632183908,0.7981640078452877,0.01057162433862029,0.9961409680252963,0.9988374279940475,-0.0026964599687511748
GRB2_HUMAN_Faure_2021,GRB2_HUMAN,Human,OrganismalFitness,biophysical_ridge,10,0.45272158543581087,0.3249026290736555,0.1278189563621553,0.7913043478260869,0.7506821910078891,0.04062215681819779,0.8963610967302958,0.950887326103512,-0.054526229373216106
RL40A_YEAST_Roscoe_2013,RL40A_YEAST,Eukaryote,OrganismalFitness,biophysical_ridge,10,0.47293950634647164,0.3476173209386623,0.12532218540780926,0.8117154811715481,0.7364543961635449,0.07526108500800326,0.8662703773322958,0.9074402815143104,-0.04116990418201462
RL40A_YEAST_Mavor_2016,RL40A_YEAST,Eukaryote,OrganismalFitness,biophysical_ridge,10,0.44346567224094413,0.3250787596426588,0.11838691259828533,0.801593625498008,0.7693272332465811,0.03226639225142682,0.8849991694850143,0.8952784567616838,-0.010279287276669635
DNJA1_HUMAN_Tsuboyama_2023_2LO1,DNJA1_HUMAN,Human,Stability,biophysical_ridge,10,0.4653943471742067,0.34957028668495377,0.11582406048925287,0.7909836065573771,0.7832648704789302,0.00771873607844682,0.8273973880805355,0.8599754893013181,-0.03257810122078246
TCRG1_MOUSE_Tsuboyama_2023_1E0L,TCRG1_MOUSE,Eukaryote,Stability,biophysical_ridge,10,0.29016897081413207,0.18050425031715323,0.10966472049697884,0.8024000000000001,0.6935197283142573,0.10888027168574262,0.9574509910734719,1.0958980392433937,-0.1384470481699217
AMFR_HUMAN_Tsuboyama_2023_4G3O,AMFR_HUMAN,Human,Stability,biophysical_ridge,10,0.5052891325343817,0.39801820278474226,0.10727092974963934,0.8030487804878049,0.7004232269081248,0.10262555357968009,0.8615781151714078,1.0073636863111068,-0.14578557113969906
TNKS2_HUMAN_Tsuboyama_2023_5JRT,TNKS2_HUMAN,Human,Stability,biophysical_ridge,10,0.5618009822763187,0.4552541040170171,0.10654687825930162,0.7803571428571429,0.6886987238280098,0.09165841902913299,0.7913045393744625,0.91853014589437,-0.12722560651990733
HSP82_YEAST_Cote-Hammarlof_2020_growth-H2O2,HSP82_YEAST,Eukaryote,OrganismalFitness,biophysical_ridge,10,0.20957196397386335,0.1036819042754683,0.10589005969839504,0.7937915742793791,0.7866392371673225,0.007152337112056662,0.9297978114087598,0.9514623952331969,-0.021664583824436957
EPHB2_HUMAN_Tsuboyama_2023_1F0M,EPHB2_HUMAN,Human,Stability,biophysical_ridge,10,0.47793593074137997,0.37589851695859056,0.10203741378278948,0.7919354838709677,0.765783168240002,0.02615231563096577,0.8188559016524211,0.8849501480989954,-0.06609424644657431
CAPSD_AAV2S_Sinai_2021,CAPSD_AAV2S,Virus,OrganismalFitness,biophysical_ridge,10,0.6275250298791121,0.5268204370101862,0.1007045928689259,0.8102803738317756,0.7456140350877193,0.06466633874405639,0.747990328069788,0.8502813198415268,-0.10229099177173873
PHOT_CHLRE_Chen_2023,PHOT_CHLRE,Eukaryote,Activity,biophysical_ridge,10,0.30492091729064735,0.20556882441728308,0.09935209287336429,0.7969411764705883,0.8103254993366958,-0.013384322866107667,0.9373540149414218,0.9300085270562339,0.007345487885187829
HECD1_HUMAN_Tsuboyama_2023_3DKM,HECD1_HUMAN,Human,Stability,biophysical_ridge,10,0.3293339292654489,0.2300800525126566,0.09925387675279232,0.8096385542168674,0.7996675552663197,0.009970998950547838,0.9561385717061472,0.9601273166669582,-0.003988744960810886
MBD11_ARATH_Tsuboyama_2023_6ACV,MBD11_ARATH,Eukaryote,Stability,biophysical_ridge,10,0.36604334196538096,0.26732738458325117,0.0987159573821298,0.8077922077922078,0.73089612125861,0.07689608653359786,0.9345595662798557,0.9997668288951438,-0.065207262615288
CCDB_ECOLI_Adkar_2012,CCDB_ECOLI,Prokaryote,Activity,biophysical_ridge,10,0.4390866497426214,0.3421804185512928,0.09690623119132866,0.8076271186440678,0.7615311468434528,0.046095971800615046,0.9070162137178824,0.9996731037291802,-0.09265689001129777
PR40A_HUMAN_Tsuboyama_2023_1UZC,PR40A_HUMAN,Human,Stability,biophysical_ridge,10,0.33766815420285895,0.24105350728626357,0.09661464691659541,0.8072961373390559,0.7667678986696322,0.04052823866942359,0.8949176930442307,0.9824464566044847,-0.08752876356025387
SPTN1_CHICK_Tsuboyama_2023_1TUD,SPTN1_CHICK,Eukaryote,Stability,biophysical_ridge,10,0.4035132407608487,0.313333626647887,0.0901796141129618,0.7928909952606635,0.8204218919425061,-0.02753089668184261,0.8945045320369939,0.8899274565232572,0.004577075513736673
MYO3_YEAST_Tsuboyama_2023_2BTT,MYO3_YEAST,Eukaryote,Stability,biophysical_ridge,10,0.40317705257909175,0.3133677798170298,0.08980927276206195,0.7852631578947369,0.7453037991619481,0.03995935873278874,0.9269437347007926,1.0146032701280547,-0.08765953542726226
NUSG_MYCTU_Tsuboyama_2023_2MI6,NUSG_MYCTU,Prokaryote,Stability,biophysical_ridge,10,0.5093447639779208,0.42216527763242884,0.08717948634549205,0.7867647058823529,0.7530920804511843,0.03367262543116869,0.8355754258051059,0.8853313665490374,-0.049755940743931436
PIN1_HUMAN_Tsuboyama_2023_1I6C,PIN1_HUMAN,Human,Stability,biophysical_ridge,10,0.3858576356940471,0.29884175218897957,0.08701588350506753,0.791304347826087,0.7695080175378044,0.02179633028828265,0.8849429970472608,1.0210162183523575,-0.13607322130509655
P84126_THETH_Chan_2017,P84126_THETH,Prokaryote,OrganismalFitness,biophysical_ridge,10,0.3853087849818369,0.30201291421078336,0.08329587077105353,0.8032894736842107,0.742149774187945,0.06113969949626542,0.9309065332157038,1.0111591369326076,-0.08025260371690392
BCHB_CHLTE_Tsuboyama_2023_2KRU,BCHB_CHLTE,Prokaryote,Stability,biophysical_ridge,10,0.18407262676223418,0.10295318784706553,0.08111943891516864,0.7691011235955056,0.795422378684736,-0.026321255089230323,1.0136206451831118,0.9615060016702677,0.05211464351284419
YAIA_ECOLI_Tsuboyama_2023_2KVT,YAIA_ECOLI,Prokaryote,Stability,biophysical_ridge,10,0.4397254870879159,0.36040553255477725,0.07931995453313864,0.8333333333333334,0.8008481997073135,0.032485133626019805,0.8914400077512532,0.8717446664737167,0.01969534127753647
KCNE1_HUMAN_Muhammad_2023_function,KCNE1_HUMAN,Human,Activity,biophysical_ridge,10,0.2679729325191825,0.18913739167836052,0.07883554084082203,0.8161987041036717,0.7814029291847978,0.0347957749188739,0.9594726557736613,0.9787732554234984,-0.019300599649837113
SPG1_STRSG_Olson_2014,SPG1_STRSG,Prokaryote,Binding,biophysical_ridge,10,0.4499987237810773,0.37155724908323984,0.07844147469783747,0.8167464114832536,0.7712918660287081,0.04545454545454547,0.8626753404753391,0.9183157250570402,-0.055640384581701084
HCP_LAMBD_Tsuboyama_2023_2L6Q,HCP_LAMBD,Virus,Stability,biophysical_ridge,10,0.47440551439407275,0.3963373642065747,0.07806815018749795,0.8028846153846153,0.7554142650910662,0.04747035029354907,0.8217616213813059,0.9480110790220602,-0.12624945764075424
RD23A_HUMAN_Tsuboyama_2023_1IFY,RD23A_HUMAN,Human,Stability,biophysical_ridge,10,0.49803293097386614,0.42172270244087773,0.07631022853298838,0.8262499999999999,0.8044841345035513,0.021765865496448676,0.8078543481218974,0.8761464038345463,-0.06829205571264893
GAL4_YEAST_Kitzman_2015,GAL4_YEAST,Eukaryote,OrganismalFitness,biophysical_ridge,10,0.21294956747165417,0.13668366414935135,0.07626590332230279,0.7744769874476988,0.7834561941143419,-0.008979206666643114,0.9966001174337231,0.9729817954108132,0.023618322022909866
P53_HUMAN_Kotler_2018,P53_HUMAN,Human,OrganismalFitness,biophysical_ridge,10,0.4229032728309356,0.3471586183052929,0.07574465452564273,0.8257142857142858,0.7898153373770398,0.03589894833724585,0.9042352693798467,0.9503952875185933,-0.04616001813874658
RCRO_LAMBD_Tsuboyama_2023_1ORC,RCRO_LAMBD,Virus,Stability,biophysical_ridge,10,0.4786902710875144,0.4042704951532805,0.07441977593423395,0.796234309623431,0.7548494796358358,0.0413848299875952,0.8426554484995903,0.8744695367385239,-0.0318140882389335
ACE2_HUMAN_Chan_2020,ACE2_HUMAN,Human,Binding,biophysical_ridge,10,0.2557510904364333,0.18556638384405424,0.07018470659237905,0.7928089887640449,0.7851258581235698,0.007683130640475133,0.9633633780263692,0.9933210972195606,-0.0299577191931915
PABP_YEAST_Melamed_2013,PABP_YEAST,Eukaryote,OrganismalFitness,biophysical_ridge,10,0.5912564231809252,0.5223101626317275,0.06894626054919781,0.811344537815126,0.7937655344155188,0.017579003399607197,0.8252864686110757,0.827742179040716,-0.0024557104296403674
Q837P5_ENTFA_Meier_2023,Q837P5_ENTFA,Prokaryote,Activity,biophysical_ridge,10,0.5687413662829459,0.5011149450554735,0.06762642122747249,0.8113333333333334,0.7943811306478198,0.016952202685513562,0.8452527965958397,0.9140220050414329,-0.06876920844559314
PITX2_HUMAN_Tsuboyama_2023_2L7M,PITX2_HUMAN,Human,Stability,biophysical_ridge,10,0.22676397444858018,0.15918954817959408,0.0675744262689861,0.8180851063829786,0.8006233762708084,0.017461730112170403,0.9424978387574464,0.9421811092732316,0.0003167294842148505
SBI_STAAM_Tsuboyama_2023_2JVG,SBI_STAAM,Prokaryote,Stability,biophysical_ridge,10,0.35720508141689067,0.2931930253127072,0.06401205610418345,0.7848780487804878,0.8115970915939309,-0.026719042813443183,0.9486037506363161,0.9341389593332016,0.014464791303114566
CAR11_HUMAN_Meitlis_2020_gof,CAR11_HUMAN,Human,OrganismalFitness,biophysical_ridge,10,0.13693580190237323,0.07368840457207851,0.06324739733029469,0.8071578947368421,0.7831765039671428,0.02398139076969934,0.9792975631476846,0.9466665705603463,0.03263099258733846
RASK_HUMAN_Weng_2022_abundance,RASK_HUMAN,Human,Expression,biophysical_ridge,10,0.35817107450901925,0.2972745018408275,0.06089657266819178,0.7884364820846905,0.7810769965400672,0.007359485544623257,0.9493662738260685,0.977987786779876,-0.028621512953807514
AACC1_PSEAI_Dandage_2018,AACC1_PSEAI,Prokaryote,OrganismalFitness,biophysical_ridge,10,0.20489626217331636,0.1451641776578709,0.05973208451544546,0.8085872576177285,0.7853816926722226,0.023205564945506008,0.9970023708081678,0.9909013110062673,0.006101059801900455
TPOR_HUMAN_Bridgford_2020,TPOR_HUMAN,Human,OrganismalFitness,biophysical_ridge,10,0.5654509614744827,0.5059114983246568,0.059539463149825944,0.7991150442477876,0.8249206183776272,-0.025805574129839647,0.8121438437907873,0.8357746906626918,-0.02363084687190451
NUD15_HUMAN_Suiter_2020,NUD15_HUMAN,Human,Expression,biophysical_ridge,10,0.3083211087820048,0.24942272530412804,0.05889838347787677,0.7931458699472759,0.7619113544501313,0.031234515497144698,0.942710854983883,0.9739698747880793,-0.0312590198041963
DOCK1_MOUSE_Tsuboyama_2023_2M0Y,DOCK1_MOUSE,Eukaryote,Stability,biophysical_ridge,10,0.4818845852129508,0.423791500042045,0.05809308517090576,0.8078189300411523,0.7657365137176273,0.04208241632352505,0.878545712867511,0.984821298737419,-0.10627558586990804
A0A247D711_LISMN_Stadelmann_2021,A0A247D711_LISMN,Prokaryote,Activity,biophysical_ridge,10,0.3802418765035275,0.3244743143799368,0.05576756212359067,0.806344410876133,0.7876160990712074,0.018728311804925502,0.9068229835010175,0.9307453922063358,-0.023922408705318265
ILF3_HUMAN_Tsuboyama_2023_2L33,ILF3_HUMAN,Human,Stability,biophysical_ridge,10,0.4810061192837936,0.4256436132303355,0.05536250605345803,0.8139097744360904,0.7215662746923399,0.09234349974375025,0.8472539503426224,1.0226265313622958,-0.17537258101967343
Q8WTC7_9CNID_Somermeyer_2022,Q8WTC7_9CNID,Eukaryote,Activity,biophysical_ridge,10,0.24830475635266286,0.19441649154929883,0.05388826480336399,0.7908713692946059,0.8090508320775939,-0.0181794627829881,0.968133972507076,0.9730515930472154,-0.004917620540139389
Q837P4_ENTFA_Meier_2023,Q837P4_ENTFA,Prokaryote,Activity,biophysical_ridge,10,0.5068238175417114,0.45363102390106425,0.05319279364064709,0.8014285714285714,0.7427210316946466,0.05870753973392477,0.7889793169975255,0.8462608157968384,-0.057281498799312956
TRPC_SACS2_Chan_2017,TRPC_SACS2,Prokaryote,OrganismalFitness,biophysical_ridge,10,0.3620798761639006,0.30910001472644905,0.0529798614374515,0.7976973684210527,0.7464640871981935,0.05123328122285912,0.9217245183413324,0.9718375921587059,-0.05011307381737355
VKOR1_HUMAN_Chiasson_2020_abundance,VKOR1_HUMAN,Human,Expression,biophysical_ridge,10,0.4593363496125046,0.4074485903865983,0.05188775922590631,0.7962894248608534,0.8104004101574278,-0.014110985296574318,0.8819226978808896,0.8643417118948854,0.017580985986004095
CASP3_HUMAN_Roychowdhury_2020,CASP3_HUMAN,Human,Activity,biophysical_ridge,10,0.3392157649368532,0.28747490688692895,0.05174085804992427,0.8082802547770701,0.7988230810038873,0.00945717377318277,0.9378536559656598,0.9169987184329085,0.02085493753275146
SOX30_HUMAN_Tsuboyama_2023_7JJK,SOX30_HUMAN,Human,Stability,biophysical_ridge,10,0.37564870375722226,0.3244976463850509,0.051151057372171335,0.7915841584158416,0.8060302356983848,-0.014446077282543334,0.8990974947551816,0.9040996968773264,-0.005002202122144694
YNZC_BACSU_Tsuboyama_2023_2JVD,YNZC_BACSU,Prokaryote,Stability,biophysical_ridge,10,0.35093075938146356,0.3002317898060549,0.05069896957540867,0.779020979020979,0.7501080415939185,0.02891293742706048,0.9677848507359806,1.0653357889953625,-0.09755093825938185
UBC9_HUMAN_Weile_2017,UBC9_HUMAN,Human,OrganismalFitness,biophysical_ridge,10,0.3471231771366647,0.2965601206022372,0.05056305653442748,0.7898635477582846,0.8006677522250788,-0.010804204466794287,0.9546465506624703,0.9155901464643346,0.03905640419813568
DYR_ECOLI_Nguyen_2023,DYR_ECOLI,Prokaryote,OrganismalFitness,biophysical_ridge,10,0.3943131857485097,0.34388862395796915,0.0504245617905406,0.8066780821917808,0.7715339017357302,0.03514418045605059,0.9103247444406636,0.9916151274351197,-0.0812903829944562
UBR5_HUMAN_Tsuboyama_2023_1I2T,UBR5_HUMAN,Human,Stability,biophysical_ridge,10,0.5973433340569196,0.5475228272424114,0.049820506814508295,0.7840182648401826,0.7895111797074847,-0.005492914867302134,0.7474806075279752,0.7852349655422357,-0.03775435801426058
BRCA1_HUMAN_Findlay_2018,BRCA1_HUMAN,Human,OrganismalFitness,biophysical_ridge,10,0.33692781940258687,0.2872127903991354,0.04971502900345148,0.7896739130434783,0.7705141613972539,0.0191597516462243,0.9523301967853788,0.9663914423091706,-0.014061245523791777
BBC1_YEAST_Tsuboyama_2023_1TG0,BBC1_YEAST,Eukaryote,Stability,biophysical_ridge,10,0.4372770426114611,0.3883167851090258,0.04896025750243528,0.7769585253456222,0.76807324674004,0.00888527860558217,0.9147880808105793,0.9571254816067419,-0.04233740079616276
DLG4_HUMAN_Faure_2021,DLG4_HUMAN,Human,OrganismalFitness,biophysical_ridge,10,0.44694272649683847,0.4007181110221567,0.04622461547468171,0.810546875,0.7739517421707267,0.03659513282927336,0.8846989589384473,0.9057617224399912,-0.021062763501544002
ENVZ_ECOLI_Ghose_2023,ENVZ_ECOLI,Prokaryote,Activity,biophysical_ridge,10,0.15285722169696742,0.10734567157633286,0.04551155012063458,0.8008888888888889,0.7812938570939099,0.019595031794979033,0.9832363213792611,0.9953126550653895,-0.012076333686128338
CAR11_HUMAN_Meitlis_2020_lof,CAR11_HUMAN,Human,OrganismalFitness,biophysical_ridge,10,0.2432621242826321,0.1984157098635775,0.044846414419054584,0.7901878914405011,0.8040044474176613,-0.013816555977160184,0.9573261812136137,0.9562565172287478,0.0010696639848658096
SRC_HUMAN_Chakraborty_2023_binding-DAS_25uM,SRC_HUMAN,Human,Activity,biophysical_ridge,10,0.24657748922612135,0.201968274469365,0.04460921475675637,0.8034340659340659,0.7904487011489729,0.012985364785093023,0.9863718346736462,1.0088924282667273,-0.022520593593081083
NUSA_ECOLI_Tsuboyama_2023_1WCL,NUSA_ECOLI,Prokaryote,Stability,biophysical_ridge,10,0.6132096666089503,0.5688346510249286,0.044375015584021696,0.7870229007633588,0.7863005214184888,0.0007223793448700277,0.7635154541308908,0.7567090883761065,0.00680636575478436
PPM1D_HUMAN_Miller_2022,PPM1D_HUMAN,Human,OrganismalFitness,biophysical_ridge,10,0.22251363448901743,0.17884018393470608,0.04367345055431136,0.8044359949302915,0.7948237749909187,0.00961221993937279,0.9926098754313433,0.9921307940886697,0.0004790813426735929
OXDA_RHOTO_Vanella_2023_expression,OXDA_RHOTO,Eukaryote,Expression,biophysical_ridge,10,0.2885646089172051,0.24575604941851795,0.042808559498687185,0.7997045790251108,0.7785740932900043,0.021130485735106452,0.9698651656239207,0.981397082682608,-0.011531917058687136
A4GRB6_PSEAI_Chen_2020,A4GRB6_PSEAI,Prokaryote,OrganismalFitness,biophysical_ridge,10,0.31594916221503044,0.2735899304792896,0.042359231735740924,0.8068931068931068,0.7898849575676677,0.017008149325439183,0.9407639350955724,0.9683745903734857,-0.02761065527791321
MTH3_HAEAE_RockahShmuel_2015,MTH3_HAEAE,Prokaryote,OrganismalFitness,biophysical_ridge,10,0.37703022179100165,0.33540748202250953,0.04162273976849214,0.8210674157303371,0.8000158188828708,0.021051596847466315,0.9404976053110339,0.95507275224662,-0.014575146935586192
KCNJ2_MOUSE_Coyote-Maestas_2022_function,KCNJ2_MOUSE,Eukaryote,Activity,biophysical_ridge,10,0.11968980598904508,0.07943558631418535,0.040254219674859745,0.8076094759511845,0.7923583444258543,0.015251131525330197,0.9888369436776324,1.0105198092788503,-0.02168286560121787
RPC1_BP434_Tsuboyama_2023_1R69,RPC1_BP434,Virus,Stability,biophysical_ridge,10,0.515249157184998,0.47503031306621546,0.04021884411878252,0.768888888888889,0.7872199595222793,-0.018331070633390435,0.8450435291764175,0.8300803233988416,0.014963205777575728
PTEN_HUMAN_Mighell_2018,PTEN_HUMAN,Human,Activity,biophysical_ridge,10,0.3323247943681722,0.293341336449077,0.038983457919095174,0.8048898071625346,0.8035206212588666,0.0013691859036678911,0.9127198309378146,0.9030869545469027,0.009632876390912037
PPARG_HUMAN_Majithia_2016,PPARG_HUMAN,Human,Activity,biophysical_ridge,10,0.6684103854163453,0.629432541697698,0.038977843718647286,0.8028183716075157,0.7850964043772798,0.017721967230235825,0.7955336899274579,0.8227547220950913,-0.027221032167633254
POLG_HCVJF_Qi_2014,POLG_HCVJF,Virus,OrganismalFitness,biophysical_ridge,10,0.42744264113149544,0.3924087507243509,0.03503389040714464,0.8107361963190185,0.8033029765109705,0.007433219808047886,0.9248503711501472,0.9418195947012148,-0.01696922355106765
GDIA_HUMAN_Silverstein_2021,GDIA_HUMAN,Human,OrganismalFitness,biophysical_ridge,10,0.38407226616257273,0.3492459362874535,0.03482632987511923,0.8168831168831169,0.7949645642449961,0.021918552638120835,0.8829379867737149,0.9198786557581865,-0.03694066898447175
HSP82_YEAST_Mishra_2016,HSP82_YEAST,Eukaryote,OrganismalFitness,biophysical_ridge,10,0.41508009597084194,0.38135150139066104,0.03372859458018097,0.7934104046242775,0.811131262133656,-0.01772085750937861,0.9112283597911283,0.8771345084283876,0.03409385136274072
KCNJ2_MOUSE_Coyote-Maestas_2022_surface,KCNJ2_MOUSE,Eukaryote,Expression,biophysical_ridge,10,0.23711599004794853,0.2034276453245279,0.0336883447234206,0.7979768786127168,0.811581020450889,-0.013604141838172278,0.9637089958660681,0.9700230385539628,-0.006314042687894606
DYR_ECOLI_Thompson_2019,DYR_ECOLI,Prokaryote,OrganismalFitness,biophysical_ridge,10,0.29360704463912013,0.26095177759285876,0.03265526704626137,0.8031712473572938,0.7963311395827363,0.00684010777455758,0.9217385853662362,0.9233557404583502,-0.0016171550921140533
UBE4B_MOUSE_Starita_2013,UBE4B_MOUSE,Eukaryote,Activity,biophysical_ridge,10,0.12385466006210773,0.09169495269444886,0.03215970736765885,0.7988888888888889,0.8086051449659362,-0.009716256077047269,1.0047089899225643,1.0055062089343392,-0.0007972190117749523
SUMO1_HUMAN_Weile_2017,SUMO1_HUMAN,Human,OrganismalFitness,biophysical_ridge,10,0.3110181494547836,0.27895201667542247,0.0320661327793612,0.8,0.7655090694653821,0.03449093053461792,0.9283314661136222,0.9829774649153817,-0.05464599880175956
RBP1_HUMAN_Tsuboyama_2023_2KWH,RBP1_HUMAN,Human,Stability,biophysical_ridge,10,0.5566443865412938,0.5253711181587611,0.031273268382532575,0.8051282051282052,0.7599652416080847,0.0451629635201205,0.7958191167293232,0.8452993735902912,-0.049480256860967894
A0A192B1T2_9HIV1_Haddox_2018,A0A192B1T2_9HIV1,Virus,OrganismalFitness,biophysical_ridge,10,0.36912387562593874,0.3385722408054305,0.030551634820508218,0.7954689984101748,0.8024423798372531,-0.006973381427078262,0.9332685973236142,0.92316990784364,0.010098689479974221
KKA2_KLEPN_Melnikov_2014,KKA2_KLEPN,Prokaryote,OrganismalFitness,biophysical_ridge,10,0.3375083961366217,0.3076690288753339,0.029839367261287796,0.7979838709677419,0.7849072417216644,0.013076629246077508,0.9470308689797058,0.969394237183715,-0.022363368204009283
CD19_HUMAN_Klesmith_2019_FMC_singles,CD19_HUMAN,Human,Binding,biophysical_ridge,10,0.1850213604997079,0.15563897198179386,0.029382388517914044,0.8103585657370518,0.8146990441271875,-0.004340478390135604,0.9897585135790328,0.962884855502758,0.0268736580762746
FECA_ECOLI_Tsuboyama_2023_2D1U,FECA_ECOLI,Prokaryote,Stability,biophysical_ridge,10,0.5477869885051774,0.5188199938261148,0.02896699467906257,0.8278688524590164,0.7859536106806397,0.04191524177837672,0.8377045700632605,0.9088086980344079,-0.07110412797114732
ADRB2_HUMAN_Jones_2020,ADRB2_HUMAN,Human,Activity,biophysical_ridge,10,0.30263544272052656,0.27385852020258417,0.02877692251794242,0.8031410256410256,0.7916401591800891,0.011500866460936477,0.9651046016696725,0.9645476753228607,0.0005569263468118812
CALM1_HUMAN_Weile_2017,CALM1_HUMAN,Human,OrganismalFitness,biophysical_ridge,10,0.19522090832202238,0.16647874686787284,0.02874216145414952,0.7961432506887053,0.7862527555702565,0.009890495118448661,0.9894726954757228,0.9884741548562308,0.000998540619491961
A0A2Z5U3Z0_9INFA_Doud_2016,A0A2Z5U3Z0_9INFA,Virus,OrganismalFitness,biophysical_ridge,10,0.3362234074649633,0.3086130504330845,0.027610357031878786,0.8093793747083528,0.7869650579863708,0.02241431672198193,0.9332166500867818,0.9706472543395707,-0.03743060425278886
BLAT_ECOLX_Deng_2012,BLAT_ECOLX,Prokaryote,OrganismalFitness,biophysical_ridge,10,0.25787242360008295,0.23044614704015295,0.027426276559929984,0.8014000000000001,0.8043510535594773,-0.002951053559477268,0.9686182811104314,0.9606847565038139,0.007933524606617415
SPIKE_SARS2_Starr_2020_binding,SPIKE_SARS2,Virus,Binding,biophysical_ridge,10,0.2738616706969156,0.24751633259616485,0.026345338100750775,0.8024967148488831,0.781388245494136,0.021108469354747104,0.9338804520318312,0.9796101706263004,-0.0457297185944691
CP2C9_HUMAN_Amorosi_2021_activity,CP2C9_HUMAN,Human,Binding,biophysical_ridge,10,0.35539809426525043,0.32924328645859147,0.026154807806658964,0.8091131000813669,0.7807433965304265,0.028369703550940505,0.9310069973184465,0.9623918039692685,-0.03138480665082201
Q53Z42_HUMAN_McShan_2019_binding-TAPBPR,Q53Z42_HUMAN,Human,Binding,biophysical_ridge,10,0.345380119824496,0.32037577092019287,0.025004348904303114,0.7835575485799702,0.7764757477257522,0.007081800854217846,0.9434153799444911,0.9551632807858516,-0.011747900841360548
ANCSZ_Hobbs_2022,ANCSZ,Eukaryote,Activity,biophysical_ridge,10,0.3161489094500917,0.29116623193423735,0.024982677515854368,0.7936830835117773,0.7942182308428645,-0.0005351473310872378,0.945788917793385,0.9305465782278628,0.01524233956552239
MLAC_ECOLI_MacRae_2023,MLAC_ECOLI,Prokaryote,OrganismalFitness,biophysical_ridge,10,0.23868954578912022,0.21441990788596127,0.024269637903158996,0.7956359102244389,0.7932330827067668,0.0024028275176719684,0.9566454542708971,0.9538626737512882,0.0027827805196090185
TAT_HV1BR_Fernandes_2016,TAT_HV1BR,Virus,OrganismalFitness,biophysical_ridge,10,0.39135365266978894,0.3675193240276024,0.02383432864218655,0.7977848101265823,0.7656346749226006,0.032150135203981654,0.9500663813052738,0.9475964144270558,0.002469966878218066
Q53Z42_HUMAN_McShan_2019_expression,Q53Z42_HUMAN,Human,Expression,biophysical_ridge,10,0.25031361299391586,0.22702569100234898,0.023287921991566884,0.7920777279521675,0.8007174513858984,-0.008639723433731084,0.969453060385178,0.9763651767162213,-0.006912116331043194
CATR_CHLRE_Tsuboyama_2023_2AMI,CATR_CHLRE,Eukaryote,Stability,biophysical_ridge,10,0.49434505348035307,0.47222857951197456,0.022116473968378503,0.8212686567164178,0.7756389033522646,0.045629753364153244,0.7784659811528604,0.8210126878831667,-0.04254670673030627
PA_I34A1_Wu_2015,PA_I34A1,Virus,OrganismalFitness,biophysical_ridge,10,0.30703757015089517,0.2861531260990773,0.02088444405181787,0.8054945054945055,0.8117961607829318,-0.006301655288426455,0.9581486948691393,0.9572063523242115,0.0009423425449277989
SCIN_STAAR_Tsuboyama_2023_2QFF,SCIN_STAAR,Prokaryote,Stability,biophysical_ridge,10,0.502165302637235,0.48223732770173555,0.019927974935499464,0.8057613168724279,0.7714786479924555,0.0342826688799725,0.834520102611107,0.9053875288186821,-0.07086742620757507
PTEN_HUMAN_Matreyek_2021,PTEN_HUMAN,Human,Expression,biophysical_ridge,10,0.2810859211851405,0.2616668665870455,0.01941905459809493,0.7924287118977384,0.7785246003604192,0.013904111537319352,0.9599069165503942,0.9733416409385354,-0.01343472438814125
VG08_BPP22_Tsuboyama_2023_2GP8,VG08_BPP22,Virus,Stability,biophysical_ridge,10,0.43698157770429846,0.41771936205433946,0.019262215649959065,0.8234482758620689,0.7808959899058496,0.04255228595621926,0.8544770107336817,0.9059977280591822,-0.051520717325500634
PAI1_HUMAN_Huttinger_2021,PAI1_HUMAN,Human,Activity,biophysical_ridge,10,0.25680342545384544,0.23769307424932137,0.019110351204524027,0.8028999064546305,0.8011442325443923,0.0017556739102382757,0.9571397167852084,0.9427513398131955,0.014388376972012683
SRBS1_HUMAN_Tsuboyama_2023_2O2W,SRBS1_HUMAN,Human,Stability,biophysical_ridge,10,0.37386900968619796,0.3552204496352326,0.01864856005096534,0.7934156378600823,0.7701231223208673,0.023292515539214954,0.8965549828319469,0.9421848137552764,-0.0456298309233296
KCNE1_HUMAN_Muhammad_2023_expression,KCNE1_HUMAN,Human,Expression,biophysical_ridge,10,0.20468111474535458,0.18641775135557637,0.01826336338977819,0.8042735042735043,0.8156356149317018,-0.011362110658197543,0.9968985132580992,0.9247447691828128,0.07215374407528638
POLG_DEN26_Suphatrakul_2023,POLG_DEN26,Virus,OrganismalFitness,biophysical_ridge,10,0.39403988352559094,0.3767365756114972,0.017303307914093725,0.8016272189349113,0.800738461573656,0.0008887573612551547,0.9195410319988564,0.9256352359667213,-0.006094203967864764
D7PM05_CLYGR_Somermeyer_2022,D7PM05_CLYGR,Eukaryote,Activity,biophysical_ridge,10,0.32825742897126986,0.3112252561130616,0.017032172858208235,0.808974358974359,0.7821197700698075,0.026854588904551457,0.9361992675610488,0.9349697818694416,0.0012294856916071795
CP2C9_HUMAN_Amorosi_2021_abundance,CP2C9_HUMAN,Human,Expression,biophysical_ridge,10,0.37002531084341406,0.35411169693640476,0.01591361390700936,0.8029827315541601,0.7974029804485833,0.0055797511055769465,0.921489584237311,0.9215700765453704,-8.049230805926567e-05
R1AB_SARS2_Flynn_2022,R1AB_SARS2,Virus,OrganismalFitness,biophysical_ridge,10,0.31798580965891604,0.3023384780455972,0.01564733161331882,0.7939737991266376,0.7931203819562749,0.0008534171703627247,0.9470657545208339,0.9586707503214893,-0.011604995800655337
SPG2_STRSG_Tsuboyama_2023_5UBS,SPG2_STRSG,Prokaryote,Stability,biophysical_ridge,10,0.5469946154083745,0.5318682530459852,0.015126362362389229,0.7990291262135922,0.796852594754252,0.0021765314593402696,0.8265243731766672,0.8468539832056011,-0.020329610028933864
ENV_HV1BR_Haddox_2016,ENV_HV1BR,Virus,OrganismalFitness,biophysical_ridge,10,0.28267832176144897,0.2685113272357124,0.014166994525736592,0.8065682083171396,0.8004678362573099,0.006100372059829595,0.9697966775978955,0.9799309858502949,-0.010134308252399549
RL40A_YEAST_Roscoe_2014,RL40A_YEAST,Eukaryote,Activity,biophysical_ridge,10,0.46191053209857164,0.4482013861306113,0.013709145967960423,0.8014492753623188,0.7727911340702955,0.028658141292023265,0.8906470891406402,0.9150633327485016,-0.024416243607861342
OXDA_RHOTO_Vanella_2023_activity,OXDA_RHOTO,Eukaryote,Activity,biophysical_ridge,10,0.2533553012173552,0.2400580772761415,0.01329722394121371,0.79734375,0.7922405741271645,0.005103175872835442,0.9864983409412285,0.9631367197103036,0.02336162123092498
P53_HUMAN_Giacomelli_2018_WT_Nutlin,P53_HUMAN,Human,OrganismalFitness,biophysical_ridge,10,0.20031855036115345,0.1870885904253118,0.013229959935841648,0.7951807228915663,0.7956695536309127,-0.0004888307393464686,0.9756295341104992,0.9814876365460601,-0.00585810243556073
DLG4_RAT_McLaughlin_2012,DLG4_RAT,Eukaryote,Binding,biophysical_ridge,10,0.26300822246994265,0.2505479300979214,0.012460292372021217,0.8284810126582279,0.7746370401707594,0.05384397248746846,0.8797204110314384,1.094714711873881,-0.2149943008424426
RDRP_I33A0_Li_2023,RDRP_I33A0,Virus,OrganismalFitness,biophysical_ridge,10,0.3511345585962777,0.33910593055108995,0.012028628045187733,0.8,0.7945200232597456,0.005479976740254422,0.9288745897118516,0.9428168587620341,-0.013942269050182754
MET_HUMAN_Estevam_2023,MET_HUMAN,Human,Activity,biophysical_ridge,10,0.2999629209956233,0.28837226392528537,0.011590657070337865,0.7994439295644116,0.8040505007425447,-0.004606571178133167,0.9449893784449092,0.9362767151996658,0.008712663245243479
Q2N0S5_9HIV1_Haddox_2018,Q2N0S5_9HIV1,Virus,OrganismalFitness,biophysical_ridge,10,0.3807478047523377,0.36951372076245087,0.01123408398988684,0.8002356637863315,0.8047290175119646,-0.004493353725633031,0.9164733309582596,0.9068705342868059,0.009602796671453672
TPMT_HUMAN_Matreyek_2018,TPMT_HUMAN,Human,Expression,biophysical_ridge,10,0.33204614501085,0.3212637110318576,0.010782433978992484,0.7968493150684932,0.8045174796390004,-0.007668164570507241,0.927432733676118,0.9379942428662085,-0.010561509190090556
CSN4_MOUSE_Tsuboyama_2023_1UFM,CSN4_MOUSE,Eukaryote,Stability,biophysical_ridge,10,0.5202813954610134,0.5097125814814465,0.010568813979566893,0.792619926199262,0.7971798547194135,-0.00455992852015148,0.8092836603759119,0.8094824222234662,-0.00019876184755419636
REV_HV1H2_Fernandes_2016,REV_HV1H2,Virus,OrganismalFitness,biophysical_ridge,10,0.351039351842244,0.3406672032045627,0.0103721486376813,0.8046511627906977,0.8029748283752861,0.001676334415411651,0.918241450963297,0.9275975773383216,-0.009356126375024542
DN7A_SACS2_Tsuboyama_2023_1JIC,DN7A_SACS2,Prokaryote,Stability,biophysical_ridge,10,0.5823848129978794,0.5725834444671124,0.009801368530767013,0.8267326732673267,0.7735166267028379,0.05321604656448882,0.7551683716687408,0.8272881860966379,-0.072119814427897
I6TAH8_I68A0_Doud_2015,I6TAH8_I68A0,Virus,OrganismalFitness,biophysical_ridge,10,0.3258522711683354,0.31657394971431757,0.009278321454017802,0.795932382461701,0.7882105263157895,0.007721856145911532,0.952482599557127,0.9848123751009643,-0.03232977554383728
BLAT_ECOLX_Jacquier_2013,BLAT_ECOLX,Prokaryote,OrganismalFitness,biophysical_ridge,10,0.4376554067682464,0.4286639846710562,0.008991422097190217,0.7878787878787878,0.8339641954885542,-0.04608540760976633,0.9122037221658447,0.8714796461679455,0.04072407599789927
HSP82_YEAST_Flynn_2019,HSP82_YEAST,Eukaryote,OrganismalFitness,biophysical_ridge,10,0.2900161159791726,0.28108370634221774,0.008932409636954847,0.8001128243700639,0.8068770272911798,-0.006764202921116014,0.9375564694300277,0.9418355017925005,-0.0042790323624729235
SHOC2_HUMAN_Kwon_2022,SHOC2_HUMAN,Human,OrganismalFitness,biophysical_ridge,10,0.24462298000393487,0.23658956411547827,0.00803341588845664,0.8015034168564921,0.7972494100755716,0.0042540067809204605,0.959083530403898,0.9684475445053822,-0.009364014101484153
SPIKE_SARS2_Starr_2020_expression,SPIKE_SARS2,Virus,Expression,biophysical_ridge,10,0.2773600912966262,0.2695702105622949,0.007789880734331292,0.8115789473684212,0.7862934094408021,0.025285537927618916,0.9500740889997136,0.9598926828231473,-0.009818593823433763
HMDH_HUMAN_Jiang_2019,HMDH_HUMAN,Human,OrganismalFitness,biophysical_ridge,10,0.550082708181007,0.5429524597033282,0.007130248477678758,0.8040344111539601,0.7980077311923878,0.00602667996157249,0.8400265122332067,0.8445054787149162,-0.004478966481709534
PRKN_HUMAN_Clausen_2023,PRKN_HUMAN,Human,Expression,biophysical_ridge,10,0.30143958582666264,0.29499004085971076,0.006449544966951898,0.7978310502283106,0.809736105692968,-0.011905055464657487,0.9194293213376685,0.9053235222312592,0.014105799106409333
LGK_LIPST_Klesmith_2015,LGK_LIPST,Eukaryote,Activity,biophysical_ridge,10,0.3869075387611616,0.3822188823791487,0.004688656382012835,0.8044359949302915,0.8053864799481374,-0.0009504850178459256,0.9102194219553461,0.9164838832402546,-0.006264461284908695
CBS_HUMAN_Sun_2020,CBS_HUMAN,Human,OrganismalFitness,biophysical_ridge,10,0.24883469610391212,0.24423861841207528,0.004596077691836833,0.799376731301939,0.8036839334089688,-0.00430720210702974,0.9660587088109048,0.9817620233030592,-0.01570331449215434
A0A1I9GEU1_NEIME_Kennouche_2019,A0A1I9GEU1_NEIME,Prokaryote,Activity,biophysical_ridge,10,0.033525445945547114,0.028999270384420506,0.004526175561126611,0.7918918918918919,0.8030646805003443,-0.0111727886084523,1.024981373033436,1.0295009374629416,-0.004519564429505696
A0A140D2T1_ZIKV_Sourisseau_2019,A0A140D2T1_ZIKV,Virus,OrganismalFitness,biophysical_ridge,10,0.33338027802210723,0.3289964940219668,0.004383784000140434,0.8033402922755741,0.7895257946847316,0.013814497590842478,1.0108764556473813,1.1294047164757206,-0.11852826082833938
ARGR_ECOLI_Tsuboyama_2023_1AOY,ARGR_ECOLI,Prokaryote,Stability,biophysical_ridge,10,0.4470006907252405,0.4427903109970247,0.004210379728215819,0.796124031007752,0.8108561165193592,-0.014732085511607262,0.8119647496032469,0.8217971577663551,-0.009832408163108219
NCAP_I34A1_Doud_2015,NCAP_I34A1,Virus,OrganismalFitness,biophysical_ridge,10,0.346556262781318,0.3427211098367267,0.003835152944591308,0.7954041204437401,0.8008421052631579,-0.005437984819417774,0.9378271006883679,0.9488630406870711,-0.011035939998703148
P53_HUMAN_Giacomelli_2018_Null_Etoposide,P53_HUMAN,Human,OrganismalFitness,biophysical_ridge,10,0.28421570810140906,0.28060574804350735,0.003609960057901709,0.7927710843373494,0.8041305796135909,-0.011359495276241527,0.9514081065922388,0.9366070827769537,0.014801023815285152
NPC1_HUMAN_Erwood_2022_HEK293T,NPC1_HUMAN,Human,Activity,biophysical_ridge,10,0.41258640816700237,0.4093066311414149,0.0032797770255874603,0.78828125,0.790458954516901,-0.002177704516900991,0.9339420246854747,0.9229373472440539,0.011004677441420762
CCR5_HUMAN_Gill_2023,CCR5_HUMAN,Human,Binding,biophysical_ridge,10,0.19005847076857546,0.1872065630717935,0.002851907696781955,0.7919381107491856,0.7948178137651822,-0.002879703015996482,0.9769808409794096,0.9799318350919639,-0.002950994112554317
MAFG_MOUSE_Tsuboyama_2023_1K1V,MAFG_MOUSE,Eukaryote,Stability,biophysical_ridge,10,0.4765912106469382,0.4740675448791764,0.002523665767761768,0.8084967320261438,0.7490344718359891,0.0594622601901547,0.8299708322604367,0.9383767994794671,-0.10840596721903044
RS15_GEOSE_Tsuboyama_2023_1A32,RS15_GEOSE,Prokaryote,Stability,biophysical_ridge,10,0.6014201329067191,0.5992339604338917,0.0021861724728274136,0.8213389121338912,0.7731526282874165,0.048186283846474734,0.7527322316080298,0.8097946745006043,-0.05706244289257447
HXK4_HUMAN_Gersing_2023_abundance,HXK4_HUMAN,Human,Expression,biophysical_ridge,10,0.30791104279930454,0.3058731541532873,0.0020378886460172387,0.7975595238095238,0.7940769883336407,0.0034825354758830974,0.9362204324165733,0.9503534036241525,-0.014132971207579137
CASP7_HUMAN_Roychowdhury_2020,CASP7_HUMAN,Human,Activity,biophysical_ridge,10,0.2862176927992509,0.2842451630969199,0.001972529702331019,0.8136904761904761,0.7931537191073683,0.020536757083107794,0.9282091824086727,0.9783523985036731,-0.050143216095000234
BLAT_ECOLX_Stiffler_2015,BLAT_ECOLX,Prokaryote,OrganismalFitness,biophysical_ridge,10,0.38885215925215927,0.3871147179192595,0.0017374413328997418,0.7977000000000001,0.8121916959020454,-0.01449169590204552,0.9206700152278493,0.9041535454107198,0.016516469817129696
RCD1_ARATH_Tsuboyama_2023_5OAO,RCD1_ARATH,Eukaryote,Stability,biophysical_ridge,10,0.5238315867910541,0.5226392590495059,0.0011923277415482381,0.8176767676767677,0.7986478657082748,0.01902890196849285,0.8529048771240305,0.8728387356657406,-0.019933858541710113
TADBP_HUMAN_Bolognesi_2019,TADBP_HUMAN,Human,OrganismalFitness,biophysical_ridge,10,0.6559147728259169,0.6548704019434454,0.001044370882471546,0.79375,0.7808110643790942,0.012938935620905779,0.7646958355899455,0.7808513291656028,-0.016155493575657452
Q6WV12_9MAXI_Somermeyer_2022,Q6WV12_9MAXI,Eukaryote,Activity,biophysical_ridge,10,0.2728508189022015,0.2721458280651191,0.0007049908370823643,0.7995633187772926,0.7687261413315596,0.030837177445732923,0.9551903089043297,1.0528722009166143,-0.0976818920122845
SYUA_HUMAN_Newberry_2020,SYUA_HUMAN,Human,OrganismalFitness,biophysical_ridge,10,0.46603124332497325,0.46585021457484377,0.00018102875012946385,0.8024000000000001,0.8192236375750941,-0.016823637575094065,0.801301512560088,0.8069187439317951,-0.005617231371707032
RASH_HUMAN_Bandaru_2017,RASH_HUMAN,Human,Activity,biophysical_ridge,10,0.42376876849538225,0.4246189716243728,-0.0008502031289905232,0.8098883572567782,0.7982214103367626,0.011666946920015686,0.8880539026958101,0.9195080628229423,-0.03145416012713227
Q59976_STRSQ_Romero_2015,Q59976_STRSQ,Prokaryote,Activity,biophysical_ridge,10,0.3295658022232069,0.330506017527548,-0.0009402153043410633,0.8056666666666666,0.8069547532467037,-0.0012880865800370734,0.920357329186748,0.9334985753626676,-0.013141246175919597
S22A1_HUMAN_Yee_2023_activity,S22A1_HUMAN,Human,Activity,biophysical_ridge,10,0.30176109248298416,0.3028234510338071,-0.0010623585508228923,0.8013868251609708,0.7943071850862016,0.0070796400747691664,0.9429303984408399,0.9521419836638764,-0.009211585223036367
TPK1_HUMAN_Weile_2017,TPK1_HUMAN,Human,OrganismalFitness,biophysical_ridge,10,0.22118021183593695,0.2224999988756052,-0.001319787039668238,0.8100470957613816,0.8073151960617153,0.002731899699666218,0.9855950596787286,0.9576692477151274,0.027925811963601145
RNC_ECOLI_Weeks_2023,RNC_ECOLI,Prokaryote,Activity,biophysical_ridge,10,0.4084438503318351,0.40987839686498295,-0.0014345465331477903,0.8005841121495327,0.7820795796916629,0.018504532457869816,0.8912070106897987,0.9314267328605336,-0.04021972217073473
RFAH_ECOLI_Tsuboyama_2023_2LCL,RFAH_ECOLI,Prokaryote,Stability,biophysical_ridge,10,0.46778500491015845,0.4696586214038092,-0.0018736164936507677,0.7896907216494846,0.8131883854560735,-0.02349766380658901,0.9128310762677792,0.833067056409907,0.07976401985787218
RASK_HUMAN_Weng_2022_binding-DARPin_K55,RASK_HUMAN,Human,Binding,biophysical_ridge,10,0.41942433186394723,0.4213686995798181,-0.0019443677158707984,0.8124797406807132,0.7836228911719899,0.028856849508723227,0.8926915147257615,0.9370206054277663,-0.044329090702004734
SC6A4_HUMAN_Young_2021,SC6A4_HUMAN,Human,Activity,biophysical_ridge,10,0.2918165316368556,0.29470164211636785,-0.0028851104795122122,0.8025043177892919,0.798967799820817,0.003536517968474917,0.9558948135571134,0.9667836065811326,-0.01088879302401916
C6KNH7_9INFA_Lee_2018,C6KNH7_9INFA,Virus,OrganismalFitness,biophysical_ridge,10,0.28185705993545096,0.284814165519485,-0.002957105584034081,0.7990237099023709,0.7986958546809502,0.00032785522142083636,0.9617337199018566,0.9618979355279068,-0.00016421562605023476
MSH2_HUMAN_Jia_2020,MSH2_HUMAN,Human,OrganismalFitness,biophysical_ridge,10,0.2678870390704525,0.27180572147211873,-0.003918682401666184,0.7965373134328357,0.803228996088485,-0.0066916826556491895,0.941029384885687,0.9489753622325818,-0.007945977346894607
MTHR_HUMAN_Weile_2021,MTHR_HUMAN,Human,OrganismalFitness,biophysical_ridge,10,0.4147827646524534,0.41875595812133265,-0.0039731934688793154,0.7968712394705174,0.7974286862193651,-0.0005574467488477675,0.9099517011896087,0.9182839228753317,-0.008332221685722906
P53_HUMAN_Giacomelli_2018_Null_Nutlin,P53_HUMAN,Human,OrganismalFitness,biophysical_ridge,10,0.3076502861405412,0.31167762788561576,-0.004027341745074539,0.7973895582329317,0.7954030646235843,0.0019864936093474395,0.9648020807640464,0.9419488486988892,0.02285323206515738
POLG_CXB3N_Mattenberger_2021,POLG_CXB3N,Virus,OrganismalFitness,biophysical_ridge,10,0.27650441572634354,0.28059750563021746,-0.004093089903873864,0.7975182946229717,0.8028305121108129,-0.005312217487841264,0.9749546414804742,0.9810523806668406,-0.006097739186366413
S22A1_HUMAN_Yee_2023_abundance,S22A1_HUMAN,Human,Expression,biophysical_ridge,10,0.3509955019720345,0.3551349921568946,-0.004139490184860106,0.798470168281489,0.7934609045206478,0.005009263760841232,0.9318131777235985,0.9447483555867369,-0.01293517786313827
BLAT_ECOLX_Firnberg_2014,BLAT_ECOLX,Prokaryote,OrganismalFitness,biophysical_ridge,10,0.3961127605039018,0.4008230949107162,-0.004710334406814315,0.7949843260188088,0.8149053076514283,-0.019920981632619517,0.935847203516641,0.9134029443905485,0.022444259126092492
SRC_HUMAN_Nguyen_2022,SRC_HUMAN,Human,OrganismalFitness,biophysical_ridge,10,0.2658819317375144,0.2706045510895975,-0.004722619352083143,0.7896142433234421,0.8126015819010164,-0.022987338577574214,0.9629817632407898,0.9230276672225957,0.03995409601819407
A0A2Z5U3Z0_9INFA_Wu_2014,A0A2Z5U3Z0_9INFA,Virus,OrganismalFitness,biophysical_ridge,10,0.2812317792144769,0.2862791668845345,-0.00504738767005761,0.8038297872340425,0.8092086072486175,-0.005378820014574959,0.9754234873931595,1.0963718716266793,-0.12094838423351968
MK01_HUMAN_Brenan_2016,MK01_HUMAN,Human,OrganismalFitness,biophysical_ridge,10,0.12890728887505679,0.1340926191029633,-0.005185330227906536,0.8101321585903083,0.7973380283750189,0.0127941302152895,0.990522707143659,0.9928368250816652,-0.002314117938006177
HEM3_HUMAN_Loggerenberg_2023,HEM3_HUMAN,Human,Activity,biophysical_ridge,10,0.28336723155708726,0.2889597086912675,-0.005592477134180246,0.7944639718804921,0.8009751119861235,-0.006511140105631341,0.9691195741495484,0.9720851121726032,-0.0029655380230547922
PSAE_PICP2_Tsuboyama_2023_1PSE,PSAE_PICP2,Prokaryote,Stability,biophysical_ridge,10,0.3220271861021275,0.32822921729905824,-0.006202031196930691,0.796311475409836,0.7960023861018748,0.0003090893079612411,0.9215933937401715,0.9271148209249318,-0.005521427184760374
CBPA2_HUMAN_Tsuboyama_2023_1O6X,CBPA2_HUMAN,Human,Stability,biophysical_ridge,10,0.4896783323036849,0.49591201806505614,-0.006233685761371244,0.8047794117647058,0.8056053708944955,-0.0008259591297895442,0.828429807392521,0.8649746530610484,-0.03654484566852726
SPA_STAAU_Tsuboyama_2023_1LP1,SPA_STAAU,Prokaryote,Stability,biophysical_ridge,10,0.5073623242523622,0.5142015632213331,-0.006839238968970851,0.772463768115942,0.8021293465369073,-0.0296655784209653,0.8353624512813698,0.8471440173416415,-0.011781566060271753
SRC_HUMAN_Ahler_2019,SRC_HUMAN,Human,Activity,biophysical_ridge,10,0.2929901575763251,0.3001829249806511,-0.00719276740432595,0.7951111111111111,0.8212516188675908,-0.026140507756479626,0.9517837487846114,0.909307182632789,0.04247656615182235
AMIE_PSEAE_Wrenbeck_2017,AMIE_PSEAE,Prokaryote,Activity,biophysical_ridge,10,0.4328727797437183,0.44041797584790227,-0.007545196104183966,0.8006420545746389,0.8094443755469376,-0.008802320972298683,0.9208254766945636,0.9062025439678563,0.014622932726707394
A4D664_9INFA_Soh_2019,A4D664_9INFA,Virus,OrganismalFitness,biophysical_ridge,10,0.3656634508933814,0.37441373670462746,-0.008750285811246022,0.8029462738301559,0.7977839335180056,0.005162340312150427,0.9065279794310988,0.8859293981042123,0.02059858132688632
HXK4_HUMAN_Gersing_2022_activity,HXK4_HUMAN,Human,OrganismalFitness,biophysical_ridge,10,0.29867511771399097,0.312555445260879,-0.013880327546887988,0.8019253208868145,0.8043228701396977,-0.002397549252883191,0.9675551111624596,0.9519157198421094,0.015639391320350204
IF1_ECOLI_Kelsic_2016,IF1_ECOLI,Prokaryote,OrganismalFitness,biophysical_ridge,10,0.3405081867938959,0.354781453481789,-0.014273266687893155,0.7974452554744526,0.79721662647184,0.00022862900261256814,0.9033856349742283,0.8936482980576012,0.009737336916627292
UBE4B_HUMAN_Tsuboyama_2023_3L1X,UBE4B_HUMAN,Human,Stability,biophysical_ridge,10,0.3523008755071536,0.368175683212622,-0.015874807705468397,0.8174107142857142,0.7887737659564128,0.02863694832930145,0.9271833393784741,0.9384544514446128,-0.011271112066138811
OTC_HUMAN_Lo_2023,OTC_HUMAN,Human,Activity,biophysical_ridge,10,0.4623642562539169,0.4785243235821521,-0.01616006732823519,0.7939490445859873,0.8024650065311298,-0.00851596194514268,0.9015184921741198,0.9010620419224639,0.0004564502516560265
GFP_AEQVI_Sarkisyan_2016,GFP_AEQVI,Eukaryote,Activity,biophysical_ridge,10,0.28904273359733557,0.3052325166363306,-0.01618978303899503,0.7912442396313364,0.8101983566468434,-0.018954117015506877,0.9042518096007738,0.8776732586499361,0.02657855095083781
CAS9_STRP1_Spencer_2017_positive,CAS9_STRP1,Prokaryote,Activity,biophysical_ridge,10,0.11839979786667713,0.1347975826843194,-0.016397784817642275,0.8036330049261083,0.7890779601296772,0.014555044796431127,1.0048520511333636,1.0202013877815852,-0.015349336648221634
VRPI_BPT7_Tsuboyama_2023_2WNM,VRPI_BPT7,Virus,Stability,biophysical_ridge,10,0.5378767902090427,0.5554507222241865,-0.017573932015143817,0.8152380952380952,0.8095631160019897,0.005674979236105593,0.8184792905940335,0.8363621543624047,-0.017882863768371372
VKOR1_HUMAN_Chiasson_2020_activity,VKOR1_HUMAN,Human,Activity,biophysical_ridge,10,0.24654449200142894,0.26449638483670895,-0.01795189283528003,0.7607142857142858,0.8195523901198086,-0.058838104405522985,1.037977929242101,0.9499526395668125,0.08802528967528842
FKBP3_HUMAN_Tsuboyama_2023_2KFV,FKBP3_HUMAN,Human,Stability,biophysical_ridge,10,0.3610191320328984,0.3809309434962917,-0.019911811463393263,0.8133064516129032,0.7744253717786478,0.03888107983425541,0.8694574983473553,0.9716664609773593,-0.10220896263000392
SERC_HUMAN_Xie_2023,SERC_HUMAN,Human,OrganismalFitness,biophysical_ridge,10,0.30486147184667756,0.32757061336523147,-0.022709141518553903,0.8002610966057441,0.79364650106425,0.006614595541494061,0.9408231334823629,0.9291666889604275,0.011656444521935283
A4_HUMAN_Seuma_2022,A4_HUMAN,Human,Stability,biophysical_ridge,10,0.5472395406070549,0.5703567274243262,-0.02311718681727131,0.8074999999999999,0.7597377134890205,0.04776228651097945,0.8196082267941165,0.8850594581220248,-0.06545123132790834
ISDH_STAAW_Tsuboyama_2023_2LHR,ISDH_STAAW,Prokaryote,Stability,biophysical_ridge,10,0.3672147904938893,0.3960755005257389,-0.028860710031849618,0.823936170212766,0.8093413170514581,0.014594853161307975,0.9051943172314415,0.8939325447707274,0.011261772460714104
A0A140D2T1_ZIKV_Sourisseau_2019,A0A140D2T1_ZIKV,Virus,OrganismalFitness,mean,10,0.0,0.0,0.0,0.7971816283924843,0.7900468994267847,0.007134728965699555,1.0260017595062831,1.146471179045328,-0.12046941953904473
A0A192B1T2_9HIV1_Haddox_2018,A0A192B1T2_9HIV1,Virus,OrganismalFitness,mean,10,0.0,0.0,0.0,0.7958664546899842,0.8120913913132544,-0.0162249366232702,1.0018772636947948,0.9773733709499244,0.024503892744870415
A0A1I9GEU1_NEIME_Kennouche_2019,A0A1I9GEU1_NEIME,Prokaryote,Activity,mean,10,0.0,0.0,0.0,0.7967567567567568,0.8085661734506759,-0.011809416693919217,1.0180786933071464,1.0167124160853076,0.001366277221838641
A0A247D711_LISMN_Stadelmann_2021,A0A247D711_LISMN,Prokaryote,Activity,mean,10,0.0,0.0,0.0,0.812084592145015,0.8086687306501549,0.003415861494860306,1.0128949356297696,1.0124449353017106,0.00045000032805908585
A0A2Z5U3Z0_9INFA_Doud_2016,A0A2Z5U3Z0_9INFA,Virus,OrganismalFitness,mean,10,0.0,0.0,0.0,0.805459636024265,0.7903670610848228,0.015092574939442193,0.9899027175864228,1.0176932746986487,-0.02779055711222599
A0A2Z5U3Z0_9INFA_Wu_2014,A0A2Z5U3Z0_9INFA,Virus,OrganismalFitness,mean,10,0.0,0.0,0.0,0.8070212765957446,0.8093059897934431,-0.002284713197698385,0.9791553120274479,1.1024799906172995,-0.12332467858985163
A4D664_9INFA_Soh_2019,A4D664_9INFA,Virus,OrganismalFitness,mean,10,0.0,0.0,0.0,0.8030849220103986,0.7954639889196675,0.007620933090731008,0.943938646131952,0.9269355905318803,0.01700305560007166
A4GRB6_PSEAI_Chen_2020,A4GRB6_PSEAI,Prokaryote,OrganismalFitness,mean,10,0.0,0.0,0.0,0.8064935064935066,0.7857657265541946,0.02072777993931183,0.9945678506919183,1.0102179056682707,-0.015650054976352534
A4_HUMAN_Seuma_2022,A4_HUMAN,Human,Stability,mean,10,0.0,0.0,0.0,0.784375,0.7432729173928199,0.0411020826071802,0.9889824085178262,1.0862028512316635,-0.09722044271383723
AACC1_PSEAI_Dandage_2018,AACC1_PSEAI,Prokaryote,OrganismalFitness,mean,10,0.0,0.0,0.0,0.8044321329639889,0.8006125151783001,0.0038196177856887116,1.0184713943350168,1.0011193266224248,0.01735206771259188
ACE2_HUMAN_Chan_2020,ACE2_HUMAN,Human,Binding,mean,10,0.0,0.0,0.0,0.7943820224719101,0.7862700228832952,0.008111999588614938,0.9988370865753688,1.0037840268355043,-0.004946940260135346
ADRB2_HUMAN_Jones_2020,ADRB2_HUMAN,Human,Activity,mean,10,0.0,0.0,0.0,0.7973076923076923,0.7946094010232325,0.0026982912844598526,1.0034645611431434,0.9947682362266491,0.008696324916494358
AMFR_HUMAN_Tsuboyama_2023_4G3O,AMFR_HUMAN,Human,Stability,mean,10,0.0,0.0,0.0,0.8048780487804879,0.7393851374037106,0.06549291137677725,0.9896457593091398,1.1078042643748691,-0.11815850506572945
AMIE_PSEAE_Wrenbeck_2017,AMIE_PSEAE,Prokaryote,Activity,mean,10,0.0,0.0,0.0,0.797191011235955,0.809682134335449,-0.012491123099494027,1.007041601405915,0.9893024279575775,0.017739173448337343
ANCSZ_Hobbs_2022,ANCSZ,Eukaryote,Activity,mean,10,0.0,0.0,0.0,0.7953961456102784,0.7931769301795779,0.002219215430700405,1.0050139633913617,0.982839395728686,0.022174567662675847
ARGR_ECOLI_Tsuboyama_2023_1AOY,ARGR_ECOLI,Prokaryote,Stability,mean,10,0.0,0.0,0.0,0.801937984496124,0.7890536187206736,0.012884365775450402,0.9983194325322765,0.9978627319336659,0.00045670059861050436
BBC1_YEAST_Tsuboyama_2023_1TG0,BBC1_YEAST,Eukaryote,Stability,mean,10,0.0,0.0,0.0,0.7870967741935484,0.8118463430133025,-0.024749568819754087,1.019298436780787,1.03455319470538,-0.015254757924593387
BCHB_CHLTE_Tsuboyama_2023_2KRU,BCHB_CHLTE,Prokaryote,Stability,mean,10,0.0,0.0,0.0,0.7820224719101124,0.8481851435915895,-0.06616267168147713,1.0242200370052528,0.9243011241047518,0.09991891290050106
BLAT_ECOLX_Deng_2012,BLAT_ECOLX,Prokaryote,OrganismalFitness,mean,10,0.0,0.0,0.0,0.8045,0.8097162802726837,-0.005216280272683638,1.0024646576206444,0.9868990667683821,0.01556559085226238
BLAT_ECOLX_Firnberg_2014,BLAT_ECOLX,Prokaryote,OrganismalFitness,mean,10,0.0,0.0,0.0,0.8063740856844305,0.8106987903669752,-0.004324704682544677,1.005969453568418,0.9863222118964019,0.019647241672015925
BLAT_ECOLX_Jacquier_2013,BLAT_ECOLX,Prokaryote,OrganismalFitness,mean,10,0.0,0.0,0.0,0.7994949494949495,0.845484033438032,-0.04598908394308252,1.03010521246736,0.9843510884071357,0.04575412406022442
BLAT_ECOLX_Stiffler_2015,BLAT_ECOLX,Prokaryote,OrganismalFitness,mean,10,0.0,0.0,0.0,0.8003,0.8210385156785207,-0.020738515678520718,1.0036274861673067,0.9873822870544133,0.016245199112893415
BRCA1_HUMAN_Findlay_2018,BRCA1_HUMAN,Human,OrganismalFitness,mean,10,0.0,0.0,0.0,0.7853260869565217,0.7861630684062907,-0.000836981449768881,1.016315030882651,1.0089587126443411,0.007356318238309778
C6KNH7_9INFA_Lee_2018,C6KNH7_9INFA,Virus,OrganismalFitness,mean,10,0.0,0.0,0.0,0.801115760111576,0.8003726129482999,0.0007431471632760478,0.9985403830867764,0.998543126343975,-2.743257198689619e-06
CALM1_HUMAN_Weile_2017,CALM1_HUMAN,Human,OrganismalFitness,mean,10,0.0,0.0,0.0,0.7870523415977961,0.8028180006706812,-0.01576565907288504,1.008182436855323,1.00212018199113,0.0060622548641927395
CAPSD_AAV2S_Sinai_2021,CAPSD_AAV2S,Virus,OrganismalFitness,mean,10,0.0,0.0,0.0,0.8205607476635514,0.7780701754385965,0.04249057222495488,1.004869289922643,1.0585677239371833,-0.05369843401454035
CAR11_HUMAN_Meitlis_2020_gof,CAR11_HUMAN,Human,OrganismalFitness,mean,10,0.0,0.0,0.0,0.8044210526315789,0.7937749597954116,0.010646092836167409,0.9961580911243209,0.9329755774522782,0.06318251367204265
CAR11_HUMAN_Meitlis_2020_lof,CAR11_HUMAN,Human,OrganismalFitness,mean,10,0.0,0.0,0.0,0.7943632567849688,0.8138035430682932,-0.01944028628332445,0.9915078472532077,0.975105842643711,0.016402004609496777
CAS9_STRP1_Spencer_2017_positive,CAS9_STRP1,Prokaryote,Activity,mean,10,0.0,0.0,0.0,0.805295566502463,0.7885787856408877,0.016716780861575388,1.0092979707219454,1.0266223086881443,-0.017324337966198845
CASP3_HUMAN_Roychowdhury_2020,CASP3_HUMAN,Human,Activity,mean,10,0.0,0.0,0.0,0.8079617834394904,0.8161831863724585,-0.008221402932968047,0.9984716988370046,0.9604557437744219,0.03801595506258269
CASP7_HUMAN_Roychowdhury_2020,CASP7_HUMAN,Human,Activity,mean,10,0.0,0.0,0.0,0.8175595238095239,0.7857336258600702,0.03182589794945364,0.9743282454515547,1.0169474870123736,-0.042619241560818866
CATR_CHLRE_Tsuboyama_2023_2AMI,CATR_CHLRE,Eukaryote,Stability,mean,10,0.0,0.0,0.0,0.826865671641791,0.8015738970364611,0.025291774605329987,0.9655738639010479,0.9715875555242235,-0.006013691623175488
CBPA2_HUMAN_Tsuboyama_2023_1O6X,CBPA2_HUMAN,Human,Stability,mean,10,0.0,0.0,0.0,0.8051470588235293,0.7668139623550922,0.03833309646843709,0.9865742469043199,1.031828632268747,-0.045254385364426976
CBS_HUMAN_Sun_2020,CBS_HUMAN,Human,OrganismalFitness,mean,10,0.0,0.0,0.0,0.7962603878116343,0.8024356398633898,-0.0061752520517555755,0.9945365159815582,1.0103890978654608,-0.01585258188390256
CBX4_HUMAN_Tsuboyama_2023_2K28,CBX4_HUMAN,Human,Stability,mean,10,0.0,0.0,0.0,0.8059782608695653,0.8241347095331039,-0.01815644866353865,0.9810133766997801,0.9596224287978288,0.021390947901951295
CCDB_ECOLI_Adkar_2012,CCDB_ECOLI,Prokaryote,Activity,mean,10,0.0,0.0,0.0,0.809322033898305,0.7504517698247645,0.058870264073540665,1.0005015065807967,1.0486424050020289,-0.048140898421232356
CCR5_HUMAN_Gill_2023,CCR5_HUMAN,Human,Binding,mean,10,0.0,0.0,0.0,0.7938925081433225,0.7981376518218624,-0.004245143678539865,0.9996577617023792,1.0008713855350306,-0.001213623832651467
CD19_HUMAN_Klesmith_2019_FMC_singles,CD19_HUMAN,Human,Binding,mean,10,0.0,0.0,0.0,0.8059760956175299,0.8152540185006764,-0.009277922883146428,1.0050625175842545,0.9646207262210638,0.04044179136319072
CP2C9_HUMAN_Amorosi_2021_abundance,CP2C9_HUMAN,Human,Expression,mean,10,0.0,0.0,0.0,0.8001569858712715,0.7976848505221867,0.00247213534908487,1.0035425655194175,0.9980269847720473,0.00551558074737023
CP2C9_HUMAN_Amorosi_2021_activity,CP2C9_HUMAN,Human,Binding,mean,10,0.0,0.0,0.0,0.8097640358014646,0.7889840382641632,0.0207799975373014,0.9948488818078627,1.0145645924246403,-0.01971571061677747
CSN4_MOUSE_Tsuboyama_2023_1UFM,CSN4_MOUSE,Eukaryote,Stability,mean,10,0.0,0.0,0.0,0.8129151291512915,0.7985190616627776,0.014396067488513863,0.995740160938602,0.9942149559720557,0.0015252049665462786
CUE1_YEAST_Tsuboyama_2023_2MYX,CUE1_YEAST,Eukaryote,Stability,mean,10,0.0,0.0,0.0,0.7890052356020942,0.8465230070488939,-0.05751777144679961,1.0235675428418503,0.966937723521745,0.05662981932010517
D7PM05_CLYGR_Somermeyer_2022,D7PM05_CLYGR,Eukaryote,Activity,mean,10,0.0,0.0,0.0,0.8038461538461539,0.7956588243487087,0.008187329497445129,0.991885926588958,0.9838187916308906,0.008067134958067412
DLG4_HUMAN_Faure_2021,DLG4_HUMAN,Human,OrganismalFitness,mean,10,0.0,0.0,0.0,0.801953125,0.7910215984827655,0.010931526517234513,1.002985963438825,0.9994323670622203,0.0035535963766046173
DLG4_RAT_McLaughlin_2012,DLG4_RAT,Eukaryote,Binding,mean,10,0.0,0.0,0.0,0.8278481012658228,0.765925042785993,0.06192305847982967,0.9427718497098392,1.1484494594297838,-0.20567760971994478
DN7A_SACS2_Tsuboyama_2023_1JIC,DN7A_SACS2,Prokaryote,Stability,mean,10,0.0,0.0,0.0,0.8069306930693069,0.7796490889677054,0.027281604101601596,0.9950717171793316,1.0407190736088296,-0.045647356429497965
DNJA1_HUMAN_Tsuboyama_2023_2LO1,DNJA1_HUMAN,Human,Stability,mean,10,0.0,0.0,0.0,0.7852459016393443,0.8438471375517423,-0.058601235912398,1.0281625323037957,0.9762380297864265,0.05192450251736922
DOCK1_MOUSE_Tsuboyama_2023_2M0Y,DOCK1_MOUSE,Eukaryote,Stability,mean,10,0.0,0.0,0.0,0.8008230452674898,0.7677100362203191,0.033113009047170704,1.0001824986133996,1.1076246176410691,-0.10744211902766947
DYR_ECOLI_Nguyen_2023,DYR_ECOLI,Prokaryote,OrganismalFitness,mean,10,0.0,0.0,0.0,0.8065068493150684,0.7950861988112939,0.011420650503774577,0.996268931268062,1.0610163816114528,-0.06474745034339094
DYR_ECOLI_Thompson_2019,DYR_ECOLI,Prokaryote,OrganismalFitness,mean,10,0.0,0.0,0.0,0.8112050739957717,0.8151288154972105,-0.003923741501438871,0.9816286295691355,0.9691797422193396,0.012448887349795924
ENVZ_ECOLI_Ghose_2023,ENVZ_ECOLI,Prokaryote,Activity,mean,10,0.0,0.0,0.0,0.7955555555555556,0.7826148715523551,0.012940684003200508,1.0076954814142247,1.0073149165634792,0.0003805648507455461
ENV_HV1BR_Haddox_2016,ENV_HV1BR,Virus,OrganismalFitness,mean,10,0.0,0.0,0.0,0.8023707734162457,0.7999220272904484,0.002448746125797252,0.9903199243506038,0.9994741204079741,-0.00915419605737038
EPHB2_HUMAN_Tsuboyama_2023_1F0M,EPHB2_HUMAN,Human,Stability,mean,10,0.0,0.0,0.0,0.8008064516129032,0.7938498399087826,0.006956611704120641,0.9952310675250926,1.010942511991959,-0.015711444466866575
ESTA_BACSU_Nutschel_2020,ESTA_BACSU,Prokaryote,Stability,mean,10,0.0,0.0,0.0,0.8062068965517242,0.8164983802964404,-0.01029148374471619,0.9977106465337563,0.9726214888926152,0.025089157641140992
FECA_ECOLI_Tsuboyama_2023_2D1U,FECA_ECOLI,Prokaryote,Stability,mean,10,0.0,0.0,0.0,0.8098360655737705,0.7824662493858386,0.027369816187931863,0.9837383969483952,1.0564565243364505,-0.07271812738805543
FKBP3_HUMAN_Tsuboyama_2023_2KFV,FKBP3_HUMAN,Human,Stability,mean,10,0.0,0.0,0.0,0.8141129032258064,0.7851754766537755,0.028937426572030956,0.9908321053605447,1.0875810001161532,-0.09674889475560863
GAL4_YEAST_Kitzman_2015,GAL4_YEAST,Eukaryote,OrganismalFitness,mean,10,0.0,0.0,0.0,0.7849372384937239,0.80463941405132,-0.01970217555759618,1.019568105605313,0.9700496893261862,0.04951841627912679
GDIA_HUMAN_Silverstein_2021,GDIA_HUMAN,Human,OrganismalFitness,mean,10,0.0,0.0,0.0,0.8194805194805195,0.8096156987080615,0.009864820772458016,0.9828287501205818,0.9897931321181481,-0.006964381997566394
GFP_AEQVI_Sarkisyan_2016,GFP_AEQVI,Eukaryote,Activity,mean,10,0.0,0.0,0.0,0.795852534562212,0.8148411838034046,-0.01898864924119279,0.9879935385247537,0.9548876493744516,0.033105889150302145
GRB2_HUMAN_Faure_2021,GRB2_HUMAN,Human,OrganismalFitness,mean,10,0.0,0.0,0.0,0.785024154589372,0.8158452296095039,-0.030821075020131906,1.0094951539420485,0.9940483935553818,0.01544676038666667
HCP_LAMBD_Tsuboyama_2023_2L6Q,HCP_LAMBD,Virus,Stability,mean,10,0.0,0.0,0.0,0.7913461538461538,0.763092837795827,0.028253316050326792,1.0134990255591165,1.062689589961592,-0.049190564402475344
HECD1_HUMAN_Tsuboyama_2023_3DKM,HECD1_HUMAN,Human,Stability,mean,10,0.0,0.0,0.0,0.7927710843373494,0.8206326791567031,-0.027861594819353776,1.0153198268719712,0.9788300308285478,0.036489796043423284
HEM3_HUMAN_Loggerenberg_2023,HEM3_HUMAN,Human,Activity,mean,10,0.0,0.0,0.0,0.9156414762741653,0.9110782665365997,0.004563209737565477,1.0081973119433196,1.0130408254050707,-0.004843513461751192
HMDH_HUMAN_Jiang_2019,HMDH_HUMAN,Human,OrganismalFitness,mean,10,0.0,0.0,0.0,0.7976564817561554,0.7977401129943502,-8.363123819482565e-05,1.0006671732587988,1.0001637093768925,0.000503463881906252
HSP82_YEAST_Cote-Hammarlof_2020_growth-H2O2,HSP82_YEAST,Eukaryote,OrganismalFitness,mean,10,0.0,0.0,0.0,0.788470066518847,0.8049407200736998,-0.01647065355485272,0.9737359662137521,0.95867037290043,0.015065593313322034
HSP82_YEAST_Flynn_2019,HSP82_YEAST,Eukaryote,OrganismalFitness,mean,10,0.0,0.0,0.0,0.7931553215494547,0.7997551593938277,-0.006599837844372991,1.0008526158058473,0.9989554161469943,0.0018971996588528993
HSP82_YEAST_Mishra_2016,HSP82_YEAST,Eukaryote,OrganismalFitness,mean,10,0.0,0.0,0.0,0.8003468208092486,0.819985405057748,-0.019638584248499524,1.003988171761774,0.9595291225107246,0.044459049251049335
HXK4_HUMAN_Gersing_2022_activity,HXK4_HUMAN,Human,OrganismalFitness,mean,10,0.0,0.0,0.0,0.8051341890315052,0.8004069857028397,0.0047272033286653746,0.9980480057142416,0.9869464045104148,0.011101601203826672
HXK4_HUMAN_Gersing_2023_abundance,HXK4_HUMAN,Human,Expression,mean,10,0.0,0.0,0.0,0.8003571428571428,0.7908873673486362,0.00946977550850665,1.0019260878896927,1.0151581741280524,-0.013232086238359586
I6TAH8_I68A0_Doud_2015,I6TAH8_I68A0,Virus,OrganismalFitness,mean,10,0.0,0.0,0.0,0.7952456418383518,0.7864210526315789,0.00882458920677288,1.0015889322293279,1.033295920258829,-0.031706988029501205
IF1_ECOLI_Kelsic_2016,IF1_ECOLI,Prokaryote,OrganismalFitness,mean,10,0.0,0.0,0.0,0.8072992700729926,0.7960902255639098,0.011209044509082921,0.987093077160015,0.9547900788919585,0.03230299826805645
ILF3_HUMAN_Tsuboyama_2023_2L33,ILF3_HUMAN,Human,Stability,mean,10,0.0,0.0,0.0,0.8063909774436091,0.7568165235475449,0.04957445389606411,0.9937394675059583,1.157476140710961,-0.16373667320500268
ISDH_STAAW_Tsuboyama_2023_2LHR,ISDH_STAAW,Prokaryote,Stability,mean,10,0.0,0.0,0.0,0.799468085106383,0.7976259979735356,0.0018420871328474475,1.0188138410394743,0.9899741493064778,0.028839691732996407
KCNE1_HUMAN_Muhammad_2023_expression,KCNE1_HUMAN,Human,Expression,mean,10,0.0,0.0,0.0,0.8081196581196581,0.8219806920925542,-0.013861033972896097,1.0186648853606817,0.9310067722435592,0.08765811311712243
KCNE1_HUMAN_Muhammad_2023_function,KCNE1_HUMAN,Human,Activity,mean,10,0.0,0.0,0.0,0.8086393088552916,0.8073033731816478,0.00133593567364374,1.0033126638665666,0.9893766744728693,0.013935989393697367
KCNJ2_MOUSE_Coyote-Maestas_2022_function,KCNJ2_MOUSE,Eukaryote,Activity,mean,10,0.0,0.0,0.0,0.8077530509691314,0.797542799287166,0.010210251681965344,0.9932523416992932,1.010352600310179,-0.017100258610885887
KCNJ2_MOUSE_Coyote-Maestas_2022_surface,KCNJ2_MOUSE,Eukaryote,Expression,mean,10,0.0,0.0,0.0,0.7916907514450867,0.8119707615229819,-0.02028001007789513,0.9970880772037363,0.9911061240844592,0.0059819531192770396
KKA2_KLEPN_Melnikov_2014,KKA2_KLEPN,Prokaryote,OrganismalFitness,mean,10,0.0,0.0,0.0,0.7951612903225806,0.7910732492243783,0.004088041098202377,0.998210311129448,1.0082689314302316,-0.01005862030078356
LGK_LIPST_Klesmith_2015,LGK_LIPST,Eukaryote,Activity,mean,10,0.0,0.0,0.0,0.8108998732572876,0.8190935012860207,-0.008193628028732958,0.990459223225504,0.9940636710262034,-0.0036044478006993287
MAFG_MOUSE_Tsuboyama_2023_1K1V,MAFG_MOUSE,Eukaryote,Stability,mean,10,0.0,0.0,0.0,0.8300653594771242,0.7767289648230614,0.0533363946540628,0.9651285437140074,1.0737114701285866,-0.10858292641457927
MBD11_ARATH_Tsuboyama_2023_6ACV,MBD11_ARATH,Eukaryote,Stability,mean,10,0.0,0.0,0.0,0.7913419913419913,0.772262918344055,0.0190790729979363,1.0217687850245292,1.0484447225527007,-0.02667593752817161
MET_HUMAN_Estevam_2023,MET_HUMAN,Human,Activity,mean,10,0.0,0.0,0.0,0.8054680259499536,0.8141505175421629,-0.008682491592209374,0.997945447068985,0.9824873001609278,0.015458146908057269
MK01_HUMAN_Brenan_2016,MK01_HUMAN,Human,OrganismalFitness,mean,10,0.0,0.0,0.0,0.8080763582966226,0.7961646844893945,0.011911673807228063,0.999804066982235,1.0020625938559522,-0.002258526873717204
MLAC_ECOLI_MacRae_2023,MLAC_ECOLI,Prokaryote,OrganismalFitness,mean,10,0.0,0.0,0.0,0.8002493765586035,0.8028822055137844,-0.002632828955180988,1.0018902476785112,0.9922563532515886,0.009633894426922673
MSH2_HUMAN_Jia_2020,MSH2_HUMAN,Human,OrganismalFitness,mean,10,0.0,0.0,0.0,0.7983283582089552,0.8024505060670011,-0.004122147858045833,0.9969371133982878,1.0064585997997084,-0.009521486401420653
MTH3_HAEAE_RockahShmuel_2015,MTH3_HAEAE,Prokaryote,OrganismalFitness,mean,10,0.0,0.0,0.0,0.8379213483146067,0.8331389129692995,0.0047824353453071455,1.0124496693080354,1.0110093711484063,0.0014402981596290053
MTHR_HUMAN_Weile_2021,MTHR_HUMAN,Human,OrganismalFitness,mean,10,0.0,0.0,0.0,0.8070597673485761,0.794053836882282,0.01300593046629398,0.9992759585448724,1.0110475310161626,-0.011771572471290214
MYO3_YEAST_Tsuboyama_2023_2BTT,MYO3_YEAST,Eukaryote,Stability,mean,10,0.0,0.0,0.0,0.7831578947368422,0.7725545333351459,0.01060336140169622,1.0132438131681458,1.0598262673953525,-0.046582454227206714
NCAP_I34A1_Doud_2015,NCAP_I34A1,Virus,OrganismalFitness,mean,10,0.0,0.0,0.0,0.8013734812466984,0.7996315789473684,0.001741902299329945,0.9971722533487805,1.008353438948793,-0.011181185600012467
NKX31_HUMAN_Tsuboyama_2023_2L9R,NKX31_HUMAN,Human,Stability,mean,10,0.0,0.0,0.0,0.79,0.7960379979233817,-0.006037997923381733,1.0237692170242045,0.9862792869771017,0.03748993004710276
NPC1_HUMAN_Erwood_2022_HEK293T,NPC1_HUMAN,Human,Activity,mean,10,0.0,0.0,0.0,0.7703125,0.8122460354348661,-0.04193353543486613,1.0162238734544276,0.9927114402911965,0.02351243316323115
NUD15_HUMAN_Suiter_2020,NUD15_HUMAN,Human,Expression,mean,10,0.0,0.0,0.0,0.8007029876977153,0.7887344417294406,0.011968545968274657,1.0012228235242042,1.000914292386144,0.000308531138060375
NUSA_ECOLI_Tsuboyama_2023_1WCL,NUSA_ECOLI,Prokaryote,Stability,mean,10,0.0,0.0,0.0,0.7843511450381679,0.8152190821882291,-0.030867937150061243,1.0044992160898363,0.944850660968805,0.05964855512103125
NUSG_MYCTU_Tsuboyama_2023_2MI6,NUSG_MYCTU,Prokaryote,Stability,mean,10,0.0,0.0,0.0,0.8088235294117647,0.7992081352837831,0.009615394127981602,1.0020425112574851,1.0308751462471986,-0.02883263498971339
OBSCN_HUMAN_Tsuboyama_2023_1V1C,OBSCN_HUMAN,Human,Stability,mean,10,0.0,0.0,0.0,0.7823045267489712,0.7993389918265429,-0.017034465077571725,1.0337310356026808,1.0050633303590397,0.02866770524364113
ODP2_GEOSE_Tsuboyama_2023_1W4G,ODP2_GEOSE,Prokaryote,Stability,mean,10,0.0,0.0,0.0,0.7843283582089552,0.777251735153618,0.007076623055337239,1.0461232855586677,1.0692298693457376,-0.023106583787069757
OTC_HUMAN_Lo_2023,OTC_HUMAN,Human,Activity,mean,10,0.0,0.0,0.0,0.7929936305732485,0.8030915157829345,-0.010097885209685964,0.9998120115158494,1.0044693004080099,-0.0046572888921604496
OTU7A_HUMAN_Tsuboyama_2023_2L2D,OTU7A_HUMAN,Human,Stability,mean,10,0.0,0.0,0.0,0.8023622047244094,0.8251500846060887,-0.022787879881679275,1.0395876564436537,0.995434004561916,0.0441536518817377
OXDA_RHOTO_Vanella_2023_activity,OXDA_RHOTO,Eukaryote,Activity,mean,10,0.0,0.0,0.0,0.796015625,0.7966607580691278,-0.00064513306912789,1.0129227821611757,0.9852580052421684,0.027664776919007362
OXDA_RHOTO_Vanella_2023_expression,OXDA_RHOTO,Eukaryote,Expression,mean,10,0.0,0.0,0.0,0.7949778434268833,0.7884987683543694,0.006479075072513896,1.0139096824476623,1.0119832129030233,0.001926469544639009
P53_HUMAN_Giacomelli_2018_Null_Etoposide,P53_HUMAN,Human,OrganismalFitness,mean,10,0.0,0.0,0.0,0.7991298527443106,0.805396402398401,-0.006266549654090492,0.998919462193754,0.9880427931954541,0.010876668998299898
P53_HUMAN_Giacomelli_2018_Null_Nutlin,P53_HUMAN,Human,OrganismalFitness,mean,10,0.0,0.0,0.0,0.800334672021419,0.7956695536309127,0.004665118390506273,1.0160548367574251,0.9923452692206703,0.023709567536754662
P53_HUMAN_Giacomelli_2018_WT_Nutlin,P53_HUMAN,Human,OrganismalFitness,mean,10,0.0,0.0,0.0,0.7950468540829987,0.7969353764157228,-0.0018885223327241851,0.9965102339855678,1.0007295709269342,-0.004219336941366303
P53_HUMAN_Kotler_2018,P53_HUMAN,Human,OrganismalFitness,mean,10,0.0,0.0,0.0,0.8104761904761905,0.7777118461530435,0.032764344323147065,0.9958636800114302,0.9965953116384563,-0.000731631627026097
P84126_THETH_Chan_2017,P84126_THETH,Prokaryote,OrganismalFitness,mean,10,0.0,0.0,0.0,0.781578947368421,0.7777021452145214,0.0038768021538996165,1.0089408154507216,1.0386368184060857,-0.029696002955364186
PABP_YEAST_Melamed_2013,PABP_YEAST,Eukaryote,OrganismalFitness,mean,10,0.0,0.0,0.0,0.8126050420168067,0.8125689836104266,3.605840638007951e-05,1.0188992242333175,0.9969704692293162,0.021928755004001255
PAI1_HUMAN_Huttinger_2021,PAI1_HUMAN,Human,Activity,mean,10,0.0,0.0,0.0,0.8054256314312441,0.8087168827960787,-0.0032912513648345244,1.0021076962189197,0.981972767490824,0.020134928728095646
PA_I34A1_Wu_2015,PA_I34A1,Virus,OrganismalFitness,mean,10,0.0,0.0,0.0,0.807967032967033,0.8131340990963629,-0.0051670661293299665,0.9852233554775294,0.9839350288659077,0.0012883266116217374
PHOT_CHLRE_Chen_2023,PHOT_CHLRE,Eukaryote,Activity,mean,10,0.0,0.0,0.0,0.7969411764705883,0.8270941675294343,-0.030152991058846067,1.0032183998159898,0.9591381202595815,0.04408027955640843
PIN1_HUMAN_Tsuboyama_2023_1I6C,PIN1_HUMAN,Human,Stability,mean,10,0.0,0.0,0.0,0.7818840579710145,0.7494126125762579,0.032471445394756604,1.0044277304178828,1.1026265331438785,-0.09819880272599577
PITX2_HUMAN_Tsuboyama_2023_2L7M,PITX2_HUMAN,Human,Stability,mean,10,0.0,0.0,0.0,0.8143617021276596,0.817748844581011,-0.0033871424533515326,0.9826263149484815,0.9334443735253881,0.049181941423093414
PKN1_HUMAN_Tsuboyama_2023_1URF,PKN1_HUMAN,Human,Stability,mean,10,0.0,0.0,0.0,0.8022988505747126,0.8318748403919702,-0.029575989817257543,0.9913335007007575,0.8905880061496789,0.10074549455107855
POLG_CXB3N_Mattenberger_2021,POLG_CXB3N,Virus,OrganismalFitness,mean,10,0.0,0.0,0.0,0.7959274578428254,0.800527239399665,-0.004599781556839733,1.010208267043319,1.0175121994255019,-0.007303932382182854
POLG_DEN26_Suphatrakul_2023,POLG_DEN26,Virus,OrganismalFitness,mean,10,0.0,0.0,0.0,0.80103550295858,0.8003870691371271,0.0006484338214527763,0.9995434119427046,0.9982723045407905,0.00127110740191404
POLG_HCVJF_Qi_2014,POLG_HCVJF,Virus,OrganismalFitness,mean,10,0.0,0.0,0.0,0.8104294478527608,0.8290631910659,-0.01863374321313931,0.9987606956119549,0.9982006471421428,0.0005600484698121688
POLG_PESV_Tsuboyama_2023_2MXD,POLG_PESV,Virus,Stability,mean,10,0.0,0.0,0.0,0.8075376884422111,0.8550225915521811,-0.04748490310997002,1.0010735165880895,0.936995970385748,0.06407754620234152
PPARG_HUMAN_Majithia_2016,PPARG_HUMAN,Human,Activity,mean,10,0.0,0.0,0.0,0.8013569937369519,0.7986972381448671,0.0026597555920848783,0.9898462920697986,1.0009504598383485,-0.011104167768549856
PPM1D_HUMAN_Miller_2022,PPM1D_HUMAN,Human,OrganismalFitness,mean,10,0.0,0.0,0.0,0.8043092522179975,0.7987406694663175,0.00556858275167994,1.016863390280434,1.0083122900478354,0.008551100232598818
PR40A_HUMAN_Tsuboyama_2023_1UZC,PR40A_HUMAN,Human,Stability,mean,10,0.0,0.0,0.0,0.8154506437768241,0.7706067686427929,0.04484387513403117,0.9946658255079507,1.0281093023501735,-0.033443476842222965
PRKN_HUMAN_Clausen_2023,PRKN_HUMAN,Human,Expression,mean,10,0.0,0.0,0.0,0.7980593607305936,0.8153117381183697,-0.017252377387775984,1.0005704066902052,0.9833605421897461,0.017209864500459172
PSAE_PICP2_Tsuboyama_2023_1PSE,PSAE_PICP2,Prokaryote,Stability,mean,10,0.0,0.0,0.0,0.8073770491803278,0.8233526103515729,-0.015975561171244945,0.9996214353040364,0.9889533558530952,0.010668079450941236
PTEN_HUMAN_Matreyek_2021,PTEN_HUMAN,Human,Expression,mean,10,0.0,0.0,0.0,0.7933136676499508,0.7850634565441968,0.008250211105754001,1.0086347388816201,1.014727273038826,-0.006092534157205831
PTEN_HUMAN_Mighell_2018,PTEN_HUMAN,Human,Activity,mean,10,0.0,0.0,0.0,0.8068870523415977,0.818223738091856,-0.011336685750258212,0.9974890633650529,0.9691008755657468,0.028388187799306363
Q2N0S5_9HIV1_Haddox_2018,Q2N0S5_9HIV1,Virus,OrganismalFitness,mean,10,0.0,0.0,0.0,0.8017282010997644,0.8105440484476594,-0.008815847347894989,0.9962726868963528,0.9854400447135386,0.010832642182814345
Q53Z42_HUMAN_McShan_2019_binding-TAPBPR,Q53Z42_HUMAN,Human,Binding,mean,10,0.0,0.0,0.0,0.7980568011958147,0.7878065546714752,0.010250246524339469,1.0049368425163534,0.998551752340038,0.006385090176315311
Q53Z42_HUMAN_McShan_2019_expression,Q53Z42_HUMAN,Human,Expression,mean,10,0.0,0.0,0.0,0.7958146487294468,0.8083395548455672,-0.012524906116120204,0.9991823647208566,0.9989837033672508,0.00019866135360580017
Q59976_STRSQ_Romero_2015,Q59976_STRSQ,Prokaryote,Activity,mean,10,0.0,0.0,0.0,0.8046666666666666,0.8093869297549622,-0.004720263088295462,0.9901117140745297,1.0030759015234465,-0.012964187448916975
Q6WV12_9MAXI_Somermeyer_2022,Q6WV12_9MAXI,Eukaryote,Activity,mean,10,0.0,0.0,0.0,0.8052401746724891,0.75294518348156,0.052294991190928994,0.9880702995237967,1.0830318420519716,-0.09496154252817504
Q837P4_ENTFA_Meier_2023,Q837P4_ENTFA,Prokaryote,Activity,mean,10,0.0,0.0,0.0,0.8092857142857144,0.788808535442502,0.02047717884321233,0.9855707287563078,0.9771319015432456,0.008438827213062295
Q837P5_ENTFA_Meier_2023,Q837P5_ENTFA,Prokaryote,Activity,mean,10,0.0,0.0,0.0,0.8033333333333333,0.8082064335653592,-0.004873100232025818,1.0302077939792353,1.0117664762528322,0.018441317726403082
Q8WTC7_9CNID_Somermeyer_2022,Q8WTC7_9CNID,Eukaryote,Activity,mean,10,0.0,0.0,0.0,0.8070539419087137,0.8100449024235612,-0.002990960514847507,0.9844506575579193,0.9793802598301206,0.00507039772779867
R1AB_SARS2_Flynn_2022,R1AB_SARS2,Virus,OrganismalFitness,mean,10,0.0,0.0,0.0,0.7979912663755458,0.776775211537464,0.021216054838081966,1.0028685446078285,1.0109201239008665,-0.00805157929303807
RAD_ANTMA_Tsuboyama_2023_2CJJ,RAD_ANTMA,Eukaryote,Stability,mean,10,0.0,0.0,0.0,0.8012903225806453,0.8048720259158089,-0.0035817033351636775,0.9925845895585061,1.0184125878671935,-0.025827998308687494
RASH_HUMAN_Bandaru_2017,RASH_HUMAN,Human,Activity,mean,10,0.0,0.0,0.0,0.8025518341307816,0.7937513694197736,0.008800464711007826,0.9797693832529932,1.009082029137086,-0.02931264588409257
RASK_HUMAN_Weng_2022_abundance,RASK_HUMAN,Human,Expression,mean,10,0.0,0.0,0.0,0.7929967426710098,0.7938766451631963,-0.0008799024921865462,1.0118649901251502,1.012585913368883,-0.0007209232437330182
RASK_HUMAN_Weng_2022_binding-DARPin_K55,RASK_HUMAN,Human,Binding,mean,10,0.0,0.0,0.0,0.8124797406807132,0.7652364002107239,0.04724334046998922,0.9871633884451789,1.0279294513666526,-0.04076606292147369
RBP1_HUMAN_Tsuboyama_2023_2KWH,RBP1_HUMAN,Human,Stability,mean,10,0.0,0.0,0.0,0.82,0.8045666086688289,0.01543339133117102,1.0214741116522021,1.0480113106431663,-0.026537198990964038
RCD1_ARATH_Tsuboyama_2023_5OAO,RCD1_ARATH,Eukaryote,Stability,mean,10,0.0,0.0,0.0,0.8131313131313131,0.8062229145112797,0.006908398620033396,1.0020812797661427,1.022963560348669,-0.020882280582526103
RCRO_LAMBD_Tsuboyama_2023_1ORC,RCRO_LAMBD,Virus,Stability,mean,10,0.0,0.0,0.0,0.7878661087866109,0.8307373969633277,-0.04287128817671676,1.0298840491788879,0.9896411482529042,0.04024290092598374
RD23A_HUMAN_Tsuboyama_2023_1IFY,RD23A_HUMAN,Human,Stability,mean,10,0.0,0.0,0.0,0.8275,0.8132202751292539,0.014279724870746146,0.987484602699244,1.0001923559753194,-0.01270775327607555
RDRP_I33A0_Li_2023,RDRP_I33A0,Virus,OrganismalFitness,mean,10,0.0,0.0,0.0,0.8016659725114537,0.7972778538669477,0.004388118644505878,0.99380194371026,1.0038484360002469,-0.010046492289986808
REV_HV1H2_Fernandes_2016,REV_HV1H2,Virus,OrganismalFitness,mean,10,0.0,0.0,0.0,0.802093023255814,0.8004576659038902,0.0016353573519238052,0.9879436122721259,0.9920453529510903,-0.004101740678964361
RFAH_ECOLI_Tsuboyama_2023_2LCL,RFAH_ECOLI,Prokaryote,Stability,mean,10,0.0,0.0,0.0,0.8061855670103093,0.817427989877929,-0.011242422867619738,1.0253139004123482,0.931289176396373,0.09402472401597517
RL20_AQUAE_Tsuboyama_2023_1GYZ,RL20_AQUAE,Prokaryote,Stability,mean,10,0.0,0.0,0.0,0.8097777777777777,0.8048245614035088,0.0049532163742689985,0.966746971493991,1.0033209949690085,-0.03657402347501735
RL40A_YEAST_Mavor_2016,RL40A_YEAST,Eukaryote,OrganismalFitness,mean,10,0.0,0.0,0.0,0.8027888446215139,0.8474080245516484,-0.044619179930134534,1.008925723680204,0.9518033047667377,0.05712241891346635
RL40A_YEAST_Roscoe_2013,RL40A_YEAST,Eukaryote,OrganismalFitness,mean,10,0.0,0.0,0.0,0.806276150627615,0.809475546427634,-0.0031993958000189116,1.0032904823867228,0.9779473082683283,0.025343174118394263
RL40A_YEAST_Roscoe_2014,RL40A_YEAST,Eukaryote,Activity,mean,10,0.0,0.0,0.0,0.8010869565217391,0.804221727492453,-0.0031347709707139626,1.0159901304272514,1.017933685625477,-0.001943555198225666
RNC_ECOLI_Weeks_2023,RNC_ECOLI,Prokaryote,Activity,mean,10,0.0,0.0,0.0,0.8024532710280374,0.7819988750781633,0.020454395949874027,0.9935730617115475,1.0400266336563775,-0.04645357194482996
RPC1_BP434_Tsuboyama_2023_1R69,RPC1_BP434,Virus,Stability,mean,10,0.0,0.0,0.0,0.7951111111111111,0.8239889282714655,-0.028877817160354445,1.0208958320213595,0.9816727167720899,0.03922311524926967
RS15_GEOSE_Tsuboyama_2023_1A32,RS15_GEOSE,Prokaryote,Stability,mean,10,0.0,0.0,0.0,0.796234309623431,0.767007340113887,0.029226969509544,1.0177580687855783,1.0746996273009355,-0.05694155851535724
S22A1_HUMAN_Yee_2023_abundance,S22A1_HUMAN,Human,Expression,mean,10,0.0,0.0,0.0,0.7969913309535952,0.7825736719759003,0.014417658977694758,1.0016826059407926,1.0154398084224716,-0.013757202481679142
S22A1_HUMAN_Yee_2023_activity,S22A1_HUMAN,Human,Activity,mean,10,0.0,0.0,0.0,0.8019316493313522,0.7949455509842676,0.006986098347084635,1.0004342951658334,1.00967755442699,-0.009243259261156645
SAV1_MOUSE_Tsuboyama_2023_2YSB,SAV1_MOUSE,Eukaryote,Stability,mean,10,0.0,0.0,0.0,0.7897058823529411,0.8045930752347363,-0.014887192881795108,1.006189459571425,1.0127295300928891,-0.006540070521464225
SBI_STAAM_Tsuboyama_2023_2JVG,SBI_STAAM,Prokaryote,Stability,mean,10,0.0,0.0,0.0,0.7887804878048781,0.8316421471304863,-0.042861659325608224,1.0197430259062166,0.9593354489104768,0.06040757699573969
SC6A4_HUMAN_Young_2021,SC6A4_HUMAN,Human,Activity,mean,10,0.0,0.0,0.0,0.801986183074266,0.7934573669598145,0.008528816114451476,0.9998392403789417,1.0099037014586465,-0.010064461079704845
SCIN_STAAR_Tsuboyama_2023_2QFF,SCIN_STAAR,Prokaryote,Stability,mean,10,0.0,0.0,0.0,0.8008230452674898,0.7592552085184539,0.041567836749035914,0.9928191816197411,1.0511640640962217,-0.058344882476480474
SDA_BACSU_Tsuboyama_2023_1PV0,SDA_BACSU,Prokaryote,Stability,mean,10,0.0,0.0,0.0,0.8,0.8023099109881677,-0.002309910988167707,1.0052338305652297,1.0682392172385302,-0.06300538667330045
SERC_HUMAN_Xie_2023,SERC_HUMAN,Human,OrganismalFitness,mean,10,0.0,0.0,0.0,0.808355091383812,0.7991719271382549,0.009183164245557086,1.0038833388075707,1.0023455829971755,0.0015377558103949918
SHOC2_HUMAN_Kwon_2022,SHOC2_HUMAN,Human,OrganismalFitness,mean,10,0.0,0.0,0.0,0.8039179954441913,0.8035614465696377,0.0003565488745537193,0.9987043025985196,1.0049540183163999,-0.0062497157178800665
SOX30_HUMAN_Tsuboyama_2023_7JJK,SOX30_HUMAN,Human,Stability,mean,10,0.0,0.0,0.0,0.8044554455445544,0.8310810551054246,-0.0266256095608702,1.00282507269019,0.9395156997747222,0.06330937291546776
SPA_STAAU_Tsuboyama_2023_1LP1,SPA_STAAU,Prokaryote,Stability,mean,10,0.0,0.0,0.0,0.8048309178743962,0.8100019832374933,-0.005171065363097182,0.9951712840568655,0.9898474475092435,0.005323836547621985
SPG1_STRSG_Olson_2014,SPG1_STRSG,Prokaryote,Binding,mean,10,0.0,0.0,0.0,0.816267942583732,0.7976076555023923,0.01866028708133971,0.9901775707486195,0.9713504016358643,0.018827169112755327
SPG2_STRSG_Tsuboyama_2023_5UBS,SPG2_STRSG,Prokaryote,Stability,mean,10,0.0,0.0,0.0,0.7961165048543689,0.7989872916198885,-0.002870786765519573,1.0128936601631995,1.0223486966698074,-0.009455036506607728
SPIKE_SARS2_Starr_2020_binding,SPIKE_SARS2,Virus,Binding,mean,10,0.0,0.0,0.0,0.8115637319316689,0.7869503531062327,0.024613378825436117,0.9918150211951259,1.020179728837023,-0.028364707641896934
SPIKE_SARS2_Starr_2020_expression,SPIKE_SARS2,Virus,Expression,mean,10,0.0,0.0,0.0,0.8077631578947368,0.7946880065436945,0.013075151351042247,0.9911394579601887,0.995586717507414,-0.00444725954722548
SPTN1_CHICK_Tsuboyama_2023_1TUD,SPTN1_CHICK,Eukaryote,Stability,mean,10,0.0,0.0,0.0,0.8004739336492891,0.8188449955974212,-0.018371061948132185,1.0082041779222108,0.9733598036844576,0.03484437423775313
SQSTM_MOUSE_Tsuboyama_2023_2RRU,SQSTM_MOUSE,Eukaryote,Stability,mean,10,0.0,0.0,0.0,0.7880281690140845,0.7813931400015843,0.0066350290125001266,1.0198631607509,1.0696912378238277,-0.04982807707292748
SR43C_ARATH_Tsuboyama_2023_2N88,SR43C_ARATH,Eukaryote,Stability,mean,10,0.0,0.0,0.0,0.7853932584269663,0.7821502546708425,0.003243003756123808,1.0256621296204893,1.0386859341991888,-0.013023804578699505
SRBS1_HUMAN_Tsuboyama_2023_2O2W,SRBS1_HUMAN,Human,Stability,mean,10,0.0,0.0,0.0,0.8037037037037036,0.7870144266971026,0.01668927700660102,0.9718934223339166,1.0043036133059293,-0.03241019097201263
SRC_HUMAN_Ahler_2019,SRC_HUMAN,Human,Activity,mean,10,0.0,0.0,0.0,0.7991111111111111,0.8237561078981045,-0.024644996786993455,0.9878218300085191,0.9481675698078285,0.03965426020069078
SRC_HUMAN_Chakraborty_2023_binding-DAS_25uM,SRC_HUMAN,Human,Activity,mean,10,0.0,0.0,0.0,0.8008241758241758,0.8023522696852451,-0.0015280938610692796,1.0159327341095044,1.0264175573932772,-0.010484823283772782
SRC_HUMAN_Nguyen_2022,SRC_HUMAN,Human,OrganismalFitness,mean,10,0.0,0.0,0.0,0.7968842729970327,0.808913620346102,-0.012029347349069386,0.9922129560260033,0.95334186505539,0.038871090970613476
SUMO1_HUMAN_Weile_2017,SUMO1_HUMAN,Human,OrganismalFitness,mean,10,0.0,0.0,0.0,0.8302941176470588,0.7949885361496799,0.035305581497379,0.9809993939775051,1.0224137567403981,-0.04141436276289282
SYUA_HUMAN_Newberry_2020,SYUA_HUMAN,Human,OrganismalFitness,mean,10,0.0,0.0,0.0,0.8086,0.8101642782777247,-0.00156427827772474,1.0015578986601226,0.992660958281476,0.008896940378646422
TADBP_HUMAN_Bolognesi_2019,TADBP_HUMAN,Human,OrganismalFitness,mean,10,0.0,0.0,0.0,0.8079166666666666,0.7962246815040664,0.011691985162600204,1.0103498284240129,1.016328213768102,-0.0059783853440890655
TAT_HV1BR_Fernandes_2016,TAT_HV1BR,Virus,OrganismalFitness,mean,10,0.0,0.0,0.0,0.8050632911392406,0.7913312693498452,0.013732021789395287,1.035570707166967,1.0202026524819583,0.015368054685008514
TCRG1_MOUSE_Tsuboyama_2023_1E0L,TCRG1_MOUSE,Eukaryote,Stability,mean,10,0.0,0.0,0.0,0.8215999999999999,0.7427500270061425,0.07884997299385761,1.0512878772264436,1.1235096130611426,-0.07222173583469897
THO1_YEAST_Tsuboyama_2023_2WQG,THO1_YEAST,Eukaryote,Stability,mean,10,0.0,0.0,0.0,0.8204545454545455,0.7801410062763348,0.04031353917821079,0.9974760266399174,1.0269470043922773,-0.02947097775235973
TNKS2_HUMAN_Tsuboyama_2023_5JRT,TNKS2_HUMAN,Human,Stability,mean,10,0.0,0.0,0.0,0.7973214285714285,0.7737279316766831,0.023593496894745547,1.0164706734748605,1.074367919629975,-0.057897246155114504
TPK1_HUMAN_Weile_2017,TPK1_HUMAN,Human,OrganismalFitness,mean,10,0.0,0.0,0.0,0.8015698587127158,0.8061345508260434,-0.004564692113327618,1.004616637601586,0.9784675473576036,0.026149090243982452
TPMT_HUMAN_Matreyek_2018,TPMT_HUMAN,Human,Expression,mean,10,0.0,0.0,0.0,0.7968493150684932,0.7966742824888569,0.0001750325796362806,0.9978363662387905,1.0051241517260945,-0.007287785487303989
TPOR_HUMAN_Bridgford_2020,TPOR_HUMAN,Human,OrganismalFitness,mean,10,0.0,0.0,0.0,0.7734513274336283,0.8439381622372764,-0.07048683480364806,0.9975737152512438,0.934387210332584,0.06318650491865996
TRPC_SACS2_Chan_2017,TRPC_SACS2,Prokaryote,OrganismalFitness,mean,10,0.0,0.0,0.0,0.7957236842105264,0.7869626107347577,0.008761073475768622,0.9889332220606425,1.0140230157759784,-0.02508979371533603
TRPC_THEMA_Chan_2017,TRPC_THEMA,Prokaryote,OrganismalFitness,mean,10,0.0,0.0,0.0,0.7953947368421053,0.798473597359736,-0.0030788605176307214,0.9960799655571666,1.0325833337973482,-0.036503368240181557
UBC9_HUMAN_Weile_2017,UBC9_HUMAN,Human,OrganismalFitness,mean,10,0.0,0.0,0.0,0.7978557504873294,0.8177968224782708,-0.01994107199094134,1.0037239698799076,0.9456456585284192,0.05807831135148846
UBE4B_HUMAN_Tsuboyama_2023_3L1X,UBE4B_HUMAN,Human,Stability,mean,10,0.0,0.0,0.0,0.7977678571428571,0.8111162605418238,-0.013348403398966669,0.9908084770040896,0.9998105079821787,-0.009002030978089225
UBE4B_MOUSE_Starita_2013,UBE4B_MOUSE,Eukaryote,Activity,mean,10,0.0,0.0,0.0,0.8022222222222222,0.8152635070592746,-0.013041284837052436,1.0127002687023228,1.0055382285755157,0.007162040126807134
UBR5_HUMAN_Tsuboyama_2023_1I2T,UBR5_HUMAN,Human,Stability,mean,10,0.0,0.0,0.0,0.7986301369863014,0.791233103013404,0.007397033972897382,1.0044893052548916,1.0173459010100914,-0.012856595755199828
VG08_BPP22_Tsuboyama_2023_2GP8,VG08_BPP22,Virus,Stability,mean,10,0.0,0.0,0.0,0.8255172413793103,0.8084296727812333,0.017087568598077075,0.9584539109483371,0.9711691129466452,-0.012715201998308145
VILI_CHICK_Tsuboyama_2023_1YU5,VILI_CHICK,Eukaryote,Stability,mean,10,0.0,0.0,0.0,0.8107883817427386,0.8158709499123471,-0.0050825681696086145,0.9894058624558466,0.9631015052311624,0.02630435722468416
VKOR1_HUMAN_Chiasson_2020_abundance,VKOR1_HUMAN,Human,Expression,mean,10,0.0,0.0,0.0,0.7951762523191095,0.8289009926797114,-0.033724740360601954,1.009815810056335,0.9625693498231666,0.04724646023316842
VKOR1_HUMAN_Chiasson_2020_activity,VKOR1_HUMAN,Human,Activity,mean,10,0.0,0.0,0.0,0.7585714285714286,0.8301752966222292,-0.07160386805080057,1.0748522375196656,0.9868100179215666,0.08804221959809898
VRPI_BPT7_Tsuboyama_2023_2WNM,VRPI_BPT7,Virus,Stability,mean,10,0.0,0.0,0.0,0.8219047619047618,0.8215933697261919,0.0003113921785700802,0.9970176987368813,0.9967807861215287,0.00023691261535256912
YAIA_ECOLI_Tsuboyama_2023_2KVT,YAIA_ECOLI,Prokaryote,Stability,mean,10,0.0,0.0,0.0,0.8134408602150538,0.8102143045019219,0.00322655571313184,1.001191761118888,0.9673192639449593,0.03387249717392876
YNZC_BACSU_Tsuboyama_2023_2JVD,YNZC_BACSU,Prokaryote,Stability,mean,10,0.0,0.0,0.0,0.7874125874125875,0.7567371327206306,0.03067545469195675,1.0214875681900826,1.0976775111936805,-0.07618994300359813
