assay_id,uniprot_id,taxon,coarse_selection_type,model,n_seeds,random_spearman,position_spearman,subset_spearman_difference,random_normalized_rmse,position_normalized_rmse,subset_normalized_rmse_difference
VG08_BPP22_Tsuboyama_2023_2GP8,VG08_BPP22,Virus,Stability,ESM1v_ensemble,10,0.5512608250669185,0.451532121064157,0.09972870400276149,5.058946249748446,4.842728969338532,0.21621728040991392
RPC1_BP434_Tsuboyama_2023_1R69,RPC1_BP434,Virus,Stability,ESM1v_ensemble,10,0.7042754951538138,0.6128208503068934,0.09145464484692047,2.7716403475730353,2.6292664042848295,0.14237394328820593
PKN1_HUMAN_Tsuboyama_2023_1URF,PKN1_HUMAN,Human,Stability,ESM1v_ensemble,10,0.3113255850055008,0.22198724412047294,0.08933834088502784,6.030679698264796,5.9001846463474195,0.1304950519173768
NUSA_ECOLI_Tsuboyama_2023_1WCL,NUSA_ECOLI,Prokaryote,Stability,ESM1v_ensemble,10,0.3810529153325988,0.2938134903044354,0.0872394250281634,2.0435920121438516,2.0043955327244096,0.03919647941944186
ARGR_ECOLI_Tsuboyama_2023_1AOY,ARGR_ECOLI,Prokaryote,Stability,ESM1v_ensemble,10,0.4023931865213197,0.3183073166597557,0.08408586986156405,2.9313631964624554,2.8888267509758174,0.04253644548663793
PITX2_HUMAN_Tsuboyama_2023_2L7M,PITX2_HUMAN,Human,Stability,ESM1v_ensemble,10,0.5126012493972443,0.4296293430247811,0.08297190637246325,6.968055229294656,6.992951240042691,-0.024896010748035824
CUE1_YEAST_Tsuboyama_2023_2MYX,CUE1_YEAST,Eukaryote,Stability,ESM1v_ensemble,10,0.3683301184899421,0.2880152798986629,0.08031483859127926,1.7417394361942613,1.6395244886095788,0.10221494758468222
THO1_YEAST_Tsuboyama_2023_2WQG,THO1_YEAST,Eukaryote,Stability,ESM1v_ensemble,10,0.393435531924885,0.32052755925218335,0.07290797267270169,3.898890119811378,4.1219716572803256,-0.2230815374689477
GFP_AEQVI_Sarkisyan_2016,GFP_AEQVI,Eukaryote,Activity,ESM1v_ensemble,10,0.08270327466095445,0.010962109483030898,0.07174116517792355,6.159827102308005,6.188195345863335,-0.028368243555330342
DOCK1_MOUSE_Tsuboyama_2023_2M0Y,DOCK1_MOUSE,Eukaryote,Stability,ESM1v_ensemble,10,0.6172041661857856,0.5541764817201136,0.06302768446567204,3.4970844790239837,3.7038138178487054,-0.20672933882472128
BCHB_CHLTE_Tsuboyama_2023_2KRU,BCHB_CHLTE,Prokaryote,Stability,ESM1v_ensemble,10,0.2964596262058092,0.23355188866992643,0.06290773753588276,1.5609749577073593,1.7383637979403754,-0.17738884023301627
VKOR1_HUMAN_Chiasson_2020_abundance,VKOR1_HUMAN,Human,Expression,ESM1v_ensemble,10,0.4796183364637958,0.4194239983255071,0.06019433813828876,19.77987800844123,19.473991440545994,0.30588656789523905
OTU7A_HUMAN_Tsuboyama_2023_2L2D,OTU7A_HUMAN,Human,Stability,ESM1v_ensemble,10,0.5773211942257217,0.5190414920378166,0.058279702187905236,3.3630645434105384,3.2217181973178177,0.14134634609272007
RCD1_ARATH_Tsuboyama_2023_5OAO,RCD1_ARATH,Eukaryote,Stability,ESM1v_ensemble,10,0.26322212508473763,0.20572312969999468,0.05749899538474296,1.9189405580928505,1.9552961188783637,-0.03635556078551312
KCNE1_HUMAN_Muhammad_2023_function,KCNE1_HUMAN,Human,Activity,ESM1v_ensemble,10,0.5791913270314997,0.5218928975289058,0.05729842950259397,11.608833890741156,10.594475805437549,1.014358085303609
HECD1_HUMAN_Tsuboyama_2023_3DKM,HECD1_HUMAN,Human,Stability,ESM1v_ensemble,10,0.24889141080450833,0.19256662288065893,0.05632478792384943,1.3903550543356789,1.460541212123259,-0.07018615778758035
RFAH_ECOLI_Tsuboyama_2023_2LCL,RFAH_ECOLI,Prokaryote,Stability,ESM1v_ensemble,10,0.2707080900510738,0.2153828485425849,0.05532524150848893,4.42173698806513,4.3034859869694975,0.11825100109563298
P84126_THETH_Chan_2017,P84126_THETH,Prokaryote,OrganismalFitness,ESM1v_ensemble,10,0.5809490421765114,0.5274076689883127,0.05354137318819878,13.260240363730228,13.254016558907491,0.00622380482273428
DNJA1_HUMAN_Tsuboyama_2023_2LO1,DNJA1_HUMAN,Human,Stability,ESM1v_ensemble,10,0.4751810135104436,0.42202314975798405,0.053157863752459546,5.2744765540327325,5.313009037251542,-0.038532483218810754
VKOR1_HUMAN_Chiasson_2020_activity,VKOR1_HUMAN,Human,Activity,ESM1v_ensemble,10,0.45629037949235307,0.403936149501204,0.05235422999114912,16.004093647588597,15.306712225191063,0.6973814223975354
SR43C_ARATH_Tsuboyama_2023_2N88,SR43C_ARATH,Eukaryote,Stability,ESM1v_ensemble,10,0.5213759762705481,0.469600220167787,0.051775756102761104,2.680406915636722,2.3975193121603704,0.2828876034763518
SQSTM_MOUSE_Tsuboyama_2023_2RRU,SQSTM_MOUSE,Eukaryote,Stability,ESM1v_ensemble,10,0.5010182505537616,0.44938553050562724,0.05163272004813431,3.587919627557008,3.544990807732053,0.04292881982495515
Q6WV12_9MAXI_Somermeyer_2022,Q6WV12_9MAXI,Eukaryote,Activity,ESM1v_ensemble,10,0.05256063073956013,0.0009407050371167559,0.05161992570244338,3.4002764147169473,3.3563645437614404,0.04391187095550682
DLG4_HUMAN_Faure_2021,DLG4_HUMAN,Human,OrganismalFitness,ESM1v_ensemble,10,0.44284435663815147,0.39135283584145836,0.05149152079669315,30.004485829980176,29.640461309992396,0.36402451998778174
VRPI_BPT7_Tsuboyama_2023_2WNM,VRPI_BPT7,Virus,Stability,ESM1v_ensemble,10,0.36195106464999205,0.3104934005331236,0.05145766411686844,1.5614630943364942,1.5613657587063658,9.733563012848112e-05
ISDH_STAAW_Tsuboyama_2023_2LHR,ISDH_STAAW,Prokaryote,Stability,ESM1v_ensemble,10,0.28886559136872025,0.23991204072970226,0.048953550639017976,1.9608356590796319,1.9506014466438983,0.01023421243573346
SRBS1_HUMAN_Tsuboyama_2023_2O2W,SRBS1_HUMAN,Human,Stability,ESM1v_ensemble,10,0.5873267364822258,0.540353055566702,0.046973680915523765,4.406247281294922,4.445213811095542,-0.03896652980061921
OBSCN_HUMAN_Tsuboyama_2023_1V1C,OBSCN_HUMAN,Human,Stability,ESM1v_ensemble,10,0.5809192270444133,0.5364310979866025,0.04448812905781084,1.614336430282115,1.5978732724618934,0.016463157820221896
UBE4B_HUMAN_Tsuboyama_2023_3L1X,UBE4B_HUMAN,Human,Stability,ESM1v_ensemble,10,0.5907488789237669,0.5464025562873064,0.04434632263646049,3.10312194702522,3.300079878140135,-0.1969579311149155
CBX4_HUMAN_Tsuboyama_2023_2K28,CBX4_HUMAN,Human,Stability,ESM1v_ensemble,10,0.5467199630136195,0.5041637192226911,0.042556243790928296,6.753927694120742,6.582958230395438,0.1709694637253035
VILI_CHICK_Tsuboyama_2023_1YU5,VILI_CHICK,Eukaryote,Stability,ESM1v_ensemble,10,0.5836235039950619,0.5416404646832185,0.04198303931184341,3.529738135727726,3.6359621759684893,-0.1062240402407633
RBP1_HUMAN_Tsuboyama_2023_2KWH,RBP1_HUMAN,Human,Stability,ESM1v_ensemble,10,0.4484348346793118,0.4072725574311642,0.04116227724814758,2.1142406351260252,1.9854327674091177,0.12880786771690736
ESTA_BACSU_Nutschel_2020,ESTA_BACSU,Prokaryote,Stability,ESM1v_ensemble,10,0.3408457876108982,0.300062017961231,0.040783769649667165,20.00345055032033,20.014398334838475,-0.010947784518144488
BLAT_ECOLX_Jacquier_2013,BLAT_ECOLX,Prokaryote,OrganismalFitness,ESM1v_ensemble,10,0.6923027300944786,0.6519193924464594,0.04038333764801927,2.0766090768526477,2.085580159375218,-0.008971082522570284
PR40A_HUMAN_Tsuboyama_2023_1UZC,PR40A_HUMAN,Human,Stability,ESM1v_ensemble,10,0.3062477468759843,0.2665250781895359,0.03972266868644838,1.8145561179296064,1.7700939614662126,0.04446215646339389
RD23A_HUMAN_Tsuboyama_2023_1IFY,RD23A_HUMAN,Human,Stability,ESM1v_ensemble,10,0.5843073948201101,0.5447273079404286,0.03958008687968153,3.911300619527176,3.949448987873603,-0.03814836834642743
SAV1_MOUSE_Tsuboyama_2023_2YSB,SAV1_MOUSE,Eukaryote,Stability,ESM1v_ensemble,10,0.6064510280998043,0.567612539848852,0.038838488250952416,5.207004564826914,5.131023699233877,0.07598086559303656
DYR_ECOLI_Thompson_2019,DYR_ECOLI,Prokaryote,OrganismalFitness,ESM1v_ensemble,10,0.4360885885003093,0.39792815090957123,0.03816043759073799,6.540120998745854,6.469761002960854,0.0703599957850007
BLAT_ECOLX_Stiffler_2015,BLAT_ECOLX,Prokaryote,OrganismalFitness,ESM1v_ensemble,10,0.7116750960750962,0.6738371435326822,0.037837952542413913,5.082838677091608,4.993277382246602,0.08956129484500579
BLAT_ECOLX_Firnberg_2014,BLAT_ECOLX,Prokaryote,OrganismalFitness,ESM1v_ensemble,10,0.7119820974690987,0.6742979521913238,0.037684145277774916,16.6050687605389,16.379862327523963,0.22520643301493487
C6KNH7_9INFA_Lee_2018,C6KNH7_9INFA,Virus,OrganismalFitness,ESM1v_ensemble,10,0.5004538993700238,0.4657438722563424,0.03471002711368139,5.087483446011544,5.098602812182796,-0.01111936617125231
RASK_HUMAN_Weng_2022_abundance,RASK_HUMAN,Human,Expression,ESM1v_ensemble,10,0.1011451754192128,0.06663853938936717,0.034506636029845626,31.288620457544106,31.45767743226627,-0.16905697472216302
GRB2_HUMAN_Faure_2021,GRB2_HUMAN,Human,OrganismalFitness,ESM1v_ensemble,10,0.6109144830124146,0.5767645864387758,0.0341498965736388,19.66141370836763,18.26262168897235,1.3987920193952803
TRPC_THEMA_Chan_2017,TRPC_THEMA,Prokaryote,OrganismalFitness,ESM1v_ensemble,10,0.5044879247611864,0.4715277602463435,0.032960164514842905,11.049722566156037,10.905865769785175,0.14385679637086302
SUMO1_HUMAN_Weile_2017,SUMO1_HUMAN,Human,OrganismalFitness,ESM1v_ensemble,10,0.5211677691085259,0.4883755836467835,0.032792185461742326,22.42668548403157,21.79195076499509,0.6347347190364776
BLAT_ECOLX_Deng_2012,BLAT_ECOLX,Prokaryote,OrganismalFitness,ESM1v_ensemble,10,0.5128249522281904,0.4812616673177496,0.031563284910440706,3.1726008423161627,3.0733108429987652,0.0992899993173976
CALM1_HUMAN_Weile_2017,CALM1_HUMAN,Human,OrganismalFitness,ESM1v_ensemble,10,0.27291441330380095,0.2434632899592613,0.029451123344539677,35.612925918007825,35.41436807712838,0.19855784087944456
SYUA_HUMAN_Newberry_2020,SYUA_HUMAN,Human,OrganismalFitness,ESM1v_ensemble,10,0.22503573854295417,0.1959632794371792,0.029072459105774967,53.44286478194156,53.62422288391472,-0.1813581019731579
ENVZ_ECOLI_Ghose_2023,ENVZ_ECOLI,Prokaryote,Activity,ESM1v_ensemble,10,0.19832951174422184,0.17080523056193736,0.02752428118228446,7.355380354529127,7.044596824101052,0.31078353042807655
HSP82_YEAST_Mishra_2016,HSP82_YEAST,Eukaryote,OrganismalFitness,ESM1v_ensemble,10,0.5464834667963192,0.5190163870055098,0.02746707979080947,26.159373516007513,25.655482141399432,0.5038913746080798
ADRB2_HUMAN_Jones_2020,ADRB2_HUMAN,Human,Activity,ESM1v_ensemble,10,0.5460248080818066,0.5189698140679494,0.027054994013857324,13.25746764898793,12.860528076029013,0.3969395729589145
TRPC_SACS2_Chan_2017,TRPC_SACS2,Prokaryote,OrganismalFitness,ESM1v_ensemble,10,0.6500260822111082,0.623839131796084,0.026186950415024224,10.13962819405699,9.831324204199644,0.30830398985734425
PTEN_HUMAN_Mighell_2018,PTEN_HUMAN,Human,Activity,ESM1v_ensemble,10,0.49531981706050277,0.4708481929895997,0.024471624070903076,6.289989538429062,6.266661499025384,0.023328039403677624
RL40A_YEAST_Roscoe_2013,RL40A_YEAST,Eukaryote,OrganismalFitness,ESM1v_ensemble,10,0.36607388980696876,0.3425189332572152,0.023554956549753578,29.284706691543466,29.16129255613574,0.12341413540772236
SPTN1_CHICK_Tsuboyama_2023_1TUD,SPTN1_CHICK,Eukaryote,Stability,ESM1v_ensemble,10,0.5576056769841979,0.5353111786853245,0.022294498298873484,1.4873666610335108,1.558713923503014,-0.0713472624695031
GAL4_YEAST_Kitzman_2015,GAL4_YEAST,Eukaryote,OrganismalFitness,ESM1v_ensemble,10,0.4466899959552938,0.42453553983447795,0.022154456120815937,0.9822961871281768,0.955839624776836,0.02645656235134073
RL40A_YEAST_Roscoe_2014,RL40A_YEAST,Eukaryote,Activity,ESM1v_ensemble,10,0.24857419271985276,0.22706098297382304,0.02151320974602971,25.817191118609493,25.621807375568245,0.19538374304124737
SPA_STAAU_Tsuboyama_2023_1LP1,SPA_STAAU,Prokaryote,Stability,ESM1v_ensemble,10,0.1842483304650886,0.16382673748369964,0.02042159298138894,1.9339789848481428,1.8877881464194508,0.04619083842869172
ACE2_HUMAN_Chan_2020,ACE2_HUMAN,Human,Binding,ESM1v_ensemble,10,0.22540868726841415,0.20592952566267947,0.019479161605734704,6.41192056340158,6.834489020339096,-0.42256845693751666
PHOT_CHLRE_Chen_2023,PHOT_CHLRE,Eukaryote,Activity,ESM1v_ensemble,10,0.6329897609854466,0.6144560392475649,0.018533721737881703,17.62999595195131,17.23722056627869,0.3927753856726204
PA_I34A1_Wu_2015,PA_I34A1,Virus,OrganismalFitness,ESM1v_ensemble,10,0.12052129688493325,0.10215304407281785,0.018368252812115397,3.703116211612566,3.858101914767869,-0.1549857031553023
CAR11_HUMAN_Meitlis_2020_lof,CAR11_HUMAN,Human,OrganismalFitness,ESM1v_ensemble,10,0.46846353325005896,0.45063796099974074,0.017825572250318233,6.34157191260318,6.274410482952545,0.06716142965063368
OXDA_RHOTO_Vanella_2023_activity,OXDA_RHOTO,Eukaryote,Activity,ESM1v_ensemble,10,0.35901359243016434,0.34135085397921305,0.017662738450951253,54.21958081085112,55.95523448640455,-1.7356536755534315
NPC1_HUMAN_Erwood_2022_HEK293T,NPC1_HUMAN,Human,Activity,ESM1v_ensemble,10,0.4514672221204908,0.433809567965482,0.017657654155008768,9.313882726966662,9.320343454655788,-0.00646072768912731
A0A192B1T2_9HIV1_Haddox_2018,A0A192B1T2_9HIV1,Virus,OrganismalFitness,ESM1v_ensemble,10,0.5147371324220458,0.49713468823925816,0.017602444182787676,2.9041683006680943,2.9080426895619467,-0.0038743888938527872
PPARG_HUMAN_Majithia_2016,PPARG_HUMAN,Human,Activity,ESM1v_ensemble,10,0.688697693529108,0.6716214075826256,0.017076285946482427,2.8160397742497176,2.844776328488764,-0.028736554239046353
IF1_ECOLI_Kelsic_2016,IF1_ECOLI,Prokaryote,OrganismalFitness,ESM1v_ensemble,10,0.559890523036295,0.543573225509973,0.016317297526322112,33.53613009668301,35.41971469857623,-1.883584601893218
RL40A_YEAST_Mavor_2016,RL40A_YEAST,Eukaryote,OrganismalFitness,ESM1v_ensemble,10,0.3251156701781391,0.3092064153063152,0.015909254871823885,54.950557165494445,54.335985976724714,0.6145711887697274
UBC9_HUMAN_Weile_2017,UBC9_HUMAN,Human,OrganismalFitness,ESM1v_ensemble,10,0.5100628135879584,0.4947515133094759,0.015311300278482426,22.052537187902367,21.28158521476452,0.7709519731378492
TNKS2_HUMAN_Tsuboyama_2023_5JRT,TNKS2_HUMAN,Human,Stability,ESM1v_ensemble,10,0.5588847960708948,0.543589998459572,0.015294797611322913,2.734818401157564,2.8306481368471452,-0.09582973568958134
AMFR_HUMAN_Tsuboyama_2023_4G3O,AMFR_HUMAN,Human,Stability,ESM1v_ensemble,10,0.43541713710500174,0.42056430245268944,0.014852834652312344,1.3843404937792128,1.3430983966935117,0.041242097085701215
MTH3_HAEAE_RockahShmuel_2015,MTH3_HAEAE,Prokaryote,OrganismalFitness,ESM1v_ensemble,10,0.7136908719154105,0.699069919411252,0.014620952504158569,18.0880214780557,17.77883243109209,0.30918904696361177
PRKN_HUMAN_Clausen_2023,PRKN_HUMAN,Human,Expression,ESM1v_ensemble,10,0.6379574882228825,0.6236578222820774,0.014299665940804973,20.643989931516764,20.72804409962326,-0.08405416810649768
I6TAH8_I68A0_Doud_2015,I6TAH8_I68A0,Virus,OrganismalFitness,ESM1v_ensemble,10,0.01784143958665978,0.004190039970401385,0.013651399616258395,2.0852389932504716,2.0993145120421732,-0.01407551879170157
MK01_HUMAN_Brenan_2016,MK01_HUMAN,Human,OrganismalFitness,ESM1v_ensemble,10,0.19848015634656635,0.18507931246271536,0.013400843883850988,4.723960662589471,4.7829982537767775,-0.05903759118730641
KCNJ2_MOUSE_Coyote-Maestas_2022_function,KCNJ2_MOUSE,Eukaryote,Activity,ESM1v_ensemble,10,0.36131685435964833,0.3482183277262747,0.013098526633373658,14.068353739239523,14.351777670488143,-0.2834239312486197
LGK_LIPST_Klesmith_2015,LGK_LIPST,Eukaryote,Activity,ESM1v_ensemble,10,0.561236089583865,0.5483245322452849,0.012911557338580109,13.974820944462158,14.003001396519887,-0.02818045205772677
NKX31_HUMAN_Tsuboyama_2023_2L9R,NKX31_HUMAN,Human,Stability,ESM1v_ensemble,10,0.4927400452215337,0.4799584343289266,0.012781610892607103,15.199125965288388,14.91762120962882,0.28150475565956795
ANCSZ_Hobbs_2022,ANCSZ,Eukaryote,Activity,ESM1v_ensemble,10,0.5556544700320554,0.5432138018541399,0.012440668177915466,53.983765963249084,53.35039813490003,0.6333678283490499
UBR5_HUMAN_Tsuboyama_2023_1I2T,UBR5_HUMAN,Human,Stability,ESM1v_ensemble,10,0.41346852971083214,0.40189475441796085,0.011573775292871246,3.0280678604174542,2.9657516331963194,0.062316227221134876
MYO3_YEAST_Tsuboyama_2023_2BTT,MYO3_YEAST,Eukaryote,Stability,ESM1v_ensemble,10,0.4500254125715686,0.43886758893281036,0.01115782363875828,2.1086290375292216,2.203397882069446,-0.09476884454022476
PPM1D_HUMAN_Miller_2022,PPM1D_HUMAN,Human,OrganismalFitness,ESM1v_ensemble,10,0.6214275428417685,0.6103085011423575,0.011119041699411114,28.58016275230846,28.493167097972673,0.08699565433578975
HXK4_HUMAN_Gersing_2022_activity,HXK4_HUMAN,Human,OrganismalFitness,ESM1v_ensemble,10,0.49581084629941874,0.4849273019581705,0.01088354434124813,13.896670113880827,14.007698829586435,-0.11102871570560673
P53_HUMAN_Giacomelli_2018_Null_Etoposide,P53_HUMAN,Human,OrganismalFitness,ESM1v_ensemble,10,0.5120162959687866,0.5013241185461865,0.010692177422600136,5.828203946642786,5.804978439669162,0.02322550697362429
MLAC_ECOLI_MacRae_2023,MLAC_ECOLI,Prokaryote,OrganismalFitness,ESM1v_ensemble,10,0.43688754103658817,0.4263661432150044,0.01052139782158384,25.50399196198103,25.75211778154212,-0.24812581956108914
TPMT_HUMAN_Matreyek_2018,TPMT_HUMAN,Human,Expression,ESM1v_ensemble,10,0.5429283973135622,0.5326407754894569,0.010287621824105364,19.670219986994407,19.827055878223383,-0.156835891228976
SC6A4_HUMAN_Young_2021,SC6A4_HUMAN,Human,Activity,ESM1v_ensemble,10,0.5469335885498989,0.5366542744301498,0.010279314119749028,4.142227884807224,4.170006676788105,-0.027778791980881134
CBPA2_HUMAN_Tsuboyama_2023_1O6X,CBPA2_HUMAN,Human,Stability,ESM1v_ensemble,10,0.4075701810670336,0.3979376717123137,0.009632509354719918,1.159661617223334,1.0902475990780616,0.0694140181452724
POLG_CXB3N_Mattenberger_2021,POLG_CXB3N,Virus,OrganismalFitness,ESM1v_ensemble,10,0.04689688757666603,0.03744704667159331,0.009449840905072721,2.2836186783910697,2.2909941128492592,-0.0073754344581892
TAT_HV1BR_Fernandes_2016,TAT_HV1BR,Virus,OrganismalFitness,ESM1v_ensemble,10,0.3237845001834939,0.31477482424447023,0.009009675939023718,45.018576544409584,44.776530023615905,0.24204652079367933
SBI_STAAM_Tsuboyama_2023_2JVG,SBI_STAAM,Prokaryote,Stability,ESM1v_ensemble,10,0.2804244264601412,0.272126785777484,0.00829764068265718,2.058160678154562,2.0639713305331613,-0.00581065237859959
BBC1_YEAST_Tsuboyama_2023_1TG0,BBC1_YEAST,Eukaryote,Stability,ESM1v_ensemble,10,0.49487450499584273,0.48662484332962147,0.008249661666221254,2.385735635741809,2.3942716065619027,-0.008535970820093608
POLG_HCVJF_Qi_2014,POLG_HCVJF,Virus,OrganismalFitness,ESM1v_ensemble,10,0.6341255882737278,0.6262292005190611,0.007896387754666745,14.23437784240511,14.551879830572835,-0.317501988167724
CASP3_HUMAN_Roychowdhury_2020,CASP3_HUMAN,Human,Activity,ESM1v_ensemble,10,0.603676069153776,0.5959124778536665,0.007763591300109518,7.800625649702683,7.665469332234544,0.13515631746813872
NUD15_HUMAN_Suiter_2020,NUD15_HUMAN,Human,Expression,ESM1v_ensemble,10,0.6420064983369834,0.6352567725123645,0.006749725824618991,21.155021215837305,20.868312169493848,0.2867090463434572
RS15_GEOSE_Tsuboyama_2023_1A32,RS15_GEOSE,Prokaryote,Stability,ESM1v_ensemble,10,0.3966725853521324,0.39011865697998804,0.00655392837214438,9.707513180989343,9.749476182205107,-0.04196300121576435
SRC_HUMAN_Chakraborty_2023_binding-DAS_25uM,SRC_HUMAN,Human,Activity,ESM1v_ensemble,10,0.5059787352084464,0.4999346274777798,0.006044107730666571,14.951989372717389,15.041020651491376,-0.08903127877398838
CAS9_STRP1_Spencer_2017_positive,CAS9_STRP1,Prokaryote,Activity,ESM1v_ensemble,10,0.07557524605533508,0.07032204667115707,0.005253199384178002,2.3170366015774837,2.2984698751561012,0.01856672642138233
S22A1_HUMAN_Yee_2023_abundance,S22A1_HUMAN,Human,Expression,ESM1v_ensemble,10,0.6591365893488843,0.6540470189772873,0.00508957037159693,4.499329980270383,4.480322641596205,0.01900733867417781
CD19_HUMAN_Klesmith_2019_FMC_singles,CD19_HUMAN,Human,Binding,ESM1v_ensemble,10,0.07017900138103851,0.06543331537825986,0.004745686002778651,1.1651944061602146,1.1449205673500393,0.020273838810175436
EPHB2_HUMAN_Tsuboyama_2023_1F0M,EPHB2_HUMAN,Human,Stability,ESM1v_ensemble,10,0.6382364510936523,0.6339227829152299,0.0043136681784224475,2.2032423695415773,2.0904402310141883,0.11280213852738878
YNZC_BACSU_Tsuboyama_2023_2JVD,YNZC_BACSU,Prokaryote,Stability,ESM1v_ensemble,10,0.5182019271808004,0.5140152560897768,0.004186671091023647,5.073232799932375,4.9596186877189465,0.1136141122134287
MBD11_ARATH_Tsuboyama_2023_6ACV,MBD11_ARATH,Eukaryote,Stability,ESM1v_ensemble,10,0.31004215424755155,0.3061072625899574,0.0039348916575941365,2.3653815512164513,2.4390982617406363,-0.07371671052418509
DYR_ECOLI_Nguyen_2023,DYR_ECOLI,Prokaryote,OrganismalFitness,ESM1v_ensemble,10,0.5617176927226852,0.5578017016407875,0.003915991081897813,23.646281675306128,23.565000449187647,0.08128122611848063
NCAP_I34A1_Doud_2015,NCAP_I34A1,Virus,OrganismalFitness,ESM1v_ensemble,10,0.016562240892454637,0.01423542741614114,0.002326813476313494,2.281938674540908,2.3000112740160064,-0.01807259947509876
CSN4_MOUSE_Tsuboyama_2023_1UFM,CSN4_MOUSE,Eukaryote,Stability,ESM1v_ensemble,10,0.6029616163808698,0.600733006204089,0.002228610176780699,4.1418445127177606,3.9780327164302576,0.16381179628750236
HMDH_HUMAN_Jiang_2019,HMDH_HUMAN,Human,OrganismalFitness,ESM1v_ensemble,10,0.3136306662383891,0.3117002895854043,0.001930376652984772,34.02826175235823,33.869639589999124,0.15862216235911575
Q837P4_ENTFA_Meier_2023,Q837P4_ENTFA,Prokaryote,Activity,ESM1v_ensemble,10,0.5647573855808969,0.5635455977119885,0.0012117878689085037,3.863494421504318,3.9317236214909066,-0.06822919998658916
SCIN_STAAR_Tsuboyama_2023_2QFF,SCIN_STAAR,Prokaryote,Stability,ESM1v_ensemble,10,0.2720825576513604,0.2709835471563722,0.0010990104949882007,1.5984955025493932,1.6144613270340649,-0.015965824484671563
P53_HUMAN_Kotler_2018,P53_HUMAN,Human,OrganismalFitness,ESM1v_ensemble,10,0.6266440768012231,0.6256430938912165,0.0010009829100066758,6.709562963666447,6.676129176967055,0.03343378669939288
PSAE_PICP2_Tsuboyama_2023_1PSE,PSAE_PICP2,Prokaryote,Stability,ESM1v_ensemble,10,0.4245693468644288,0.42369408102246275,0.0008752658419660219,9.264632889533514,9.05397134854791,0.21066154098560377
KKA2_KLEPN_Melnikov_2014,KKA2_KLEPN,Prokaryote,OrganismalFitness,ESM1v_ensemble,10,0.6227885412926686,0.6219528939626174,0.000835647330051098,6.798832183568345,7.029133302914779,-0.23030111934643474
Q8WTC7_9CNID_Somermeyer_2022,Q8WTC7_9CNID,Eukaryote,Activity,ESM1v_ensemble,10,-0.00940999965707623,-0.009939326624977863,0.0005293269679016319,2.7004131830076816,2.7077288033571385,-0.0073156203494569635
CASP7_HUMAN_Roychowdhury_2020,CASP7_HUMAN,Human,Activity,ESM1v_ensemble,10,0.6323100478953263,0.6320083158108056,0.00030173208452070053,6.364278808191596,6.502302828044572,-0.13802401985297558
A0A2Z5U3Z0_9INFA_Doud_2016,A0A2Z5U3Z0_9INFA,Virus,OrganismalFitness,ESM1v_ensemble,10,0.5516163063765704,0.5514603076243125,0.00015599875225779102,4.604674885972836,4.56516944364621,0.03950544232662612
ENV_HV1BR_Haddox_2016,ENV_HV1BR,Virus,OrganismalFitness,ESM1v_ensemble,10,0.3324403601983797,0.332324526329428,0.0001158338689516425,137.81446823556507,137.1344016361664,0.6800665993986769
SPG2_STRSG_Tsuboyama_2023_5UBS,SPG2_STRSG,Prokaryote,Stability,ESM1v_ensemble,10,0.12785402231396734,0.12796511876865313,-0.00011109645468579399,2.1961215480983998,2.2103955089034124,-0.01427396080501262
Q59976_STRSQ_Romero_2015,Q59976_STRSQ,Prokaryote,Activity,ESM1v_ensemble,10,0.5500563017166663,0.5504602559595406,-0.0004039542428742104,4.231631306748914,4.290865540244946,-0.059234233496030964
RASH_HUMAN_Bandaru_2017,RASH_HUMAN,Human,Activity,ESM1v_ensemble,10,0.41766583882391356,0.41821811913749996,-0.0005522803135864452,37.94455242654929,38.43898670521536,-0.49443427866607337
S22A1_HUMAN_Yee_2023_activity,S22A1_HUMAN,Human,Activity,ESM1v_ensemble,10,0.6148916286165451,0.6154649813021004,-0.0005733526855552396,7.5769711492347085,7.599723766533993,-0.022752617299284062
RDRP_I33A0_Li_2023,RDRP_I33A0,Virus,OrganismalFitness,ESM1v_ensemble,10,0.051865100303413424,0.053300230981414495,-0.0014351306780010752,2.326470005036049,2.33582679922642,-0.00935679419037112
HSP82_YEAST_Flynn_2019,HSP82_YEAST,Eukaryote,OrganismalFitness,ESM1v_ensemble,10,0.4182963422913054,0.4201471748282315,-0.0018508325369261114,23.243682200528934,23.16535319483023,0.07832900569870382
HXK4_HUMAN_Gersing_2023_abundance,HXK4_HUMAN,Human,Expression,ESM1v_ensemble,10,0.34516442724282226,0.34724497494408524,-0.0020805477012629916,30.011012051135822,30.32406684729072,-0.31305479615490306
RCRO_LAMBD_Tsuboyama_2023_1ORC,RCRO_LAMBD,Virus,Stability,ESM1v_ensemble,10,0.4235932280862135,0.42572248291888837,-0.0021292548326748233,2.069333771755336,1.9483553122306472,0.1209784595246888
MET_HUMAN_Estevam_2023,MET_HUMAN,Human,Activity,ESM1v_ensemble,10,0.5460166473419485,0.548203692747873,-0.0021870454059243925,1.363369555758081,1.3377470213691458,0.02562253438893509
D7PM05_CLYGR_Somermeyer_2022,D7PM05_CLYGR,Eukaryote,Activity,ESM1v_ensemble,10,0.019107842334111887,0.02145948942401491,-0.0023516470899030196,2.180566404490661,2.1886962489926036,-0.008129844501942606
P53_HUMAN_Giacomelli_2018_Null_Nutlin,P53_HUMAN,Human,OrganismalFitness,ESM1v_ensemble,10,0.49898797937225564,0.5014180954866472,-0.002430116114391495,5.815356995894049,5.780310210336118,0.035046785557930796
UBE4B_MOUSE_Starita_2013,UBE4B_MOUSE,Eukaryote,Activity,ESM1v_ensemble,10,0.47381699735915656,0.4763124466083921,-0.002495449249235554,3.022433201283623,2.8510616017314607,0.17137159955216247
PABP_YEAST_Melamed_2013,PABP_YEAST,Eukaryote,OrganismalFitness,ESM1v_ensemble,10,0.6603285781055315,0.6628866519061526,-0.002558073800621186,20.36600251102149,19.349167142595228,1.0168353684262639
Q2N0S5_9HIV1_Haddox_2018,Q2N0S5_9HIV1,Virus,OrganismalFitness,ESM1v_ensemble,10,0.5287323135252981,0.5314063385766776,-0.0026740250513794415,2.967369426673105,2.952107712441335,0.015261714231769785
A4D664_9INFA_Soh_2019,A4D664_9INFA,Virus,OrganismalFitness,ESM1v_ensemble,10,0.03389997366221896,0.036816793309704325,-0.002916819647485367,3.2109362643845154,3.27073133030337,-0.05979506591885433
PIN1_HUMAN_Tsuboyama_2023_1I6C,PIN1_HUMAN,Human,Stability,ESM1v_ensemble,10,0.6478468637340207,0.6508580584992953,-0.0030111947652746605,6.036963712041784,6.811578601132529,-0.7746148890907459
CP2C9_HUMAN_Amorosi_2021_abundance,CP2C9_HUMAN,Human,Expression,ESM1v_ensemble,10,0.618580154123305,0.6221848241707979,-0.0036046700474928416,22.0206561270161,22.018864590744204,0.0017915362718948558
Q53Z42_HUMAN_McShan_2019_expression,Q53Z42_HUMAN,Human,Expression,ESM1v_ensemble,10,0.5035511420516037,0.5072138563308618,-0.0036627142792581557,3.530658492459346,3.5570715664062136,-0.026413073946867184
SERC_HUMAN_Xie_2023,SERC_HUMAN,Human,OrganismalFitness,ESM1v_ensemble,10,0.5382783771684005,0.5420384293839962,-0.003760052215595583,20.764168666066325,21.086279786705045,-0.3221111206387192
PAI1_HUMAN_Huttinger_2021,PAI1_HUMAN,Human,Activity,ESM1v_ensemble,10,0.4249656757361969,0.4295850376803106,-0.004619361944113692,3.1812268079675112,3.070973078342513,0.11025372962499799
TPK1_HUMAN_Weile_2017,TPK1_HUMAN,Human,OrganismalFitness,ESM1v_ensemble,10,0.3108886492792335,0.31560185237508487,-0.004713203095851337,16.786332024055945,16.670439650442727,0.11589237361321576
BRCA1_HUMAN_Findlay_2018,BRCA1_HUMAN,Human,OrganismalFitness,ESM1v_ensemble,10,0.4487009544008484,0.4537669280396475,-0.005065973638799143,2.91818075056937,2.9396503913180734,-0.021469640748703122
MSH2_HUMAN_Jia_2020,MSH2_HUMAN,Human,OrganismalFitness,ESM1v_ensemble,10,0.3981698325340555,0.40375077481638166,-0.005580942282326151,4.829870724404178,4.854838930598074,-0.02496820619389579
KCNJ2_MOUSE_Coyote-Maestas_2022_surface,KCNJ2_MOUSE,Eukaryote,Expression,ESM1v_ensemble,10,0.2984285364543746,0.3040484075039328,-0.005619871049558234,3.6002794948342314,3.6814252566415306,-0.08114576180729971
OXDA_RHOTO_Vanella_2023_expression,OXDA_RHOTO,Eukaryote,Expression,ESM1v_ensemble,10,0.312732014603616,0.3185379425058506,-0.00580592790223462,33.70995603652035,34.61922490099555,-0.9092688644751877
TADBP_HUMAN_Bolognesi_2019,TADBP_HUMAN,Human,OrganismalFitness,ESM1v_ensemble,10,0.04360509731071719,0.0504891862826594,-0.006884088971942213,39.371607372997644,39.82650457886583,-0.45489720586818405
A0A2Z5U3Z0_9INFA_Wu_2014,A0A2Z5U3Z0_9INFA,Virus,OrganismalFitness,ESM1v_ensemble,10,0.4899218652685143,0.4982074849865768,-0.008285619718062465,6.387012869303788,6.380107984178515,0.006904885125272741
HSP82_YEAST_Cote-Hammarlof_2020_growth-H2O2,HSP82_YEAST,Eukaryote,OrganismalFitness,ESM1v_ensemble,10,0.4546259312311546,0.4633611048399093,-0.008735173608754799,597.0967854150313,605.780810993291,-8.684025578259718
A0A1I9GEU1_NEIME_Kennouche_2019,A0A1I9GEU1_NEIME,Prokaryote,Activity,ESM1v_ensemble,10,0.10335280189064586,0.112953776686692,-0.009600974796046139,5.452536398263817,5.340624609349557,0.11191178891426032
P53_HUMAN_Giacomelli_2018_WT_Nutlin,P53_HUMAN,Human,OrganismalFitness,ESM1v_ensemble,10,0.5499507693406628,0.5596113210497778,-0.009660551709115072,5.454930014077163,5.417477605490608,0.03745240858655565
SRC_HUMAN_Nguyen_2022,SRC_HUMAN,Human,OrganismalFitness,ESM1v_ensemble,10,0.5064902026201138,0.5167623111580537,-0.010272108537939823,16.835657735125988,16.94117510205009,-0.10551736692409612
AMIE_PSEAE_Wrenbeck_2017,AMIE_PSEAE,Prokaryote,Activity,ESM1v_ensemble,10,0.6643649548675508,0.6748515146249822,-0.010486559757431424,22.150800787061268,22.226107737683115,-0.07530695062184378
TCRG1_MOUSE_Tsuboyama_2023_1E0L,TCRG1_MOUSE,Eukaryote,Stability,ESM1v_ensemble,10,0.7171066052227342,0.7276169436548502,-0.010510338432116018,5.254011034216792,5.423280343888259,-0.16926930967146694
CCR5_HUMAN_Gill_2023,CCR5_HUMAN,Human,Binding,ESM1v_ensemble,10,0.34950703092149943,0.3600926718835885,-0.010585640962089127,11.199373354402343,10.717783969385398,0.4815893850169459
Q837P5_ENTFA_Meier_2023,Q837P5_ENTFA,Prokaryote,Activity,ESM1v_ensemble,10,0.3417118983065914,0.35263034512792035,-0.010918446821328925,3.949709064044748,4.121559204869588,-0.17185014082484024
CCDB_ECOLI_Adkar_2012,CCDB_ECOLI,Prokaryote,Activity,ESM1v_ensemble,10,0.4226119294438891,0.43433187473607243,-0.011719945292183384,1.4122221646345994,1.4643254628105438,-0.05210329817594452
Q53Z42_HUMAN_McShan_2019_binding-TAPBPR,Q53Z42_HUMAN,Human,Binding,ESM1v_ensemble,10,0.31678027136249626,0.3288381645240034,-0.012057893161507054,7.156906286697489,7.160163125126441,-0.0032568384289522355
PTEN_HUMAN_Matreyek_2021,PTEN_HUMAN,Human,Expression,ESM1v_ensemble,10,0.4551922194467911,0.4681866646439653,-0.012994445197174182,33.84221607432198,33.300729370759925,0.5414867035620595
YAIA_ECOLI_Tsuboyama_2023_2KVT,YAIA_ECOLI,Prokaryote,Stability,ESM1v_ensemble,10,0.3314816144417662,0.3463584130257212,-0.014876798583954942,1.3697193683196607,1.3903202743603402,-0.020600906040679302
CBS_HUMAN_Sun_2020,CBS_HUMAN,Human,OrganismalFitness,ESM1v_ensemble,10,0.36223894522835104,0.37761035216410627,-0.015371406935755273,20.307357671754907,20.370446592380745,-0.06308892062583844
OTC_HUMAN_Lo_2023,OTC_HUMAN,Human,Activity,ESM1v_ensemble,10,0.5800943550099895,0.595632744793831,-0.015538389783841445,18.297531806138565,18.54548611632618,-0.2479543101876171
A0A140D2T1_ZIKV_Sourisseau_2019,A0A140D2T1_ZIKV,Virus,OrganismalFitness,ESM1v_ensemble,10,0.0050853790703348275,0.020865175321316223,-0.015779796250981398,4.222563523024983,4.342710763516247,-0.12014724049126384
REV_HV1H2_Fernandes_2016,REV_HV1H2,Virus,OrganismalFitness,ESM1v_ensemble,10,0.2489815671836931,0.2652577855736761,-0.016276218389982996,41.3136098831105,40.955897677195665,0.3577122059148309
CAPSD_AAV2S_Sinai_2021,CAPSD_AAV2S,Virus,OrganismalFitness,ESM1v_ensemble,10,0.17400615215815357,0.19156517688989694,-0.017559024731743377,1.0469402834158865,1.0408259783514195,0.006114305064467074
SRC_HUMAN_Ahler_2019,SRC_HUMAN,Human,Activity,ESM1v_ensemble,10,0.5789808789703791,0.5966449807674417,-0.017664101797062494,9.80388069431254,9.794339801994914,0.009540892317625805
CP2C9_HUMAN_Amorosi_2021_activity,CP2C9_HUMAN,Human,Binding,ESM1v_ensemble,10,0.6647440901125359,0.6825050956417291,-0.017761005529193307,19.221352310306138,19.37765644612533,-0.15630413581919028
SOX30_HUMAN_Tsuboyama_2023_7JJK,SOX30_HUMAN,Human,Stability,ESM1v_ensemble,10,0.3314970288294178,0.34933120233433174,-0.017834173504913974,7.05112688756204,7.041580216592524,0.009546670969515603
FKBP3_HUMAN_Tsuboyama_2023_2KFV,FKBP3_HUMAN,Human,Stability,ESM1v_ensemble,10,0.1636379657325921,0.1836625132005902,-0.020024547467998123,1.4273664585148103,1.4799403608458344,-0.05257390233102399
MTHR_HUMAN_Weile_2021,MTHR_HUMAN,Human,OrganismalFitness,ESM1v_ensemble,10,0.322007701135554,0.3431204050975386,-0.021112703961984645,30.1021140725519,29.937630181159925,0.16448389139197453
AACC1_PSEAI_Dandage_2018,AACC1_PSEAI,Prokaryote,OrganismalFitness,ESM1v_ensemble,10,0.47047150079327416,0.4919829153030986,-0.021511414509824446,3.1648861290380004,3.2882940949208055,-0.12340796588280542
HEM3_HUMAN_Loggerenberg_2023,HEM3_HUMAN,Human,Activity,ESM1v_ensemble,10,0.3779189341823902,0.3997186671734271,-0.021799732991036897,19.38680177303256,19.652823910390225,-0.266022137357664
A4GRB6_PSEAI_Chen_2020,A4GRB6_PSEAI,Prokaryote,OrganismalFitness,ESM1v_ensemble,10,0.6636578056673865,0.6875258489368659,-0.02386804326947939,1.3942205331708284,1.3991318625521258,-0.004911329381297414
RNC_ECOLI_Weeks_2023,RNC_ECOLI,Prokaryote,Activity,ESM1v_ensemble,10,0.5910129345763782,0.6150356891528117,-0.02402275457643352,11.595884449795005,11.798759932890508,-0.20287548309550604
POLG_PESV_Tsuboyama_2023_2MXD,POLG_PESV,Virus,Stability,ESM1v_ensemble,10,0.06309090909090909,0.08734093695395663,-0.024250027863047533,1.3510615548850342,1.26629363911319,0.08476791577184424
GDIA_HUMAN_Silverstein_2021,GDIA_HUMAN,Human,OrganismalFitness,ESM1v_ensemble,10,0.43354761859475477,0.4582116382890293,-0.024664019694274463,28.19118924373898,28.155580507513697,0.03560873622528256
CAR11_HUMAN_Meitlis_2020_gof,CAR11_HUMAN,Human,OrganismalFitness,ESM1v_ensemble,10,0.2866808122316215,0.3124938146020598,-0.02581300237043833,7.7149123472535255,7.552667011684714,0.16224533556881182
SPG1_STRSG_Olson_2014,SPG1_STRSG,Prokaryote,Binding,ESM1v_ensemble,10,0.19467755024809114,0.2215375651085505,-0.026860014860459365,3.2938510379289583,3.1617239133587978,0.1321271245701608
SHOC2_HUMAN_Kwon_2022,SHOC2_HUMAN,Human,OrganismalFitness,ESM1v_ensemble,10,0.40448061776321487,0.43403624543928815,-0.029555627676073348,10.7759244593856,10.925377523977044,-0.14945306459144395
R1AB_SARS2_Flynn_2022,R1AB_SARS2,Virus,OrganismalFitness,ESM1v_ensemble,10,-0.05829452744935372,-0.028468635299126382,-0.029825892150227334,3.003635750059053,2.9599533872489427,0.04368236281011022
DLG4_RAT_McLaughlin_2012,DLG4_RAT,Eukaryote,Binding,ESM1v_ensemble,10,0.5730813882129194,0.6033456349419014,-0.030264246728981915,28.591242374606452,29.404605177983633,-0.8133628033771799
CATR_CHLRE_Tsuboyama_2023_2AMI,CATR_CHLRE,Eukaryote,Stability,ESM1v_ensemble,10,0.3860681139642416,0.41744338519532953,-0.03137527123108782,8.817856253614067,8.767188079441683,0.05066817417238534
TPOR_HUMAN_Bridgford_2020,TPOR_HUMAN,Human,OrganismalFitness,ESM1v_ensemble,10,0.3462198083704838,0.3778489903076364,-0.03162918193715262,8.239258261481968,7.9337916993967825,0.30546656208518713
FECA_ECOLI_Tsuboyama_2023_2D1U,FECA_ECOLI,Prokaryote,Stability,ESM1v_ensemble,10,0.4204179935483604,0.45311813136347745,-0.032700137815117034,3.1182878522838977,3.13667877159266,-0.018390919308762445
POLG_DEN26_Suphatrakul_2023,POLG_DEN26,Virus,OrganismalFitness,ESM1v_ensemble,10,-0.00027109319251945977,0.03487673985903864,-0.0351478330515581,1.7981102241593685,1.76199389629276,0.036116327866608566
SPIKE_SARS2_Starr_2020_expression,SPIKE_SARS2,Virus,Expression,ESM1v_ensemble,10,0.021903094270770637,0.060443174825056456,-0.038540080554285816,1.4968362195722902,1.481781233555987,0.015054986016303173
SPIKE_SARS2_Starr_2020_binding,SPIKE_SARS2,Virus,Binding,ESM1v_ensemble,10,-0.026870092544624784,0.012824917145435325,-0.03969500969006011,1.2790570804071628,1.289264309647042,-0.01020722923987929
DN7A_SACS2_Tsuboyama_2023_1JIC,DN7A_SACS2,Prokaryote,Stability,ESM1v_ensemble,10,0.10938290064577372,0.15236279975976683,-0.04297989911399312,1.5478258909090645,1.5083295921672042,0.039496298741860406
RASK_HUMAN_Weng_2022_binding-DARPin_K55,RASK_HUMAN,Human,Binding,ESM1v_ensemble,10,0.5357460987974276,0.5817509936694364,-0.046004894872008865,33.270411807868484,33.14747159822495,0.12294020964352832
NUSG_MYCTU_Tsuboyama_2023_2MI6,NUSG_MYCTU,Prokaryote,Stability,ESM1v_ensemble,10,0.4564889639623722,0.5051763614169781,-0.04868739745460597,4.46407596808668,4.289685954293406,0.1743900137932755
ILF3_HUMAN_Tsuboyama_2023_2L33,ILF3_HUMAN,Human,Stability,ESM1v_ensemble,10,0.3384772722563245,0.3878674149470502,-0.049390142690725704,8.527617492799513,8.354759428306817,0.17285806449269492
SDA_BACSU_Tsuboyama_2023_1PV0,SDA_BACSU,Prokaryote,Stability,ESM1v_ensemble,10,0.5122940006389974,0.5633730948072957,-0.05107909416829828,4.734911720491626,4.815122975780094,-0.08021125528846826
A0A247D711_LISMN_Stadelmann_2021,A0A247D711_LISMN,Prokaryote,Activity,ESM1v_ensemble,10,0.06585182875759296,0.12366328128611018,-0.0578114525285172,1.6070869575732363,1.6055886093205074,0.001498348252728854
HCP_LAMBD_Tsuboyama_2023_2L6Q,HCP_LAMBD,Virus,Stability,ESM1v_ensemble,10,0.5033344801651437,0.564630470832318,-0.06129599066717421,1.866514105288569,1.8446416201669358,0.02187248512163309
A4_HUMAN_Seuma_2022,A4_HUMAN,Human,Stability,ESM1v_ensemble,10,0.3832816711590296,0.454538774868609,-0.07125710370957931,7.037131893138505,6.89790763822567,0.13922425491283502
ODP2_GEOSE_Tsuboyama_2023_1W4G,ODP2_GEOSE,Prokaryote,Stability,ESM1v_ensemble,10,0.11036197458821184,0.1836279973883182,-0.07326602280010634,2.241156028126625,2.187810742512893,0.05334528561373222
RL20_AQUAE_Tsuboyama_2023_1GYZ,RL20_AQUAE,Prokaryote,Stability,ESM1v_ensemble,10,0.36840149599662875,0.4444620052912035,-0.07606050929457472,6.33609004219654,6.050113309783721,0.2859767324128183
RAD_ANTMA_Tsuboyama_2023_2CJJ,RAD_ANTMA,Eukaryote,Stability,ESM1v_ensemble,10,0.32789404144242856,0.4091949504857616,-0.08130090904333301,8.298565172227203,7.8995782654040765,0.39898690682312604
KCNE1_HUMAN_Muhammad_2023_expression,KCNE1_HUMAN,Human,Expression,ESM1v_ensemble,10,0.1104399526241068,0.200867624881514,-0.0904276722574072,13.276311013447629,11.845328277317106,1.430982736130522
MAFG_MOUSE_Tsuboyama_2023_1K1V,MAFG_MOUSE,Eukaryote,Stability,ESM1v_ensemble,10,0.43046788093227717,0.5319430085346025,-0.10147512760232535,3.58895723566368,3.4253473302409168,0.1636099054227628
PITX2_HUMAN_Tsuboyama_2023_2L7M,PITX2_HUMAN,Human,Stability,ESM2_150M,10,0.6440944398391206,0.5074935891409215,0.13660085069819913,3.249688648001129,3.199286093438192,0.05040255456293696
CUE1_YEAST_Tsuboyama_2023_2MYX,CUE1_YEAST,Eukaryote,Stability,ESM2_150M,10,0.4517220653072472,0.3277919534712573,0.1239301118359899,2.6437221756209666,2.5035857522096734,0.1401364234112935
PKN1_HUMAN_Tsuboyama_2023_1URF,PKN1_HUMAN,Human,Stability,ESM2_150M,10,0.477563596358016,0.35998363989434323,0.11757995646367274,4.210661234100409,4.132151646984232,0.07850958711617761
PSAE_PICP2_Tsuboyama_2023_1PSE,PSAE_PICP2,Prokaryote,Stability,ESM2_150M,10,0.5409088468417117,0.42634238789939277,0.11456645894231894,4.465621142861816,4.207999197636109,0.2576219452257074
SAV1_MOUSE_Tsuboyama_2023_2YSB,SAV1_MOUSE,Eukaryote,Stability,ESM2_150M,10,0.5969428939458995,0.49950574863614083,0.09743714530975864,3.0897624676828555,2.920797569642878,0.16896489803997763
RPC1_BP434_Tsuboyama_2023_1R69,RPC1_BP434,Virus,Stability,ESM2_150M,10,0.7100814369995787,0.6162450863049945,0.0938363506945842,2.70831334357692,2.5415230119141317,0.16679033166278834
RL40A_YEAST_Roscoe_2014,RL40A_YEAST,Eukaryote,Activity,ESM2_150M,10,0.5320934918166123,0.4430456814324663,0.08904781038414593,12.818341244976258,12.28098775502104,0.5373534899552205
DNJA1_HUMAN_Tsuboyama_2023_2LO1,DNJA1_HUMAN,Human,Stability,ESM2_150M,10,0.6373262456166436,0.559623453020156,0.07770279259648763,3.675066841874692,3.74687180224534,-0.0718049603706489
VILI_CHICK_Tsuboyama_2023_1YU5,VILI_CHICK,Eukaryote,Stability,ESM2_150M,10,0.6205824560200268,0.5471092501939814,0.07347320582604541,4.747012141833875,5.030797321952531,-0.2837851801186565
RASK_HUMAN_Weng_2022_abundance,RASK_HUMAN,Human,Expression,ESM2_150M,10,0.24270575651540321,0.17583088874085706,0.06687486777454617,18.04291462868057,18.135564066780326,-0.09264943809975427
NUSA_ECOLI_Tsuboyama_2023_1WCL,NUSA_ECOLI,Prokaryote,Stability,ESM2_150M,10,0.378344377864764,0.31429564337059335,0.06404873449417069,2.2206027943534674,2.157980304134348,0.06262249021911918
VG08_BPP22_Tsuboyama_2023_2GP8,VG08_BPP22,Virus,Stability,ESM2_150M,10,0.598033774208786,0.5357168187432755,0.06231695546551043,5.022452392157388,4.683539850987242,0.3389125411701455
OBSCN_HUMAN_Tsuboyama_2023_1V1C,OBSCN_HUMAN,Human,Stability,ESM2_150M,10,0.630830159518684,0.5705386603457823,0.060291499172901865,1.7112918245735305,1.6685464820206306,0.042745342552899766
GFP_AEQVI_Sarkisyan_2016,GFP_AEQVI,Eukaryote,Activity,ESM2_150M,10,0.08696770905264542,0.028291536881161518,0.05867617217148391,6.180335883863995,6.221817622031223,-0.04148173816722798
CALM1_HUMAN_Weile_2017,CALM1_HUMAN,Human,OrganismalFitness,ESM2_150M,10,0.22320052678317226,0.17108798680121348,0.05211253998195875,20.440151112329737,20.171297206523366,0.2688539058063711
VKOR1_HUMAN_Chiasson_2020_abundance,VKOR1_HUMAN,Human,Expression,ESM2_150M,10,0.49921968336732003,0.4482232816899624,0.05099640167735762,11.752353835347233,11.570206981445581,0.1821468539016516
DOCK1_MOUSE_Tsuboyama_2023_2M0Y,DOCK1_MOUSE,Eukaryote,Stability,ESM2_150M,10,0.6135586699918543,0.5642340794775962,0.04932459051425806,3.451641238026184,3.789798938257306,-0.3381577002311217
P84126_THETH_Chan_2017,P84126_THETH,Prokaryote,OrganismalFitness,ESM2_150M,10,0.548792775469162,0.5002496514322693,0.048543124036892746,12.569808220788996,12.587615754264473,-0.017807533475475878
VRPI_BPT7_Tsuboyama_2023_2WNM,VRPI_BPT7,Virus,Stability,ESM2_150M,10,0.4895446284820194,0.4413941237406932,0.048150504741326136,2.1135005589644664,2.0972722762698455,0.0162282826946208
ISDH_STAAW_Tsuboyama_2023_2LHR,ISDH_STAAW,Prokaryote,Stability,ESM2_150M,10,0.31994990130159084,0.2718428203504674,0.048107080951123427,2.1694656605044194,2.1143892297141336,0.055076430790286214
Q6WV12_9MAXI_Somermeyer_2022,Q6WV12_9MAXI,Eukaryote,Activity,ESM2_150M,10,0.03717286380941913,-0.008493259640344194,0.04566612344976333,3.400276237871817,3.356367355269324,0.04390888260249324
NPC1_HUMAN_Erwood_2022_HEK293T,NPC1_HUMAN,Human,Activity,ESM2_150M,10,0.6148931056583044,0.5706131001422695,0.04428000551603482,12.324042428120038,11.985668810581855,0.33837361753818324
SRBS1_HUMAN_Tsuboyama_2023_2O2W,SRBS1_HUMAN,Human,Stability,ESM2_150M,10,0.6562555510394557,0.6120181314262327,0.0442374196132229,2.3945760127547144,2.4145378126184944,-0.01996179986377953
RL40A_YEAST_Mavor_2016,RL40A_YEAST,Eukaryote,OrganismalFitness,ESM2_150M,10,0.49822038708066785,0.45406303302627943,0.04415735405438844,24.605663463068407,23.664575264044622,0.9410881990237836
BLAT_ECOLX_Deng_2012,BLAT_ECOLX,Prokaryote,OrganismalFitness,ESM2_150M,10,0.4553796869827619,0.4115818158522015,0.043797871130560447,2.3530148398403616,2.2774653702410608,0.075549469599301
RFAH_ECOLI_Tsuboyama_2023_2LCL,RFAH_ECOLI,Prokaryote,Stability,ESM2_150M,10,0.14847678255188537,0.10603876494841476,0.042438017603470615,3.9704658224376446,3.9061761728951687,0.06428964954247589
THO1_YEAST_Tsuboyama_2023_2WQG,THO1_YEAST,Eukaryote,Stability,ESM2_150M,10,0.4311542214314411,0.3891381467151359,0.04201607471630524,4.371308678149061,4.621067966164198,-0.2497592880151364
ENVZ_ECOLI_Ghose_2023,ENVZ_ECOLI,Prokaryote,Activity,ESM2_150M,10,0.1834649560957307,0.14188017336200037,0.041584782733730376,6.5560412546501805,6.280433822641972,0.27560743200820886
BLAT_ECOLX_Firnberg_2014,BLAT_ECOLX,Prokaryote,OrganismalFitness,ESM2_150M,10,0.6612528065207177,0.6205139649027448,0.040738841617973,13.090301112107692,12.758500746581479,0.3318003655262146
OTU7A_HUMAN_Tsuboyama_2023_2L2D,OTU7A_HUMAN,Human,Stability,ESM2_150M,10,0.593065710536183,0.5540463481633491,0.03901936237283382,3.477575703967131,3.3378900553022333,0.1396856486648979
BLAT_ECOLX_Stiffler_2015,BLAT_ECOLX,Prokaryote,OrganismalFitness,ESM2_150M,10,0.6626501308560685,0.6242897510764117,0.03836037977965671,3.778454455076548,3.664920408299561,0.11353404677698697
DYR_ECOLI_Thompson_2019,DYR_ECOLI,Prokaryote,OrganismalFitness,ESM2_150M,10,0.4602761307506332,0.42263088113828784,0.03764524961234522,6.455726335129381,6.373911983937213,0.0818143511921682
IF1_ECOLI_Kelsic_2016,IF1_ECOLI,Prokaryote,OrganismalFitness,ESM2_150M,10,0.5567061285565716,0.5191120960377683,0.03759403251880343,26.919089429014235,28.279477920539215,-1.3603884915249818
SYUA_HUMAN_Newberry_2020,SYUA_HUMAN,Human,OrganismalFitness,ESM2_150M,10,0.13738482473929897,0.09981073912254264,0.03757408561675632,28.38735054958484,28.277732525327103,0.10961802425773684
ADRB2_HUMAN_Jones_2020,ADRB2_HUMAN,Human,Activity,ESM2_150M,10,0.48523728468380806,0.44811780418945873,0.03711948049434934,7.648561005380048,7.3894351521870645,0.25912585319298465
YNZC_BACSU_Tsuboyama_2023_2JVD,YNZC_BACSU,Prokaryote,Stability,ESM2_150M,10,0.5413001904199086,0.5058376387153825,0.03546255170452625,5.237514022638658,5.253502022200365,-0.01598799956170751
TRPC_THEMA_Chan_2017,TRPC_THEMA,Prokaryote,OrganismalFitness,ESM2_150M,10,0.5073953478329745,0.4720215366792619,0.03537381115371262,10.69731912419441,10.49906542389223,0.19825370030217843
GRB2_HUMAN_Faure_2021,GRB2_HUMAN,Human,OrganismalFitness,ESM2_150M,10,0.7345597785498588,0.6993254459924436,0.035234332557415114,11.937816724332535,10.661125643713548,1.2766910806189866
A0A2Z5U3Z0_9INFA_Doud_2016,A0A2Z5U3Z0_9INFA,Virus,OrganismalFitness,ESM2_150M,10,0.06399755124607145,0.029548021623167452,0.03444952962290401,1.818748534943658,1.852650548511813,-0.03390201356815479
BLAT_ECOLX_Jacquier_2013,BLAT_ECOLX,Prokaryote,OrganismalFitness,ESM2_150M,10,0.6335381842918154,0.5993131328898931,0.03422505140192236,1.5770450621069725,1.5650671848362738,0.011977877270698678
ODP2_GEOSE_Tsuboyama_2023_1W4G,ODP2_GEOSE,Prokaryote,Stability,ESM2_150M,10,0.4177234130101374,0.38361311617920313,0.03411029683093419,4.493354602902885,4.197343245148777,0.29601135775410825
CAR11_HUMAN_Meitlis_2020_lof,CAR11_HUMAN,Human,OrganismalFitness,ESM2_150M,10,0.46974040452127425,0.4372356394918331,0.03250476502944121,4.045824394497052,3.9048304371755593,0.14099395732149297
UBE4B_HUMAN_Tsuboyama_2023_3L1X,UBE4B_HUMAN,Human,Stability,ESM2_150M,10,0.6052878496690157,0.5728362544995436,0.03245159516947219,3.877128831715993,4.067442304405338,-0.190313472689345
AMIE_PSEAE_Wrenbeck_2017,AMIE_PSEAE,Prokaryote,Activity,ESM2_150M,10,0.43624386540432186,0.4074607273597809,0.02878313804454094,7.96997601186421,7.94970089505378,0.02027511681042924
VKOR1_HUMAN_Chiasson_2020_activity,VKOR1_HUMAN,Human,Activity,ESM2_150M,10,0.3672250470278886,0.3388064786740287,0.02841856835385993,9.751192685987782,9.011965226965724,0.7392274590220564
KCNE1_HUMAN_Muhammad_2023_function,KCNE1_HUMAN,Human,Activity,ESM2_150M,10,0.601252781998667,0.5740845380628917,0.027168243935775317,13.088563894902714,12.580247019633223,0.5083168752694904
RBP1_HUMAN_Tsuboyama_2023_2KWH,RBP1_HUMAN,Human,Stability,ESM2_150M,10,0.5399564647429154,0.5131584275177753,0.026798037225140077,2.859340083042558,2.7980580351298734,0.06128204791268521
DLG4_HUMAN_Faure_2021,DLG4_HUMAN,Human,OrganismalFitness,ESM2_150M,10,0.6495537088226351,0.6243748746436716,0.025178834178963477,19.68018336696116,19.257761494195368,0.42242187276579307
SR43C_ARATH_Tsuboyama_2023_2N88,SR43C_ARATH,Eukaryote,Stability,ESM2_150M,10,0.6350217941993491,0.6101002867350747,0.02492150746427445,2.4039111107544846,2.0721105132045126,0.33180059754997215
PTEN_HUMAN_Mighell_2018,PTEN_HUMAN,Human,Activity,ESM2_150M,10,0.5461132076021783,0.521684209060797,0.024428998541381218,2.917203485301637,2.8628603283815837,0.054343156920053426
ARGR_ECOLI_Tsuboyama_2023_1AOY,ARGR_ECOLI,Prokaryote,Stability,ESM2_150M,10,0.49949916305902187,0.47527971871575225,0.02421944434326958,2.131043885114391,2.1207783375185,0.010265547595891222
CBX4_HUMAN_Tsuboyama_2023_2K28,CBX4_HUMAN,Human,Stability,ESM2_150M,10,0.6937173238812583,0.6697657619419392,0.02395156193931902,3.977419665900647,3.6172592431596042,0.3601604227410428
ESTA_BACSU_Nutschel_2020,ESTA_BACSU,Prokaryote,Stability,ESM2_150M,10,0.2742453433282743,0.25062307089126956,0.023622272437004755,19.767473737627068,19.771417864678956,-0.003944127051883584
SCIN_STAAR_Tsuboyama_2023_2QFF,SCIN_STAAR,Prokaryote,Stability,ESM2_150M,10,0.288660324055257,0.2652736924741645,0.02338663158109247,1.5246361292889117,1.5714055638009057,-0.04676943451199407
GAL4_YEAST_Kitzman_2015,GAL4_YEAST,Eukaryote,OrganismalFitness,ESM2_150M,10,0.5128248931029195,0.48986198742324233,0.022962905679677063,0.9148435145181562,0.8928501982008983,0.02199331631725787
NUD15_HUMAN_Suiter_2020,NUD15_HUMAN,Human,Expression,ESM2_150M,10,0.45592667093114614,0.43540051634875904,0.020526154582387057,10.945938505007723,10.852583054460101,0.0933554505476227
MK01_HUMAN_Brenan_2016,MK01_HUMAN,Human,OrganismalFitness,ESM2_150M,10,0.21058059660827744,0.19035230259969643,0.020228294008580994,4.659425045199833,4.681192300605095,-0.02176725540526201
TNKS2_HUMAN_Tsuboyama_2023_5JRT,TNKS2_HUMAN,Human,Stability,ESM2_150M,10,0.6343159299594279,0.6145051995670856,0.019810730392342157,2.983871663186689,3.0240556139472496,-0.040183950760560805
BCHB_CHLTE_Tsuboyama_2023_2KRU,BCHB_CHLTE,Prokaryote,Stability,ESM2_150M,10,0.19128295860644795,0.1721300519802384,0.01915290662620953,1.3118906383044917,1.239191166767681,0.07269947153681078
PHOT_CHLRE_Chen_2023,PHOT_CHLRE,Eukaryote,Activity,ESM2_150M,10,0.6282108924356349,0.610467467902922,0.017743424532712982,18.419227036126394,17.918847351230777,0.5003796848956128
ACE2_HUMAN_Chan_2020,ACE2_HUMAN,Human,Binding,ESM2_150M,10,0.23856142735167274,0.22087911598066148,0.01768231137101123,3.223498411200277,3.407589340285848,-0.18409092908557073
SPA_STAAU_Tsuboyama_2023_1LP1,SPA_STAAU,Prokaryote,Stability,ESM2_150M,10,0.10003179422238095,0.08310572794368672,0.016926066278694245,1.9574254602079784,1.9361639165855702,0.021261543622408063
MYO3_YEAST_Tsuboyama_2023_2BTT,MYO3_YEAST,Eukaryote,Stability,ESM2_150M,10,0.5223297335835226,0.505744335134651,0.016585398448871497,2.507087418765265,2.5148114388358564,-0.007724020070591919
SERC_HUMAN_Xie_2023,SERC_HUMAN,Human,OrganismalFitness,ESM2_150M,10,0.531131882834607,0.5159574667402439,0.01517441609436308,18.256354875459785,18.392819726582587,-0.1364648511228051
UBE4B_MOUSE_Starita_2013,UBE4B_MOUSE,Eukaryote,Activity,ESM2_150M,10,0.47536159010898354,0.46022715645587625,0.01513443365310726,4.266256847107043,4.113787227935026,0.15246961917201668
HXK4_HUMAN_Gersing_2023_abundance,HXK4_HUMAN,Human,Expression,ESM2_150M,10,0.32182639231984667,0.3068465851101278,0.014979807209718818,15.09345332378742,15.346970456740546,-0.25351713295312733
I6TAH8_I68A0_Doud_2015,I6TAH8_I68A0,Virus,OrganismalFitness,ESM2_150M,10,0.01599813705640791,0.00119597554634109,0.014802161510066816,2.091229323827318,2.108204592702757,-0.016975268875438897
CASP3_HUMAN_Roychowdhury_2020,CASP3_HUMAN,Human,Activity,ESM2_150M,10,0.6256934515936163,0.6109394175598372,0.014754034033779206,7.640696886117145,7.4686460093435185,0.1720508767736268
BBC1_YEAST_Tsuboyama_2023_1TG0,BBC1_YEAST,Eukaryote,Stability,ESM2_150M,10,0.4968322082705036,0.4823586802979872,0.014473527972516446,2.610979896386616,2.6161248828057806,-0.005144986419164788
PA_I34A1_Wu_2015,PA_I34A1,Virus,OrganismalFitness,ESM2_150M,10,0.04305908288473668,0.029300784882426746,0.013758298002309936,2.194246350287517,2.2244794553677147,-0.030233105080197876
KCNJ2_MOUSE_Coyote-Maestas_2022_function,KCNJ2_MOUSE,Eukaryote,Activity,ESM2_150M,10,0.37409467802149743,0.36037252047024826,0.013722157551249208,9.285466792278196,9.462827339044686,-0.17736054676649077
SUMO1_HUMAN_Weile_2017,SUMO1_HUMAN,Human,OrganismalFitness,ESM2_150M,10,0.5320507250469804,0.518653946456002,0.01339677859097831,14.17095202335027,13.543022443582576,0.6279295797676958
TRPC_SACS2_Chan_2017,TRPC_SACS2,Prokaryote,OrganismalFitness,ESM2_150M,10,0.625346089063284,0.6121316523318993,0.013214436731384737,9.889692219977203,9.597984129152607,0.29170809082459714
HECD1_HUMAN_Tsuboyama_2023_3DKM,HECD1_HUMAN,Human,Stability,ESM2_150M,10,0.6119833657209484,0.5988236962727961,0.01315966944815219,2.609823554169166,2.7065772266912598,-0.09675367252209358
PPM1D_HUMAN_Miller_2022,PPM1D_HUMAN,Human,OrganismalFitness,ESM2_150M,10,0.4679786243354006,0.4548297225654229,0.013148901769977694,14.073622895978053,14.22713257434024,-0.15350967836218743
CCDB_ECOLI_Adkar_2012,CCDB_ECOLI,Prokaryote,Activity,ESM2_150M,10,0.3943718695086988,0.38140269945968297,0.012969170049015844,1.4042773904241046,1.458191239726168,-0.05391384930206335
SC6A4_HUMAN_Young_2021,SC6A4_HUMAN,Human,Activity,ESM2_150M,10,0.5044554729508105,0.49153598979199103,0.012919483158819444,2.9676059894271263,2.9784466204139166,-0.010840630986790334
HXK4_HUMAN_Gersing_2022_activity,HXK4_HUMAN,Human,OrganismalFitness,ESM2_150M,10,0.5165611672140862,0.5036584893825445,0.012902677831541554,6.8849841457971435,6.925766489276583,-0.040782343479438855
ANCSZ_Hobbs_2022,ANCSZ,Eukaryote,Activity,ESM2_150M,10,0.6069674135084729,0.5953964151745492,0.011570998333923754,30.197228628750697,30.044137007414655,0.15309162133603457
MLAC_ECOLI_MacRae_2023,MLAC_ECOLI,Prokaryote,OrganismalFitness,ESM2_150M,10,0.2772073844742614,0.2658155184846132,0.011391865989648206,13.736468527171855,13.993403596243095,-0.2569350690712417
A0A2Z5U3Z0_9INFA_Wu_2014,A0A2Z5U3Z0_9INFA,Virus,OrganismalFitness,ESM2_150M,10,0.06825592418085588,0.05690826000497658,0.011347664175879301,1.74351740514313,1.7764412900692084,-0.03292388492607816
PRKN_HUMAN_Clausen_2023,PRKN_HUMAN,Human,Expression,ESM2_150M,10,0.3590405749457838,0.3483786669856069,0.010661907960176905,8.120424544245344,8.006232222407343,0.11419232183800113
SBI_STAAM_Tsuboyama_2023_2JVG,SBI_STAAM,Prokaryote,Stability,ESM2_150M,10,0.3625618810157262,0.3519608858134452,0.010600995202280935,2.5403882140470913,2.5885215575002265,-0.04813334345313547
TPMT_HUMAN_Matreyek_2018,TPMT_HUMAN,Human,Expression,ESM2_150M,10,0.5294998823571055,0.5193007743355788,0.010199108021526765,14.460235630690661,14.511895887431672,-0.05166025674101125
OXDA_RHOTO_Vanella_2023_activity,OXDA_RHOTO,Eukaryote,Activity,ESM2_150M,10,0.3205466998324476,0.3108748214967255,0.009671878335722089,49.54204473278821,50.690876162616505,-1.1488314298282858
LGK_LIPST_Klesmith_2015,LGK_LIPST,Eukaryote,Activity,ESM2_150M,10,0.37566979986152954,0.36601531286133254,0.009654487000196938,7.856982043568169,7.821107915154305,0.03587412841386506
C6KNH7_9INFA_Lee_2018,C6KNH7_9INFA,Virus,OrganismalFitness,ESM2_150M,10,-0.003630377514889391,-0.013245409924648083,0.009615032409758691,1.9970945065417816,2.0391289589667063,-0.04203445242492496
POLG_CXB3N_Mattenberger_2021,POLG_CXB3N,Virus,OrganismalFitness,ESM2_150M,10,0.17713849280914595,0.17060854899409933,0.0065299438150466516,2.3271343964514832,2.323281791777403,0.003852604674080551
TPK1_HUMAN_Weile_2017,TPK1_HUMAN,Human,OrganismalFitness,ESM2_150M,10,0.2571918165879027,0.2508895583778724,0.006302258210030248,12.381437852860776,12.237052343900626,0.1443855089601504
RL40A_YEAST_Roscoe_2013,RL40A_YEAST,Eukaryote,OrganismalFitness,ESM2_150M,10,0.5347358566857705,0.529172697319677,0.005563159366093496,12.6176722306086,12.100381595024963,0.5172906355836353
MSH2_HUMAN_Jia_2020,MSH2_HUMAN,Human,OrganismalFitness,ESM2_150M,10,0.3966300117722671,0.3917518116076623,0.004878200164604713,4.0141744660240155,4.0444454765741416,-0.03027101055012573
NCAP_I34A1_Doud_2015,NCAP_I34A1,Virus,OrganismalFitness,ESM2_150M,10,0.015337988882117955,0.010479938812054779,0.004858050070063179,2.294712807142255,2.3118172561193133,-0.017104448977058383
TADBP_HUMAN_Bolognesi_2019,TADBP_HUMAN,Human,OrganismalFitness,ESM2_150M,10,0.01829519609715446,0.01374212417521104,0.004553071921943419,33.82083616312039,34.2610263632469,-0.4401902001265057
CAS9_STRP1_Spencer_2017_positive,CAS9_STRP1,Prokaryote,Activity,ESM2_150M,10,0.15999563313484516,0.1554815047114832,0.004514128423361961,4.504814232271061,4.538098428007094,-0.033284195736033605
Q8WTC7_9CNID_Somermeyer_2022,Q8WTC7_9CNID,Eukaryote,Activity,ESM2_150M,10,-0.013679743493021503,-0.01765101390647414,0.0039712704134526365,2.7004217187944306,2.7077440190404665,-0.0073223002460361284
S22A1_HUMAN_Yee_2023_activity,S22A1_HUMAN,Human,Activity,ESM2_150M,10,0.48371537366531736,0.4799843700317822,0.0037310036335352513,4.699998181877239,4.779227636538289,-0.07922945466105107
CAR11_HUMAN_Meitlis_2020_gof,CAR11_HUMAN,Human,OrganismalFitness,ESM2_150M,10,0.3225516210481528,0.31887861697159214,0.0036730040765606403,5.042150075438244,4.801381342813127,0.24076873262511622
HSP82_YEAST_Mishra_2016,HSP82_YEAST,Eukaryote,OrganismalFitness,ESM2_150M,10,0.36341294237975535,0.3600222395911012,0.003390702788654126,14.150266765246323,13.8470938212183,0.3031729440280211
Q2N0S5_9HIV1_Haddox_2018,Q2N0S5_9HIV1,Virus,OrganismalFitness,ESM2_150M,10,-0.004955341768631121,-0.00785789616257145,0.002902554393940331,1.4059656894466561,1.3960874963150536,0.009878193131602675
KCNJ2_MOUSE_Coyote-Maestas_2022_surface,KCNJ2_MOUSE,Eukaryote,Expression,ESM2_150M,10,0.3702408884145947,0.3675932584869765,0.0026476299276181918,2.252952709235172,2.3078418329327275,-0.05488912369755541
KCNE1_HUMAN_Muhammad_2023_expression,KCNE1_HUMAN,Human,Expression,ESM2_150M,10,0.11461459907559175,0.11226450714023828,0.0023500919353534656,14.65066941951686,13.98010248270236,0.6705669368145
CD19_HUMAN_Klesmith_2019_FMC_singles,CD19_HUMAN,Human,Binding,ESM2_150M,10,0.05289012956519683,0.05086560769461983,0.002024521870577,1.1838728737373911,1.1649785392683059,0.018894334469085127
BRCA1_HUMAN_Findlay_2018,BRCA1_HUMAN,Human,OrganismalFitness,ESM2_150M,10,0.4578893862034225,0.4563542512051493,0.0015351349982732354,3.153411019502414,3.1467628146686963,0.006648204833717797
ENV_HV1BR_Haddox_2016,ENV_HV1BR,Virus,OrganismalFitness,ESM2_150M,10,-0.005594317395040287,-0.0068454007691024586,0.0012510833740621713,24.663074862782686,24.2957893211211,0.3672855416615842
RDRP_I33A0_Li_2023,RDRP_I33A0,Virus,OrganismalFitness,ESM2_150M,10,0.12067132742456284,0.11974188346070544,0.0009294439638573876,3.0428775522214337,3.135669197325117,-0.09279164510368339
AMFR_HUMAN_Tsuboyama_2023_4G3O,AMFR_HUMAN,Human,Stability,ESM2_150M,10,0.6052904928380014,0.6044837577613186,0.0008067350766827852,3.3177268632377803,3.54657411758417,-0.2288472543463902
D7PM05_CLYGR_Somermeyer_2022,D7PM05_CLYGR,Eukaryote,Activity,ESM2_150M,10,-0.001309156865298694,-0.00177115744216928,0.0004620005768705859,2.180569759085608,2.1886979213020843,-0.008128162216476742
CAPSD_AAV2S_Sinai_2021,CAPSD_AAV2S,Virus,OrganismalFitness,ESM2_150M,10,0.1873253786320265,0.18701686883619206,0.00030850979583442185,1.0387304145844911,1.041784447522177,-0.0030540329376856023
FECA_ECOLI_Tsuboyama_2023_2D1U,FECA_ECOLI,Prokaryote,Stability,ESM2_150M,10,0.5455359362931571,0.5453429559890443,0.0001929803041129219,3.5664202079225014,3.6492338299883427,-0.08281362206584086
P53_HUMAN_Giacomelli_2018_WT_Nutlin,P53_HUMAN,Human,OrganismalFitness,ESM2_150M,10,0.3678488238959142,0.36770365790312903,0.00014516599278522336,3.0602700108823457,3.0859045536280068,-0.025634542745661147
S22A1_HUMAN_Yee_2023_abundance,S22A1_HUMAN,Human,Expression,ESM2_150M,10,0.5611250322626627,0.56102810570713,9.692655553277252e-05,2.6230528097147823,2.656291717040828,-0.03323890732604573
CASP7_HUMAN_Roychowdhury_2020,CASP7_HUMAN,Human,Activity,ESM2_150M,10,0.6306700284081923,0.6306306257828044,3.940262538784101e-05,5.703322725000669,5.839048069803473,-0.13572534480280324
RD23A_HUMAN_Tsuboyama_2023_1IFY,RD23A_HUMAN,Human,Stability,ESM2_150M,10,0.5550931677018633,0.5552759940910985,-0.00018282638923517447,4.473180957640104,4.515481151813027,-0.042300194172923564
PAI1_HUMAN_Huttinger_2021,PAI1_HUMAN,Human,Activity,ESM2_150M,10,0.4291663216125552,0.4295079301946306,-0.0003416085820754311,3.232465506809464,3.1265441471071753,0.10592135970228922
DYR_ECOLI_Nguyen_2023,DYR_ECOLI,Prokaryote,OrganismalFitness,ESM2_150M,10,0.5437170430602851,0.5443335843896037,-0.0006165413293185374,22.923548008484815,22.973042290037476,-0.049494281552659204
UBC9_HUMAN_Weile_2017,UBC9_HUMAN,Human,OrganismalFitness,ESM2_150M,10,0.39518805144549124,0.3958888541352304,-0.000700802689739155,8.635278835700936,8.391196911162993,0.24408192453794272
SPTN1_CHICK_Tsuboyama_2023_1TUD,SPTN1_CHICK,Eukaryote,Stability,ESM2_150M,10,0.5427457492878222,0.5435262012808131,-0.0007804519929910214,1.6161831819263284,1.6413844653415228,-0.02520128341519421
P53_HUMAN_Giacomelli_2018_Null_Nutlin,P53_HUMAN,Human,OrganismalFitness,ESM2_150M,10,0.2989832769970927,0.29985099036413204,-0.0008677133670393578,3.3485234861089177,3.365121753849028,-0.016598267740110372
TCRG1_MOUSE_Tsuboyama_2023_1E0L,TCRG1_MOUSE,Eukaryote,Stability,ESM2_150M,10,0.7606199692780337,0.7619218930472547,-0.0013019237692210028,5.373994867095382,5.526320566071422,-0.1523256989760402
MBD11_ARATH_Tsuboyama_2023_6ACV,MBD11_ARATH,Eukaryote,Stability,ESM2_150M,10,0.5081224322903484,0.510039162847247,-0.0019167305568987603,1.661514374878277,1.6220611231565072,0.03945325172176943
P53_HUMAN_Giacomelli_2018_Null_Etoposide,P53_HUMAN,Human,OrganismalFitness,ESM2_150M,10,0.32459248069297897,0.32672286842779563,-0.002130387734816669,3.284423819782151,3.3103916538385194,-0.02596783405636862
Q59976_STRSQ_Romero_2015,Q59976_STRSQ,Prokaryote,Activity,ESM2_150M,10,0.5239887880524169,0.5265042951471173,-0.0025155070947004256,4.034513425573217,4.093778941296895,-0.05926551572367837
UBR5_HUMAN_Tsuboyama_2023_1I2T,UBR5_HUMAN,Human,Stability,ESM2_150M,10,0.1281218366903927,0.1306737545302493,-0.002551917839856613,1.5606227460946849,1.6361323125906768,-0.07550956649599203
P53_HUMAN_Kotler_2018,P53_HUMAN,Human,OrganismalFitness,ESM2_150M,10,0.6215594133977771,0.6247450848488136,-0.0031856714510365867,4.009403769969141,4.165273745565788,-0.15586997559664706
RCRO_LAMBD_Tsuboyama_2023_1ORC,RCRO_LAMBD,Virus,Stability,ESM2_150M,10,0.35418005696002247,0.3577466819840949,-0.003566625024072456,1.6851035125105216,1.6710548611797038,0.014048651330817874
OXDA_RHOTO_Vanella_2023_expression,OXDA_RHOTO,Eukaryote,Expression,ESM2_150M,10,0.2966000637849806,0.3002952916317991,-0.003695227846818516,31.023116675453046,31.46894418233662,-0.44582750688357253
CBPA2_HUMAN_Tsuboyama_2023_1O6X,CBPA2_HUMAN,Human,Stability,ESM2_150M,10,0.45273055574770343,0.4567634183285813,-0.0040328625808778275,1.2035036599315865,1.144318593985568,0.059185065946018245
NKX31_HUMAN_Tsuboyama_2023_2L9R,NKX31_HUMAN,Human,Stability,ESM2_150M,10,0.68593324275876,0.6904904888778747,-0.0045572461191147,7.181040606494551,6.707461199843289,0.4735794066512627
CP2C9_HUMAN_Amorosi_2021_abundance,CP2C9_HUMAN,Human,Expression,ESM2_150M,10,0.6155747858391651,0.6204594796980968,-0.004884693858931699,18.167221629042345,18.233585581746862,-0.0663639527045163
MET_HUMAN_Estevam_2023,MET_HUMAN,Human,Activity,ESM2_150M,10,0.5272614744215434,0.5323154254796393,-0.005053951058095979,1.2576661179910649,1.2246750221299831,0.03299109586108144
MTHR_HUMAN_Weile_2021,MTHR_HUMAN,Human,OrganismalFitness,ESM2_150M,10,0.48114025607659416,0.486399601215027,-0.005259345138432936,16.201201934776055,16.725712059848483,-0.5245101250724271
A0A192B1T2_9HIV1_Haddox_2018,A0A192B1T2_9HIV1,Virus,OrganismalFitness,ESM2_150M,10,0.027053726574573868,0.032657376786997455,-0.005603650212423589,1.4591091408211947,1.4328600553956679,0.02624908542552673
MAFG_MOUSE_Tsuboyama_2023_1K1V,MAFG_MOUSE,Eukaryote,Stability,ESM2_150M,10,0.4764394274456194,0.48252898047916765,-0.006089553033548284,2.6305124649547045,2.4496921512777368,0.1808203136769676
CCR5_HUMAN_Gill_2023,CCR5_HUMAN,Human,Binding,ESM2_150M,10,0.35664999606928893,0.36324209497156373,-0.006592098902274818,8.719063609718841,8.385402885580817,0.3336607241380246
SRC_HUMAN_Chakraborty_2023_binding-DAS_25uM,SRC_HUMAN,Human,Activity,ESM2_150M,10,0.39148098944828275,0.3982833686594328,-0.0068023792111501,8.569338715882795,8.653925119811126,-0.08458640392833079
NUSG_MYCTU_Tsuboyama_2023_2MI6,NUSG_MYCTU,Prokaryote,Stability,ESM2_150M,10,0.5634871475924264,0.5709285215227652,-0.007441373930338818,2.7132300179775526,2.7205209040665586,-0.007290886089006321
HMDH_HUMAN_Jiang_2019,HMDH_HUMAN,Human,OrganismalFitness,ESM2_150M,10,0.31715686018238304,0.3246670408736767,-0.007510180691293655,12.177105845368015,12.298377421877724,-0.1212715765097105
A4D664_9INFA_Soh_2019,A4D664_9INFA,Virus,OrganismalFitness,ESM2_150M,10,0.027871470221870677,0.03642108477834415,-0.008549614556473477,3.1774367070095635,3.211857554036766,-0.03442084702720223
RCD1_ARATH_Tsuboyama_2023_5OAO,RCD1_ARATH,Eukaryote,Stability,ESM2_150M,10,0.494581197017235,0.503326545159683,-0.008745348142447967,6.137178025545098,6.380837032107946,-0.2436590065628482
R1AB_SARS2_Flynn_2022,R1AB_SARS2,Virus,OrganismalFitness,ESM2_150M,10,0.07151591840793699,0.08059534165008188,-0.009079423242144896,4.457723002667611,4.439581190125306,0.018141812542304604
HSP82_YEAST_Flynn_2019,HSP82_YEAST,Eukaryote,OrganismalFitness,ESM2_150M,10,0.17908265503761855,0.18832566716364801,-0.009243012126029446,10.173869357980355,10.05284331270332,0.12102604527703491
PPARG_HUMAN_Majithia_2016,PPARG_HUMAN,Human,Activity,ESM2_150M,10,0.44751180809289737,0.4575421325119047,-0.010030324419007353,1.0952542595509522,1.0711990826578037,0.024055176893148532
Q837P4_ENTFA_Meier_2023,Q837P4_ENTFA,Prokaryote,Activity,ESM2_150M,10,0.48892130064945005,0.499499603675486,-0.010578303026035874,3.156787384732084,3.219425868634496,-0.06263848390241225
REV_HV1H2_Fernandes_2016,REV_HV1H2,Virus,OrganismalFitness,ESM2_150M,10,0.17001115756848773,0.18078150652736383,-0.010770348958876083,11.426168826480852,9.466454819771638,1.959714006709215
Q837P5_ENTFA_Meier_2023,Q837P5_ENTFA,Prokaryote,Activity,ESM2_150M,10,0.33652766789635097,0.34800724387717785,-0.011479575980826934,3.051200818778897,3.0896512910024643,-0.038450472223567546
SPG2_STRSG_Tsuboyama_2023_5UBS,SPG2_STRSG,Prokaryote,Stability,ESM2_150M,10,0.17319372518334725,0.18649211568789187,-0.013298390504544646,2.1066510504105116,2.118982098884199,-0.012331048473687512
EPHB2_HUMAN_Tsuboyama_2023_1F0M,EPHB2_HUMAN,Human,Stability,ESM2_150M,10,0.6480677575130087,0.6614430847697083,-0.013375327256699498,2.506569254647528,2.4363924909080534,0.07017676373947405
PABP_YEAST_Melamed_2013,PABP_YEAST,Eukaryote,OrganismalFitness,ESM2_150M,10,0.5759420633119806,0.5900360886952009,-0.014094025383220299,15.685548865966675,15.474554102013025,0.21099476395365108
SRC_HUMAN_Ahler_2019,SRC_HUMAN,Human,Activity,ESM2_150M,10,0.48436451498994304,0.4987179317759522,-0.01435341678600922,5.440489462508551,5.38060415132232,0.059885311186231235
MTH3_HAEAE_RockahShmuel_2015,MTH3_HAEAE,Prokaryote,OrganismalFitness,ESM2_150M,10,0.39361558215734455,0.4103885847260152,-0.01677300256867063,12.137008443166867,12.057307200662716,0.07970124250414994
TAT_HV1BR_Fernandes_2016,TAT_HV1BR,Virus,OrganismalFitness,ESM2_150M,10,-0.01723682884486303,-3.3331410367351547e-05,-0.01720349743449568,5.545209964730741,5.957857688049055,-0.4126477233183138
AACC1_PSEAI_Dandage_2018,AACC1_PSEAI,Prokaryote,OrganismalFitness,ESM2_150M,10,0.2425115930273488,0.26104244562259915,-0.01853085259525039,2.06821042309924,2.0668611087795545,0.0013493143196857682
SQSTM_MOUSE_Tsuboyama_2023_2RRU,SQSTM_MOUSE,Eukaryote,Stability,ESM2_150M,10,0.5442919082715307,0.5634048798668061,-0.019112971595275287,3.2991084604040894,3.254161963103498,0.044946497300591214
PIN1_HUMAN_Tsuboyama_2023_1I6C,PIN1_HUMAN,Human,Stability,ESM2_150M,10,0.6619737025359084,0.6811540240052554,-0.019180321469347013,5.325931255948416,5.99208876428523,-0.666157508336813
POLG_HCVJF_Qi_2014,POLG_HCVJF,Virus,OrganismalFitness,ESM2_150M,10,0.12057686518117634,0.14026032727592277,-0.019683462094746425,3.1615910828872855,3.2934741438060384,-0.1318830609187533
RNC_ECOLI_Weeks_2023,RNC_ECOLI,Prokaryote,Activity,ESM2_150M,10,0.5815269523113665,0.6013939042954173,-0.019866951984050786,8.686645616193358,8.831422553929844,-0.14477693773648656
POLG_DEN26_Suphatrakul_2023,POLG_DEN26,Virus,OrganismalFitness,ESM2_150M,10,0.07806265085991772,0.09863734463714344,-0.020574693777225716,1.7492383038904518,1.714339655081249,0.03489864880920286
SPG1_STRSG_Olson_2014,SPG1_STRSG,Prokaryote,Binding,ESM2_150M,10,0.25026694589121345,0.2710045058710002,-0.02073755997978676,3.484101434487619,3.3118060866295664,0.17229534785805306
SRC_HUMAN_Nguyen_2022,SRC_HUMAN,Human,OrganismalFitness,ESM2_150M,10,0.3712632503579986,0.39226116472948974,-0.02099791437149113,9.40566812321273,9.384651887649609,0.021016235563119778
RASH_HUMAN_Bandaru_2017,RASH_HUMAN,Human,Activity,ESM2_150M,10,0.49630107933727274,0.5174894431559066,-0.021188363818633798,21.890834489240255,22.383739830049045,-0.49290534080879134
A0A140D2T1_ZIKV_Sourisseau_2019,A0A140D2T1_ZIKV,Virus,OrganismalFitness,ESM2_150M,10,-0.07145045967501071,-0.05008560802980618,-0.02136485164520452,3.1270673235687356,3.2926816923094604,-0.16561436874072505
HEM3_HUMAN_Loggerenberg_2023,HEM3_HUMAN,Human,Activity,ESM2_150M,10,0.3937796595556001,0.415365361262061,-0.021585701706460854,15.670014768196816,15.864958408145185,-0.19494363994836875
A4GRB6_PSEAI_Chen_2020,A4GRB6_PSEAI,Prokaryote,OrganismalFitness,ESM2_150M,10,0.6494144203102287,0.6711313830448652,-0.02171696273463648,1.3858378682786348,1.365066185554745,0.020771682723889694
FKBP3_HUMAN_Tsuboyama_2023_2KFV,FKBP3_HUMAN,Human,Stability,ESM2_150M,10,0.14802873502630082,0.1700786606918201,-0.02204992566551927,1.443272930312577,1.5079451818927572,-0.06467225158017986
SOX30_HUMAN_Tsuboyama_2023_7JJK,SOX30_HUMAN,Human,Stability,ESM2_150M,10,0.31807853382941415,0.3404703317531136,-0.022391797923699424,5.069201523346594,4.962448763508846,0.10675275983774904
CBS_HUMAN_Sun_2020,CBS_HUMAN,Human,OrganismalFitness,ESM2_150M,10,0.3253792700601038,0.34815057976399366,-0.022771309703889818,11.282082712661197,11.399351833474435,-0.11726912081323793
POLG_PESV_Tsuboyama_2023_2MXD,POLG_PESV,Virus,Stability,ESM2_150M,10,0.04145743870869499,0.06429881210662718,-0.02284137339793219,1.457946224921228,1.3781975024496147,0.07974872247161342
A0A1I9GEU1_NEIME_Kennouche_2019,A0A1I9GEU1_NEIME,Prokaryote,Activity,ESM2_150M,10,-0.01871853934040501,0.004465160589701936,-0.023183699930106945,2.2766323496750096,2.097551779834753,0.17908056984025708
KKA2_KLEPN_Melnikov_2014,KKA2_KLEPN,Prokaryote,OrganismalFitness,ESM2_150M,10,0.48265748800915365,0.5067008733743176,-0.024043385365163872,5.772328243985095,5.9711389694682095,-0.19881072548311457
CP2C9_HUMAN_Amorosi_2021_activity,CP2C9_HUMAN,Human,Binding,ESM2_150M,10,0.6726957803633746,0.6988259485375271,-0.02613016817415246,15.778763260526082,15.933620030715579,-0.1548567701894953
RASK_HUMAN_Weng_2022_binding-DARPin_K55,RASK_HUMAN,Human,Binding,ESM2_150M,10,0.5696516214505702,0.5963157264679052,-0.02666410501733495,19.043179822937997,19.00562632126562,0.03755350167237594
SHOC2_HUMAN_Kwon_2022,SHOC2_HUMAN,Human,OrganismalFitness,ESM2_150M,10,0.2609764059192357,0.28832877122400163,-0.027352365304765962,7.2540233753338725,7.2586010909325696,-0.004577715598697463
YAIA_ECOLI_Tsuboyama_2023_2KVT,YAIA_ECOLI,Prokaryote,Stability,ESM2_150M,10,0.4279328077430544,0.4563945429354151,-0.028461735192360654,2.5861318725081213,2.539725409542535,0.04640646296558633
TPOR_HUMAN_Bridgford_2020,TPOR_HUMAN,Human,OrganismalFitness,ESM2_150M,10,0.2706575620467097,0.2995628675241061,-0.028905305477396403,7.913531316016599,7.472690620145848,0.4408406958707521
PTEN_HUMAN_Matreyek_2021,PTEN_HUMAN,Human,Expression,ESM2_150M,10,0.4631050777856568,0.4928244673963686,-0.029719389610711806,18.25020883139189,17.621144271788346,0.6290645596035432
CSN4_MOUSE_Tsuboyama_2023_1UFM,CSN4_MOUSE,Eukaryote,Stability,ESM2_150M,10,0.5175350312326653,0.5474417493530257,-0.029906718120360387,4.453830094278083,4.420305302879095,0.03352479139898801
SDA_BACSU_Tsuboyama_2023_1PV0,SDA_BACSU,Prokaryote,Stability,ESM2_150M,10,0.5890808743957867,0.6206353848746556,-0.03155451047886888,3.5469382773793114,3.6261033181255193,-0.0791650407462083
PR40A_HUMAN_Tsuboyama_2023_1UZC,PR40A_HUMAN,Human,Stability,ESM2_150M,10,0.5793695426964629,0.6119074437595196,-0.032537901063056596,4.952256040616282,5.262928671916553,-0.31067263130027073
OTC_HUMAN_Lo_2023,OTC_HUMAN,Human,Activity,ESM2_150M,10,0.5088893891464749,0.542141624090835,-0.033252234944360144,11.116669206328563,11.354576224668799,-0.23790701834023373
GDIA_HUMAN_Silverstein_2021,GDIA_HUMAN,Human,OrganismalFitness,ESM2_150M,10,0.4282516611937036,0.46223594335466156,-0.033984282160957904,22.143441908550525,22.215080886815866,-0.07163897826533905
Q53Z42_HUMAN_McShan_2019_binding-TAPBPR,Q53Z42_HUMAN,Human,Binding,ESM2_150M,10,0.33978918388167856,0.37380568128831565,-0.03401649740663705,3.652755011804107,3.7244294335081376,-0.0716744217040314
A0A247D711_LISMN_Stadelmann_2021,A0A247D711_LISMN,Prokaryote,Activity,ESM2_150M,10,0.07921875976261793,0.1144031371010246,-0.03518437733840667,1.6331148472588186,1.6448496710283358,-0.011734823769517445
RAD_ANTMA_Tsuboyama_2023_2CJJ,RAD_ANTMA,Eukaryote,Stability,ESM2_150M,10,0.5648986497373594,0.6007577203916004,-0.035859070654240925,3.0997551228810303,3.2450849042320913,-0.14532978135106117
SPIKE_SARS2_Starr_2020_expression,SPIKE_SARS2,Virus,Expression,ESM2_150M,10,0.02619477530145183,0.06373597101259354,-0.037541195711141714,1.5129917369385786,1.5064988103723047,0.006492926566273783
HCP_LAMBD_Tsuboyama_2023_2L6Q,HCP_LAMBD,Virus,Stability,ESM2_150M,10,0.5774230155809102,0.6161250363775531,-0.03870202079664288,2.811274839141518,2.8652542229767817,-0.053979383835263885
Q53Z42_HUMAN_McShan_2019_expression,Q53Z42_HUMAN,Human,Expression,ESM2_150M,10,0.477937899791517,0.5171945601163754,-0.03925666032485844,1.6685121786516426,1.7045541532141162,-0.0360419745624738
DN7A_SACS2_Tsuboyama_2023_1JIC,DN7A_SACS2,Prokaryote,Stability,ESM2_150M,10,0.2397259665676883,0.2792693316655065,-0.039543365097818174,1.5137679619880724,1.4942364266339914,0.019531535354081187
SPIKE_SARS2_Starr_2020_binding,SPIKE_SARS2,Virus,Binding,ESM2_150M,10,-0.013126761147079372,0.031761019268721026,-0.044887780415800396,1.2855751642805529,1.2969447695702532,-0.011369605289700102
CATR_CHLRE_Tsuboyama_2023_2AMI,CATR_CHLRE,Eukaryote,Stability,ESM2_150M,10,0.4070893184551325,0.45319418520752486,-0.04610486675239237,6.931818247185319,6.763334191400387,0.168484055784932
RS15_GEOSE_Tsuboyama_2023_1A32,RS15_GEOSE,Prokaryote,Stability,ESM2_150M,10,0.5042757814422839,0.5550648183474742,-0.05078903690519023,7.67705975457946,7.582029125330938,0.09503062924852249
A4_HUMAN_Seuma_2022,A4_HUMAN,Human,Stability,ESM2_150M,10,0.3899074182585257,0.4444506113355066,-0.05454319307698091,1.6012731758304573,1.5650646760914886,0.03620849973896849
DLG4_RAT_McLaughlin_2012,DLG4_RAT,Eukaryote,Binding,ESM2_150M,10,0.5673328937900679,0.6243585722831337,-0.057025678493065876,18.85822040200167,19.426438858360047,-0.5682184563583771
ILF3_HUMAN_Tsuboyama_2023_2L33,ILF3_HUMAN,Human,Stability,ESM2_150M,10,0.4059531274656856,0.46632019458833646,-0.06036706712265083,7.612659033681252,7.534308758386246,0.07835027529500697
HSP82_YEAST_Cote-Hammarlof_2020_growth-H2O2,HSP82_YEAST,Eukaryote,OrganismalFitness,ESM2_150M,10,0.20627992857563324,0.28093746837380296,-0.07465753979816972,224.26362188472413,240.20001026781864,-15.936388383094553
RL20_AQUAE_Tsuboyama_2023_1GYZ,RL20_AQUAE,Prokaryote,Stability,ESM2_150M,10,0.2777697008006743,0.36103068108298564,-0.08326098028231134,3.458818116642501,3.472139743022449,-0.013321626379948003
UBR5_HUMAN_Tsuboyama_2023_1I2T,UBR5_HUMAN,Human,Stability,ESM2_15B,10,0.4958467672832384,0.3654174888791668,0.1304292784040716,6.349568749066522,6.3225329326472375,0.027035816419283785
AMFR_HUMAN_Tsuboyama_2023_4G3O,AMFR_HUMAN,Human,Stability,ESM2_15B,10,0.49281732482690127,0.3921105679288387,0.10070675689806255,8.226987944627394,8.464730506271954,-0.23774256164455956
PITX2_HUMAN_Tsuboyama_2023_2L7M,PITX2_HUMAN,Human,Stability,ESM2_15B,10,0.6135177991248078,0.5184279106070466,0.09508988851776119,4.158968619588755,4.16871121242284,-0.009742592834086183
RBP1_HUMAN_Tsuboyama_2023_2KWH,RBP1_HUMAN,Human,Stability,ESM2_15B,10,0.3335577529981064,0.24236289702872674,0.09119485596937968,10.14334203836441,10.086147744656875,0.057194293707534705
ODP2_GEOSE_Tsuboyama_2023_1W4G,ODP2_GEOSE,Prokaryote,Stability,ESM2_15B,10,0.47189316575019646,0.3856588026279798,0.08623436312221659,6.006229486724925,6.0747811872409425,-0.06855170051601753
VG08_BPP22_Tsuboyama_2023_2GP8,VG08_BPP22,Virus,Stability,ESM2_15B,10,0.65636435207054,0.5747392577828333,0.08162509428770671,6.5933174144658535,6.125164800112084,0.4681526143537688
CBX4_HUMAN_Tsuboyama_2023_2K28,CBX4_HUMAN,Human,Stability,ESM2_15B,10,0.5217150507599545,0.4461661489314602,0.07554890182849427,6.931476516664735,6.815850116388705,0.11562640027602863
P84126_THETH_Chan_2017,P84126_THETH,Prokaryote,OrganismalFitness,ESM2_15B,10,0.5722777970802414,0.503509361554231,0.0687684355260104,17.073672111632295,17.17680799346886,-0.10313588183656694
TPOR_HUMAN_Bridgford_2020,TPOR_HUMAN,Human,OrganismalFitness,ESM2_15B,10,0.36293249717213394,0.2974203033877077,0.06551219378442623,22.007847455109747,22.405053769300896,-0.3972063141911441
RPC1_BP434_Tsuboyama_2023_1R69,RPC1_BP434,Virus,Stability,ESM2_15B,10,0.5065001053518754,0.44433659974452083,0.06216350560735453,4.816988192070257,4.691245611836292,0.1257425802339635
PKN1_HUMAN_Tsuboyama_2023_1URF,PKN1_HUMAN,Human,Stability,ESM2_15B,10,0.231256268518706,0.17048046078298412,0.06077580773572187,10.715045457370788,10.725549181075158,-0.01050372370437067
DOCK1_MOUSE_Tsuboyama_2023_2M0Y,DOCK1_MOUSE,Eukaryote,Stability,ESM2_15B,10,0.6237720808013902,0.5660014597028349,0.057770621098555366,5.179225357165848,5.507455792131755,-0.32823043496590704
UBE4B_HUMAN_Tsuboyama_2023_3L1X,UBE4B_HUMAN,Human,Stability,ESM2_15B,10,0.5334010249839847,0.47755286056232354,0.055848164421661114,6.748280079848918,6.938104302289335,-0.18982422244041705
ISDH_STAAW_Tsuboyama_2023_2LHR,ISDH_STAAW,Prokaryote,Stability,ESM2_15B,10,0.34630282802998696,0.2911144861302942,0.055188341899692725,2.310683108884063,2.274678775426702,0.036004333457361114
DYR_ECOLI_Thompson_2019,DYR_ECOLI,Prokaryote,OrganismalFitness,ESM2_15B,10,0.5233784422741741,0.46905515303987366,0.05432328923430037,8.49654105500537,8.385714848007325,0.1108262069980455
VILI_CHICK_Tsuboyama_2023_1YU5,VILI_CHICK,Eukaryote,Stability,ESM2_15B,10,0.5438343163814684,0.49003123540294197,0.053803080978526485,5.74203258799904,5.907637165434415,-0.16560457743537568
THO1_YEAST_Tsuboyama_2023_2WQG,THO1_YEAST,Eukaryote,Stability,ESM2_15B,10,0.44500686135880985,0.3921554224204761,0.05285143893833376,5.835513816325602,6.023290608881216,-0.18777679255561316
SPTN1_CHICK_Tsuboyama_2023_1TUD,SPTN1_CHICK,Eukaryote,Stability,ESM2_15B,10,0.47357839066951113,0.4209369175843964,0.05264147308511473,3.3953090819826945,3.354093386733436,0.0412156952492583
VKOR1_HUMAN_Chiasson_2020_activity,VKOR1_HUMAN,Human,Activity,ESM2_15B,10,0.4773566666503597,0.4254548251998186,0.05190184145054115,14.989406268112997,14.213423749086513,0.7759825190264843
GAL4_YEAST_Kitzman_2015,GAL4_YEAST,Eukaryote,OrganismalFitness,ESM2_15B,10,0.65409040123104,0.6021965769529724,0.0518938242780677,1.1094064079447996,1.1511805978115182,-0.04177418986671864
CUE1_YEAST_Tsuboyama_2023_2MYX,CUE1_YEAST,Eukaryote,Stability,ESM2_15B,10,0.5371843138605676,0.4869782105166872,0.05020610334388037,4.618296173044493,4.512676075202003,0.10562009784249016
D7PM05_CLYGR_Somermeyer_2022,D7PM05_CLYGR,Eukaryote,Activity,ESM2_15B,10,0.10386367654554525,0.055208355785378305,0.048655320760166945,2.180585453871966,2.18871012388018,-0.008124670008213774
RL40A_YEAST_Roscoe_2014,RL40A_YEAST,Eukaryote,Activity,ESM2_15B,10,0.43162118120460613,0.3846317414110648,0.046989439793541345,18.479408006096644,18.03038204952626,0.44902595657038696
DNJA1_HUMAN_Tsuboyama_2023_2LO1,DNJA1_HUMAN,Human,Stability,ESM2_15B,10,0.5935183739555324,0.5466349876118547,0.04688338634367771,3.6315955173073204,3.6705861811216884,-0.038990663814367645
SRBS1_HUMAN_Tsuboyama_2023_2O2W,SRBS1_HUMAN,Human,Stability,ESM2_15B,10,0.5518434050724166,0.5061235201692524,0.04571988490316399,5.339072194538588,5.349183927185952,-0.010111732647364402
ADRB2_HUMAN_Jones_2020,ADRB2_HUMAN,Human,Activity,ESM2_15B,10,0.5282395728112339,0.48310540992362094,0.04513416288761291,8.508064969029016,8.223791094417743,0.28427387461127285
RL40A_YEAST_Roscoe_2013,RL40A_YEAST,Eukaryote,OrganismalFitness,ESM2_15B,10,0.5585828557364367,0.5147265720404627,0.043856283695974135,19.555294481500606,19.17583602182423,0.37945845967637626
SPA_STAAU_Tsuboyama_2023_1LP1,SPA_STAAU,Prokaryote,Stability,ESM2_15B,10,0.21133795499561642,0.1680447185741758,0.043293236421440645,1.8868673459288439,1.8619881726147516,0.024879173314092264
VKOR1_HUMAN_Chiasson_2020_abundance,VKOR1_HUMAN,Human,Expression,ESM2_15B,10,0.46829580226818673,0.42570117773252647,0.042594624535660194,18.460433971262077,18.519789438141192,-0.05935546687911497
DN7A_SACS2_Tsuboyama_2023_1JIC,DN7A_SACS2,Prokaryote,Stability,ESM2_15B,10,0.3782565492781908,0.3359921956221805,0.04226435365601028,4.94343653358426,4.915134932376128,0.028301601208131723
RFAH_ECOLI_Tsuboyama_2023_2LCL,RFAH_ECOLI,Prokaryote,Stability,ESM2_15B,10,0.23524499430914686,0.1934752500071155,0.041769744302031356,14.926918195831098,14.832565757614503,0.09435243821659363
BLAT_ECOLX_Jacquier_2013,BLAT_ECOLX,Prokaryote,OrganismalFitness,ESM2_15B,10,0.5302007636286121,0.4886786185097545,0.041522145118857594,4.224125419666974,4.277573495441105,-0.05344807577413091
GFP_AEQVI_Sarkisyan_2016,GFP_AEQVI,Eukaryote,Activity,ESM2_15B,10,0.17397076715662096,0.13456617897659498,0.039404588180026,6.836755462744809,6.849201017062616,-0.012445554317808138
RL40A_YEAST_Mavor_2016,RL40A_YEAST,Eukaryote,OrganismalFitness,ESM2_15B,10,0.5332630006622551,0.4952813427152443,0.03798165794701075,37.69870437473295,36.583248956424754,1.1154554183081955
SYUA_HUMAN_Newberry_2020,SYUA_HUMAN,Human,OrganismalFitness,ESM2_15B,10,0.1956707474829899,0.15807458769630733,0.037596159786682584,48.324020705364354,48.723586632856986,-0.39956592749263253
UBE4B_MOUSE_Starita_2013,UBE4B_MOUSE,Eukaryote,Activity,ESM2_15B,10,0.37879561122471295,0.3413230874731742,0.03747252375153879,8.685906269366905,8.68379932301195,0.0021069463549542532
SQSTM_MOUSE_Tsuboyama_2023_2RRU,SQSTM_MOUSE,Eukaryote,Stability,ESM2_15B,10,0.513779178567911,0.47639012526091556,0.037389053306995435,11.02391083326233,10.882377354957141,0.14153347830518842
BBC1_YEAST_Tsuboyama_2023_1TG0,BBC1_YEAST,Eukaryote,Stability,ESM2_15B,10,0.587775804807471,0.5509373280997176,0.03683847670775347,3.82014663846261,3.718615399072145,0.10153123939046563
OBSCN_HUMAN_Tsuboyama_2023_1V1C,OBSCN_HUMAN,Human,Stability,ESM2_15B,10,0.6049081642722973,0.5694534200227073,0.03545474424959004,4.110524895623061,4.133615537009892,-0.02309064138683148
CALM1_HUMAN_Weile_2017,CALM1_HUMAN,Human,OrganismalFitness,ESM2_15B,10,0.24120404601278705,0.20600241555633741,0.035201630456449653,24.837970159940276,24.6522238170901,0.1857463428501763
ARGR_ECOLI_Tsuboyama_2023_1AOY,ARGR_ECOLI,Prokaryote,Stability,ESM2_15B,10,0.4198546647012849,0.38643942012408417,0.03341524457720073,6.077619355840286,5.995095849401315,0.08252350643897177
Q2N0S5_9HIV1_Haddox_2018,Q2N0S5_9HIV1,Virus,OrganismalFitness,ESM2_15B,10,0.1599402404058434,0.1279479251856982,0.0319923152201452,1.4539027361361354,1.4540754547947503,-0.00017271865861483436
R1AB_SARS2_Flynn_2022,R1AB_SARS2,Virus,OrganismalFitness,ESM2_15B,10,0.5796244330442644,0.5485970029214263,0.031027430122838057,20.18932049258932,20.015414520986685,0.1739059716026361
TNKS2_HUMAN_Tsuboyama_2023_5JRT,TNKS2_HUMAN,Human,Stability,ESM2_15B,10,0.6355166559897503,0.607688191722287,0.02782846426746328,6.241108831025928,6.525942082564699,-0.2848332515387715
RD23A_HUMAN_Tsuboyama_2023_1IFY,RD23A_HUMAN,Human,Stability,ESM2_15B,10,0.38119448025313485,0.35354244517244343,0.027652035080691462,7.901359297837826,7.957963054230413,-0.056603756392587724
Q6WV12_9MAXI_Somermeyer_2022,Q6WV12_9MAXI,Eukaryote,Activity,ESM2_15B,10,0.02203681312641772,-0.004882733519877337,0.026919546646295055,3.4002913173833162,3.3563755738173056,0.04391574356601087
OTU7A_HUMAN_Tsuboyama_2023_2L2D,OTU7A_HUMAN,Human,Stability,ESM2_15B,10,0.42396946475440567,0.3974515653265773,0.026517899427828295,9.377159389443907,9.104942829901074,0.27221655954283364
NUSA_ECOLI_Tsuboyama_2023_1WCL,NUSA_ECOLI,Prokaryote,Stability,ESM2_15B,10,0.582458728549405,0.5561500701827375,0.026308658366667386,5.44085681148704,5.323708735072521,0.11714807641451941
PRKN_HUMAN_Clausen_2023,PRKN_HUMAN,Human,Expression,ESM2_15B,10,0.6648264696762586,0.6397378574285771,0.025088612247681406,18.37590097035153,18.3240604378073,0.05184053254422487
EPHB2_HUMAN_Tsuboyama_2023_1F0M,EPHB2_HUMAN,Human,Stability,ESM2_15B,10,0.5282316676920559,0.5034516722962812,0.024779995395774614,5.184410369558714,5.145671087533713,0.0387392820250005
TPMT_HUMAN_Matreyek_2018,TPMT_HUMAN,Human,Expression,ESM2_15B,10,0.44977784418442823,0.4262575660347318,0.023520278149696344,26.291756310050978,26.152848452864255,0.13890785718672483
NPC1_HUMAN_Erwood_2022_HEK293T,NPC1_HUMAN,Human,Activity,ESM2_15B,10,0.7166533144112799,0.6941388826856828,0.022514431725597084,16.158247692445528,16.061916633843758,0.09633105860176787
GRB2_HUMAN_Faure_2021,GRB2_HUMAN,Human,OrganismalFitness,ESM2_15B,10,0.6489751436828263,0.6265559097544653,0.022419233928360975,17.625381815688772,16.528762431431375,1.0966193842573977
CASP7_HUMAN_Roychowdhury_2020,CASP7_HUMAN,Human,Activity,ESM2_15B,10,0.5704765806406712,0.5483691282007546,0.022107452439916596,11.068493914245705,11.052603120486028,0.015890793759677457
LGK_LIPST_Klesmith_2015,LGK_LIPST,Eukaryote,Activity,ESM2_15B,10,0.578380536749542,0.5564322306903489,0.021948306059193134,16.508705216825405,16.504736253561884,0.003968963263518965
RASK_HUMAN_Weng_2022_abundance,RASK_HUMAN,Human,Expression,ESM2_15B,10,0.14130878708981576,0.11942995422475314,0.02187883286506262,27.793367948348426,27.841975629499096,-0.04860768115067664
ACE2_HUMAN_Chan_2020,ACE2_HUMAN,Human,Binding,ESM2_15B,10,0.18497738782769263,0.1636587993416559,0.021318588486036755,7.269862453966954,7.5345070337829,-0.26464457981594725
Q837P5_ENTFA_Meier_2023,Q837P5_ENTFA,Prokaryote,Activity,ESM2_15B,10,0.39893293035246014,0.3777978986713571,0.021135031681103027,5.521179679395602,5.411720429042154,0.10945925035344777
UBC9_HUMAN_Weile_2017,UBC9_HUMAN,Human,OrganismalFitness,ESM2_15B,10,0.5364037932054522,0.5155009987217112,0.020902794483740873,14.442248428543726,13.928023185925701,0.5142252426180253
DLG4_HUMAN_Faure_2021,DLG4_HUMAN,Human,OrganismalFitness,ESM2_15B,10,0.35581466068214407,0.33528775103293407,0.02052690964920999,30.66975235035261,30.337272906445076,0.33247944390753403
SC6A4_HUMAN_Young_2021,SC6A4_HUMAN,Human,Activity,ESM2_15B,10,0.5251331209103676,0.5047530928737844,0.02038002803658314,4.6075885028651,4.582401617818514,0.02518688504658515
SRC_HUMAN_Chakraborty_2023_binding-DAS_25uM,SRC_HUMAN,Human,Activity,ESM2_15B,10,0.41139574391905126,0.39106827751065787,0.02032746640839339,12.96983401584617,13.093601762872742,-0.12376774702657371
MYO3_YEAST_Tsuboyama_2023_2BTT,MYO3_YEAST,Eukaryote,Stability,ESM2_15B,10,0.22335472188324218,0.20309853421304425,0.020256187670197927,7.841742100776313,7.885671479345324,-0.043929378569011315
PSAE_PICP2_Tsuboyama_2023_1PSE,PSAE_PICP2,Prokaryote,Stability,ESM2_15B,10,0.4011656733124337,0.38131701892064224,0.01984865439179139,10.60358929730221,10.739828858750695,-0.13623956144848465
SPG2_STRSG_Tsuboyama_2023_5UBS,SPG2_STRSG,Prokaryote,Stability,ESM2_15B,10,0.24445139968495505,0.2255672946291103,0.01888410505584474,2.312650756074314,2.4690403329792483,-0.1563895769049342
BLAT_ECOLX_Stiffler_2015,BLAT_ECOLX,Prokaryote,OrganismalFitness,ESM2_15B,10,0.433838943038943,0.41542763451769915,0.01841130852124394,9.393752875811703,9.440900222580016,-0.04714734676831256
KCNJ2_MOUSE_Coyote-Maestas_2022_function,KCNJ2_MOUSE,Eukaryote,Activity,ESM2_15B,10,0.3885536964742577,0.37070185431046687,0.017851842163790793,13.299818317949857,13.633020513903336,-0.3332021959534778
BLAT_ECOLX_Firnberg_2014,BLAT_ECOLX,Prokaryote,OrganismalFitness,ESM2_15B,10,0.426451712783751,0.4099850536475883,0.016466659136162694,27.796211094047955,27.988382804007557,-0.19217170995960658
IF1_ECOLI_Kelsic_2016,IF1_ECOLI,Prokaryote,OrganismalFitness,ESM2_15B,10,0.506663437720256,0.4905218938996643,0.016141543820591787,40.937492035317064,42.52698231095572,-1.5894902756386493
ESTA_BACSU_Nutschel_2020,ESTA_BACSU,Prokaryote,Stability,ESM2_15B,10,0.3274685402311501,0.31133524945836527,0.016133290772784824,20.522348796983362,20.543310469254887,-0.020961672271523214
TRPC_THEMA_Chan_2017,TRPC_THEMA,Prokaryote,OrganismalFitness,ESM2_15B,10,0.4943660197846099,0.47848686997428097,0.015879149810328935,13.98662773710431,13.780184647362418,0.20644308974189157
ANCSZ_Hobbs_2022,ANCSZ,Eukaryote,Activity,ESM2_15B,10,0.5795002159529825,0.5636400350173981,0.015860180935584372,35.89551341561397,35.335398895387826,0.5601145202261464
RCD1_ARATH_Tsuboyama_2023_5OAO,RCD1_ARATH,Eukaryote,Stability,ESM2_15B,10,0.46460173502491686,0.4489988922310353,0.01560284279388166,9.256846405715049,9.476559103748952,-0.21971269803390453
MK01_HUMAN_Brenan_2016,MK01_HUMAN,Human,OrganismalFitness,ESM2_15B,10,0.1513100430495286,0.1363389918477731,0.014971051201755497,3.7528047999023273,3.7714837189866293,-0.01867891908430197
PTEN_HUMAN_Mighell_2018,PTEN_HUMAN,Human,Activity,ESM2_15B,10,0.29148192130525724,0.27651373211362096,0.014968189191636321,8.406707793232284,8.420309908522576,-0.01360211529029165
TRPC_SACS2_Chan_2017,TRPC_SACS2,Prokaryote,OrganismalFitness,ESM2_15B,10,0.6054063352571287,0.5905098763017936,0.014896458955335035,14.92745043285783,14.339478985981728,0.5879714468761005
MTH3_HAEAE_RockahShmuel_2015,MTH3_HAEAE,Prokaryote,OrganismalFitness,ESM2_15B,10,0.6489070973467217,0.6347702164506259,0.014136880896095771,16.17917946734968,15.985050575497365,0.1941288918523149
PHOT_CHLRE_Chen_2023,PHOT_CHLRE,Eukaryote,Activity,ESM2_15B,10,0.6774091854121399,0.6636993153820918,0.013709870030048055,21.186756479471654,20.546235788831925,0.6405206906397293
I6TAH8_I68A0_Doud_2015,I6TAH8_I68A0,Virus,OrganismalFitness,ESM2_15B,10,0.098316654788434,0.08509554379377944,0.013221110994654565,3.24707906673342,3.1778574366708225,0.06922163006259745
CAR11_HUMAN_Meitlis_2020_lof,CAR11_HUMAN,Human,OrganismalFitness,ESM2_15B,10,0.5588647788716032,0.5472872597106491,0.01157751916095418,9.13988761815407,9.137696318112088,0.002191300041983624
KCNJ2_MOUSE_Coyote-Maestas_2022_surface,KCNJ2_MOUSE,Eukaryote,Expression,ESM2_15B,10,0.3589696174705231,0.34770050948752657,0.011269107982996532,3.364192264132888,3.465777158965139,-0.10158489483225104
NUD15_HUMAN_Suiter_2020,NUD15_HUMAN,Human,Expression,ESM2_15B,10,0.5968275465390624,0.5856670988872298,0.011160447651832588,16.399823135921075,15.947616712156137,0.4522064237649401
MET_HUMAN_Estevam_2023,MET_HUMAN,Human,Activity,ESM2_15B,10,0.5958036799689124,0.5849808675291122,0.010822812439800145,1.7416514862207138,1.725768433351065,0.015883052869648927
MLAC_ECOLI_MacRae_2023,MLAC_ECOLI,Prokaryote,OrganismalFitness,ESM2_15B,10,0.4215402347950768,0.4108266223053437,0.010713612489733005,21.792393541738612,21.91805606947862,-0.1256625277400058
HXK4_HUMAN_Gersing_2022_activity,HXK4_HUMAN,Human,OrganismalFitness,ESM2_15B,10,0.4801474938380667,0.47012069437129594,0.010026799466770774,11.45954019651092,11.502824133280265,-0.04328393676934468
POLG_PESV_Tsuboyama_2023_2MXD,POLG_PESV,Virus,Stability,ESM2_15B,10,0.07719171615654027,0.06719166712026514,0.010000049036275136,1.314839869285716,1.2534088481323986,0.06143102115331717
BLAT_ECOLX_Deng_2012,BLAT_ECOLX,Prokaryote,OrganismalFitness,ESM2_15B,10,0.34798639401365494,0.33808594608183157,0.009900447931823365,6.183356135400641,6.170799214523514,0.012556920877126742
KCNE1_HUMAN_Muhammad_2023_function,KCNE1_HUMAN,Human,Activity,ESM2_15B,10,0.37863149362739734,0.3688892405786677,0.009742253048729648,31.296193719392402,30.948727150998348,0.34746656839405043
Q53Z42_HUMAN_McShan_2019_expression,Q53Z42_HUMAN,Human,Expression,ESM2_15B,10,0.564229328669691,0.5544995251309476,0.00972980353874342,3.354600110984966,3.4271668608103973,-0.07256674982543063
OXDA_RHOTO_Vanella_2023_activity,OXDA_RHOTO,Eukaryote,Activity,ESM2_15B,10,0.3971414329811122,0.38808973782006634,0.009051695161045892,88.07836301884387,89.58278594689997,-1.504422928056097
SR43C_ARATH_Tsuboyama_2023_2N88,SR43C_ARATH,Eukaryote,Stability,ESM2_15B,10,0.6446701825350638,0.6362031653167839,0.00846701721827996,3.312038077733676,3.141389844141868,0.17064823359180803
HXK4_HUMAN_Gersing_2023_abundance,HXK4_HUMAN,Human,Expression,ESM2_15B,10,0.35279926367342973,0.3445012371970237,0.008298026476406012,24.830656756293664,24.98924051383435,-0.1585837575406856
DYR_ECOLI_Nguyen_2023,DYR_ECOLI,Prokaryote,OrganismalFitness,ESM2_15B,10,0.5320365685547631,0.5238832411084251,0.008153327446338015,28.715645375380063,28.6103461355238,0.10529923985626369
HMDH_HUMAN_Jiang_2019,HMDH_HUMAN,Human,OrganismalFitness,ESM2_15B,10,0.3792486421885799,0.3719747644535233,0.007273877735056655,31.74816817392146,31.448351898482088,0.2998162754393707
PPM1D_HUMAN_Miller_2022,PPM1D_HUMAN,Human,OrganismalFitness,ESM2_15B,10,0.6221912678375789,0.615741409547686,0.0064498582898929735,26.43472270051957,26.489560197409435,-0.054837496889864924
NCAP_I34A1_Doud_2015,NCAP_I34A1,Virus,OrganismalFitness,ESM2_15B,10,0.10600223013038276,0.10041336398678984,0.005588866143592929,3.025933830068719,2.942307030064634,0.08362680000408514
TCRG1_MOUSE_Tsuboyama_2023_1E0L,TCRG1_MOUSE,Eukaryote,Stability,ESM2_15B,10,0.6936682027649769,0.6890933100227141,0.004574892742262787,5.798182828254523,5.817560860566479,-0.019378032311955628
A0A192B1T2_9HIV1_Haddox_2018,A0A192B1T2_9HIV1,Virus,OrganismalFitness,ESM2_15B,10,0.1623325705046581,0.1581218045919173,0.004210765912740802,1.5105423969015557,1.4898790356671885,0.02066336123436736
HECD1_HUMAN_Tsuboyama_2023_3DKM,HECD1_HUMAN,Human,Stability,ESM2_15B,10,0.5878063738826274,0.583914361683617,0.003892012199010292,6.421034116274311,6.31451895542291,0.10651516085140109
PABP_YEAST_Melamed_2013,PABP_YEAST,Eukaryote,OrganismalFitness,ESM2_15B,10,0.6551144974520849,0.651350247908992,0.003764249543092957,21.218609038242707,20.351438354417077,0.8671706838256302
HSP82_YEAST_Mishra_2016,HSP82_YEAST,Eukaryote,OrganismalFitness,ESM2_15B,10,0.4193115569777393,0.41570026774642954,0.0036112892313097944,20.394742435892116,20.09050839774711,0.3042340381450053
KKA2_KLEPN_Melnikov_2014,KKA2_KLEPN,Prokaryote,OrganismalFitness,ESM2_15B,10,0.6594309241584718,0.6559614777358604,0.003469446422611455,8.555044072770428,8.7256241382877,-0.17058006551727178
P53_HUMAN_Giacomelli_2018_Null_Etoposide,P53_HUMAN,Human,OrganismalFitness,ESM2_15B,10,0.499478757399903,0.49625281995993387,0.0032259374399691066,5.431631323395036,5.384608795068472,0.04702252832656537
PPARG_HUMAN_Majithia_2016,PPARG_HUMAN,Human,Activity,ESM2_15B,10,0.7618539280492677,0.7588052927332712,0.0030486353159964617,2.76863954643418,2.7811814371968446,-0.012541890762664654
POLG_CXB3N_Mattenberger_2021,POLG_CXB3N,Virus,OrganismalFitness,ESM2_15B,10,0.42625503082152766,0.4233882572581301,0.0028667735633975456,5.022326655272597,5.0400482623581775,-0.017721607085580703
VRPI_BPT7_Tsuboyama_2023_2WNM,VRPI_BPT7,Virus,Stability,ESM2_15B,10,0.4543413682849951,0.45176065106185054,0.002580717223144588,7.622452228953485,7.463689727991555,0.15876250096192973
YNZC_BACSU_Tsuboyama_2023_2JVD,YNZC_BACSU,Prokaryote,Stability,ESM2_15B,10,0.47001830329295113,0.46766792884821823,0.0023503744447329554,7.465884259939843,7.71937995242004,-0.25349569248019865
CAS9_STRP1_Spencer_2017_positive,CAS9_STRP1,Prokaryote,Activity,ESM2_15B,10,0.19415906295431926,0.1919788664447541,0.002180196509565177,9.679524225032392,9.713558523803979,-0.03403429877158892
A4GRB6_PSEAI_Chen_2020,A4GRB6_PSEAI,Prokaryote,OrganismalFitness,ESM2_15B,10,0.6213413676144215,0.6192389994952776,0.002102368119143894,3.9095157370790297,3.8804754987801244,0.029040238298905053
Q53Z42_HUMAN_McShan_2019_binding-TAPBPR,Q53Z42_HUMAN,Human,Binding,ESM2_15B,10,0.34669521596604513,0.34477687446660693,0.0019183414994382697,6.901483752692734,6.977238631780708,-0.07575487908797429
PTEN_HUMAN_Matreyek_2021,PTEN_HUMAN,Human,Expression,ESM2_15B,10,0.2981392145481552,0.2963700078292638,0.0017692067188913446,43.525845032956944,43.42268736392122,0.10315766903571841
BRCA1_HUMAN_Findlay_2018,BRCA1_HUMAN,Human,OrganismalFitness,ESM2_15B,10,0.392197009755905,0.3907809312023351,0.001416078553569855,9.205945384359895,9.106198426195732,0.09974695816416138
C6KNH7_9INFA_Lee_2018,C6KNH7_9INFA,Virus,OrganismalFitness,ESM2_15B,10,0.4318908484325106,0.43069879031870195,0.001192058113808614,9.846232159908693,9.882511808153701,-0.03627964824500864
PAI1_HUMAN_Huttinger_2021,PAI1_HUMAN,Human,Activity,ESM2_15B,10,0.2586171861809753,0.2574956039231541,0.001121582257821188,7.641756602608323,7.613360435907639,0.02839616670068441
Q8WTC7_9CNID_Somermeyer_2022,Q8WTC7_9CNID,Eukaryote,Activity,ESM2_15B,10,0.03815224100682419,0.03727947152881911,0.0008727694780050795,2.7004831077545473,2.7077932905905557,-0.007310182836008971
BCHB_CHLTE_Tsuboyama_2023_2KRU,BCHB_CHLTE,Prokaryote,Stability,ESM2_15B,10,0.2703723366339373,0.2697909405794936,0.0005813960544436669,4.74657024008308,4.778412929014233,-0.03184268893115298
ENV_HV1BR_Haddox_2016,ENV_HV1BR,Virus,OrganismalFitness,ESM2_15B,10,0.15371172366963687,0.15334127646600718,0.0003704472036297118,55.680009517919,54.427859145302634,1.2521503726163565
POLG_HCVJF_Qi_2014,POLG_HCVJF,Virus,OrganismalFitness,ESM2_15B,10,0.0997977393273378,0.09977665699880993,2.108232852787717e-05,2.5446199796807196,2.6972810988791447,-0.1526611191984252
A0A140D2T1_ZIKV_Sourisseau_2019,A0A140D2T1_ZIKV,Virus,OrganismalFitness,ESM2_15B,10,0.37429765384854324,0.37459894939871496,-0.000301295550171754,19.761834378187448,19.59401766751538,0.16781671067206325
AMIE_PSEAE_Wrenbeck_2017,AMIE_PSEAE,Prokaryote,Activity,ESM2_15B,10,0.6114681488744002,0.612437040839878,-0.0009688919654779026,22.612505842197873,22.441965797127256,0.17054004507061932
A0A1I9GEU1_NEIME_Kennouche_2019,A0A1I9GEU1_NEIME,Prokaryote,Activity,ESM2_15B,10,0.03280045330522876,0.034576868713038146,-0.0017764154078093787,3.160070640485638,3.0287237577597623,0.13134688272587575
CSN4_MOUSE_Tsuboyama_2023_1UFM,CSN4_MOUSE,Eukaryote,Stability,ESM2_15B,10,0.30134005016520754,0.3033864704557658,-0.002046420290558229,8.492936657133713,8.378850372221951,0.11408628491176129
CP2C9_HUMAN_Amorosi_2021_abundance,CP2C9_HUMAN,Human,Expression,ESM2_15B,10,0.5884304437830484,0.5907615071611206,-0.0023310633780722735,25.905353153930083,25.831307118240453,0.07404603568962465
CASP3_HUMAN_Roychowdhury_2020,CASP3_HUMAN,Human,Activity,ESM2_15B,10,0.5153921514475838,0.5182463397473829,-0.0028541882997990876,14.253323139930568,14.25754470307118,-0.004221563140607465
MSH2_HUMAN_Jia_2020,MSH2_HUMAN,Human,OrganismalFitness,ESM2_15B,10,0.2005723546600112,0.20365424551937697,-0.003081890859365727,7.702189287987562,7.699996349107899,0.002192938879664119
CCR5_HUMAN_Gill_2023,CCR5_HUMAN,Human,Binding,ESM2_15B,10,0.3387235556902154,0.34207430062777233,-0.0033507449375568934,11.248837819965534,10.876184399379348,0.37265342058618567
HSP82_YEAST_Flynn_2019,HSP82_YEAST,Eukaryote,OrganismalFitness,ESM2_15B,10,0.37049411848913383,0.3746294655201666,-0.004135347031032771,18.008411018460468,17.98618750944678,0.022223509013688414
PA_I34A1_Wu_2015,PA_I34A1,Virus,OrganismalFitness,ESM2_15B,10,0.3466962427360933,0.3513072343023184,-0.004610991566225156,17.96620880059919,17.92589560154717,0.04031319905201976
A0A2Z5U3Z0_9INFA_Doud_2016,A0A2Z5U3Z0_9INFA,Virus,OrganismalFitness,ESM2_15B,10,0.5042706353387489,0.5090519477369473,-0.00478131239819844,6.1650565416148435,6.120088460418472,0.04496808119637228
SAV1_MOUSE_Tsuboyama_2023_2YSB,SAV1_MOUSE,Eukaryote,Stability,ESM2_15B,10,0.41543819474261723,0.4207272044992253,-0.005289009756608104,7.232289629062253,6.767501176293969,0.4647884527682824
GDIA_HUMAN_Silverstein_2021,GDIA_HUMAN,Human,OrganismalFitness,ESM2_15B,10,0.3852625895983179,0.39076975346685605,-0.005507163868538212,35.33222345505356,35.667528658576074,-0.3353052035225126
SERC_HUMAN_Xie_2023,SERC_HUMAN,Human,OrganismalFitness,ESM2_15B,10,0.5280896289284104,0.533653563273506,-0.0055639343450956,25.47464619428338,25.704768180278194,-0.2301219859948116
P53_HUMAN_Kotler_2018,P53_HUMAN,Human,OrganismalFitness,ESM2_15B,10,0.6931313635229823,0.6990774604587855,-0.005946096935803213,6.163677481047141,6.16976423805512,-0.006086757007979315
SPG1_STRSG_Olson_2014,SPG1_STRSG,Prokaryote,Binding,ESM2_15B,10,0.30599299899041393,0.3119725826079782,-0.005979583617564288,3.8040250491670755,3.6745702675802825,0.12945478158679266
SBI_STAAM_Tsuboyama_2023_2JVG,SBI_STAAM,Prokaryote,Stability,ESM2_15B,10,0.2974640275243415,0.3036362646188844,-0.006172237094542921,12.692323664441577,12.461645089656535,0.2306785747850432
SOX30_HUMAN_Tsuboyama_2023_7JJK,SOX30_HUMAN,Human,Stability,ESM2_15B,10,0.24556493734808377,0.25212301640561896,-0.00655807905753521,7.388608094025683,7.063839058901334,0.3247690351243494
P53_HUMAN_Giacomelli_2018_Null_Nutlin,P53_HUMAN,Human,OrganismalFitness,ESM2_15B,10,0.4598793945514612,0.46650985587262717,-0.006630461321165987,5.457168264722169,5.398328773376056,0.05883949134611175
NKX31_HUMAN_Tsuboyama_2023_2L9R,NKX31_HUMAN,Human,Stability,ESM2_15B,10,0.6413495447024969,0.6481435891017329,-0.006794044399235921,8.284663366008736,7.8937217092408245,0.39094165676791237
SHOC2_HUMAN_Kwon_2022,SHOC2_HUMAN,Human,OrganismalFitness,ESM2_15B,10,0.29282841200086385,0.29978037687834835,-0.006951964877484465,19.21479414652802,19.269559901173714,-0.05476575464569464
SRC_HUMAN_Nguyen_2022,SRC_HUMAN,Human,OrganismalFitness,ESM2_15B,10,0.4171425777566138,0.4246833854727649,-0.007540807716151132,14.506411141938196,14.369753553496386,0.1366575884418097
RASH_HUMAN_Bandaru_2017,RASH_HUMAN,Human,Activity,ESM2_15B,10,0.31313401072531355,0.32092610497144775,-0.007792094246134232,33.7363407666435,33.55114077807231,0.1851999885711919
SUMO1_HUMAN_Weile_2017,SUMO1_HUMAN,Human,OrganismalFitness,ESM2_15B,10,0.33403237255767027,0.3422987644979546,-0.008266391940284373,33.36014602321554,33.158149778733765,0.20199624448178
A0A2Z5U3Z0_9INFA_Wu_2014,A0A2Z5U3Z0_9INFA,Virus,OrganismalFitness,ESM2_15B,10,0.46719722125669555,0.4764809533596245,-0.009283732102928993,7.666471383938128,7.617575352201439,0.0488960317366887
MAFG_MOUSE_Tsuboyama_2023_1K1V,MAFG_MOUSE,Eukaryote,Stability,ESM2_15B,10,0.26411885328293994,0.2746046947291387,-0.010485841446198723,6.962275091840527,6.935757955896736,0.02651713594379208
Q59976_STRSQ_Romero_2015,Q59976_STRSQ,Prokaryote,Activity,ESM2_15B,10,0.5673948218046496,0.5785909965467256,-0.011196174742075982,5.766594831590112,5.830160228383802,-0.06356539679369053
YAIA_ECOLI_Tsuboyama_2023_2KVT,YAIA_ECOLI,Prokaryote,Stability,ESM2_15B,10,0.4632149900461096,0.47530262666540957,-0.012087636619299957,6.760370582733387,6.635191093326822,0.12517948940656512
POLG_DEN26_Suphatrakul_2023,POLG_DEN26,Virus,OrganismalFitness,ESM2_15B,10,0.3690637026363619,0.38116544351486153,-0.012101740878499611,1.422489638292305,1.3922765752012496,0.030213063091055224
REV_HV1H2_Fernandes_2016,REV_HV1H2,Virus,OrganismalFitness,ESM2_15B,10,0.25730143810756767,0.26959200188277926,-0.012290563775211571,46.07894056512997,45.89343784548978,0.18550271964018777
OXDA_RHOTO_Vanella_2023_expression,OXDA_RHOTO,Eukaryote,Expression,ESM2_15B,10,0.3407584002521911,0.3538546208117228,-0.013096220559531713,54.19746612376665,54.91886943325388,-0.7214033094872384
RDRP_I33A0_Li_2023,RDRP_I33A0,Virus,OrganismalFitness,ESM2_15B,10,0.4874208455334229,0.501278212654128,-0.013857367120705089,17.091783682902598,17.133720352875184,-0.041936669972586674
S22A1_HUMAN_Yee_2023_abundance,S22A1_HUMAN,Human,Expression,ESM2_15B,10,0.5638514474870954,0.5789814615970185,-0.015130014109923106,5.449953142196059,5.403736816098627,0.0462163260974318
FECA_ECOLI_Tsuboyama_2023_2D1U,FECA_ECOLI,Prokaryote,Stability,ESM2_15B,10,0.399511046677323,0.41477891711709286,-0.015267870439769838,9.876277487994775,9.930586353453796,-0.05430886545902123
DLG4_RAT_McLaughlin_2012,DLG4_RAT,Eukaryote,Binding,ESM2_15B,10,0.45999063604368323,0.4755343181280162,-0.015543682084333054,29.17299226971398,29.54962325570346,-0.3766309859894822
P53_HUMAN_Giacomelli_2018_WT_Nutlin,P53_HUMAN,Human,OrganismalFitness,ESM2_15B,10,0.46486079515601003,0.48047184457035963,-0.015611049414349588,5.13760757359221,5.078247840677218,0.05935973291499232
CAR11_HUMAN_Meitlis_2020_gof,CAR11_HUMAN,Human,OrganismalFitness,ESM2_15B,10,0.3525667258242405,0.368351721374894,-0.015784995550653574,10.873785793305071,10.860510380310716,0.013275412994356195
A4D664_9INFA_Soh_2019,A4D664_9INFA,Virus,OrganismalFitness,ESM2_15B,10,0.2632426695052748,0.2792419707097085,-0.015999301204433703,30.919352635739795,30.935460022239976,-0.016107386500184617
ENVZ_ECOLI_Ghose_2023,ENVZ_ECOLI,Prokaryote,Activity,ESM2_15B,10,0.11569194728039733,0.1327155206811807,-0.017023573400783348,10.706316233969073,10.696467430850685,0.00984880311838623
MBD11_ARATH_Tsuboyama_2023_6ACV,MBD11_ARATH,Eukaryote,Stability,ESM2_15B,10,0.646601666699118,0.6640340088174976,-0.017432342118379563,4.235082573832286,4.2433570402226595,-0.008274466390372836
A0A247D711_LISMN_Stadelmann_2021,A0A247D711_LISMN,Prokaryote,Activity,ESM2_15B,10,0.0638269848856174,0.08199651645051335,-0.01816953156489596,1.6142247121356945,1.6510541096327174,-0.036829397497022784
TAT_HV1BR_Fernandes_2016,TAT_HV1BR,Virus,OrganismalFitness,ESM2_15B,10,0.0415159449556287,0.0604908833607178,-0.0189749384050891,8.705642782805516,9.176113895270937,-0.47047111246542084
HEM3_HUMAN_Loggerenberg_2023,HEM3_HUMAN,Human,Activity,ESM2_15B,10,0.4107446518410932,0.4298045969512305,-0.019059945110137273,22.232163614164698,22.289314147433046,-0.057150533268350755
KCNE1_HUMAN_Muhammad_2023_expression,KCNE1_HUMAN,Human,Expression,ESM2_15B,10,0.0700388918292974,0.08910024032640063,-0.019061348497103232,33.77497396184491,33.21999187236613,0.5549820894787736
CBS_HUMAN_Sun_2020,CBS_HUMAN,Human,OrganismalFitness,ESM2_15B,10,0.3281294453037616,0.34723012917952645,-0.019100683875764867,18.66759609679915,18.80501230910713,-0.13741621230797563
TPK1_HUMAN_Weile_2017,TPK1_HUMAN,Human,OrganismalFitness,ESM2_15B,10,0.3597232471777977,0.37941228075995653,-0.01968903358215885,21.437325574508087,21.296377218610765,0.14094835589731963
SRC_HUMAN_Ahler_2019,SRC_HUMAN,Human,Activity,ESM2_15B,10,0.46101574592695344,0.4808455632892258,-0.01982981736227239,8.512652589770058,8.338254294327518,0.1743982954425393
CP2C9_HUMAN_Amorosi_2021_activity,CP2C9_HUMAN,Human,Binding,ESM2_15B,10,0.6178335631068365,0.6379404406858521,-0.020106877579015758,22.90477188267672,23.100391467789176,-0.19561958511245478
SPIKE_SARS2_Starr_2020_expression,SPIKE_SARS2,Virus,Expression,ESM2_15B,10,0.07673124375405696,0.0968420529492517,-0.020110809195194743,1.55505006598608,1.5217862278454934,0.033263838140586664
AACC1_PSEAI_Dandage_2018,AACC1_PSEAI,Prokaryote,OrganismalFitness,ESM2_15B,10,0.5010406686970406,0.5212345566295175,-0.020193887932476878,4.030006227174564,4.146541685735324,-0.11653545856076009
SDA_BACSU_Tsuboyama_2023_1PV0,SDA_BACSU,Prokaryote,Stability,ESM2_15B,10,0.6160432147752688,0.6366348825422415,-0.020591667766972677,5.162137349704425,5.147350901509471,0.014786448194953472
S22A1_HUMAN_Yee_2023_activity,S22A1_HUMAN,Human,Activity,ESM2_15B,10,0.526102105749241,0.5473071787631815,-0.021205073013940513,8.968465918252344,8.956625350750752,0.011840567501590904
OTC_HUMAN_Lo_2023,OTC_HUMAN,Human,Activity,ESM2_15B,10,0.5392816991824587,0.5605645458015229,-0.021282846619064277,15.808093159520459,16.024191862596712,-0.21609870307625217
PR40A_HUMAN_Tsuboyama_2023_1UZC,PR40A_HUMAN,Human,Stability,ESM2_15B,10,0.39334261146085925,0.41516525161563306,-0.0218226401547738,9.605163987876674,9.485973633312943,0.11919035456373006
CD19_HUMAN_Klesmith_2019_FMC_singles,CD19_HUMAN,Human,Binding,ESM2_15B,10,0.2308112951056452,0.2528903588261807,-0.022079063720535527,2.928194719842649,2.8915574811431526,0.03663723869949642
RNC_ECOLI_Weeks_2023,RNC_ECOLI,Prokaryote,Activity,ESM2_15B,10,0.5925715714055311,0.6167126869444832,-0.02414111553895213,16.187391445281605,16.240166071771753,-0.05277462649014595
MTHR_HUMAN_Weile_2021,MTHR_HUMAN,Human,OrganismalFitness,ESM2_15B,10,0.28508782457319753,0.31009508072730946,-0.02500725615411194,39.92830195307601,39.9450492194196,-0.01674726634358805
FKBP3_HUMAN_Tsuboyama_2023_2KFV,FKBP3_HUMAN,Human,Stability,ESM2_15B,10,0.3983011843639413,0.4241046397546849,-0.02580345539074355,7.5745005734430935,8.019385181957805,-0.44488460851471084
RASK_HUMAN_Weng_2022_binding-DARPin_K55,RASK_HUMAN,Human,Binding,ESM2_15B,10,0.4427100935601981,0.4703365722258563,-0.027626478665658216,29.698910084824934,29.612141575473856,0.08676850935107545
TADBP_HUMAN_Bolognesi_2019,TADBP_HUMAN,Human,OrganismalFitness,ESM2_15B,10,0.04877853782183718,0.07672356026758974,-0.027945022445752567,96.47753698050674,95.88668826128512,0.5908487192216242
ILF3_HUMAN_Tsuboyama_2023_2L33,ILF3_HUMAN,Human,Stability,ESM2_15B,10,0.13076962068091577,0.15995537778112043,-0.029185757100204657,13.062532006440913,12.90010366114534,0.16242834529557246
NUSG_MYCTU_Tsuboyama_2023_2MI6,NUSG_MYCTU,Prokaryote,Stability,ESM2_15B,10,0.5633310952640097,0.5965664516789568,-0.03323535641494708,4.553544316327143,4.457772035138226,0.09577228118891648
HSP82_YEAST_Cote-Hammarlof_2020_growth-H2O2,HSP82_YEAST,Eukaryote,OrganismalFitness,ESM2_15B,10,0.2998489306799023,0.3333002460728659,-0.03345131539296362,430.31523946442564,434.76473417060987,-4.44949470618418
SPIKE_SARS2_Starr_2020_binding,SPIKE_SARS2,Virus,Binding,ESM2_15B,10,0.03558765596098753,0.07680682975957978,-0.04121917379859224,1.3384106370535134,1.3134303195964827,0.024980317457030644
RL20_AQUAE_Tsuboyama_2023_1GYZ,RL20_AQUAE,Prokaryote,Stability,ESM2_15B,10,0.32458396544458495,0.3691861813123116,-0.044602215867726676,10.027769457583215,9.708481494655507,0.3192879629277091
CATR_CHLRE_Tsuboyama_2023_2AMI,CATR_CHLRE,Eukaryote,Stability,ESM2_15B,10,0.3419406039847959,0.38919800665097315,-0.04725740266617727,8.950287567111399,9.020222906892142,-0.06993533978074425
Q837P4_ENTFA_Meier_2023,Q837P4_ENTFA,Prokaryote,Activity,ESM2_15B,10,0.508057116616737,0.5555463017540497,-0.047489185137312685,5.032939597432055,4.927962051579795,0.10497754585226034
HCP_LAMBD_Tsuboyama_2023_2L6Q,HCP_LAMBD,Virus,Stability,ESM2_15B,10,0.5828048572327748,0.6308666574292754,-0.04806180019650059,8.066075819550395,7.888513844636509,0.17756197491388476
SCIN_STAAR_Tsuboyama_2023_2QFF,SCIN_STAAR,Prokaryote,Stability,ESM2_15B,10,0.4164379345700756,0.4693578737999209,-0.0529199392298453,1.9824962424977755,2.0102931874722563,-0.02779694497448042
RS15_GEOSE_Tsuboyama_2023_1A32,RS15_GEOSE,Prokaryote,Stability,ESM2_15B,10,0.3332326570795682,0.3863345401485401,-0.05310188306897188,9.7057780214715,9.564760276505451,0.14101774496604894
RCRO_LAMBD_Tsuboyama_2023_1ORC,RCRO_LAMBD,Virus,Stability,ESM2_15B,10,0.5118431138145635,0.5679589060181552,-0.05611579220359179,3.6148218277648754,3.246672472783054,0.36814935498182116
A4_HUMAN_Seuma_2022,A4_HUMAN,Human,Stability,ESM2_15B,10,0.4393173561467245,0.49568479828320305,-0.056367442136478596,5.887265134984775,5.659608569466179,0.22765656551859567
CCDB_ECOLI_Adkar_2012,CCDB_ECOLI,Prokaryote,Activity,ESM2_15B,10,0.24261602121815434,0.301048543078045,-0.058432521859890674,1.2062840028225277,1.25795302625277,-0.0516690234302426
CAPSD_AAV2S_Sinai_2021,CAPSD_AAV2S,Virus,OrganismalFitness,ESM2_15B,10,-0.05905288113011618,0.004063101192766457,-0.06311598232288265,1.1970054699684956,1.2113580364004788,-0.014352566431983172
CBPA2_HUMAN_Tsuboyama_2023_1O6X,CBPA2_HUMAN,Human,Stability,ESM2_15B,10,0.43067835138597016,0.4952133776467874,-0.0645350262608172,6.182579289348916,6.291870563950375,-0.10929127460145915
PIN1_HUMAN_Tsuboyama_2023_1I6C,PIN1_HUMAN,Human,Stability,ESM2_15B,10,0.5670658395530481,0.6370757842168868,-0.07000994466383872,5.5924188455873685,6.187311852291305,-0.5948930067039367
RAD_ANTMA_Tsuboyama_2023_2CJJ,RAD_ANTMA,Eukaryote,Stability,ESM2_15B,10,0.37069221101479166,0.46951509389388735,-0.0988228828790957,5.906093563878547,5.796248282364945,0.10984528151360129
PSAE_PICP2_Tsuboyama_2023_1PSE,PSAE_PICP2,Prokaryote,Stability,ESM2_35M,10,0.3732004179935483,0.21934048394838132,0.15385993404516699,2.837643466328185,2.79954015652941,0.038103309798774965
PITX2_HUMAN_Tsuboyama_2023_2L7M,PITX2_HUMAN,Human,Stability,ESM2_35M,10,0.670170685940398,0.5217776935762425,0.1483929923641555,3.1734559742639084,3.197235407002565,-0.02377943273865637
ARGR_ECOLI_Tsuboyama_2023_1AOY,ARGR_ECOLI,Prokaryote,Stability,ESM2_35M,10,0.2952819308443234,0.17822095780322042,0.11706097304110297,2.043664451859058,2.0420261281739625,0.001638323685095555
SAV1_MOUSE_Tsuboyama_2023_2YSB,SAV1_MOUSE,Eukaryote,Stability,ESM2_35M,10,0.46974190162683066,0.36633681500305343,0.10340508662377726,2.5115222398174852,2.5144241375454506,-0.0029018977279650303
VG08_BPP22_Tsuboyama_2023_2GP8,VG08_BPP22,Virus,Stability,ESM2_35M,10,0.5131585577074476,0.41181761338238526,0.10134094432506228,4.320168004921412,4.231912244943655,0.08825575997775745
CBX4_HUMAN_Tsuboyama_2023_2K28,CBX4_HUMAN,Human,Stability,ESM2_35M,10,0.7056858854578028,0.6146031303813027,0.09108275507650002,3.149713050414864,3.0327333291702048,0.11697972124465941
RPC1_BP434_Tsuboyama_2023_1R69,RPC1_BP434,Virus,Stability,ESM2_35M,10,0.6917089127686473,0.6067301934102677,0.08497871935837971,2.5317254144646157,2.421123818913575,0.1106015955510408
CUE1_YEAST_Tsuboyama_2023_2MYX,CUE1_YEAST,Eukaryote,Stability,ESM2_35M,10,0.3489416850372003,0.266263248231322,0.08267843680587825,2.1488775088370247,2.0542065252868986,0.0946709835501259
NUSA_ECOLI_Tsuboyama_2023_1WCL,NUSA_ECOLI,Prokaryote,Stability,ESM2_35M,10,0.38719921959317566,0.3100215205633028,0.07717769902987288,2.1749024328530653,2.124452727695855,0.05044970515720999
DOCK1_MOUSE_Tsuboyama_2023_2M0Y,DOCK1_MOUSE,Eukaryote,Stability,ESM2_35M,10,0.6016627610765712,0.5286585333481224,0.0730042277284489,3.124930494171304,3.337419446317301,-0.21248895214599767
THO1_YEAST_Tsuboyama_2023_2WQG,THO1_YEAST,Eukaryote,Stability,ESM2_35M,10,0.3981096043370048,0.3325959726350999,0.06551363170190497,3.671170148516212,3.8738923830287257,-0.20272223451251384
GFP_AEQVI_Sarkisyan_2016,GFP_AEQVI,Eukaryote,Activity,ESM2_35M,10,0.10473501129760379,0.040682656191590394,0.0640523551060134,6.150100311833436,6.169852898657023,-0.01975258682358767
VKOR1_HUMAN_Chiasson_2020_activity,VKOR1_HUMAN,Human,Activity,ESM2_35M,10,0.3009792728421646,0.24038303866332583,0.06059623417883871,7.347639758129594,6.727612261294995,0.6200274968345993
HECD1_HUMAN_Tsuboyama_2023_3DKM,HECD1_HUMAN,Human,Stability,ESM2_35M,10,0.16020427516517682,0.10076931091199999,0.05943496425317686,1.4317081252204256,1.5075425145241508,-0.07583438930372521
UBE4B_HUMAN_Tsuboyama_2023_3L1X,UBE4B_HUMAN,Human,Stability,ESM2_35M,10,0.5027107623318386,0.44370008238414804,0.05901067994769059,2.5884372987050916,2.6586319761946156,-0.07019467748952417
DNJA1_HUMAN_Tsuboyama_2023_2LO1,DNJA1_HUMAN,Human,Stability,ESM2_35M,10,0.6296175689462185,0.5719416321013829,0.05767593684483544,3.5828523949811455,3.5855822829618966,-0.002729887980750645
TRPC_THEMA_Chan_2017,TRPC_THEMA,Prokaryote,OrganismalFitness,ESM2_35M,10,0.4824464109496066,0.4253481955656551,0.057098215383951545,9.103113373942833,9.149278680800379,-0.046165306857546363
P84126_THETH_Chan_2017,P84126_THETH,Prokaryote,OrganismalFitness,ESM2_35M,10,0.5415354495011616,0.4858101345111493,0.055725314990012334,10.570684515876785,10.598286987944254,-0.027602472067469998
RCD1_ARATH_Tsuboyama_2023_5OAO,RCD1_ARATH,Eukaryote,Stability,ESM2_35M,10,0.25714265837725775,0.20159281650115085,0.055549841876106884,1.853150958203577,1.8739834814982685,-0.02083252329469134
RASK_HUMAN_Weng_2022_abundance,RASK_HUMAN,Human,Expression,ESM2_35M,10,0.24971129098084188,0.19610182802703563,0.05360946295380627,12.745626663144789,12.975851465587393,-0.23022480244260457
SR43C_ARATH_Tsuboyama_2023_2N88,SR43C_ARATH,Eukaryote,Stability,ESM2_35M,10,0.48116251333877347,0.4281013025530943,0.05306121078567916,2.068595934558421,1.8020156450464793,0.2665802895119419
VKOR1_HUMAN_Chiasson_2020_abundance,VKOR1_HUMAN,Human,Expression,ESM2_35M,10,0.45395390825024384,0.40315661405293624,0.05079729419730761,8.704715913311663,8.895267988384669,-0.1905520750730047
CALM1_HUMAN_Weile_2017,CALM1_HUMAN,Human,OrganismalFitness,ESM2_35M,10,0.22153677119244577,0.17096928411663484,0.05056748707581092,17.506196519779103,17.092635257219012,0.41356126256009257
Q6WV12_9MAXI_Somermeyer_2022,Q6WV12_9MAXI,Eukaryote,Activity,ESM2_35M,10,0.0936789143924935,0.0432670452944665,0.050411869098026994,3.4002761194723563,3.356369166722291,0.0439069527500644
VRPI_BPT7_Tsuboyama_2023_2WNM,VRPI_BPT7,Virus,Stability,ESM2_35M,10,0.39593019601999396,0.34555329242127386,0.050376903598720116,1.662161599733484,1.6518948340677722,0.010266765665711719
OBSCN_HUMAN_Tsuboyama_2023_1V1C,OBSCN_HUMAN,Human,Stability,ESM2_35M,10,0.549910514316873,0.4996855256549798,0.050224988661893157,1.6250173319789105,1.6121042524971554,0.012913079481755085
SDA_BACSU_Tsuboyama_2023_1PV0,SDA_BACSU,Prokaryote,Stability,ESM2_35M,10,0.20153926226720395,0.1544463782920337,0.04709288397517029,1.424382882307045,1.3484596417624768,0.07592324054456807
OTU7A_HUMAN_Tsuboyama_2023_2L2D,OTU7A_HUMAN,Human,Stability,ESM2_35M,10,0.5627384467566554,0.5165991431583625,0.04613930359829281,2.902799486264514,2.7994222764329253,0.10337720983158878
CAR11_HUMAN_Meitlis_2020_lof,CAR11_HUMAN,Human,OrganismalFitness,ESM2_35M,10,0.11990443829107014,0.07453908509241795,0.04536535319865219,1.8879384629717548,1.9358711886077402,-0.04793272563598503
DYR_ECOLI_Thompson_2019,DYR_ECOLI,Prokaryote,OrganismalFitness,ESM2_35M,10,0.36067124935547973,0.3160803429323732,0.044590906423106515,5.167984916656897,5.101954814346402,0.0660301023104938
MBD11_ARATH_Tsuboyama_2023_6ACV,MBD11_ARATH,Eukaryote,Stability,ESM2_35M,10,0.04785100956015499,0.003973785849402077,0.04387722371075291,1.322514136496378,1.3813680116915017,-0.05885387519512373
SRBS1_HUMAN_Tsuboyama_2023_2O2W,SRBS1_HUMAN,Human,Stability,ESM2_35M,10,0.6465172506652884,0.6058698966678808,0.04064735399740755,1.9422768350549187,1.9449802316368998,-0.0027033965819812213
GAL4_YEAST_Kitzman_2015,GAL4_YEAST,Eukaryote,OrganismalFitness,ESM2_35M,10,0.37658523313044273,0.3366643604641891,0.03992087266625354,1.0310919860037473,0.9976213973552543,0.03347058864849293
SPTN1_CHICK_Tsuboyama_2023_1TUD,SPTN1_CHICK,Eukaryote,Stability,ESM2_35M,10,0.5541270550963836,0.5144253375648515,0.039701717531532135,1.4098739916323235,1.4470139204832437,-0.03713992885091997
RCRO_LAMBD_Tsuboyama_2023_1ORC,RCRO_LAMBD,Virus,Stability,ESM2_35M,10,0.2823743011849091,0.24402615238643327,0.0383481487984758,1.3447581992218172,1.3593473354011385,-0.014589136179321272
PR40A_HUMAN_Tsuboyama_2023_1UZC,PR40A_HUMAN,Human,Stability,ESM2_35M,10,0.13324946968575796,0.09767123211135287,0.03557823757440511,1.715247164845269,1.6842532905438847,0.030993874301384273
SYUA_HUMAN_Newberry_2020,SYUA_HUMAN,Human,OrganismalFitness,ESM2_35M,10,0.125586924747699,0.09020803244712397,0.03537889230057502,28.692830233229692,28.377570075972756,0.31526015725693846
BLAT_ECOLX_Firnberg_2014,BLAT_ECOLX,Prokaryote,OrganismalFitness,ESM2_35M,10,0.5597231405620007,0.5246917522987914,0.03503138826320919,9.498577967686952,9.26135180141161,0.23722616627534326
ADRB2_HUMAN_Jones_2020,ADRB2_HUMAN,Human,Activity,ESM2_35M,10,0.4569325794683259,0.423269952067037,0.03366262740128883,6.781125173616893,6.624930598068568,0.1561945755483249
RD23A_HUMAN_Tsuboyama_2023_1IFY,RD23A_HUMAN,Human,Stability,ESM2_35M,10,0.6592405953357553,0.626192808145041,0.03304778719071438,2.9349926660077843,2.8753927923963003,0.05959987361148396
REV_HV1H2_Fernandes_2016,REV_HV1H2,Virus,OrganismalFitness,ESM2_35M,10,0.0458298880205749,0.01412104470742292,0.03170884331315198,6.755742635828514,6.082590272576686,0.673152363251829
RL40A_YEAST_Roscoe_2014,RL40A_YEAST,Eukaryote,Activity,ESM2_35M,10,0.5130176224654328,0.4824045230864651,0.030613099378967834,10.602737567811838,10.142601954008649,0.4601356138031896
A0A2Z5U3Z0_9INFA_Doud_2016,A0A2Z5U3Z0_9INFA,Virus,OrganismalFitness,ESM2_35M,10,0.015161774797571225,-0.014756051835246215,0.02991782663281744,1.8111938105014116,1.8517528421415972,-0.040559031640185615
GRB2_HUMAN_Faure_2021,GRB2_HUMAN,Human,OrganismalFitness,ESM2_35M,10,0.6953784730114405,0.6662180047498325,0.029160468261608043,9.50394113723691,8.43211538703105,1.07182575020586
BLAT_ECOLX_Jacquier_2013,BLAT_ECOLX,Prokaryote,OrganismalFitness,ESM2_35M,10,0.5180248800016797,0.4915635856360344,0.026461294365645233,1.1555821821848924,1.1705637917455944,-0.014981609560701848
DLG4_HUMAN_Faure_2021,DLG4_HUMAN,Human,OrganismalFitness,ESM2_35M,10,0.6977592580693261,0.6726128447657402,0.02514641330358595,13.095000472458057,12.813664281452635,0.2813361910054235
RL40A_YEAST_Mavor_2016,RL40A_YEAST,Eukaryote,OrganismalFitness,ESM2_35M,10,0.39966365698631884,0.37463647352166757,0.025027183464651215,19.46889199837943,18.954430780161996,0.5144612182174353
TNKS2_HUMAN_Tsuboyama_2023_5JRT,TNKS2_HUMAN,Human,Stability,ESM2_35M,10,0.5866592995942772,0.5621123820103573,0.024546917583919935,2.8729070876036915,2.9026371280388688,-0.029730040435177064
BLAT_ECOLX_Stiffler_2015,BLAT_ECOLX,Prokaryote,OrganismalFitness,ESM2_35M,10,0.5556249121986602,0.5314908191093102,0.024134093089350044,2.549555840922396,2.4877277485387106,0.06182809238368545
BBC1_YEAST_Tsuboyama_2023_1TG0,BBC1_YEAST,Eukaryote,Stability,ESM2_35M,10,0.4650544680731127,0.4415375046879201,0.02351696338519261,2.3821441771081546,2.38611379943724,-0.003969622329085531
RBP1_HUMAN_Tsuboyama_2023_2KWH,RBP1_HUMAN,Human,Stability,ESM2_35M,10,0.43171001310912943,0.408332970783685,0.023377042325444346,2.097869700867952,2.035760907940658,0.06210879292729412
ENVZ_ECOLI_Ghose_2023,ENVZ_ECOLI,Prokaryote,Activity,ESM2_35M,10,0.19564090207298368,0.17266750015014726,0.022973401922836426,5.424177481915034,5.189554647806398,0.23462283410863644
ACE2_HUMAN_Chan_2020,ACE2_HUMAN,Human,Binding,ESM2_35M,10,0.07103242507888045,0.048453069688937304,0.022579355389943153,2.239241764370442,2.4206953693566424,-0.18145360498620045
RFAH_ECOLI_Tsuboyama_2023_2LCL,RFAH_ECOLI,Prokaryote,Stability,ESM2_35M,10,0.25644307297851443,0.23392903427990258,0.022514038698611887,3.7755099446978972,3.704949454604525,0.07056049009337215
RL40A_YEAST_Roscoe_2013,RL40A_YEAST,Eukaryote,OrganismalFitness,ESM2_35M,10,0.4271801272810379,0.40496162111210643,0.02221850616893147,9.797261542074747,9.415607916357128,0.381653625717618
CASP7_HUMAN_Roychowdhury_2020,CASP7_HUMAN,Human,Activity,ESM2_35M,10,0.6009597413525842,0.5793876874662736,0.021572053886310737,4.4716238695887425,4.503688407786198,-0.03206453819745496
NUSG_MYCTU_Tsuboyama_2023_2MI6,NUSG_MYCTU,Prokaryote,Stability,ESM2_35M,10,0.59794926885809,0.5766099387839374,0.021339330074152424,1.7739601107486043,1.6930245908152148,0.08093551993338954
BCHB_CHLTE_Tsuboyama_2023_2KRU,BCHB_CHLTE,Prokaryote,Stability,ESM2_35M,10,0.06370693956671195,0.04237952336371867,0.021327416202993287,1.3258902341774603,1.2315908855645663,0.09429934861289398
CAR11_HUMAN_Meitlis_2020_gof,CAR11_HUMAN,Human,OrganismalFitness,ESM2_35M,10,0.09630463724463803,0.07501721170628314,0.021287425538354898,2.103651328839054,2.1243046168904356,-0.0206532880513818
NUD15_HUMAN_Suiter_2020,NUD15_HUMAN,Human,Expression,ESM2_35M,10,0.42066010622983113,0.39970929774001973,0.020950808489811422,8.524201629162771,8.455485728907217,0.06871590025555374
SUMO1_HUMAN_Weile_2017,SUMO1_HUMAN,Human,OrganismalFitness,ESM2_35M,10,0.4864330192150045,0.4671937743775863,0.0192392448374182,8.734945980748202,8.69138975923359,0.04355622151461027
PHOT_CHLRE_Chen_2023,PHOT_CHLRE,Eukaryote,Activity,ESM2_35M,10,0.5922900845695706,0.5734398050516489,0.01885027951792164,16.503887048295773,16.25473180467256,0.24915524362321656
TRPC_SACS2_Chan_2017,TRPC_SACS2,Prokaryote,OrganismalFitness,ESM2_35M,10,0.5517322823603028,0.533413658604647,0.018318623755655922,9.209329072662776,9.37002099747296,-0.16069192481018374
Q59976_STRSQ_Romero_2015,Q59976_STRSQ,Prokaryote,Activity,ESM2_35M,10,0.4553753040433152,0.43714216200993833,0.018233142033376948,3.1799918581027526,3.295105113127595,-0.11511325502484171
NPC1_HUMAN_Erwood_2022_HEK293T,NPC1_HUMAN,Human,Activity,ESM2_35M,10,0.38038477385094305,0.36220883391170217,0.018175939939240836,7.8767037361357835,8.077920004128144,-0.20121626799235964
CD19_HUMAN_Klesmith_2019_FMC_singles,CD19_HUMAN,Human,Binding,ESM2_35M,10,0.09916458871508126,0.08168937666694562,0.017475212048135645,1.1493050328873042,1.135358259299712,0.013946773587592021
HSP82_YEAST_Mishra_2016,HSP82_YEAST,Eukaryote,OrganismalFitness,ESM2_35M,10,0.28343550924864475,0.26614629559108477,0.017289213657560004,11.123390494744276,10.840998309323512,0.28239218542076505
ESTA_BACSU_Nutschel_2020,ESTA_BACSU,Prokaryote,Stability,ESM2_35M,10,0.2694748273633334,0.2523152935709342,0.017159533792399186,19.647118621283973,19.598558831391422,0.048559789892549075
SPA_STAAU_Tsuboyama_2023_1LP1,SPA_STAAU,Prokaryote,Stability,ESM2_35M,10,0.1278074974835211,0.11331430893895236,0.014493188544568766,1.8217730335214424,1.7920688154696087,0.029704218051833365
BRCA1_HUMAN_Findlay_2018,BRCA1_HUMAN,Human,OrganismalFitness,ESM2_35M,10,0.39822681202762744,0.38410287944348853,0.01412393258413896,2.5105213671321285,2.538181766071331,-0.02766039893920271
P53_HUMAN_Giacomelli_2018_Null_Nutlin,P53_HUMAN,Human,OrganismalFitness,ESM2_35M,10,-0.14874827240648253,-0.16211502500725458,0.013366752600772061,2.0709836942582323,2.1054389647732195,-0.03445527051498707
TPK1_HUMAN_Weile_2017,TPK1_HUMAN,Human,OrganismalFitness,ESM2_35M,10,0.20623127246079614,0.1933224837361241,0.012908788724672035,7.778835092220854,7.687414708587957,0.09142038363289604
KCNE1_HUMAN_Muhammad_2023_function,KCNE1_HUMAN,Human,Activity,ESM2_35M,10,0.16568431847440557,0.15307718280880306,0.012607135665602504,3.613531967803823,3.5115600055479512,0.10197196225587195
PTEN_HUMAN_Mighell_2018,PTEN_HUMAN,Human,Activity,ESM2_35M,10,0.4124056476956975,0.400228606444775,0.012177041250922522,2.1131881527430907,2.0822202865599424,0.030967866183147997
MK01_HUMAN_Brenan_2016,MK01_HUMAN,Human,OrganismalFitness,ESM2_35M,10,0.21708497294745493,0.2050459338422407,0.012039039105214217,5.305403392555682,5.274071266713137,0.03133212584254563
P53_HUMAN_Giacomelli_2018_WT_Nutlin,P53_HUMAN,Human,OrganismalFitness,ESM2_35M,10,-0.17498122868199953,-0.18700855436292665,0.012027325680927119,2.004783409587965,2.045977769365133,-0.04119435977716825
KCNJ2_MOUSE_Coyote-Maestas_2022_surface,KCNJ2_MOUSE,Eukaryote,Expression,ESM2_35M,10,0.36251321831374905,0.35069364377328804,0.011819574540461031,1.4516473823277836,1.5039209470831447,-0.05227356475536129
ISDH_STAAW_Tsuboyama_2023_2LHR,ISDH_STAAW,Prokaryote,Stability,ESM2_35M,10,0.21968261192291227,0.2078966304690454,0.011785981453866884,1.887709026507228,1.8860349294536332,0.0016740970535948474
SC6A4_HUMAN_Young_2021,SC6A4_HUMAN,Human,Activity,ESM2_35M,10,0.32938191158545127,0.3178555123937001,0.011526399191751163,1.9827775591294388,2.023833367412702,-0.04105580828326305
PA_I34A1_Wu_2015,PA_I34A1,Virus,OrganismalFitness,ESM2_35M,10,0.0401330674307013,0.029693511590997878,0.010439555839703425,2.1814344634117644,2.2076379794658676,-0.026203516054102982
Q837P4_ENTFA_Meier_2023,Q837P4_ENTFA,Prokaryote,Activity,ESM2_35M,10,0.4724042771861539,0.4619965974313275,0.010407679754826376,2.6418614950461015,2.6555753124526675,-0.013713817406565677
BLAT_ECOLX_Deng_2012,BLAT_ECOLX,Prokaryote,OrganismalFitness,ESM2_35M,10,0.3422809649905306,0.3320631819241716,0.01021778306635902,1.781220758042982,1.7803264052264947,0.0008943528164875314
CASP3_HUMAN_Roychowdhury_2020,CASP3_HUMAN,Human,Activity,ESM2_35M,10,0.5491988166219459,0.5393110969688977,0.009887719653048199,5.80602962222281,5.668226108715365,0.13780351350744446
UBR5_HUMAN_Tsuboyama_2023_1I2T,UBR5_HUMAN,Human,Stability,ESM2_35M,10,0.1224290790270431,0.11276662289582565,0.009662456131217459,1.5234910365799756,1.5862746706552469,-0.06278363407527136
I6TAH8_I68A0_Doud_2015,I6TAH8_I68A0,Virus,OrganismalFitness,ESM2_35M,10,0.028099924184319718,0.019117137243145947,0.008982786941173767,2.09658343265147,2.1106765833758594,-0.014093150724389037
CAS9_STRP1_Spencer_2017_positive,CAS9_STRP1,Prokaryote,Activity,ESM2_35M,10,0.09857154501143181,0.0900046865547753,0.008566858456656523,2.76512056281045,2.838466597465265,-0.07334603465481551
PKN1_HUMAN_Tsuboyama_2023_1URF,PKN1_HUMAN,Human,Stability,ESM2_35M,10,0.33787454188349164,0.3294277754696919,0.008446766413799739,2.314767607066213,2.229630761131187,0.08513684593502631
PRKN_HUMAN_Clausen_2023,PRKN_HUMAN,Human,Expression,ESM2_35M,10,0.28876516283288695,0.2803836557695877,0.00838150706329927,7.2834676742780875,7.221501759480927,0.06196591479715981
AMIE_PSEAE_Wrenbeck_2017,AMIE_PSEAE,Prokaryote,Activity,ESM2_35M,10,0.41555375330429395,0.4072040605362939,0.008349692768000062,6.681875128415267,6.651029296924165,0.030845831491101892
MLAC_ECOLI_MacRae_2023,MLAC_ECOLI,Prokaryote,OrganismalFitness,ESM2_35M,10,0.24617935434360588,0.23854760432219696,0.007631750021408918,10.742002202137567,10.87674781476172,-0.13474561262415322
SERC_HUMAN_Xie_2023,SERC_HUMAN,Human,OrganismalFitness,ESM2_35M,10,0.4058676250461362,0.39843875005561175,0.007428874990524475,13.109389622848923,13.217575970315858,-0.10818634746693512
ANCSZ_Hobbs_2022,ANCSZ,Eukaryote,Activity,ESM2_35M,10,0.5985231325536273,0.5919083644013574,0.006614768152270023,26.58329513144441,26.314039982455512,0.2692551489888924
SPG2_STRSG_Tsuboyama_2023_5UBS,SPG2_STRSG,Prokaryote,Stability,ESM2_35M,10,0.15612803591100494,0.1495782676068692,0.006549768304135753,2.0255180774958728,1.998895823810443,0.026622253685429653
LGK_LIPST_Klesmith_2015,LGK_LIPST,Eukaryote,Activity,ESM2_35M,10,0.3238369039410566,0.3173776714674371,0.006459232473619436,6.655414872518452,6.686684586353967,-0.03126971383551478
RASK_HUMAN_Weng_2022_binding-DARPin_K55,RASK_HUMAN,Human,Binding,ESM2_35M,10,0.5206665798835866,0.5144180458738681,0.006248534009718582,13.454645758623064,13.539692531226223,-0.08504677260315585
NCAP_I34A1_Doud_2015,NCAP_I34A1,Virus,OrganismalFitness,ESM2_35M,10,0.02307501101180256,0.01747785009473438,0.00559716091706818,2.2996153815306895,2.3174580163505905,-0.017842634819901317
FECA_ECOLI_Tsuboyama_2023_2D1U,FECA_ECOLI,Prokaryote,Stability,ESM2_35M,10,0.4550218290109,0.4504887520247867,0.004533076986113322,3.1326484153566065,3.112720583825051,0.019927831531555286
PAI1_HUMAN_Huttinger_2021,PAI1_HUMAN,Human,Activity,ESM2_35M,10,0.38788371535322047,0.3834203393076411,0.0044633760455793535,2.8076599384091105,2.709722055131709,0.09793788327740076
EPHB2_HUMAN_Tsuboyama_2023_1F0M,EPHB2_HUMAN,Human,Stability,ESM2_35M,10,0.6005608695720586,0.5963401904062284,0.00422067916583021,2.039073858659652,1.9446348213420055,0.09443903731764627
C6KNH7_9INFA_Lee_2018,C6KNH7_9INFA,Virus,OrganismalFitness,ESM2_35M,10,-0.016035543512865423,-0.019812599404981823,0.003777055892116402,1.9133858185577988,1.9657494494741308,-0.05236363091633178
D7PM05_CLYGR_Somermeyer_2022,D7PM05_CLYGR,Eukaryote,Activity,ESM2_35M,10,0.014315566356559537,0.010731091614413353,0.003584474742146182,2.180569492578896,2.188698852947561,-0.008129360368665007
HXK4_HUMAN_Gersing_2023_abundance,HXK4_HUMAN,Human,Expression,ESM2_35M,10,0.17196677694603574,0.16860954983170245,0.0033572271143332668,8.564827941105218,8.703275119595405,-0.13844717849018656
TADBP_HUMAN_Bolognesi_2019,TADBP_HUMAN,Human,OrganismalFitness,ESM2_35M,10,0.034348426187954646,0.031824683016705574,0.002523743171249068,32.217100818561235,32.54185087291354,-0.3247500543523124
HMDH_HUMAN_Jiang_2019,HMDH_HUMAN,Human,OrganismalFitness,ESM2_35M,10,0.007025269307491056,0.004781541821513968,0.002243727485977087,6.811952359524611,6.817189542698898,-0.005237183174286652
P53_HUMAN_Kotler_2018,P53_HUMAN,Human,OrganismalFitness,ESM2_35M,10,0.14119633422202643,0.14003177140944847,0.0011645628125779531,1.8149763111880546,1.8823112652156457,-0.06733495402759107
SCIN_STAAR_Tsuboyama_2023_2QFF,SCIN_STAAR,Prokaryote,Stability,ESM2_35M,10,0.31008802545367403,0.30940267551263956,0.0006853499410344743,1.6956592032786801,1.7079782376793013,-0.012319034400620987
RDRP_I33A0_Li_2023,RDRP_I33A0,Virus,OrganismalFitness,ESM2_35M,10,0.037858123207852035,0.037431151397252796,0.00042697181059923525,2.3541479707852355,2.3688044480372414,-0.014656477252006228
KCNJ2_MOUSE_Coyote-Maestas_2022_function,KCNJ2_MOUSE,Eukaryote,Activity,ESM2_35M,10,0.28583448886018603,0.2856313660855398,0.00020312277464620276,5.956084029353734,6.123459287752466,-0.16737525839873174
Q8WTC7_9CNID_Somermeyer_2022,Q8WTC7_9CNID,Eukaryote,Activity,ESM2_35M,10,-0.020511385069099143,-0.01959475905539143,-0.0009166260137077068,2.700415885773973,2.7077315737877603,-0.007315688013787102
POLG_PESV_Tsuboyama_2023_2MXD,POLG_PESV,Virus,Stability,ESM2_35M,10,0.062153037916857015,0.06308063985345047,-0.0009276019365934667,1.3366766511918429,1.2790968662494797,0.057579784942363
PPM1D_HUMAN_Miller_2022,PPM1D_HUMAN,Human,OrganismalFitness,ESM2_35M,10,0.3809151074317532,0.38201230177830603,-0.0010971943465527823,11.204659450202847,11.404893414150655,-0.2002339639478084
A0A2Z5U3Z0_9INFA_Wu_2014,A0A2Z5U3Z0_9INFA,Virus,OrganismalFitness,ESM2_35M,10,0.06777188827671204,0.06903597815240008,-0.0012640898756880313,1.5012762798894443,1.5465891168941905,-0.04531283700474633
RASH_HUMAN_Bandaru_2017,RASH_HUMAN,Human,Activity,ESM2_35M,10,0.5190867379084636,0.5208250026985135,-0.0017382647900499814,15.495009197481746,16.01748112094231,-0.5224719234605624
TCRG1_MOUSE_Tsuboyama_2023_1E0L,TCRG1_MOUSE,Eukaryote,Stability,ESM2_35M,10,0.6857572964669738,0.6875453505262954,-0.001788054059321631,4.236200957349757,4.32255398320847,-0.08635302585871289
MTH3_HAEAE_RockahShmuel_2015,MTH3_HAEAE,Prokaryote,OrganismalFitness,ESM2_35M,10,0.33962860305419973,0.3415514488056126,-0.0019228457514128938,10.568400103276513,10.524590749147205,0.0438093541293096
Q53Z42_HUMAN_McShan_2019_binding-TAPBPR,Q53Z42_HUMAN,Human,Binding,ESM2_35M,10,0.17143509660946574,0.1735522594840294,-0.002117162874563655,1.2761900120585585,1.2722122537501541,0.0039777583084043885
A4D664_9INFA_Soh_2019,A4D664_9INFA,Virus,OrganismalFitness,ESM2_35M,10,0.02155842508974713,0.02429032946642263,-0.002731904376675501,3.084192434084937,3.139788467219261,-0.055596033134323666
P53_HUMAN_Giacomelli_2018_Null_Etoposide,P53_HUMAN,Human,OrganismalFitness,ESM2_35M,10,-0.1513954767016594,-0.1486119315424123,-0.002783545159247107,2.0886712203425746,2.1105124155278765,-0.021841195185302077
SOX30_HUMAN_Tsuboyama_2023_7JJK,SOX30_HUMAN,Human,Stability,ESM2_35M,10,0.3795709546691747,0.3832317956009422,-0.003660840931767517,3.8889186878278013,3.881737496836693,0.0071811909911080555
VILI_CHICK_Tsuboyama_2023_1YU5,VILI_CHICK,Eukaryote,Stability,ESM2_35M,10,0.10744170295943214,0.11239720937109654,-0.004955506411664409,1.3802464240046046,1.4021515393533388,-0.021905115348734183
ENV_HV1BR_Haddox_2016,ENV_HV1BR,Virus,OrganismalFitness,ESM2_35M,10,-0.013649624527856253,-0.00865626912341812,-0.004993355404438132,19.29495285741208,18.953322755732202,0.3416301016798805
SRC_HUMAN_Chakraborty_2023_binding-DAS_25uM,SRC_HUMAN,Human,Activity,ESM2_35M,10,0.38948045772896756,0.39463522899432396,-0.005154771265356378,7.526150297246612,7.60139886716959,-0.07524856992297853
Q2N0S5_9HIV1_Haddox_2018,Q2N0S5_9HIV1,Virus,OrganismalFitness,ESM2_35M,10,-0.005751401297382268,-0.000504683543441449,-0.0052467177539408175,1.4081077146534364,1.3965987353836755,0.011508979269760865
A0A192B1T2_9HIV1_Haddox_2018,A0A192B1T2_9HIV1,Virus,OrganismalFitness,ESM2_35M,10,0.007909767257412333,0.013242389032103374,-0.005332621774691043,1.47993197603475,1.4533449726293792,0.026587003405370836
CP2C9_HUMAN_Amorosi_2021_abundance,CP2C9_HUMAN,Human,Expression,ESM2_35M,10,0.6011099229709409,0.6073078432975985,-0.0061979203266576246,15.740037858251906,15.779310925760376,-0.03927306750847102
Q53Z42_HUMAN_McShan_2019_expression,Q53Z42_HUMAN,Human,Expression,ESM2_35M,10,0.09358927149564979,0.10013023452984907,-0.006540963034199268,1.1412705107491465,1.1462944811496418,-0.005023970400495292
GDIA_HUMAN_Silverstein_2021,GDIA_HUMAN,Human,OrganismalFitness,ESM2_35M,10,0.24501878783885683,0.2519838629694915,-0.006965075130634682,8.938287101452405,8.630822944684033,0.3074641567683722
OXDA_RHOTO_Vanella_2023_expression,OXDA_RHOTO,Eukaryote,Expression,ESM2_35M,10,0.25766823995620114,0.26477767064312524,-0.007109430686924129,25.4504506466467,26.225681290990064,-0.7752306443433611
A0A1I9GEU1_NEIME_Kennouche_2019,A0A1I9GEU1_NEIME,Prokaryote,Activity,ESM2_35M,10,-0.04372664666490221,-0.036160676371172526,-0.007565970293729683,2.0387138219450076,1.8856960787151191,0.1530177432298885
OXDA_RHOTO_Vanella_2023_activity,OXDA_RHOTO,Eukaryote,Activity,ESM2_35M,10,0.2120449330671304,0.22020506020770142,-0.008160127140571039,40.318325145284525,42.21711462178364,-1.8987894764991105
UBE4B_MOUSE_Starita_2013,UBE4B_MOUSE,Eukaryote,Activity,ESM2_35M,10,0.4574115222183074,0.46607199385707043,-0.008660471638763096,2.612936387999239,2.4526801300382117,0.1602562579610271
S22A1_HUMAN_Yee_2023_activity,S22A1_HUMAN,Human,Activity,ESM2_35M,10,0.4855557039623578,0.4943724517567105,-0.008816747794352625,4.0299830016300415,4.047741738911826,-0.01775873728178414
MTHR_HUMAN_Weile_2021,MTHR_HUMAN,Human,OrganismalFitness,ESM2_35M,10,0.4138867073410112,0.42287871952735434,-0.008992012186343195,12.589083620405434,12.98505139450343,-0.3959677740979952
TPMT_HUMAN_Matreyek_2018,TPMT_HUMAN,Human,Expression,ESM2_35M,10,0.43142934767227087,0.4404272532295536,-0.008997905557282793,11.0970109639031,11.250886508850673,-0.15387554494757366
HEM3_HUMAN_Loggerenberg_2023,HEM3_HUMAN,Human,Activity,ESM2_35M,10,0.3777779167790326,0.38680345988602255,-0.009025543106989914,12.657017992227924,12.858018456189063,-0.2010004639611381
MYO3_YEAST_Tsuboyama_2023_2BTT,MYO3_YEAST,Eukaryote,Stability,ESM2_35M,10,0.419040445791617,0.42807936491573423,-0.009038919124117228,2.078570749473291,2.147829065052817,-0.06925831557952618
MET_HUMAN_Estevam_2023,MET_HUMAN,Human,Activity,ESM2_35M,10,0.4993486309062901,0.508752322966824,-0.009403692060533958,1.0637693521072529,1.028318562133038,0.03545078997421462
S22A1_HUMAN_Yee_2023_abundance,S22A1_HUMAN,Human,Expression,ESM2_35M,10,0.5421604345457414,0.5520545852106636,-0.009894150664922174,2.2466121788584337,2.221431314439161,0.02518086441927241
DYR_ECOLI_Nguyen_2023,DYR_ECOLI,Prokaryote,OrganismalFitness,ESM2_35M,10,0.5181640894528052,0.5281351401052439,-0.009971050652438623,19.03722925399078,18.829709386056788,0.20751986793399482
HSP82_YEAST_Flynn_2019,HSP82_YEAST,Eukaryote,OrganismalFitness,ESM2_35M,10,0.09833416180921017,0.1083696186061756,-0.010035456796965436,7.559650788941101,7.565925646388839,-0.00627485744773697
SBI_STAAM_Tsuboyama_2023_2JVG,SBI_STAAM,Prokaryote,Stability,ESM2_35M,10,0.24215013023916643,0.2525865302481476,-0.010436400008981125,2.113307360490757,2.071532819192108,0.041774541298649395
Q837P5_ENTFA_Meier_2023,Q837P5_ENTFA,Prokaryote,Activity,ESM2_35M,10,0.22881265834037068,0.23957641788655173,-0.010763759546181046,2.5172620130836774,2.549366481039119,-0.03210446795544166
SRC_HUMAN_Ahler_2019,SRC_HUMAN,Human,Activity,ESM2_35M,10,0.47993167075385745,0.49090284844820087,-0.010971177694343354,4.737530789957171,4.750043252766808,-0.012512462809637182
SRC_HUMAN_Nguyen_2022,SRC_HUMAN,Human,OrganismalFitness,ESM2_35M,10,0.3677612160244247,0.37901707901368636,-0.011255862989261645,8.211838612918312,8.311026996352766,-0.09918838343445238
CCR5_HUMAN_Gill_2023,CCR5_HUMAN,Human,Binding,ESM2_35M,10,0.35413061521792377,0.36548981972305594,-0.011359204505132198,7.283410089304044,7.074245564323229,0.20916452498081445
A4GRB6_PSEAI_Chen_2020,A4GRB6_PSEAI,Prokaryote,OrganismalFitness,ESM2_35M,10,0.5199778102137383,0.5316943169236006,-0.01171650670986223,1.157843152137038,1.1455800575590238,0.012263094578014134
POLG_CXB3N_Mattenberger_2021,POLG_CXB3N,Virus,OrganismalFitness,ESM2_35M,10,-0.05378957359637648,-0.04196940081317989,-0.0118201727831966,2.5356854243365836,2.519338536244896,0.01634688809168745
MSH2_HUMAN_Jia_2020,MSH2_HUMAN,Human,OrganismalFitness,ESM2_35M,10,0.34412407354947777,0.3571477306202707,-0.013023657070792954,2.9832630387017534,2.9748802425738696,0.008382796127884128
RNC_ECOLI_Weeks_2023,RNC_ECOLI,Prokaryote,Activity,ESM2_35M,10,0.5467214262988194,0.5601592339611712,-0.013437807662351841,7.342332721326876,7.410910125185457,-0.06857740385858016
CBPA2_HUMAN_Tsuboyama_2023_1O6X,CBPA2_HUMAN,Human,Stability,ESM2_35M,10,0.3624461819925245,0.376344594901606,-0.013898412909081526,1.1662125628146658,1.1227121320914148,0.04350043072325084
ODP2_GEOSE_Tsuboyama_2023_1W4G,ODP2_GEOSE,Prokaryote,Stability,ESM2_35M,10,0.09708250726318284,0.11152281446307147,-0.014440307199888636,2.315948836396296,2.221931819657372,0.09401701673892346
POLG_HCVJF_Qi_2014,POLG_HCVJF,Virus,OrganismalFitness,ESM2_35M,10,0.1376902527420668,0.15329237584070438,-0.015602123098637538,2.63949498807492,2.765439669322865,-0.1259446812479446
CSN4_MOUSE_Tsuboyama_2023_1UFM,CSN4_MOUSE,Eukaryote,Stability,ESM2_35M,10,0.6364359790656731,0.6526397272735489,-0.016203748207875825,2.0474707803379113,1.999551606185546,0.04791917415236539
UBC9_HUMAN_Weile_2017,UBC9_HUMAN,Human,OrganismalFitness,ESM2_35M,10,0.005803226045008762,0.022669528769766932,-0.01686630272475817,2.8223812155311157,2.838226625651385,-0.01584541012026932
NKX31_HUMAN_Tsuboyama_2023_2L9R,NKX31_HUMAN,Human,Stability,ESM2_35M,10,0.6463952223967412,0.6644176712874248,-0.018022448890683617,7.208692368623373,6.609040307428016,0.5996520611953576
CBS_HUMAN_Sun_2020,CBS_HUMAN,Human,OrganismalFitness,ESM2_35M,10,0.21601289295696482,0.23417847329666025,-0.018165580339695415,8.304310898998287,8.292563003254173,0.011747895744113102
TAT_HV1BR_Fernandes_2016,TAT_HV1BR,Virus,OrganismalFitness,ESM2_35M,10,-0.016391577914558392,0.0020461782475512448,-0.018437756162109638,6.139343544840805,6.665509770658959,-0.5261662258181543
SQSTM_MOUSE_Tsuboyama_2023_2RRU,SQSTM_MOUSE,Eukaryote,Stability,ESM2_35M,10,0.45598512964410476,0.4748125186446222,-0.018827389000517364,2.4732895630946157,2.323916894355202,0.14937266873941374
MAFG_MOUSE_Tsuboyama_2023_1K1V,MAFG_MOUSE,Eukaryote,Stability,ESM2_35M,10,0.4765583745459906,0.49610831728412086,-0.01954994273813021,2.627946936330307,2.443937395961308,0.18400954036899905
A0A140D2T1_ZIKV_Sourisseau_2019,A0A140D2T1_ZIKV,Virus,OrganismalFitness,ESM2_35M,10,-0.06784504465246631,-0.047806353917485944,-0.02003869073498037,2.898268934513138,3.0151675930958803,-0.1168986585827422
SPG1_STRSG_Olson_2014,SPG1_STRSG,Prokaryote,Binding,ESM2_35M,10,0.2282770836328872,0.2500049134134154,-0.021727829780528184,3.409933226666472,3.294981865088679,0.11495136157779284
RS15_GEOSE_Tsuboyama_2023_1A32,RS15_GEOSE,Prokaryote,Stability,ESM2_35M,10,0.3313586020182131,0.3533636678566666,-0.022005065838453537,2.186809614385947,2.151862390516758,0.03494722386918887
IF1_ECOLI_Kelsic_2016,IF1_ECOLI,Prokaryote,OrganismalFitness,ESM2_35M,10,0.474190803193825,0.4967638750469412,-0.022573071853116217,18.163578023661465,19.33933165655972,-1.1757536328982554
HXK4_HUMAN_Gersing_2022_activity,HXK4_HUMAN,Human,OrganismalFitness,ESM2_35M,10,0.29640866493939705,0.31972254812863515,-0.023313883189238105,3.9086190513492935,4.009610071409356,-0.10099102006006215
OTC_HUMAN_Lo_2023,OTC_HUMAN,Human,Activity,ESM2_35M,10,0.41398381432564213,0.43730779538862696,-0.023323981062984844,8.579285934020144,8.624032041002517,-0.04474610698237349
CATR_CHLRE_Tsuboyama_2023_2AMI,CATR_CHLRE,Eukaryote,Stability,ESM2_35M,10,0.4614405313560013,0.4859318155058038,-0.024491284149802412,6.349084438377251,6.435615892936457,-0.08653145455920494
FKBP3_HUMAN_Tsuboyama_2023_2KFV,FKBP3_HUMAN,Human,Stability,ESM2_35M,10,0.16070317576955334,0.1853917356292175,-0.024688559859664182,1.3681089882240374,1.4132630787017706,-0.045154090477733444
CCDB_ECOLI_Adkar_2012,CCDB_ECOLI,Prokaryote,Activity,ESM2_35M,10,-0.048938133245797516,-0.022798497562297144,-0.026139635683500372,1.5154514502800613,1.5684350038139787,-0.05298355353391735
AACC1_PSEAI_Dandage_2018,AACC1_PSEAI,Prokaryote,OrganismalFitness,ESM2_35M,10,0.23210003417966255,0.25835377617574523,-0.026253741996082675,1.966565503331169,1.9686523722320346,-0.002086868900865624
KKA2_KLEPN_Melnikov_2014,KKA2_KLEPN,Prokaryote,OrganismalFitness,ESM2_35M,10,0.256801445766739,0.28535530688308947,-0.02855386111635038,4.217925859589693,4.236001258417575,-0.018075398827881718
SHOC2_HUMAN_Kwon_2022,SHOC2_HUMAN,Human,OrganismalFitness,ESM2_35M,10,0.24398133574031372,0.27355305442174416,-0.029571718681430437,6.721510551205223,6.72750524995628,-0.005994698751056493
YNZC_BACSU_Tsuboyama_2023_2JVD,YNZC_BACSU,Prokaryote,Stability,ESM2_35M,10,0.4178178042614662,0.44751632872329167,-0.029698524461825453,2.489741417967089,2.3165997916292578,0.17314162633783126
CAPSD_AAV2S_Sinai_2021,CAPSD_AAV2S,Virus,OrganismalFitness,ESM2_35M,10,0.20097278551695763,0.2313991211194589,-0.030426335602501298,1.023910737584055,1.015147662973011,0.008763074611044152
PIN1_HUMAN_Tsuboyama_2023_1I6C,PIN1_HUMAN,Human,Stability,ESM2_35M,10,0.6253097680535356,0.6559734161446429,-0.030663648091107425,4.023462768137517,4.442638519486165,-0.4191757513486477
POLG_DEN26_Suphatrakul_2023,POLG_DEN26,Virus,OrganismalFitness,ESM2_35M,10,0.007419119876099074,0.038712630897398646,-0.031293511021299576,1.8069548571098797,1.766716488600371,0.04023836850950866
HSP82_YEAST_Cote-Hammarlof_2020_growth-H2O2,HSP82_YEAST,Eukaryote,OrganismalFitness,ESM2_35M,10,0.04456256499813589,0.07612910573380664,-0.03156654073567076,88.87869163615947,93.78184073887597,-4.9031491027165
PABP_YEAST_Melamed_2013,PABP_YEAST,Eukaryote,OrganismalFitness,ESM2_35M,10,0.5040626326587677,0.5366870893957569,-0.032624456736989244,14.777791018383743,14.56147754446244,0.21631347392130335
YAIA_ECOLI_Tsuboyama_2023_2KVT,YAIA_ECOLI,Prokaryote,Stability,ESM2_35M,10,0.17939456102643955,0.2123341952133238,-0.03293963418688424,1.3146062071647586,1.2223745068874474,0.09223170027731128
A0A247D711_LISMN_Stadelmann_2021,A0A247D711_LISMN,Prokaryote,Activity,ESM2_35M,10,0.06495341474213497,0.10056783673188527,-0.035614421989750324,1.5987780714227777,1.5924612282120072,0.00631684321077044
SPIKE_SARS2_Starr_2020_binding,SPIKE_SARS2,Virus,Binding,ESM2_35M,10,-0.02546272685106226,0.010375991760145772,-0.035838718611208034,1.2933922461910112,1.3055825394986846,-0.012190293307673161
CP2C9_HUMAN_Amorosi_2021_activity,CP2C9_HUMAN,Human,Binding,ESM2_35M,10,0.6504250115324479,0.687110762207222,-0.0366857506747741,13.591462985622588,13.697025445673981,-0.10556246005139566
PPARG_HUMAN_Majithia_2016,PPARG_HUMAN,Human,Activity,ESM2_35M,10,0.11690812249137314,0.15390449774110504,-0.03699637524973188,1.0767068640050275,1.0444488767223714,0.03225798728265596
PTEN_HUMAN_Matreyek_2021,PTEN_HUMAN,Human,Expression,ESM2_35M,10,0.27876034778069475,0.31646170183817607,-0.0377013540574813,13.527589371291223,13.074212511659985,0.4533768596312381
AMFR_HUMAN_Tsuboyama_2023_4G3O,AMFR_HUMAN,Human,Stability,ESM2_35M,10,0.24595731367241166,0.28374259195144796,-0.037785278279036306,1.5846147226234988,1.6432761547605583,-0.05866143213705939
SPIKE_SARS2_Starr_2020_expression,SPIKE_SARS2,Virus,Expression,ESM2_35M,10,0.01596405720510117,0.0569751844081696,-0.04101112720306842,1.5213526120335181,1.5049787013882683,0.01637391064524991
R1AB_SARS2_Flynn_2022,R1AB_SARS2,Virus,OrganismalFitness,ESM2_35M,10,-0.04674807309071654,-0.004046730982335857,-0.04270134210838068,3.099502688669322,3.060983340131076,0.038519348538246276
ILF3_HUMAN_Tsuboyama_2023_2L33,ILF3_HUMAN,Human,Stability,ESM2_35M,10,0.30515075052481744,0.3500791954363942,-0.04492844491157677,6.155482802846878,6.214839092255106,-0.05935628940822877
HCP_LAMBD_Tsuboyama_2023_2L6Q,HCP_LAMBD,Virus,Stability,ESM2_35M,10,0.4339082161164541,0.4820150944531137,-0.048106878336659595,1.5980338952372226,1.5673865434170455,0.03064735182017726
KCNE1_HUMAN_Muhammad_2023_expression,KCNE1_HUMAN,Human,Expression,ESM2_35M,10,0.16771436225807107,0.21927287031858173,-0.051558508060510655,4.231791172959801,4.045121248397943,0.18666992456185705
RAD_ANTMA_Tsuboyama_2023_2CJJ,RAD_ANTMA,Eukaryote,Stability,ESM2_35M,10,0.5488069994521607,0.6013962774611261,-0.052589278008965436,2.5549195715022326,2.6502169933649253,-0.09529742186269274
A4_HUMAN_Seuma_2022,A4_HUMAN,Human,Stability,ESM2_35M,10,0.38825061525840854,0.4473121467478591,-0.05906153148945057,1.398454847845253,1.3400593231907287,0.0583955246545242
TPOR_HUMAN_Bridgford_2020,TPOR_HUMAN,Human,OrganismalFitness,ESM2_35M,10,0.35383508550136406,0.41292749357749237,-0.059092408076128325,7.443988627109567,7.279167519505327,0.16482110760424112
DN7A_SACS2_Tsuboyama_2023_1JIC,DN7A_SACS2,Prokaryote,Stability,ESM2_35M,10,0.18370620680919647,0.24471994686870366,-0.061013740059507215,1.5458241479771835,1.4771127202416952,0.06871142773548818
DLG4_RAT_McLaughlin_2012,DLG4_RAT,Eukaryote,Binding,ESM2_35M,10,0.5196038205686263,0.580704062477474,-0.06110024190884762,12.499681587973555,13.264859199072262,-0.7651776110987066
RL20_AQUAE_Tsuboyama_2023_1GYZ,RL20_AQUAE,Prokaryote,Stability,ESM2_35M,10,0.17999146649810369,0.30044103487273677,-0.12044956837463305,2.3119008721933936,2.2563400598667718,0.05556081232662184
UBR5_HUMAN_Tsuboyama_2023_1I2T,UBR5_HUMAN,Human,Stability,ESM2_3B,10,0.4871084351114514,0.3212697242599459,0.1658387108515055,5.134189197879932,5.412948740284139,-0.2787595424042073
VG08_BPP22_Tsuboyama_2023_2GP8,VG08_BPP22,Virus,Stability,ESM2_3B,10,0.6123626200598331,0.503861148034186,0.108501472025647,5.745330547938984,5.466695760804295,0.2786347871346897
AMFR_HUMAN_Tsuboyama_2023_4G3O,AMFR_HUMAN,Human,Stability,ESM2_3B,10,0.5535371975024825,0.446853412070657,0.10668378543182544,7.026338005880724,7.541516649460815,-0.5151786435800894
PITX2_HUMAN_Tsuboyama_2023_2L7M,PITX2_HUMAN,Human,Stability,ESM2_3B,10,0.629726913331419,0.5285608164754027,0.10116609685601627,4.900234209317604,4.978389331011067,-0.07815512169346381
RPC1_BP434_Tsuboyama_2023_1R69,RPC1_BP434,Virus,Stability,ESM2_3B,10,0.5996524441635062,0.5150665240739734,0.0845859200895329,3.969715443106881,3.8393856147009964,0.1303298284058842
PKN1_HUMAN_Tsuboyama_2023_1URF,PKN1_HUMAN,Human,Stability,ESM2_3B,10,0.23379877295644605,0.15410197252302815,0.07969680043341787,11.250313192869125,11.458758527588316,-0.20844533471919052
RL40A_YEAST_Roscoe_2014,RL40A_YEAST,Eukaryote,Activity,ESM2_3B,10,0.4310986429988157,0.35379792796216925,0.07730071503664646,18.920032558904012,18.611613832263195,0.30841872664081543
CBX4_HUMAN_Tsuboyama_2023_2K28,CBX4_HUMAN,Human,Stability,ESM2_3B,10,0.5963030956829959,0.5224212820509075,0.07388181363208834,6.34801864647454,6.258178344268324,0.08984030220621583
SPA_STAAU_Tsuboyama_2023_1LP1,SPA_STAAU,Prokaryote,Stability,ESM2_3B,10,0.19020616185559197,0.11637945391013413,0.07382670794545786,2.437575817026005,2.4241552989203443,0.013420518105660806
VKOR1_HUMAN_Chiasson_2020_activity,VKOR1_HUMAN,Human,Activity,ESM2_3B,10,0.4858251388289695,0.4155841763038273,0.07024096252514211,15.686358635877834,14.64518531619585,1.041173319681985
RASK_HUMAN_Weng_2022_abundance,RASK_HUMAN,Human,Expression,ESM2_3B,10,0.13109358949370783,0.061307133580178294,0.06978645591352953,27.401826377456636,27.661734769762244,-0.25990839230560925
GFP_AEQVI_Sarkisyan_2016,GFP_AEQVI,Eukaryote,Activity,ESM2_3B,10,0.09327933501505566,0.02407820037951761,0.06920113463553805,6.2164907405146135,6.260188083160755,-0.04369734264614174
UBE4B_HUMAN_Tsuboyama_2023_3L1X,UBE4B_HUMAN,Human,Stability,ESM2_3B,10,0.5691148836216102,0.5004107134171093,0.06870417020450079,6.611925844356821,7.000589214645932,-0.388663370289111
VILI_CHICK_Tsuboyama_2023_1YU5,VILI_CHICK,Eukaryote,Stability,ESM2_3B,10,0.6071500462947087,0.5433103417950589,0.06383970449964986,5.728551883720334,5.896595682867996,-0.16804379914766213
RFAH_ECOLI_Tsuboyama_2023_2LCL,RFAH_ECOLI,Prokaryote,Stability,ESM2_3B,10,0.3226344746541317,0.2595969519010305,0.06303752275310122,8.50870467111999,8.603491816057177,-0.09478714493718705
DNJA1_HUMAN_Tsuboyama_2023_2LO1,DNJA1_HUMAN,Human,Stability,ESM2_3B,10,0.5288071075424705,0.46585233181732805,0.06295477572514249,3.764790266610823,3.8094467230024263,-0.04465645639160365
DOCK1_MOUSE_Tsuboyama_2023_2M0Y,DOCK1_MOUSE,Eukaryote,Stability,ESM2_3B,10,0.5832426768094925,0.5207955494828518,0.06244712732664067,4.955522135428195,5.224248587957748,-0.26872645252955285
P84126_THETH_Chan_2017,P84126_THETH,Prokaryote,OrganismalFitness,ESM2_3B,10,0.5978889636604691,0.5392916053283631,0.058597358332105984,16.510413046643926,16.554056336936753,-0.04364329029282939
OBSCN_HUMAN_Tsuboyama_2023_1V1C,OBSCN_HUMAN,Human,Stability,ESM2_3B,10,0.6613893530436004,0.6029326446178135,0.05845670842578693,4.3575550626384905,4.370204411744417,-0.012649349105926744
SAV1_MOUSE_Tsuboyama_2023_2YSB,SAV1_MOUSE,Eukaryote,Stability,ESM2_3B,10,0.6422012308573064,0.5858689603813853,0.05633227047592115,5.999166317114384,5.645207483563683,0.3539588335507006
OTU7A_HUMAN_Tsuboyama_2023_2L2D,OTU7A_HUMAN,Human,Stability,ESM2_3B,10,0.36670416197975253,0.31135958150762943,0.05534458047212311,8.955409952190294,8.451216150022358,0.5041938021679374
CUE1_YEAST_Tsuboyama_2023_2MYX,CUE1_YEAST,Eukaryote,Stability,ESM2_3B,10,0.5348651488013226,0.47968253756037615,0.055182611240946436,3.807626693769913,3.630668197939692,0.17695849583022144
VKOR1_HUMAN_Chiasson_2020_abundance,VKOR1_HUMAN,Human,Expression,ESM2_3B,10,0.48694020088603196,0.4320356346795357,0.05490456620649622,18.917693998706547,19.071253281295807,-0.15355928258925963
BLAT_ECOLX_Jacquier_2013,BLAT_ECOLX,Prokaryote,OrganismalFitness,ESM2_3B,10,0.6183995918373661,0.5648665806313984,0.053533011205967804,3.428312130396507,3.534618847685921,-0.10630671728941428
ISDH_STAAW_Tsuboyama_2023_2LHR,ISDH_STAAW,Prokaryote,Stability,ESM2_3B,10,0.33860272671286434,0.2865571284265607,0.05204559828630363,2.2835805042553696,2.224930208751954,0.05865029550341527
SBI_STAAM_Tsuboyama_2023_2JVG,SBI_STAAM,Prokaryote,Stability,ESM2_3B,10,0.6421132175342312,0.5910211366182924,0.051092080915938844,6.803288476225331,6.734801195698383,0.06848728052694852
Q6WV12_9MAXI_Somermeyer_2022,Q6WV12_9MAXI,Eukaryote,Activity,ESM2_3B,10,0.046579596894267196,-0.0038238236173154445,0.05040342051158264,3.4002800086681786,3.356366818235132,0.043913190433046756
UBE4B_MOUSE_Starita_2013,UBE4B_MOUSE,Eukaryote,Activity,ESM2_3B,10,0.365718936614717,0.31556475805758244,0.050154178557134534,7.9150239094255515,7.853533067791164,0.06149084163438738
DYR_ECOLI_Thompson_2019,DYR_ECOLI,Prokaryote,OrganismalFitness,ESM2_3B,10,0.5107784491903589,0.4630575719499589,0.04772087724039999,8.268733122798483,8.153334051429571,0.1153990713689109
NUSA_ECOLI_Tsuboyama_2023_1WCL,NUSA_ECOLI,Prokaryote,Stability,ESM2_3B,10,0.512304785696723,0.464807959302118,0.04749682639460508,4.660911669454721,4.384906343360462,0.2760053260942585
ADRB2_HUMAN_Jones_2020,ADRB2_HUMAN,Human,Activity,ESM2_3B,10,0.5158172256872987,0.4687803844981053,0.047036841189193435,8.84911363127673,8.501902592962976,0.3472110383137522
ESTA_BACSU_Nutschel_2020,ESTA_BACSU,Prokaryote,Stability,ESM2_3B,10,0.2913375646120669,0.24497829748063235,0.04635926713143455,20.257786990095628,20.27804155756134,-0.02025456746571308
SUMO1_HUMAN_Weile_2017,SUMO1_HUMAN,Human,OrganismalFitness,ESM2_3B,10,0.37942457267338464,0.33480227277593017,0.0446222998974545,29.030455062212184,28.65010472135332,0.38035034085886893
GAL4_YEAST_Kitzman_2015,GAL4_YEAST,Eukaryote,OrganismalFitness,ESM2_3B,10,0.6716295892527027,0.6315037847449408,0.04012580450776192,0.9486531944296596,0.9422253904361233,0.006427803993536418
MYO3_YEAST_Tsuboyama_2023_2BTT,MYO3_YEAST,Eukaryote,Stability,ESM2_3B,10,0.42974801751324215,0.3904496508098231,0.03929836670341903,4.061957104208618,4.1411734984934165,-0.07921639428479779
ENVZ_ECOLI_Ghose_2023,ENVZ_ECOLI,Prokaryote,Activity,ESM2_3B,10,0.13780888966692412,0.09908893081778467,0.03871995884913943,8.586029068418538,8.240984056148397,0.34504501227014117
KCNE1_HUMAN_Muhammad_2023_function,KCNE1_HUMAN,Human,Activity,ESM2_3B,10,0.4693523734402187,0.43307333526738506,0.03627903817283368,25.060144223761036,24.75247386786416,0.3076703558968756
CALM1_HUMAN_Weile_2017,CALM1_HUMAN,Human,OrganismalFitness,ESM2_3B,10,0.23737736036618856,0.201891298314556,0.03548606205163256,21.979249759788154,22.089830997113292,-0.11058123732514105
SRBS1_HUMAN_Tsuboyama_2023_2O2W,SRBS1_HUMAN,Human,Stability,ESM2_3B,10,0.6005674395888008,0.5652030100605747,0.03536442952822595,4.01190377552722,3.9578650172913745,0.054038758235845565
DLG4_HUMAN_Faure_2021,DLG4_HUMAN,Human,OrganismalFitness,ESM2_3B,10,0.43626472093658464,0.40112170099667777,0.03514301993990685,31.298748980715356,30.919868163756053,0.3788808169593011
C6KNH7_9INFA_Lee_2018,C6KNH7_9INFA,Virus,OrganismalFitness,ESM2_3B,10,0.41758925123555546,0.3827530774818621,0.03483617375369335,8.697129335932104,8.711271467042069,-0.014142131109965561
BBC1_YEAST_Tsuboyama_2023_1TG0,BBC1_YEAST,Eukaryote,Stability,ESM2_3B,10,0.5533461811280693,0.5185429846870917,0.03480319644097758,3.33630682835077,3.394345278874718,-0.05803845052394796
SR43C_ARATH_Tsuboyama_2023_2N88,SR43C_ARATH,Eukaryote,Stability,ESM2_3B,10,0.6597194043379873,0.6267687727155934,0.0329506316223939,2.9188657670430844,2.502149568234718,0.41671619880836647
BCHB_CHLTE_Tsuboyama_2023_2KRU,BCHB_CHLTE,Prokaryote,Stability,ESM2_3B,10,0.39182299939676296,0.3592427754886067,0.03258022390815622,4.058732483258229,3.9252179981481667,0.13351448511006217
RD23A_HUMAN_Tsuboyama_2023_1IFY,RD23A_HUMAN,Human,Stability,ESM2_3B,10,0.48474745107230743,0.4531317549938465,0.03161569607846097,7.481850629022501,7.402269902049942,0.07958072697256036
PR40A_HUMAN_Tsuboyama_2023_1UZC,PR40A_HUMAN,Human,Stability,ESM2_3B,10,0.4184606277250942,0.38746756745815114,0.030993060266943068,10.134987498796194,9.990386625571386,0.1446008732248087
GRB2_HUMAN_Faure_2021,GRB2_HUMAN,Human,OrganismalFitness,ESM2_3B,10,0.655528677035642,0.6245915734267998,0.030937103608842137,15.610022698374337,14.488990867574852,1.121031830799481
NUD15_HUMAN_Suiter_2020,NUD15_HUMAN,Human,Expression,ESM2_3B,10,0.5874286687659023,0.5565142416270137,0.030914427138888655,15.977091977309332,15.531801307719618,0.44529066958971447
TRPC_THEMA_Chan_2017,TRPC_THEMA,Prokaryote,OrganismalFitness,ESM2_3B,10,0.46530178658834204,0.4348832348597675,0.030418551728574567,14.430683174351014,14.107449409811954,0.32323376453905917
SQSTM_MOUSE_Tsuboyama_2023_2RRU,SQSTM_MOUSE,Eukaryote,Stability,ESM2_3B,10,0.6271593554782048,0.5985186368469051,0.028640718631299612,9.416186710038968,9.411995738103695,0.004190971935272891
BRCA1_HUMAN_Findlay_2018,BRCA1_HUMAN,Human,OrganismalFitness,ESM2_3B,10,0.5118543780213303,0.4842142783222716,0.027640099699058666,8.290373876682029,8.235513031815383,0.054860844866644956
THO1_YEAST_Tsuboyama_2023_2WQG,THO1_YEAST,Eukaryote,Stability,ESM2_3B,10,0.42762336097008646,0.40003416922366863,0.02758919174641785,5.361989700818723,5.623316204383279,-0.2613265035645562
RL40A_YEAST_Mavor_2016,RL40A_YEAST,Eukaryote,OrganismalFitness,ESM2_3B,10,0.45039918059543094,0.4249102621664769,0.025488918428954087,38.37991540700123,37.654020862064975,0.7258945449362472
SYUA_HUMAN_Newberry_2020,SYUA_HUMAN,Human,OrganismalFitness,ESM2_3B,10,0.1905810279241117,0.16542453067813614,0.025156497245975552,43.37904770993909,43.62073426680128,-0.24168655686218798
I6TAH8_I68A0_Doud_2015,I6TAH8_I68A0,Virus,OrganismalFitness,ESM2_3B,10,0.019042238104868887,-0.006070449767913498,0.025112687872782386,2.209227582979593,2.241679976594411,-0.032452393614818754
SPTN1_CHICK_Tsuboyama_2023_1TUD,SPTN1_CHICK,Eukaryote,Stability,ESM2_3B,10,0.5993189918370997,0.5745789873436944,0.024740004493405316,2.403684322718813,2.3493912234206356,0.05429309929817794
Q837P5_ENTFA_Meier_2023,Q837P5_ENTFA,Prokaryote,Activity,ESM2_3B,10,0.4401660518245255,0.4156011990149266,0.024564852809598952,4.796682577756005,4.949882975098131,-0.15320039734212515
RBP1_HUMAN_Tsuboyama_2023_2KWH,RBP1_HUMAN,Human,Stability,ESM2_3B,10,0.3392276942497855,0.31484332501596934,0.024384369233816185,9.010881510885351,9.386269913380424,-0.37538840249507216
VRPI_BPT7_Tsuboyama_2023_2WNM,VRPI_BPT7,Virus,Stability,ESM2_3B,10,0.5956341089691052,0.5713962367549802,0.024237872214125,2.450719858359392,2.420026832293856,0.030693026065535877
BLAT_ECOLX_Stiffler_2015,BLAT_ECOLX,Prokaryote,OrganismalFitness,ESM2_3B,10,0.5862437934437935,0.5629801028097452,0.02326369063404825,8.404812144406062,8.492673273842405,-0.08786112943634397
NPC1_HUMAN_Erwood_2022_HEK293T,NPC1_HUMAN,Human,Activity,ESM2_3B,10,0.721978003112983,0.698967371945522,0.023010631167460927,15.743436788381327,15.479140431551377,0.26429635682995267
ACE2_HUMAN_Chan_2020,ACE2_HUMAN,Human,Binding,ESM2_3B,10,0.18517145351125294,0.1626258876012342,0.02254556591001875,6.1085290157925165,6.3881498461246995,-0.27962083033218327
R1AB_SARS2_Flynn_2022,R1AB_SARS2,Virus,OrganismalFitness,ESM2_3B,10,0.4962939077429578,0.47494603300012733,0.021347874742830415,16.413218247630788,16.18710176951287,0.22611647811791863
TPOR_HUMAN_Bridgford_2020,TPOR_HUMAN,Human,OrganismalFitness,ESM2_3B,10,0.4172865792800586,0.3961157496328255,0.021170829647233123,18.74456175182204,19.32102451216251,-0.5764627603404676
TCRG1_MOUSE_Tsuboyama_2023_1E0L,TCRG1_MOUSE,Eukaryote,Stability,ESM2_3B,10,0.7178715821812596,0.6969111719797393,0.020960410201520202,5.948754643398527,6.083603184928319,-0.13484854152979145
BLAT_ECOLX_Firnberg_2014,BLAT_ECOLX,Prokaryote,OrganismalFitness,ESM2_3B,10,0.5700480223432154,0.549642960700624,0.020405061642591416,25.320247346044663,25.503936543439046,-0.18368919739438283
PA_I34A1_Wu_2015,PA_I34A1,Virus,OrganismalFitness,ESM2_3B,10,0.06788384716155575,0.048670515245822055,0.019213331915733697,2.5761792436967683,2.586075816552063,-0.009896572855294971
A4D664_9INFA_Soh_2019,A4D664_9INFA,Virus,OrganismalFitness,ESM2_3B,10,0.21597560507484145,0.1970093138269306,0.01896629124791087,21.033101917351416,20.957474778509173,0.0756271388422423
MLAC_ECOLI_MacRae_2023,MLAC_ECOLI,Prokaryote,OrganismalFitness,ESM2_3B,10,0.39222466127022504,0.37526097204622927,0.016963689223995753,21.650094071816635,22.091179678623515,-0.44108560680687814
MTH3_HAEAE_RockahShmuel_2015,MTH3_HAEAE,Prokaryote,OrganismalFitness,ESM2_3B,10,0.6136889673741132,0.5969758016376376,0.01671316573647556,15.511227269044094,15.43481867113916,0.07640859790493285
SC6A4_HUMAN_Young_2021,SC6A4_HUMAN,Human,Activity,ESM2_3B,10,0.5479348139510323,0.5321635701501892,0.01577124380084296,4.13064145218953,4.131521070417226,-0.0008796182276957331
CASP7_HUMAN_Roychowdhury_2020,CASP7_HUMAN,Human,Activity,ESM2_3B,10,0.5878841907461421,0.5723369109999882,0.015547279746153964,10.830944331937978,10.896978741419481,-0.06603440948150378
PRKN_HUMAN_Clausen_2023,PRKN_HUMAN,Human,Expression,ESM2_3B,10,0.6556428875534484,0.6401644763468972,0.01547841120655118,16.842403986864,16.850864232423426,-0.00846024555942737
MK01_HUMAN_Brenan_2016,MK01_HUMAN,Human,OrganismalFitness,ESM2_3B,10,0.2057139747011599,0.19027417912150357,0.01543979557965631,4.178710525117516,4.176259097273547,0.0024514278439690786
KCNJ2_MOUSE_Coyote-Maestas_2022_function,KCNJ2_MOUSE,Eukaryote,Activity,ESM2_3B,10,0.3830441392316126,0.3682341325769535,0.014810006654659157,12.351242689542484,12.73581865959711,-0.3845759700546246
PHOT_CHLRE_Chen_2023,PHOT_CHLRE,Eukaryote,Activity,ESM2_3B,10,0.6747248440699691,0.6605623972665905,0.014162446803378692,22.508746278751673,22.05676759714471,0.4519786816069612
LGK_LIPST_Klesmith_2015,LGK_LIPST,Eukaryote,Activity,ESM2_3B,10,0.5768131585964913,0.5632826044440816,0.013530554152409757,15.977446083835796,16.00612161258433,-0.028675528748532388
NCAP_I34A1_Doud_2015,NCAP_I34A1,Virus,OrganismalFitness,ESM2_3B,10,0.029949676072262187,0.01660430015281678,0.013345375919445407,2.351715605641038,2.3785111923012456,-0.02679558666020765
KCNE1_HUMAN_Muhammad_2023_expression,KCNE1_HUMAN,Human,Expression,ESM2_3B,10,0.06956410268117257,0.05759477793773882,0.01196932474343375,27.361384752078425,26.72140101126299,0.6399837408154333
TPMT_HUMAN_Matreyek_2018,TPMT_HUMAN,Human,Expression,ESM2_3B,10,0.47655472080686767,0.46505491729386883,0.011499803512998874,24.61599002518409,24.64355691330065,-0.02756688811655792
A0A192B1T2_9HIV1_Haddox_2018,A0A192B1T2_9HIV1,Virus,OrganismalFitness,ESM2_3B,10,0.12658588607378193,0.11539449990355255,0.011191386170229392,1.4704764191234683,1.4568001296866853,0.013676289436783052
PTEN_HUMAN_Matreyek_2021,PTEN_HUMAN,Human,Expression,ESM2_3B,10,0.2710966119551208,0.2612160585551697,0.009880553399951109,42.07259313108364,41.57083076371664,0.5017623673669945
OXDA_RHOTO_Vanella_2023_activity,OXDA_RHOTO,Eukaryote,Activity,ESM2_3B,10,0.3879181004515161,0.3781367424132634,0.00978135803825273,72.05819163285506,73.38027716473236,-1.322085531877299
SRC_HUMAN_Chakraborty_2023_binding-DAS_25uM,SRC_HUMAN,Human,Activity,ESM2_3B,10,0.42639659206983066,0.4166191052709253,0.009777486798905286,11.977220315939949,12.111180904712036,-0.13396058877208858
PTEN_HUMAN_Mighell_2018,PTEN_HUMAN,Human,Activity,ESM2_3B,10,0.30752050059574654,0.2982448347725439,0.009275665823202639,8.137917626647761,8.127796265073858,0.010121361573902731
UBC9_HUMAN_Weile_2017,UBC9_HUMAN,Human,OrganismalFitness,ESM2_3B,10,0.522291632890186,0.5132732130627025,0.009018419827483559,11.975451913302397,11.706544004406373,0.2689079088960222
Q2N0S5_9HIV1_Haddox_2018,Q2N0S5_9HIV1,Virus,OrganismalFitness,ESM2_3B,10,0.09039522840875946,0.08138463979820576,0.009010588610553705,1.4274645392868488,1.4222431900188954,0.005221349267953301
D7PM05_CLYGR_Somermeyer_2022,D7PM05_CLYGR,Eukaryote,Activity,ESM2_3B,10,0.03360158541939712,0.024834947741876202,0.008766637677520922,2.1805693190828093,2.18869826526685,-0.008128946184040054
ANCSZ_Hobbs_2022,ANCSZ,Eukaryote,Activity,ESM2_3B,10,0.6056201978363671,0.5969216062116767,0.008698591624690544,34.60901997983691,33.78394645279967,0.8250735270372406
HECD1_HUMAN_Tsuboyama_2023_3DKM,HECD1_HUMAN,Human,Stability,ESM2_3B,10,0.6124125923047027,0.6041636862619095,0.00824890604279318,5.888925537713282,5.8957254801412,-0.006799942427917749
CASP3_HUMAN_Roychowdhury_2020,CASP3_HUMAN,Human,Activity,ESM2_3B,10,0.5444844136551671,0.5362543104005687,0.008230103254598437,12.906320246438392,12.813989759922785,0.09233048651560694
HMDH_HUMAN_Jiang_2019,HMDH_HUMAN,Human,OrganismalFitness,ESM2_3B,10,0.3729177457493261,0.36481345471362103,0.008104291035705119,30.067794360050435,30.022746008023365,0.04504835202707476
RCD1_ARATH_Tsuboyama_2023_5OAO,RCD1_ARATH,Eukaryote,Stability,ESM2_3B,10,0.4620105604162947,0.45418123722220355,0.007829323194091103,8.748967286155922,8.910411970402675,-0.16144468424675235
PPM1D_HUMAN_Miller_2022,PPM1D_HUMAN,Human,OrganismalFitness,ESM2_3B,10,0.6327475504069524,0.6250759663048233,0.007671584102128937,25.940029418881643,26.03808941580646,-0.09805999692482174
PPARG_HUMAN_Majithia_2016,PPARG_HUMAN,Human,Activity,ESM2_3B,10,0.7305622892878536,0.7230723356203549,0.007489953667498772,2.257595200343645,2.265319462155624,-0.007724261811978783
EPHB2_HUMAN_Tsuboyama_2023_1F0M,EPHB2_HUMAN,Human,Stability,ESM2_3B,10,0.5685469316209594,0.5615413517766397,0.0070055798443197145,4.549939605082287,4.441688660853475,0.10825094422881176
ARGR_ECOLI_Tsuboyama_2023_1AOY,ARGR_ECOLI,Prokaryote,Stability,ESM2_3B,10,0.4830743666867095,0.47677119577655835,0.006303170910151095,5.216896851888228,5.377417111628268,-0.16052025974003978
RL40A_YEAST_Roscoe_2013,RL40A_YEAST,Eukaryote,OrganismalFitness,ESM2_3B,10,0.4660727470904679,0.4604177131953093,0.00565503389515864,19.88992660244397,19.541882640625797,0.34804396181817376
HXK4_HUMAN_Gersing_2023_abundance,HXK4_HUMAN,Human,Expression,ESM2_3B,10,0.3669516639163046,0.3616706855218119,0.005280978394492697,21.030481843572424,21.250753257321485,-0.22027141374906414
BLAT_ECOLX_Deng_2012,BLAT_ECOLX,Prokaryote,OrganismalFitness,ESM2_3B,10,0.4459919299365551,0.44077434797426696,0.005217581962288132,5.484985290740688,5.494318331916196,-0.009333041175507973
S22A1_HUMAN_Yee_2023_abundance,S22A1_HUMAN,Human,Expression,ESM2_3B,10,0.5988788923164154,0.5939511324609834,0.0049277598554320675,5.29961793574188,5.2833821151704825,0.016235820571397587
A0A140D2T1_ZIKV_Sourisseau_2019,A0A140D2T1_ZIKV,Virus,OrganismalFitness,ESM2_3B,10,0.36007845002683336,0.35559093800755404,0.004487512019279332,16.780539895062272,16.576645089427245,0.20389480563502752
HSP82_YEAST_Flynn_2019,HSP82_YEAST,Eukaryote,OrganismalFitness,ESM2_3B,10,0.3617505884997099,0.3586730956793665,0.003077492820343408,16.892323394917398,16.7977622336142,0.09456116130319998
PAI1_HUMAN_Huttinger_2021,PAI1_HUMAN,Human,Activity,ESM2_3B,10,0.32399404720837943,0.32269070955073464,0.0013033376576448042,6.56728746491379,6.530226615542301,0.037060849371487146
POLG_CXB3N_Mattenberger_2021,POLG_CXB3N,Virus,OrganismalFitness,ESM2_3B,10,0.40831970951121477,0.4073999441069591,0.000919765404255668,4.422818906798438,4.421192210199706,0.0016266965987315808
S22A1_HUMAN_Yee_2023_activity,S22A1_HUMAN,Human,Activity,ESM2_3B,10,0.5497897493662283,0.5494846319638649,0.00030511740236333627,8.820473835263604,8.82555017802327,-0.005076342759666197
A0A1I9GEU1_NEIME_Kennouche_2019,A0A1I9GEU1_NEIME,Prokaryote,Activity,ESM2_3B,10,0.043758364079610215,0.043590453596423134,0.00016791048318707882,2.847201756944714,2.7111214190918167,0.13608033785289736
PSAE_PICP2_Tsuboyama_2023_1PSE,PSAE_PICP2,Prokaryote,Stability,ESM2_3B,10,0.4519332201611671,0.45194098951987927,-7.76935871216744e-06,8.4978806644739,8.349631667414712,0.1482489970591871
A0A2Z5U3Z0_9INFA_Wu_2014,A0A2Z5U3Z0_9INFA,Virus,OrganismalFitness,ESM2_3B,10,0.469200028986503,0.46924543759512566,-4.540860862272123e-05,6.858395073047054,6.841106815008493,0.017288258038561377
TRPC_SACS2_Chan_2017,TRPC_SACS2,Prokaryote,OrganismalFitness,ESM2_3B,10,0.6325477996941465,0.6326004646706249,-5.266497647826718e-05,14.43512385839694,13.905470556218617,0.5296533021783253
HXK4_HUMAN_Gersing_2022_activity,HXK4_HUMAN,Human,OrganismalFitness,ESM2_3B,10,0.5157824781856047,0.5159508297288535,-0.00016835154324881807,9.67462604158844,9.750256614791468,-0.07563057320302988
NKX31_HUMAN_Tsuboyama_2023_2L9R,NKX31_HUMAN,Human,Stability,ESM2_3B,10,0.6585143961791009,0.6590825090277919,-0.0005681128486909326,10.715360356351274,10.285341710175196,0.43001864617607904
AMIE_PSEAE_Wrenbeck_2017,AMIE_PSEAE,Prokaryote,Activity,ESM2_3B,10,0.6743352644186273,0.6749269959118311,-0.0005917314932036511,20.67506510957854,20.665478644647845,0.009586464930694306
DYR_ECOLI_Nguyen_2023,DYR_ECOLI,Prokaryote,OrganismalFitness,ESM2_3B,10,0.5447128072856273,0.5460138348551958,-0.0013010275695684581,28.377668896656427,28.25764490995877,0.12002398669765917
IF1_ECOLI_Kelsic_2016,IF1_ECOLI,Prokaryote,OrganismalFitness,ESM2_3B,10,0.5522730784072898,0.5537822010951556,-0.001509122687865788,39.86292673001035,41.998587552215284,-2.135660822204936
SERC_HUMAN_Xie_2023,SERC_HUMAN,Human,OrganismalFitness,ESM2_3B,10,0.5645309744644786,0.5663728819773066,-0.001841907512828017,23.955386032035697,24.26226302227799,-0.30687699024229254
MET_HUMAN_Estevam_2023,MET_HUMAN,Human,Activity,ESM2_3B,10,0.5861941712340719,0.5880829965049145,-0.0018888252708426534,1.6938147099754304,1.6560643401341555,0.03775036984127485
CCR5_HUMAN_Gill_2023,CCR5_HUMAN,Human,Binding,ESM2_3B,10,0.33839661112960945,0.3403424443263056,-0.0019458331966961395,11.988135766396207,11.588809720147783,0.39932604624842477
KCNJ2_MOUSE_Coyote-Maestas_2022_surface,KCNJ2_MOUSE,Eukaryote,Expression,ESM2_3B,10,0.3437122660383366,0.3457385246908176,-0.0020262586524810305,3.0778795622908213,3.1927059461176706,-0.11482638382684933
CAR11_HUMAN_Meitlis_2020_lof,CAR11_HUMAN,Human,OrganismalFitness,ESM2_3B,10,0.5425777530769299,0.5446125285737375,-0.002034775496807645,8.377456021214362,8.346480194050708,0.030975827163656343
CAS9_STRP1_Spencer_2017_positive,CAS9_STRP1,Prokaryote,Activity,ESM2_3B,10,0.18602808940901183,0.18837704243623157,-0.002348953027219733,8.596435773870525,8.68305507865347,-0.08661930478294497
TNKS2_HUMAN_Tsuboyama_2023_5JRT,TNKS2_HUMAN,Human,Stability,ESM2_3B,10,0.5863578902412984,0.5888023078484662,-0.0024444176071678147,5.028876463545386,4.890369454643509,0.13850700890187695
HSP82_YEAST_Mishra_2016,HSP82_YEAST,Eukaryote,OrganismalFitness,ESM2_3B,10,0.46039912624403956,0.46296048778590676,-0.0025613615418671964,20.036740553144988,19.714492821654556,0.3222477314904307
A0A2Z5U3Z0_9INFA_Doud_2016,A0A2Z5U3Z0_9INFA,Virus,OrganismalFitness,ESM2_3B,10,0.49796277311880316,0.5005707581983664,-0.0026079850795631744,5.281400937407254,5.241178560827139,0.040222376580115335
KKA2_KLEPN_Melnikov_2014,KKA2_KLEPN,Prokaryote,OrganismalFitness,ESM2_3B,10,0.6477068628600254,0.6507219023151303,-0.003015039455104884,7.680033178752519,7.871908678711622,-0.19187549995910347
Q8WTC7_9CNID_Somermeyer_2022,Q8WTC7_9CNID,Eukaryote,Activity,ESM2_3B,10,0.008716350605260454,0.01197142579756955,-0.0032550751923091,2.70042565181799,2.707740663763307,-0.007315011945316785
DN7A_SACS2_Tsuboyama_2023_1JIC,DN7A_SACS2,Prokaryote,Stability,ESM2_3B,10,0.35324324580094213,0.3567620149310844,-0.0035187691301422743,2.5849968746054794,2.5046317502680635,0.08036512433741616
Q53Z42_HUMAN_McShan_2019_binding-TAPBPR,Q53Z42_HUMAN,Human,Binding,ESM2_3B,10,0.2830812631777376,0.2868082908256839,-0.0037270276479463072,6.598659374128583,6.637445875395677,-0.038786501267093244
CP2C9_HUMAN_Amorosi_2021_abundance,CP2C9_HUMAN,Human,Expression,ESM2_3B,10,0.6245451359587887,0.6320381982424583,-0.00749306228366956,23.903142887548977,23.92689270029468,-0.023749812745702314
REV_HV1H2_Fernandes_2016,REV_HV1H2,Virus,OrganismalFitness,ESM2_3B,10,0.27326962790622206,0.2809420957735535,-0.007672467867331436,43.33173296725501,42.47977289643702,0.8519600708179802
Q59976_STRSQ_Romero_2015,Q59976_STRSQ,Prokaryote,Activity,ESM2_3B,10,0.5597501757102633,0.5677600449751184,-0.008009869264855096,5.78271760241488,5.810033077574749,-0.02731547515986943
P53_HUMAN_Kotler_2018,P53_HUMAN,Human,OrganismalFitness,ESM2_3B,10,0.6987879867700271,0.707106037197521,-0.008318050427493817,5.599651739641721,5.674175659806451,-0.07452392016473049
A4GRB6_PSEAI_Chen_2020,A4GRB6_PSEAI,Prokaryote,OrganismalFitness,ESM2_3B,10,0.7063835362242548,0.7147269400886958,-0.008343403864440902,3.031649346169412,3.0209639186443686,0.01068542752504329
PABP_YEAST_Melamed_2013,PABP_YEAST,Eukaryote,OrganismalFitness,ESM2_3B,10,0.6148194409013218,0.6237325468993293,-0.008913105998007464,19.04640013150716,18.107463491502152,0.9389366400050048
POLG_DEN26_Suphatrakul_2023,POLG_DEN26,Virus,OrganismalFitness,ESM2_3B,10,0.2763403491772195,0.28538996095095326,-0.009049611773733732,1.5306010322772479,1.506010120761221,0.024590911516026902
P53_HUMAN_Giacomelli_2018_Null_Etoposide,P53_HUMAN,Human,OrganismalFitness,ESM2_3B,10,0.4728081679348513,0.48219672029508365,-0.009388552360232283,4.937186826570666,4.91395234786877,0.023234478701896145
RDRP_I33A0_Li_2023,RDRP_I33A0,Virus,OrganismalFitness,ESM2_3B,10,0.3843405344674523,0.39375422389790726,-0.009413689430454886,15.988500858332348,16.02090102149587,-0.032400163163523746
SPG2_STRSG_Tsuboyama_2023_5UBS,SPG2_STRSG,Prokaryote,Stability,ESM2_3B,10,0.21135987535476874,0.22082736076698314,-0.00946748541221441,1.9773057229464324,2.134011755874332,-0.15670603292789972
POLG_HCVJF_Qi_2014,POLG_HCVJF,Virus,OrganismalFitness,ESM2_3B,10,0.09998147533452735,0.11044932878768092,-0.010467853453153592,2.6851903649255755,2.842586444279176,-0.15739607935360037
GDIA_HUMAN_Silverstein_2021,GDIA_HUMAN,Human,OrganismalFitness,ESM2_3B,10,0.32704584383546687,0.33792092332615553,-0.010875079490688663,34.48257464831977,34.5730005289239,-0.09042588060413337
MTHR_HUMAN_Weile_2021,MTHR_HUMAN,Human,OrganismalFitness,ESM2_3B,10,0.27644975730061927,0.28751317134095444,-0.011063414040335198,38.24978389652364,38.29021672372508,-0.0404328272014439
FECA_ECOLI_Tsuboyama_2023_2D1U,FECA_ECOLI,Prokaryote,Stability,ESM2_3B,10,0.4967375025298522,0.508023142446219,-0.011285639916366825,6.356253463648201,6.465291876522443,-0.10903841287424117
HEM3_HUMAN_Loggerenberg_2023,HEM3_HUMAN,Human,Activity,ESM2_3B,10,0.40139155835296,0.4126869641206071,-0.011295405767647149,22.16512241954983,22.24239734763366,-0.07727492808382586
P53_HUMAN_Giacomelli_2018_Null_Nutlin,P53_HUMAN,Human,OrganismalFitness,ESM2_3B,10,0.43638494390683497,0.4481061211191542,-0.011721177212319207,4.973458891906509,4.938608132243768,0.03485075966273996
Q53Z42_HUMAN_McShan_2019_expression,Q53Z42_HUMAN,Human,Expression,ESM2_3B,10,0.5522424240486385,0.56580267361599,-0.01356024956735145,3.1737452240509505,3.210208998364741,-0.03646377431379042
P53_HUMAN_Giacomelli_2018_WT_Nutlin,P53_HUMAN,Human,OrganismalFitness,ESM2_3B,10,0.4486120888635254,0.46218432774944207,-0.01357223888591672,4.658852837197648,4.625894110584381,0.032958726613266
CD19_HUMAN_Klesmith_2019_FMC_singles,CD19_HUMAN,Human,Binding,ESM2_3B,10,0.1247732242545618,0.1385397252403699,-0.013766500985808078,1.7477962086225332,1.6712733717996464,0.07652283682288649
TPK1_HUMAN_Weile_2017,TPK1_HUMAN,Human,OrganismalFitness,ESM2_3B,10,0.3189207927899163,0.3344711610738618,-0.015550368283945515,20.030390614901037,19.656454095979914,0.3739365189211249
AACC1_PSEAI_Dandage_2018,AACC1_PSEAI,Prokaryote,OrganismalFitness,ESM2_3B,10,0.49241550736393175,0.5086174036349521,-0.016201896271020404,3.6806163850720806,3.806442828614238,-0.12582644354215736
CBS_HUMAN_Sun_2020,CBS_HUMAN,Human,OrganismalFitness,ESM2_3B,10,0.3182673094628278,0.334905869231461,-0.016638559768633265,17.940335369069416,17.9715944701446,-0.03125910107518024
SHOC2_HUMAN_Kwon_2022,SHOC2_HUMAN,Human,OrganismalFitness,ESM2_3B,10,0.3858368170571748,0.4027476685171111,-0.01691085145993626,17.22489221798385,17.21848906285112,0.006403155132728955
SPG1_STRSG_Olson_2014,SPG1_STRSG,Prokaryote,Binding,ESM2_3B,10,0.21976836273317923,0.23706060394230938,-0.017292241209130123,3.760392164750283,3.533906639507516,0.22648552524276705
MSH2_HUMAN_Jia_2020,MSH2_HUMAN,Human,OrganismalFitness,ESM2_3B,10,0.29188547132475234,0.3096178834011908,-0.017732412076438477,7.180716943774522,7.1764237342672335,0.004293209507287887
RNC_ECOLI_Weeks_2023,RNC_ECOLI,Prokaryote,Activity,ESM2_3B,10,0.6024593411357487,0.6208869169999321,-0.018427575864183386,13.855132657263885,14.202156320004075,-0.3470236627401899
ENV_HV1BR_Haddox_2016,ENV_HV1BR,Virus,OrganismalFitness,ESM2_3B,10,0.05739441560690649,0.07592295351716813,-0.018528537910261638,39.23051718652653,38.48040726766741,0.7501099188591184
MBD11_ARATH_Tsuboyama_2023_6ACV,MBD11_ARATH,Eukaryote,Stability,ESM2_3B,10,0.5783666932767384,0.5976422028248909,-0.01927550954815263,2.2925457363269186,2.286523996800305,0.006021739526613601
Q837P4_ENTFA_Meier_2023,Q837P4_ENTFA,Prokaryote,Activity,ESM2_3B,10,0.5445548971157421,0.5638831156058242,-0.01932821849008204,4.042974973669366,4.173928468796741,-0.1309534951273748
OXDA_RHOTO_Vanella_2023_expression,OXDA_RHOTO,Eukaryote,Expression,ESM2_3B,10,0.3500180080355927,0.36941942484366097,-0.01940141680806829,44.595413711918006,45.19693281418217,-0.6015191022641602
RASH_HUMAN_Bandaru_2017,RASH_HUMAN,Human,Activity,ESM2_3B,10,0.4413392660062555,0.46122072605642456,-0.01988146005016907,34.37276335534061,34.40674537289626,-0.03398201755565111
CSN4_MOUSE_Tsuboyama_2023_1UFM,CSN4_MOUSE,Eukaryote,Stability,ESM2_3B,10,0.34847080529628827,0.3691965693876326,-0.020725764091344342,7.419745953192425,7.313186830993868,0.10655912219855708
RASK_HUMAN_Weng_2022_binding-DARPin_K55,RASK_HUMAN,Human,Binding,ESM2_3B,10,0.5133219674064822,0.534062649742013,-0.02074068233553089,29.16424895384028,28.968500286966872,0.19574866687341128
CP2C9_HUMAN_Amorosi_2021_activity,CP2C9_HUMAN,Human,Binding,ESM2_3B,10,0.6772088525942083,0.6982039690831701,-0.02099511648896175,20.898398448070253,21.306903383812507,-0.40850493574225377
SRC_HUMAN_Nguyen_2022,SRC_HUMAN,Human,OrganismalFitness,ESM2_3B,10,0.4342381010469776,0.45668000621892546,-0.02244190517194793,13.27166751516232,13.184989064946555,0.08667845021576585
ODP2_GEOSE_Tsuboyama_2023_1W4G,ODP2_GEOSE,Prokaryote,Stability,ESM2_3B,10,0.2811740794773002,0.30407448277862426,-0.022900403301324007,3.2547606824273894,2.979151606623062,0.2756090758043276
OTC_HUMAN_Lo_2023,OTC_HUMAN,Human,Activity,ESM2_3B,10,0.5074273748669558,0.5307599645079458,-0.02333258964098997,15.853516253436373,15.840428913102972,0.013087340333401976
SDA_BACSU_Tsuboyama_2023_1PV0,SDA_BACSU,Prokaryote,Stability,ESM2_3B,10,0.6456432230203965,0.6695370727144073,-0.02389384969401086,4.674198753900112,4.61364275184558,0.06055600205453167
TADBP_HUMAN_Bolognesi_2019,TADBP_HUMAN,Human,OrganismalFitness,ESM2_3B,10,-0.025150176218337116,-0.0012304106101741167,-0.023919765608162998,73.82964817083774,74.8509801839745,-1.0213320131367638
YAIA_ECOLI_Tsuboyama_2023_2KVT,YAIA_ECOLI,Prokaryote,Stability,ESM2_3B,10,0.49728293758654285,0.5232217466442542,-0.025938809057711433,5.891733305802826,5.956833761974357,-0.06510045617153057
CAR11_HUMAN_Meitlis_2020_gof,CAR11_HUMAN,Human,OrganismalFitness,ESM2_3B,10,0.33656327714296913,0.3627739122085608,-0.026210635065591716,9.968803940992936,9.97203571672934,-0.0032317757364044297
POLG_PESV_Tsuboyama_2023_2MXD,POLG_PESV,Virus,Stability,ESM2_3B,10,0.10866605756052991,0.13719508657920437,-0.028529029018674445,1.3210449119111622,1.247996059566783,0.07304885234437919
SRC_HUMAN_Ahler_2019,SRC_HUMAN,Human,Activity,ESM2_3B,10,0.5032864447682982,0.5327891118887775,-0.029502667120479314,7.7452726915180765,7.61411305468557,0.13115963683250537
FKBP3_HUMAN_Tsuboyama_2023_2KFV,FKBP3_HUMAN,Human,Stability,ESM2_3B,10,0.27254689385726266,0.3034907666618955,-0.03094387280463289,2.5666880492350947,2.475634662889326,0.09105338634576872
MAFG_MOUSE_Tsuboyama_2023_1K1V,MAFG_MOUSE,Eukaryote,Stability,ESM2_3B,10,0.5192171605484298,0.5510840109843943,-0.03186685043596442,2.949528502716279,2.754031930666195,0.1954965720500844
RS15_GEOSE_Tsuboyama_2023_1A32,RS15_GEOSE,Prokaryote,Stability,ESM2_3B,10,0.37960646601736925,0.4131499778357973,-0.033543511818428115,9.638182437486542,9.599415821835317,0.03876661565122497
RL20_AQUAE_Tsuboyama_2023_1GYZ,RL20_AQUAE,Prokaryote,Stability,ESM2_3B,10,0.36855267593763175,0.4031592312061535,-0.034606555268521695,10.726227636712839,10.787548064632094,-0.061320427919255495
TAT_HV1BR_Fernandes_2016,TAT_HV1BR,Virus,OrganismalFitness,ESM2_3B,10,-0.0734330095093582,-0.03731098846861399,-0.03612202104074422,6.202236338824124,6.971085563317919,-0.7688492244937943
YNZC_BACSU_Tsuboyama_2023_2JVD,YNZC_BACSU,Prokaryote,Stability,ESM2_3B,10,0.4274397550806001,0.4642939357530575,-0.03685418067245741,6.816398200435797,7.016126281071406,-0.19972808063560957
SOX30_HUMAN_Tsuboyama_2023_7JJK,SOX30_HUMAN,Human,Stability,ESM2_3B,10,0.25276839719851696,0.2898954140387987,-0.037127016840281704,5.623215549215514,5.51146476472778,0.1117507844877336
NUSG_MYCTU_Tsuboyama_2023_2MI6,NUSG_MYCTU,Prokaryote,Stability,ESM2_3B,10,0.5844651603282187,0.622762993369771,-0.0382978330415523,3.564787398341344,3.4100452643996286,0.15474213394171565
HSP82_YEAST_Cote-Hammarlof_2020_growth-H2O2,HSP82_YEAST,Eukaryote,OrganismalFitness,ESM2_3B,10,0.3069744324313717,0.3453377716479877,-0.038363339216615985,385.783753489437,404.03866677721743,-18.254913287780443
DLG4_RAT_McLaughlin_2012,DLG4_RAT,Eukaryote,Binding,ESM2_3B,10,0.45907729285756343,0.4980194726266558,-0.03894217976909239,29.74357775628054,30.358839597727933,-0.6152618414473927
SPIKE_SARS2_Starr_2020_expression,SPIKE_SARS2,Virus,Expression,ESM2_3B,10,0.03113576372700196,0.07126103681359405,-0.0401252730865921,1.5035554914395863,1.4801169822364328,0.023438509203153424
A0A247D711_LISMN_Stadelmann_2021,A0A247D711_LISMN,Prokaryote,Activity,ESM2_3B,10,0.06002515739279986,0.1033050981286497,-0.043279940735849835,1.6437689035714655,1.6528868354436483,-0.009117931872182527
CCDB_ECOLI_Adkar_2012,CCDB_ECOLI,Prokaryote,Activity,ESM2_3B,10,0.444828857155369,0.49667521612914844,-0.05184635897377939,1.2727533021229247,1.3207622307259022,-0.04800892860297745
SPIKE_SARS2_Starr_2020_binding,SPIKE_SARS2,Virus,Binding,ESM2_3B,10,0.002795938207924572,0.05474129015550183,-0.051945351947577253,1.2711402625912265,1.2787168362646177,-0.007576573673391107
SCIN_STAAR_Tsuboyama_2023_2QFF,SCIN_STAAR,Prokaryote,Stability,ESM2_3B,10,0.4080834006566743,0.4606938076042238,-0.05261040694754944,1.8874648107511944,1.9846159839870734,-0.09715117323587877
ILF3_HUMAN_Tsuboyama_2023_2L33,ILF3_HUMAN,Human,Stability,ESM2_3B,10,0.2562622158533922,0.31381514265390187,-0.05755292680050965,13.054183903150587,12.948041999288128,0.10614190386245906
PIN1_HUMAN_Tsuboyama_2023_1I6C,PIN1_HUMAN,Human,Stability,ESM2_3B,10,0.5650310852555658,0.6313406557869946,-0.06630957053142898,5.259489987152628,5.981953931955106,-0.7224639448024772
CBPA2_HUMAN_Tsuboyama_2023_1O6X,CBPA2_HUMAN,Human,Stability,ESM2_3B,10,0.4822416676009034,0.5529186556902359,-0.07067698808933243,3.6576018935169214,3.585831907394804,0.0717699861221178
RCRO_LAMBD_Tsuboyama_2023_1ORC,RCRO_LAMBD,Virus,Stability,ESM2_3B,10,0.4702043704511093,0.5424441241779215,-0.07223975372681224,3.1843727007152034,2.9188186054958303,0.26555409521937334
HCP_LAMBD_Tsuboyama_2023_2L6Q,HCP_LAMBD,Virus,Stability,ESM2_3B,10,0.5809165853216196,0.6609232127220711,-0.0800066274004515,6.0408580877944855,5.958935842143351,0.08192224565113468
CATR_CHLRE_Tsuboyama_2023_2AMI,CATR_CHLRE,Eukaryote,Stability,ESM2_3B,10,0.32863257747435076,0.41074572513077595,-0.08211314765642516,9.003536327671565,8.869608558776843,0.1339277688947204
A4_HUMAN_Seuma_2022,A4_HUMAN,Human,Stability,ESM2_3B,10,0.49998095628735495,0.5822044983905028,-0.0822235421031479,4.887413930656779,5.06131313737973,-0.17389920672295095
RAD_ANTMA_Tsuboyama_2023_2CJJ,RAD_ANTMA,Eukaryote,Stability,ESM2_3B,10,0.25929973252553895,0.35147215733759085,-0.09217242481205182,5.315355126225666,5.039958334201278,0.27539679202438794
CAPSD_AAV2S_Sinai_2021,CAPSD_AAV2S,Virus,OrganismalFitness,ESM2_3B,10,0.06964870001371501,0.1628674996456127,-0.09321879963189769,1.1083442906545014,1.0907120766848617,0.01763221396963951
UBR5_HUMAN_Tsuboyama_2023_1I2T,UBR5_HUMAN,Human,Stability,ESM2_650M,10,0.30093011299370487,0.13645928646264072,0.16447082653106412,3.7088663646427937,4.1092864843349695,-0.4004201196921759
CUE1_YEAST_Tsuboyama_2023_2MYX,CUE1_YEAST,Eukaryote,Stability,ESM2_650M,10,0.5189050013777899,0.4021561916623562,0.1167488097154338,2.7382702813518964,2.6415484083860474,0.09672187296584896
RPC1_BP434_Tsuboyama_2023_1R69,RPC1_BP434,Virus,Stability,ESM2_650M,10,0.6373599873577751,0.529723384063974,0.10763660329380102,3.6549710941137334,3.5484317900139013,0.106539304099832
PITX2_HUMAN_Tsuboyama_2023_2L7M,PITX2_HUMAN,Human,Stability,ESM2_650M,10,0.6499029269992974,0.54477979479514,0.1051231322041573,4.3783653373733395,4.418930416614245,-0.0405650792409062
NUSA_ECOLI_Tsuboyama_2023_1WCL,NUSA_ECOLI,Prokaryote,Stability,ESM2_650M,10,0.5085958515532238,0.4330195782162159,0.07557627333700796,3.607689650939343,3.6240820228428654,-0.01639237190352283
VILI_CHICK_Tsuboyama_2023_1YU5,VILI_CHICK,Eukaryote,Stability,ESM2_650M,10,0.6913034532423443,0.6200512512001538,0.07125220204219056,4.910545329225529,5.054187657601389,-0.14364232837585975
VG08_BPP22_Tsuboyama_2023_2GP8,VG08_BPP22,Virus,Stability,ESM2_650M,10,0.6503424657534247,0.5833138900747771,0.06702857567864755,5.496151899713482,5.175322130905823,0.3208297688076589
UBE4B_HUMAN_Tsuboyama_2023_3L1X,UBE4B_HUMAN,Human,Stability,ESM2_650M,10,0.574388319453342,0.5095879581448458,0.06480036130849617,4.96408919149343,5.261768961327439,-0.2976797698340083
RD23A_HUMAN_Tsuboyama_2023_1IFY,RD23A_HUMAN,Human,Stability,ESM2_650M,10,0.5420640454705262,0.4788350280435244,0.06322901742700178,4.96127345721086,5.001103859054503,-0.03983040184364288
VKOR1_HUMAN_Chiasson_2020_activity,VKOR1_HUMAN,Human,Activity,ESM2_650M,10,0.4622220324856999,0.4004836582768415,0.061738374208858394,14.197532813158654,13.400254572461018,0.7972782406976379
RASK_HUMAN_Weng_2022_abundance,RASK_HUMAN,Human,Expression,ESM2_650M,10,0.1602412442677918,0.09966991462971461,0.06057132963807717,22.29957466237953,22.536731667215903,-0.23715700483637364
ISDH_STAAW_Tsuboyama_2023_2LHR,ISDH_STAAW,Prokaryote,Stability,ESM2_650M,10,0.3070035235241743,0.24749220050959858,0.05951132301457572,2.4582479338879506,2.411266471638843,0.04698146224910724
PSAE_PICP2_Tsuboyama_2023_1PSE,PSAE_PICP2,Prokaryote,Stability,ESM2_650M,10,0.6049460367024769,0.5489853896025207,0.05596064709995617,6.565396786014892,6.351507823386304,0.2138889626285893
P84126_THETH_Chan_2017,P84126_THETH,Prokaryote,OrganismalFitness,ESM2_650M,10,0.5993191823599753,0.5440529801154963,0.05526620224447899,14.84371963559369,14.708513258955279,0.13520637663840968
DOCK1_MOUSE_Tsuboyama_2023_2M0Y,DOCK1_MOUSE,Eukaryote,Stability,ESM2_650M,10,0.5928648130585537,0.5384985064599755,0.05436630659857824,4.230110190047348,4.648306551327169,-0.4181963612798206
RFAH_ECOLI_Tsuboyama_2023_2LCL,RFAH_ECOLI,Prokaryote,Stability,ESM2_650M,10,0.34600091218006923,0.292520717565341,0.05348019461472825,7.041314028497335,6.928918790182232,0.11239523831510337
SRBS1_HUMAN_Tsuboyama_2023_2O2W,SRBS1_HUMAN,Human,Stability,ESM2_650M,10,0.622745755284255,0.5696895438705611,0.05305621141369381,3.8528197158244586,3.867057035257209,-0.014237319432750884
VKOR1_HUMAN_Chiasson_2020_abundance,VKOR1_HUMAN,Human,Expression,ESM2_650M,10,0.4943388593468253,0.4435464795967329,0.05079237975009241,17.606492822677144,17.92153624732307,-0.3150434246459296
DLG4_HUMAN_Faure_2021,DLG4_HUMAN,Human,OrganismalFitness,ESM2_650M,10,0.5029097467158368,0.45475015031351784,0.048159596402318885,27.22745924793864,26.8891545268448,0.33830472109383897
PKN1_HUMAN_Tsuboyama_2023_1URF,PKN1_HUMAN,Human,Stability,ESM2_650M,10,0.29292134907296796,0.24520857117273787,0.047712777900230055,8.538657785038264,8.395656035568022,0.14300174947024252
Q6WV12_9MAXI_Somermeyer_2022,Q6WV12_9MAXI,Eukaryote,Activity,ESM2_650M,10,0.03981433553505941,-0.006134463814683907,0.045948799349743316,3.400281552785973,3.3563743431958044,0.04390720959016807
GFP_AEQVI_Sarkisyan_2016,GFP_AEQVI,Eukaryote,Activity,ESM2_650M,10,0.08261871879066315,0.03707682257501234,0.04554189621565082,6.222680131084361,6.263653370107623,-0.04097323902326213
CBX4_HUMAN_Tsuboyama_2023_2K28,CBX4_HUMAN,Human,Stability,ESM2_650M,10,0.6861990714877386,0.6412233052469541,0.04497576624078448,4.478008295596935,4.319169172813807,0.15883912278312867
DYR_ECOLI_Thompson_2019,DYR_ECOLI,Prokaryote,OrganismalFitness,ESM2_650M,10,0.4891458667989503,0.44515120235758066,0.04399466444136959,7.4475364674695665,7.325219179727005,0.12231728774256165
ADRB2_HUMAN_Jones_2020,ADRB2_HUMAN,Human,Activity,ESM2_650M,10,0.5007793063815235,0.4571402310384067,0.04363907534311677,8.204293477328383,7.908231550136712,0.29606192719167146
DNJA1_HUMAN_Tsuboyama_2023_2LO1,DNJA1_HUMAN,Human,Stability,ESM2_650M,10,0.6117334754180968,0.5681819187443631,0.043551556673733595,3.602244302494943,3.7334329940368547,-0.13118869154191132
VRPI_BPT7_Tsuboyama_2023_2WNM,VRPI_BPT7,Virus,Stability,ESM2_650M,10,0.5745512855814676,0.5321934424321113,0.042357843149356346,2.1432702662439986,2.1548997003177,-0.011629434073701272
SQSTM_MOUSE_Tsuboyama_2023_2RRU,SQSTM_MOUSE,Eukaryote,Stability,ESM2_650M,10,0.6049678221089669,0.5631916142487651,0.04177620786020189,7.45273496468012,7.346893204641899,0.10584176003822021
SUMO1_HUMAN_Weile_2017,SUMO1_HUMAN,Human,OrganismalFitness,ESM2_650M,10,0.5217366626924822,0.4800883585063553,0.041648304186126875,20.16225901030019,19.582072457233032,0.5801865530671592
RL40A_YEAST_Roscoe_2014,RL40A_YEAST,Eukaryote,Activity,ESM2_650M,10,0.517365220245145,0.47576747039308326,0.041597749852061695,16.94248184896737,16.305512904043255,0.6369689449241159
GRB2_HUMAN_Faure_2021,GRB2_HUMAN,Human,OrganismalFitness,ESM2_650M,10,0.735600329036378,0.6944584780516457,0.04114185098473215,14.308906275246011,12.987071281784756,1.321834993461254
GAL4_YEAST_Kitzman_2015,GAL4_YEAST,Eukaryote,OrganismalFitness,ESM2_650M,10,0.6689015635671589,0.6284288473531743,0.04047271621398456,0.8660069280923247,0.8643010258479633,0.0017059022443614124
CALM1_HUMAN_Weile_2017,CALM1_HUMAN,Human,OrganismalFitness,ESM2_650M,10,0.23365511577672474,0.19622802388281485,0.03742709189390987,21.33240189325418,21.150620456505447,0.18178143674873154
BLAT_ECOLX_Stiffler_2015,BLAT_ECOLX,Prokaryote,OrganismalFitness,ESM2_650M,10,0.7390145494145495,0.7023782100196081,0.036636339394941375,4.948452340033186,4.908611879973305,0.039840460059880824
ODP2_GEOSE_Tsuboyama_2023_1W4G,ODP2_GEOSE,Prokaryote,Stability,ESM2_650M,10,0.5139759847379644,0.47761354780985477,0.03636243692810957,4.306659613018317,4.051852713966841,0.25480689905147497
BLAT_ECOLX_Deng_2012,BLAT_ECOLX,Prokaryote,OrganismalFitness,ESM2_650M,10,0.5234222328532929,0.4873400097263098,0.03608222312698315,3.0987681210460147,3.0345192894169015,0.0642488316291129
ENVZ_ECOLI_Ghose_2023,ENVZ_ECOLI,Prokaryote,Activity,ESM2_650M,10,0.15410184804384158,0.1180396869423213,0.036062161101520294,6.759412371218394,6.5706852874367785,0.18872708378161623
OBSCN_HUMAN_Tsuboyama_2023_1V1C,OBSCN_HUMAN,Human,Stability,ESM2_650M,10,0.6427100948213715,0.6071998227872574,0.03551027203411411,4.081402536942257,3.933040363414375,0.1483621735278815
UBE4B_MOUSE_Starita_2013,UBE4B_MOUSE,Eukaryote,Activity,ESM2_650M,10,0.4797461078622062,0.4444146974520119,0.035331410410194365,6.037430929769747,5.992243070792299,0.045187858977447794
SYUA_HUMAN_Newberry_2020,SYUA_HUMAN,Human,OrganismalFitness,ESM2_650M,10,0.1253456185085669,0.09144846810808094,0.033897150400485965,33.3653080056936,33.1285703568815,0.23673764881210424
TRPC_THEMA_Chan_2017,TRPC_THEMA,Prokaryote,OrganismalFitness,ESM2_650M,10,0.4560337680207014,0.4238150080606635,0.03221875996003787,12.843232931245032,12.422885160077806,0.42034777116722744
BCHB_CHLTE_Tsuboyama_2023_2KRU,BCHB_CHLTE,Prokaryote,Stability,ESM2_650M,10,0.42727695389758164,0.395282864378133,0.03199408951944866,3.4419200788893556,3.392272801792351,0.049647277097004186
KCNE1_HUMAN_Muhammad_2023_function,KCNE1_HUMAN,Human,Activity,ESM2_650M,10,0.5338985268101972,0.5028770653594308,0.031021461450766497,18.219161388296932,18.093530885817636,0.1256305024793008
THO1_YEAST_Tsuboyama_2023_2WQG,THO1_YEAST,Eukaryote,Stability,ESM2_650M,10,0.39523722561086955,0.3644660662705225,0.030771159340347028,5.2408560450983135,5.407833915522692,-0.16697787042437842
SPA_STAAU_Tsuboyama_2023_1LP1,SPA_STAAU,Prokaryote,Stability,ESM2_650M,10,0.17569798465218472,0.1450493706091492,0.030648614043035555,2.0176621270146198,1.9749632700305444,0.04269885698407534
AMFR_HUMAN_Tsuboyama_2023_4G3O,AMFR_HUMAN,Human,Stability,ESM2_650M,10,0.5258691659978506,0.49643242198449267,0.029436744013358017,4.829158869425628,5.260598913496851,-0.43144004407122283
TRPC_SACS2_Chan_2017,TRPC_SACS2,Prokaryote,OrganismalFitness,ESM2_650M,10,0.6630094514981522,0.6346144412486583,0.028395010249493768,12.8931424998223,12.263717735095005,0.6294247647272945
BLAT_ECOLX_Firnberg_2014,BLAT_ECOLX,Prokaryote,OrganismalFitness,ESM2_650M,10,0.7328005392170981,0.7069712663992623,0.025829272817835758,16.300665467411452,16.200145987288458,0.10051948012299139
AMIE_PSEAE_Wrenbeck_2017,AMIE_PSEAE,Prokaryote,Activity,ESM2_650M,10,0.5585173440001581,0.5353311297741653,0.023186214225992756,12.269919370333131,12.253247101030597,0.016672269302535448
RL40A_YEAST_Mavor_2016,RL40A_YEAST,Eukaryote,OrganismalFitness,ESM2_650M,10,0.523688637244444,0.500827970516692,0.022860666727751906,34.03908631813174,32.813323962389646,1.2257623557420811
MLAC_ECOLI_MacRae_2023,MLAC_ECOLI,Prokaryote,OrganismalFitness,ESM2_650M,10,0.39208241261297017,0.3696571381645946,0.022425274448375554,19.87294584005775,20.14463238437611,-0.27168654431836003
KCNE1_HUMAN_Muhammad_2023_expression,KCNE1_HUMAN,Human,Expression,ESM2_650M,10,0.10143307745340409,0.07924842584330244,0.02218465161010164,20.05940525855266,19.728713332746747,0.33069192580591
BLAT_ECOLX_Jacquier_2013,BLAT_ECOLX,Prokaryote,OrganismalFitness,ESM2_650M,10,0.7046996770130021,0.6827194655024359,0.021980211510566096,2.003370313288972,2.0294591477734434,-0.026088834484471125
PTEN_HUMAN_Mighell_2018,PTEN_HUMAN,Human,Activity,ESM2_650M,10,0.5175537304759261,0.49594170173769997,0.02161202873822606,5.384028098572168,5.30902834083154,0.07499975774062735
MYO3_YEAST_Tsuboyama_2023_2BTT,MYO3_YEAST,Eukaryote,Stability,ESM2_650M,10,0.49983737703770775,0.47835432489915863,0.021483052138549136,3.190290564901244,3.151244917194147,0.039045647707097154
PRKN_HUMAN_Clausen_2023,PRKN_HUMAN,Human,Expression,ESM2_650M,10,0.504368951228948,0.4833588768393554,0.021010074389592535,12.136400638296461,12.161550019126397,-0.02514938082993474
I6TAH8_I68A0_Doud_2015,I6TAH8_I68A0,Virus,OrganismalFitness,ESM2_650M,10,0.02654532234459529,0.006454239051471186,0.020091083293124107,2.0988952495150692,2.122046245488851,-0.023150995973781986
D7PM05_CLYGR_Somermeyer_2022,D7PM05_CLYGR,Eukaryote,Activity,ESM2_650M,10,0.017487866398420045,-0.002378227816277492,0.01986609421469754,2.180567575685218,2.188696837827158,-0.008129262141939852
C6KNH7_9INFA_Lee_2018,C6KNH7_9INFA,Virus,OrganismalFitness,ESM2_650M,10,0.4940435214838831,0.4742596412990481,0.019783880184834967,5.929292703659098,5.957094229176391,-0.02780152551729307
BRCA1_HUMAN_Findlay_2018,BRCA1_HUMAN,Human,OrganismalFitness,ESM2_650M,10,0.5266624480010942,0.5069101361032317,0.01975231189786253,6.000571564177545,5.914865520165516,0.08570604401202848
SBI_STAAM_Tsuboyama_2023_2JVG,SBI_STAAM,Prokaryote,Stability,ESM2_650M,10,0.5561174799069522,0.5365320110494178,0.019585468857534254,4.721992769706923,4.412398485213608,0.3095942844933154
TNKS2_HUMAN_Tsuboyama_2023_5JRT,TNKS2_HUMAN,Human,Stability,ESM2_650M,10,0.6076758488148624,0.5884959338649948,0.019179914949867604,3.891658185161808,3.95972673727125,-0.06806855210944182
ESTA_BACSU_Nutschel_2020,ESTA_BACSU,Prokaryote,Stability,ESM2_650M,10,0.3051827403442692,0.28625202072306066,0.018930719621208493,19.983111521344124,20.002046498963573,-0.01893497761944616
SRC_HUMAN_Chakraborty_2023_binding-DAS_25uM,SRC_HUMAN,Human,Activity,ESM2_650M,10,0.47058559601735517,0.45232900674616305,0.01825658927119215,10.694434157892662,10.790324181602859,-0.09589002371019983
NUD15_HUMAN_Suiter_2020,NUD15_HUMAN,Human,Expression,ESM2_650M,10,0.524104172719231,0.5076983005042556,0.016405872214975425,14.011376674820344,13.570266892899047,0.44110978192129446
KCNJ2_MOUSE_Coyote-Maestas_2022_function,KCNJ2_MOUSE,Eukaryote,Activity,ESM2_650M,10,0.3775240365448959,0.3626531143103771,0.01487092223451882,10.822288523365104,11.085614507928984,-0.2633259845638788
MK01_HUMAN_Brenan_2016,MK01_HUMAN,Human,OrganismalFitness,ESM2_650M,10,0.19023967080252074,0.17594548794526738,0.014294182857253368,4.144307876672882,4.171434079011627,-0.0271262023387445
A4D664_9INFA_Soh_2019,A4D664_9INFA,Virus,OrganismalFitness,ESM2_650M,10,0.14971314724977877,0.13546838026201752,0.014244766987761254,16.856779800856593,16.955631819678583,-0.09885201882199013
OXDA_RHOTO_Vanella_2023_activity,OXDA_RHOTO,Eukaryote,Activity,ESM2_650M,10,0.36821177026210766,0.3543253004271987,0.01388646983490901,61.18548369142138,62.906616846347674,-1.7211331549262887
PPARG_HUMAN_Majithia_2016,PPARG_HUMAN,Human,Activity,ESM2_650M,10,0.5870588988662364,0.5736878668564622,0.013371032009774209,1.3598463794107718,1.3412492482555838,0.01859713115518822
SC6A4_HUMAN_Young_2021,SC6A4_HUMAN,Human,Activity,ESM2_650M,10,0.5458540750553178,0.5325501957372283,0.013303879318089518,3.6035271585319095,3.599426095894606,0.004101062637303432
PA_I34A1_Wu_2015,PA_I34A1,Virus,OrganismalFitness,ESM2_650M,10,0.055097355944180346,0.04181618460599647,0.013281171338183883,2.2193268322122335,2.24572573963118,-0.026398907418946193
LGK_LIPST_Klesmith_2015,LGK_LIPST,Eukaryote,Activity,ESM2_650M,10,0.5114995921330887,0.49933487540705623,0.012164716726032542,12.355907907891236,12.27341526622258,0.08249264166865533
UBC9_HUMAN_Weile_2017,UBC9_HUMAN,Human,OrganismalFitness,ESM2_650M,10,0.47115106335472284,0.4592260373172037,0.011925026037519099,10.268781584347824,9.950524511077578,0.31825707327024677
NPC1_HUMAN_Erwood_2022_HEK293T,NPC1_HUMAN,Human,Activity,ESM2_650M,10,0.6854376487822742,0.6735985710408088,0.011839077741465498,14.944702880454361,14.662994879859095,0.2817080005952638
HECD1_HUMAN_Tsuboyama_2023_3DKM,HECD1_HUMAN,Human,Stability,ESM2_650M,10,0.6365488534784298,0.624721759011856,0.011827094466573835,5.778115669620709,5.761731236641834,0.01638443297887484
ANCSZ_Hobbs_2022,ANCSZ,Eukaryote,Activity,ESM2_650M,10,0.6155451352082605,0.6041353872296372,0.011409747978623241,32.85096099463917,32.2886121424214,0.562348852217767
Q837P5_ENTFA_Meier_2023,Q837P5_ENTFA,Prokaryote,Activity,ESM2_650M,10,0.37598613271700965,0.3648129435662631,0.011173189150746572,4.052111140075492,4.155316158890821,-0.10320501881532981
NCAP_I34A1_Doud_2015,NCAP_I34A1,Virus,OrganismalFitness,ESM2_650M,10,0.025506687888003577,0.01477486404319021,0.010731823844813365,2.2831036532475957,2.310920163581249,-0.027816510333653222
IF1_ECOLI_Kelsic_2016,IF1_ECOLI,Prokaryote,OrganismalFitness,ESM2_650M,10,0.5948111395880541,0.5840952187730356,0.01071592081501847,32.39753009110484,34.30774294476844,-1.9102128536636052
PPM1D_HUMAN_Miller_2022,PPM1D_HUMAN,Human,OrganismalFitness,ESM2_650M,10,0.6071541194858504,0.5965332818992997,0.010620837586550802,21.35829294779234,21.50017199463179,-0.1418790468394487
PHOT_CHLRE_Chen_2023,PHOT_CHLRE,Eukaryote,Activity,ESM2_650M,10,0.6495789029403949,0.6396470304437578,0.009931872496637118,20.480150933330652,20.19165890832873,0.28849202500191956
CASP3_HUMAN_Roychowdhury_2020,CASP3_HUMAN,Human,Activity,ESM2_650M,10,0.6235264704770819,0.6136203987443691,0.00990607173271273,9.535265814447765,9.400229050206903,0.13503676424086333
SPG2_STRSG_Tsuboyama_2023_5UBS,SPG2_STRSG,Prokaryote,Stability,ESM2_650M,10,0.22795663499057955,0.21824503583486932,0.009711599155710201,2.142602348905288,2.273338373469287,-0.1307360245639992
HXK4_HUMAN_Gersing_2022_activity,HXK4_HUMAN,Human,OrganismalFitness,ESM2_650M,10,0.5247405499115169,0.5153218100791899,0.009418739832326994,8.31540003239058,8.30505907083589,0.01034096155468891
P53_HUMAN_Giacomelli_2018_Null_Etoposide,P53_HUMAN,Human,OrganismalFitness,ESM2_650M,10,0.4382452694154343,0.4291107032357949,0.009134566179639331,4.306949108360499,4.273094515228094,0.033854593132404444
TPMT_HUMAN_Matreyek_2018,TPMT_HUMAN,Human,Expression,ESM2_650M,10,0.5347103790800317,0.5260547724989165,0.008655606581115189,19.581290956882082,19.703926583180767,-0.12263562629868226
PR40A_HUMAN_Tsuboyama_2023_1UZC,PR40A_HUMAN,Human,Stability,ESM2_650M,10,0.5761423101588855,0.5675647691597671,0.008577540999118538,6.925048392991103,7.024428338289191,-0.09937994529808805
BBC1_YEAST_Tsuboyama_2023_1TG0,BBC1_YEAST,Eukaryote,Stability,ESM2_650M,10,0.5769131940040493,0.5687787486144873,0.008134445389562017,3.1361720687428454,3.134444815104314,0.0017272536385311455
HSP82_YEAST_Mishra_2016,HSP82_YEAST,Eukaryote,OrganismalFitness,ESM2_650M,10,0.45146867533868873,0.4433479616955328,0.008120713643155964,17.973322940453127,17.58515492178136,0.38816801867176454
HXK4_HUMAN_Gersing_2023_abundance,HXK4_HUMAN,Human,Expression,ESM2_650M,10,0.3581216872054092,0.350575374221373,0.00754631298403616,18.025620756571996,18.1871752644237,-0.16155450785170303
SR43C_ARATH_Tsuboyama_2023_2N88,SR43C_ARATH,Eukaryote,Stability,ESM2_650M,10,0.5938199587415646,0.5868418899826979,0.006978068758866629,2.3516632584028576,2.106530331797117,0.2451329266057404
YNZC_BACSU_Tsuboyama_2023_2JVD,YNZC_BACSU,Prokaryote,Stability,ESM2_650M,10,0.5671020880527922,0.5602151689395433,0.006886919113248996,6.334721228707418,6.477907179346102,-0.1431859506386826
SAV1_MOUSE_Tsuboyama_2023_2YSB,SAV1_MOUSE,Eukaryote,Stability,ESM2_650M,10,0.5767029244787939,0.5698645923384079,0.006838332140385939,4.830962784134186,4.770355909880882,0.06060687425330356
DYR_ECOLI_Nguyen_2023,DYR_ECOLI,Prokaryote,OrganismalFitness,ESM2_650M,10,0.5605490403926223,0.5551152641272669,0.0054337762653554,25.885872743216975,25.545539723370336,0.3403330198466403
R1AB_SARS2_Flynn_2022,R1AB_SARS2,Virus,OrganismalFitness,ESM2_650M,10,0.10607942306291707,0.10102198233602604,0.005057440726891032,5.426521717597658,5.358253406460099,0.06826831113756002
CASP7_HUMAN_Roychowdhury_2020,CASP7_HUMAN,Human,Activity,ESM2_650M,10,0.6233528942822977,0.618379567157311,0.004973327124986687,7.728267532000106,7.7596067703150196,-0.03133923831491421
PABP_YEAST_Melamed_2013,PABP_YEAST,Eukaryote,OrganismalFitness,ESM2_650M,10,0.644717756993112,0.6399736700248755,0.0047440869682364275,19.926882965292602,18.714117214771687,1.2127657505209162
POLG_CXB3N_Mattenberger_2021,POLG_CXB3N,Virus,OrganismalFitness,ESM2_650M,10,0.3977767069845773,0.3931131158122169,0.0046635911723603655,3.587422579099703,3.6057269921693385,-0.018304413069634817
RASH_HUMAN_Bandaru_2017,RASH_HUMAN,Human,Activity,ESM2_650M,10,0.5104045735399231,0.5057775399662858,0.004627033573637157,26.8449506591892,27.240652566960375,-0.3957019077711724
A0A140D2T1_ZIKV_Sourisseau_2019,A0A140D2T1_ZIKV,Virus,OrganismalFitness,ESM2_650M,10,0.21501079473494156,0.21059302673361474,0.0044177680013268395,11.226179127120176,11.183735229973118,0.04244389714705719
KCNJ2_MOUSE_Coyote-Maestas_2022_surface,KCNJ2_MOUSE,Eukaryote,Expression,ESM2_650M,10,0.3526433720055825,0.3486172367708173,0.004026135234765235,2.669128071189379,2.7526601085762907,-0.08353203738691159
Q2N0S5_9HIV1_Haddox_2018,Q2N0S5_9HIV1,Virus,OrganismalFitness,ESM2_650M,10,0.041566773870922176,0.03772978623632264,0.003836987634599534,1.4020908885946972,1.400188858870815,0.0019020297238824702
OTU7A_HUMAN_Tsuboyama_2023_2L2D,OTU7A_HUMAN,Human,Stability,ESM2_650M,10,0.3545978627671541,0.3523739978396353,0.0022238649275187483,6.91362639557082,6.477155150655911,0.43647124491490946
P53_HUMAN_Giacomelli_2018_Null_Nutlin,P53_HUMAN,Human,OrganismalFitness,ESM2_650M,10,0.40835934229450405,0.40641897511974534,0.0019403671747586504,4.352868385936512,4.307429609847189,0.04543877608932334
ACE2_HUMAN_Chan_2020,ACE2_HUMAN,Human,Binding,ESM2_650M,10,0.23760147561276193,0.23573597388020104,0.0018655017325609022,4.521768513661561,4.598856295315482,-0.07708778165392012
POLG_DEN26_Suphatrakul_2023,POLG_DEN26,Virus,OrganismalFitness,ESM2_650M,10,0.158111279913308,0.15782435689359747,0.00028692301971052907,1.6344796615947352,1.6157488523848602,0.018730809209875153
A0A192B1T2_9HIV1_Haddox_2018,A0A192B1T2_9HIV1,Virus,OrganismalFitness,ESM2_650M,10,0.07465616615804285,0.07477621724226342,-0.0001200510842205571,1.4457076532623288,1.42616891626458,0.019538736997748708
TADBP_HUMAN_Bolognesi_2019,TADBP_HUMAN,Human,OrganismalFitness,ESM2_650M,10,-0.12629160228476186,-0.12585894156602634,-0.00043266071873551275,38.34399123138519,38.94198215145878,-0.5979909200735924
NKX31_HUMAN_Tsuboyama_2023_2L9R,NKX31_HUMAN,Human,Stability,ESM2_650M,10,0.7065584045724542,0.7071966567235597,-0.0006382521511054673,8.38853820718755,7.789859473559211,0.598678733628338
EPHB2_HUMAN_Tsuboyama_2023_1F0M,EPHB2_HUMAN,Human,Stability,ESM2_650M,10,0.6650561498967005,0.6658730331130612,-0.0008168832163607198,3.3589473553634477,3.2976571586827106,0.061290196680736916
CAS9_STRP1_Spencer_2017_positive,CAS9_STRP1,Prokaryote,Activity,ESM2_650M,10,0.18023661991686107,0.1822485806097256,-0.0020119606928645033,7.22846109465147,7.2767382224653545,-0.04827712781388378
HMDH_HUMAN_Jiang_2019,HMDH_HUMAN,Human,OrganismalFitness,ESM2_650M,10,0.5072573167908617,0.5093372971150478,-0.0020799803241861705,22.36423835789696,22.35214872350526,0.012089634391698922
S22A1_HUMAN_Yee_2023_abundance,S22A1_HUMAN,Human,Expression,ESM2_650M,10,0.6305274603186273,0.6326506074502791,-0.002123147131651981,3.8741343251228435,3.8531464467986813,0.02098787832416158
POLG_PESV_Tsuboyama_2023_2MXD,POLG_PESV,Virus,Stability,ESM2_650M,10,0.09724349017816356,0.09946143503345932,-0.0022179448552957725,1.334426203853099,1.2616557216153153,0.07277048223778357
CCR5_HUMAN_Gill_2023,CCR5_HUMAN,Human,Binding,ESM2_650M,10,0.34333606439529685,0.34580388451142163,-0.0024678201161247803,10.302852592718596,10.000311771563169,0.3025408211554259
SERC_HUMAN_Xie_2023,SERC_HUMAN,Human,OrganismalFitness,ESM2_650M,10,0.5439009464751959,0.5476557887782232,-0.0037548423030272504,21.48527347939953,21.84728291795309,-0.3620094385535612
MTH3_HAEAE_RockahShmuel_2015,MTH3_HAEAE,Prokaryote,OrganismalFitness,ESM2_650M,10,0.5221612234757257,0.5264799353224833,-0.004318711846757561,14.046328789857654,14.156644145400923,-0.11031535554326943
PAI1_HUMAN_Huttinger_2021,PAI1_HUMAN,Human,Activity,ESM2_650M,10,0.4393741271797734,0.4438730000572397,-0.004498872877466276,4.312165604224,4.208312349096496,0.1038532551275038
CP2C9_HUMAN_Amorosi_2021_abundance,CP2C9_HUMAN,Human,Expression,ESM2_650M,10,0.634002069303158,0.6388989526691613,-0.004896883366003413,20.395627919452256,20.350213328613837,0.04541459083841772
S22A1_HUMAN_Yee_2023_activity,S22A1_HUMAN,Human,Activity,ESM2_650M,10,0.5769458875950075,0.5818566165671694,-0.004910728972161871,6.660184439383521,6.646935869114588,0.013248570268932003
YAIA_ECOLI_Tsuboyama_2023_2KVT,YAIA_ECOLI,Prokaryote,Stability,ESM2_650M,10,0.41808969224528997,0.42308444486421537,-0.004994752618925458,5.099168885035004,5.193866982409961,-0.09469809737495752
SPTN1_CHICK_Tsuboyama_2023_1TUD,SPTN1_CHICK,Eukaryote,Stability,ESM2_650M,10,0.5629534625260281,0.5681132026988027,-0.005159740172774624,1.9755114265113984,1.9817339796112208,-0.006222553099822337
MET_HUMAN_Estevam_2023,MET_HUMAN,Human,Activity,ESM2_650M,10,0.5806870285958066,0.5862095377389197,-0.005522509143113119,1.4145119305929532,1.395032811109606,0.01947911948334735
A0A2Z5U3Z0_9INFA_Doud_2016,A0A2Z5U3Z0_9INFA,Virus,OrganismalFitness,ESM2_650M,10,0.5070756705106565,0.5129465205510945,-0.005870850040438036,5.0180015451611375,5.0146855735870375,0.0033159715741001073
MSH2_HUMAN_Jia_2020,MSH2_HUMAN,Human,OrganismalFitness,ESM2_650M,10,0.33482291854636115,0.3411512269984168,-0.006328308452055681,6.027351696298249,6.040743208490313,-0.013391512192064869
TCRG1_MOUSE_Tsuboyama_2023_1E0L,TCRG1_MOUSE,Eukaryote,Stability,ESM2_650M,10,0.7168509984639015,0.7232628226645521,-0.006411824200650474,6.229933931097366,6.4019242144803385,-0.17199028338297237
FECA_ECOLI_Tsuboyama_2023_2D1U,FECA_ECOLI,Prokaryote,Stability,ESM2_650M,10,0.5226825933773631,0.5297504621418719,-0.0070678687645088336,4.89319645732347,4.998544368063992,-0.10534791074052156
TPK1_HUMAN_Weile_2017,TPK1_HUMAN,Human,OrganismalFitness,ESM2_650M,10,0.3314791216499987,0.3386965241430975,-0.007217402493098779,17.844182523019324,17.555443633648515,0.2887388893708113
Q8WTC7_9CNID_Somermeyer_2022,Q8WTC7_9CNID,Eukaryote,Activity,ESM2_650M,10,-0.031109358389629988,-0.02337987541566964,-0.007729482973960353,2.7004187739030305,2.7077353716900734,-0.0073165977870426335
ARGR_ECOLI_Tsuboyama_2023_1AOY,ARGR_ECOLI,Prokaryote,Stability,ESM2_650M,10,0.4796241644128713,0.48753376345235483,-0.007909599039483567,3.2181376169244422,3.067361718981352,0.15077589794309004
ENV_HV1BR_Haddox_2016,ENV_HV1BR,Virus,OrganismalFitness,ESM2_650M,10,0.03533066172564716,0.04377320763738428,-0.008442545911737112,32.81849692741621,32.4513475632933,0.36714936412291654
Q59976_STRSQ_Romero_2015,Q59976_STRSQ,Prokaryote,Activity,ESM2_650M,10,0.5725217952745688,0.5819278563090029,-0.009406061034434043,4.959056960330112,5.029080055302211,-0.07002309497209849
P53_HUMAN_Giacomelli_2018_WT_Nutlin,P53_HUMAN,Human,OrganismalFitness,ESM2_650M,10,0.4001964059237803,0.4105882147595314,-0.010391808835751044,4.088272246049962,4.040973544929446,0.04729870112051602
PIN1_HUMAN_Tsuboyama_2023_1I6C,PIN1_HUMAN,Human,Stability,ESM2_650M,10,0.6510875843913888,0.6615313209220486,-0.010443736530659881,5.155962258448264,5.74577493413824,-0.5898126756899759
A0A1I9GEU1_NEIME_Kennouche_2019,A0A1I9GEU1_NEIME,Prokaryote,Activity,ESM2_650M,10,0.03473461633069003,0.04562905916200177,-0.010894442831311742,2.84999765436796,2.713553195510299,0.13644445885766038
KKA2_KLEPN_Melnikov_2014,KKA2_KLEPN,Prokaryote,OrganismalFitness,ESM2_650M,10,0.600245575529742,0.6113892873997736,-0.011143711870031603,6.741249771014813,6.973751715263546,-0.23250194424873252
P53_HUMAN_Kotler_2018,P53_HUMAN,Human,OrganismalFitness,ESM2_650M,10,0.6709580068223121,0.6821708907435781,-0.011212883921266004,5.023187461296408,5.11479399559675,-0.09160653430034094
RBP1_HUMAN_Tsuboyama_2023_2KWH,RBP1_HUMAN,Human,Stability,ESM2_650M,10,0.5931473239573386,0.6052208901172988,-0.012073566159960292,3.4787664957359477,3.495424718267799,-0.016658222531851497
HSP82_YEAST_Flynn_2019,HSP82_YEAST,Eukaryote,OrganismalFitness,ESM2_650M,10,0.2821642557731932,0.29436333650639873,-0.012199080733205525,13.63228658939534,13.62325359293728,0.009032996458062747
RL40A_YEAST_Roscoe_2013,RL40A_YEAST,Eukaryote,OrganismalFitness,ESM2_650M,10,0.5954538342533666,0.6089206815548364,-0.013466847301469775,17.695906015539503,17.18267876905417,0.5132272464853331
MAFG_MOUSE_Tsuboyama_2023_1K1V,MAFG_MOUSE,Eukaryote,Stability,ESM2_650M,10,0.5065819629287122,0.5203533422237016,-0.0137713792949894,2.711686335092058,2.525000881469686,0.18668545362237193
NUSG_MYCTU_Tsuboyama_2023_2MI6,NUSG_MYCTU,Prokaryote,Stability,ESM2_650M,10,0.579118389155494,0.5932207236742298,-0.014102334518735877,3.2033929295590418,3.1236717535078258,0.07972117605121606
Q53Z42_HUMAN_McShan_2019_binding-TAPBPR,Q53Z42_HUMAN,Human,Binding,ESM2_650M,10,0.32347989078955425,0.3376760821881101,-0.014196191398555935,5.200738516864327,5.235783264770668,-0.03504474790634164
MBD11_ARATH_Tsuboyama_2023_6ACV,MBD11_ARATH,Eukaryote,Stability,ESM2_650M,10,0.5580841721996145,0.572285287556916,-0.014201115357301458,1.8674993500184975,1.883681142833288,-0.01618179281479044
GDIA_HUMAN_Silverstein_2021,GDIA_HUMAN,Human,OrganismalFitness,ESM2_650M,10,0.370488612137748,0.385626780077097,-0.015138167939349018,30.06983284862733,30.001000860737484,0.06883198788983869
RASK_HUMAN_Weng_2022_binding-DARPin_K55,RASK_HUMAN,Human,Binding,ESM2_650M,10,0.5594443270534126,0.5746239936649571,-0.015179666611544417,23.566026897140517,23.580412366998907,-0.014385469858390464
OXDA_RHOTO_Vanella_2023_expression,OXDA_RHOTO,Eukaryote,Expression,ESM2_650M,10,0.31284287229225677,0.32849108910260244,-0.0156482168103457,37.89297890237833,38.86464712447496,-0.9716682220966305
SCIN_STAAR_Tsuboyama_2023_2QFF,SCIN_STAAR,Prokaryote,Stability,ESM2_650M,10,0.34664328330498223,0.36316604584503354,-0.016522762540051302,1.6434656925073654,1.6779034215067241,-0.03443772899935853
RS15_GEOSE_Tsuboyama_2023_1A32,RS15_GEOSE,Prokaryote,Stability,ESM2_650M,10,0.41931665553250586,0.4359752444156708,-0.01665858888316494,9.087720191853142,9.256216464963375,-0.1684962731102317
SRC_HUMAN_Ahler_2019,SRC_HUMAN,Human,Activity,ESM2_650M,10,0.5474406186777792,0.5644109789302906,-0.016970360252511373,6.87559588086268,6.840438776028296,0.035157104834385056
Q837P4_ENTFA_Meier_2023,Q837P4_ENTFA,Prokaryote,Activity,ESM2_650M,10,0.5047748791847981,0.5219475588309291,-0.017172679646130996,3.8562055960197377,3.9504775668547913,-0.09427197083505404
SPG1_STRSG_Olson_2014,SPG1_STRSG,Prokaryote,Binding,ESM2_650M,10,0.2779705615297938,0.29532285590517376,-0.01735229437537994,3.5339172866335056,3.4075586093670984,0.12635867726640698
CD19_HUMAN_Klesmith_2019_FMC_singles,CD19_HUMAN,Human,Binding,ESM2_650M,10,0.0510107231957493,0.06842267619426348,-0.01741195299851418,1.2530903597545708,1.2385666663140886,0.014523693440482077
RCD1_ARATH_Tsuboyama_2023_5OAO,RCD1_ARATH,Eukaryote,Stability,ESM2_650M,10,0.48633569323312453,0.5041171919362186,-0.017781498703094072,7.695542988150001,7.898408448920142,-0.2028654607701422
A4GRB6_PSEAI_Chen_2020,A4GRB6_PSEAI,Prokaryote,OrganismalFitness,ESM2_650M,10,0.7352373626373626,0.7532597263360106,-0.018022363698647924,1.8766253197441904,1.8801718935923937,-0.0035465738482033603
SDA_BACSU_Tsuboyama_2023_1PV0,SDA_BACSU,Prokaryote,Stability,ESM2_650M,10,0.6258206478609047,0.6453054207857124,-0.01948477292480768,4.139101136994114,4.174448028514665,-0.035346891520550816
CCDB_ECOLI_Adkar_2012,CCDB_ECOLI,Prokaryote,Activity,ESM2_650M,10,0.45274263041428797,0.4722886635077407,-0.019546033093452646,1.3642803462211375,1.41370656420165,-0.04942621798051243
CAR11_HUMAN_Meitlis_2020_lof,CAR11_HUMAN,Human,OrganismalFitness,ESM2_650M,10,0.5021881578602564,0.5220092169835955,-0.01982105912333924,7.929814303110733,7.85873254926217,0.0710817538485629
CBS_HUMAN_Sun_2020,CBS_HUMAN,Human,OrganismalFitness,ESM2_650M,10,0.3277738930603745,0.34775853035747295,-0.019984637297098408,14.79011171147275,14.864694630154805,-0.07458291868205488
HEM3_HUMAN_Loggerenberg_2023,HEM3_HUMAN,Human,Activity,ESM2_650M,10,0.3771736722003358,0.3972022903786601,-0.02002861817832429,20.509031108417098,20.69834918345806,-0.18931807504096163
MTHR_HUMAN_Weile_2021,MTHR_HUMAN,Human,OrganismalFitness,ESM2_650M,10,0.35004371529710515,0.3702865640287713,-0.020242848731666162,32.377387749167255,32.26916815337368,0.1082195957935781
RNC_ECOLI_Weeks_2023,RNC_ECOLI,Prokaryote,Activity,ESM2_650M,10,0.5964671160009971,0.6169094387871911,-0.02044232278619392,11.823747975324403,11.957665432705182,-0.13391745738078029
Q53Z42_HUMAN_McShan_2019_expression,Q53Z42_HUMAN,Human,Expression,ESM2_650M,10,0.5546887447619048,0.5756657787097915,-0.020977033947886813,2.4090521902090427,2.441144433255397,-0.03209224304635412
SRC_HUMAN_Nguyen_2022,SRC_HUMAN,Human,OrganismalFitness,ESM2_650M,10,0.457494600503917,0.4786428819579632,-0.021148281454046153,11.83850710957436,11.894793462197203,-0.056286352622845114
RDRP_I33A0_Li_2023,RDRP_I33A0,Virus,OrganismalFitness,ESM2_650M,10,0.3185145905507728,0.34083105952077186,-0.022316468969999025,12.532186906372647,12.511884405918988,0.020302500453657578
OTC_HUMAN_Lo_2023,OTC_HUMAN,Human,Activity,ESM2_650M,10,0.5283165953006623,0.5510998696440648,-0.022783274343402417,14.04367568462546,14.329541764354513,-0.28586607972905326
DLG4_RAT_McLaughlin_2012,DLG4_RAT,Eukaryote,Binding,ESM2_650M,10,0.5221267381414737,0.5455031378716838,-0.02337639973021005,26.077715031216844,26.7393552290932,-0.6616401978763531
DN7A_SACS2_Tsuboyama_2023_1JIC,DN7A_SACS2,Prokaryote,Stability,ESM2_650M,10,0.3313956967345878,0.3548066825550982,-0.023410985820510377,2.039825046151311,1.9630885427523357,0.07673650339897539
PTEN_HUMAN_Matreyek_2021,PTEN_HUMAN,Human,Expression,ESM2_650M,10,0.4691086635787749,0.4928603081518492,-0.023751644573074306,29.707105919033275,28.92747792119348,0.779627997839792
AACC1_PSEAI_Dandage_2018,AACC1_PSEAI,Prokaryote,OrganismalFitness,ESM2_650M,10,0.47856302576738435,0.5025809012161796,-0.024017875448795207,3.16285673106019,3.248140750773582,-0.08528401971339275
CP2C9_HUMAN_Amorosi_2021_activity,CP2C9_HUMAN,Human,Binding,ESM2_650M,10,0.6736729510556312,0.6987168193214341,-0.02504386826580295,17.8055438387537,17.996245926316668,-0.1907020875629673
SOX30_HUMAN_Tsuboyama_2023_7JJK,SOX30_HUMAN,Human,Stability,ESM2_650M,10,0.31410619923840777,0.3395192363482333,-0.025413037109825544,4.93862725398181,5.0133167699459396,-0.0746895159641301
A0A247D711_LISMN_Stadelmann_2021,A0A247D711_LISMN,Prokaryote,Activity,ESM2_650M,10,0.049874716465323196,0.0773324369045947,-0.0274577204392715,1.5919401785507894,1.616978517227275,-0.02503833867648573
A0A2Z5U3Z0_9INFA_Wu_2014,A0A2Z5U3Z0_9INFA,Virus,OrganismalFitness,ESM2_650M,10,0.43973498848374837,0.46794529331860657,-0.02821030483485828,6.947833636326985,6.897379125340568,0.0504545109864166
SHOC2_HUMAN_Kwon_2022,SHOC2_HUMAN,Human,OrganismalFitness,ESM2_650M,10,0.42332698901473104,0.45234071629383205,-0.02901372727910092,13.086005200575897,13.16517826979459,-0.07917306921869223
FKBP3_HUMAN_Tsuboyama_2023_2KFV,FKBP3_HUMAN,Human,Stability,ESM2_650M,10,0.18792639540793446,0.2183825952153653,-0.03045619980743085,1.8316180311135883,1.8100349682427688,0.02158306287081977
TPOR_HUMAN_Bridgford_2020,TPOR_HUMAN,Human,OrganismalFitness,ESM2_650M,10,0.2663766717679154,0.29714017667882475,-0.03076350491090939,9.176437509828556,8.741526659670946,0.43491085015761033
TAT_HV1BR_Fernandes_2016,TAT_HV1BR,Virus,OrganismalFitness,ESM2_650M,10,0.013660123634966905,0.04650796499632145,-0.03284784136135453,5.5132010128770315,6.008642152924401,-0.49544114004737005
CAR11_HUMAN_Meitlis_2020_gof,CAR11_HUMAN,Human,OrganismalFitness,ESM2_650M,10,0.3157042195958997,0.3541469154800643,-0.038442695884164574,9.467392386122093,9.397481549276659,0.06991083684543398
RCRO_LAMBD_Tsuboyama_2023_1ORC,RCRO_LAMBD,Virus,Stability,ESM2_650M,10,0.5107279983122955,0.5504258877536585,-0.03969788944136295,2.6927427006951166,2.4221037012294033,0.2706389994657132
SPIKE_SARS2_Starr_2020_expression,SPIKE_SARS2,Virus,Expression,ESM2_650M,10,0.028250318312181576,0.06878542345842295,-0.04053510514624136,1.4701793573272721,1.447566499211916,0.022612858115356026
RL20_AQUAE_Tsuboyama_2023_1GYZ,RL20_AQUAE,Prokaryote,Stability,ESM2_650M,10,0.3822067003792668,0.424942162265599,-0.0427354618863322,9.552704118622593,9.422158807439356,0.13054531118323814
POLG_HCVJF_Qi_2014,POLG_HCVJF,Virus,OrganismalFitness,ESM2_650M,10,0.11412270540120224,0.15771415302307604,-0.043591447621873794,2.8153046272928592,2.935624580206305,-0.120319952913446
HSP82_YEAST_Cote-Hammarlof_2020_growth-H2O2,HSP82_YEAST,Eukaryote,OrganismalFitness,ESM2_650M,10,0.24965394501893523,0.2972587680005603,-0.04760482298162501,333.13410980184955,351.0864695121303,-17.95235971028082
CSN4_MOUSE_Tsuboyama_2023_1UFM,CSN4_MOUSE,Eukaryote,Stability,ESM2_650M,10,0.33923823650001206,0.3885619845298289,-0.049323748029816775,6.8144274052841896,6.735871411867018,0.07855599341717143
ILF3_HUMAN_Tsuboyama_2023_2L33,ILF3_HUMAN,Human,Stability,ESM2_650M,10,0.2904004552402843,0.3408291716939553,-0.050428716453671016,12.294944731013128,12.194881167515224,0.10006356349790693
REV_HV1H2_Fernandes_2016,REV_HV1H2,Virus,OrganismalFitness,ESM2_650M,10,0.21679992483640032,0.2674413347975283,-0.05064140996112798,38.44104037984798,37.61595040299344,0.8250899768545381
CAPSD_AAV2S_Sinai_2021,CAPSD_AAV2S,Virus,OrganismalFitness,ESM2_650M,10,0.18618605380199454,0.23801300095178313,-0.05182694714978855,1.0655622643949703,1.0544705907195866,0.011091673675383763
SPIKE_SARS2_Starr_2020_binding,SPIKE_SARS2,Virus,Binding,ESM2_650M,10,-0.011897742231972555,0.04014765928028761,-0.052045401512260156,1.2520245915461847,1.253778678845822,-0.001754087299637197
A4_HUMAN_Seuma_2022,A4_HUMAN,Human,Stability,ESM2_650M,10,0.4748230399624985,0.5277569625270812,-0.052933922564582646,2.8343706366060823,2.9656257062806244,-0.1312550696745423
CBPA2_HUMAN_Tsuboyama_2023_1O6X,CBPA2_HUMAN,Human,Stability,ESM2_650M,10,0.5063523734784858,0.5661228595094837,-0.05977048603099779,3.1648281567491674,3.1778865047165326,-0.013058347967365425
HCP_LAMBD_Tsuboyama_2023_2L6Q,HCP_LAMBD,Virus,Stability,ESM2_650M,10,0.6857835528316076,0.7482380821010592,-0.06245452926945152,4.911555890063406,4.871365118616374,0.040190771447032245
RAD_ANTMA_Tsuboyama_2023_2CJJ,RAD_ANTMA,Eukaryote,Stability,ESM2_650M,10,0.28301601624182265,0.35601506452049553,-0.07299904827867285,4.527306167636242,4.376032671066942,0.15127349656930025
CATR_CHLRE_Tsuboyama_2023_2AMI,CATR_CHLRE,Eukaryote,Stability,ESM2_650M,10,0.376476562095749,0.46755234584549055,-0.0910757837497415,8.133601261671746,8.000773380271355,0.1328278814003922
PSAE_PICP2_Tsuboyama_2023_1PSE,PSAE_PICP2,Prokaryote,Stability,ESM2_8M,10,0.24882875068667415,0.11909386928471173,0.12973488140196246,2.1670776491390393,2.2112615636408486,-0.04418391450180916
PITX2_HUMAN_Tsuboyama_2023_2L7M,PITX2_HUMAN,Human,Stability,ESM2_8M,10,0.4960025789813024,0.3731971353288157,0.12280544365248662,1.7425742212161446,1.8433795902701242,-0.10080536905397966
ARGR_ECOLI_Tsuboyama_2023_1AOY,ARGR_ECOLI,Prokaryote,Stability,ESM2_8M,10,0.3106586556048143,0.20821222054880556,0.10244643505600874,1.5594394798059323,1.601093812398895,-0.04165433259296283
DNJA1_HUMAN_Tsuboyama_2023_2LO1,DNJA1_HUMAN,Human,Stability,ESM2_8M,10,0.6092441834049953,0.522149232929765,0.08709495047523026,2.322558902304799,2.376558922688168,-0.05400002038336897
TNKS2_HUMAN_Tsuboyama_2023_5JRT,TNKS2_HUMAN,Human,Stability,ESM2_8M,10,0.21817659619901777,0.13481067337938155,0.0833659228196362,1.404426225149787,1.5194593357728947,-0.11503311062310781
HECD1_HUMAN_Tsuboyama_2023_3DKM,HECD1_HUMAN,Human,Stability,ESM2_8M,10,0.11475398367664205,0.03665897334920598,0.07809501032743607,1.426606202936257,1.5020968741681147,-0.07549067123185774
SUMO1_HUMAN_Weile_2017,SUMO1_HUMAN,Human,OrganismalFitness,ESM2_8M,10,0.23947430849951382,0.16894669040533034,0.07052761809418351,5.012428703533896,4.653548652325568,0.3588800512083283
RPC1_BP434_Tsuboyama_2023_1R69,RPC1_BP434,Virus,Stability,ESM2_8M,10,0.6579051833122631,0.587579241688251,0.07032594162401205,1.9951306840077059,1.895448099205692,0.09968258480201404
OBSCN_HUMAN_Tsuboyama_2023_1V1C,OBSCN_HUMAN,Human,Stability,ESM2_8M,10,0.19559178471250005,0.12981836027778226,0.06577342443471777,1.3669563670891747,1.3605513143130528,0.006405052776122089
CALM1_HUMAN_Weile_2017,CALM1_HUMAN,Human,OrganismalFitness,ESM2_8M,10,0.19870318785279992,0.13427823664482536,0.06442495120797456,13.00942559861819,12.748209981991932,0.2612156166262579
GRB2_HUMAN_Faure_2021,GRB2_HUMAN,Human,OrganismalFitness,ESM2_8M,10,0.6157411165589722,0.5549852850197279,0.060755831539244395,5.624118324784077,4.781999472219659,0.8421188525644181
Q6WV12_9MAXI_Somermeyer_2022,Q6WV12_9MAXI,Eukaryote,Activity,ESM2_8M,10,0.05256262928062515,-0.006166740379686115,0.05872936966031127,3.4002716741692423,3.3563622507895268,0.04390942337971517
VG08_BPP22_Tsuboyama_2023_2GP8,VG08_BPP22,Virus,Stability,ESM2_8M,10,0.3513186899700834,0.2950561199731084,0.05626256999697504,3.0598113380206278,2.959604201494578,0.10020713652604978
RASK_HUMAN_Weng_2022_abundance,RASK_HUMAN,Human,Expression,ESM2_8M,10,0.29550071793951943,0.23966076958930463,0.055839948350214795,10.266556573546614,10.346729300306963,-0.08017272676034945
CAR11_HUMAN_Meitlis_2020_lof,CAR11_HUMAN,Human,OrganismalFitness,ESM2_8M,10,0.07917534350678279,0.02389974400090491,0.05527559950587788,1.787031084068778,1.8534098804115047,-0.06637879634272684
DOCK1_MOUSE_Tsuboyama_2023_2M0Y,DOCK1_MOUSE,Eukaryote,Stability,ESM2_8M,10,0.3388694027541519,0.28432703402643544,0.054542368727716437,1.8529709822539182,1.961088737895513,-0.10811775564159473
NPC1_HUMAN_Erwood_2022_HEK293T,NPC1_HUMAN,Human,Activity,ESM2_8M,10,0.22998935634499174,0.17547999364198752,0.054509362703004216,3.9544871708153715,3.876984361092839,0.07750280972253192
TRPC_THEMA_Chan_2017,TRPC_THEMA,Prokaryote,OrganismalFitness,ESM2_8M,10,0.34447839496990496,0.2941449390240102,0.050333455945894764,4.475054386741711,4.550723710666086,-0.07566932392437406
RCD1_ARATH_Tsuboyama_2023_5OAO,RCD1_ARATH,Eukaryote,Stability,ESM2_8M,10,0.2171856049977622,0.16711893613205508,0.05006666886570714,1.863804815478641,1.8530074968819044,0.010797318596736782
GFP_AEQVI_Sarkisyan_2016,GFP_AEQVI,Eukaryote,Activity,ESM2_8M,10,0.043269587602230396,-0.005917957630213419,0.04918754523244382,6.07053089634913,6.0763026858001785,-0.005771789451048637
SQSTM_MOUSE_Tsuboyama_2023_2RRU,SQSTM_MOUSE,Eukaryote,Stability,ESM2_8M,10,0.19823592649484173,0.14987255134618913,0.048363375148652576,1.4831495433363824,1.4384056848636666,0.04474385847271574
THO1_YEAST_Tsuboyama_2023_2WQG,THO1_YEAST,Eukaryote,Stability,ESM2_8M,10,0.14836501385316167,0.10142371839602793,0.04694129545713376,1.6370290087650485,1.652277211224772,-0.01524820245972327
NUSG_MYCTU_Tsuboyama_2023_2MI6,NUSG_MYCTU,Prokaryote,Stability,ESM2_8M,10,0.3906948145111703,0.3446159960940169,0.04607881841715344,1.1713242409626592,1.15170568880603,0.019618552156629398
REV_HV1H2_Fernandes_2016,REV_HV1H2,Virus,OrganismalFitness,ESM2_8M,10,0.04643649449347394,0.0007545412138743157,0.04568195327959962,5.658641445152499,5.396032027525158,0.26260941762734114
SDA_BACSU_Tsuboyama_2023_1PV0,SDA_BACSU,Prokaryote,Stability,ESM2_8M,10,0.21114895853731436,0.16822785356854933,0.042921104968765035,1.3747066614599472,1.3128508170588102,0.061855844401137096
IF1_ECOLI_Kelsic_2016,IF1_ECOLI,Prokaryote,OrganismalFitness,ESM2_8M,10,0.19738501133787267,0.155395255952954,0.04198975538491868,9.955200595236471,9.802688991175765,0.15251160406070632
RBP1_HUMAN_Tsuboyama_2023_2KWH,RBP1_HUMAN,Human,Stability,ESM2_8M,10,0.34738966482707273,0.30862282316304646,0.03876684166402631,2.140257165451846,2.005737037497709,0.13452012795413718
SYUA_HUMAN_Newberry_2020,SYUA_HUMAN,Human,OrganismalFitness,ESM2_8M,10,0.09522185928743714,0.057373129525912524,0.03784872976152461,23.887120706925085,23.470999818219536,0.41612088870555086
P53_HUMAN_Kotler_2018,P53_HUMAN,Human,OrganismalFitness,ESM2_8M,10,0.13499340768984072,0.09756932083591427,0.03742408685392644,1.678163009820452,1.7327278776766106,-0.05456486785615851
CBX4_HUMAN_Tsuboyama_2023_2K28,CBX4_HUMAN,Human,Stability,ESM2_8M,10,0.02981005952495617,-0.007304498130939088,0.03711455765589526,1.4010903851395882,1.3408999433482833,0.06019044179130477
TRPC_SACS2_Chan_2017,TRPC_SACS2,Prokaryote,OrganismalFitness,ESM2_8M,10,0.33568378294018586,0.2990059208172528,0.03667786212293302,4.94125282032347,4.9510835390913295,-0.009830718767859103
NUD15_HUMAN_Suiter_2020,NUD15_HUMAN,Human,Expression,ESM2_8M,10,0.31196437900364915,0.27536259420930004,0.03660178479434911,7.417469162330984,7.332786657623359,0.0846825047076245
RCRO_LAMBD_Tsuboyama_2023_1ORC,RCRO_LAMBD,Virus,Stability,ESM2_8M,10,0.1672096621075208,0.13082271171298426,0.03638695039453656,1.3926409994407005,1.3433795338362793,0.04926146560442126
DLG4_HUMAN_Faure_2021,DLG4_HUMAN,Human,OrganismalFitness,ESM2_8M,10,0.6945658076902437,0.6602773302303027,0.03428847745994103,9.783622037071458,9.508554304475034,0.27506773259642464
PR40A_HUMAN_Tsuboyama_2023_1UZC,PR40A_HUMAN,Human,Stability,ESM2_8M,10,0.1479957157439768,0.11395117900566962,0.03404453673830719,1.7212956303618445,1.7093404755138242,0.011955154848020256
RFAH_ECOLI_Tsuboyama_2023_2LCL,RFAH_ECOLI,Prokaryote,Stability,ESM2_8M,10,0.011915865769826561,-0.021022004988899216,0.032937870758725785,1.8704861163315538,1.816434560766163,0.05405155556539072
ADRB2_HUMAN_Jones_2020,ADRB2_HUMAN,Human,Activity,ESM2_8M,10,0.42063540175555747,0.38825270706659015,0.03238269468896733,6.28325325687951,6.192352203152932,0.09090105372657824
ISDH_STAAW_Tsuboyama_2023_2LHR,ISDH_STAAW,Prokaryote,Stability,ESM2_8M,10,0.23408932883275807,0.20203732160017046,0.03205200723258763,1.8759304285884923,1.8761770407833638,-0.0002466121948713873
P84126_THETH_Chan_2017,P84126_THETH,Prokaryote,OrganismalFitness,ESM2_8M,10,0.2914558448733646,0.2605031656135639,0.03095267925980071,5.448591660583281,5.513518888562365,-0.06492722797908365
A0A2Z5U3Z0_9INFA_Doud_2016,A0A2Z5U3Z0_9INFA,Virus,OrganismalFitness,ESM2_8M,10,-0.0005384086486424307,-0.028599593259185575,0.028061184610543143,1.815532327648242,1.8540016119438079,-0.03846928429556569
CAR11_HUMAN_Meitlis_2020_gof,CAR11_HUMAN,Human,OrganismalFitness,ESM2_8M,10,0.06881601621328079,0.04078586531173099,0.02803015090154979,1.9392213133929377,1.981451056939541,-0.04222974354660303
PTEN_HUMAN_Mighell_2018,PTEN_HUMAN,Human,Activity,ESM2_8M,10,0.21661330554035185,0.18960602117952244,0.027007284360829404,1.280869717669837,1.2499299482372837,0.03093976943255321
ANCSZ_Hobbs_2022,ANCSZ,Eukaryote,Activity,ESM2_8M,10,0.5458581404554617,0.5191562283464422,0.026701912109019656,21.450656320451042,21.09568962188729,0.3549666985637533
AMFR_HUMAN_Tsuboyama_2023_4G3O,AMFR_HUMAN,Human,Stability,ESM2_8M,10,0.12643287581788254,0.10040738892122866,0.02602548689665387,1.3279944591593396,1.384008676798941,-0.05601421763960148
P53_HUMAN_Giacomelli_2018_Null_Nutlin,P53_HUMAN,Human,OrganismalFitness,ESM2_8M,10,-0.15793385046726904,-0.18393301145701635,0.025999160989747305,1.8564153091588271,1.8970679850744538,-0.04065267591562669
GAL4_YEAST_Kitzman_2015,GAL4_YEAST,Eukaryote,OrganismalFitness,ESM2_8M,10,0.3206032304474511,0.2974323046349968,0.023170925812454262,1.0803281300542018,1.041153053133735,0.03917507692046681
CUE1_YEAST_Tsuboyama_2023_2MYX,CUE1_YEAST,Eukaryote,Stability,ESM2_8M,10,0.1688261228988702,0.14591664254656972,0.022909480352300463,1.4399448332188152,1.4685023012834961,-0.028557468064680826
MYO3_YEAST_Tsuboyama_2023_2BTT,MYO3_YEAST,Eukaryote,Stability,ESM2_8M,10,0.19752137761506736,0.17461643217454823,0.022904945440519135,1.7674765361114968,1.86297978951442,-0.09550325340292316
TPK1_HUMAN_Weile_2017,TPK1_HUMAN,Human,OrganismalFitness,ESM2_8M,10,0.11817179254055424,0.0953723901962438,0.022799402344310427,2.6417767085850064,2.596450575219972,0.04532613336503437
KCNE1_HUMAN_Muhammad_2023_function,KCNE1_HUMAN,Human,Activity,ESM2_8M,10,0.20809446753440194,0.18580551487021266,0.022288952664189298,3.688034088261337,3.5763515884287664,0.1116824998325701
VRPI_BPT7_Tsuboyama_2023_2WNM,VRPI_BPT7,Virus,Stability,ESM2_8M,10,0.23940367938372428,0.21778682126438817,0.02161685811933608,1.7402028124308253,1.7161762103894809,0.024026602041344568
MBD11_ARATH_Tsuboyama_2023_6ACV,MBD11_ARATH,Eukaryote,Stability,ESM2_8M,10,-0.027474639303724763,-0.04837479732531706,0.0209001580215923,1.3803031396009569,1.4205632233963004,-0.040260083795343404
ACE2_HUMAN_Chan_2020,ACE2_HUMAN,Human,Binding,ESM2_8M,10,-0.034706695409068566,-0.05482910288107503,0.020122407472006464,1.7348252205472243,1.8607675901879996,-0.12594236964077535
NUSA_ECOLI_Tsuboyama_2023_1WCL,NUSA_ECOLI,Prokaryote,Stability,ESM2_8M,10,0.2754519150026473,0.25591917607574544,0.019532738926901876,1.3430733266960981,1.3650821759797924,-0.022008849283694308
P53_HUMAN_Giacomelli_2018_WT_Nutlin,P53_HUMAN,Human,OrganismalFitness,ESM2_8M,10,-0.19080317888615442,-0.2099762555150808,0.019173076628926415,1.816453418191457,1.8621269724546319,-0.04567355426317508
BCHB_CHLTE_Tsuboyama_2023_2KRU,BCHB_CHLTE,Prokaryote,Stability,ESM2_8M,10,0.09041406318987924,0.07255252975050304,0.017861533439376208,1.3842684995611731,1.3584078332410374,0.025860666320135683
PIN1_HUMAN_Tsuboyama_2023_1I6C,PIN1_HUMAN,Human,Stability,ESM2_8M,10,0.6160118176483883,0.6003768137850198,0.01563500386336849,2.6451485582573726,2.8974822441957766,-0.25233368593840366
C6KNH7_9INFA_Lee_2018,C6KNH7_9INFA,Virus,OrganismalFitness,ESM2_8M,10,-0.0068278518377403365,-0.022173517824373358,0.01534566598663302,1.8679211177774413,1.9236045669694213,-0.055683449191980296
MK01_HUMAN_Brenan_2016,MK01_HUMAN,Human,OrganismalFitness,ESM2_8M,10,0.1865291257322542,0.17174993329070368,0.014779192441550537,5.733430306341507,5.717977679950538,0.015452626390969471
SRC_HUMAN_Chakraborty_2023_binding-DAS_25uM,SRC_HUMAN,Human,Activity,ESM2_8M,10,0.3616719947455084,0.34753609702630156,0.014135897719206855,6.2506666780021565,6.191555203712321,0.0591114742898351
MLAC_ECOLI_MacRae_2023,MLAC_ECOLI,Prokaryote,OrganismalFitness,ESM2_8M,10,-0.013909270926954518,-0.026817913576960027,0.01290864265000551,5.880798926952588,5.584191753155571,0.2966071737970159
KCNJ2_MOUSE_Coyote-Maestas_2022_surface,KCNJ2_MOUSE,Eukaryote,Expression,ESM2_8M,10,0.1691636529009053,0.1563818509652714,0.012781801935633899,1.042748095377675,1.0427497290657517,-1.6336880764855621e-06
FECA_ECOLI_Tsuboyama_2023_2D1U,FECA_ECOLI,Prokaryote,Stability,ESM2_8M,10,0.15022531173975356,0.13836667107080208,0.011858640668951509,1.5855342684920495,1.6107266403296845,-0.025192371837634807
SERC_HUMAN_Xie_2023,SERC_HUMAN,Human,OrganismalFitness,ESM2_8M,10,0.17396825830793,0.16215926520985224,0.01180899309807774,6.771556120417868,6.6219493721239875,0.14960674829388126
CBPA2_HUMAN_Tsuboyama_2023_1O6X,CBPA2_HUMAN,Human,Stability,ESM2_8M,10,0.26017485336456464,0.2485984431519917,0.011576410212572958,1.2274446792247793,1.204691893715301,0.022752785509478214
PRKN_HUMAN_Clausen_2023,PRKN_HUMAN,Human,Expression,ESM2_8M,10,0.23047132559976835,0.2193031032319083,0.011168222367860048,5.097486360744087,5.026629493313687,0.07085686743040061
SAV1_MOUSE_Tsuboyama_2023_2YSB,SAV1_MOUSE,Eukaryote,Stability,ESM2_8M,10,0.38347263966413814,0.37230589687729704,0.0111667427868411,1.5025510787418228,1.4668032687769086,0.035747809964914244
Q53Z42_HUMAN_McShan_2019_expression,Q53Z42_HUMAN,Human,Expression,ESM2_8M,10,0.08303463909317331,0.07208080331343092,0.01095383577974239,1.1452967612445288,1.1592699369648762,-0.01397317572034753
ENVZ_ECOLI_Ghose_2023,ENVZ_ECOLI,Prokaryote,Activity,ESM2_8M,10,0.18169395423087592,0.17088019063920185,0.010813763591674097,4.8759351143496685,4.777905459335117,0.09802965501455149
VKOR1_HUMAN_Chiasson_2020_abundance,VKOR1_HUMAN,Human,Expression,ESM2_8M,10,0.28225743513582063,0.2719768254561385,0.010280609679682126,4.762018624319199,4.706575009831771,0.05544361448742911
Q59976_STRSQ_Romero_2015,Q59976_STRSQ,Prokaryote,Activity,ESM2_8M,10,0.14396289405595758,0.13373891285272718,0.010223981203230393,1.9973171342993852,2.015597578151618,-0.018280443852233354
UBE4B_HUMAN_Tsuboyama_2023_3L1X,UBE4B_HUMAN,Human,Stability,ESM2_8M,10,0.35788703822336115,0.3478758701877883,0.01001116803557281,1.8871816282462213,1.9276151457092816,-0.04043351746306027
RL40A_YEAST_Roscoe_2013,RL40A_YEAST,Eukaryote,OrganismalFitness,ESM2_8M,10,0.10937801061847333,0.09950786000798666,0.009870150610486664,4.689662384261312,4.5898175798843175,0.09984480437699368
P53_HUMAN_Giacomelli_2018_Null_Etoposide,P53_HUMAN,Human,OrganismalFitness,ESM2_8M,10,-0.1571239334846909,-0.16699127441927428,0.009867340934583399,1.8800463371758547,1.9101384506979737,-0.0300921135221194
SC6A4_HUMAN_Young_2021,SC6A4_HUMAN,Human,Activity,ESM2_8M,10,0.16336443127205594,0.15356790441009754,0.009796526861958392,1.2721821188862403,1.2908467552197591,-0.018664636333518825
HMDH_HUMAN_Jiang_2019,HMDH_HUMAN,Human,OrganismalFitness,ESM2_8M,10,0.043911626927468875,0.034348111883767886,0.009563515043700985,5.373233606271807,5.381482479493047,-0.008248873221240505
SRBS1_HUMAN_Tsuboyama_2023_2O2W,SRBS1_HUMAN,Human,Stability,ESM2_8M,10,0.30010010688103084,0.29070545131805525,0.009394655562975562,1.462318327190093,1.4002830026671176,0.062035324522975534
SPA_STAAU_Tsuboyama_2023_1LP1,SPA_STAAU,Prokaryote,Stability,ESM2_8M,10,0.17978117457328094,0.17127812324289268,0.008503051330388253,1.9054203723851564,1.8590062134771153,0.046414158908041195
RDRP_I33A0_Li_2023,RDRP_I33A0,Virus,OrganismalFitness,ESM2_8M,10,0.03186747519268236,0.024195522617678086,0.007671952575004272,2.330336153504183,2.347540028839524,-0.01720387533534118
CAS9_STRP1_Spencer_2017_positive,CAS9_STRP1,Prokaryote,Activity,ESM2_8M,10,0.06667245224909292,0.05924857150576923,0.007423880743323674,2.133710054864363,2.1128853467022894,0.02082470816207378
PA_I34A1_Wu_2015,PA_I34A1,Virus,OrganismalFitness,ESM2_8M,10,0.03489245499208139,0.028736411805146283,0.006156043186935107,2.1868576866726697,2.2010550795725714,-0.014197392899901717
I6TAH8_I68A0_Doud_2015,I6TAH8_I68A0,Virus,OrganismalFitness,ESM2_8M,10,0.01962825321384946,0.01410636640923357,0.005521886804615894,2.097147336560769,2.098236984723145,-0.001089648162375756
UBE4B_MOUSE_Starita_2013,UBE4B_MOUSE,Eukaryote,Activity,ESM2_8M,10,0.4112821282744935,0.4058894306921923,0.005392697582301214,1.4872782122084978,1.3614343258763408,0.1258438863321569
KCNJ2_MOUSE_Coyote-Maestas_2022_function,KCNJ2_MOUSE,Eukaryote,Activity,ESM2_8M,10,0.05066837223412722,0.045366083465418545,0.005302288768708676,2.3383034903673123,2.350567042987587,-0.012263552620274832
A4GRB6_PSEAI_Chen_2020,A4GRB6_PSEAI,Prokaryote,OrganismalFitness,ESM2_8M,10,0.4237881579498346,0.41895035779130485,0.00483780015852972,1.0849375496947855,1.0879421426880893,-0.0030045929933037786
MSH2_HUMAN_Jia_2020,MSH2_HUMAN,Human,OrganismalFitness,ESM2_8M,10,0.2127164216930487,0.2079078021635584,0.004808619529490304,2.404839929326926,2.4110771763487153,-0.006237247021789472
BBC1_YEAST_Tsuboyama_2023_1TG0,BBC1_YEAST,Eukaryote,Stability,ESM2_8M,10,0.30618420496342963,0.301455498571193,0.004728706392236598,1.3250743651292862,1.314555804667064,0.01051856046222215
CP2C9_HUMAN_Amorosi_2021_abundance,CP2C9_HUMAN,Human,Expression,ESM2_8M,10,0.5337005828114447,0.5293869400388432,0.004313642772601506,11.18999354088379,11.36114774731966,-0.1711542064358685
S22A1_HUMAN_Yee_2023_activity,S22A1_HUMAN,Human,Activity,ESM2_8M,10,0.4495634107152992,0.44554154963660314,0.004021861078696132,3.318294966189169,3.325951577855709,-0.007656611666539392
NCAP_I34A1_Doud_2015,NCAP_I34A1,Virus,OrganismalFitness,ESM2_8M,10,0.0213425855013739,0.017492027472642103,0.0038505580287317986,2.300326413467853,2.3070509993850123,-0.006724585917159587
POLG_HCVJF_Qi_2014,POLG_HCVJF,Virus,OrganismalFitness,ESM2_8M,10,0.1105745493089351,0.1072015830392582,0.0033729662696768818,2.535857380085776,2.6617892427181795,-0.12593186263240308
A0A2Z5U3Z0_9INFA_Wu_2014,A0A2Z5U3Z0_9INFA,Virus,OrganismalFitness,ESM2_8M,10,0.0516941116053253,0.04889933965592433,0.002794771949400969,1.4772516742236612,1.5219943498114454,-0.04474267558778415
PKN1_HUMAN_Tsuboyama_2023_1URF,PKN1_HUMAN,Human,Stability,ESM2_8M,10,0.3005305039787799,0.298383836114264,0.0021466678645158917,2.0893986157066857,2.0537085378839324,0.03569007782275317
RNC_ECOLI_Weeks_2023,RNC_ECOLI,Prokaryote,Activity,ESM2_8M,10,0.043902150877690414,0.042176846698182516,0.0017253041795079042,2.8002162818478618,2.7559944537206387,0.04422182812722286
CBS_HUMAN_Sun_2020,CBS_HUMAN,Human,OrganismalFitness,ESM2_8M,10,0.08264698263849382,0.0809359189036369,0.0017110637348569345,5.109832565591853,5.101446569376913,0.008385996214940405
SCIN_STAAR_Tsuboyama_2023_2QFF,SCIN_STAAR,Prokaryote,Stability,ESM2_8M,10,0.21321285382388214,0.21177598810068715,0.0014368657231949758,1.6817825584481951,1.6381757297568984,0.04360682869129677
Q2N0S5_9HIV1_Haddox_2018,Q2N0S5_9HIV1,Virus,OrganismalFitness,ESM2_8M,10,-0.004434677356285143,-0.005239787999161973,0.0008051106428768308,1.4237824534195709,1.412681817956885,0.011100635462685937
HSP82_YEAST_Cote-Hammarlof_2020_growth-H2O2,HSP82_YEAST,Eukaryote,OrganismalFitness,ESM2_8M,10,-0.08218293009961472,-0.08284465070690301,0.0006617206072882783,82.81145819256048,83.9592349610609,-1.147776768500411
BLAT_ECOLX_Deng_2012,BLAT_ECOLX,Prokaryote,OrganismalFitness,ESM2_8M,10,0.23215438465200294,0.23153594316883264,0.0006184414831702734,1.7157983518983815,1.7515381814364788,-0.035739829538096936
BLAT_ECOLX_Jacquier_2013,BLAT_ECOLX,Prokaryote,OrganismalFitness,ESM2_8M,10,0.3836661976972874,0.38331589601831606,0.00035030167897129316,1.0963988147814692,1.069934130891388,0.02646468389008132
Q837P4_ENTFA_Meier_2023,Q837P4_ENTFA,Prokaryote,Activity,ESM2_8M,10,0.43321729242745627,0.4331039321221072,0.000113360305349125,2.199085296893716,2.0855790472797597,0.11350624961395624
A0A192B1T2_9HIV1_Haddox_2018,A0A192B1T2_9HIV1,Virus,OrganismalFitness,ESM2_8M,10,-0.01014309431982034,-0.010216393093271828,7.329877345148977e-05,1.5020046155386686,1.4772521836779302,0.024752431860738455
UBR5_HUMAN_Tsuboyama_2023_1I2T,UBR5_HUMAN,Human,Stability,ESM2_8M,10,0.13541341528899656,0.13598786743884395,-0.0005744521498473931,1.6209412906012868,1.6691921572005586,-0.04825086659927162
MET_HUMAN_Estevam_2023,MET_HUMAN,Human,Activity,ESM2_8M,10,0.436946457742883,0.43757126005454616,-0.0006248023116631584,1.0028380685509282,0.9825099378310311,0.020328130719897065
CD19_HUMAN_Klesmith_2019_FMC_singles,CD19_HUMAN,Human,Binding,ESM2_8M,10,0.08797363429530228,0.08972639798826633,-0.0017527636929640608,1.129016274149222,1.0977310897212613,0.031285184427960876
S22A1_HUMAN_Yee_2023_abundance,S22A1_HUMAN,Human,Expression,ESM2_8M,10,0.4870682980161454,0.4894494926513563,-0.002381194635210909,1.863946351681438,1.8347009599376047,0.029245391743833227
SPTN1_CHICK_Tsuboyama_2023_1TUD,SPTN1_CHICK,Eukaryote,Stability,ESM2_8M,10,0.09903003283044418,0.10141370304342501,-0.002383670212980832,1.3488797222018314,1.2900284680507517,0.058851254151079904
SRC_HUMAN_Nguyen_2022,SRC_HUMAN,Human,OrganismalFitness,ESM2_8M,10,0.32530913590915966,0.3286222800496763,-0.003313144140516594,6.669512970360971,6.761159173137479,-0.0916462027765073
SRC_HUMAN_Ahler_2019,SRC_HUMAN,Human,Activity,ESM2_8M,10,0.43557954414653804,0.4396415736306937,-0.004062029484155733,3.851315976348009,3.8569696246339915,-0.0056536482859824485
LGK_LIPST_Klesmith_2015,LGK_LIPST,Eukaryote,Activity,ESM2_8M,10,0.18003122582932202,0.18504488772647412,-0.00501366189715211,3.9997020550944455,3.996073951056238,0.003628104038207303
PAI1_HUMAN_Huttinger_2021,PAI1_HUMAN,Human,Activity,ESM2_8M,10,0.07134206741437563,0.07705907000489401,-0.0057170025905183865,1.262714296340731,1.2427134525811667,0.020000843759564034
TPMT_HUMAN_Matreyek_2018,TPMT_HUMAN,Human,Expression,ESM2_8M,10,0.3012791976001866,0.3070257691835153,-0.00574657158332873,6.669978619886886,6.495660944396553,0.1743176754903332
UBC9_HUMAN_Weile_2017,UBC9_HUMAN,Human,OrganismalFitness,ESM2_8M,10,-0.0002858645783557475,0.005564099413243979,-0.005849963991599729,2.7777502146254904,2.817557350624893,-0.039807135999402686
NKX31_HUMAN_Tsuboyama_2023_2L9R,NKX31_HUMAN,Human,Stability,ESM2_8M,10,0.608400553310369,0.6145066551301704,-0.00610610181980144,3.643385670717767,3.4118714927767444,0.2315141779410225
RL40A_YEAST_Mavor_2016,RL40A_YEAST,Eukaryote,OrganismalFitness,ESM2_8M,10,0.09281712740696116,0.09902768826197146,-0.006210560855010307,9.308365810661325,9.047962734064477,0.2604030765968474
CASP7_HUMAN_Roychowdhury_2020,CASP7_HUMAN,Human,Activity,ESM2_8M,10,0.3146720087565564,0.3212985341453293,-0.0066265253887728805,2.3691224596323153,2.3385350387512127,0.030587420881102556
D7PM05_CLYGR_Somermeyer_2022,D7PM05_CLYGR,Eukaryote,Activity,ESM2_8M,10,0.028179220637553237,0.034980897105121256,-0.006801676467568016,2.1805671563371734,2.188696628638793,-0.0081294723016196
TADBP_HUMAN_Bolognesi_2019,TADBP_HUMAN,Human,OrganismalFitness,ESM2_8M,10,0.10999331585617804,0.1171658748524993,-0.0071725589963212485,29.978332994896657,30.511700723137672,-0.5333677282410101
PHOT_CHLRE_Chen_2023,PHOT_CHLRE,Eukaryote,Activity,ESM2_8M,10,0.5049630613871912,0.5125363535249028,-0.007573292137711634,13.68373431621406,13.501463838372635,0.1822704778414245
CCR5_HUMAN_Gill_2023,CCR5_HUMAN,Human,Binding,ESM2_8M,10,0.3247316229984226,0.33263091841817666,-0.007899295419754,6.235469021549213,6.0156532163773075,0.2198158051719056
FKBP3_HUMAN_Tsuboyama_2023_2KFV,FKBP3_HUMAN,Human,Stability,ESM2_8M,10,0.17262462413320515,0.18088159035873277,-0.008256966225527643,1.3919982990745545,1.4490400623802682,-0.057041763305713755
HSP82_YEAST_Flynn_2019,HSP82_YEAST,Eukaryote,OrganismalFitness,ESM2_8M,10,0.02176585601846293,0.030041948244745664,-0.008276092226282733,6.4854008466500375,6.40005748967945,0.08534335697058718
HSP82_YEAST_Mishra_2016,HSP82_YEAST,Eukaryote,OrganismalFitness,ESM2_8M,10,0.1741761667616134,0.18274476570680784,-0.008568598945194433,8.609232629084193,8.610755898530188,-0.0015232694459959006
ODP2_GEOSE_Tsuboyama_2023_1W4G,ODP2_GEOSE,Prokaryote,Stability,ESM2_8M,10,0.16069726555193956,0.16984817849736078,-0.00915091294542122,1.9389696588425243,1.8981498037539826,0.0408198550885418
A4D664_9INFA_Soh_2019,A4D664_9INFA,Virus,OrganismalFitness,ESM2_8M,10,0.022269632384196887,0.031474611807120426,-0.009204979422923535,2.947577869947166,2.988683448142612,-0.04110557819544569
PTEN_HUMAN_Matreyek_2021,PTEN_HUMAN,Human,Expression,ESM2_8M,10,0.16917483058374075,0.17882612887117366,-0.009651298287432924,7.149406490904657,6.66412906274293,0.48527742816172753
BLAT_ECOLX_Firnberg_2014,BLAT_ECOLX,Prokaryote,OrganismalFitness,ESM2_8M,10,0.41112703805282436,0.421319091402885,-0.01019205335006056,7.063765378076366,6.843604173126548,0.22016120494981778
EPHB2_HUMAN_Tsuboyama_2023_1F0M,EPHB2_HUMAN,Human,Stability,ESM2_8M,10,-0.005361972901400559,0.004973786472853496,-0.010335759374254055,1.3779146292531408,1.3437247416350453,0.03418988761809547
SBI_STAAM_Tsuboyama_2023_2JVG,SBI_STAAM,Prokaryote,Stability,ESM2_8M,10,0.20919182070175926,0.21971226032019708,-0.010520439618437797,2.2039342721956254,2.1962380808165785,0.007696191379046891
ENV_HV1BR_Haddox_2016,ENV_HV1BR,Virus,OrganismalFitness,ESM2_8M,10,-0.02001306590223454,-0.009163864634943642,-0.010849201267290904,17.873266853242036,17.371680917362244,0.5015859358797943
HXK4_HUMAN_Gersing_2023_abundance,HXK4_HUMAN,Human,Expression,ESM2_8M,10,0.13095936104740108,0.14191747434677998,-0.010958113299378909,6.190910651518609,6.257745748305018,-0.06683509678640745
GDIA_HUMAN_Silverstein_2021,GDIA_HUMAN,Human,OrganismalFitness,ESM2_8M,10,0.16339881043425605,0.1745821507238202,-0.01118334028956414,5.586800655682161,5.371392655962432,0.21540799971972965
VKOR1_HUMAN_Chiasson_2020_activity,VKOR1_HUMAN,Human,Activity,ESM2_8M,10,0.007969289077635028,0.0204550162676247,-0.012485727189989674,3.970296993101948,3.7962891456840424,0.1740078474179055
CASP3_HUMAN_Roychowdhury_2020,CASP3_HUMAN,Human,Activity,ESM2_8M,10,0.24742582326270077,0.2600035583121705,-0.012577735049469695,3.088280151067916,2.9803053387672995,0.10797481230061638
Q837P5_ENTFA_Meier_2023,Q837P5_ENTFA,Prokaryote,Activity,ESM2_8M,10,0.12167509667096317,0.13470226077331227,-0.01302716410234911,2.3590941203868145,2.4041229737280227,-0.04502885334120865
Q53Z42_HUMAN_McShan_2019_binding-TAPBPR,Q53Z42_HUMAN,Human,Binding,ESM2_8M,10,0.1759145839002298,0.18894840319986356,-0.013033819299633802,1.2165126776631858,1.21268729347482,0.003825384188365688
POLG_CXB3N_Mattenberger_2021,POLG_CXB3N,Virus,OrganismalFitness,ESM2_8M,10,-0.07748964485600485,-0.06438845733173673,-0.01310118752426812,2.5545355100688707,2.5351414915219577,0.01939401854691263
MAFG_MOUSE_Tsuboyama_2023_1K1V,MAFG_MOUSE,Eukaryote,Stability,ESM2_8M,10,0.41852693230402205,0.4328175271567378,-0.014290594852715804,2.141862815481773,1.9713914324311266,0.17047138305064638
CCDB_ECOLI_Adkar_2012,CCDB_ECOLI,Prokaryote,Activity,ESM2_8M,10,-0.032397202857908106,-0.017519901063768988,-0.014877301794139125,1.51668805193559,1.569403427877116,-0.05271537594152589
ESTA_BACSU_Nutschel_2020,ESTA_BACSU,Prokaryote,Stability,ESM2_8M,10,0.1569256293135563,0.17201057089494134,-0.01508494158138502,19.40779408310342,19.327782446516412,0.08001163658700712
BLAT_ECOLX_Stiffler_2015,BLAT_ECOLX,Prokaryote,OrganismalFitness,ESM2_8M,10,0.39725124485124486,0.4136956263462386,-0.0164443814949937,1.9360109270039847,1.8707676271912193,0.06524329981276547
YNZC_BACSU_Tsuboyama_2023_2JVD,YNZC_BACSU,Prokaryote,Stability,ESM2_8M,10,0.41082561804392786,0.428482205868986,-0.017656587825058117,2.729785546179105,2.5487195268183993,0.18106601936070588
OTC_HUMAN_Lo_2023,OTC_HUMAN,Human,Activity,ESM2_8M,10,0.15658494797842526,0.17458659292844864,-0.018001644950023366,3.4118676519419155,3.421400836032279,-0.009533184090364522
MTH3_HAEAE_RockahShmuel_2015,MTH3_HAEAE,Prokaryote,OrganismalFitness,ESM2_8M,10,0.18781212292534724,0.2067838737000504,-0.018971750774703193,7.063551246871862,7.162023625375485,-0.09847237850362359
POLG_PESV_Tsuboyama_2023_2MXD,POLG_PESV,Virus,Stability,ESM2_8M,10,0.08429754834779961,0.10332719380567879,-0.019029645457879173,1.37257824485897,1.2998755670266084,0.07270267783236158
A0A140D2T1_ZIKV_Sourisseau_2019,A0A140D2T1_ZIKV,Virus,OrganismalFitness,ESM2_8M,10,-0.08068937835062265,-0.06094785994894962,-0.019741518401673035,2.6350218701657075,2.7121970643712903,-0.07717519420558268
CP2C9_HUMAN_Amorosi_2021_activity,CP2C9_HUMAN,Human,Binding,ESM2_8M,10,0.5664249530055939,0.5864684272158625,-0.02004347421026855,9.632579768509279,9.744477182980678,-0.11189741447139703
TAT_HV1BR_Fernandes_2016,TAT_HV1BR,Virus,OrganismalFitness,ESM2_8M,10,-0.04598570458810845,-0.025759197653126852,-0.020226506934981604,5.240681132351269,5.745304665329674,-0.504623532978405
RL40A_YEAST_Roscoe_2014,RL40A_YEAST,Eukaryote,Activity,ESM2_8M,10,0.22599340762831582,0.24814439434173147,-0.02215098671341562,5.62389678410929,5.586247590732898,0.03764919337639165
POLG_DEN26_Suphatrakul_2023,POLG_DEN26,Virus,OrganismalFitness,ESM2_8M,10,-0.04141699250503797,-0.018963787649687307,-0.022453204855350663,1.860086474828695,1.8305530030084867,0.029533471820208358
HEM3_HUMAN_Loggerenberg_2023,HEM3_HUMAN,Human,Activity,ESM2_8M,10,0.1339884860477132,0.15664857873990135,-0.022660092692188126,5.109250069527789,5.120232213117495,-0.010982143589705996
DYR_ECOLI_Thompson_2019,DYR_ECOLI,Prokaryote,OrganismalFitness,ESM2_8M,10,0.047737716732873275,0.07089591935484604,-0.02315820262197275,2.0935523679385306,2.1078067598928727,-0.01425439195434226
PPARG_HUMAN_Majithia_2016,PPARG_HUMAN,Human,Activity,ESM2_8M,10,0.0160149964606976,0.03973951791845206,-0.02372452145775445,1.0561651620442043,1.0486085573663266,0.007556604677877765
KKA2_KLEPN_Melnikov_2014,KKA2_KLEPN,Prokaryote,OrganismalFitness,ESM2_8M,10,0.20856093930268133,0.2324856822523218,-0.023924742949640483,3.7111632548206344,3.7041311916573223,0.007032063163312863
CAPSD_AAV2S_Sinai_2021,CAPSD_AAV2S,Virus,OrganismalFitness,ESM2_8M,10,0.2065077685691334,0.23078187967031857,-0.024274111101185165,1.0428110065712948,1.0334909898349707,0.0093200167363242
OXDA_RHOTO_Vanella_2023_expression,OXDA_RHOTO,Eukaryote,Expression,ESM2_8M,10,0.21441821766143004,0.23893258289613772,-0.024514365234707687,16.32545964955956,16.593064813750132,-0.26760516419057223
RASK_HUMAN_Weng_2022_binding-DARPin_K55,RASK_HUMAN,Human,Binding,ESM2_8M,10,0.5081651877099627,0.5334097245362015,-0.02524453682623882,10.807942927552308,10.772370613872633,0.035572313679673506
HCP_LAMBD_Tsuboyama_2023_2L6Q,HCP_LAMBD,Virus,Stability,ESM2_8M,10,0.3011637675825319,0.326674685307002,-0.025510917724470134,1.645829061991332,1.591332838421914,0.054496223569417857
MTHR_HUMAN_Weile_2021,MTHR_HUMAN,Human,OrganismalFitness,ESM2_8M,10,0.1677777132035158,0.19370210835599566,-0.02592439515247985,6.100108430702887,6.303042532696393,-0.20293410199350478
Q8WTC7_9CNID_Somermeyer_2022,Q8WTC7_9CNID,Eukaryote,Activity,ESM2_8M,10,-0.027015105791982446,0.00017716952099470218,-0.02719227531297715,2.7004033410094044,2.7077154785451745,-0.007312137535770047
BRCA1_HUMAN_Findlay_2018,BRCA1_HUMAN,Human,OrganismalFitness,ESM2_8M,10,0.15612113445503606,0.1838495583329487,-0.027728423877912623,2.0261863270622302,2.0481472032005343,-0.021960876138303907
AMIE_PSEAE_Wrenbeck_2017,AMIE_PSEAE,Prokaryote,Activity,ESM2_8M,10,0.3250391701555324,0.3532237757588992,-0.028184605603366764,5.9024644564607955,5.883351305847009,0.019113150613785913
DYR_ECOLI_Nguyen_2023,DYR_ECOLI,Prokaryote,OrganismalFitness,ESM2_8M,10,0.13911639492900357,0.16999967958596712,-0.030883284656963533,7.919250854314515,7.9187762418958005,0.0004746124187156475
YAIA_ECOLI_Tsuboyama_2023_2KVT,YAIA_ECOLI,Prokaryote,Stability,ESM2_8M,10,0.030152781727734286,0.06200902813580628,-0.031856246408071984,1.4355987871252807,1.3653622978238507,0.0702364893014299
SHOC2_HUMAN_Kwon_2022,SHOC2_HUMAN,Human,OrganismalFitness,ESM2_8M,10,0.236176907307593,0.26873693518288777,-0.03256002787529476,5.971887617214545,5.936848158652793,0.03503945856175221
RS15_GEOSE_Tsuboyama_2023_1A32,RS15_GEOSE,Prokaryote,Stability,ESM2_8M,10,0.2896950704968179,0.32238075454239384,-0.03268568404557589,2.17549517340034,2.1073836416912948,0.06811153170904569
A0A247D711_LISMN_Stadelmann_2021,A0A247D711_LISMN,Prokaryote,Activity,ESM2_8M,10,0.043137195436757834,0.07662467821346299,-0.03348748277670515,1.5499565745017256,1.5451732193083885,0.00478335519333708
R1AB_SARS2_Flynn_2022,R1AB_SARS2,Virus,OrganismalFitness,ESM2_8M,10,-0.027627453823754606,0.006609605484723294,-0.0342370593084779,3.080455855450888,3.034377894158493,0.046077961292395074
PPM1D_HUMAN_Miller_2022,PPM1D_HUMAN,Human,OrganismalFitness,ESM2_8M,10,0.27555053652158007,0.30990788708996536,-0.03435735056838531,8.526629254196646,8.979565714667904,-0.45293646047125985
SPG1_STRSG_Olson_2014,SPG1_STRSG,Prokaryote,Binding,ESM2_8M,10,0.28716052624378896,0.32218583505615755,-0.03502530881236858,3.0559236927088187,2.971651437154734,0.08427225555408464
OXDA_RHOTO_Vanella_2023_activity,OXDA_RHOTO,Eukaryote,Activity,ESM2_8M,10,0.10445345397383383,0.1403057400921306,-0.03585228611829676,25.62555407492892,26.535685868937815,-0.9101317940088947
A0A1I9GEU1_NEIME_Kennouche_2019,A0A1I9GEU1_NEIME,Prokaryote,Activity,ESM2_8M,10,-0.03862324272229807,-0.0011908099225240326,-0.03743243279977404,1.7839347694575576,1.6645884974223122,0.11934627203524546
HXK4_HUMAN_Gersing_2022_activity,HXK4_HUMAN,Human,OrganismalFitness,ESM2_8M,10,0.1781297836176641,0.21570576944999967,-0.03757598583233555,2.8847034015831396,2.9451183493449093,-0.0604149477617697
SPG2_STRSG_Tsuboyama_2023_5UBS,SPG2_STRSG,Prokaryote,Stability,ESM2_8M,10,0.051475048646645184,0.08972413310261572,-0.03824908445597053,2.020459912645223,1.9761456460911628,0.04431426655406072
TPOR_HUMAN_Bridgford_2020,TPOR_HUMAN,Human,OrganismalFitness,ESM2_8M,10,0.26146866058952695,0.30249051932092097,-0.041021858731394044,5.918722344567724,5.761888493261189,0.15683385130653543
DN7A_SACS2_Tsuboyama_2023_1JIC,DN7A_SACS2,Prokaryote,Stability,ESM2_8M,10,0.057262679433151754,0.09939456092763406,-0.042131881494482305,1.5788909125164097,1.535477537389283,0.04341337512712658
OTU7A_HUMAN_Tsuboyama_2023_2L2D,OTU7A_HUMAN,Human,Stability,ESM2_8M,10,0.20303360517435318,0.2468441084961556,-0.043810503321802405,1.4968452994933377,1.397330299082832,0.09951500041050558
PABP_YEAST_Melamed_2013,PABP_YEAST,Eukaryote,OrganismalFitness,ESM2_8M,10,0.40736037110738216,0.45339880431823054,-0.0460384332108484,12.577728540673522,12.03123567638921,0.5464928642843118
DLG4_RAT_McLaughlin_2012,DLG4_RAT,Eukaryote,Binding,ESM2_8M,10,0.39804618180368967,0.44413310657619254,-0.046086924772502876,9.43426835385184,9.772653635195827,-0.3383852813439875
SOX30_HUMAN_Tsuboyama_2023_7JJK,SOX30_HUMAN,Human,Stability,ESM2_8M,10,0.2798709471711821,0.32729654240608125,-0.047425595234899164,2.870468480052062,2.9752748921310523,-0.10480641207899004
SPIKE_SARS2_Starr_2020_expression,SPIKE_SARS2,Virus,Expression,ESM2_8M,10,-0.0075069047234005825,0.040785537646392776,-0.04829244236979337,1.5157731739984204,1.4895414251773755,0.026231748821044933
VILI_CHICK_Tsuboyama_2023_1YU5,VILI_CHICK,Eukaryote,Stability,ESM2_8M,10,0.10023790336408218,0.14955396978649482,-0.04931606642241264,1.5451539416232891,1.479660492013266,0.0654934496100232
CSN4_MOUSE_Tsuboyama_2023_1UFM,CSN4_MOUSE,Eukaryote,Stability,ESM2_8M,10,0.338061283554012,0.38948104138298917,-0.05141975782897716,1.2419851632388252,1.1856937418543885,0.05629142138443679
TCRG1_MOUSE_Tsuboyama_2023_1E0L,TCRG1_MOUSE,Eukaryote,Stability,ESM2_8M,10,0.5808804915514593,0.6334483358028953,-0.052567844251436055,2.513654990190942,2.7430811412309883,-0.22942615104004624
KCNE1_HUMAN_Muhammad_2023_expression,KCNE1_HUMAN,Human,Expression,ESM2_8M,10,0.15800314613955188,0.21195393882451938,-0.0539507926849675,4.366333517701712,4.159033013674618,0.20730050402709446
RASH_HUMAN_Bandaru_2017,RASH_HUMAN,Human,Activity,ESM2_8M,10,0.46067811995732616,0.5158449223302266,-0.05516680237290041,12.908794491863663,13.44123662862305,-0.5324421367593883
RD23A_HUMAN_Tsuboyama_2023_1IFY,RD23A_HUMAN,Human,Stability,ESM2_8M,10,0.2643897222547756,0.3199859215713868,-0.055596199316611215,1.3538885190685885,1.276289182814037,0.07759933625455148
SPIKE_SARS2_Starr_2020_binding,SPIKE_SARS2,Virus,Binding,ESM2_8M,10,-0.04021178182925553,0.018041286661329398,-0.05825306849058491,1.2836267125209702,1.2874665872468136,-0.0038398747258436617
AACC1_PSEAI_Dandage_2018,AACC1_PSEAI,Prokaryote,OrganismalFitness,ESM2_8M,10,0.17796248399422515,0.23985876984881133,-0.061896285854586175,1.8176255897239286,1.8169509315162773,0.0006746582076511132
A4_HUMAN_Seuma_2022,A4_HUMAN,Human,Stability,ESM2_8M,10,0.41463670455877183,0.48214591406447554,-0.06750920950570369,1.4982343226770527,1.4726780198646332,0.025556302812419607
ILF3_HUMAN_Tsuboyama_2023_2L33,ILF3_HUMAN,Human,Stability,ESM2_8M,10,0.1582370596833402,0.22612148340125793,-0.0678844237179177,2.6273553119487385,2.6325507424735064,-0.005195430524767985
RAD_ANTMA_Tsuboyama_2023_2CJJ,RAD_ANTMA,Eukaryote,Stability,ESM2_8M,10,0.3124037253069511,0.3849422289788794,-0.07253850367192838,2.13881185595046,1.9807043139534017,0.15810754199705818
SR43C_ARATH_Tsuboyama_2023_2N88,SR43C_ARATH,Eukaryote,Stability,ESM2_8M,10,-0.01804540555722826,0.057473672353398994,-0.07551907791062724,1.4652103271400203,1.3346131910159247,0.1305971361240957
CATR_CHLRE_Tsuboyama_2023_2AMI,CATR_CHLRE,Eukaryote,Stability,ESM2_8M,10,0.35723491892693915,0.4387621907554247,-0.08152727182848554,4.7752706305099775,4.863416256614492,-0.08814562610451482
RL20_AQUAE_Tsuboyama_2023_1GYZ,RL20_AQUAE,Prokaryote,Stability,ESM2_8M,10,0.1757167088074168,0.28164055657871956,-0.10592384777130277,1.9863956710548905,1.9898193523922714,-0.0034236813373807796
